{"type":"FeatureCollection","features":[{"type":"Feature","properties":{"cadnum":"1420986000:01:045:0007"},"geometry":{"type":"Polygon","coordinates":[[[38.46507,48.377215],[38.464953,48.376619],[38.464747,48.376413],[38.463992,48.376502],[38.463049,48.37666],[38.463049,48.376660666666666],[38.462909,48.376684],[38.462223,48.376595],[38.460569,48.375896],[38.459384,48.375882],[38.458701,48.376111],[38.459656,48.378202],[38.45965625,48.378202],[38.459703,48.378304],[38.46052829341009,48.3781361437132],[38.463049,48.37762582173625],[38.463049,48.377626],[38.46507,48.377215]]]}},{"type":"Feature","properties":{"cadnum":"1420986000:01:007:0009"},"geometry":{"type":"Polygon","coordinates":[[[38.4192524615369,48.41571869230677],[38.419104,48.415631],[38.419104,48.41563103412969],[38.418982,48.415559],[38.417842,48.418321],[38.41784224137931,48.418321],[38.417769,48.418498],[38.419275,48.418742],[38.419275,48.41874158064516],[38.419817,48.418829],[38.42007597355611,48.41821750730667],[38.420742,48.41665],[38.420455,48.416429],[38.419275,48.41573200518135],[38.419275,48.415732],[38.4192524615369,48.41571869230677]]]}},{"type":"Feature","properties":{"cadnum":"1420986000:01:007:0002"},"geometry":{"type":"Polygon","coordinates":[[[38.41292,48.418321],[38.41292045324054,48.418321],[38.41202,48.420507],[38.41361,48.420795762769586],[38.41361,48.420796],[38.414253,48.420912],[38.41533598203602,48.418292694610564],[38.415393,48.418158],[38.41361,48.417871],[38.41361,48.41787122360248],[38.413138,48.417795],[38.41292,48.418321]]]}},{"type":"Feature","properties":{"cadnum":"1420986000:01:007:0008"},"geometry":{"type":"Polygon","coordinates":[[[38.415982129032265,48.418208],[38.41598,48.418208],[38.417769,48.418498],[38.417889,48.418208],[38.417888640115855,48.418208],[38.418982,48.415559],[38.417903,48.414918],[38.417926,48.414763],[38.417387,48.414628],[38.415914,48.418197],[38.415982129032265,48.418208]]]}},{"type":"Feature","properties":{"cadnum":"1420986000:01:007:0003"},"geometry":{"type":"Polygon","coordinates":[[[38.41537183435583,48.418208],[38.415371,48.418208],[38.41533598203602,48.418292694610564],[38.415324,48.418321],[38.41532427884616,48.418321],[38.414253,48.420912],[38.416391,48.421303],[38.417544,48.418507],[38.41639689632107,48.418321],[38.416401,48.418321],[38.415393,48.418158],[38.41537183435583,48.418208]]]}},{"type":"Feature","properties":{"cadnum":"1420986000:01:400:0012"},"geometry":{"type":"Polygon","coordinates":[[[38.393784,48.413027],[38.393852,48.41298],[38.39378,48.412938],[38.393717,48.412985],[38.393784,48.413027]]]}},{"type":"Feature","properties":{"cadnum":"1420986000:01:400:0013"},"geometry":{"type":"Polygon","coordinates":[[[38.396529,48.414625],[38.396462,48.414547],[38.396344,48.414595],[38.396412,48.414673],[38.396529,48.414625]]]}},{"type":"Feature","properties":{"cadnum":"1420986000:01:031:0007"},"geometry":{"type":"Polygon","coordinates":[[[38.435755,48.37962296538644],[38.439801,48.379975],[38.439868,48.379611],[38.440011,48.378883],[38.435755,48.378512954832885],[38.435755,48.378512],[38.434631,48.378414],[38.434455,48.379509],[38.435583,48.37960791692308],[38.435583,48.379608],[38.435704413639364,48.3796185639653],[38.435755,48.379623],[38.435755,48.37962296538644]]]}},{"type":"Feature","properties":{"cadnum":"1420986000:01:031:0015"},"geometry":{"type":"Polygon","coordinates":[[[38.441248,48.38084387567567],[38.444961,48.381165],[38.445442,48.380094],[38.441076,48.379716],[38.441076,48.37971604347826],[38.439868,48.379611],[38.439801,48.379975],[38.439656,48.380705],[38.441076,48.38082898241206],[38.441076,48.380829],[38.44109731686708,48.380830843620934],[38.441248,48.380844],[38.441248,48.38084387567567]]]}},{"type":"Feature","properties":{"cadnum":"1420986000:01:031:0014"},"geometry":{"type":"Polygon","coordinates":[[[38.439576,48.381126],[38.439431,48.381851],[38.439431023255814,48.381851],[38.439428,48.381866],[38.441076,48.382009973626374],[38.441076,48.38201],[38.44110926566927,48.38201287980297],[38.441248,48.382025],[38.441248,48.38202489000889],[38.444449,48.382302],[38.444651750442475,48.381851],[38.444652,48.381851],[38.444961,48.381165],[38.44109731686708,48.380830843620934],[38.439656,48.380705],[38.439576,48.381126]]]}},{"type":"Feature","properties":{"cadnum":"1420986000:01:031:0005"},"geometry":{"type":"Polygon","coordinates":[[[38.43410029391892,48.381737],[38.4341,48.381737],[38.43408968194084,48.38180312937914],[38.434082,48.381851],[38.43408221276596,48.381851],[38.434078,48.381878],[38.435755,48.382024],[38.435755,48.38202393262316],[38.439338,48.382335],[38.439428,48.381866],[38.439454,48.381737],[38.439453799999995,48.381737],[38.439576,48.381126],[38.435583,48.380781],[38.435583,48.3807810384356],[38.434272,48.380667],[38.43410029391892,48.381737]]]}},{"type":"Feature","properties":{"cadnum":"1420986000:01:045:0005"},"geometry":{"type":"Polygon","coordinates":[[[38.452879,48.374211],[38.452063,48.374355],[38.452063,48.37435504485981],[38.451699,48.374419],[38.451514,48.374554],[38.45151462211981,48.374554],[38.450778,48.375091],[38.451487,48.376022],[38.452063,48.37590479518072],[38.452063,48.375906],[38.456284,48.375049],[38.45577759999862,48.37452451428428],[38.455309,48.374038],[38.452879,48.374211]]]}},{"type":"Feature","properties":{"cadnum":"1420986000:01:046:0002"},"geometry":{"type":"Polygon","coordinates":[[[38.45421,48.37069],[38.453492,48.370905],[38.453492999999995,48.370905],[38.452234,48.3712827],[38.452234,48.371282],[38.44908,48.372227],[38.449529,48.372981],[38.452234,48.372171],[38.452234,48.372170689623786],[38.455359,48.371233],[38.455305,48.371179],[38.454793,48.371054],[38.45439367946097,48.370805134356004],[38.45421,48.37069]]]}},{"type":"Feature","properties":{"cadnum":"1420986000:01:046:0005"},"geometry":{"type":"Polygon","coordinates":[[[38.455988,48.371856],[38.455359,48.371233],[38.452063,48.372222],[38.452063,48.3722222051756],[38.449529,48.372981],[38.449938,48.373671],[38.452063,48.37303331489547],[38.452063,48.373034],[38.455988,48.371856]]]}},{"type":"Feature","properties":{"cadnum":"1420986000:01:046:0003"},"geometry":{"type":"Polygon","coordinates":[[[38.45208715746007,48.37430271546935],[38.452234,48.374277],[38.452234,48.37427667169812],[38.452858,48.374166],[38.455256,48.373996],[38.457053,48.37291],[38.456598,48.372459],[38.452234,48.37376675656009],[38.452234,48.373766],[38.450329,48.374336],[38.45038958715597,48.37444],[38.450389,48.37444],[38.45041880474937,48.374490153034344],[38.450456,48.374554],[38.45045674747475,48.374554],[38.450742,48.375034],[38.451391696969694,48.374554],[38.451392,48.374554],[38.451623,48.374384],[38.452063,48.37430694599018],[38.452063,48.374307],[38.45208715746007,48.37430271546935]]]}},{"type":"Feature","properties":{"cadnum":"1420986000:01:046:0004"},"geometry":{"type":"Polygon","coordinates":[[[38.456598,48.372459],[38.455988,48.371856],[38.452234,48.37298267821656],[38.452234,48.372982],[38.449938,48.373671],[38.450329,48.374336],[38.452063,48.37381716535433],[38.452063,48.373818],[38.456598,48.372459]]]}},{"type":"Feature","properties":{"cadnum":"1420986000:01:050:0002"},"geometry":{"type":"Polygon","coordinates":[[[38.452996,48.369923],[38.452368,48.369655],[38.452382,48.369403],[38.454003,48.369565],[38.454084,48.369398],[38.453724,48.368721],[38.452234,48.369182083684535],[38.452234,48.369182],[38.448047,48.370475],[38.448301,48.370905],[38.44830159686889,48.370905],[38.448537,48.371302],[38.450189,48.370791],[38.45018889544237,48.370791],[38.452063,48.37021184424192],[38.452063,48.370212],[38.452996,48.369923]]]}},{"type":"Feature","properties":{"cadnum":"1420986000:01:025:0011"},"geometry":{"type":"Polygon","coordinates":[[[38.37955,48.379572],[38.378864,48.379691],[38.378351,48.379706],[38.377283,48.379662],[38.37693321699406,48.381737],[38.376933,48.381737],[38.376528,48.384151],[38.378746,48.384363],[38.37916689870525,48.381851],[38.379167,48.381851],[38.37955,48.379572]]]}},{"type":"Feature","properties":{"cadnum":"1420986000:01:036:0041"},"geometry":{"type":"Polygon","coordinates":[[[38.387128,48.368222],[38.386481,48.368249],[38.386489,48.369025],[38.3876,48.370031],[38.387509,48.370905],[38.3875091634757,48.370905],[38.38738,48.372149],[38.387267,48.373244],[38.386316,48.37402378609625],[38.386316,48.374023],[38.3858055480226,48.37444],[38.385805,48.37444],[38.384482,48.375524],[38.381904,48.376383],[38.380823,48.376613348762966],[38.380823,48.376613],[38.379092,48.376982],[38.378166,48.377128],[38.37673,48.377615],[38.37577191311755,48.378088],[38.375771,48.378088],[38.375568804306454,48.37818827323138],[38.375541,48.378202],[38.37554112499999,48.378202],[38.375158,48.378392],[38.375158,48.37839231372549],[38.374973,48.378483],[38.37452,48.378952],[38.37226433252845,48.381737],[38.372264,48.381737],[38.371969,48.382102],[38.371065,48.382477],[38.369844,48.38362],[38.371012,48.384321],[38.372306,48.383894],[38.37218,48.38371],[38.372144,48.383423],[38.372323,48.38251],[38.372432,48.382224],[38.372549,48.382018],[38.37274754545463,48.381813636363546],[38.372845,48.381714],[38.373073,48.381541],[38.373329,48.381291],[38.373541,48.381141],[38.373652,48.38104],[38.374277,48.380548],[38.37474,48.38027],[38.375158,48.38012263728814],[38.375158,48.380123],[38.376302,48.379719],[38.376752,48.379593],[38.378351,48.379662],[38.378854,48.379646],[38.379627,48.379509],[38.380651,48.37935060535117],[38.380651,48.379351],[38.380785857143806,48.379329745341465],[38.380823,48.379324],[38.380823,48.379323891304345],[38.381203,48.379264],[38.383086,48.379255],[38.384262,48.379184],[38.385246,48.379303],[38.384833,48.380858],[38.38461701208459,48.381737],[38.384617,48.381737],[38.38461496755368,48.38174532057046],[38.384589,48.381851],[38.384589153486196,48.381851],[38.384095,48.383874],[38.385654,48.382531],[38.385825,48.382364],[38.386145,48.38205182077393],[38.386145,48.382052],[38.38621136065698,48.381987081966],[38.386316,48.381885],[38.386316,48.38188471739131],[38.386467,48.381737],[38.38646680223464,48.381737],[38.387267,48.380956],[38.388443,48.379668],[38.388785,48.379238],[38.389265,48.378635],[38.38963863071297,48.378202],[38.38964,48.378202],[38.390254,48.377493],[38.391282,48.376484],[38.391445,48.376326],[38.391638,48.376167464285714],[38.391638,48.376168],[38.392791,48.375219],[38.39356356097561,48.374554],[38.393564,48.374554],[38.394355,48.373874],[38.394646,48.373715],[38.395778,48.373576],[38.396057,48.373617],[38.395437,48.372212],[38.395675,48.371582],[38.395823,48.371146],[38.397131,48.371141198237886],[38.397131,48.371142],[38.397185,48.371141],[38.397303,48.371159],[38.397303,48.37115794358974],[38.397575,48.371197],[38.397965,48.371212],[38.398326691211395,48.370905],[38.398327,48.370905],[38.39863,48.370648],[38.397508,48.37015],[38.397232879202946,48.37011059277708],[38.396892,48.37006],[38.396483,48.369974],[38.396367,48.369553],[38.396709,48.368697],[38.396793,48.368503],[38.397303,48.36787],[38.397303,48.367869199203184],[38.397382,48.367771],[38.39784666731884,48.367193602739896],[38.398267,48.366674],[38.398491,48.366223],[38.398684,48.365835],[38.398886,48.365656],[38.398837,48.365492],[38.399709,48.364928],[38.401919,48.363504],[38.402085,48.363397],[38.402624,48.36279659493671],[38.402624,48.362797],[38.40345,48.361875],[38.404645,48.360544],[38.403517,48.360321],[38.402624,48.360993],[38.402624,48.36099322912966],[38.402233,48.361287],[38.401447,48.361911],[38.400975,48.362266],[38.400705,48.362466],[38.399929,48.363045],[38.39932503208556,48.363492],[38.399325,48.363492],[38.39931301882548,48.36350089108035],[38.399171,48.363606],[38.399171379310346,48.363606],[38.39784,48.364594],[38.397131,48.365132],[38.397131,48.36513236055923],[38.395944,48.366032],[38.395814,48.366053],[38.395441,48.366107],[38.395284,48.366477],[38.394808,48.366846],[38.39442788997555,48.367141],[38.394427,48.367141],[38.391809,48.36917722222222],[38.391809,48.369177],[38.391763,48.369213],[38.390789,48.369995],[38.390137,48.369836],[38.390034,48.369926],[38.38982283043922,48.370791],[38.389822,48.370791],[38.389751,48.371086],[38.38865,48.371847],[38.388124,48.37209],[38.387869,48.37171],[38.387979369967354,48.370905],[38.387981,48.370905],[38.38817,48.369538],[38.388197,48.369359],[38.387181,48.368682],[38.387128,48.368222]]]}},{"type":"Feature","properties":{"cadnum":"1420986000:01:025:0013"},"geometry":{"type":"Polygon","coordinates":[[[38.381208,48.379301],[38.381099,48.379319],[38.380823,48.38097108510639],[38.380823,48.380965],[38.38069317155756,48.381737],[38.380693,48.381737],[38.380653517358766,48.38197236419324],[38.380651,48.381987],[38.380651,48.38198737068966],[38.380229,48.384503],[38.380823,48.384561],[38.380823,48.38456068798236],[38.381558,48.384632],[38.38202294093264,48.381851],[38.382023,48.381851],[38.382451,48.379301],[38.381208,48.379301]]]}},{"type":"Feature","properties":{"cadnum":"1420986000:01:025:0012"},"geometry":{"type":"Polygon","coordinates":[[[38.381099,48.379319],[38.380823,48.37936027678571],[38.380823,48.37936],[38.380386,48.379425],[38.37955,48.379572],[38.37918615840281,48.381737],[38.379186,48.381737],[38.378746,48.384363],[38.380229,48.384503],[38.38067387635575,48.381851],[38.380674,48.381851],[38.380676,48.381851],[38.381099,48.379319]]]}},{"type":"Feature","properties":{"cadnum":"1420986000:01:400:0005"},"geometry":{"type":"Polygon","coordinates":[[[38.373757,48.400731],[38.373819,48.400683],[38.373751,48.400642],[38.373684,48.400689],[38.373757,48.400731]]]}},{"type":"Feature","properties":{"cadnum":"1420986000:01:002:0018"},"geometry":{"type":"Polygon","coordinates":[[[38.41564,48.436422],[38.41418,48.436065],[38.414364,48.435618],[38.413781,48.435221],[38.41361,48.435525],[38.41361,48.43552535704698],[38.41310004977375,48.436433],[38.413099,48.436433],[38.412833,48.436911],[38.413782,48.437145],[38.413782,48.437144254842],[38.415572,48.437584],[38.415936,48.436923],[38.415968,48.436694],[38.41578742857209,48.4365448571434],[38.41564,48.436422]]]}},{"type":"Feature","properties":{"cadnum":"1420986000:01:001:0003"},"geometry":{"type":"Polygon","coordinates":[[[38.404609,48.431249],[38.404123,48.432367],[38.40393886168224,48.432788],[38.403938,48.432788],[38.403697,48.433341],[38.403185,48.434479],[38.402624,48.435858],[38.402624,48.435858463917526],[38.402408,48.436389],[38.40239129113924,48.436433],[38.402391,48.436433],[38.401743,48.43813],[38.401051,48.439616],[38.402418,48.43989],[38.402624,48.43993141798941],[38.402624,48.439932],[38.403925,48.440191],[38.40392569306929,48.440191],[38.406393,48.440683],[38.408117,48.441028527426155],[38.408117,48.441029],[38.40897,48.441199],[38.409479,48.440077],[38.40947772166046,48.440077],[38.411131,48.436433],[38.41112978055668,48.436433],[38.412204,48.434068],[38.41361,48.43427560329531],[38.41361,48.434276],[38.41406,48.434342],[38.414867,48.434411],[38.415955,48.434405],[38.415995,48.433394],[38.413782,48.43297830859539],[38.413782,48.432978],[38.413380399999994,48.432902],[38.413382,48.432902],[38.413016742124604,48.43283318028254],[38.412778,48.432788],[38.41277694959679,48.432788],[38.408117,48.43191],[38.408117,48.43191056304347],[38.404609,48.431249]],[[38.404213,48.434074],[38.404119,48.434088],[38.404097,48.43403],[38.404187,48.434015],[38.404213,48.434074]],[[38.40628,48.439527],[38.406257,48.439464],[38.406347,48.43945],[38.40637,48.43951],[38.40628,48.439527]],[[38.405198,48.436798],[38.405171,48.436738],[38.405265,48.43672],[38.405288,48.436783],[38.405198,48.436798]]]}},{"type":"Feature","properties":{"cadnum":"1420986000:01:501:0001"},"geometry":{"type":"Polygon","coordinates":[[[38.412936,48.352479],[38.41293172881356,48.352542],[38.412931,48.352542],[38.4129,48.353032],[38.412945,48.353163],[38.412941,48.35351],[38.412622,48.354029],[38.41206,48.355485],[38.411923939098656,48.356192],[38.411923,48.356192],[38.411607,48.357846],[38.41361,48.35805320689656],[38.41361,48.358054],[38.419275,48.358639],[38.419275,48.35863863309353],[38.419521,48.358664],[38.420586,48.357016],[38.42023,48.356885],[38.420842,48.356596],[38.42116396969852,48.35628993939247],[38.421371,48.356094],[38.422184,48.355762],[38.423146,48.355151],[38.423689,48.354545],[38.421798,48.353479],[38.420622,48.353047],[38.42027,48.352919],[38.419601,48.352617],[38.419104,48.352435],[38.419104,48.35243539218329],[38.414823,48.350868],[38.414522,48.350906],[38.41432,48.35105],[38.413991,48.351379],[38.413782,48.35155130059524],[38.413782,48.351551],[38.413655,48.351656],[38.41361,48.351691],[38.41361,48.35169140644172],[38.413003,48.352169],[38.412936,48.352479]]]}},{"type":"Feature","properties":{"cadnum":"1420986000:02:000:0043"},"geometry":{"type":"Polygon","coordinates":[[[38.41207,48.35921],[38.411724,48.359175],[38.411607851472475,48.359842],[38.411607,48.359842],[38.411517,48.360368],[38.411471,48.36064],[38.411804,48.360675],[38.411858,48.360386],[38.411956,48.359842],[38.411954782841825,48.359842],[38.41207,48.35921]]]}},{"type":"Feature","properties":{"cadnum":"1420986000:02:000:0071"},"geometry":{"type":"Polygon","coordinates":[[[38.411607,48.36189],[38.411926,48.360788],[38.411665,48.36075],[38.411341,48.361848],[38.411607,48.36189]]]}},{"type":"Feature","properties":{"cadnum":"1420986000:02:000:0072"},"geometry":{"type":"Polygon","coordinates":[[[38.412829,48.362084],[38.413215,48.360938],[38.413008,48.360917],[38.412626,48.362048],[38.412829,48.362084]]]}},{"type":"Feature","properties":{"cadnum":"1420986000:01:038:0005"},"geometry":{"type":"Polygon","coordinates":[[[38.40516855632183,48.363492],[38.405168,48.363492],[38.404766,48.36394],[38.40615,48.364152],[38.40702,48.363493],[38.40742,48.363606],[38.40742023152709,48.363606],[38.407739,48.363696],[38.408117,48.36372074181818],[38.408117,48.363721],[38.40897,48.363776],[38.409295,48.363492],[38.409293374829,48.363492],[38.409999,48.362875],[38.408117,48.362588],[38.408117,48.362588641776476],[38.40624,48.362301],[38.40516855632183,48.363492]]]}},{"type":"Feature","properties":{"cadnum":"1420986000:02:000:0094"},"geometry":{"type":"Polygon","coordinates":[[[38.41370385039336,48.362081614173285],[38.413782,48.36207],[38.413782,48.3620696350365],[38.413884,48.362054],[38.414032,48.36127],[38.414005,48.361055],[38.413928,48.361045],[38.413934,48.361009],[38.413704105263534,48.3609898421053],[38.413597,48.36098],[38.413592,48.361027],[38.413584,48.36109],[38.413542,48.361221],[38.413569,48.361224],[38.413385,48.362129],[38.41361,48.36209556171285],[38.41361,48.362096],[38.41370385039336,48.362081614173285]]]}},{"type":"Feature","properties":{"cadnum":"1420986000:01:041:0009"},"geometry":{"type":"Polygon","coordinates":[[[38.411754,48.355235],[38.40955,48.355148],[38.409344445595856,48.356192],[38.409344,48.356192],[38.408604,48.359956],[38.408604701388896,48.359956],[38.408458,48.360706],[38.409173,48.360762],[38.410645,48.360896],[38.41082782732448,48.359956],[38.410829,48.359956],[38.411567,48.356192],[38.41156635294117,48.356192],[38.411754,48.355235]]]}},{"type":"Feature","properties":{"cadnum":"1420986000:01:036:0003"},"geometry":{"type":"Polygon","coordinates":[[[38.39565674040815,48.385385],[38.395656,48.385385],[38.396578,48.385643],[38.397131,48.38548587172414],[38.397131,48.385486],[38.397166520129886,48.38547577910793],[38.397303,48.385437],[38.397303,48.385436507122506],[38.397482,48.385385],[38.39748198039215,48.385385],[38.397489,48.385383],[38.398001,48.38513],[38.397303,48.38493504137931],[38.397303,48.384935],[38.392625,48.383629],[38.392028,48.383907],[38.391809,48.38413663714285],[38.391809,48.384136],[38.391678,48.384274],[38.391809,48.384311],[38.391809,48.3843105796672],[38.39565674040815,48.385385]]]}},{"type":"Feature","properties":{"cadnum":"1420986000:01:029:0002"},"geometry":{"type":"Polygon","coordinates":[[[38.394808,48.387477],[38.394665,48.387909],[38.394512,48.388276],[38.397131,48.388465551415266],[38.397131,48.388466],[38.399519,48.388638],[38.399938,48.387617],[38.397166,48.38765],[38.394808,48.387477]]]}},{"type":"Feature","properties":{"cadnum":"1420986000:01:016:0009"},"geometry":{"type":"Polygon","coordinates":[[[38.422045,48.40481],[38.422157,48.40462],[38.421241,48.404467],[38.41997164403292,48.407269],[38.419971,48.407269],[38.419275,48.40880790657439],[38.419275,48.408807],[38.418847,48.409751],[38.419275,48.409821],[38.419275,48.409820795053],[38.420236,48.409977],[38.420419,48.409569],[38.421204,48.407269],[38.42120398950642,48.407269],[38.422045,48.40481]]]}},{"type":"Feature","properties":{"cadnum":"1420986000:01:010:0002"},"geometry":{"type":"Polygon","coordinates":[[[38.422989,48.410278],[38.420527,48.409697],[38.419951,48.411029],[38.4199523549753,48.411029],[38.419391,48.412333],[38.420603,48.41272],[38.421632,48.413418],[38.422713,48.410916],[38.42271205193076,48.410916],[38.422989,48.410278]]]}},{"type":"Feature","properties":{"cadnum":"1420986000:01:011:0005"},"geometry":{"type":"Polygon","coordinates":[[[38.427475,48.40578],[38.426258,48.405481],[38.425654479495265,48.407269],[38.425654,48.407269],[38.424768,48.409895985808895],[38.424768,48.409894],[38.424542,48.410565],[38.424768,48.41062],[38.424768,48.410619316423045],[38.42576,48.410859],[38.4269325448468,48.407383],[38.426933,48.407383],[38.427475,48.40578]]]}},{"type":"Feature","properties":{"cadnum":"1420986000:01:016:0011"},"geometry":{"type":"Polygon","coordinates":[[[38.422045,48.40481],[38.422157,48.40462],[38.421241,48.404467],[38.41997164403292,48.407269],[38.419971,48.407269],[38.419275,48.40880790657439],[38.419275,48.408807],[38.418847,48.409751],[38.419275,48.409821],[38.419275,48.409820795053],[38.420236,48.409977],[38.420419,48.409569],[38.421204,48.407269],[38.42120398950642,48.407269],[38.422045,48.40481]]]}},{"type":"Feature","properties":{"cadnum":"1420986000:01:011:0001"},"geometry":{"type":"Polygon","coordinates":[[[38.423266,48.404819],[38.422287,48.40464],[38.421361,48.407383],[38.42136154684838,48.407383],[38.420608,48.409617],[38.421569,48.409846],[38.422439,48.407269],[38.42243850390016,48.407269],[38.423266,48.404819]]]}},{"type":"Feature","properties":{"cadnum":"1420986000:01:011:0003"},"geometry":{"type":"Polygon","coordinates":[[[38.425274,48.405243],[38.424597,48.405075],[38.424597,48.40507550295858],[38.42443,48.405034],[38.424282,48.405007],[38.423478,48.407383],[38.42347854168144,48.407383],[38.422566,48.410088],[38.423563,48.410329],[38.424552701960785,48.407383],[38.424554,48.407383],[38.424597,48.407255004672905],[38.424597,48.407257],[38.425274,48.405243]]]}},{"type":"Feature","properties":{"cadnum":"1420986000:01:011:0002"},"geometry":{"type":"Polygon","coordinates":[[[38.424282,48.405007],[38.423266,48.404819],[38.4224,48.407383],[38.42240051338766,48.407383],[38.421569,48.409846],[38.422566,48.410088],[38.423517,48.407269],[38.42351657575758,48.407269],[38.424282,48.405007]]]}},{"type":"Feature","properties":{"cadnum":"1420986000:01:036:0021"},"geometry":{"type":"Polygon","coordinates":[[[38.401666579545456,48.374554],[38.4016,48.374616],[38.402624,48.374901966555186],[38.402624,48.374902],[38.40269295480186,48.37492122316373],[38.402796,48.37495],[38.402796,48.37494995002048],[38.407506,48.376263],[38.407708,48.375515],[38.40426270325583,48.374554],[38.404263,48.374554],[38.40277261398999,48.37413843782393],[38.402265,48.373996],[38.401665,48.374554],[38.401666579545456,48.374554]]]}},{"type":"Feature","properties":{"cadnum":"1420986000:03:000:0022"},"geometry":{"type":"Polygon","coordinates":[[[38.407313,48.37205],[38.408031,48.371907],[38.407529,48.371493],[38.406993,48.371776],[38.407313,48.37205]]]}},{"type":"Feature","properties":{"cadnum":"1420986000:01:036:0033"},"geometry":{"type":"Polygon","coordinates":[[[38.40268913802332,48.37359502582353],[38.402796,48.373494],[38.402796,48.37349335428571],[38.402974,48.373324],[38.403055,48.37325],[38.40274804905987,48.373259258381026],[38.402072,48.373277],[38.399843,48.373503],[38.39872623757456,48.37444],[38.398726,48.37444],[38.398644,48.374509],[38.398802,48.374554],[38.39880489879154,48.374554],[38.401011,48.375171],[38.4016,48.374616],[38.401789,48.37444],[38.40178758064516,48.37444],[38.402265,48.373996],[38.402624,48.37365660640301],[38.402624,48.373657],[38.40268913802332,48.37359502582353]]]}},{"type":"Feature","properties":{"cadnum":"1420986000:01:036:0022"},"geometry":{"type":"Polygon","coordinates":[[[38.402796,48.37414495851129],[38.40385414660831,48.37444],[38.403854,48.37444],[38.407708,48.375515],[38.407928,48.374706],[38.407149565502415,48.37448940630088],[38.402974,48.373324],[38.40268913802332,48.37359502582353],[38.402265,48.373996],[38.402624,48.374096736346516],[38.402624,48.374097],[38.40277261398993,48.374138437823916],[38.402796,48.374145],[38.402796,48.37414495851129]]]}},{"type":"Feature","properties":{"cadnum":"1420986000:01:001:0004"},"geometry":{"type":"Polygon","coordinates":[[[38.396434,48.424394],[38.395937,48.425612],[38.39593805662936,48.425612],[38.394785,48.428448],[38.39448597777778,48.429144],[38.394485,48.429144],[38.393281,48.431943],[38.396003,48.432641],[38.396322,48.432721],[38.39691512738705,48.432865684713015],[38.397131,48.43291873295455],[38.397131,48.432919],[38.402624,48.43426388808473],[38.402624,48.434264],[38.40264331941226,48.434268618186195],[38.402796,48.434306],[38.402796,48.434305115537846],[38.402875,48.434324],[38.4034693515625,48.432902],[38.40347,48.432902],[38.40499528259713,48.429258],[38.404997,48.429258],[38.40632,48.426098],[38.403786146911514,48.425612],[38.40379,48.425612],[38.40269023019917,48.4254016666676],[38.401636,48.425199],[38.397303,48.42452957314096],[38.397303,48.424529],[38.396434,48.424394]],[[38.401968,48.428674],[38.401946,48.428614],[38.402035,48.428596],[38.402062,48.428659],[38.401968,48.428674]],[[38.400836,48.425819],[38.400814,48.425759],[38.400903,48.425741],[38.400926,48.425804],[38.400836,48.425819]],[[38.403087,48.431484],[38.403064,48.431424],[38.403154,48.43141],[38.403177,48.43147],[38.403087,48.431484]]]}},{"type":"Feature","properties":{"cadnum":"1420986000:01:038:0007"},"geometry":{"type":"Polygon","coordinates":[[[38.40345,48.361875],[38.402796,48.36260500968523],[38.402796,48.362605],[38.402085,48.363397],[38.40193761682243,48.363492],[38.401937,48.363492],[38.401919,48.363504],[38.402581,48.363606],[38.40258162222223,48.363606],[38.402624,48.36361252337514],[38.402624,48.363613],[38.404766,48.36394],[38.405065705357146,48.363606],[38.405066,48.363606],[38.40624,48.362301],[38.40345,48.361875]]]}},{"type":"Feature","properties":{"cadnum":"1420986000:01:041:0006"},"geometry":{"type":"Polygon","coordinates":[[[38.406882,48.355047],[38.405722,48.355001],[38.40548836321839,48.356192],[38.405487,48.356192],[38.404748,48.359956],[38.40474877678571,48.359956],[38.40464,48.360514],[38.404649,48.360517],[38.405808,48.360511],[38.405916677130044,48.359956],[38.405917,48.359956],[38.406657,48.356192],[38.40665645591739,48.356192],[38.406882,48.355047]]]}},{"type":"Feature","properties":{"cadnum":"1420986000:01:037:0012"},"geometry":{"type":"Polygon","coordinates":[[[38.396951,48.359956],[38.396952317307694,48.359956],[38.396829,48.360051],[38.397131,48.360136375527425],[38.397131,48.360137],[38.401963,48.361499],[38.402233,48.361287],[38.402796,48.360864],[38.402796,48.36086356662934],[38.403517,48.360321],[38.402796,48.360267712206046],[38.402796,48.360267],[38.39861116627077,48.359956],[38.398618,48.359956],[38.39724098520661,48.35985413609463],[38.397099,48.359843],[38.396951,48.359956]]]}},{"type":"Feature","properties":{"cadnum":"1420986000:03:000:0038"},"geometry":{"type":"Polygon","coordinates":[[[38.351307,48.404545],[38.351748,48.404169],[38.351752,48.404035],[38.351419,48.403853],[38.350926,48.404258],[38.351307,48.404545]]]}},{"type":"Feature","properties":{"cadnum":"1420986000:03:000:0039"},"geometry":{"type":"Polygon","coordinates":[[[38.350513,48.403355],[38.35045343307087,48.403622],[38.350452,48.403622],[38.3504,48.403865],[38.350926,48.404258],[38.351419,48.403853],[38.35120576623377,48.403736],[38.351206,48.403736],[38.350513,48.403355]]]}},{"type":"Feature","properties":{"cadnum":"1420986000:02:000:0011"},"geometry":{"type":"Polygon","coordinates":[[[38.415918,48.363168],[38.416332,48.362767],[38.415905,48.362591],[38.415496,48.362997],[38.415918,48.363168]]]}},{"type":"Feature","properties":{"cadnum":"1420986000:02:000:0010"},"geometry":{"type":"Polygon","coordinates":[[[38.416467,48.363391],[38.416853,48.362979],[38.416471,48.362824],[38.416332,48.362767],[38.415918,48.363168],[38.416085,48.363236],[38.416467,48.363391]]]}},{"type":"Feature","properties":{"cadnum":"1420986000:02:000:0030"},"geometry":{"type":"Polygon","coordinates":[[[38.416877,48.359956],[38.41687781818182,48.359956],[38.416615,48.360887],[38.416525,48.361173],[38.416867,48.361215],[38.416943,48.360935],[38.417217979871914,48.359956],[38.417218,48.359956],[38.417276,48.359753],[38.416947,48.359711],[38.416877,48.359956]]]}},{"type":"Feature","properties":{"cadnum":"1420986000:02:000:0059"},"geometry":{"type":"Polygon","coordinates":[[[38.413888,48.363606],[38.41388806015038,48.363606],[38.413884,48.363626],[38.41485,48.363791],[38.414999,48.363659],[38.413911,48.363493],[38.413888,48.363606]]]}},{"type":"Feature","properties":{"cadnum":"1420986000:02:000:0032"},"geometry":{"type":"Polygon","coordinates":[[[38.418519,48.36138],[38.418551,48.361263],[38.418228,48.361228],[38.418268,48.361069],[38.418295,48.360953],[38.418402,48.360505],[38.418129,48.360443],[38.418016,48.360967],[38.418003,48.361042],[38.418169,48.361057],[38.418133,48.361204],[38.418155,48.361206],[38.418125,48.361338],[38.418519,48.36138]]]}},{"type":"Feature","properties":{"cadnum":"1420986000:02:000:0056"},"geometry":{"type":"Polygon","coordinates":[[[38.414909,48.361756],[38.415079,48.361135],[38.414607,48.361093],[38.414427,48.361714],[38.414909,48.361756]]]}},{"type":"Feature","properties":{"cadnum":"1420986000:02:000:0085"},"geometry":{"type":"Polygon","coordinates":[[[38.41697,48.361875],[38.417037,48.361663],[38.415951,48.361538],[38.415878,48.361708],[38.41697,48.361875]]]}},{"type":"Feature","properties":{"cadnum":"1420986000:02:000:0075"},"geometry":{"type":"Polygon","coordinates":[[[38.416771,48.362236],[38.416961,48.361843],[38.415874,48.361711],[38.415806,48.36183],[38.415676,48.362069],[38.416771,48.362236]]]}},{"type":"Feature","properties":{"cadnum":"1420986000:02:000:0084"},"geometry":{"type":"Polygon","coordinates":[[[38.418186,48.361672],[38.41829,48.361487],[38.418119,48.361442],[38.417877,48.361412],[38.417872,48.361425],[38.417819,48.361418],[38.416071,48.361248],[38.416049,48.361374],[38.417742,48.361589],[38.418186,48.361672]]]}},{"type":"Feature","properties":{"cadnum":"1420986000:02:000:0020"},"geometry":{"type":"Polygon","coordinates":[[[38.419476,48.362108],[38.419979,48.362099],[38.420083,48.361818],[38.419574,48.361866],[38.41931,48.361932],[38.419275,48.36197005825243],[38.419275,48.36197],[38.418829,48.362454],[38.419085,48.362505],[38.419104,48.36248570000001],[38.419104,48.362486],[38.419476,48.362108]]]}},{"type":"Feature","properties":{"cadnum":"1420986000:02:000:0076"},"geometry":{"type":"Polygon","coordinates":[[[38.417333,48.362361],[38.417805,48.362018],[38.416961,48.361843],[38.416771,48.362236],[38.417136,48.362296],[38.417333,48.362361]]]}},{"type":"Feature","properties":{"cadnum":"1420986000:01:033:0009"},"geometry":{"type":"Polygon","coordinates":[[[38.433773,48.375389],[38.433018,48.375323],[38.43253107572073,48.378088],[38.432529,48.378088],[38.43188705527504,48.381737],[38.431887,48.381737],[38.43188380427559,48.381755479623756],[38.431867,48.381851],[38.43186728571429,48.381851],[38.431841,48.382003],[38.432596,48.382069],[38.43264396992473,48.381794413534266],[38.433297,48.378088],[38.43329614148596,48.378088],[38.433773,48.375389]]]}},{"type":"Feature","properties":{"cadnum":"1420986000:01:033:0008"},"geometry":{"type":"Polygon","coordinates":[[[38.434522,48.375455],[38.433773,48.375389],[38.433276,48.378202],[38.43327691442998,48.378202],[38.43265408557002,48.381737],[38.432654,48.381737],[38.43264396992473,48.381794413534266],[38.432634,48.381851],[38.43263408433735,48.381851],[38.432596,48.382069],[38.433243,48.382125],[38.43335,48.382107],[38.433415,48.381737],[38.433414115865,48.381737],[38.434037884135,48.378202],[38.434038,48.378202],[38.434522,48.375455]]]}},{"type":"Feature","properties":{"cadnum":"1420986000:01:033:0005"},"geometry":{"type":"Polygon","coordinates":[[[38.433018,48.375323],[38.432268,48.375261],[38.431769117647065,48.378088],[38.431769,48.378088],[38.43112705527504,48.381737],[38.431127,48.381737],[38.43111652517999,48.38179685611435],[38.431107,48.381851],[38.43110705,48.381851],[38.431092,48.381937],[38.431841,48.382003],[38.43188380427559,48.381755479623756],[38.43250894472496,48.378202],[38.432511,48.378202],[38.433018,48.375323]]]}},{"type":"Feature","properties":{"cadnum":"1420986000:01:033:0007"},"geometry":{"type":"Polygon","coordinates":[[[38.432268,48.375261],[38.431518,48.375195],[38.43100616893914,48.378088],[38.431006,48.378088],[38.430339,48.381851],[38.43034057777778,48.381851],[38.430337,48.381872],[38.431092,48.381937],[38.43111652517999,48.38179685611435],[38.43174894472496,48.378202],[38.431749,48.378202],[38.432268,48.375261]]]}},{"type":"Feature","properties":{"cadnum":"1420986000:01:033:0010"},"geometry":{"type":"Polygon","coordinates":[[[38.431123,48.375162],[38.430677,48.375547],[38.430228137853106,48.378088],[38.430228,48.378088],[38.42958579171152,48.381737],[38.429584,48.381737],[38.429574,48.381804],[38.43009,48.3818505],[38.43009,48.381851],[38.43018811547278,48.38185934180133],[38.430262,48.381866],[38.430262,48.38186562348178],[38.430337,48.381872],[38.43036,48.381737],[38.43035920674993,48.381737],[38.43098579325006,48.378202],[38.430986,48.378202],[38.431518,48.375195],[38.431123,48.375162]]]}},{"type":"Feature","properties":{"cadnum":"1420986000:01:033:0011"},"geometry":{"type":"Polygon","coordinates":[[[38.43009,48.376049],[38.43009,48.37604902074689],[38.42978,48.376314],[38.429649,48.376374],[38.42934614332604,48.378088],[38.429346,48.378088],[38.428706,48.381729],[38.42879858666667,48.381737],[38.428798,48.381737],[38.429574,48.381804],[38.43009,48.37887211009174],[38.43009,48.378878],[38.430210390624964,48.378188807291856],[38.430262,48.377904],[38.430262,48.37789630703626],[38.430677,48.375547],[38.43009,48.376049]]]}},{"type":"Feature","properties":{"cadnum":"1420986000:01:022:0002"},"geometry":{"type":"Polygon","coordinates":[[[38.369837,48.39170692118692],[38.374956,48.392151],[38.375158,48.39205378074866],[38.375158,48.392054],[38.37520748275958,48.39202996551678],[38.37533,48.391971],[38.37533,48.39197045714286],[38.375333,48.391969],[38.375948,48.391626],[38.376415,48.391429],[38.376294,48.39142],[38.37521598463357,48.3913270021955],[38.374201,48.391238],[38.372063,48.391053],[38.369709,48.390847],[38.367369,48.390645],[38.365765,48.390507],[38.365761,48.390513],[38.365771,48.390668],[38.365882,48.390821],[38.366031,48.390937],[38.366008,48.391211],[38.365842,48.39136],[38.369837,48.391707],[38.369837,48.39170692118692]]]}},{"type":"Feature","properties":{"cadnum":"1420986000:01:024:0001"},"geometry":{"type":"Polygon","coordinates":[[[38.375683,48.387826],[38.375158,48.388294],[38.375158,48.38829510894597],[38.374329065671645,48.389033],[38.374328,48.389033],[38.372063,48.391053],[38.374201,48.391238],[38.37533,48.390231],[38.37533,48.390230416391276],[38.37654333012583,48.389147],[38.376544,48.389147],[38.377794,48.388032],[38.375683,48.387826]]]}},{"type":"Feature","properties":{"cadnum":"1420986000:01:107:0006"},"geometry":{"type":"Polygon","coordinates":[[[38.380708,48.391286],[38.380273,48.391043],[38.379006,48.391124],[38.378244,48.39116],[38.377359,48.391346],[38.377136,48.391466],[38.376652,48.392301],[38.376741,48.392795],[38.376741696428574,48.392795],[38.376782,48.393017],[38.377212,48.393519],[38.377582,48.393541],[38.377507,48.393495],[38.377536,48.393478],[38.378824,48.393031],[38.379288,48.392757],[38.379418,48.392681],[38.37941741714286,48.392681],[38.38048,48.392057],[38.380776,48.391762],[38.380708,48.391286]]]}},{"type":"Feature","properties":{"cadnum":"1420986000:01:024:0003"},"geometry":{"type":"Polygon","coordinates":[[[38.37897192079208,48.389033],[38.378971,48.389033],[38.376294,48.39142],[38.376415,48.391429],[38.37664,48.39134],[38.380823,48.389913],[38.380823,48.38991231588133],[38.381797,48.38958],[38.3826,48.389177],[38.38270499999894,48.389062454546604],[38.38277,48.388992],[38.382919,48.388536],[38.380651,48.388315],[38.380651,48.38831514077164],[38.379864,48.388238],[38.37897192079208,48.389033]]]}},{"type":"Feature","properties":{"cadnum":"1420986000:01:102:0002"},"geometry":{"type":"Polygon","coordinates":[[[38.381742,48.392109],[38.381765,48.391933],[38.381845,48.391831],[38.381145,48.391396],[38.380823,48.39171625474254],[38.380823,48.391716],[38.380776,48.391763],[38.380651,48.391887],[38.380651,48.3918875777027],[38.38048,48.392058],[38.37941938483548,48.392681],[38.379419,48.392681],[38.37929,48.392757],[38.379351,48.392795],[38.37935100514138,48.392795],[38.380539,48.393535],[38.380651,48.39341885185185],[38.380651,48.393419],[38.380755,48.393311],[38.380823,48.393233],[38.380823,48.39323253846154],[38.381202200000004,48.392795],[38.381203,48.392795],[38.381684,48.39224],[38.381742,48.392109]]]}},{"type":"Feature","properties":{"cadnum":"1420986000:01:400:0014"},"geometry":{"type":"Polygon","coordinates":[[[38.398676,48.420373],[38.398766,48.420355],[38.398743,48.420296],[38.398649,48.42031],[38.398676,48.420373]]]}},{"type":"Feature","properties":{"cadnum":"1420986000:01:006:0003"},"geometry":{"type":"Polygon","coordinates":[[[38.404087,48.415564],[38.403181,48.4154],[38.402624,48.416799],[38.402624,48.416799768637524],[38.40206301484895,48.418208],[38.402062,48.418208],[38.401865,48.418706],[38.402624,48.41883399462943],[38.402624,48.418834],[38.403513,48.418984],[38.403822,48.418208],[38.4038209759817,48.418208],[38.40482,48.415698],[38.404087,48.415564]]]}},{"type":"Feature","properties":{"cadnum":"1420986000:01:004:0005"},"geometry":{"type":"Polygon","coordinates":[[[38.398154,48.420358],[38.397759,48.421321],[38.40075914351683,48.42186987927269],[38.402624,48.422211492249886],[38.402624,48.422212],[38.402857,48.422254],[38.403021,48.421853],[38.40302094117647,48.421853],[38.403072,48.421729],[38.403257,48.421288],[38.402796,48.421204248025276],[38.402796,48.421204],[38.398154,48.420358]]]}},{"type":"Feature","properties":{"cadnum":"1420986000:01:006:0001"},"geometry":{"type":"Polygon","coordinates":[[[38.401905,48.415168],[38.401887,48.415162],[38.400458,48.414903],[38.400409,48.415033],[38.400135,48.415767],[38.400292,48.41659],[38.399173,48.41825],[38.400584,48.418489],[38.400696,48.418208],[38.40069497779892,48.418208],[38.401905,48.415168]]]}},{"type":"Feature","properties":{"cadnum":"1420986000:01:006:0002"},"geometry":{"type":"Polygon","coordinates":[[[38.403181,48.4154],[38.40276069722038,48.41532454169127],[38.401905,48.415168],[38.40065,48.418321],[38.400650960854094,48.418321],[38.400584,48.418489],[38.401865,48.418706],[38.402017299196785,48.418321],[38.402018,48.418321],[38.402796,48.416368],[38.402796,48.416366992818666],[38.403181,48.4154]]]}},{"type":"Feature","properties":{"cadnum":"1420986000:01:004:0007"},"geometry":{"type":"Polygon","coordinates":[[[38.402796,48.419161],[38.398927,48.418477],[38.39855,48.419395],[38.402624,48.4201376462553],[38.402624,48.420138],[38.403653,48.420325],[38.404039,48.41938],[38.402796,48.41916126713781],[38.402796,48.419161]]]}},{"type":"Feature","properties":{"cadnum":"1420986000:01:031:0018"},"geometry":{"type":"Polygon","coordinates":[[[38.441248,48.377694882408996],[38.446323,48.378134],[38.44673,48.37723],[38.446569,48.377216],[38.446569,48.37721601857092],[38.441076,48.376739],[38.441076,48.37673904347826],[38.440443,48.376684],[38.440411,48.376848],[38.440264,48.377609],[38.441076,48.37767996747968],[38.441076,48.37768],[38.44111326231187,48.377683224145144],[38.441248,48.377695],[38.441248,48.377694882408996]]]}},{"type":"Feature","properties":{"cadnum":"1420986000:01:031:0019"},"geometry":{"type":"Polygon","coordinates":[[[38.441248,48.37675393668199],[38.44673,48.37723],[38.446741,48.377207],[38.446741,48.37720555972696],[38.447023,48.376579],[38.446569,48.376425],[38.446569,48.376425189695546],[38.445887,48.376192],[38.441248,48.37588054770318],[38.441248,48.37588],[38.440608,48.375836],[38.440443,48.376684],[38.441248,48.376754],[38.441248,48.37675393668199]]]}},{"type":"Feature","properties":{"cadnum":"1420986000:01:050:0013"},"geometry":{"type":"Polygon","coordinates":[[[38.45755,48.376132],[38.457223,48.376024],[38.456284,48.375049],[38.452234,48.375871281449896],[38.452234,48.37587],[38.451487,48.376022],[38.452234,48.377004],[38.452234,48.3770032330097],[38.452372,48.377185],[38.45755,48.376132]]]}},{"type":"Feature","properties":{"cadnum":"1420986000:01:001:0001"},"geometry":{"type":"Polygon","coordinates":[[[38.406056362741886,48.429144],[38.406056,48.429144],[38.405341,48.430906],[38.405261,48.431061],[38.405978,48.431186],[38.407205,48.431401],[38.408289,48.431592],[38.408289,48.43159120487805],[38.409347,48.431777],[38.411077,48.432095],[38.413494,48.432521],[38.41361,48.432543555555554],[38.41361,48.432544],[38.41369313286682,48.43255972027966],[38.413782,48.432577],[38.413782,48.432576524899055],[38.415096,48.432825],[38.416265,48.433043],[38.417526,48.43329],[38.417819,48.433347],[38.417917,48.433242],[38.418036,48.432788],[38.418035312977096,48.432788],[38.418214,48.432116],[38.418379,48.431088],[38.41807,48.431022],[38.418056,48.430242],[38.413782,48.429341249212776],[38.413782,48.429341],[38.412955,48.429166],[38.413161,48.427541],[38.41233,48.427061],[38.408117,48.426355],[38.408117,48.42635502983638],[38.40725,48.426209],[38.406056362741886,48.429144]]]}},{"type":"Feature","properties":{"cadnum":"1420986000:01:006:0013"},"geometry":{"type":"Polygon","coordinates":[[[38.403041,48.412264],[38.402754,48.412204],[38.401559,48.412109],[38.400547,48.414676],[38.40054720234604,48.414676],[38.400458,48.414903],[38.401887,48.415162],[38.40207978,48.414676],[38.40208,48.414676],[38.402796,48.41288],[38.402796,48.41287914388489],[38.403041,48.412264]]]}},{"type":"Feature","properties":{"cadnum":"1420986000:01:052:0003"},"geometry":{"type":"Polygon","coordinates":[[[38.402085,48.409879],[38.399789,48.409783],[38.399277,48.411029],[38.39927764458078,48.411029],[38.398321,48.413361],[38.400643,48.413385],[38.401659,48.410916],[38.4016584773913,48.410916],[38.402085,48.409879]],[[38.399596,48.411164],[38.399623,48.411131],[38.399668,48.411149],[38.399646,48.411179],[38.399596,48.411164]]]}},{"type":"Feature","properties":{"cadnum":"1420986000:01:006:0012"},"geometry":{"type":"Polygon","coordinates":[[[38.408373,48.416345],[38.40817288988932,48.41684918367729],[38.407586,48.418321],[38.4075870782042,48.418321],[38.407083,48.419589],[38.408289,48.419791],[38.408289,48.41979066666667],[38.408615,48.419845],[38.409297,48.418208],[38.40929618386714,48.418208],[38.409953,48.416635],[38.408373,48.416345]]]}},{"type":"Feature","properties":{"cadnum":"1420986000:01:004:0012"},"geometry":{"type":"Polygon","coordinates":[[[38.408289,48.420936],[38.408289,48.42093522689075],[38.408593,48.420188],[38.408289,48.42013435294118],[38.408289,48.420134],[38.404039,48.41938],[38.403653,48.420325],[38.403558,48.420548],[38.408108,48.421381],[38.408289,48.420936]]]}},{"type":"Feature","properties":{"cadnum":"1420986000:01:007:0001"},"geometry":{"type":"Polygon","coordinates":[[[38.413138,48.417795],[38.410389,48.417347],[38.409985,48.418321],[38.40998530422692,48.418321],[38.409289,48.420006],[38.41202,48.420507],[38.412967,48.418208],[38.41296683269962,48.418208],[38.413138,48.417795]]]}},{"type":"Feature","properties":{"cadnum":"1420986000:01:045:0002"},"geometry":{"type":"Polygon","coordinates":[[[38.457727,48.37738417288802],[38.457727,48.377384],[38.45425347432764,48.378088],[38.454251,48.378088],[38.45383571712957,48.3781726693231],[38.453691,48.378202],[38.45369185714284,48.378202],[38.453221,48.378298],[38.454011,48.379333],[38.457556,48.378614650968785],[38.457556,48.378615],[38.459586,48.378202],[38.459083,48.377108],[38.457727,48.37738417288802]]]}},{"type":"Feature","properties":{"cadnum":"1420986000:01:105:0001"},"geometry":{"type":"Polygon","coordinates":[[[38.380843,48.397101],[38.381352,48.396961],[38.381181,48.396842],[38.380823,48.396904818867924],[38.380823,48.396904],[38.380269,48.397001],[38.379671,48.397057],[38.379438,48.397317],[38.379487,48.397367],[38.379801,48.397308],[38.38013,48.397352],[38.380183,48.397412],[38.380004,48.397516],[38.379801,48.397755],[38.3803,48.397903],[38.380651,48.398130933333334],[38.380651,48.398131],[38.380705,48.398166],[38.380823,48.398105],[38.380823,48.398104018050546],[38.382367,48.397293],[38.381917,48.39706],[38.381428,48.397328],[38.38073871042933,48.39753381104298],[38.380575,48.397582],[38.38021,48.397236],[38.380823,48.397106],[38.380823,48.397105270833336],[38.380843,48.397101]]]}},{"type":"Feature","properties":{"cadnum":"1420986000:03:000:0014"},"geometry":{"type":"Polygon","coordinates":[[[38.378338,48.396979],[38.378648,48.39697],[38.378634,48.396785],[38.378325,48.396771],[38.378338,48.396979]]]}},{"type":"Feature","properties":{"cadnum":"1420986000:03:000:0017"},"geometry":{"type":"Polygon","coordinates":[[[38.378908,48.395971],[38.378895,48.395792],[38.378558,48.395798],[38.378571,48.395977],[38.37859892903226,48.396328],[38.378598,48.396328],[38.378629,48.396696],[38.378967,48.39669],[38.378945762430945,48.396442],[38.378946,48.396442],[38.378908,48.395971]]]}},{"type":"Feature","properties":{"cadnum":"1420986000:03:000:0016"},"geometry":{"type":"Polygon","coordinates":[[[38.379874,48.396073],[38.378917,48.396073],[38.378937040650406,48.396328],[38.378936,48.396328],[38.378984,48.39695],[38.379007,48.397221],[38.379587,48.396893],[38.379768385732916,48.39637278203503],[38.379874,48.396073]]]}},{"type":"Feature","properties":{"cadnum":"1420986000:03:000:0033"},"geometry":{"type":"Polygon","coordinates":[[[38.38073871042933,48.39753381104298],[38.380823,48.397509],[38.380823,48.39750864350064],[38.381428,48.397328],[38.380843,48.397101],[38.380651,48.397142],[38.380651,48.39714247634584],[38.38021,48.397236],[38.380575,48.397582],[38.380651,48.39755962903226],[38.380651,48.39756],[38.38073871042933,48.39753381104298]]]}},{"type":"Feature","properties":{"cadnum":"1420986000:03:000:0025"},"geometry":{"type":"Polygon","coordinates":[[[38.374839573033704,48.396442],[38.374686,48.396595],[38.374933,48.396619],[38.37533,48.396598],[38.37533,48.396597391061455],[38.375337,48.396597],[38.376778,48.396597],[38.377013,48.396328],[38.37701222818792,48.396328],[38.377174,48.396144],[38.376847,48.396144],[38.375925,48.396141],[38.375868,48.396141],[38.375193,48.396093],[38.37495463323783,48.396328],[38.374954,48.396328],[38.374893931034116,48.39638784482795],[38.374839,48.396442],[38.374839573033704,48.396442]]]}},{"type":"Feature","properties":{"cadnum":"1420986000:03:000:0018"},"geometry":{"type":"Polygon","coordinates":[[[38.378656,48.397051],[38.378984,48.39695],[38.378967,48.39669],[38.378629,48.396696],[38.378648,48.39697],[38.378656,48.397051]]]}},{"type":"Feature","properties":{"cadnum":"1420986000:03:000:0013"},"geometry":{"type":"Polygon","coordinates":[[[38.378571,48.395995],[38.378558,48.395798],[38.378243,48.395805],[38.378262,48.396002],[38.37828719090909,48.396328],[38.378287,48.396328],[38.37828892521108,48.396350443908155],[38.378296,48.396442],[38.378296778781035,48.396442],[38.378325,48.396771],[38.378634,48.396785],[38.378599244485265,48.3963557224261],[38.378571,48.395995]]]}},{"type":"Feature","properties":{"cadnum":"1420986000:03:000:0044"},"geometry":{"type":"Polygon","coordinates":[[[38.380602,48.396424],[38.380606,48.396328],[38.38060598418973,48.396328],[38.380623,48.395918],[38.379986,48.39592],[38.379977,48.396115],[38.380053,48.396311],[38.380139,48.39632],[38.38014404918032,48.396328],[38.380143,48.396328],[38.380242,48.396484],[38.38049400000001,48.396442],[38.380495,48.396442],[38.380602,48.396424]]]}},{"type":"Feature","properties":{"cadnum":"1420986000:03:000:0055"},"geometry":{"type":"Polygon","coordinates":[[[38.37549,48.398378],[38.37523649791406,48.3983818178025],[38.374987,48.398384],[38.374937,48.399037],[38.375256,48.399163],[38.37533,48.398915],[38.37533,48.39891475213676],[38.37549,48.398378]]]}},{"type":"Feature","properties":{"cadnum":"1420986000:03:000:0043"},"geometry":{"type":"Polygon","coordinates":[[[38.375052045714284,48.396442],[38.374812,48.396678],[38.375063,48.396702],[38.375158,48.39669737453183],[38.375158,48.396698],[38.375259709233774,48.39669242239686],[38.37533,48.396689],[38.37533,48.39668856774194],[38.375468,48.396681],[38.37691,48.396681],[38.37720487272672,48.39634083636426],[38.377304,48.396228],[38.376051,48.396228],[38.375998,48.396225],[38.375323,48.396177],[38.37516858113208,48.396328],[38.375168,48.396328],[38.37506050196117,48.39643368627413],[38.375052,48.396442],[38.375052045714284,48.396442]]]}},{"type":"Feature","properties":{"cadnum":"1420986000:03:000:0052"},"geometry":{"type":"Polygon","coordinates":[[[38.373312,48.394961],[38.373338,48.394808],[38.372763,48.39479],[38.372692,48.394814],[38.372673,48.394957],[38.373312,48.394961]]]}},{"type":"Feature","properties":{"cadnum":"1420986000:03:000:0024"},"geometry":{"type":"Polygon","coordinates":[[[38.37721,48.394912],[38.375409,48.394787],[38.375166,48.395315],[38.37533,48.395328],[38.37533,48.395327873118276],[38.377026,48.395461],[38.37721,48.394912]]]}},{"type":"Feature","properties":{"cadnum":"1420986000:03:000:0020"},"geometry":{"type":"Polygon","coordinates":[[[38.37533,48.395519788679245],[38.375423,48.395524],[38.376011,48.395587],[38.376051,48.395387],[38.375472,48.395342],[38.37533,48.395331146496815],[38.37533,48.395331],[38.374784,48.395288],[38.37473,48.395491],[38.37533,48.395521],[38.37533,48.395519788679245]]]}},{"type":"Feature","properties":{"cadnum":"1420986000:03:000:0029"},"geometry":{"type":"Polygon","coordinates":[[[38.374803,48.394829],[38.374834,48.39462],[38.374646,48.394623],[38.374543,48.394614],[38.374398,48.394605],[38.372862,48.394402],[38.372893,48.394698],[38.374376,48.394799],[38.374803,48.394829]]]}},{"type":"Feature","properties":{"cadnum":"1420986000:01:022:0001"},"geometry":{"type":"Polygon","coordinates":[[[38.369837,48.392657257784585],[38.371554552418225,48.39278964697047],[38.373334,48.392927],[38.373715,48.392753],[38.374956,48.392151],[38.369665,48.391692],[38.369665,48.391692060325404],[38.365842,48.39136],[38.365572,48.391611],[38.365537,48.391727],[38.365119,48.392226],[38.365136,48.392294],[38.369837,48.392658],[38.369837,48.392657257784585]]]}},{"type":"Feature","properties":{"cadnum":"1420986000:01:021:0003"},"geometry":{"type":"Polygon","coordinates":[[[38.365299,48.392467],[38.365029,48.392443],[38.364876,48.392795],[38.36487646896552,48.392795],[38.3648,48.392971],[38.364593,48.393546],[38.369665,48.393986076277656],[38.369665,48.393987],[38.370401,48.39405],[38.370818,48.393741],[38.372899,48.393126],[38.369837,48.39286183858999],[38.369837,48.392861],[38.36907616666662,48.392795],[38.369078,48.392795],[38.365299,48.392467]]]}},{"type":"Feature","properties":{"cadnum":"1420986000:03:000:0051"},"geometry":{"type":"Polygon","coordinates":[[[38.372939,48.394731],[38.373352,48.394713],[38.373419,48.394302],[38.373199,48.394286],[38.372966,48.394313],[38.372876,48.394453],[38.372939,48.394731]]]}},{"type":"Feature","properties":{"cadnum":"1420986000:01:021:0002"},"geometry":{"type":"Polygon","coordinates":[[[38.369665,48.39461443076924],[38.369665,48.394615],[38.369763,48.39453],[38.369837,48.394475],[38.369837,48.394474326018816],[38.370401,48.39405],[38.369837,48.39400172282609],[38.369837,48.394001],[38.364593,48.393546],[38.364589,48.393564],[38.364409,48.393898],[38.364172,48.394245],[38.364172,48.39424556786703],[38.363983,48.394522],[38.364344,48.394554],[38.364344,48.39455292407809],[38.369243,48.394978],[38.369665,48.39461443076924]]]}},{"type":"Feature","properties":{"cadnum":"1420986000:01:033:0013"},"geometry":{"type":"Polygon","coordinates":[[[38.428576,48.376798],[38.427372,48.377266],[38.42722533974359,48.378088],[38.427225,48.378088],[38.426618,48.381544],[38.427718,48.381643],[38.428347,48.378088],[38.428346299145296,48.378088],[38.428576,48.376798]]]}},{"type":"Feature","properties":{"cadnum":"1420986000:01:033:0012"},"geometry":{"type":"Polygon","coordinates":[[[38.429649,48.376374],[38.428576,48.376798],[38.428326,48.378202],[38.42832682953587,48.378202],[38.427718,48.381643],[38.428706,48.381729],[38.429325961549026,48.378202],[38.429326,48.378202],[38.429649,48.376374]]]}},{"type":"Feature","properties":{"cadnum":"1420986000:01:033:0006"},"geometry":{"type":"Polygon","coordinates":[[[38.424345,48.37458],[38.423725,48.378202],[38.423725572347266,48.378202],[38.423639,48.37871],[38.424597,48.378266214348976],[38.424597,48.378267],[38.42490677941081,48.37812222058868],[38.425113,48.378027],[38.425683,48.374694],[38.424768,48.37461732872928],[38.424768,48.374617],[38.424345,48.37458]]]}},{"type":"Feature","properties":{"cadnum":"1420986000:01:037:0006"},"geometry":{"type":"Polygon","coordinates":[[[38.391809,48.36492131896552],[38.395814,48.366053],[38.395944,48.366032],[38.396875,48.365328],[38.391925,48.363931],[38.39176099999945,48.36407500000048],[38.391233,48.364537],[38.39103,48.364701],[38.391809,48.364922],[38.391809,48.36492131896552]]]}},{"type":"Feature","properties":{"cadnum":"1420986000:01:037:0007"},"geometry":{"type":"Polygon","coordinates":[[[38.39281,48.363159],[38.392791,48.36317],[38.39242468807339,48.363492],[38.392424,48.363492],[38.391925,48.363931],[38.396875,48.365328],[38.397131,48.365133607476636],[38.397131,48.365134],[38.39730238417119,48.36500346762702],[38.397303,48.365003],[38.397303,48.36500299858956],[38.39784,48.364594],[38.397858,48.364582],[38.397303,48.36442626409904],[38.397303,48.364426],[38.39439524839399,48.363606],[38.394396,48.363606],[38.39281,48.363159]]]}},{"type":"Feature","properties":{"cadnum":"1420986000:01:037:0004"},"geometry":{"type":"Polygon","coordinates":[[[38.391809,48.367115125748505],[38.392306,48.367255],[38.392306340344184,48.367255],[38.393757,48.367664],[38.394429,48.367141],[38.394428611246944,48.367141],[38.394808,48.366846],[38.391809,48.36600117129338],[38.391809,48.366001],[38.390038,48.365501],[38.389015,48.366327],[38.391809,48.367116],[38.391809,48.367115125748505]]]}},{"type":"Feature","properties":{"cadnum":"1420986000:01:000:0001"},"geometry":{"type":"Polygon","coordinates":[[[38.397303,48.358627],[38.397303,48.35862671144279],[38.397332,48.358598],[38.397303,48.358552407960204],[38.397303,48.358552],[38.396892,48.357906],[38.396619,48.357255],[38.394399,48.357897],[38.393986,48.359956],[38.39398628077945,48.359956],[38.393784,48.360971],[38.391809,48.36293219524697],[38.391809,48.362931],[38.391128,48.363606],[38.39112920833333,48.363606],[38.391099,48.363636],[38.390447,48.364101],[38.391223,48.364489],[38.391638,48.364124281569964],[38.391638,48.364125],[38.392357,48.363492],[38.39235678099173,48.363492],[38.392778,48.363122],[38.394112,48.362084],[38.395351,48.36115],[38.3968781880734,48.359956],[38.396879,48.359956],[38.397085,48.359795],[38.396223,48.359693],[38.397131,48.35879677037037],[38.397131,48.358797],[38.397207220184534,48.35872153822527],[38.397303,48.358627]]]}},{"type":"Feature","properties":{"cadnum":"1420986000:01:037:0008"},"geometry":{"type":"Polygon","coordinates":[[[38.393797,48.362385],[38.39281,48.363159],[38.39399151677853,48.363492],[38.393991,48.363492],[38.397131,48.36437749516909],[38.397131,48.364378],[38.397858,48.364582],[38.398882,48.363821],[38.398120677811534,48.363606],[38.398121,48.363606],[38.39796553332574,48.363562186664524],[38.397717,48.363492],[38.39771648387098,48.363492],[38.397303,48.36337547272727],[38.397303,48.363375],[38.393797,48.362385]]]}},{"type":"Feature","properties":{"cadnum":"1420986000:01:037:0003"},"geometry":{"type":"Polygon","coordinates":[[[38.388529,48.366718],[38.38813319955654,48.367141],[38.388132,48.367141],[38.388107,48.367169],[38.391638,48.36816477633711],[38.391638,48.368165],[38.39272,48.36847],[38.393757,48.367664],[38.391902,48.367141],[38.3919009361702,48.367141],[38.391638,48.367067],[38.391638,48.36706771116679],[38.389015,48.366327],[38.388529,48.366718]]]}},{"type":"Feature","properties":{"cadnum":"1420986000:01:004:0015"},"geometry":{"type":"Polygon","coordinates":[[[38.402796,48.422948],[38.402588,48.42291],[38.402448,48.423252],[38.402098,48.424099],[38.402624,48.424194704871056],[38.402624,48.424195],[38.406689,48.424936],[38.406936,48.424251],[38.407146,48.423741],[38.402796,48.42294834188412],[38.402796,48.422948]]]}},{"type":"Feature","properties":{"cadnum":"1420986000:01:004:0010"},"geometry":{"type":"Polygon","coordinates":[[[38.403072,48.421729],[38.402974,48.421967],[38.4029743765586,48.421967],[38.402857,48.422254],[38.402624,48.422821],[38.402624,48.42282242307692],[38.402588,48.42291],[38.402624,48.42291657692308],[38.402624,48.422917],[38.407146,48.423741],[38.407628,48.422558],[38.40398129692353,48.42189470648377],[38.403072,48.421729]]]}},{"type":"Feature","properties":{"cadnum":"1420986000:01:004:0011"},"geometry":{"type":"Polygon","coordinates":[[[38.408108,48.421381],[38.403558,48.420548],[38.403257,48.421288],[38.403072,48.421729],[38.40375243697478,48.421853],[38.403752,48.421853],[38.40398129692353,48.42189470648377],[38.404378,48.421967],[38.40437875744682,48.421967],[38.407628,48.422558],[38.407915,48.421853],[38.4079146894198,48.421853],[38.408108,48.421381]]]}},{"type":"Feature","properties":{"cadnum":"1420986000:01:004:0008"},"geometry":{"type":"Polygon","coordinates":[[[38.402796,48.425347877065434],[38.4035632785235,48.425499],[38.403559,48.425499],[38.406288,48.426036],[38.406484,48.425499],[38.40648328846154,48.425499],[38.406689,48.424936],[38.402796,48.42422635350553],[38.402796,48.424226],[38.402098,48.424099],[38.402045,48.424227],[38.401676,48.425127],[38.402796,48.425348],[38.402796,48.425347877065434]]]}},{"type":"Feature","properties":{"cadnum":"1420986000:01:018:0005"},"geometry":{"type":"Polygon","coordinates":[[[38.413782,48.400398],[38.412429,48.400197],[38.411804,48.401592],[38.41361,48.401860434782606],[38.41361,48.401861],[38.416121,48.402233],[38.416777,48.400841],[38.413782,48.40039841711399],[38.413782,48.400398]]]}},{"type":"Feature","properties":{"cadnum":"1420986000:01:019:0012"},"geometry":{"type":"Polygon","coordinates":[[[38.404011,48.398942],[38.403611,48.399947],[38.40377642253523,48.399976],[38.403772,48.399976],[38.408117,48.40073880385211],[38.408117,48.400739],[38.40875,48.40085],[38.409187,48.399976],[38.409244,48.399863],[38.408289,48.399696065661054],[38.408289,48.399696],[38.404011,48.398942]]]}},{"type":"Feature","properties":{"cadnum":"1420986000:01:018:0006"},"geometry":{"type":"Polygon","coordinates":[[[38.412476,48.400089],[38.41247689140271,48.400089],[38.412429,48.400197],[38.41361,48.400372447893574],[38.41361,48.400373],[38.416777,48.400841],[38.41712996184971,48.400089],[38.41713,48.400089],[38.417526,48.399249],[38.41361,48.398668],[38.41361,48.398668468749996],[38.413142,48.398599],[38.412476,48.400089]]]}},{"type":"Feature","properties":{"cadnum":"1420986000:01:019:0010"},"geometry":{"type":"Polygon","coordinates":[[[38.408238,48.401867],[38.403203,48.400982],[38.402781,48.402043],[38.407712,48.402914],[38.408238,48.401867]]]}},{"type":"Feature","properties":{"cadnum":"1420986000:01:018:0004"},"geometry":{"type":"Polygon","coordinates":[[[38.413782,48.40341038779956],[38.415446,48.403656],[38.416121,48.402233],[38.413782,48.401886481481476],[38.413782,48.401886],[38.411804,48.401592],[38.411162,48.403021],[38.413782,48.403411],[38.413782,48.40341038779956]]]}},{"type":"Feature","properties":{"cadnum":"1420986000:01:048:0002"},"geometry":{"type":"Polygon","coordinates":[[[38.464807,48.367141],[38.464805999999996,48.367141],[38.46463,48.367085],[38.464596070588236,48.367141],[38.464595,48.367141],[38.463049,48.369719],[38.463049,48.36971940723982],[38.46240546195652,48.370791],[38.462405,48.370791],[38.462181,48.371164],[38.463049,48.37144776923077],[38.463049,48.371448],[38.46312499999939,48.37147261538442],[38.463221,48.371504],[38.463221,48.371503708502026],[38.463296,48.371528],[38.463669630936224,48.370905],[38.46367,48.370905],[38.465425,48.367983],[38.464950100737106,48.367255],[38.464951,48.367255],[38.464894,48.367169],[38.464807,48.367141]]]}},{"type":"Feature","properties":{"cadnum":"1420986000:01:047:0004"},"geometry":{"type":"Polygon","coordinates":[[[38.463359,48.371681],[38.463221,48.3716351483871],[38.463221,48.371635],[38.46310661061786,48.37159714159239],[38.463049,48.371578],[38.463049,48.371578074733094],[38.462097,48.371263],[38.460121,48.374554],[38.46012253061224,48.374554],[38.460103,48.374587],[38.46016,48.374613],[38.460457,48.374849],[38.461305,48.375097],[38.4617,48.37444],[38.461699581157774,48.37444],[38.463221,48.371911],[38.463221,48.37191025806452],[38.463359,48.371681]]]}},{"type":"Feature","properties":{"cadnum":"1420986000:01:048:0004"},"geometry":{"type":"Polygon","coordinates":[[[38.467171,48.370821],[38.466655,48.370409],[38.466632,48.369852],[38.466282,48.369305],[38.465389471250006,48.370791],[38.465389,48.370791],[38.464674,48.371982],[38.466009,48.37242],[38.467208,48.372495],[38.467666,48.3714],[38.4672428134715,48.370905],[38.467243,48.370905],[38.467171,48.370821]]]}},{"type":"Feature","properties":{"cadnum":"1420986000:01:037:0002"},"geometry":{"type":"Polygon","coordinates":[[[38.388107,48.367169],[38.388025,48.367255],[38.388026676214196,48.367255],[38.387357,48.367972],[38.391638,48.36918070721743],[38.391638,48.369181],[38.391763,48.369216],[38.391763,48.369213],[38.39272,48.36847],[38.391809,48.368213202402956],[38.391809,48.368213],[38.388411954023,48.367255],[38.388412,48.367255],[38.388107,48.367169]]]}},{"type":"Feature","properties":{"cadnum":"1420986000:01:036:0011"},"geometry":{"type":"Polygon","coordinates":[[[38.397303,48.379273],[38.3972997446807,48.379272093616976],[38.397131,48.379225],[38.397131,48.37922510980392],[38.396793,48.379131],[38.396695,48.379226],[38.396273,48.37962],[38.397298199999994,48.37990566252427],[38.402624,48.38139199788173],[38.402624,48.381392],[38.403521,48.381643],[38.403688,48.38152],[38.404362,48.381243],[38.40270643478762,48.38078100395396],[38.397303,48.37927300211827],[38.397303,48.379273]]]}},{"type":"Feature","properties":{"cadnum":"1420986000:01:036:0013"},"geometry":{"type":"Polygon","coordinates":[[[38.402796,48.380188959442336],[38.404991,48.380801],[38.405494,48.380327],[38.402624,48.379527],[38.402624,48.37952700400641],[38.397804,48.378182],[38.397301,48.378656],[38.402796,48.380189],[38.402796,48.380188959442336]]]}},{"type":"Feature","properties":{"cadnum":"1420986000:01:036:0014"},"geometry":{"type":"Polygon","coordinates":[[[38.398303,48.377713],[38.39806,48.37794],[38.397903438016534,48.378088],[38.397902,48.378088],[38.397804,48.378182],[38.402796,48.379575],[38.402796,48.37957494425088],[38.405494,48.380327],[38.405988,48.379856],[38.40266281538499,48.37892981153857],[38.40005627303755,48.378202],[38.400057,48.378202],[38.398303,48.377713]]]}},{"type":"Feature","properties":{"cadnum":"1420986000:01:036:0012"},"geometry":{"type":"Polygon","coordinates":[[[38.396793,48.379131],[38.397299744680545,48.37927209361693],[38.402624,48.38075799788173],[38.402624,48.380758],[38.40270643478762,48.38078100395396],[38.402796,48.380806],[38.402796,48.3808059976985],[38.404362,48.381243],[38.404649,48.381123],[38.404991,48.380801],[38.402624,48.380141],[38.402624,48.380141015286625],[38.397301,48.378656],[38.396793,48.379131]]]}},{"type":"Feature","properties":{"cadnum":"1420986000:01:036:0018"},"geometry":{"type":"Polygon","coordinates":[[[38.400401,48.375741],[38.399852,48.376261],[38.402624,48.37703403396739],[38.402624,48.377035],[38.40643305766694,48.37809640647023],[38.4069,48.378227],[38.406975,48.378088],[38.40697465648855,48.378088],[38.407056,48.37794],[38.407142,48.377621],[38.402624,48.376361],[38.402624,48.37636102672234],[38.400401,48.375741]]]}},{"type":"Feature","properties":{"cadnum":"1420986000:01:034:0001"},"geometry":{"type":"Polygon","coordinates":[[[38.407209,48.381201],[38.406959,48.381389],[38.40686183116883,48.381737],[38.406861,48.381737],[38.40602,48.38476],[38.408289,48.384992],[38.408289,48.38499147301587],[38.410322,48.385198],[38.408289,48.38258875283447],[38.408289,48.382588],[38.40771481551116,48.381851],[38.407715,48.381851],[38.407209,48.381201]]]}},{"type":"Feature","properties":{"cadnum":"1420986000:01:036:0010"},"geometry":{"type":"Polygon","coordinates":[[[38.401619596214694,48.38176061448657],[38.402624,48.38204098731166],[38.402624,48.382041],[38.402626340630036,48.382041640683404],[38.402796,48.382089],[38.402796,48.38208808029197],[38.402898,48.382116],[38.403397,48.381737],[38.40339672115384,48.381737],[38.403521,48.381643],[38.402796,48.381440129319955],[38.402796,48.38144],[38.397303,48.37990700211827],[38.397303,48.379907],[38.3972982,48.37990566252427],[38.397131,48.379859],[38.397131,48.37985907378641],[38.396273,48.37962],[38.395738,48.380121],[38.397131,48.38050997188498],[38.397131,48.38051],[38.39717687781628,48.38052278249566],[38.397303,48.380558],[38.397303,48.38055792270933],[38.401619596214694,48.38176061448657]]]}},{"type":"Feature","properties":{"cadnum":"1420986000:01:034:0013"},"geometry":{"type":"Polygon","coordinates":[[[38.408638,48.377615],[38.408422,48.377785],[38.408242,48.37799],[38.408196,48.378202],[38.40819635135135,48.378202],[38.408117,48.378569],[38.408117,48.37857082],[38.407821,48.379945],[38.40815154545234,48.38010250349545],[38.408364,48.380204],[38.410079,48.379858],[38.411041,48.379142],[38.40956143643264,48.378202],[38.409562,48.378202],[38.408638,48.377615]]]}},{"type":"Feature","properties":{"cadnum":"1420986000:01:025:0014"},"geometry":{"type":"Polygon","coordinates":[[[38.384352,48.38169],[38.384554,48.380962],[38.38477,48.380834],[38.38517,48.379339],[38.384262,48.379232],[38.383086,48.379301],[38.382451,48.379301],[38.38204213411764,48.381737],[38.382042,48.381737],[38.381558,48.384632],[38.383692,48.384834],[38.38432006451606,48.38183690322614],[38.384352,48.38169]]]}},{"type":"Feature","properties":{"cadnum":"1420986000:01:028:0003"},"geometry":{"type":"Polygon","coordinates":[[[38.402796,48.39056206363637],[38.402796,48.390562],[38.401783,48.390677],[38.401763130311615,48.392681],[38.401763,48.392681],[38.401743,48.39491],[38.402796,48.394768],[38.402796,48.394767779999995],[38.403024,48.394737],[38.403043,48.392681],[38.403042158127214,48.392681],[38.403064,48.390531],[38.402796,48.39056206363637]]]}},{"type":"Feature","properties":{"cadnum":"1420986000:01:028:0005"},"geometry":{"type":"Polygon","coordinates":[[[38.405544,48.390024],[38.404313,48.390161],[38.40428908200456,48.392681],[38.404288,48.392681],[38.404272,48.394567],[38.405502,48.3944],[38.40551693891798,48.392795],[38.405517,48.392795],[38.405544,48.390024]]]}},{"type":"Feature","properties":{"cadnum":"1420986000:01:029:0006"},"geometry":{"type":"Polygon","coordinates":[[[38.414805,48.391313],[38.414634,48.390573],[38.41361,48.390677],[38.41361,48.390677488437774],[38.408289,48.39121851156222],[38.408289,48.391218],[38.407259,48.391322],[38.407349,48.39207],[38.408289,48.391975],[38.408289,48.3919745419241],[38.41361,48.3914344580759],[38.41361,48.391435],[38.414805,48.391313]]]}},{"type":"Feature","properties":{"cadnum":"1420986000:01:029:0008"},"geometry":{"type":"Polygon","coordinates":[[[38.414467,48.389839],[38.414301,48.389118],[38.41361,48.389188],[38.41361,48.3891884580759],[38.408117,48.389746],[38.408117,48.38974739966832],[38.407083,48.389852],[38.407142,48.390582],[38.408289,48.390466],[38.408289,48.39046557228597],[38.413782,48.389909],[38.413782,48.38990853908985],[38.414467,48.389839]]]}},{"type":"Feature","properties":{"cadnum":"1420986000:01:028:0007"},"geometry":{"type":"Polygon","coordinates":[[[38.406599,48.388241],[38.403464,48.388596],[38.40350603448276,48.389033],[38.403505,48.389033],[38.403625,48.390239],[38.404313,48.390161],[38.405544,48.390024],[38.40668,48.389896],[38.406637,48.389033],[38.40663658940397,48.389033],[38.406599,48.388241]]]}},{"type":"Feature","properties":{"cadnum":"1420986000:01:029:0009"},"geometry":{"type":"Polygon","coordinates":[[[38.41414,48.388404],[38.413782,48.38844115094339],[38.413782,48.388441],[38.408289,48.38900145083848],[38.408289,48.389001],[38.40797325000002,48.389033],[38.407968,48.389033],[38.407026,48.389129],[38.407027,48.389147],[38.407027419087136,48.389147],[38.407083,48.389852],[38.408289,48.38973],[38.408289,48.3897285419241],[38.413782,48.389171],[38.413782,48.38917057597684],[38.414301,48.389118],[38.41414,48.388404]]]}},{"type":"Feature","properties":{"cadnum":"1420986000:01:028:0006"},"geometry":{"type":"Polygon","coordinates":[[[38.40668,48.389896],[38.405544,48.390024],[38.40551811079033,48.392681],[38.405518,48.392681],[38.405502,48.3944],[38.405615,48.394382],[38.406882,48.394209],[38.40681,48.392681],[38.406809691272855,48.392681],[38.40668,48.389896]]]}},{"type":"Feature","properties":{"cadnum":"1420986000:01:019:0004"},"geometry":{"type":"Polygon","coordinates":[[[38.402796,48.401827],[38.402796,48.40182621978022],[38.402988,48.401342],[38.402796,48.401308241758244],[38.402796,48.401308],[38.39873,48.400591],[38.398253,48.401685],[38.402552,48.402443],[38.402796,48.401827]]]}},{"type":"Feature","properties":{"cadnum":"1420986000:01:019:0006"},"geometry":{"type":"Polygon","coordinates":[[[38.399884,48.397943],[38.399219,48.399466],[38.40211609470306,48.399976],[38.402112,48.399976],[38.402796,48.400097],[38.402796,48.400096253382536],[38.403437,48.400209],[38.40352201835987,48.399993681762496],[38.404182,48.398339],[38.404087,48.398342],[38.40323,48.398357],[38.402624,48.398347],[38.402624,48.398347066848565],[38.40133,48.398325],[38.399884,48.397943]]]}},{"type":"Feature","properties":{"cadnum":"1420986000:01:019:0002"},"geometry":{"type":"Polygon","coordinates":[[[38.402135,48.403492],[38.3978,48.402729],[38.39741158490566,48.403622],[38.397411,48.403622],[38.39737813169625,48.40369891183077],[38.397362,48.403736],[38.39736228205128,48.403736],[38.397311,48.403856],[38.401685,48.404625],[38.4020368773679,48.403736],[38.402037,48.403736],[38.402135,48.403492]]]}},{"type":"Feature","properties":{"cadnum":"1420986000:01:019:0008"},"geometry":{"type":"Polygon","coordinates":[[[38.402345,48.403131],[38.402150223140495,48.403622],[38.402149,48.403622],[38.4019,48.404255],[38.402624,48.40438347767857],[38.402624,48.404384],[38.406621,48.405087],[38.407173,48.403984],[38.40577132044201,48.403736],[38.405772,48.403736],[38.40558059911474,48.403702255561846],[38.405127,48.403622],[38.40512538378377,48.403622],[38.402796,48.403211324015246],[38.402796,48.403211],[38.402345,48.403131]],[[38.404856,48.404363],[38.404901,48.404381],[38.404875,48.40441],[38.404829,48.404393],[38.404856,48.404363]]]}},{"type":"Feature","properties":{"cadnum":"1420986000:01:019:0003"},"geometry":{"type":"Polygon","coordinates":[[[38.402135,48.403492],[38.402552,48.402443],[38.398253,48.401685],[38.3978,48.402729],[38.402135,48.403492]]]}},{"type":"Feature","properties":{"cadnum":"1420986000:01:019:0009"},"geometry":{"type":"Polygon","coordinates":[[[38.402345,48.403131],[38.402624,48.40318049002217],[38.402624,48.403181],[38.40558059911463,48.403702255561825],[38.407173,48.403984],[38.407297,48.403736],[38.407712,48.402914],[38.402781,48.402043],[38.402345,48.403131]]]}},{"type":"Feature","properties":{"cadnum":"1420986000:03:000:0037"},"geometry":{"type":"Polygon","coordinates":[[[38.360479,48.398632],[38.360884,48.398294],[38.360222,48.397832],[38.359855,48.398109],[38.360142,48.398351],[38.360402,48.398384],[38.360524,48.398485],[38.360385,48.398557],[38.360479,48.398632]]]}},{"type":"Feature","properties":{"cadnum":"1420986000:03:000:0036"},"geometry":{"type":"Polygon","coordinates":[[[38.359262,48.399216],[38.359532,48.399171],[38.359985,48.398968],[38.35936,48.398482],[38.359146,48.398458],[38.35885,48.398827159090914],[38.35885,48.398827],[38.358794,48.398897],[38.358228,48.398706],[38.357834,48.399285],[38.358048,48.399255],[38.35885,48.399286],[38.35885,48.39928527522936],[38.358897,48.399287],[38.359262,48.399216]]]}},{"type":"Feature","properties":{"cadnum":"1420986000:03:000:0035"},"geometry":{"type":"Polygon","coordinates":[[[38.35858,48.398294],[38.358228,48.398706],[38.358679,48.3988581925795],[38.358679,48.398859],[38.358794,48.398897],[38.359146,48.398458],[38.35875023728843,48.39834444067805],[38.35858,48.398294]]]}},{"type":"Feature","properties":{"cadnum":"1420986000:01:025:0007"},"geometry":{"type":"Polygon","coordinates":[[[38.379522123870046,48.385393120846196],[38.379434,48.385385],[38.37943293220336,48.385385],[38.376797,48.385145],[38.376723,48.385499],[38.37672469932432,48.385499],[38.376627,48.385977],[38.380823,48.38636],[38.380823,48.38635967725065],[38.383328,48.386588],[38.383499,48.385756],[38.380672992278015,48.385499],[38.380685,48.385499],[38.379522123870046,48.385393120846196]]]}},{"type":"Feature","properties":{"cadnum":"1420986000:01:025:0008"},"geometry":{"type":"Polygon","coordinates":[[[38.376797,48.385145],[38.37952212386957,48.38539312084615],[38.380823,48.385513],[38.380823,48.385512641853936],[38.383499,48.385756],[38.3835509541779,48.385499],[38.383551,48.385499],[38.383673,48.384906],[38.380651,48.384614],[38.380651,48.38461430140552],[38.376981,48.384258],[38.376797,48.385145]]]}},{"type":"Feature","properties":{"cadnum":"1420986000:03:000:0028"},"geometry":{"type":"Polygon","coordinates":[[[38.401294,48.37251],[38.40164,48.372015],[38.401519,48.371984],[38.401577,48.371871],[38.400697,48.371687],[38.400831,48.372054],[38.401186,48.37248],[38.401294,48.37251]]]}},{"type":"Feature","properties":{"cadnum":"1420986000:03:000:0027"},"geometry":{"type":"Polygon","coordinates":[[[38.401783,48.372647],[38.402165,48.372131],[38.40164,48.372015],[38.401294,48.37251],[38.401783,48.372647]]]}},{"type":"Feature","properties":{"cadnum":"1420986000:01:044:0010"},"geometry":{"type":"Polygon","coordinates":[[[38.438373,48.372596],[38.438251,48.37331],[38.43817,48.373769],[38.441076,48.373988979857046],[38.441076,48.373989],[38.444247,48.374229],[38.443749,48.37362],[38.442954,48.37345],[38.443115,48.372957],[38.441076,48.372802],[38.441076,48.37280283826087],[38.438373,48.372596]]]}},{"type":"Feature","properties":{"cadnum":"1420986000:01:043:0001"},"geometry":{"type":"Polygon","coordinates":[[[38.43787,48.370905],[38.437871195530725,48.370905],[38.43782,48.371537],[38.441076,48.37179060326721],[38.441076,48.371791],[38.443797,48.372003],[38.443371,48.371269],[38.441248,48.37109601481482],[38.441248,48.371096],[38.437878,48.370821],[38.43787,48.370905]]]}},{"type":"Feature","properties":{"cadnum":"1420986000:01:043:0011"},"geometry":{"type":"Polygon","coordinates":[[[38.441248,48.37077434963325],[38.441434575342434,48.370791],[38.441428,48.370791],[38.44233199127462,48.37087108724089],[38.442712,48.370905],[38.44271478431372,48.370905],[38.443155,48.370944],[38.44312976470588,48.370905],[38.44313,48.370905],[38.443017,48.370728],[38.441248,48.37057215301391],[38.441248,48.370572],[38.437964,48.370281],[38.437945,48.370482],[38.441248,48.370776],[38.441248,48.37077434963325]]]}},{"type":"Feature","properties":{"cadnum":"1420986000:02:000:0005"},"geometry":{"type":"Polygon","coordinates":[[[38.422,48.359819],[38.42197,48.359956],[38.42197018453039,48.359956],[38.421798,48.360747],[38.422211,48.360699],[38.422354,48.359912],[38.422089,48.359842],[38.42208754838709,48.359842],[38.422,48.359819]]]}},{"type":"Feature","properties":{"cadnum":"1420986000:01:002:0010"},"geometry":{"type":"Polygon","coordinates":[[[38.42483,48.42496],[38.424768,48.425071759656646],[38.424768,48.425071],[38.424467,48.425612],[38.424467193767704,48.425612],[38.423549,48.427264],[38.424565,48.427673],[38.424618019678086,48.42757714669035],[38.425772,48.425499],[38.425770268229165,48.425499],[38.425922,48.425228],[38.42483,48.42496]]]}},{"type":"Feature","properties":{"cadnum":"1420986000:01:002:0012"},"geometry":{"type":"Polygon","coordinates":[[[38.427035,48.425612],[38.42703631184871,48.425612],[38.425652,48.428108],[38.426482,48.428444],[38.427494,48.428802],[38.429052,48.426],[38.427089,48.425517],[38.427035,48.425612]]]}},{"type":"Feature","properties":{"cadnum":"1420986000:01:002:0003"},"geometry":{"type":"Polygon","coordinates":[[[38.428729,48.423747],[38.427121,48.423533],[38.425503,48.423228],[38.424768,48.424554585365854],[38.424768,48.424554],[38.424601,48.424856],[38.424768,48.424898],[38.424768,48.424897111038746],[38.427212974867736,48.425499],[38.427209,48.425499],[38.427687,48.425616],[38.42774737587188,48.42550562535922],[38.428729,48.423747]]]}},{"type":"Feature","properties":{"cadnum":"1420986000:01:002:0011"},"geometry":{"type":"Polygon","coordinates":[[[38.425922,48.425228],[38.425707,48.425612],[38.42570925189036,48.425612],[38.424768,48.42730705446809],[38.424768,48.427306],[38.424618019678086,48.42757714669035],[38.424597,48.427615],[38.424597,48.42761514778326],[38.424565,48.427673],[38.424597,48.427685768472905],[38.424597,48.427686],[38.425652,48.428108],[38.427089,48.425517],[38.425922,48.425228]]]}},{"type":"Feature","properties":{"cadnum":"1420986000:01:002:0017"},"geometry":{"type":"Polygon","coordinates":[[[38.428958,48.423776],[38.428729,48.423747],[38.42775107399464,48.425499],[38.427751,48.425499],[38.42774737587188,48.42550562535922],[38.427688,48.425612],[38.427689188034186,48.425612],[38.427687,48.425616],[38.43004,48.426197],[38.43009,48.42610781081081],[38.43009,48.426109],[38.43016610204069,48.42597206122472],[38.430262,48.425801],[38.430262,48.42579950147493],[38.43042033353093,48.42551459453135],[38.431109,48.42428],[38.43009,48.423933],[38.43009,48.42393318299445],[38.429721,48.423807],[38.428958,48.423776]]]}},{"type":"Feature","properties":{"cadnum":"1420986000:01:002:0013"},"geometry":{"type":"Polygon","coordinates":[[[38.430149007299505,48.42703051240834],[38.430262,48.426827],[38.430262,48.426826600000005],[38.43052,48.426361],[38.430262,48.426298],[38.429052,48.426],[38.427494,48.428802],[38.428064,48.429001],[38.428635,48.429043],[38.429138,48.428704],[38.429321,48.428471],[38.429362,48.428448],[38.43009,48.42713679111111],[38.43009,48.427137],[38.430149007299505,48.42703051240834]]]}},{"type":"Feature","properties":{"cadnum":"1420986000:01:029:0019"},"geometry":{"type":"Polygon","coordinates":[[[38.413782,48.392626],[38.413782,48.39262591882435],[38.415039,48.392333],[38.414976,48.392058],[38.413782,48.39217949780381],[38.413782,48.392179],[38.408117,48.392752],[38.408117,48.392753],[38.408117,48.392753402352945],[38.407439,48.392822],[38.407586,48.394092],[38.408289,48.393915],[38.408289,48.39391446767537],[38.408844,48.393774],[38.41306677495394,48.39279135298602],[38.41361,48.39266576470588],[38.41361,48.392666],[38.41373788137295,48.39263619979202],[38.413782,48.392626]]]}},{"type":"Feature","properties":{"cadnum":"1420986000:01:027:0002"},"geometry":{"type":"Polygon","coordinates":[[[38.402796,48.39481350140845],[38.402796,48.394813],[38.401267,48.39502],[38.401818,48.396442],[38.40181821327015,48.396442],[38.402265,48.397594],[38.402462,48.397605],[38.402624,48.3975904491018],[38.402624,48.397591],[38.40381,48.397481],[38.404339,48.39734],[38.403948,48.396328],[38.403947927144536,48.396328],[38.403334,48.39474],[38.402796,48.39481350140845]]]}},{"type":"Feature","properties":{"cadnum":"1420986000:01:029:0004"},"geometry":{"type":"Polygon","coordinates":[[[38.413782,48.39264],[38.413782,48.392639790648985],[38.415043,48.392345],[38.414976,48.392058],[38.413782,48.39217949780381],[38.413782,48.392179],[38.408117,48.392752],[38.408117,48.392753],[38.408117,48.392753402352945],[38.407439,48.392822],[38.407586,48.394114],[38.408289,48.393934],[38.408289,48.39393375790921],[38.408844,48.393791],[38.41334271739535,48.39274192934688],[38.41361,48.39267991017964],[38.41361,48.39268],[38.413661639638875,48.39266792792811],[38.413782,48.39264]],[[38.41414,48.392288],[38.41418,48.392309],[38.41415,48.392333],[38.414108,48.392312],[38.41414,48.392288]],[[38.413098,48.392333],[38.413592,48.392527],[38.413062,48.392649],[38.412825,48.392556],[38.413098,48.392333]]]}},{"type":"Feature","properties":{"cadnum":"1420986000:01:002:0019"},"geometry":{"type":"Polygon","coordinates":[[[38.406837,48.394242],[38.405628,48.394426],[38.405557,48.394435],[38.406331,48.396442],[38.406332061349694,48.396442],[38.406414,48.396654],[38.407089,48.396356],[38.406837,48.394242]]]}},{"type":"Feature","properties":{"cadnum":"1420986000:01:042:0001"},"geometry":{"type":"Polygon","coordinates":[[[38.430262,48.36264600719424],[38.430262,48.362646],[38.429847,48.362884],[38.42853,48.363606],[38.42853049173554,48.363606],[38.427857,48.363976],[38.430262,48.364225],[38.430262,48.364224849056605],[38.43327,48.364537],[38.43200312727272,48.363606],[38.432004,48.363606],[38.430507,48.362505],[38.430262,48.36264600719424]]]}},{"type":"Feature","properties":{"cadnum":"1420986000:01:501:0002"},"geometry":{"type":"Polygon","coordinates":[[[38.42785238095237,48.356192],[38.42785,48.356192],[38.42784,48.356196],[38.42748,48.35624],[38.427342,48.356306],[38.427342923076935,48.356306],[38.427318,48.356318],[38.42717,48.356386],[38.426918,48.356443],[38.426519,48.356598],[38.426136,48.356777],[38.425742,48.35701],[38.425603,48.357109],[38.425391,48.357658],[38.42532,48.357941],[38.42523,48.358547],[38.425234,48.358799],[38.42518,48.359025],[38.425037,48.359437],[38.42494876470588,48.359842],[38.424948,48.359842],[38.424937,48.359896],[38.425317,48.359956],[38.42531917703348,48.359956],[38.43009,48.36070499680751],[38.43009,48.360706],[38.432637,48.361105],[38.433453,48.360485],[38.433706,48.360222],[38.433809,48.360022],[38.433818,48.359912],[38.43375,48.359846],[38.43366,48.359642],[38.433624,48.359425],[38.433266,48.359308],[38.430606,48.358076],[38.43097,48.357706],[38.430606,48.35753],[38.430773,48.357342],[38.430262,48.357228278184486],[38.430262,48.357228],[38.429488,48.357056],[38.428499,48.356405],[38.428050000007175,48.356192000003404],[38.42797,48.356154],[38.42785238095237,48.356192]]]}},{"type":"Feature","properties":{"cadnum":"1420986000:01:042:0005"},"geometry":{"type":"Polygon","coordinates":[[[38.426272,48.360403],[38.42488,48.360195],[38.424768,48.36069009540636],[38.424768,48.360688],[38.424291,48.362797],[38.424597,48.36282394339623],[38.424597,48.362824],[38.424664440792355,48.3628298815792],[38.424768,48.362839],[38.424768,48.36283891308165],[38.428014,48.363122],[38.426272,48.360403]]]}},{"type":"Feature","properties":{"cadnum":"1420986000:01:042:0006"},"geometry":{"type":"Polygon","coordinates":[[[38.429128,48.363221],[38.429568,48.362979],[38.428096,48.360681],[38.426272,48.360403],[38.428014,48.363122],[38.429128,48.363221]]]}},{"type":"Feature","properties":{"cadnum":"1420986000:01:019:0013"},"geometry":{"type":"Polygon","coordinates":[[[38.408099,48.398384],[38.406378,48.398244],[38.404254,48.398336],[38.404011,48.398942],[38.408117,48.39966568489948],[38.408117,48.399666],[38.409244,48.399863],[38.409442,48.399475],[38.409563,48.398736],[38.409446,48.398416],[38.408169292706084,48.39838621976966],[38.408099,48.398384]]]}},{"type":"Feature","properties":{"cadnum":"1420986000:01:048:0001"},"geometry":{"type":"Polygon","coordinates":[[[38.463561,48.366742],[38.463254,48.367255],[38.463255242950105,48.367255],[38.463049,48.367602],[38.463049,48.367602367464116],[38.46114710445206,48.370791],[38.461147,48.370791],[38.461131,48.370818],[38.461393,48.370905],[38.46139501734104,48.370905],[38.462181,48.371164],[38.46233653887399,48.370905],[38.462337,48.370905],[38.463221,48.369433],[38.463221,48.369432184993535],[38.46452663537626,48.367255],[38.464527,48.367255],[38.46463,48.367085],[38.463561,48.366742]]]}},{"type":"Feature","properties":{"cadnum":"1420986000:01:012:0001"},"geometry":{"type":"Polygon","coordinates":[[[38.428369,48.410872],[38.428494273885356,48.410916],[38.428493,48.410916],[38.429614,48.41131],[38.43009,48.411304410958905],[38.43009,48.411305],[38.430125,48.411304],[38.43083,48.411721],[38.431064,48.411912],[38.431427,48.410916],[38.43142635170278,48.410916],[38.431976,48.409414],[38.43009,48.409091],[38.43009,48.40909150568679],[38.429119,48.408925],[38.428369,48.410872]]]}},{"type":"Feature","properties":{"cadnum":"1420986000:01:010:0004"},"geometry":{"type":"Polygon","coordinates":[[[38.425018,48.410761],[38.424901,48.411029],[38.424902335766426,48.411029],[38.424768,48.41134093220339],[38.424768,48.41134],[38.423671,48.413883],[38.424597,48.41364495806746],[38.424597,48.413646],[38.427067,48.413009],[38.427736,48.411405],[38.42614588139059,48.411029],[38.426148,48.411029],[38.425018,48.410761]]]}},{"type":"Feature","properties":{"cadnum":"1420986000:01:043:0002"},"geometry":{"type":"Polygon","coordinates":[[[38.430264,48.364442],[38.43009,48.365623],[38.43009,48.36562401937045],[38.4298658450805,48.367141],[38.429865,48.367141],[38.429635,48.368702],[38.430262,48.368742],[38.430262,48.36874150287356],[38.431482,48.368816],[38.43171218925373,48.367255],[38.431713,48.367255],[38.432102,48.364632],[38.430264,48.364442]]]}},{"type":"Feature","properties":{"cadnum":"1420986000:01:042:0003"},"geometry":{"type":"Polygon","coordinates":[[[38.432664,48.361374],[38.432452,48.361341],[38.431595,48.361866],[38.43380318275862,48.363492],[38.433802,48.363492],[38.435174,48.364501],[38.435583,48.364351056798625],[38.435583,48.364352],[38.436337,48.364075],[38.435755,48.36364737665782],[38.435755,48.363647],[38.435544,48.363492],[38.43554303763442,48.363492],[38.432664,48.361374]]]}},{"type":"Feature","properties":{"cadnum":"1420986000:01:043:0010"},"geometry":{"type":"Polygon","coordinates":[[[38.433962,48.364791],[38.433849,48.36616],[38.435583,48.36626644176285],[38.435583,48.366267],[38.438331,48.366435],[38.438476,48.364973],[38.43558751890597,48.36485718119361],[38.433962,48.364791]]]}},{"type":"Feature","properties":{"cadnum":"1420986000:01:043:0007"},"geometry":{"type":"Polygon","coordinates":[[[38.433849,48.36616],[38.433759,48.367255],[38.433759689243026,48.367255],[38.433728,48.367643],[38.435755,48.367767],[38.435755,48.36776647816092],[38.438193,48.367915],[38.438206,48.367786],[38.43825457209302,48.367255],[38.438255,48.367255],[38.438331,48.366435],[38.435755,48.36627751528384],[38.435755,48.366277],[38.433849,48.36616]]]}},{"type":"Feature","properties":{"cadnum":"1420986000:01:034:0010"},"geometry":{"type":"Polygon","coordinates":[[[38.41361960179005,48.377615483221206],[38.413574,48.377651],[38.41306745591398,48.378088],[38.413066,48.378088],[38.413035,48.378116],[38.413125,48.378202],[38.41312522752809,48.378202],[38.413782,48.378828],[38.413782,48.37882767574108],[38.415263,48.380237],[38.417311,48.379286],[38.416054,48.378088],[38.41605329598308,48.378088],[38.414683,48.376783],[38.41361960179005,48.377615483221206]]]}},{"type":"Feature","properties":{"cadnum":"1420986000:01:003:0008"},"geometry":{"type":"Polygon","coordinates":[[[38.417374,48.372984],[38.417572,48.374264],[38.41773100689655,48.37444],[38.41773,48.37444],[38.41798,48.374715],[38.419275,48.375971],[38.419275,48.375969606679035],[38.419643,48.376326],[38.420085,48.37444],[38.42008480434782,48.37444],[38.420469,48.372806],[38.419629,48.372719],[38.419104,48.372664],[38.419104,48.37266402529511],[38.417496,48.372495],[38.417374,48.372984]]]}},{"type":"Feature","properties":{"cadnum":"1420986000:01:034:0017"},"geometry":{"type":"Polygon","coordinates":[[[38.41707815094896,48.37449513207067],[38.417142,48.37444],[38.41714197692308,48.37444],[38.417311,48.374294],[38.417239,48.373005],[38.415802,48.372972],[38.414576,48.372531],[38.413956,48.373262],[38.41361,48.373588],[38.41361,48.37358869085173],[38.413148,48.374023],[38.41361,48.374316668769715],[38.41361,48.374318],[38.41380230508474,48.37444],[38.413802,48.37444],[38.415653,48.375616],[38.416578,48.374927],[38.417009975359335,48.374554],[38.41701,48.374554],[38.41707815094896,48.37449513207067]]]}},{"type":"Feature","properties":{"cadnum":"1420986000:01:034:0011"},"geometry":{"type":"Polygon","coordinates":[[[38.416161,48.375622],[38.414683,48.376783],[38.416173,48.378202],[38.41617361435727,48.378202],[38.417311,48.379286],[38.419121,48.378441],[38.418869813031165,48.378202],[38.41887,48.378202],[38.416161,48.375622]]]}},{"type":"Feature","properties":{"cadnum":"1420986000:01:026:0009"},"geometry":{"type":"Polygon","coordinates":[[[38.391809,48.394599],[38.391368,48.394567],[38.39103,48.395387],[38.391638,48.395411975609754],[38.391638,48.395412],[38.392271,48.395438],[38.396592,48.395748],[38.396915,48.394966],[38.391809,48.394599281409896],[38.391809,48.394599]]]}},{"type":"Feature","properties":{"cadnum":"1420986000:01:102:0020"},"geometry":{"type":"Polygon","coordinates":[[[38.391374,48.392795],[38.39137553398058,48.392795],[38.391472,48.392887],[38.391485,48.392887],[38.391638,48.392887944444446],[38.391638,48.392888],[38.391655145251455,48.39288805027933],[38.391809,48.392889],[38.391809,48.392888501466274],[38.39232,48.39289],[38.392357272727274,48.392795],[38.392358,48.392795],[38.39259,48.392211],[38.392657,48.392065],[38.391732,48.391185],[38.390334,48.391799],[38.391374,48.392795]]]}},{"type":"Feature","properties":{"cadnum":"1420986000:01:026:0006"},"geometry":{"type":"Polygon","coordinates":[[[38.38737,48.392795],[38.387372006666666,48.392795],[38.386306,48.395381],[38.387038,48.395319],[38.387474,48.39531],[38.38851885844983,48.39277358922937],[38.389028,48.391543],[38.388256,48.391301],[38.38799,48.391295],[38.38737,48.392795]]]}},{"type":"Feature","properties":{"cadnum":"1420986000:01:026:0004"},"geometry":{"type":"Polygon","coordinates":[[[38.386316,48.39134313043478],[38.386316,48.391343],[38.385766,48.39139],[38.385233060498216,48.392681],[38.385233,48.392681],[38.38519472660774,48.39277386054503],[38.385186,48.392795],[38.385186013772255,48.392795],[38.384006,48.395658],[38.38485,48.395509],[38.385178,48.395482],[38.386145,48.393133328646755],[38.386145,48.393135],[38.386283843013715,48.39279610361169],[38.386316,48.392718],[38.386316,48.392717612903226],[38.38632722580587,48.3926902122803],[38.386904,48.391292],[38.386316,48.39134313043478]]]}},{"type":"Feature","properties":{"cadnum":"1420986000:01:102:0021"},"geometry":{"type":"Polygon","coordinates":[[[38.390334,48.391799],[38.389212,48.392291],[38.389185,48.392405],[38.389131,48.392602],[38.38915105699482,48.392681],[38.389151,48.392681],[38.3891580597019,48.39270858209114],[38.38918,48.392795],[38.38918017857143,48.392795],[38.389194,48.392849],[38.389607,48.392887],[38.390657,48.392885],[38.391472,48.392887],[38.391256,48.392681],[38.391254963855424,48.392681],[38.390334,48.391799]]]}},{"type":"Feature","properties":{"cadnum":"1420986000:01:026:0005"},"geometry":{"type":"Polygon","coordinates":[[[38.38799,48.391295],[38.387114,48.391274],[38.386904,48.391292],[38.3863310259481,48.392681],[38.386331,48.392681],[38.38632722580597,48.39269021228005],[38.386284,48.392795],[38.386284295154184,48.392795],[38.386283843013715,48.39279610361169],[38.385178,48.395482],[38.385627,48.395441],[38.386306,48.395381],[38.387419,48.392681],[38.387417119999995,48.392681],[38.38799,48.391295]]]}},{"type":"Feature","properties":{"cadnum":"1420986000:01:026:0007"},"geometry":{"type":"Polygon","coordinates":[[[38.389481,48.391685],[38.389028,48.391543],[38.388557166134184,48.392681],[38.388557,48.392681],[38.38851885844983,48.39277358922937],[38.38851,48.392795],[38.38851003841765,48.392795],[38.387474,48.39531],[38.388489,48.395294],[38.389122,48.395279],[38.390065,48.39298],[38.389153,48.392956],[38.388978,48.392839],[38.389047,48.392681],[38.38904670810811,48.392681],[38.389481,48.391685]]]}},{"type":"Feature","properties":{"cadnum":"1420986000:01:102:0016"},"geometry":{"type":"Polygon","coordinates":[[[38.381845,48.391831],[38.382021,48.39168],[38.382088,48.391575],[38.382164,48.391373],[38.382277,48.39125],[38.382564,48.391203],[38.383202,48.391214],[38.383588,48.39125],[38.383912,48.391286],[38.384158,48.391259],[38.384321,48.391238],[38.384598,48.391134],[38.385196,48.390898],[38.384487,48.39029],[38.384518,48.390615],[38.384675,48.390829],[38.384805,48.390827],[38.384474,48.391026],[38.384388,48.391163],[38.384321,48.391218],[38.384271,48.391229],[38.384226,48.391214],[38.384164,48.391161],[38.384195,48.390984],[38.384464,48.390829],[38.384415,48.390621],[38.384329,48.390343],[38.383399,48.390657],[38.382407,48.390731],[38.381608,48.390937],[38.381145,48.391396],[38.381845,48.391831]]]}},{"type":"Feature","properties":{"cadnum":"1420986000:01:102:0015"},"geometry":{"type":"Polygon","coordinates":[[[38.386248,48.391268],[38.386316,48.391264],[38.386316,48.391263565217386],[38.386432,48.391256],[38.386621,48.391241],[38.386921,48.39122],[38.387474,48.391223],[38.3879,48.391244],[38.387132,48.390511],[38.386669,48.390576],[38.386346,48.390513],[38.38630695683503,48.390528539568145],[38.38464,48.391181],[38.384352,48.391289],[38.384177,48.391313],[38.383871,48.391346],[38.384082,48.391366],[38.384527,48.391435],[38.38494,48.391512],[38.385156,48.391474],[38.3856,48.391358],[38.385799,48.391322],[38.386139,48.39128],[38.386145,48.39127933944954],[38.386145,48.39128],[38.386248,48.391268]]]}},{"type":"Feature","properties":{"cadnum":"1420986000:01:102:0004"},"geometry":{"type":"Polygon","coordinates":[[[38.386316,48.39010918336484],[38.386674,48.390522],[38.387244,48.390442],[38.387856,48.390257],[38.388201,48.390113],[38.387505,48.389452],[38.387433,48.389651],[38.386759,48.389472],[38.386316,48.38963722312704],[38.386316,48.389637],[38.386116,48.389711],[38.386009,48.389755],[38.386316,48.39011],[38.386316,48.39010918336484]]]}},{"type":"Feature","properties":{"cadnum":"1420986000:01:026:0001"},"geometry":{"type":"Polygon","coordinates":[[[38.38348,48.391325],[38.382308,48.391259],[38.381641,48.392795],[38.381641558799,48.392795],[38.380651,48.395079],[38.380651,48.39507974141876],[38.380386,48.395691],[38.380823,48.395762],[38.380823,48.3957614859967],[38.381258,48.395831],[38.381608,48.395876],[38.382922,48.392681],[38.382921918367344,48.392681],[38.38348,48.391325]]]}},{"type":"Feature","properties":{"cadnum":"1420986000:01:026:0019"},"geometry":{"type":"Polygon","coordinates":[[[38.384567,48.391515],[38.383556,48.391327],[38.38348,48.391325],[38.382875,48.392795],[38.38287511549296,48.392795],[38.381608,48.395876],[38.381765,48.395896],[38.382713,48.395888],[38.382776,48.395876],[38.384087,48.392681],[38.384086935937496,48.392681],[38.384567,48.391515]]]}},{"type":"Feature","properties":{"cadnum":"1420986000:01:029:0001"},"geometry":{"type":"Polygon","coordinates":[[[38.386145,48.388763137755106],[38.386145,48.388764],[38.386669,48.388515],[38.386145,48.388369],[38.386145,48.38836906674082],[38.384518,48.387913],[38.384365,48.388384],[38.383685,48.389147],[38.38368597560976,48.389147],[38.383678,48.389156],[38.383575,48.389535],[38.384644,48.389476],[38.38542884210073,48.389102947370574],[38.386145,48.388763137755106]]]}},{"type":"Feature","properties":{"cadnum":"1420986000:01:102:0003"},"geometry":{"type":"Polygon","coordinates":[[[38.386338,48.390454],[38.386674,48.390522],[38.386145,48.389912],[38.386145,48.38991226384365],[38.386009,48.389755],[38.38573,48.389872],[38.384487,48.39029],[38.385196,48.390898],[38.386316,48.390463],[38.386316,48.390462549222796],[38.386338,48.390454]]]}},{"type":"Feature","properties":{"cadnum":"1420986000:01:106:0002"},"geometry":{"type":"Polygon","coordinates":[[[38.381734,48.39241],[38.381868,48.392437],[38.382245,48.391396],[38.381921,48.391846],[38.381841,48.391948],[38.381818,48.392121],[38.381761,48.392258],[38.3813931396648,48.392681],[38.381393,48.392681],[38.38130290466642,48.392784760587006],[38.381294,48.392795],[38.38129401378255,48.392795],[38.380826,48.393334],[38.380651,48.393515],[38.380651,48.3935155483871],[38.380606,48.393562],[38.380507,48.393663],[38.380332,48.3938],[38.380036,48.393946],[38.379707,48.394134],[38.379497,48.394223],[38.379214,48.394262],[38.378828,48.39426],[38.380507,48.394782],[38.380823,48.394154],[38.380823,48.39415334545455],[38.381091,48.393621],[38.38152860425532,48.392795],[38.381529,48.392795],[38.381734,48.39241]]]}},{"type":"Feature","properties":{"cadnum":"1420986000:03:000:0019"},"geometry":{"type":"Polygon","coordinates":[[[38.377484,48.395724],[38.37757,48.395518],[38.377026,48.395461],[38.376051,48.395387],[38.376011,48.395587],[38.376973,48.395655],[38.377484,48.395724]]]}},{"type":"Feature","properties":{"cadnum":"1420986000:03:000:0021"},"geometry":{"type":"Polygon","coordinates":[[[38.37756,48.3955],[38.377759,48.394952],[38.37721,48.394912],[38.377026,48.395461],[38.37756,48.3955]]]}},{"type":"Feature","properties":{"cadnum":"1420986000:03:000:0026"},"geometry":{"type":"Polygon","coordinates":[[[38.377592,48.394477],[38.377816,48.393875],[38.377021,48.393803],[38.376214,48.393734],[38.376141,48.394388],[38.377592,48.394477]]]}},{"type":"Feature","properties":{"cadnum":"1420986000:01:102:0001"},"geometry":{"type":"Polygon","coordinates":[[[38.379214,48.394209],[38.379465,48.394173],[38.379658,48.39409],[38.379981,48.393907],[38.380273,48.393765],[38.380444,48.39363],[38.380539,48.393535],[38.37929,48.392757],[38.378822,48.393031],[38.377533,48.393478],[38.377507,48.393496],[38.377583,48.393541],[38.378283,48.393977],[38.378311,48.394059],[38.378468,48.394083],[38.378849,48.394205],[38.379214,48.394209]]]}},{"type":"Feature","properties":{"cadnum":"1420986000:03:000:0015"},"geometry":{"type":"Polygon","coordinates":[[[38.379874,48.396073],[38.379986,48.395759],[38.379141,48.395783],[38.378895,48.395792],[38.378912,48.396034],[38.378917,48.396073],[38.379874,48.396073]]]}},{"type":"Feature","properties":{"cadnum":"1420986000:01:106:0001"},"geometry":{"type":"Polygon","coordinates":[[[38.380153,48.395673],[38.380327,48.395246],[38.380507,48.394782],[38.378828,48.39426],[38.378445,48.394134],[38.378732,48.394402],[38.378952,48.394755],[38.378925,48.395282],[38.379394,48.395655],[38.380153,48.395673]]]}},{"type":"Feature","properties":{"cadnum":"1420986000:03:000:0032"},"geometry":{"type":"Polygon","coordinates":[[[38.378409,48.395262],[38.378432,48.394725],[38.377946,48.39468],[38.377786,48.395217],[38.378409,48.395262]]]}},{"type":"Feature","properties":{"cadnum":"1420986000:03:000:0023"},"geometry":{"type":"Polygon","coordinates":[[[38.378073,48.39451],[38.378325,48.393922],[38.377816,48.393875],[38.377592,48.394477],[38.378073,48.39451]]]}},{"type":"Feature","properties":{"cadnum":"1420986000:01:041:0003"},"geometry":{"type":"Polygon","coordinates":[[[38.403171,48.355795],[38.402796,48.3559513071298],[38.402796,48.355951],[38.40221556338028,48.356192],[38.402214,48.356192],[38.402112,48.356235],[38.402097,48.356306],[38.40209805186778,48.356306],[38.401381,48.359956],[38.40138135888502,48.359956],[38.401347,48.360129],[38.402588,48.360224],[38.40263991623037,48.359956],[38.40264,48.359956],[38.402642,48.359956],[38.403378,48.356192],[38.40337750485437,48.356192],[38.403477,48.355688],[38.403171,48.355795]]]}},{"type":"Feature","properties":{"cadnum":"1420986000:01:503:0001"},"geometry":{"type":"Polygon","coordinates":[[[38.422755,48.431764],[38.42214,48.431633],[38.421892,48.430852],[38.421911,48.429544],[38.419117,48.429687],[38.419031,48.431309],[38.418725,48.432902],[38.41872626369168,48.432902],[38.418654,48.433281],[38.419104,48.433479550724634],[38.419104,48.43348],[38.419966,48.43386],[38.42023,48.433159],[38.420523,48.433025],[38.42094,48.433043],[38.42315,48.433657],[38.424597,48.434139929542646],[38.424597,48.43414],[38.42466552666897,48.43416280000076],[38.424768,48.434197],[38.424768,48.434196894639555],[38.425679,48.4345],[38.426429,48.434831],[38.42971235314686,48.436433],[38.429712,48.436433],[38.42978480416803,48.43646835000066],[38.429946,48.436547],[38.42994678571428,48.436547],[38.430058,48.436601],[38.43011232142858,48.436547],[38.430113,48.436547],[38.430773,48.435892],[38.430993,48.435623],[38.43101,48.435495],[38.430746,48.434968],[38.430262,48.43417264634146],[38.430262,48.434172],[38.430044,48.433814],[38.429381,48.433308],[38.426328,48.432788],[38.42632695312501,48.432788],[38.42474,48.432518],[38.423949,48.432116],[38.422755,48.431764]]]}},{"type":"Feature","properties":{"cadnum":"1420986000:01:043:0013"},"geometry":{"type":"Polygon","coordinates":[[[38.426406,48.369723],[38.426199,48.370672],[38.428138751072915,48.370791],[38.428135,48.370791],[38.430262,48.370922],[38.430262,48.370921519877676],[38.43336,48.371111],[38.43338049999993,48.37084860000098],[38.433436,48.370153],[38.430262,48.3699594865511],[38.430262,48.369959],[38.426406,48.369723]]]}},{"type":"Feature","properties":{"cadnum":"1420986000:01:043:0014"},"geometry":{"type":"Polygon","coordinates":[[[38.426667,48.368521],[38.426406,48.369723],[38.43009,48.36994847302905],[38.43009,48.369949],[38.433436,48.370153],[38.43353,48.368941],[38.43009,48.368731],[38.43009,48.36873142642559],[38.426667,48.368521]]]}},{"type":"Feature","properties":{"cadnum":"1420986000:01:043:0005"},"geometry":{"type":"Polygon","coordinates":[[[38.433728,48.367643],[38.43361,48.369016],[38.435583,48.36913649557109],[38.435583,48.369137],[38.438061,48.369288],[38.438071,48.369186],[38.438193,48.367915],[38.435583,48.367756],[38.435583,48.367756478046374],[38.433728,48.367643]]]}},{"type":"Feature","properties":{"cadnum":"1420986000:01:043:0009"},"geometry":{"type":"Polygon","coordinates":[[[38.435755,48.369147],[38.43361,48.369016],[38.433499,48.370392],[38.435583,48.37052040248227],[38.435583,48.370521],[38.436876,48.3706],[38.436916,48.370389],[38.437945,48.370482],[38.437964,48.370281],[38.438061,48.369288],[38.435755,48.369147481033096],[38.435755,48.369147]]]}},{"type":"Feature","properties":{"cadnum":"1420986000:01:043:0008"},"geometry":{"type":"Polygon","coordinates":[[[38.436849,48.370741],[38.436876,48.3706],[38.435755,48.37053150889404],[38.435755,48.370531],[38.433499,48.370392],[38.43363044444444,48.370791],[38.43363,48.370791],[38.434069,48.372119],[38.435583,48.372212390272836],[38.435583,48.372213],[38.437752,48.372346],[38.43782,48.371537],[38.437878,48.370821],[38.436849,48.370741]],[[38.435583,48.37061130417228],[38.435583,48.370612],[38.435929,48.370663],[38.43614647572815,48.370791],[38.436145,48.370791],[38.436279,48.370869],[38.436301,48.370905],[38.43630124892704,48.370905],[38.436423,48.371102],[38.436279,48.371334],[38.435929,48.37143],[38.43560563551406,48.37136364485982],[38.435493,48.37134],[38.434985,48.3712],[38.435001,48.370791],[38.43500081266491,48.370791],[38.435012,48.370526],[38.435583,48.37061130417228]],[[38.434149,48.37134],[38.434231,48.371212],[38.434424,48.371161],[38.434618,48.371212],[38.434694,48.371343],[38.434618,48.371471],[38.434424,48.371526],[38.434231,48.371471],[38.434149,48.37134]]]}},{"type":"Feature","properties":{"cadnum":"1420986000:01:008:0003"},"geometry":{"type":"Polygon","coordinates":[[[38.424736,48.421551],[38.424673,48.4209],[38.423635,48.420373],[38.42302220200753,48.421853],[38.423022,48.421853],[38.42298796747983,48.42193568157145],[38.422975,48.421967],[38.422975076517154,48.421967],[38.42271,48.422611],[38.424768,48.422991],[38.424768,48.422990571315374],[38.427121,48.423425],[38.427224,48.422742],[38.42562,48.422352],[38.42519487975952,48.421967],[38.425195,48.421967],[38.424768,48.42158000217865],[38.424768,48.42158],[38.424736,48.421551]]]}},{"type":"Feature","properties":{"cadnum":"1420986000:01:008:0002"},"geometry":{"type":"Polygon","coordinates":[[[38.423635,48.420373],[38.421794,48.41943],[38.42079118171068,48.421853],[38.420791,48.421853],[38.420635,48.42223],[38.42271,48.422611],[38.42298796747983,48.42193568157145],[38.423635,48.420373]]]}},{"type":"Feature","properties":{"cadnum":"1420986000:01:034:0004"},"geometry":{"type":"Polygon","coordinates":[[[38.412729,48.381475],[38.412699,48.381433],[38.411251,48.37958],[38.410785,48.379945],[38.4099,48.380151],[38.411136147058826,48.381737],[38.411136,48.381737],[38.412932,48.38404],[38.413395,48.383289],[38.41361,48.38333455555555],[38.41361,48.383335],[38.414293,48.38348],[38.413782,48.38282535139092],[38.413782,48.382825],[38.41302195772059,48.381851],[38.413022,48.381851],[38.412729,48.381475]]]}},{"type":"Feature","properties":{"cadnum":"1420986000:01:029:0014"},"geometry":{"type":"Polygon","coordinates":[[[38.421907,48.388265],[38.421843,48.38799],[38.419104,48.388855],[38.419104,48.388855729508194],[38.418539817391306,48.389033],[38.418539,48.389033],[38.418372377211796,48.38908561098536],[38.418177,48.389147],[38.41817795377128,48.389147],[38.414634,48.390266],[38.414791,48.390958],[38.419104,48.38959696186441],[38.419104,48.389598],[38.42089,48.389033],[38.420889974358985,48.389033],[38.422014,48.388679],[38.421907,48.388265]],[[38.415488,48.390552],[38.415523,48.390573],[38.415492,48.390597],[38.415456,48.390579],[38.415488,48.390552]]]}},{"type":"Feature","properties":{"cadnum":"1420986000:01:032:0001"},"geometry":{"type":"Polygon","coordinates":[[[38.427507,48.388044],[38.42831,48.387647],[38.428693,48.3875],[38.428396,48.386653],[38.428356,48.386529],[38.424597,48.387696],[38.424597,48.38769606896552],[38.422274,48.388417],[38.422324,48.388638],[38.422346,48.388963],[38.422342576086955,48.389033],[38.422342,48.389033],[38.42233872931277,48.38911164516108],[38.422337,48.389147],[38.422337258979205,48.389147],[38.42232,48.389562],[38.422486,48.389604],[38.4239554430823,48.389147],[38.423956,48.389147],[38.424597,48.38894806896552],[38.424597,48.388949],[38.427507,48.388044]]]}},{"type":"Feature","properties":{"cadnum":"1420986000:01:029:0013"},"geometry":{"type":"Polygon","coordinates":[[[38.422014,48.388679],[38.420528,48.389147],[38.42052963893804,48.389147],[38.419275,48.38954390425532],[38.419275,48.389543],[38.414791,48.390958],[38.414953,48.391653],[38.419104,48.39034392711707],[38.419104,48.390344],[38.422063,48.38941],[38.422113,48.389072],[38.422014,48.388679]],[[38.419884,48.389586],[38.420096,48.389523],[38.42023,48.389518],[38.420374,48.389624],[38.420455,48.389759],[38.42045,48.389878],[38.420024,48.389962],[38.419826,48.389655],[38.419884,48.389586]]]}},{"type":"Feature","properties":{"cadnum":"1420986000:01:029:0012"},"geometry":{"type":"Polygon","coordinates":[[[38.41926983866913,48.39103862628123],[38.419275,48.391037],[38.419275,48.391036996274835],[38.42152,48.390328],[38.421861,48.390063],[38.422018,48.38972],[38.422063,48.38941],[38.419275,48.39029002433254],[38.419275,48.39029],[38.414953,48.391653],[38.415106,48.392318],[38.415861,48.392142],[38.41732,48.391653],[38.419104,48.391090880306905],[38.419104,48.391091],[38.41926983866913,48.39103862628123]]]}},{"type":"Feature","properties":{"cadnum":"1420986000:01:036:0020"},"geometry":{"type":"Polygon","coordinates":[[[38.4016,48.374616],[38.401011,48.375171],[38.400984,48.375195],[38.402624,48.37565387417218],[38.402624,48.375654],[38.407317,48.376964],[38.407506,48.376263],[38.40269295480186,48.37492122316373],[38.4016,48.374616]]]}},{"type":"Feature","properties":{"cadnum":"1420986000:01:036:0019"},"geometry":{"type":"Polygon","coordinates":[[[38.402796,48.37640896812749],[38.407142,48.377621],[38.407317,48.376964],[38.402796,48.37570201193266],[38.402796,48.375702],[38.400984,48.375195],[38.400401,48.375741],[38.402796,48.376409],[38.402796,48.37640896812749]]]}},{"type":"Feature","properties":{"cadnum":"1420986000:01:036:0032"},"geometry":{"type":"Polygon","coordinates":[[[38.399852,48.376261],[38.400401,48.375741],[38.400984,48.375195],[38.401011,48.375171],[38.398644,48.374509],[38.397131,48.37578],[38.397131,48.37578054723127],[38.396996,48.375894],[38.397131,48.375931817589574],[38.397131,48.375932],[38.39727171337579,48.375971235668786],[38.397303,48.37598],[38.397303,48.37597995944233],[38.399498,48.376592],[38.399852,48.376261]]]}},{"type":"Feature","properties":{"cadnum":"1420986000:01:031:0002"},"geometry":{"type":"Polygon","coordinates":[[[38.4334,48.385359],[38.433701042857116,48.385385],[38.433699,48.385385],[38.434336070416855,48.38543984506993],[38.435021,48.385499],[38.43502320338985,48.385499],[38.435583,48.38554719260701],[38.435583,48.385548],[38.43866,48.385813],[38.43871942523364,48.385499],[38.43872,48.385499],[38.438884,48.384658],[38.43560271836633,48.38437370840738],[38.433624,48.384201],[38.4334,48.385359]]]}},{"type":"Feature","properties":{"cadnum":"1420986000:01:032:0005"},"geometry":{"type":"Polygon","coordinates":[[[38.433197,48.385127],[38.433436,48.383817],[38.43009,48.384856],[38.43009,48.38485627636849],[38.42838304310346,48.385385],[38.428383,48.385385],[38.428342687488744,48.385397500003485],[38.428015,48.385499],[38.428015349999995,48.385499],[38.427996,48.385505],[38.42801,48.385538],[38.428356,48.386529],[38.428396,48.386653],[38.430262,48.386075],[38.430262,48.38607351131601],[38.432109417789746,48.385499],[38.43211,48.385499],[38.433193,48.385163],[38.433197,48.385127]]]}},{"type":"Feature","properties":{"cadnum":"1420986000:01:032:0006"},"geometry":{"type":"Polygon","coordinates":[[[38.433436,48.383817],[38.433553,48.383193],[38.433679,48.382477],[38.43009,48.383825],[38.43009,48.38382543657817],[38.429245,48.384142],[38.427677,48.384592],[38.427954156560084,48.385385],[38.427954,48.385385],[38.427996,48.385505],[38.428342687488104,48.385397500003684],[38.430262,48.384803],[38.430262,48.384802590555886],[38.433436,48.383817]]]}},{"type":"Feature","properties":{"cadnum":"1420986000:01:031:0001"},"geometry":{"type":"Polygon","coordinates":[[[38.4333948,48.385385],[38.433394,48.385385],[38.433067,48.387047],[38.435583,48.38678772470238],[38.435583,48.386788],[38.438524,48.386483],[38.43866,48.385813],[38.435755,48.385562813129674],[38.435755,48.385562],[38.43433607041375,48.38543984506967],[38.4334,48.385359],[38.4333948,48.385385]]]}},{"type":"Feature","properties":{"cadnum":"1420986000:01:031:0003"},"geometry":{"type":"Polygon","coordinates":[[[38.435755,48.384386902150865],[38.438884,48.384658],[38.438902,48.384557],[38.439109,48.383509],[38.435583,48.383206],[38.435583,48.383206110178385],[38.433849,48.383056],[38.433624,48.384201],[38.435583,48.38437198732989],[38.435583,48.384372],[38.43560271836633,48.38437370840738],[38.435755,48.384387],[38.435755,48.384386902150865]]]}},{"type":"Feature","properties":{"cadnum":"1420986000:04:000:0001"},"geometry":{"type":"Polygon","coordinates":[[[38.421237,48.434896],[38.421345,48.434661],[38.421865,48.433749],[38.421241,48.433555],[38.420873,48.434414],[38.420746,48.434673],[38.421237,48.434896]]]}},{"type":"Feature","properties":{"cadnum":"1420986000:01:043:0004"},"geometry":{"type":"Polygon","coordinates":[[[38.44070346069634,48.367211673715744],[38.440657,48.367141],[38.44065690746268,48.367141],[38.44007,48.36625],[38.438866,48.365211],[38.438704,48.36503],[38.438476,48.364973],[38.438331,48.366435],[38.438265565853655,48.367141],[38.438265,48.367141],[38.438206,48.367786],[38.441076,48.36804167718606],[38.441076,48.368042],[38.44122758389189,48.368055181207986],[38.441248,48.368057],[38.441248,48.368056956521734],[38.44126,48.368058],[38.44120762808337,48.36797858823511],[38.4407319432703,48.367255],[38.440732,48.367255],[38.44070346069634,48.367211673715744]]]}},{"type":"Feature","properties":{"cadnum":"1420986000:01:200:0005"},"geometry":{"type":"Polygon","coordinates":[[[38.438965,48.362824],[38.43839,48.36192],[38.437065,48.362257],[38.437675,48.36317],[38.437581,48.363194],[38.43786,48.363606],[38.43786065828402,48.363606],[38.438704,48.364844],[38.439625,48.365865],[38.44007,48.36625],[38.440732,48.367255],[38.44073219831224,48.367255],[38.441076,48.36777620042645],[38.441076,48.367778],[38.441126,48.367852],[38.441248,48.368022],[38.441248,48.368020421052634],[38.442285,48.369452],[38.442715,48.369354],[38.441508,48.367141],[38.44150785882353,48.367141],[38.441292,48.366745],[38.441248,48.36667227777779],[38.441248,48.366672],[38.440914,48.366119],[38.440726,48.365808],[38.440677,48.365731],[38.439325,48.363492],[38.4393243945946,48.363492],[38.439059,48.363051],[38.438965,48.362824]]]}},{"type":"Feature","properties":{"cadnum":"1420986000:01:030:0002"},"geometry":{"type":"Polygon","coordinates":[[[38.4307,48.390606],[38.43023538860109,48.39059000518135],[38.429299,48.390555],[38.42776,48.392795],[38.42776173333334,48.392795],[38.426079,48.395246],[38.427448,48.395324],[38.427467,48.395324],[38.42919892962543,48.392795],[38.429199,48.392795],[38.430262,48.391246],[38.430262,48.39124504918033],[38.4307,48.390606]]]}},{"type":"Feature","properties":{"cadnum":"1420986000:01:030:0003"},"geometry":{"type":"Polygon","coordinates":[[[38.433243,48.390594],[38.431837,48.390544],[38.430291,48.392795],[38.43029195599023,48.392795],[38.43019651997759,48.392934404747024],[38.428599,48.395262],[38.430058,48.395241],[38.43009,48.395194411764706],[38.43009,48.395195],[38.43023531645569,48.39498284810127],[38.430262,48.394944],[38.430262,48.39494389198607],[38.43173391408115,48.392795],[38.431734,48.392795],[38.433243,48.390594]]]}},{"type":"Feature","properties":{"cadnum":"1420986000:01:014:0007"},"geometry":{"type":"Polygon","coordinates":[[[38.42405852751928,48.396442],[38.4219,48.400089],[38.421900375722544,48.400089],[38.421865,48.400149],[38.423456,48.400385],[38.423697,48.399976],[38.42369694117647,48.399976],[38.424597,48.398456656414766],[38.424597,48.398457],[38.42471247478278,48.398261729299016],[38.424768,48.398168],[38.424768,48.39816783478951],[38.42578858525129,48.396442],[38.425789,48.396442],[38.426312,48.39556],[38.42488,48.395485],[38.424641,48.395458],[38.424058,48.396442],[38.42405852751928,48.396442]]]}},{"type":"Feature","properties":{"cadnum":"1420986000:01:014:0009"},"geometry":{"type":"Polygon","coordinates":[[[38.427233,48.39638],[38.427196,48.396442],[38.42719630816932,48.396442],[38.425038,48.400089],[38.42503928689884,48.400089],[38.42475,48.400579],[38.427641,48.401008],[38.42755,48.399976],[38.42754906794284,48.399976],[38.427238449447294,48.396442],[38.427239,48.396442],[38.427233,48.39638]]]}},{"type":"Feature","properties":{"cadnum":"1420986000:01:013:0005"},"geometry":{"type":"Polygon","coordinates":[[[38.43009,48.395585],[38.43009,48.395585244573084],[38.427498,48.395604],[38.427581,48.396442],[38.42758136728838,48.396442],[38.427709,48.397722],[38.43009,48.39686118409714],[38.43009,48.396862],[38.43144210463532,48.396371494649955],[38.433696,48.395557],[38.43009,48.395585]]]}},{"type":"Feature","properties":{"cadnum":"1420986000:01:101:0010"},"geometry":{"type":"Polygon","coordinates":[[[38.353186,48.394127],[38.355301,48.393907],[38.355641,48.393329],[38.353186,48.393581],[38.353186,48.394127]]]}},{"type":"Feature","properties":{"cadnum":"1420986000:01:101:0011"},"geometry":{"type":"Polygon","coordinates":[[[38.353186,48.393581],[38.355641,48.393329],[38.355903,48.392887],[38.353186,48.393168],[38.353186,48.393581]]]}},{"type":"Feature","properties":{"cadnum":"1420986000:01:101:0008"},"geometry":{"type":"Polygon","coordinates":[[[38.353186,48.395225],[38.354492,48.395091],[38.354694,48.394928],[38.354955,48.394492],[38.353186,48.394675],[38.353186,48.395225]]]}},{"type":"Feature","properties":{"cadnum":"1420986000:01:101:0001"},"geometry":{"type":"Polygon","coordinates":[[[38.353186,48.394675],[38.354955,48.394492],[38.355301,48.393907],[38.353186,48.394127],[38.353186,48.394675]]]}},{"type":"Feature","properties":{"cadnum":"1420986000:01:101:0007"},"geometry":{"type":"Polygon","coordinates":[[[38.354196,48.396225],[38.354429,48.395652],[38.353186,48.395781],[38.353186,48.396328],[38.349884,48.396328],[38.349884,48.396329],[38.349844,48.396672],[38.353186,48.39632841123729],[38.353186,48.396329],[38.354196,48.396225]]]}},{"type":"Feature","properties":{"cadnum":"1420986000:01:101:0009"},"geometry":{"type":"Polygon","coordinates":[[[38.353186,48.395781],[38.354429,48.395652],[38.354483,48.395521],[38.354419,48.395148],[38.354492,48.395091],[38.353186,48.395225],[38.353186,48.395781]]]}},{"type":"Feature","properties":{"cadnum":"1420986000:01:101:0005"},"geometry":{"type":"Polygon","coordinates":[[[38.354196,48.396225],[38.353195711538504,48.396328],[38.353191,48.396328],[38.35319,48.396328],[38.349844,48.396672],[38.349775,48.397242],[38.353186,48.39689061557789],[38.353186,48.396891],[38.354146,48.396791],[38.354073,48.396526],[38.35410693939394,48.396442],[38.354107,48.396442],[38.354196,48.396225]]]}},{"type":"Feature","properties":{"cadnum":"1420986000:01:102:0007"},"geometry":{"type":"Polygon","coordinates":[[[38.390797,48.388974],[38.391638,48.38859588241107],[38.391638,48.388596],[38.39174965431736,48.3885456821004],[38.391809,48.388519],[38.391809,48.388518937499995],[38.391942,48.388459],[38.391948,48.388459],[38.391638,48.388163],[38.391638,48.388163558011044],[38.391085,48.387635],[38.391044,48.387674],[38.389881,48.388103],[38.390793,48.388977],[38.390797,48.388974]]]}},{"type":"Feature","properties":{"cadnum":"1420986000:01:102:0008"},"geometry":{"type":"Polygon","coordinates":[[[38.392531,48.388216],[38.393267,48.387966],[38.393932,48.387748],[38.393137,48.386991],[38.392468,48.38706],[38.392225,48.387084],[38.391809,48.38718109028961],[38.391809,48.387181],[38.391485,48.387256],[38.391085,48.387635],[38.391809,48.388327],[38.391809,48.38832627741935],[38.391948,48.388459],[38.392531,48.388216]]]}},{"type":"Feature","properties":{"cadnum":"1420986000:01:102:0005"},"geometry":{"type":"Polygon","coordinates":[[[38.388416,48.388619],[38.387783,48.38878],[38.387283204359676,48.389033],[38.387283,48.389033],[38.38723738144149,48.3890561958772],[38.387058,48.389147],[38.3870588,48.389147],[38.386988,48.389183],[38.387357,48.389306],[38.387537,48.389368],[38.387505,48.389452],[38.388201,48.390113],[38.38834,48.390057],[38.389422,48.38958],[38.38885,48.389033],[38.38884960227273,48.389033],[38.388416,48.388619]]]}},{"type":"Feature","properties":{"cadnum":"1420986000:01:102:0006"},"geometry":{"type":"Polygon","coordinates":[[[38.390793,48.388977],[38.389881,48.388103],[38.389877,48.388106],[38.38861,48.388572],[38.388416,48.388619],[38.388969,48.389147],[38.38896921023766,48.389147],[38.389422,48.38958],[38.39043509123987,48.389133815693874],[38.390793,48.388977]]]}},{"type":"Feature","properties":{"cadnum":"1420986000:01:102:0011"},"geometry":{"type":"Polygon","coordinates":[[[38.392571,48.388265],[38.391988,48.388503],[38.391809,48.38858431714286],[38.391809,48.388584],[38.391089,48.388908],[38.391219753138074,48.389033],[38.391219,48.389033],[38.391809,48.389596],[38.391809,48.38959530674847],[38.392127,48.389899],[38.392181,48.389878],[38.393806,48.389162],[38.393671,48.389033],[38.393670520376176,48.389033],[38.392787,48.38819],[38.392571,48.388265]]]}},{"type":"Feature","properties":{"cadnum":"1420986000:01:036:0001"},"geometry":{"type":"Polygon","coordinates":[[[38.39060520971867,48.385385],[38.390605,48.385385],[38.390571851063285,48.38541950591073],[38.390495,48.385499],[38.39049548314606,48.385499],[38.390263,48.385741],[38.389279,48.386538],[38.388673,48.38725],[38.389001,48.387486],[38.39007,48.387158],[38.390833,48.386466],[38.391809,48.386254],[38.391809,48.38625347029703],[38.392244,48.386158],[38.392927,48.386364],[38.394336,48.386075],[38.391864,48.385385],[38.39186366101694,48.385385],[38.391638,48.385322],[38.391638,48.385322134615386],[38.390873,48.385108],[38.39060520971867,48.385385]]]}},{"type":"Feature","properties":{"cadnum":"1420986000:01:102:0012"},"geometry":{"type":"Polygon","coordinates":[[[38.391089,48.388908],[38.390843,48.389019],[38.390811390625,48.389033],[38.39081,48.389033],[38.39068519798231,48.38908889155109],[38.390554,48.389147],[38.39055544578313,48.389147],[38.390254,48.389282],[38.391286,48.390269],[38.391638,48.39011420076482],[38.391638,48.390115],[38.392127,48.389899],[38.391638,48.389432],[38.391638,48.389432825423725],[38.39133846714032,48.389147],[38.391339,48.389147],[38.391089,48.388908]]]}},{"type":"Feature","properties":{"cadnum":"1420986000:01:038:0004"},"geometry":{"type":"Polygon","coordinates":[[[38.40176,48.363606],[38.401760699438206,48.363606],[38.399709,48.364928],[38.402624,48.36537370132815],[38.402624,48.365374],[38.40424,48.36562],[38.405745,48.364457],[38.40615,48.364152],[38.402796,48.363639292682926],[38.402796,48.363639],[38.401919,48.363504],[38.40176,48.363606]]]}},{"type":"Feature","properties":{"cadnum":"1420986000:01:038:0003"},"geometry":{"type":"Polygon","coordinates":[[[38.402796,48.36679],[38.402796,48.36678963469676],[38.40341,48.366309],[38.403841,48.365931],[38.40424,48.36562],[38.402796,48.36540018316832],[38.402796,48.3654],[38.399709,48.364928],[38.398837,48.365492],[38.398886,48.365656],[38.398684,48.365835],[38.398491,48.366223],[38.402624,48.36685227624703],[38.402624,48.366853],[38.402701,48.366864],[38.402796,48.36679]]]}},{"type":"Feature","properties":{"cadnum":"1420986000:01:037:0009"},"geometry":{"type":"Polygon","coordinates":[[[38.397303,48.362304],[38.394822,48.361604],[38.394126,48.362132],[38.393797,48.362385],[38.397131,48.36332643183115],[38.397131,48.363327],[38.3979655333258,48.36356218666454],[38.398882,48.363821],[38.39931571711283,48.363498894062936],[38.399929,48.363045],[38.397303,48.362304501786994],[38.397303,48.362304]]]}},{"type":"Feature","properties":{"cadnum":"1420986000:01:044:0004"},"geometry":{"type":"Polygon","coordinates":[[[38.42925244186047,48.37444],[38.429252,48.37444],[38.429209,48.374697],[38.43009,48.374764769230765],[38.43009,48.374766],[38.435583,48.375187792586054],[38.435583,48.375188],[38.437897,48.375365],[38.438013,48.374697],[38.435755,48.374526953086416],[38.435755,48.374526],[38.435755,48.374525],[38.43025668257702,48.37410959314086],[38.429321,48.374038],[38.42925244186047,48.37444]]]}},{"type":"Feature","properties":{"cadnum":"1420986000:01:033:0004"},"geometry":{"type":"Polygon","coordinates":[[[38.430677,48.375547],[38.431123,48.375162],[38.430262,48.375089485963215],[38.430262,48.375089],[38.427448,48.374849],[38.427067,48.377165],[38.429228,48.376302],[38.42978,48.376314],[38.430262,48.375902],[38.430262,48.37590190630324],[38.430677,48.375547]]]}},{"type":"Feature","properties":{"cadnum":"1420986000:01:044:0005"},"geometry":{"type":"Polygon","coordinates":[[[38.4346299415888,48.37444],[38.434618,48.37444],[38.435583,48.37451299032542],[38.435583,48.374513],[38.435583,48.374514],[38.438013,48.374697],[38.438021,48.374635],[38.43804881818164,48.37447545454645],[38.43813,48.374014],[38.435755,48.373834033372596],[38.435755,48.373834],[38.430262,48.373418025242714],[38.430262,48.373418],[38.429438,48.373355],[38.429321,48.374038],[38.43009,48.37409683953241],[38.43009,48.374097],[38.43025668257702,48.37410959314086],[38.430262,48.37411],[38.430262,48.37410999488085],[38.4346299415888,48.37444]]]}},{"type":"Feature","properties":{"cadnum":"1420986000:01:031:0009"},"geometry":{"type":"Polygon","coordinates":[[[38.434958,48.376376],[38.434797,48.377373],[38.435583,48.37744109812109],[38.435583,48.377442],[38.440214,48.377842],[38.440264,48.377609],[38.440411,48.376848],[38.435656138474826,48.376437317055505],[38.434958,48.376376]]]}},{"type":"Feature","properties":{"cadnum":"1420986000:01:031:0010"},"geometry":{"type":"Polygon","coordinates":[[[38.435755,48.37644585584093],[38.440411,48.376848],[38.440443,48.376684],[38.440608,48.375836],[38.435755,48.375513432437806],[38.435755,48.375513],[38.435102,48.375469],[38.434958,48.376376],[38.435583,48.37643089335006],[38.435583,48.376431],[38.435656138474826,48.376437317055505],[38.435755,48.376446],[38.435755,48.37644585584093]]]}},{"type":"Feature","properties":{"cadnum":"1420986000:01:400:0015"},"geometry":{"type":"Polygon","coordinates":[[[38.399781,48.423166],[38.399875,48.423148],[38.399848,48.423088],[38.399758,48.423103],[38.399781,48.423166]]]}},{"type":"Feature","properties":{"cadnum":"1420986000:01:101:0006"},"geometry":{"type":"Polygon","coordinates":[[[38.353962,48.397919],[38.354245,48.397328],[38.353357,48.39742023796034],[38.353357,48.39742],[38.349767,48.39779],[38.349767,48.398226],[38.349825,48.398345],[38.353357,48.397982],[38.353357,48.39798137113402],[38.353962,48.397919]]]}},{"type":"Feature","properties":{"cadnum":"1420986000:01:101:0003"},"geometry":{"type":"Polygon","coordinates":[[[38.35332700339392,48.39863607396506],[38.353357,48.398633],[38.353357,48.39863289864865],[38.35363,48.398604],[38.353962,48.397919],[38.353186,48.397999],[38.353186,48.39799957446206],[38.349825,48.398345],[38.349911,48.398527],[38.35041,48.398935],[38.353186,48.3986505235833],[38.353186,48.398651],[38.35332700339392,48.39863607396506]]]}},{"type":"Feature","properties":{"cadnum":"1420986000:01:101:0004"},"geometry":{"type":"Polygon","coordinates":[[[38.35363,48.398604],[38.35332700339392,48.39863607396506],[38.35041,48.398935],[38.350997,48.399419],[38.351442,48.399616],[38.352601,48.399857],[38.353027,48.399854],[38.353186,48.399524436363635],[38.353186,48.399527],[38.35363,48.398604]]]}},{"type":"Feature","properties":{"cadnum":"1420986000:01:101:0002"},"geometry":{"type":"Polygon","coordinates":[[[38.354245,48.397328],[38.354272,48.397266],[38.354146,48.396791],[38.353357,48.3968731875],[38.353357,48.396873],[38.349775,48.397242],[38.349767,48.397326],[38.349767,48.39779],[38.353186,48.397437623955426],[38.353186,48.397438],[38.354245,48.397328]]]}},{"type":"Feature","properties":{"cadnum":"1420986000:02:000:0061"},"geometry":{"type":"Polygon","coordinates":[[[38.419871,48.363552],[38.419864,48.363606],[38.41986441463415,48.363606],[38.419831,48.36388],[38.419777,48.364245],[38.420029,48.364263],[38.42019,48.363544],[38.419871,48.363552]]]}},{"type":"Feature","properties":{"cadnum":"1420986000:02:000:0092"},"geometry":{"type":"Polygon","coordinates":[[[38.421349,48.362645],[38.421821,48.362612],[38.421884,48.362177],[38.421762,48.362177],[38.421771,48.362048],[38.421784,48.361887],[38.421465,48.361843],[38.421434,48.362018],[38.421425,48.362146],[38.421349,48.362645]]]}},{"type":"Feature","properties":{"cadnum":"1420986000:02:000:0096"},"geometry":{"type":"Polygon","coordinates":[[[38.424111,48.362263],[38.424161,48.361929],[38.423249,48.361881],[38.423217,48.362219],[38.424111,48.362263]]]}},{"type":"Feature","properties":{"cadnum":"1420986000:02:000:0069"},"geometry":{"type":"Polygon","coordinates":[[[38.420513,48.363307],[38.420236,48.36332],[38.420200678571426,48.363492],[38.420199,48.363492],[38.42019,48.363544],[38.420175,48.363606],[38.42017611682893,48.363606],[38.420029,48.364263],[38.420289,48.364289],[38.42044411041405,48.363606],[38.420445,48.363606],[38.420513,48.363307]]]}},{"type":"Feature","properties":{"cadnum":"1420986000:02:000:0093"},"geometry":{"type":"Polygon","coordinates":[[[38.422045,48.361699],[38.422045,48.361687],[38.422063,48.361526],[38.422058,48.361517],[38.422067,48.361451],[38.42218,48.360854],[38.421727,48.360938],[38.421637,48.36146],[38.421641,48.36149],[38.421618,48.361669],[38.422045,48.361699]]]}},{"type":"Feature","properties":{"cadnum":"1420986000:02:000:0009"},"geometry":{"type":"Polygon","coordinates":[[[38.423222,48.360702],[38.423266,48.360275],[38.42302,48.360266],[38.42297,48.36069],[38.423222,48.360702]]]}},{"type":"Feature","properties":{"cadnum":"1420986000:02:000:0008"},"geometry":{"type":"Polygon","coordinates":[[[38.423155,48.361785],[38.423182,48.361454],[38.423222,48.360706],[38.42297,48.36069],[38.422886,48.361451],[38.422849,48.361774],[38.423155,48.361785]]]}},{"type":"Feature","properties":{"cadnum":"1420986000:02:000:0007"},"geometry":{"type":"Polygon","coordinates":[[[38.422926,48.361009],[38.42301,48.360335],[38.422647,48.360314],[38.42257,48.360976],[38.422926,48.361009]]]}},{"type":"Feature","properties":{"cadnum":"1420986000:02:000:0006"},"geometry":{"type":"Polygon","coordinates":[[[38.422849,48.361774],[38.42289,48.361418],[38.422926,48.361009],[38.42257,48.360976],[38.422463,48.361431],[38.42249,48.361756],[38.422849,48.361774]]]}},{"type":"Feature","properties":{"cadnum":"1420986000:02:000:0021"},"geometry":{"type":"Polygon","coordinates":[[[38.42015,48.362816],[38.420199,48.36254],[38.420352,48.361821],[38.420083,48.361818],[38.419979,48.362099],[38.419943,48.362257],[38.419876,48.362621],[38.419817,48.362615],[38.41979,48.362746],[38.42015,48.362816]]]}},{"type":"Feature","properties":{"cadnum":"1420986000:01:044:0006"},"geometry":{"type":"Polygon","coordinates":[[[38.430262,48.372703],[38.42956,48.37265],[38.429438,48.373355],[38.43009,48.373404849514564],[38.43009,48.373405],[38.435583,48.37382097475729],[38.435583,48.373821],[38.43813,48.374014],[38.43817,48.373769],[38.438251,48.37331],[38.435755,48.37312102248876],[38.435755,48.373121],[38.430262,48.37270405560459],[38.430262,48.372703]]]}},{"type":"Feature","properties":{"cadnum":"1420986000:01:044:0007"},"geometry":{"type":"Polygon","coordinates":[[[38.430262,48.371979],[38.429681,48.371935],[38.42956,48.37265],[38.43009,48.372690014245016],[38.43009,48.372691],[38.435583,48.37310794439541],[38.435583,48.373108],[38.438251,48.37331],[38.438373,48.372596],[38.435583,48.372384],[38.435583,48.372384883671664],[38.430262,48.37197911632833],[38.430262,48.371979]]]}},{"type":"Feature","properties":{"cadnum":"1420986000:01:043:0012"},"geometry":{"type":"Polygon","coordinates":[[[38.426199,48.370672],[38.42617448497854,48.370791],[38.426174,48.370791],[38.426016,48.371559],[38.430027,48.371875],[38.430262,48.37189],[38.430262,48.37188947143303],[38.433293,48.372074],[38.43336,48.371111],[38.43009,48.370911],[38.43009,48.37091140667607],[38.429985977099214,48.370905],[38.429997,48.370905],[38.426199,48.370672]]]}},{"type":"Feature","properties":{"cadnum":"1420986000:01:400:0008"},"geometry":{"type":"Polygon","coordinates":[[[38.38265,48.406194],[38.382713,48.406146],[38.38264,48.406105],[38.382577,48.406149],[38.38265,48.406194]]]}},{"type":"Feature","properties":{"cadnum":"1420986000:01:023:0003"},"geometry":{"type":"Polygon","coordinates":[[[38.375158,48.387775],[38.375158,48.38777500911854],[38.373356,48.387597],[38.371616,48.389147],[38.37161611135612,48.389147],[38.369709,48.390847],[38.369837,48.390859],[38.369837,48.390858201359386],[38.372063,48.391053],[38.37420017326732,48.389147],[38.374201,48.389147],[38.37533,48.388142],[38.37533,48.388140674285715],[38.375683,48.387826],[38.375158,48.387775]]]}},{"type":"Feature","properties":{"cadnum":"1420986000:01:025:0004"},"geometry":{"type":"Polygon","coordinates":[[[38.375059,48.38416],[38.373046,48.384121],[38.372763,48.385499],[38.37276381025641,48.385499],[38.372549,48.386555],[38.374533,48.38671],[38.374782511698115,48.385499],[38.374783,48.385499],[38.375059,48.38416]]]}},{"type":"Feature","properties":{"cadnum":"1420986000:01:025:0003"},"geometry":{"type":"Polygon","coordinates":[[[38.373046,48.384121],[38.372314,48.384106],[38.372063,48.384438],[38.372017,48.384473],[38.371721,48.384673],[38.370688,48.385246],[38.37046941129032,48.385385],[38.370468,48.385385],[38.370298,48.385494],[38.370291,48.385499],[38.370292348214285,48.385499],[38.369665,48.386054],[38.369665,48.38605424137931],[38.369547,48.386158],[38.369404,48.386314],[38.369665,48.386334494226325],[38.369665,48.386335],[38.372549,48.386558],[38.37276386956522,48.385499],[38.372764,48.385499],[38.373046,48.384121]]]}},{"type":"Feature","properties":{"cadnum":"1420986000:01:025:0001"},"geometry":{"type":"Polygon","coordinates":[[[38.369837,48.386348],[38.369404,48.386314],[38.368694,48.387098],[38.369665,48.3871905975503],[38.369665,48.387191],[38.375158,48.38771654386584],[38.375158,48.387717],[38.377053,48.387898],[38.377264,48.386919],[38.37533,48.38677114909782],[38.37533,48.38677],[38.369837,48.386348207413945],[38.369837,48.386348]]]}},{"type":"Feature","properties":{"cadnum":"1420986000:01:023:0001"},"geometry":{"type":"Polygon","coordinates":[[[38.36969037614952,48.388578394492974],[38.369837,48.388448],[38.369837,48.38844777946493],[38.371048,48.387369],[38.369665,48.387234],[38.369665,48.3872340463353],[38.36865,48.387134],[38.367886,48.387701],[38.367379,48.388216],[38.366484,48.389007],[38.36646802857143,48.389033],[38.366468,48.389033],[38.3664622912616,48.3890423398067],[38.366398,48.389147],[38.36639832016632,48.389147],[38.366174,48.389514],[38.365828,48.390275],[38.365765,48.390507],[38.367369,48.390645],[38.36905006823821,48.389147],[38.369051,48.389147],[38.369665,48.38860096183206],[38.369665,48.388601],[38.36969037614952,48.388578394492974]]]}},{"type":"Feature","properties":{"cadnum":"1420986000:01:023:0002"},"geometry":{"type":"Polygon","coordinates":[[[38.371048,48.387369],[38.36969037614952,48.388578394492974],[38.3691791888412,48.389033],[38.369178,48.389033],[38.367369,48.390645],[38.369665,48.3908432017094],[38.369665,48.390844],[38.369709,48.390847],[38.369837,48.390734],[38.369837,48.390732900737106],[38.371744,48.389033],[38.371743974193556,48.389033],[38.373356,48.387597],[38.371048,48.387369]]]}},{"type":"Feature","properties":{"cadnum":"1420986000:01:033:0002"},"geometry":{"type":"Polygon","coordinates":[[[38.422557,48.374425],[38.422554325581395,48.37444],[38.422554,48.37444],[38.42254591322032,48.374487182372974],[38.422534,48.374554],[38.42253446107423,48.374554],[38.42227,48.376097],[38.422274,48.376097],[38.422085,48.377385],[38.42195334883721,48.378088],[38.421953,48.378088],[38.421394,48.381088],[38.421681,48.381153],[38.422346,48.380321],[38.42270754903717,48.378202],[38.422709,48.378202],[38.423343,48.374494],[38.422557,48.374425]]]}},{"type":"Feature","properties":{"cadnum":"1420986000:01:033:0001"},"geometry":{"type":"Polygon","coordinates":[[[38.423332,48.374554],[38.423332741100324,48.374554],[38.42272849190938,48.378088],[38.422727,48.378088],[38.422346,48.380321],[38.423622,48.378719],[38.423639,48.37871],[38.423745,48.378088],[38.42374451408062,48.378088],[38.424345,48.37458],[38.423343,48.374494],[38.423332,48.374554]]]}},{"type":"Feature","properties":{"cadnum":"1420986000:01:035:0004"},"geometry":{"type":"Polygon","coordinates":[[[38.42249,48.369798],[38.422058,48.369965],[38.421385,48.369598],[38.421052,48.369443],[38.420796,48.369371],[38.420433,48.369288],[38.420053,48.370905],[38.42005333298755,48.370905],[38.419629,48.372719],[38.420469,48.372806],[38.421915,48.372957],[38.422309,48.370791],[38.42230790514905,48.370791],[38.42249,48.369798]]]}},{"type":"Feature","properties":{"cadnum":"1420986000:01:035:0002"},"geometry":{"type":"Polygon","coordinates":[[[38.421915,48.372957],[38.420469,48.372806],[38.420058,48.374554],[38.42005828313892,48.374554],[38.419643,48.376326],[38.421052,48.377687],[38.421644,48.37444],[38.4216429154665,48.37444],[38.421915,48.372957]]]}},{"type":"Feature","properties":{"cadnum":"1420986000:01:036:0028"},"geometry":{"type":"Polygon","coordinates":[[[38.39404,48.381716],[38.394619,48.381174],[38.395185,48.38064],[38.395384,48.380455],[38.392508,48.379653],[38.392231,48.379885],[38.391809,48.38028707419899],[38.391809,48.380287],[38.39104,48.381019],[38.391809,48.381234],[38.391809,48.381233641048034],[38.39361572727273,48.381737],[38.393615,48.381737],[38.393928,48.381824],[38.39404,48.381716]]]}},{"type":"Feature","properties":{"cadnum":"1420986000:01:036:0029"},"geometry":{"type":"Polygon","coordinates":[[[38.395384,48.380455],[38.395738,48.380121],[38.396273,48.37962],[38.396695,48.379226],[38.393936,48.378456],[38.392508,48.379653],[38.395384,48.380455]]]}},{"type":"Feature","properties":{"cadnum":"1420986000:01:103:0003"},"geometry":{"type":"Polygon","coordinates":[[[38.391282,48.376484],[38.390254,48.377493],[38.389738724964744,48.378088],[38.389737,48.378088],[38.389265,48.378635],[38.388785,48.379238],[38.390789,48.379817],[38.391638,48.3789963],[38.391638,48.378997],[38.392518,48.378146],[38.393546,48.377137],[38.391809,48.37663629245283],[38.391809,48.376636],[38.391282,48.376484]]]}},{"type":"Feature","properties":{"cadnum":"1420986000:01:036:0009"},"geometry":{"type":"Polygon","coordinates":[[[38.399116443113776,48.381737],[38.399116,48.381737],[38.402196,48.382596],[38.402624,48.38231595061728],[38.402624,48.382316],[38.402682,48.382278],[38.402796,48.382193],[38.402796,48.3821925],[38.402898,48.382116],[38.402626340630036,48.382041640683404],[38.401943392045446,48.381851],[38.401944,48.381851],[38.40161959621478,48.3817606144866],[38.401535,48.381737],[38.401534841163325,48.381737],[38.39717687781628,48.38052278249566],[38.395738,48.380121],[38.395384,48.380455],[38.395185,48.38064],[38.397303,48.381231],[38.397303,48.38123099331663],[38.399116443113776,48.381737]]]}},{"type":"Feature","properties":{"cadnum":"1420986000:01:036:0008"},"geometry":{"type":"Polygon","coordinates":[[[38.394619,48.381174],[38.396637317577564,48.381737],[38.396637,48.381737],[38.39671288235635,48.38175807843232],[38.397046,48.381851],[38.39704739999999,48.381851],[38.397131,48.38187422222222],[38.397131,48.381875],[38.401456,48.38308],[38.402196,48.382596],[38.39952475436553,48.381851],[38.399525,48.381851],[38.397131,48.381183],[38.397131,48.381183005665726],[38.395185,48.38064],[38.394619,48.381174]]]}},{"type":"Feature","properties":{"cadnum":"1420986000:01:036:0027"},"geometry":{"type":"Polygon","coordinates":[[[38.390164,48.381851],[38.39016510612245,48.381851],[38.389512,48.382472],[38.391417,48.383003],[38.391776,48.382662],[38.391809,48.382676],[38.391809,48.38267488076491],[38.392665,48.383009],[38.392854,48.382832],[38.393452,48.382269],[38.393928,48.381824],[38.391638,48.381186],[38.391638,48.38118619115735],[38.39104,48.381019],[38.390164,48.381851]]]}},{"type":"Feature","properties":{"cadnum":"1420986000:01:009:0006"},"geometry":{"type":"Polygon","coordinates":[[[38.433711,48.411029],[38.43371180474041,48.411029],[38.433107,48.412688],[38.434729,48.412836],[38.43543,48.412971],[38.435755,48.412481],[38.435755,48.4124808],[38.435798,48.412416],[38.435583,48.412165],[38.435583,48.412165333333334],[38.435497,48.412065],[38.435583,48.41191866666666],[38.435583,48.411919],[38.43564174805239,48.41181870389535],[38.435755,48.411626],[38.435755,48.41162535741445],[38.436109,48.411021],[38.436162,48.410132],[38.435583,48.410033],[38.435583,48.41003339698493],[38.434163,48.409789],[38.433711,48.411029]]]}},{"type":"Feature","properties":{"cadnum":"1420986000:02:000:0035"},"geometry":{"type":"Polygon","coordinates":[[[38.414315,48.366554],[38.414028,48.366346],[38.413782,48.366349075],[38.413782,48.366349],[38.413628,48.366351],[38.41361,48.366372],[38.41361,48.366372941605846],[38.413354,48.366685],[38.413309,48.366766],[38.413251,48.366817],[38.413049,48.366915],[38.412905,48.366975],[38.412756,48.367079],[38.41265971764706,48.367141],[38.412658,48.367141],[38.412492,48.367249],[38.412468,48.367255],[38.41246980952381,48.367255],[38.412259,48.367312],[38.412123,48.367354],[38.411764,48.367512],[38.411378,48.367539],[38.411032,48.367671],[38.411108,48.367736],[38.411746,48.368359],[38.411921,48.368536],[38.41215,48.36858],[38.412542,48.368628],[38.412725,48.368473],[38.412896,48.368363],[38.413012,48.368306],[38.413165,48.368213],[38.413295,48.368067],[38.413358,48.367998],[38.413471,48.367891],[38.413601,48.367808],[38.41362790540538,48.367790310810825],[38.413875,48.367629],[38.413978,48.367524],[38.414158,48.367327],[38.414382,48.367141],[38.41438144755245,48.367141],[38.414764,48.366826],[38.414315,48.366554]]]}},{"type":"Feature","properties":{"cadnum":"1420986000:01:015:0001"},"geometry":{"type":"Polygon","coordinates":[[[38.4180405,48.399976],[38.41804,48.399976],[38.416314,48.403429],[38.416867,48.403459],[38.418052,48.403635],[38.419104,48.40182174080132],[38.419104,48.401823],[38.420174,48.399976],[38.42017391666666,48.399976],[38.420339,48.399693],[38.419104,48.39951],[38.419104,48.399510458686436],[38.418331,48.399395],[38.4180405,48.399976]],[[38.4182,48.400752],[38.418412,48.400713],[38.418442,48.400886],[38.418416,48.400969],[38.418282,48.401068],[38.418039,48.40105],[38.4182,48.400752]]]}},{"type":"Feature","properties":{"cadnum":"1420986000:01:014:0001"},"geometry":{"type":"Polygon","coordinates":[[[38.420433,48.400089],[38.420434561433446,48.400089],[38.419275,48.402047221902016],[38.419275,48.402046],[38.418342091346155,48.403622],[38.418341,48.403622],[38.41829,48.40371],[38.419275,48.403889],[38.419275,48.4038880103627],[38.420069,48.404032],[38.420243712195116,48.403736],[38.420244,48.403736],[38.422297,48.40026],[38.42114530223882,48.400089],[38.42115,48.400089],[38.420492,48.399992],[38.420433,48.400089]]]}},{"type":"Feature","properties":{"cadnum":"1420986000:01:016:0005"},"geometry":{"type":"Polygon","coordinates":[[[38.416678,48.403722],[38.416309,48.403608],[38.416238,48.403585],[38.41621913245033,48.403622],[38.416219,48.403622],[38.41621306405678,48.40363390035618],[38.416161,48.403736],[38.41616213636363,48.403736],[38.415385,48.405294],[38.41462,48.407124],[38.41455953667954,48.407269],[38.414559,48.407269],[38.413867,48.408934],[38.415253,48.40916],[38.416058335272346,48.407383],[38.416059,48.407383],[38.417649,48.40388],[38.41676403797468,48.403736],[38.416765,48.403736],[38.416678,48.403722]]]}},{"type":"Feature","properties":{"cadnum":"1420986000:01:400:0004"},"geometry":{"type":"Polygon","coordinates":[[[38.371142,48.399123],[38.37121,48.399079],[38.371138,48.399034],[38.371075,48.399082],[38.371142,48.399123]]]}},{"type":"Feature","properties":{"cadnum":"1420986000:01:034:0007"},"geometry":{"type":"Polygon","coordinates":[[[38.415851,48.38002],[38.417651458765704,48.381737],[38.417651,48.381737],[38.418538,48.382582],[38.419104,48.382324727272724],[38.419104,48.382325],[38.419718,48.382045],[38.42001592857144,48.381851],[38.420016,48.381851],[38.420209,48.381726],[38.419104,48.380673],[38.419104,48.380673951147735],[38.417576,48.379217],[38.415851,48.38002]]]}},{"type":"Feature","properties":{"cadnum":"1420986000:02:000:0017"},"geometry":{"type":"Polygon","coordinates":[[[38.405812,48.370385],[38.406221,48.370237],[38.40611,48.370126],[38.406141,48.370114],[38.405992,48.369956],[38.405116,48.369037],[38.404869,48.369156],[38.405372,48.36972],[38.405605,48.37012],[38.405812,48.370385]]]}},{"type":"Feature","properties":{"cadnum":"1420986000:01:012:0004"},"geometry":{"type":"Polygon","coordinates":[[[38.432277,48.405818],[38.43027,48.405946],[38.430145125001026,48.40626789999737],[38.42975627966102,48.407269],[38.429756,48.407269],[38.429132,48.40888],[38.43009,48.40904531858407],[38.43009,48.409046],[38.431572,48.409301],[38.43227048425197,48.407383],[38.432271,48.407383],[38.432803,48.405922],[38.432277,48.405818]]]}},{"type":"Feature","properties":{"cadnum":"1420986000:01:012:0002"},"geometry":{"type":"Polygon","coordinates":[[[38.434163,48.409789],[38.431976,48.409414],[38.431385,48.411029],[38.43138581626506,48.411029],[38.431064,48.411912],[38.431549,48.412309],[38.432425,48.412622],[38.433107,48.412688],[38.433753,48.410916],[38.43375219032258,48.410916],[38.434163,48.409789]]]}},{"type":"Feature","properties":{"cadnum":"1420986000:01:400:0006"},"geometry":{"type":"Polygon","coordinates":[[[38.376896,48.40266],[38.376958,48.402615],[38.376891,48.402571],[38.376824,48.402618],[38.376896,48.40266]]]}},{"type":"Feature","properties":{"cadnum":"1420986000:01:019:0007"},"geometry":{"type":"Polygon","coordinates":[[[38.402796,48.404414],[38.4019,48.404255],[38.401334,48.405678],[38.402624,48.40575652941176],[38.402624,48.405757],[38.406177,48.405973],[38.406621,48.405087],[38.402796,48.40441425168877],[38.402796,48.404414]]]}},{"type":"Feature","properties":{"cadnum":"1420986000:01:103:0004"},"geometry":{"type":"Polygon","coordinates":[[[38.396502,48.374169],[38.394355,48.373874],[38.39369660882353,48.37444],[38.393696,48.37444],[38.392791,48.375219],[38.391809,48.37602725498699],[38.391809,48.376027],[38.391445,48.376326],[38.391282,48.376484],[38.391638,48.37658667931689],[38.391638,48.376587],[38.393546,48.377137],[38.394736,48.375974],[38.396124526727505,48.374554],[38.396125,48.374554],[38.396502,48.374169]]]}},{"type":"Feature","properties":{"cadnum":"1420986000:01:031:0012"},"geometry":{"type":"Polygon","coordinates":[[[38.441248,48.384760857404025],[38.443264,48.384935],[38.443887,48.383551],[38.441076,48.383307],[38.441076,48.38330702901354],[38.43918,48.383142],[38.439109,48.383509],[38.438902,48.384557],[38.441248,48.384761],[38.441248,48.384760857404025]]]}},{"type":"Feature","properties":{"cadnum":"1420986000:01:031:0011"},"geometry":{"type":"Polygon","coordinates":[[[38.438884,48.384658],[38.43874223067777,48.385385],[38.438741,48.385385],[38.43866,48.385813],[38.438524,48.386483],[38.441076,48.38621974302496],[38.441076,48.38622],[38.442765,48.386045],[38.44300987272727,48.385499],[38.44301,48.385499],[38.443264,48.384935],[38.441076,48.384746],[38.441076,48.38474604347826],[38.438902,48.384557],[38.438884,48.384658]]]}},{"type":"Feature","properties":{"cadnum":"1420986000:01:400:0007"},"geometry":{"type":"Polygon","coordinates":[[[38.379887,48.404497],[38.37995,48.40445],[38.379878,48.404408],[38.379816,48.404455],[38.379887,48.404497]]]}},{"type":"Feature","properties":{"cadnum":"1420986000:01:049:0003"},"geometry":{"type":"Polygon","coordinates":[[[38.458045,48.365056],[38.457727,48.36558795092024],[38.457727,48.365587],[38.45679441366907,48.367141],[38.456794,48.367141],[38.455516,48.369275],[38.455548,48.369312],[38.455934,48.369454],[38.456545,48.36961],[38.457556,48.36792500000001],[38.457556,48.367926],[38.45795774522293,48.367255],[38.457958,48.367255],[38.459087,48.365375],[38.458045,48.365056]]]}},{"type":"Feature","properties":{"cadnum":"1420986000:01:050:0005"},"geometry":{"type":"Polygon","coordinates":[[[38.451802,48.366552],[38.44989340540541,48.367141],[38.449893,48.367141],[38.449613374084834,48.36722741879647],[38.449524,48.367255],[38.44952412938816,48.367255],[38.446667,48.368138],[38.447143,48.368947],[38.452234,48.367376],[38.452234,48.36737519631902],[38.452552,48.367277],[38.45247264651137,48.367200460464865],[38.452234,48.366969495708155],[38.452234,48.366969],[38.451802,48.366552]]]}},{"type":"Feature","properties":{"cadnum":"1420986000:01:049:0002"},"geometry":{"type":"Polygon","coordinates":[[[38.458045,48.365056],[38.457727,48.364960404907976],[38.457727,48.36496],[38.456887,48.364705],[38.45542253411765,48.367141],[38.455422,48.367141],[38.454896,48.368019],[38.455032,48.368273],[38.455193,48.368825],[38.455368,48.369115],[38.455516,48.369275],[38.45672572820993,48.367255],[38.456726,48.367255],[38.457556,48.365871943056945],[38.457556,48.365874],[38.458045,48.365056]]]}},{"type":"Feature","properties":{"cadnum":"1420986000:01:052:0005"},"geometry":{"type":"Polygon","coordinates":[[[38.400342,48.405683],[38.39859,48.405546],[38.398456,48.405553],[38.397704,48.407383],[38.3977042848645,48.407383],[38.39718933171744,48.40863965179276],[38.396789,48.409614],[38.397131,48.40962797276265],[38.397131,48.409628],[38.39717449999581,48.40962974999983],[38.397303,48.409635],[38.397303,48.40963491954023],[38.398697,48.409691],[38.39964326094137,48.407383],[38.399644,48.407383],[38.400342,48.405683]]]}},{"type":"Feature","properties":{"cadnum":"1420986000:01:049:0005"},"geometry":{"type":"Polygon","coordinates":[[[38.461257,48.366032],[38.460166,48.365704],[38.459233,48.367255],[38.45923362609691,48.367255],[38.45773,48.369762],[38.458818,48.370093],[38.460591,48.367141],[38.46059051185609,48.367141],[38.461257,48.366032]]]}},{"type":"Feature","properties":{"cadnum":"1420986000:01:049:0004"},"geometry":{"type":"Polygon","coordinates":[[[38.460166,48.365704],[38.459087,48.365375],[38.4580264606383,48.367141],[38.458026,48.367141],[38.457727,48.367640393617016],[38.457727,48.36764],[38.456545,48.36961],[38.456594,48.369622],[38.457143,48.369535],[38.457206,48.369604],[38.457727,48.369762],[38.457727,48.369761103448276],[38.45773,48.369762],[38.459302,48.367141],[38.45930157640232,48.367141],[38.460166,48.365704]]]}},{"type":"Feature","properties":{"cadnum":"1420986000:01:049:0006"},"geometry":{"type":"Polygon","coordinates":[[[38.462344,48.366364],[38.461257,48.366032],[38.460522,48.367255],[38.4605225304878,48.367255],[38.458818,48.370093],[38.459904,48.370425],[38.461806579171736,48.367255],[38.461807,48.367255],[38.462344,48.366364]]]}},{"type":"Feature","properties":{"cadnum":"1420986000:01:018:0002"},"geometry":{"type":"Polygon","coordinates":[[[38.413782,48.406940526501764],[38.413893,48.406957],[38.414769,48.405093],[38.41361,48.404921],[38.41361,48.40492141322314],[38.410515,48.404461],[38.410452,48.404611],[38.410938,48.404941],[38.410978,48.40538],[38.410555,48.405433],[38.410066,48.406388],[38.413782,48.406941],[38.413782,48.406940526501764]]]}},{"type":"Feature","properties":{"cadnum":"1420986000:01:400:0017"},"geometry":{"type":"Polygon","coordinates":[[[38.401968,48.428674],[38.402062,48.428659],[38.402035,48.428596],[38.401946,48.428614],[38.401968,48.428674]]]}},{"type":"Feature","properties":{"cadnum":"1420986000:01:400:0016"},"geometry":{"type":"Polygon","coordinates":[[[38.400836,48.425819],[38.400926,48.425804],[38.400903,48.425741],[38.400814,48.425759],[38.400836,48.425819]]]}},{"type":"Feature","properties":{"cadnum":"1420986000:01:013:0002"},"geometry":{"type":"Polygon","coordinates":[[[38.43649,48.39844],[38.436113,48.397821],[38.43592,48.397489],[38.435583,48.397611],[38.435583,48.39761221147396],[38.43009,48.399599],[38.43009,48.39959901436969],[38.428731,48.400089],[38.42873450257732,48.400089],[38.427974,48.400364],[38.428113,48.40178],[38.430262,48.401003],[38.430262,48.40100279209565],[38.433101,48.399976],[38.43309867194781,48.399976],[38.435755,48.399016],[38.435755,48.39901554524362],[38.436445,48.398765],[38.43649,48.39844]]]}},{"type":"Feature","properties":{"cadnum":"1420986000:01:013:0001"},"geometry":{"type":"Polygon","coordinates":[[[38.436445,48.398765],[38.435583,48.399078],[38.435583,48.39907816099697],[38.432786,48.400089],[38.43278856382002,48.400089],[38.43009,48.401065],[38.43009,48.40106518892508],[38.428113,48.40178],[38.428207,48.402723],[38.43009,48.402043054837044],[38.43009,48.402044],[38.43014,48.402025],[38.430262,48.401981],[38.430262,48.40198087141585],[38.435755,48.399994],[38.435755,48.3999928487395],[38.436297,48.399797],[38.436445,48.398765]]]}},{"type":"Feature","properties":{"cadnum":"1420986000:01:014:0004"},"geometry":{"type":"Polygon","coordinates":[[[38.425557,48.400746],[38.424768,48.402081546874996],[38.424768,48.402081],[38.42385643564955,48.403622],[38.423856,48.403622],[38.423276,48.404607],[38.424768,48.404874],[38.424768,48.404873657370516],[38.424848,48.404888],[38.424924,48.404909],[38.42561668065267,48.403736],[38.425617,48.403736],[38.427241,48.400993],[38.425557,48.400746]]]}},{"type":"Feature","properties":{"cadnum":"1420986000:01:029:0016"},"geometry":{"type":"Polygon","coordinates":[[[38.421668,48.387221],[38.421555,48.38674],[38.420136,48.386863],[38.419275,48.38713498255814],[38.419275,48.387134],[38.414274,48.388709],[38.41434945205479,48.389033],[38.414349,48.389033],[38.41437183018844,48.389129094338635],[38.414376,48.389147],[38.41437608423326,48.389147],[38.414459,48.389496],[38.415587716441905,48.38913952270627],[38.419275,48.387977],[38.419275,48.387976045631824],[38.421668,48.387221]]]}},{"type":"Feature","properties":{"cadnum":"1420986000:01:032:0003"},"geometry":{"type":"Polygon","coordinates":[[[38.427677,48.384592],[38.424597,48.38548],[38.424597,48.385481],[38.424597,48.385481258208955],[38.424098,48.385625],[38.421892,48.386567],[38.422045,48.387391],[38.424768,48.386546],[38.424768,48.38654584119543],[38.42801,48.385538],[38.427996,48.385505],[38.427993900000004,48.385499],[38.427994,48.385499],[38.427677,48.384592]]]}},{"type":"Feature","properties":{"cadnum":"1420986000:01:029:0017"},"geometry":{"type":"Polygon","coordinates":[[[38.420136,48.386863],[38.419912,48.386881],[38.419557,48.386639],[38.419557,48.386054],[38.419275,48.38614301986755],[38.419275,48.386143],[38.414064,48.387785],[38.414274,48.388709],[38.419104,48.38718785422916],[38.419104,48.387189],[38.420136,48.386863]],[[38.418088,48.387125],[38.418115,48.387095],[38.418165,48.387113],[38.418133,48.387143],[38.418088,48.387125]]]}},{"type":"Feature","properties":{"cadnum":"1420986000:01:032:0002"},"geometry":{"type":"Polygon","coordinates":[[[38.428356,48.386529],[38.42801,48.385538],[38.424597,48.386599],[38.424597,48.386599064634595],[38.422045,48.387391],[38.422113,48.387748],[38.422274,48.388417],[38.424768,48.387643],[38.424768,48.387642912210694],[38.428356,48.386529]]]}},{"type":"Feature","properties":{"cadnum":"1420986000:01:029:0015"},"geometry":{"type":"Polygon","coordinates":[[[38.421843,48.38799],[38.421668,48.387221],[38.419104,48.38803],[38.419104,48.388030912691995],[38.4159255846154,48.389033],[38.415925,48.389033],[38.415587716441905,48.38913952270627],[38.415564,48.389147],[38.41556404103671,48.389147],[38.414459,48.389496],[38.414634,48.390266],[38.41837237721148,48.38908561098546],[38.419275,48.388802],[38.419275,48.38880099671413],[38.421843,48.38799]]]}},{"type":"Feature","properties":{"cadnum":"1420986000:01:013:0004"},"geometry":{"type":"Polygon","coordinates":[[[38.434985,48.396046],[38.434841,48.395548],[38.433696,48.395557],[38.43156246440679,48.396328],[38.431562,48.396328],[38.43144210463522,48.39637149464999],[38.431247,48.396442],[38.43124775280898,48.396442],[38.430262,48.39679960326087],[38.430262,48.396799],[38.427709,48.397722],[38.427803,48.398646],[38.430262,48.397757],[38.430262,48.39775666358775],[38.43403587980519,48.39638893028937],[38.434985,48.396046]]]}},{"type":"Feature","properties":{"cadnum":"1420986000:01:044:0008"},"geometry":{"type":"Polygon","coordinates":[[[38.441248,48.375621150076235],[38.445667,48.375959],[38.445011,48.375162],[38.44108951959708,48.37486701697604],[38.438021,48.374635],[38.438013,48.374697],[38.437897,48.375365],[38.441248,48.375622],[38.441248,48.375621150076235]]]}},{"type":"Feature","properties":{"cadnum":"1420986000:01:400:0019"},"geometry":{"type":"Polygon","coordinates":[[[38.404119,48.434088],[38.404213,48.434074],[38.404187,48.434015],[38.404097,48.43403],[38.404119,48.434088]]]}},{"type":"Feature","properties":{"cadnum":"1420986000:01:034:0009"},"geometry":{"type":"Polygon","coordinates":[[[38.412935,48.378202],[38.41293575279503,48.378202],[38.412106,48.378921],[38.411251,48.37958],[38.412699,48.381433],[38.413782,48.380928],[38.413782,48.38092777495463],[38.415263,48.380237],[38.41361,48.378664],[38.41361,48.378664058902274],[38.413035,48.378116],[38.412935,48.378202]]]}},{"type":"Feature","properties":{"cadnum":"1420986000:01:034:0018"},"geometry":{"type":"Polygon","coordinates":[[[38.412743,48.37416],[38.413336,48.373256],[38.412941,48.373209],[38.412635,48.373122],[38.411477,48.372077],[38.40936,48.374401],[38.409420921568625,48.37444],[38.40942,48.37444],[38.40953962736828,48.37451599157886],[38.409599,48.374554],[38.4095994609375,48.374554],[38.411032,48.375464],[38.412375,48.37444],[38.41237487817259,48.37444],[38.412743,48.37416]]]}},{"type":"Feature","properties":{"cadnum":"1420986000:01:016:0006"},"geometry":{"type":"Polygon","coordinates":[[[38.418941,48.404092],[38.417649,48.40388],[38.41611074421924,48.407269],[38.41611,48.407269],[38.415253,48.40916],[38.415406,48.409188],[38.416547,48.409372],[38.417448339514976,48.407383],[38.417449,48.407383],[38.418941,48.404092]]]}},{"type":"Feature","properties":{"cadnum":"1420986000:01:016:0001"},"geometry":{"type":"Polygon","coordinates":[[[38.415253,48.40916],[38.413867,48.408934],[38.413782,48.409136412451375],[38.413782,48.409136],[38.41373528213566,48.40924766277422],[38.41361,48.409546],[38.41361,48.4095471060606],[38.41303727733756,48.410916],[38.413036,48.410916],[38.412051,48.413274],[38.412236,48.41323],[38.412204,48.413466],[38.411836,48.413796],[38.411813,48.413847],[38.413282,48.413871],[38.413782,48.412769],[38.413782,48.41276781818182],[38.41457074226804,48.411029],[38.414571,48.411029],[38.415406,48.409188],[38.415253,48.40916]]]}},{"type":"Feature","properties":{"cadnum":"1420986000:01:016:0010"},"geometry":{"type":"Polygon","coordinates":[[[38.418725,48.40973],[38.417702,48.409563],[38.417117,48.409467],[38.416409,48.411029],[38.4164108239591,48.411029],[38.415842,48.412285],[38.41507,48.413984],[38.416633,48.414339],[38.41813473239848,48.411029],[38.418135,48.411029],[38.418725,48.40973]]]}},{"type":"Feature","properties":{"cadnum":"1420986000:01:007:0006"},"geometry":{"type":"Polygon","coordinates":[[[38.412617,48.413933],[38.412357103633916,48.414562],[38.412357,48.414562],[38.41231654933364,48.41466014933258],[38.41231,48.414676],[38.4123100167364,48.414676],[38.411175,48.41743],[38.413782,48.417851],[38.413782,48.41785040659341],[38.413974,48.417881],[38.41529308104851,48.414676],[38.415294,48.414676],[38.415505,48.414163],[38.414809,48.414065],[38.41456,48.414676],[38.41456067330677,48.414676],[38.413893,48.416319],[38.4137,48.416677],[38.41361,48.416663],[38.41361,48.41666319631902],[38.413211,48.416602],[38.413368,48.415857],[38.413782,48.415085],[38.413782,48.41508421238938],[38.41400087544484,48.414676],[38.414001,48.414676],[38.41437,48.41399],[38.413782,48.41397143157895],[38.413782,48.413971],[38.412617,48.413933]]]}},{"type":"Feature","properties":{"cadnum":"1420986000:01:007:0007"},"geometry":{"type":"Polygon","coordinates":[[[38.415572,48.414169],[38.415505,48.414163],[38.41534088888889,48.414562],[38.41534,48.414562],[38.413974,48.417881],[38.415914,48.418197],[38.417387,48.414628],[38.415572,48.414169]]]}},{"type":"Feature","properties":{"cadnum":"1420986000:01:034:0008"},"geometry":{"type":"Polygon","coordinates":[[[38.421016,48.377899],[38.420815,48.377707],[38.419751,48.378202],[38.41975287050359,48.378202],[38.419275,48.37842514893617],[38.419275,48.378425],[38.417576,48.379217],[38.419275,48.380837],[38.419275,48.380835952941176],[38.420209,48.381726],[38.420266,48.381687],[38.42037,48.381024],[38.420455,48.380607],[38.42095242159587,48.378202],[38.420953,48.378202],[38.421016,48.377899]]]}},{"type":"Feature","properties":{"cadnum":"1420986000:01:036:0026"},"geometry":{"type":"Polygon","coordinates":[[[38.389468,48.384831],[38.391417,48.383003],[38.389512,48.382472],[38.387586,48.384307],[38.389468,48.384831]]]}},{"type":"Feature","properties":{"cadnum":"1420986000:01:103:0001"},"geometry":{"type":"Polygon","coordinates":[[[38.386881,48.383573],[38.387384,48.383248],[38.387724,48.382913],[38.386145,48.382457],[38.386145,48.38245719755601],[38.385825,48.382364],[38.385654,48.382531],[38.384095,48.383874],[38.383889,48.384855],[38.383875,48.384926],[38.383755,48.385499],[38.38375525614489,48.385499],[38.383135,48.388477],[38.383116,48.388559],[38.383755,48.387447],[38.384747,48.385723],[38.384933887573965,48.385499],[38.384934,48.385499],[38.385713,48.384568],[38.386145,48.38420047761194],[38.386145,48.384201],[38.386881,48.383573]]]}},{"type":"Feature","properties":{"cadnum":"1420986000:01:103:0002"},"geometry":{"type":"Polygon","coordinates":[[[38.390676,48.379927],[38.390789,48.379817],[38.388785,48.379238],[38.388443,48.379668],[38.387267,48.380956],[38.38635,48.381851],[38.38635046666667,48.381851],[38.38621136065698,48.381987081966],[38.385825,48.382364],[38.386316,48.382507],[38.386316,48.382506383153896],[38.387724,48.382913],[38.388726,48.381937],[38.38880899,48.381851],[38.388809,48.381851],[38.390676,48.379927]]]}},{"type":"Feature","properties":{"cadnum":"1420986000:01:043:0003"},"geometry":{"type":"Polygon","coordinates":[[[38.441248,48.3694673150685],[38.442244,48.369556],[38.44126,48.368058],[38.44122758389189,48.368055181207986],[38.438206,48.367786],[38.438193,48.367915],[38.438071,48.369186],[38.441248,48.369468],[38.441248,48.3694673150685]]]}},{"type":"Feature","properties":{"cadnum":"1420986000:01:043:0006"},"geometry":{"type":"Polygon","coordinates":[[[38.438071,48.369186],[38.438061,48.369288],[38.437964,48.370281],[38.441076,48.370556758830695],[38.441076,48.370557],[38.443017,48.370728],[38.442244,48.369556],[38.441076,48.369452],[38.441076,48.36945273276676],[38.438071,48.369186]]]}},{"type":"Feature","properties":{"cadnum":"1420986000:02:000:0047"},"geometry":{"type":"Polygon","coordinates":[[[38.409536,48.368414],[38.409806,48.368202],[38.40937,48.367959],[38.409028,48.367724],[38.408723,48.367909],[38.409114,48.368178],[38.409204,48.368228],[38.409141,48.368267],[38.40919,48.368297],[38.409253,48.368255],[38.409536,48.368414]]]}},{"type":"Feature","properties":{"cadnum":"1420986000:03:000:0030"},"geometry":{"type":"Polygon","coordinates":[[[38.38273,48.396383],[38.382729,48.396328],[38.382728900000004,48.396328],[38.382721,48.395933],[38.382048,48.395938],[38.382057,48.396389],[38.38273,48.396383]]]}},{"type":"Feature","properties":{"cadnum":"1420986000:01:104:0001"},"geometry":{"type":"Polygon","coordinates":[[[38.387545,48.396851],[38.386382,48.39712],[38.386316,48.39714339240506],[38.386316,48.397143],[38.385686,48.397364],[38.385461,48.397492],[38.385268,48.397737],[38.3853,48.39785],[38.385233,48.398014],[38.38503,48.398199],[38.386316,48.398228],[38.386316,48.3982276597786],[38.3875,48.398253],[38.387545,48.396851]]]}},{"type":"Feature","properties":{"cadnum":"1420986000:01:047:0002"},"geometry":{"type":"Polygon","coordinates":[[[38.459101,48.370266],[38.45878468544601,48.370791],[38.458784,48.370791],[38.45765,48.372677],[38.458189,48.37314],[38.458724,48.37362],[38.458894,48.373874],[38.460732,48.370809],[38.459101,48.370266]]]}},{"type":"Feature","properties":{"cadnum":"1420986000:01:047:0003"},"geometry":{"type":"Polygon","coordinates":[[[38.460674,48.370905],[38.46067443132137,48.370905],[38.458894,48.373874],[38.458965,48.373984],[38.4595,48.374309],[38.4597833877551,48.37444],[38.459783,48.37444],[38.45984504081597,48.374468499999836],[38.46003,48.374554],[38.46003116326531,48.374554],[38.460103,48.374587],[38.46019,48.37444],[38.4601894484959,48.37444],[38.462097,48.371263],[38.460732,48.370809],[38.460674,48.370905]]]}},{"type":"Feature","properties":{"cadnum":"1420986000:01:047:0008"},"geometry":{"type":"Polygon","coordinates":[[[38.456944,48.369706],[38.456585,48.369845],[38.456338,48.370093],[38.456168,48.370466],[38.4571444806378,48.370791],[38.457144,48.370791],[38.457727,48.370985],[38.457727,48.37098470188285],[38.458512,48.371245],[38.45871570044053,48.370905],[38.458716,48.370905],[38.459101,48.370266],[38.457690041096235,48.36979750684943],[38.457443,48.369714],[38.456944,48.369706]]]}},{"type":"Feature","properties":{"cadnum":"1420986000:01:047:0001"},"geometry":{"type":"Polygon","coordinates":[[[38.456168,48.370466],[38.456127,48.370559],[38.45614912716763,48.370791],[38.456149,48.370791],[38.456159440677624,48.370899135589646],[38.45616,48.370905],[38.45616000689655,48.370905],[38.456177,48.371081],[38.456307,48.37132],[38.456648,48.371821],[38.45765,48.372677],[38.458512,48.371245],[38.457556,48.370928],[38.457556,48.370928097770154],[38.457486587628864,48.370905],[38.457487,48.370905],[38.456168,48.370466]]]}},{"type":"Feature","properties":{"cadnum":"1420986000:01:400:0010"},"geometry":{"type":"Polygon","coordinates":[[[38.388229,48.409617],[38.38829,48.409569],[38.388223,48.409527],[38.388156,48.409575],[38.388229,48.409617]]]}},{"type":"Feature","properties":{"cadnum":"1420986000:01:041:0011"},"geometry":{"type":"Polygon","coordinates":[[[38.39599,48.350519],[38.396047,48.351477],[38.397131,48.3515011656051],[38.397131,48.351502],[38.398581,48.351534],[38.398523,48.350576],[38.397131,48.350544],[38.397131,48.35054507006855],[38.39599,48.350519]]]}},{"type":"Feature","properties":{"cadnum":"1420986000:03:000:0046"},"geometry":{"type":"Polygon","coordinates":[[[38.346718,48.406516],[38.346991,48.406307],[38.346618,48.406089],[38.345953,48.405943],[38.345787,48.406194],[38.346425,48.406319],[38.346718,48.406516]]]}},{"type":"Feature","properties":{"cadnum":"1420986000:02:000:0040"},"geometry":{"type":"Polygon","coordinates":[[[38.417985,48.367151],[38.417962,48.367255],[38.4179622248062,48.367255],[38.417872,48.367667],[38.418241,48.367715],[38.418331,48.367178],[38.417985,48.367151]]]}},{"type":"Feature","properties":{"cadnum":"1420986000:02:000:0037"},"geometry":{"type":"Polygon","coordinates":[[[38.4174,48.367253],[38.417011,48.367141],[38.41700999999999,48.367141],[38.41662,48.367029],[38.416295,48.366897],[38.416081,48.366814],[38.415923,48.366722],[38.415882,48.366709],[38.415869,48.366707],[38.415838,48.366814],[38.415622,48.367116],[38.41563243165467,48.367141],[38.415632,48.367141],[38.415681,48.367258],[38.415559,48.367483],[38.415951,48.367527],[38.416309,48.367465],[38.416377,48.367474],[38.416427,48.367494],[38.416488,48.367554],[38.416467,48.367587],[38.416691,48.367625],[38.416889,48.367855],[38.417311,48.367885],[38.417813,48.367583],[38.417738,48.367545],[38.417649,48.36745],[38.41740252791878,48.367255],[38.417403,48.367255],[38.4174,48.367253]]]}},{"type":"Feature","properties":{"cadnum":"1420986000:01:050:0007"},"geometry":{"type":"Polygon","coordinates":[[[38.450225,48.365369],[38.446569,48.366499],[38.446569,48.36649911863089],[38.44449056549121,48.367141],[38.444489,48.367141],[38.44417,48.36724],[38.444178,48.367255],[38.4441790969163,48.367255],[38.444583,48.367921],[38.446741,48.367255],[38.446741,48.367254510242084],[38.44708505699829,48.367147513000525],[38.451034,48.365928],[38.450225,48.365369]]]}},{"type":"Feature","properties":{"cadnum":"1420986000:01:200:0004"},"geometry":{"type":"Polygon","coordinates":[[[38.435755,48.359222],[38.435755,48.35922145207957],[38.436136,48.359156],[38.435755,48.35887903435805],[38.435755,48.358879],[38.435178,48.358458],[38.435134,48.358407],[38.434501,48.357978],[38.434006,48.3577],[38.433247,48.358198],[38.435165,48.359323],[38.435755,48.359222]]]}},{"type":"Feature","properties":{"cadnum":"1420986000:01:002:0007"},"geometry":{"type":"Polygon","coordinates":[[[38.421817,48.424522],[38.422813,48.422722],[38.421484,48.422474],[38.420496,48.424251],[38.421817,48.424522]]]}},{"type":"Feature","properties":{"cadnum":"1420986000:01:002:0005"},"geometry":{"type":"Polygon","coordinates":[[[38.419275,48.423757],[38.419275,48.42375662236287],[38.420132,48.422218],[38.419275,48.4220571040856],[38.419275,48.422057],[38.418658,48.42194],[38.418138,48.422874],[38.417945,48.42335],[38.417945,48.423562],[38.419104,48.423896884584344],[38.419104,48.423897],[38.419184,48.42392],[38.419275,48.423757]]]}},{"type":"Feature","properties":{"cadnum":"1420986000:01:002:0015"},"geometry":{"type":"Polygon","coordinates":[[[38.424008,48.422948],[38.423146,48.424498],[38.424601,48.424856],[38.425503,48.423228],[38.42470477996608,48.423079104651514],[38.424008,48.422948]]]}},{"type":"Feature","properties":{"cadnum":"1420986000:01:002:0008"},"geometry":{"type":"Polygon","coordinates":[[[38.422666,48.425369],[38.423123,48.42454],[38.423146,48.424498],[38.424008,48.422948],[38.422813,48.422722],[38.421817,48.424522],[38.422113,48.424582],[38.4224,48.424784],[38.422666,48.425369]]]}},{"type":"Feature","properties":{"cadnum":"1420986000:01:002:0009"},"geometry":{"type":"Polygon","coordinates":[[[38.424597,48.42537834551496],[38.424597,48.42538],[38.42483,48.42496],[38.424661074999534,48.42491867499989],[38.423123,48.42454],[38.422666,48.425369],[38.42272270781893,48.425499],[38.422722,48.425499],[38.422760222222394,48.425585000000396],[38.422772,48.425612],[38.42277222222222,48.425612],[38.422782,48.425634],[38.423289,48.426069],[38.423266,48.426602],[38.423042,48.427061],[38.423549,48.427264],[38.42453,48.425499],[38.42452987060998,48.425499],[38.424597,48.42537834551496]]]}},{"type":"Feature","properties":{"cadnum":"1420986000:01:025:0009"},"geometry":{"type":"Polygon","coordinates":[[[38.374897,48.380264],[38.37478,48.380306],[38.374327,48.380577],[38.373707,48.381066],[38.373595,48.381171],[38.373384,48.38132],[38.373128,48.381568],[38.37290820231214,48.381737],[38.372907,48.381737],[38.372903,48.381741],[38.372794,48.381851],[38.372794845637586,48.381851],[38.37261,48.382039],[38.372494,48.382239],[38.37239,48.382516],[38.372211,48.383423],[38.372247,48.383697],[38.37235,48.383852],[38.374268,48.383987],[38.37462779733334,48.381851],[38.374629,48.381851],[38.374897,48.380264]]]}},{"type":"Feature","properties":{"cadnum":"1420986000:01:025:0006"},"geometry":{"type":"Polygon","coordinates":[[[38.376627,48.385977],[38.376447,48.386856],[38.380651,48.38717975411335],[38.380651,48.38718],[38.383166,48.387372],[38.383328,48.386588],[38.380651,48.386344],[38.380651,48.38634430028599],[38.376627,48.385977]]]}},{"type":"Feature","properties":{"cadnum":"1420986000:01:037:0011"},"geometry":{"type":"Polygon","coordinates":[[[38.397303,48.3612295483871],[38.400975,48.362266],[38.401447,48.361911],[38.401963,48.361499],[38.397303,48.36018548178808],[38.397303,48.360185],[38.396829,48.360051],[38.395846,48.360819],[38.397303,48.36123],[38.397303,48.3612295483871]]]}},{"type":"Feature","properties":{"cadnum":"1420986000:01:015:0002"},"geometry":{"type":"Polygon","coordinates":[[[38.419857,48.396341],[38.419806,48.396442],[38.419806327252,48.396442],[38.419417,48.397218],[38.419275,48.397503361022366],[38.419275,48.397503],[38.418331,48.399395],[38.419275,48.399536],[38.419275,48.39953533846154],[38.420339,48.399693],[38.422094,48.396672],[38.42053958912387,48.396442],[38.420543,48.396442],[38.419857,48.396341]]]}},{"type":"Feature","properties":{"cadnum":"1420986000:03:000:0056"},"geometry":{"type":"Polygon","coordinates":[[[38.368097,48.396407],[38.368358,48.396037],[38.368182,48.395984],[38.368029,48.395953],[38.367562,48.39587],[38.367472,48.39598],[38.367405,48.396013],[38.367316,48.396055],[38.367172,48.396272],[38.367134447058824,48.396328],[38.367133,48.396328],[38.36701,48.396514],[38.367212,48.396606],[38.367503,48.396687],[38.367778,48.396845],[38.367881,48.396705],[38.368088,48.396422],[38.368097,48.396407]]]}},{"type":"Feature","properties":{"cadnum":"1420986000:03:000:0054"},"geometry":{"type":"Polygon","coordinates":[[[38.368937,48.396281],[38.368358,48.396037],[38.36815272702703,48.396328],[38.368152,48.396328],[38.368097,48.396407],[38.368622,48.396634],[38.36884317647018,48.39638517647104],[38.368937,48.396281]]]}},{"type":"Feature","properties":{"cadnum":"1420986000:03:400:0001"},"geometry":{"type":"Polygon","coordinates":[[[38.368344,48.397403],[38.368407,48.397355],[38.368339,48.397313],[38.368272,48.397358],[38.368344,48.397403]]]}},{"type":"Feature","properties":{"cadnum":"1420986000:01:030:0006"},"geometry":{"type":"Polygon","coordinates":[[[38.436683,48.389934],[38.435857,48.390007],[38.435755,48.390007],[38.435583,48.390007],[38.435295,48.390007],[38.433458303443324,48.392681],[38.433457,48.392681],[38.431685,48.395264],[38.433036,48.395246],[38.434797,48.392681],[38.4347963938992,48.392681],[38.435755,48.391287],[38.435755,48.39128634909091],[38.436683,48.389934]],[[38.43440640909091,48.392681],[38.434406,48.392681],[38.434469,48.392771],[38.434446,48.392795],[38.434447197183104,48.392795],[38.434082,48.393197],[38.433763,48.393228],[38.433872,48.392706],[38.434316,48.392551],[38.43440640909091,48.392681]]]}},{"type":"Feature","properties":{"cadnum":"1420986000:01:400:0018"},"geometry":{"type":"Polygon","coordinates":[[[38.403087,48.431484],[38.403177,48.43147],[38.403154,48.43141],[38.403064,48.431424],[38.403087,48.431484]]]}},{"type":"Feature","properties":{"cadnum":"1420986000:02:000:0097"},"geometry":{"type":"Polygon","coordinates":[[[38.424768,48.370543123134325],[38.426205,48.370645],[38.426371,48.36989],[38.424768,48.36977614543405],[38.424768,48.369776],[38.423195,48.369664],[38.423052,48.370422],[38.424768,48.370544],[38.424768,48.370543123134325]]]}},{"type":"Feature","properties":{"cadnum":"1420986000:02:000:0098"},"geometry":{"type":"Polygon","coordinates":[[[38.423299,48.368914],[38.423209,48.369586],[38.423195,48.369664],[38.424597,48.3697638245391],[38.424597,48.369764],[38.426371,48.36989],[38.426406,48.369723],[38.426532,48.369144],[38.424597,48.369007],[38.424597,48.36900766099387],[38.423299,48.368914]]]}},{"type":"Feature","properties":{"cadnum":"1420986000:01:034:0006"},"geometry":{"type":"Polygon","coordinates":[[[38.415851,48.38002],[38.414184,48.380798],[38.41517026210826,48.381737],[38.415169,48.381737],[38.416903,48.383387],[38.417809,48.38291],[38.418538,48.382582],[38.41777066627218,48.381851],[38.417771,48.381851],[38.415851,48.38002]]]}},{"type":"Feature","properties":{"cadnum":"1420986000:01:006:0009"},"geometry":{"type":"Polygon","coordinates":[[[38.407529,48.413015],[38.40646,48.412816],[38.405255,48.412634],[38.404486443682664,48.414562],[38.404486,48.414562],[38.404087,48.415564],[38.40482,48.415698],[38.406351,48.415979],[38.406867786167965,48.414676],[38.406869,48.414676],[38.407529,48.413015]]]}},{"type":"Feature","properties":{"cadnum":"1420986000:01:006:0010"},"geometry":{"type":"Polygon","coordinates":[[[38.40691429801325,48.414562],[38.406913,48.414562],[38.406351,48.415979],[38.406527,48.416008],[38.408117,48.416299469920546],[38.408117,48.4163],[38.40824848289419,48.41632357263043],[38.408289,48.416331],[38.408289,48.41633083665339],[38.408368,48.416345],[38.409030732473354,48.414676],[38.409032,48.414676],[38.40954,48.413397],[38.408544,48.413203],[38.40814979763737,48.41313099113751],[38.407529,48.413015],[38.40691429801325,48.414562]]]}},{"type":"Feature","properties":{"cadnum":"1420986000:02:000:0060"},"geometry":{"type":"Polygon","coordinates":[[[38.424768,48.364530333333335],[38.424964,48.364549],[38.424964,48.36454],[38.425094,48.363993],[38.424768,48.36397734463277],[38.424768,48.363977],[38.42474,48.363976],[38.424628,48.364517],[38.424768,48.364531],[38.424768,48.364530333333335]]]}},{"type":"Feature","properties":{"cadnum":"1420986000:02:000:0066"},"geometry":{"type":"Polygon","coordinates":[[[38.425517,48.364599],[38.425616,48.36403],[38.425094,48.363993],[38.424964,48.36454],[38.425517,48.364599]]]}},{"type":"Feature","properties":{"cadnum":"1420986000:02:000:0045"},"geometry":{"type":"Polygon","coordinates":[[[38.42717,48.365194],[38.42726,48.364424],[38.427287,48.364181],[38.426744,48.364137],[38.426622,48.364367],[38.426465,48.364656],[38.426649,48.364716],[38.426532,48.365041],[38.42717,48.365194]]]}},{"type":"Feature","properties":{"cadnum":"1420986000:01:033:0003"},"geometry":{"type":"Polygon","coordinates":[[[38.425113,48.378027],[38.426393,48.377433],[38.427067,48.377165],[38.427448,48.374849],[38.425683,48.374694],[38.425113,48.378027]]]}},{"type":"Feature","properties":{"cadnum":"1420986000:03:000:0042"},"geometry":{"type":"Polygon","coordinates":[[[38.354542,48.40199],[38.354874,48.401906],[38.355323,48.401554],[38.355606,48.401172],[38.355337,48.400841],[38.35535,48.40056],[38.355157,48.400332],[38.354951,48.400084],[38.354523,48.400188],[38.354662,48.400456],[38.355107,48.401307],[38.354676,48.401422],[38.354132,48.400281],[38.353729,48.400423],[38.353643,48.40077],[38.353553,48.401035],[38.353733,48.4013],[38.353913,48.40159],[38.354542,48.40199]]]}},{"type":"Feature","properties":{"cadnum":"1420986000:03:000:0041"},"geometry":{"type":"Polygon","coordinates":[[[38.354676,48.401422],[38.355107,48.401307],[38.354523,48.400188],[38.354132,48.400281],[38.354676,48.401422]]]}},{"type":"Feature","properties":{"cadnum":"1420986000:03:000:0001"},"geometry":{"type":"Polygon","coordinates":[[[38.355993,48.400042],[38.356019,48.399961],[38.35592,48.399869],[38.35543943859648,48.399976],[38.355439,48.399976],[38.355408,48.399983],[38.354951,48.400084],[38.354955,48.400089],[38.35495519117647,48.400089],[38.35535,48.40056],[38.355655,48.400454],[38.355687,48.400492],[38.355956,48.400511],[38.356054,48.400633],[38.356266,48.400555],[38.355947,48.400155],[38.355875,48.400069],[38.355993,48.400042]]]}},{"type":"Feature","properties":{"cadnum":"1420986000:03:000:0040"},"geometry":{"type":"Polygon","coordinates":[[[38.357209,48.399952],[38.357483,48.399872],[38.357515,48.399601],[38.357169,48.399642],[38.357029,48.39966],[38.356589,48.399654],[38.356154,48.399768],[38.35592,48.399869],[38.35543943859648,48.399976],[38.355439,48.399976],[38.355408,48.399983],[38.354951,48.400084],[38.354955,48.400089],[38.35495519117647,48.400089],[38.35535,48.40056],[38.355337,48.400841],[38.355606,48.401172],[38.355677,48.401083],[38.355718,48.400737],[38.356001,48.400564],[38.356054,48.400633],[38.356266,48.400555],[38.356069,48.40031],[38.356207,48.400352],[38.356612,48.400272],[38.356585,48.40014],[38.357131,48.399976],[38.35712911678831,48.399976],[38.357209,48.399952]]]}},{"type":"Feature","properties":{"cadnum":"1420986000:01:050:0003"},"geometry":{"type":"Polygon","coordinates":[[[38.453724,48.368721],[38.453604,48.368494],[38.453208,48.367987],[38.452234,48.36828813187773],[38.452234,48.368288],[38.447602,48.36972],[38.448047,48.370475],[38.452063,48.36923480702173],[38.452063,48.369235],[38.453724,48.368721]]]}},{"type":"Feature","properties":{"cadnum":"1420986000:01:050:0004"},"geometry":{"type":"Polygon","coordinates":[[[38.453208,48.367987],[38.452961,48.367673],[38.452552,48.367277],[38.452063,48.367428],[38.452063,48.36742876782557],[38.447143,48.368947],[38.447602,48.36972],[38.452063,48.36834086528497],[38.452063,48.368341],[38.453208,48.367987]]]}},{"type":"Feature","properties":{"cadnum":"1420986000:01:006:0011"},"geometry":{"type":"Polygon","coordinates":[[[38.411167,48.413716],[38.40954,48.413397],[38.40907727912432,48.414562],[38.409076,48.414562],[38.408368,48.416345],[38.408373,48.416345],[38.409953,48.416635],[38.410766651230105,48.414676],[38.410767,48.414676],[38.411167,48.413716]]]}},{"type":"Feature","properties":{"cadnum":"1420986000:03:000:0045"},"geometry":{"type":"Polygon","coordinates":[[[38.384702,48.395777],[38.385201,48.39573],[38.386198,48.3957],[38.386149,48.395458],[38.385587,48.395515],[38.385309,48.395524],[38.384757,48.395571],[38.384702,48.395777]]]}},{"type":"Feature","properties":{"cadnum":"1420986000:03:000:0031"},"geometry":{"type":"Polygon","coordinates":[[[38.38273,48.396383],[38.38344,48.396237],[38.38339,48.395816],[38.382721,48.395933],[38.38273,48.396383]]]}},{"type":"Feature","properties":{"cadnum":"1420986000:03:000:0034"},"geometry":{"type":"Polygon","coordinates":[[[38.383669,48.396141],[38.3845,48.395977],[38.384374,48.395652],[38.383521,48.395796],[38.383669,48.396141]]]}},{"type":"Feature","properties":{"cadnum":"1420986000:01:026:0012"},"geometry":{"type":"Polygon","coordinates":[[[38.39261,48.392795],[38.392610499999996,48.392795],[38.392603,48.392813],[38.397131,48.39313670382979],[38.397131,48.393138],[38.397651,48.393174],[38.397805521298174,48.392795],[38.397806,48.392795],[38.398181,48.391882],[38.397131,48.391806],[38.397131,48.39180658421559],[38.393147,48.391519],[38.39261,48.392795]]]}},{"type":"Feature","properties":{"cadnum":"1420986000:01:026:0014"},"geometry":{"type":"Polygon","coordinates":[[[38.397303,48.39048337097792],[38.398716,48.390585],[38.399116,48.389609],[38.397303,48.38948021763224],[38.397303,48.38948],[38.394103,48.389251],[38.393694,48.390224],[38.397303,48.390484],[38.397303,48.39048337097792]]]}},{"type":"Feature","properties":{"cadnum":"1420986000:01:028:0002"},"geometry":{"type":"Polygon","coordinates":[[[38.401783,48.390677],[38.40049,48.390823],[38.40047304056795,48.392681],[38.400473,48.392681],[38.40045,48.39514],[38.401146,48.39499],[38.401743,48.39491],[38.40176197711979,48.392795],[38.401762,48.392795],[38.401783,48.390677]]]}},{"type":"Feature","properties":{"cadnum":"1420986000:01:102:0010"},"geometry":{"type":"Polygon","coordinates":[[[38.393896,48.38912],[38.394183,48.388422],[38.394579,48.387597],[38.393303,48.388014],[38.392787,48.38819],[38.39379,48.389147],[38.393790302325584,48.389147],[38.393806,48.389162],[38.393838142857135,48.389147],[38.393839,48.389147],[38.393896,48.38912]]]}},{"type":"Feature","properties":{"cadnum":"1420986000:01:102:0018"},"geometry":{"type":"Polygon","coordinates":[[[38.391809,48.39125825405406],[38.392657,48.392065],[38.392657,48.392056],[38.392814,48.391694],[38.39299,48.391298],[38.393191,48.390842],[38.392181,48.389878],[38.392127,48.389899],[38.391809,48.39003946625767],[38.391809,48.390039],[38.391286,48.390269],[38.390946,48.390421],[38.390936,48.390424],[38.391638,48.391095133165834],[38.391638,48.391096],[38.391732,48.391185],[38.391809,48.39126],[38.391809,48.39125825405406]]]}},{"type":"Feature","properties":{"cadnum":"1420986000:01:102:0017"},"geometry":{"type":"Polygon","coordinates":[[[38.393191,48.390842],[38.393231,48.390752],[38.39386,48.389216],[38.393896,48.38912],[38.393806,48.389162],[38.392181,48.389878],[38.393191,48.390842]]]}},{"type":"Feature","properties":{"cadnum":"1420986000:01:102:0019"},"geometry":{"type":"Polygon","coordinates":[[[38.391732,48.391185],[38.390936,48.390424],[38.389607,48.391008],[38.38883,48.391351],[38.389045,48.391459],[38.389382,48.391638],[38.389216,48.392279],[38.389212,48.392291],[38.390334,48.391799],[38.391638,48.391226284692415],[38.391638,48.391227],[38.391732,48.391185]]]}},{"type":"Feature","properties":{"cadnum":"1420986000:01:400:0001"},"geometry":{"type":"Polygon","coordinates":[[[38.360344,48.392485],[38.360408,48.392437],[38.360335,48.392395],[38.360272,48.39244],[38.360344,48.392485]]]}},{"type":"Feature","properties":{"cadnum":"1420986000:01:102:0009"},"geometry":{"type":"Polygon","coordinates":[[[38.393932,48.387748],[38.394701,48.387498],[38.395172,48.386624],[38.394795,48.38662],[38.393636,48.38694],[38.393137,48.386991],[38.393932,48.387748]]]}},{"type":"Feature","properties":{"cadnum":"1420986000:01:018:0007"},"geometry":{"type":"Polygon","coordinates":[[[38.418628,48.396917],[38.4174,48.397033],[38.41449,48.397594],[38.413781,48.397862],[38.41361,48.397996],[38.41361,48.397996046610174],[38.413309,48.398232],[38.413142,48.398599],[38.413782,48.398694],[38.413782,48.398693518896835],[38.417526,48.399249],[38.418628,48.396917]]]}},{"type":"Feature","properties":{"cadnum":"1420986000:01:021:0001"},"geometry":{"type":"Polygon","coordinates":[[[38.363983,48.394522],[38.363717,48.39491],[38.363578,48.395199],[38.36401,48.395273],[38.364172,48.39530695209581],[38.364172,48.395308],[38.364454,48.395366],[38.367859,48.395619],[38.368048,48.395566],[38.368258,48.395279],[38.368767,48.395381],[38.369243,48.394978],[38.364172,48.394538],[38.364172,48.394538753462605],[38.363983,48.394522]]]}},{"type":"Feature","properties":{"cadnum":"1420986000:01:400:0003"},"geometry":{"type":"Polygon","coordinates":[[[38.365568,48.395694],[38.365631,48.395649],[38.365564,48.395608],[38.365501,48.395652],[38.365568,48.395694]]]}},{"type":"Feature","properties":{"cadnum":"1420986000:01:104:0002"},"geometry":{"type":"Polygon","coordinates":[[[38.389001,48.398285],[38.389055,48.396446],[38.387586,48.396842],[38.387545,48.396851],[38.3875,48.398253],[38.389001,48.398285]]]}},{"type":"Feature","properties":{"cadnum":"1420986000:01:027:0001"},"geometry":{"type":"Polygon","coordinates":[[[38.401267,48.39502],[38.40116,48.395034],[38.39859,48.395584],[38.398496,48.395589],[38.39886,48.396327],[38.398861026086955,48.396328],[38.398861,48.396328],[38.39886621052629,48.39633305263156],[38.398978,48.396442],[38.3989785625,48.396442],[38.399422,48.396872],[38.399718,48.397063],[38.401258,48.397463],[38.401779,48.397564],[38.402265,48.397594],[38.401774,48.396328],[38.40177382700421,48.396328],[38.401267,48.39502]]]}},{"type":"Feature","properties":{"cadnum":"1420986000:02:000:0044"},"geometry":{"type":"Polygon","coordinates":[[[38.419624,48.366569],[38.419601,48.366258],[38.419332,48.366262],[38.419346,48.366512],[38.419385,48.367255],[38.41938619565217,48.367255],[38.4194,48.367509],[38.419696,48.36756],[38.419666,48.367141],[38.4196656909621,48.367141],[38.419624,48.366569]]]}},{"type":"Feature","properties":{"cadnum":"1420986000:01:400:0020"},"geometry":{"type":"Polygon","coordinates":[[[38.405198,48.436798],[38.405288,48.436783],[38.405265,48.43672],[38.405171,48.436738],[38.405198,48.436798]]]}},{"type":"Feature","properties":{"cadnum":"1420986000:01:400:0021"},"geometry":{"type":"Polygon","coordinates":[[[38.40628,48.439527],[38.40637,48.43951],[38.406347,48.43945],[38.406257,48.439464],[38.40628,48.439527]]]}},{"type":"Feature","properties":{"cadnum":"1420986000:01:036:0005"},"geometry":{"type":"Polygon","coordinates":[[[38.397303,48.38407492917055],[38.399277,48.384625],[38.399573,48.384548],[38.400108,48.384128],[38.397303,48.38334501209271],[38.397303,48.383345],[38.393452,48.382269],[38.392854,48.382832],[38.397131,48.384026945156215],[38.397131,48.384027],[38.39720606077999,48.38404791628445],[38.397303,48.384075],[38.397303,48.38407492917055]]]}},{"type":"Feature","properties":{"cadnum":"1420986000:01:400:0002"},"geometry":{"type":"Polygon","coordinates":[[[38.363605,48.394489],[38.363668,48.394441],[38.363601,48.3944],[38.363538,48.394444],[38.363605,48.394489]]]}},{"type":"Feature","properties":{"cadnum":"1420986000:02:000:0038"},"geometry":{"type":"Polygon","coordinates":[[[38.42284,48.364513],[38.422899,48.364346],[38.422983,48.364113],[38.423128,48.363788],[38.423105,48.363716],[38.42288,48.363681],[38.4227,48.364099],[38.422666,48.364214],[38.422576,48.364498],[38.42284,48.364513]]]}},{"type":"Feature","properties":{"cadnum":"1420986000:02:000:0062"},"geometry":{"type":"Polygon","coordinates":[[[38.421628,48.364388],[38.421645,48.364245],[38.42174,48.364245],[38.42183,48.363568],[38.421601,48.363555],[38.421492,48.364376],[38.421628,48.364388]]]}},{"type":"Feature","properties":{"cadnum":"1420986000:02:000:0095"},"geometry":{"type":"Polygon","coordinates":[[[38.422517,48.366793],[38.422804,48.366733],[38.422876,48.366226],[38.422903,48.365981],[38.422557,48.36599],[38.422544,48.366193],[38.422534,48.366229],[38.422611,48.366238],[38.422517,48.366793]]]}},{"type":"Feature","properties":{"cadnum":"1420986000:02:000:0070"},"geometry":{"type":"Polygon","coordinates":[[[38.421672,48.365081],[38.42178,48.364489],[38.421561,48.364471],[38.421434,48.365071],[38.421672,48.365081]]]}},{"type":"Feature","properties":{"cadnum":"1420986000:02:000:0074"},"geometry":{"type":"Polygon","coordinates":[[[38.42192,48.365083],[38.422,48.364504],[38.42178,48.364489],[38.421672,48.365081],[38.421708,48.365081],[38.42192,48.365083]]]}},{"type":"Feature","properties":{"cadnum":"1420986000:02:000:0004"},"geometry":{"type":"Polygon","coordinates":[[[38.421704,48.365942],[38.421947,48.365931],[38.42223,48.365915],[38.422238,48.36591],[38.422224,48.365805],[38.422207,48.365802],[38.422243,48.365594],[38.42232,48.365179],[38.421937,48.365167],[38.421721,48.365158],[38.421699,48.365579],[38.421731,48.365579],[38.421704,48.365942]]]}},{"type":"Feature","properties":{"cadnum":"1420986000:02:000:0073"},"geometry":{"type":"Polygon","coordinates":[[[38.420836,48.365032],[38.420891,48.364435],[38.420675,48.364424],[38.420666,48.364537],[38.420433,48.364531],[38.420396,48.365006],[38.420836,48.365032]]]}},{"type":"Feature","properties":{"cadnum":"1420986000:02:000:0041"},"geometry":{"type":"Polygon","coordinates":[[[38.423092,48.364531],[38.423182,48.364304],[38.423249,48.364134],[38.423383,48.363765],[38.423136,48.363773],[38.423128,48.363788],[38.422983,48.364113],[38.42292,48.364287],[38.422899,48.364346],[38.42284,48.364513],[38.423092,48.364531]]]}},{"type":"Feature","properties":{"cadnum":"1420986000:02:000:0042"},"geometry":{"type":"Polygon","coordinates":[[[38.422346,48.364484],[38.422409,48.364289],[38.422444,48.364185],[38.422486,48.364068],[38.422647,48.363657],[38.422409,48.363675],[38.422261,48.364062],[38.422203,48.364245],[38.42214,48.364466],[38.422346,48.364484]]]}},{"type":"Feature","properties":{"cadnum":"1420986000:02:000:0091"},"geometry":{"type":"Polygon","coordinates":[[[38.421492,48.364376],[38.421574,48.363776],[38.421371,48.363666],[38.421228,48.364352],[38.421492,48.364376]]]}},{"type":"Feature","properties":{"cadnum":"1420986000:02:000:0029"},"geometry":{"type":"Polygon","coordinates":[[[38.420828,48.36599],[38.421291,48.365961],[38.421345,48.365387],[38.421264,48.365384],[38.421098,48.365382],[38.420899,48.365375],[38.42085,48.365716],[38.420828,48.36599]]]}},{"type":"Feature","properties":{"cadnum":"1420986000:02:000:0022"},"geometry":{"type":"Polygon","coordinates":[[[38.422576,48.364498],[38.422666,48.364214],[38.4227,48.364099],[38.42288,48.363681],[38.422656,48.363642],[38.422486,48.364068],[38.422444,48.364185],[38.422346,48.364484],[38.422576,48.364498]]]}},{"type":"Feature","properties":{"cadnum":"1420986000:02:000:0025"},"geometry":{"type":"Polygon","coordinates":[[[38.421591,48.365447],[38.421951,48.365408],[38.422144,48.36491],[38.422243,48.364566],[38.421968,48.364549],[38.42183,48.364883],[38.421591,48.365447]]]}},{"type":"Feature","properties":{"cadnum":"1420986000:01:400:0009"},"geometry":{"type":"Polygon","coordinates":[[[38.385453,48.407911],[38.385516,48.407866],[38.385443,48.407825],[38.38538,48.407869],[38.385453,48.407911]]]}},{"type":"Feature","properties":{"cadnum":"1420986000:01:102:0013"},"geometry":{"type":"Polygon","coordinates":[[[38.389607,48.391008],[38.390936,48.390424],[38.391286,48.390269],[38.390254,48.389282],[38.388569,48.390018],[38.389607,48.391008]]]}},{"type":"Feature","properties":{"cadnum":"1420986000:01:102:0014"},"geometry":{"type":"Polygon","coordinates":[[[38.388772,48.391375],[38.38883,48.391351],[38.389607,48.391008],[38.388569,48.390018],[38.388386,48.390102],[38.387891,48.390305],[38.387271,48.390493],[38.387132,48.390511],[38.3879,48.391244],[38.388466,48.391274],[38.388655,48.391316],[38.388772,48.391375]]]}},{"type":"Feature","properties":{"cadnum":"1420986000:02:000:0057"},"geometry":{"type":"Polygon","coordinates":[[[38.41653,48.366993],[38.4167,48.366521],[38.416771,48.366244],[38.416372,48.366214],[38.416161,48.366844],[38.416295,48.366897],[38.41653,48.366993]]]}},{"type":"Feature","properties":{"cadnum":"1420986000:02:000:0036"},"geometry":{"type":"Polygon","coordinates":[[[38.415033,48.365966],[38.415406,48.365933],[38.415662,48.365906],[38.415699,48.365892],[38.415695,48.365671],[38.415968,48.36536],[38.416171,48.36514],[38.416324,48.364913],[38.417104,48.364095],[38.416628,48.363928],[38.416089,48.364382],[38.415605,48.36463],[38.41546,48.364767],[38.414315,48.365647],[38.414356,48.365683],[38.414746,48.365904],[38.414796,48.365939],[38.415033,48.365966]]]}},{"type":"Feature","properties":{"cadnum":"1420986000:02:000:0039"},"geometry":{"type":"Polygon","coordinates":[[[38.418331,48.367178],[38.418429,48.366581],[38.418475,48.366405],[38.418461,48.366402],[38.418475,48.366357],[38.418488,48.36636],[38.418519,48.366226],[38.418236,48.36622],[38.41811,48.366578],[38.417985,48.367151],[38.418331,48.367178]]]}},{"type":"Feature","properties":{"cadnum":"1420986000:02:000:0065"},"geometry":{"type":"Polygon","coordinates":[[[38.414697,48.363925],[38.41485,48.363791],[38.413884,48.363626],[38.413852,48.36377],[38.414697,48.363925]]]}},{"type":"Feature","properties":{"cadnum":"1420986000:02:000:0068"},"geometry":{"type":"Polygon","coordinates":[[[38.415375,48.366862],[38.415595,48.366802],[38.415708,48.366623],[38.415362,48.366521],[38.415123,48.366435],[38.414962,48.366614],[38.414894,48.366745],[38.415169,48.366841],[38.415375,48.366862]]]}},{"type":"Feature","properties":{"cadnum":"1420986000:02:000:0016"},"geometry":{"type":"Polygon","coordinates":[[[38.418021,48.367187],[38.418173,48.36659],[38.418209,48.366268],[38.417922,48.366262],[38.417855,48.366554],[38.417724,48.367112],[38.418021,48.367187]]]}},{"type":"Feature","properties":{"cadnum":"1420986000:02:000:0064"},"geometry":{"type":"Polygon","coordinates":[[[38.415752,48.36425],[38.415882,48.364062],[38.41489,48.363803],[38.414683,48.363982],[38.415752,48.36425]]]}},{"type":"Feature","properties":{"cadnum":"1420986000:02:000:0058"},"geometry":{"type":"Polygon","coordinates":[[[38.415882,48.364062],[38.416026,48.36388],[38.415083,48.36363],[38.41489,48.363803],[38.415882,48.364062]]]}},{"type":"Feature","properties":{"cadnum":"1420986000:01:400:0011"},"geometry":{"type":"Polygon","coordinates":[[[38.390873,48.411239],[38.390936,48.411194],[38.390864,48.411149],[38.390802,48.411197],[38.390873,48.411239]]]}}]}