{"type":"FeatureCollection","features":[{"type":"Feature","properties":{"cadnum":"1425200000:02:000:2108"},"geometry":{"type":"Polygon","coordinates":[[[38.108442,48.078136],[38.10844317113095,48.078136],[38.107904,48.078729],[38.107824,48.078813],[38.107941,48.078768],[38.108646,48.078855],[38.10917,48.079089],[38.109392,48.07923],[38.109862,48.079518],[38.111143,48.080001],[38.111658,48.079252],[38.111658,48.079251448818894],[38.112423740540535,48.078136],[38.112424,48.078136],[38.112994,48.077307],[38.112841,48.077126],[38.111658,48.07696448339483],[38.111658,48.076964],[38.110061,48.076745],[38.109746,48.0767],[38.108807,48.077732],[38.108646,48.077928],[38.10855054263566,48.078022],[38.108549,48.078022],[38.108515,48.078057],[38.108442,48.078136]],[[38.109392,48.079185],[38.109459,48.079185],[38.109459,48.07923],[38.109392,48.07923],[38.109392,48.079185]],[[38.108713,48.077928],[38.108713,48.077972],[38.108646,48.077972],[38.108646,48.077928],[38.108713,48.077928]]]}},{"type":"Feature","properties":{"cadnum":"1425200000:02:000:2038"},"geometry":{"type":"Polygon","coordinates":[[[38.1199401670146,48.081692],[38.119938,48.081692],[38.121397,48.082107],[38.12186,48.081697],[38.12229,48.081435],[38.122473,48.0812127118644],[38.122473,48.081214],[38.122799,48.080817],[38.122644,48.08077325766872],[38.122644,48.080773],[38.117099,48.079194],[38.11598,48.080563],[38.117151,48.080897],[38.117151,48.080896755357145],[38.1199401670146,48.081692]]]}},{"type":"Feature","properties":{"cadnum":"1425200000:02:000:2120"},"geometry":{"type":"Polygon","coordinates":[[[38.110688,48.081471],[38.110554,48.081687],[38.1105508487395,48.081692],[38.11055,48.081692],[38.110128,48.082365],[38.109679,48.082975],[38.109692,48.083259],[38.10984,48.08362],[38.109966,48.084214],[38.109885,48.084697],[38.109758,48.085476],[38.109758380952385,48.085476],[38.109709,48.085781],[38.110545,48.086044],[38.111486,48.08633979227941],[38.111486,48.08634],[38.111633,48.086386],[38.1117979879519,48.085373349397024],[38.111969,48.08434],[38.112072,48.083706],[38.112378,48.081835],[38.11224212587414,48.081806],[38.112244,48.081806],[38.11185632061491,48.08172365648945],[38.111708,48.081692],[38.11170727950308,48.081692],[38.111486,48.081645],[38.111486,48.08164504509284],[38.110904,48.08152],[38.110688,48.081471]],[[38.110851,48.08194],[38.110847,48.081895],[38.110914,48.081895],[38.110914,48.08194],[38.110851,48.08194]],[[38.11183,48.083635],[38.111763,48.083635],[38.111763,48.08359],[38.11183,48.08359],[38.11183,48.083635]],[[38.110065,48.085805],[38.109984,48.085823],[38.109952,48.085768],[38.110038,48.085747],[38.110065,48.085805]]]}},{"type":"Feature","properties":{"cadnum":"1425200000:02:000:2070"},"geometry":{"type":"Polygon","coordinates":[[[38.112994,48.077307],[38.112502383594695,48.078022],[38.112502,48.078022],[38.111486,48.079502],[38.111486,48.07950215145631],[38.111143,48.080001],[38.111287,48.080055],[38.111486,48.08009254716981],[38.111486,48.080093],[38.113631,48.080494],[38.113937,48.079407],[38.11368,48.078123],[38.112994,48.077307]]]}},{"type":"Feature","properties":{"cadnum":"1425200000:02:000:2137"},"geometry":{"type":"Polygon","coordinates":[[[38.114277,48.077289],[38.114584,48.078136],[38.11458449264706,48.078136],[38.114642,48.078294],[38.115512,48.079971],[38.115975,48.080112],[38.115975,48.080565],[38.11598,48.080563],[38.11698,48.07933958623772],[38.11698,48.07934],[38.117099,48.079194],[38.117831,48.078303],[38.11698,48.07806],[38.11698,48.078060210855945],[38.114277,48.077289]]]}},{"type":"Feature","properties":{"cadnum":"1425200000:01:000:1074"},"geometry":{"type":"Polygon","coordinates":[[[38.086691,48.022838],[38.084727,48.022838],[38.08472652752294,48.022941],[38.084726,48.022941],[38.084723,48.025802],[38.086255,48.025806],[38.086687,48.025806],[38.086688919720764,48.023056],[38.086689,48.023056],[38.086691,48.022838]]]}},{"type":"Feature","properties":{"cadnum":"1425200000:01:000:1107"},"geometry":{"type":"Polygon","coordinates":[[[38.090167,48.026199],[38.09009,48.024042],[38.089514,48.024129],[38.089514,48.02412962385321],[38.089358,48.024153],[38.088515,48.02425],[38.088245,48.024342],[38.088433,48.024763],[38.088509,48.02616],[38.088578,48.026058],[38.088922,48.025962],[38.089268,48.02606],[38.089358,48.026211],[38.089685,48.026207],[38.089685,48.026206381316996],[38.090167,48.026199]]]}},{"type":"Feature","properties":{"cadnum":"1425200000:01:000:1000"},"geometry":{"type":"Polygon","coordinates":[[[38.082765,48.022834],[38.08276451801802,48.022941],[38.082764,48.022941],[38.08276,48.025802],[38.084021,48.025802],[38.084192,48.025802],[38.084723,48.025802],[38.084725879412794,48.023056],[38.084726,48.023056],[38.084727,48.022838],[38.084192,48.02283724220963],[38.084192,48.022837],[38.082765,48.022834]]]}},{"type":"Feature","properties":{"cadnum":"1425200000:01:000:1042"},"geometry":{"type":"Polygon","coordinates":[[[38.089514,48.020568],[38.089514,48.02056827227723],[38.088473,48.020783],[38.08945943290805,48.022941],[38.089459,48.022941],[38.089685,48.023434],[38.089685,48.02343308695653],[38.089951,48.024015],[38.091721,48.023745],[38.091354,48.022941],[38.09135359217028,48.022941],[38.090207,48.020425],[38.089514,48.020568]]]}},{"type":"Feature","properties":{"cadnum":"1425200000:01:000:1016"},"geometry":{"type":"Polygon","coordinates":[[[38.087966,48.025806],[38.086255,48.025806],[38.08625412445887,48.026615],[38.086254,48.026615],[38.086251,48.029128],[38.086479,48.029115],[38.0881,48.029119],[38.087998,48.026615],[38.087997519480524,48.026615],[38.087966,48.025806]]]}},{"type":"Feature","properties":{"cadnum":"1425200000:01:000:1044"},"geometry":{"type":"Polygon","coordinates":[[[38.088473,48.020783],[38.086775,48.021131],[38.08760148831169,48.022941],[38.087601,48.022941],[38.088222,48.024301],[38.088496,48.024207],[38.089345,48.024108],[38.089514,48.024082152941176],[38.089514,48.024083],[38.089951,48.024015],[38.089514,48.023059],[38.089514,48.02306097787611],[38.089511718052734,48.023056],[38.089512,48.023056],[38.088473,48.020783]]]}},{"type":"Feature","properties":{"cadnum":"1425200000:01:000:1024"},"geometry":{"type":"Polygon","coordinates":[[[38.082783,48.025802],[38.08278124784483,48.026615],[38.082781,48.026615],[38.082779,48.029293],[38.084021,48.02923498726115],[38.084021,48.029235],[38.08402453333348,48.029234822222215],[38.084192,48.029227],[38.084192,48.02922639622641],[38.084498,48.029211],[38.084502,48.026615],[38.08450124784483,48.026615],[38.084503,48.025802],[38.084192,48.025802],[38.084021,48.025802],[38.082783,48.025802]]]}},{"type":"Feature","properties":{"cadnum":"1425200000:01:000:1106"},"geometry":{"type":"Polygon","coordinates":[[[38.089514,48.026209],[38.089514,48.02620909174312],[38.089358,48.026211],[38.089408,48.026292],[38.089264,48.026526],[38.088918,48.026619],[38.088572,48.026523],[38.088528,48.026448],[38.08853688297872,48.026615],[38.088536,48.026615],[38.088578,48.027391],[38.088582,48.027541],[38.089514,48.02752579057117],[38.089514,48.027526],[38.090217,48.027514],[38.090182,48.026615],[38.09018188512241,48.026615],[38.090167,48.026199],[38.089514,48.026209]]]}},{"type":"Feature","properties":{"cadnum":"1425200000:01:000:1012"},"geometry":{"type":"Polygon","coordinates":[[[38.086255,48.025806],[38.084723,48.025802],[38.084503,48.025802],[38.084501,48.02673],[38.08450182280431,48.02673],[38.084498,48.029211],[38.086251,48.029128],[38.08625386271388,48.02673],[38.086254,48.02673],[38.086255,48.025806]]]}},{"type":"Feature","properties":{"cadnum":"1425200000:01:000:1014"},"geometry":{"type":"Polygon","coordinates":[[[38.087041,48.022838],[38.086691,48.022838],[38.08669005504587,48.022941],[38.086689,48.022941],[38.086687,48.025806],[38.087966,48.025806],[38.087926,48.024811],[38.08710420000008,48.02298151666684],[38.087041,48.022838]]]}},{"type":"Feature","properties":{"cadnum":"1425200000:02:000:2018"},"geometry":{"type":"Polygon","coordinates":[[[38.110474,48.094727],[38.109675,48.096224],[38.11028523166025,48.096369],[38.110283,48.096369],[38.111658,48.096697],[38.111658,48.09669593650024],[38.115612,48.097637],[38.115679,48.097238],[38.115761,48.096743],[38.115724,48.09656],[38.115837,48.096497],[38.11586341489365,48.09643197872332],[38.116025,48.096047],[38.114975,48.095795],[38.111658,48.09500876927486],[38.111658,48.095008],[38.110474,48.094727]]]}},{"type":"Feature","properties":{"cadnum":"1425200000:02:000:2133"},"geometry":{"type":"Polygon","coordinates":[[[38.11426,48.098729],[38.115581,48.097922],[38.115567,48.097898],[38.115602,48.097684],[38.111639788412674,48.09674254156161],[38.111417,48.096688],[38.109998,48.099374],[38.111658,48.099123],[38.111658,48.09912295818312],[38.11426,48.098729]]]}},{"type":"Feature","properties":{"cadnum":"1425200000:02:000:2041"},"geometry":{"type":"Polygon","coordinates":[[[38.116361,48.099307],[38.116247828402365,48.100037],[38.116247,48.100037],[38.116011,48.101563],[38.11698,48.10160295],[38.11698,48.101603],[38.117269,48.101615],[38.117432,48.100517],[38.11748294791667,48.100152],[38.117483,48.100152],[38.117562,48.099601],[38.11698,48.09946],[38.11698,48.09946006687898],[38.116837,48.099425],[38.116361,48.099307]],[[38.117417,48.099661],[38.11735,48.099661],[38.11735,48.099616],[38.117417,48.099616],[38.117417,48.099661]]]}},{"type":"Feature","properties":{"cadnum":"1425200000:02:000:0227"},"geometry":{"type":"Polygon","coordinates":[[[38.116591,48.098398],[38.116672,48.09838],[38.116644,48.098324],[38.11656,48.098345],[38.116591,48.098398]]]}},{"type":"Feature","properties":{"cadnum":"1425200000:02:000:0226"},"geometry":{"type":"Polygon","coordinates":[[[38.115791,48.096635],[38.115877,48.096617],[38.11585,48.096563],[38.115765,48.096581],[38.115791,48.096635]]]}},{"type":"Feature","properties":{"cadnum":"1425200000:03:000:0129"},"geometry":{"type":"Polygon","coordinates":[[[38.153759,48.161423],[38.154042,48.161456],[38.155432,48.16049430877643],[38.155432,48.160495],[38.156513,48.159745],[38.15658,48.159481],[38.155861,48.159604],[38.157203172591146,48.15872158252917],[38.15984,48.156989],[38.160925,48.15660575417661],[38.160925,48.156606],[38.162975,48.15588],[38.16455744800096,48.15504106399949],[38.164857,48.154883],[38.165428,48.154885],[38.16659,48.154147],[38.16659,48.154146668277946],[38.168073,48.153204],[38.170073,48.152626],[38.171855,48.151909],[38.171911,48.1518711754386],[38.171911,48.151872],[38.17200743803986,48.151806037464304],[38.172083,48.151755],[38.172083,48.15175435393258],[38.172623,48.151385],[38.171911,48.151383],[38.171911,48.15138365040651],[38.171591,48.151383],[38.172067,48.151227],[38.172083,48.151227],[38.172083,48.15122691949686],[38.172862,48.151223],[38.174941,48.149674],[38.17544,48.149021],[38.174631,48.149095],[38.174249,48.149126],[38.174002,48.149144],[38.173728,48.149162],[38.173553,48.149177],[38.172875,48.149224],[38.171911,48.150363],[38.171911,48.150363065040644],[38.171837,48.15045],[38.172083,48.150497],[38.172083,48.15049579393939],[38.172241,48.150525],[38.1719657659579,48.15072266808478],[38.171608,48.150978],[38.171392,48.150825],[38.170203,48.151172],[38.170826,48.15125],[38.17071344186047,48.151371],[38.170712,48.151371],[38.170706,48.151379],[38.169515,48.151376],[38.169142,48.151485],[38.169143800239226,48.151485],[38.166668,48.152212],[38.166418,48.152384],[38.166418,48.15238440855457],[38.163878,48.154133],[38.161579,48.15515],[38.16158066176471,48.15515],[38.161224,48.155308],[38.161597,48.155383],[38.160925,48.155677],[38.160925,48.155677051334706],[38.159149,48.156452],[38.156561,48.158397],[38.156125346889944,48.1587],[38.156125,48.1587],[38.155960000004114,48.158814999997134],[38.15596,48.158815],[38.15596000000001,48.158815],[38.155432,48.159183],[38.155432,48.159183006521296],[38.15086124304539,48.162364],[38.150861,48.162364],[38.150819291456706,48.1623931959803],[38.150696,48.162479],[38.15069671428572,48.162479],[38.150691,48.162483],[38.15011,48.16298596675532],[38.15011,48.162985],[38.149487,48.163524],[38.148534,48.16547],[38.14858126002972,48.166028],[38.148581,48.166028],[38.148603,48.166282],[38.147775,48.166549],[38.147834,48.168289],[38.148347,48.168618],[38.148297,48.1692],[38.147704,48.169245],[38.147563,48.169806],[38.14756476802508,48.169806],[38.147435,48.17033],[38.146729,48.171815],[38.145913,48.172885],[38.146437,48.172885],[38.146001,48.17347],[38.14600152181208,48.17347],[38.144758,48.175143],[38.144525,48.175014],[38.144515,48.176227],[38.144445,48.176227],[38.144246,48.176227],[38.144445,48.176662547169805],[38.144445,48.176664],[38.14466,48.177133],[38.14466064175741,48.177133],[38.145827,48.179681],[38.14672206726457,48.180681],[38.146721,48.180681],[38.148081,48.1822],[38.149501,48.183175],[38.149939,48.182991672164945],[38.149939,48.182993],[38.149986,48.182972],[38.15011,48.183062],[38.15011,48.18306057142857],[38.150161,48.183097],[38.15008244615356,48.183138400000146],[38.149712,48.183332],[38.149939,48.18343466331658],[38.149939,48.183435],[38.151946263929624,48.184344],[38.151946,48.184344],[38.15214421428835,48.18443364285834],[38.152198,48.184458],[38.152198071713144,48.184458],[38.152501,48.184595],[38.152834,48.184344],[38.15283399999999,48.184344],[38.15291,48.184287],[38.15305800000001,48.184344],[38.153058,48.184344],[38.15305800002412,48.18434400000929],[38.153354,48.184458],[38.15335412195121,48.184458],[38.153484,48.184508],[38.152995,48.184799],[38.155603,48.186543],[38.155603,48.18654221033211],[38.155974,48.18679],[38.156287,48.18732],[38.1574311897628,48.188006],[38.157431,48.188006],[38.1575919302299,48.18810237209143],[38.157623,48.188121],[38.15762303667954,48.188121],[38.160891,48.190078],[38.160925,48.19005934951456],[38.160925,48.19006],[38.161295,48.189856],[38.162859,48.190841],[38.163029,48.191203],[38.162495,48.19124],[38.162601,48.191783],[38.162602711598744,48.191783],[38.162706,48.192306],[38.163138,48.192168],[38.163241,48.192794],[38.163038,48.193615],[38.162324,48.194492],[38.162648,48.194534],[38.162216,48.195033],[38.162423,48.195142],[38.162733,48.195291],[38.163757,48.194594],[38.164346,48.194596],[38.16518,48.193329],[38.164457,48.193049],[38.164561,48.19194],[38.165107912087905,48.191783],[38.165108,48.191783],[38.165195,48.191758],[38.164449,48.190737],[38.163834,48.190776],[38.163891,48.190224],[38.1636,48.18976],[38.161097,48.18819363663551],[38.161097,48.188193],[38.160798,48.188006],[38.16079736544191,48.188006],[38.157765,48.186107],[38.157029,48.185293],[38.1557637418335,48.184458],[38.155764,48.184458],[38.155432,48.184238],[38.155432,48.18423881072209],[38.154689,48.183747],[38.153664,48.183322],[38.153395,48.183553],[38.150067,48.181783],[38.149939,48.18169],[38.149939,48.18169028899638],[38.14924,48.181184],[38.148893,48.180681],[38.14889285641026,48.180681],[38.148301,48.179821],[38.147003,48.177398],[38.146912,48.177018],[38.14691179908676,48.177018],[38.14668,48.176038],[38.146123,48.176011],[38.146074,48.175215],[38.146609,48.174071],[38.14712186452513,48.17347],[38.147122,48.17347],[38.147974,48.172474],[38.148567,48.171644],[38.149115,48.171773],[38.149245,48.17071],[38.149029,48.170554],[38.149083,48.170389],[38.149303,48.170216],[38.149515,48.169692],[38.14951413023256,48.169692],[38.149729,48.169161],[38.149002,48.169191],[38.149245,48.168807],[38.149752,48.168811],[38.149939,48.16731982234953],[38.149939,48.167329],[38.15008668024596,48.166143],[38.150087,48.166143],[38.15011,48.165963],[38.15011,48.1659610909091],[38.150219,48.165099],[38.15011,48.165099],[38.149939,48.165099],[38.149882,48.165099],[38.149939,48.16481320833331],[38.149939,48.164816],[38.150026,48.164377],[38.15011,48.164371],[38.15011,48.164370760000004],[38.150551,48.164338],[38.151374,48.163209],[38.150785,48.163209],[38.151266,48.162756],[38.151813,48.162858],[38.1524160242915,48.162479],[38.152417,48.162479],[38.153207,48.161983],[38.152941,48.161705],[38.153458,48.161273],[38.153759,48.161423]]]}},{"type":"Feature","properties":{"cadnum":"1425200000:02:000:2086"},"geometry":{"type":"Polygon","coordinates":[[[38.105164,48.095201],[38.104537179407174,48.096369],[38.104537,48.096369],[38.103786,48.097771],[38.106165,48.098337],[38.106165,48.098336834532375],[38.107105,48.09856],[38.108268,48.096369],[38.10826667741935,48.096369],[38.10847,48.095987],[38.106165,48.095439830036334],[38.106165,48.095439],[38.105164,48.095201]]]}},{"type":"Feature","properties":{"cadnum":"1425200000:02:000:2061"},"geometry":{"type":"Polygon","coordinates":[[[38.111658,48.09317],[38.11135,48.093095],[38.110474,48.094727],[38.111486,48.09496717905405],[38.111486,48.094968],[38.114975,48.095795],[38.116025,48.096047],[38.116493,48.094958],[38.116196,48.094871],[38.116097,48.094318],[38.115921,48.094208],[38.114849,48.093947],[38.113946,48.093725],[38.111658,48.09317067154471],[38.111658,48.09317]],[[38.11452,48.094154],[38.114602,48.094136],[38.114633,48.094189],[38.114547,48.094211],[38.11452,48.094154]]]}},{"type":"Feature","properties":{"cadnum":"1425200000:02:000:2048"},"geometry":{"type":"Polygon","coordinates":[[[38.111287,48.09308],[38.111323,48.093008],[38.110541,48.092783],[38.109908,48.093562],[38.109535,48.093989],[38.108973,48.09392],[38.108991,48.093608],[38.106354,48.09362],[38.106184,48.093671],[38.10615127888516,48.09369155776849],[38.105878,48.093862],[38.105187,48.095159],[38.106165,48.095391],[38.106165,48.0953907781155],[38.109612,48.096208],[38.111287,48.09308]]]}},{"type":"Feature","properties":{"cadnum":"1425200000:02:000:2105"},"geometry":{"type":"Polygon","coordinates":[[[38.10847,48.095987],[38.108206,48.096483],[38.10820748790507,48.096483],[38.107105,48.09856],[38.106872,48.098998],[38.108273,48.099332],[38.109675,48.099421],[38.109998,48.099374],[38.111417,48.096688],[38.11055330094043,48.096483],[38.110554,48.096483],[38.10847,48.095987]]]}},{"type":"Feature","properties":{"cadnum":"1425200000:02:000:2020"},"geometry":{"type":"Polygon","coordinates":[[[38.129707,48.124618],[38.128948,48.12225],[38.127966,48.12239],[38.127966,48.12239052770717],[38.124204,48.122927],[38.124523,48.12392],[38.124963,48.125296],[38.128138,48.124843],[38.128138,48.12484240034463],[38.129707,48.124618]]]}},{"type":"Feature","properties":{"cadnum":"1425200000:02:000:2053"},"geometry":{"type":"Polygon","coordinates":[[[38.122644,48.121245320312504],[38.122644,48.121245],[38.12208,48.121329],[38.121451,48.121419],[38.12119305006766,48.122044],[38.121193,48.122044],[38.1211852266693,48.122062955709474],[38.121146,48.122158],[38.12114625104022,48.122158],[38.120306,48.124207],[38.120296,48.124525],[38.122644,48.12419],[38.122644,48.12418947609756],[38.124523,48.12392],[38.124204,48.122927],[38.123924,48.122044],[38.12392397169811,48.122044],[38.123625,48.121098],[38.122644,48.121245320312504]]]}},{"type":"Feature","properties":{"cadnum":"1425200000:02:000:2019"},"geometry":{"type":"Polygon","coordinates":[[[38.127966,48.124867],[38.127966,48.12486754047244],[38.124963,48.125296],[38.125093226843106,48.125711],[38.125093,48.125711],[38.12510255752224,48.12574073451364],[38.125129,48.125825],[38.12512964285714,48.125825],[38.125156,48.125907],[38.125695,48.127605],[38.128138,48.127217],[38.128138,48.12721658992216],[38.130407,48.126855],[38.130362,48.126717],[38.13025,48.126345],[38.130093,48.125841],[38.130087830769234,48.125825],[38.130088,48.125825],[38.129707,48.124618],[38.127966,48.124867]]]}},{"type":"Feature","properties":{"cadnum":"1425200000:02:000:2055"},"geometry":{"type":"Polygon","coordinates":[[[38.128082243459126,48.120438252907],[38.123625,48.121098],[38.12396,48.122158],[38.12396014949037,48.122158],[38.124204,48.122927],[38.128138,48.122366],[38.128138,48.12236547861507],[38.128948,48.12225],[38.128882,48.122044],[38.128881833144156,48.122044],[38.128359,48.120396],[38.128082243459126,48.120438252907]],[[38.127277,48.121837],[38.127307,48.12174],[38.127493,48.121687],[38.127694,48.121713],[38.12778,48.121824],[38.127749,48.121932],[38.127573,48.121998],[38.127541,48.121994],[38.12737,48.121977],[38.127345,48.12195],[38.123625,48.121098],[38.127277,48.121837]],[[38.126684,48.122085],[38.126881,48.122136],[38.126889,48.122158],[38.12688922764227,48.122158],[38.126927,48.122259],[38.126827,48.122373],[38.126638,48.122405],[38.126485,48.122354],[38.126414,48.122244],[38.126432,48.122216],[38.126499,48.122109],[38.126684,48.122085]],[[38.127627,48.122022],[38.127664,48.122023],[38.127762,48.122025],[38.12781192156863,48.122044],[38.12781,48.122044],[38.127896,48.122076],[38.12786,48.122114],[38.127775,48.122158],[38.127775450980394,48.122158],[38.127762,48.122165],[38.12747,48.122244],[38.127196,48.122241],[38.127093,48.122217],[38.12712,48.122172],[38.12724,48.122121],[38.127542,48.122044],[38.127540999999994,48.122044],[38.127627,48.122022]]]}},{"type":"Feature","properties":{"cadnum":"1425200000:02:000:2054"},"geometry":{"type":"Polygon","coordinates":[[[38.124523,48.12392],[38.122473,48.124214],[38.122473,48.12421439735945],[38.120296,48.124525],[38.120251,48.125825],[38.12025120421754,48.125825],[38.120225,48.126612],[38.122473,48.1262904588673],[38.122473,48.126291],[38.125156,48.125907],[38.12510255752224,48.12574073451364],[38.124963,48.125296],[38.124523,48.12392]]]}},{"type":"Feature","properties":{"cadnum":"1425200000:01:000:1185"},"geometry":{"type":"Polygon","coordinates":[[[38.078772,48.032258],[38.078745,48.031846],[38.078718,48.031348],[38.078699,48.0313484973822],[38.078699,48.031348],[38.073898,48.031477],[38.073034,48.0315],[38.073034,48.031500410256406],[38.072192,48.031522],[38.072187,48.031546],[38.072043,48.032074],[38.072043,48.032113],[38.072035,48.032437],[38.073034,48.03241055337319],[38.073034,48.032411],[38.076603,48.032314],[38.078699,48.032261],[38.078699,48.032260085714285],[38.078772,48.032258]],[[38.078687,48.031422],[38.078699,48.031422],[38.078718,48.031422],[38.078718,48.031441],[38.078687,48.031444],[38.078687,48.031422]],[[38.077819,48.031699],[38.077793,48.031699],[38.077789,48.031633],[38.077811,48.031633],[38.077819,48.031699]],[[38.0765,48.031524],[38.076473,48.031524],[38.076473,48.031506],[38.0765,48.031504],[38.0765,48.031524]],[[38.076328,48.03168],[38.076333,48.031747],[38.076311,48.03175],[38.076301,48.031684],[38.076328,48.03168]],[[38.07485,48.031609],[38.074823,48.031609],[38.074819,48.031588],[38.07485,48.031588],[38.07485,48.031609]],[[38.074819,48.031849],[38.074792,48.031849],[38.074788,48.031783],[38.07481,48.03178],[38.074819,48.031849]],[[38.073332,48.031915],[38.073311,48.031915],[38.073301,48.031849],[38.073328,48.031849],[38.073332,48.031915]],[[38.072219,48.031708],[38.072187,48.031708],[38.072187,48.03169],[38.072215,48.031687],[38.072219,48.031708]]]}},{"type":"Feature","properties":{"cadnum":"1425200000:01:000:1207"},"geometry":{"type":"Polygon","coordinates":[[[38.076603,48.032314],[38.076683,48.033651],[38.078527,48.03384948611111],[38.078527,48.03385],[38.078867,48.033886],[38.078772,48.032258],[38.078527,48.032265],[38.078527,48.03226534923664],[38.076603,48.032314]]]}},{"type":"Feature","properties":{"cadnum":"1425200000:01:000:1193"},"geometry":{"type":"Polygon","coordinates":[[[38.072452,48.029092],[38.07238905263158,48.030288],[38.072388,48.030288],[38.072376,48.030533],[38.073206,48.030512],[38.073206,48.03051141414859],[38.07866,48.030366],[38.078619,48.029701],[38.073206,48.029166969024175],[38.073206,48.029166],[38.072452,48.029092]]]}},{"type":"Feature","properties":{"cadnum":"1425200000:01:000:1214"},"geometry":{"type":"Polygon","coordinates":[[[38.078718,48.031348],[38.078714,48.031275],[38.07866,48.030366],[38.078527,48.030369],[38.078527,48.03036954603626],[38.073034,48.030516],[38.073034,48.03051635180723],[38.072376,48.030533],[38.072353,48.030903],[38.072192,48.031522],[38.073206,48.031496],[38.073206,48.0314954212963],[38.073898,48.031477],[38.078527,48.03135262153718],[38.078527,48.031353],[38.078718,48.031348]]]}},{"type":"Feature","properties":{"cadnum":"1425200000:01:000:1240"},"geometry":{"type":"Polygon","coordinates":[[[38.080771,48.0302],[38.080735,48.029437],[38.080385,48.029455],[38.078934,48.029524],[38.078978,48.030403],[38.07897901538461,48.030403],[38.079024,48.031263],[38.07905,48.031837],[38.0791,48.032804],[38.080901,48.032765],[38.080869,48.032161],[38.080834,48.031392],[38.080793,48.031381],[38.080829,48.031326],[38.080821,48.031188],[38.080780877777784,48.030403],[38.080781,48.030403],[38.080771,48.0302]],[[38.080465,48.031575],[38.080506,48.03153],[38.080573,48.031555],[38.080532,48.0316],[38.080465,48.031575]],[[38.079261,48.031582],[38.079266,48.031648],[38.079244,48.031648],[38.079234,48.031582],[38.079261,48.031582]]]}},{"type":"Feature","properties":{"cadnum":"1425200000:01:000:0051"},"geometry":{"type":"Polygon","coordinates":[[[38.081511,48.03123],[38.081651,48.031197],[38.081601,48.031104],[38.081467,48.031137],[38.081511,48.03123]]]}},{"type":"Feature","properties":{"cadnum":"1425200000:01:000:0110"},"geometry":{"type":"Polygon","coordinates":[[[38.080532,48.0316],[38.080573,48.031555],[38.080506,48.03153],[38.080465,48.031575],[38.080532,48.0316]]]}},{"type":"Feature","properties":{"cadnum":"1425200000:01:000:0111"},"geometry":{"type":"Polygon","coordinates":[[[38.079266,48.031648],[38.079261,48.031582],[38.079234,48.031582],[38.079244,48.031648],[38.079266,48.031648]]]}},{"type":"Feature","properties":{"cadnum":"1425200000:01:000:1211"},"geometry":{"type":"Polygon","coordinates":[[[38.081957,48.029377],[38.080941,48.029428],[38.080735,48.029437],[38.080771,48.0302],[38.08077533497537,48.030288],[38.080775,48.030288],[38.080821,48.031188],[38.080829,48.031323],[38.080915,48.03135],[38.080874,48.031408],[38.080834,48.031392],[38.080869,48.032161],[38.080901,48.032765],[38.080967,48.034077],[38.080968032786885,48.034077],[38.080978,48.034267],[38.082037,48.034242],[38.082203,48.034237],[38.082189,48.033962],[38.082188191919194,48.033962],[38.082069,48.031602],[38.082007863774734,48.030403],[38.082008,48.030403],[38.081957,48.029377]],[[38.081647,48.032381],[38.081678,48.032461],[38.081561,48.032483],[38.081525,48.032405],[38.081647,48.032381]],[[38.081601,48.031104],[38.081651,48.031197],[38.081511,48.03123],[38.081467,48.031137],[38.081601,48.031104]]]}},{"type":"Feature","properties":{"cadnum":"1425200000:01:000:0088"},"geometry":{"type":"Polygon","coordinates":[[[38.080874,48.031408],[38.080915,48.03135],[38.080829,48.031323],[38.080793,48.031381],[38.080874,48.031408]]]}},{"type":"Feature","properties":{"cadnum":"1425200000:01:000:1200"},"geometry":{"type":"Polygon","coordinates":[[[38.084021,48.02928],[38.084021,48.02928024096386],[38.083196,48.02932],[38.08324515974146,48.030288],[38.083244,48.030288],[38.083402,48.033372],[38.083668,48.033323],[38.083937,48.033374],[38.084021,48.03343158762887],[38.084021,48.033432],[38.084131,48.033507],[38.084192,48.033664],[38.084192,48.033661647887335],[38.084202,48.033687],[38.084192,48.03371249295774],[38.084192,48.033712],[38.084131,48.033868],[38.084021,48.033939],[38.084021,48.03393930653266],[38.083932,48.033997],[38.083664,48.034044],[38.083435,48.034002],[38.083437,48.034077],[38.08343789855073,48.034077],[38.083443,48.034209],[38.084021,48.034195881174895],[38.084021,48.034197],[38.084741,48.03418],[38.084731620553356,48.03400960671923],[38.084545,48.030288],[38.08454438045375,48.030288],[38.084494,48.029257],[38.084021,48.02928]]]}},{"type":"Feature","properties":{"cadnum":"1425200000:01:000:1208"},"geometry":{"type":"Polygon","coordinates":[[[38.080901,48.032765],[38.0791,48.032804],[38.07915892891761,48.033962],[38.079158,48.033962],[38.079163,48.034042],[38.079164,48.034077],[38.07916485606061,48.034077],[38.079177,48.034306],[38.080978,48.034267],[38.080962,48.033962],[38.08096121493902,48.033962],[38.080901,48.032765]]]}},{"type":"Feature","properties":{"cadnum":"1425200000:01:000:0109"},"geometry":{"type":"Polygon","coordinates":[[[38.081561,48.032483],[38.081678,48.032461],[38.081647,48.032381],[38.081525,48.032405],[38.081561,48.032483]]]}},{"type":"Feature","properties":{"cadnum":"1425200000:01:000:1223"},"geometry":{"type":"Polygon","coordinates":[[[38.083196,48.02932],[38.081957,48.029377],[38.082002283625734,48.030288],[38.082002,48.030288],[38.082069,48.031602],[38.082194,48.034077],[38.082194854545456,48.034077],[38.082203,48.034237],[38.083435,48.034209],[38.083443,48.034209],[38.083435,48.034002],[38.083394,48.033997],[38.083286,48.033921],[38.083201,48.033864],[38.083129,48.033684],[38.083142,48.033651],[38.083205,48.033503],[38.083402,48.033372],[38.08324989169909,48.030403],[38.083251,48.030403],[38.083196,48.02932]],[[38.083133,48.034084],[38.083169,48.03415],[38.08307,48.034173],[38.083035,48.034104],[38.083133,48.034084]]]}},{"type":"Feature","properties":{"cadnum":"1425200000:01:000:0087"},"geometry":{"type":"Polygon","coordinates":[[[38.078687,48.031444],[38.078718,48.031441],[38.078718,48.031422],[38.078687,48.031422],[38.078687,48.031444]]]}},{"type":"Feature","properties":{"cadnum":"1425200000:01:000:1280"},"geometry":{"type":"Polygon","coordinates":[[[38.100813,48.030996],[38.10145,48.030762],[38.101922,48.030687],[38.101813,48.03038],[38.101692,48.030398],[38.1011,48.030629],[38.100606,48.030918],[38.100813,48.030996]]]}},{"type":"Feature","properties":{"cadnum":"1425200000:01:000:1270"},"geometry":{"type":"Polygon","coordinates":[[[38.099819,48.031432],[38.099551,48.031726],[38.1005,48.0317285396967],[38.1005,48.031729],[38.100672,48.031729],[38.100717,48.031729],[38.100754,48.031437],[38.10050426378971,48.03143601678657],[38.099819,48.031432]]]}},{"type":"Feature","properties":{"cadnum":"1425200000:01:000:1278"},"geometry":{"type":"Polygon","coordinates":[[[38.103013,48.030218],[38.102708,48.030239],[38.10239697163122,48.030288],[38.102394,48.030288],[38.101813,48.03038],[38.101821,48.030403],[38.10182116612378,48.030403],[38.101922,48.030687],[38.102339,48.03062],[38.10305,48.030461],[38.103026333333304,48.03030935802449],[38.103013,48.030218]]]}},{"type":"Feature","properties":{"cadnum":"1425200000:01:000:1276"},"geometry":{"type":"Polygon","coordinates":[[[38.099551,48.031726],[38.099433,48.031852],[38.1005,48.03185458353511],[38.1005,48.031855],[38.100672,48.031855],[38.1007,48.031855],[38.100717,48.031729],[38.100672,48.031729],[38.099551,48.031726]]]}},{"type":"Feature","properties":{"cadnum":"1425200000:01:000:0182"},"geometry":{"type":"Polygon","coordinates":[[[38.101679,48.032996],[38.1005,48.033772],[38.1005,48.03377204402516],[38.10021097607656,48.033962],[38.10021,48.033962],[38.09862,48.035008],[38.098818,48.036522],[38.099509,48.036753],[38.100408,48.036771],[38.1005,48.03674834848485],[38.1005,48.036749],[38.101944,48.03639],[38.103497,48.035847],[38.103776,48.035471],[38.103546,48.033962],[38.103545706766916,48.033962],[38.103503,48.033678],[38.101679,48.032996]]]}},{"type":"Feature","properties":{"cadnum":"1425200000:01:000:1272"},"geometry":{"type":"Polygon","coordinates":[[[38.100672,48.03143667716535],[38.100754,48.031437],[38.100813,48.030996],[38.100606,48.030918],[38.099937,48.031308],[38.099819,48.031432],[38.1005,48.031435991793664],[38.1005,48.031436],[38.10050426378971,48.03143601678657],[38.100672,48.031437],[38.100672,48.03143667716535]]]}},{"type":"Feature","properties":{"cadnum":"1425200000:01:000:1288"},"geometry":{"type":"Polygon","coordinates":[[[38.061237,48.055407],[38.056975,48.055467],[38.056937,48.056111],[38.05693761111111,48.056111],[38.056898,48.056824],[38.061277,48.056761],[38.061254,48.055996],[38.06125373295454,48.055996],[38.061237,48.055407]]]}},{"type":"Feature","properties":{"cadnum":"1425200000:01:000:1287"},"geometry":{"type":"Polygon","coordinates":[[[38.060734,48.058532],[38.060883,48.058217],[38.061326,48.058316],[38.061277,48.056761],[38.056898,48.056824],[38.056862,48.057449],[38.056858,48.05764],[38.060734,48.058532]]]}},{"type":"Feature","properties":{"cadnum":"1425200000:01:000:1290"},"geometry":{"type":"Polygon","coordinates":[[[38.06222,48.05851674438373],[38.065342,48.05922],[38.065292,48.057647],[38.065167,48.057649],[38.065154,48.057244],[38.062048,48.057286],[38.062048,48.05728620770129],[38.061363,48.057295],[38.061393,48.058331],[38.06222,48.058517],[38.06222,48.05851674438373]]]}},{"type":"Feature","properties":{"cadnum":"1425200000:01:000:1293"},"geometry":{"type":"Polygon","coordinates":[[[38.062048,48.055742],[38.062048,48.05574227563396],[38.061313,48.055752],[38.06132047632312,48.055996],[38.06132,48.055996],[38.061363,48.057295],[38.06222,48.057284],[38.06222,48.057283674179004],[38.065154,48.057244],[38.06511950160257,48.056111],[38.06512,48.056111],[38.065108,48.055701],[38.062048,48.055742]]]}},{"type":"Feature","properties":{"cadnum":"1425200000:02:000:2043"},"geometry":{"type":"Polygon","coordinates":[[[38.097115,48.093728],[38.095184,48.093572],[38.095007,48.093614],[38.095007,48.09361401789709],[38.094285,48.093782],[38.093599,48.094226],[38.093276,48.094964],[38.092763,48.096074],[38.09421131295845,48.096369],[38.094209,48.096369],[38.095007,48.09653189072165],[38.095007,48.096532],[38.096029,48.09674],[38.096213,48.096369],[38.09621161544228,48.096369],[38.09748,48.093815],[38.097115,48.093728]]]}},{"type":"Feature","properties":{"cadnum":"1425200000:02:000:2009"},"geometry":{"type":"Polygon","coordinates":[[[38.088335,48.098831],[38.088006,48.098792],[38.087121,48.098696],[38.087194,48.099281],[38.087216,48.099443],[38.087127,48.09955],[38.087113,48.099572],[38.086681,48.099908],[38.086532438524586,48.100037],[38.086531,48.100037],[38.08644832225441,48.10011004046236],[38.0864,48.100152],[38.08640082638889,48.100152],[38.086368,48.100181],[38.089514,48.10022462858004],[38.089514,48.100225],[38.089631773985836,48.10022626186414],[38.089685,48.100227],[38.089685,48.10022683214286],[38.089794,48.100228],[38.090149,48.100252],[38.090190860465114,48.100152],[38.090191,48.100152],[38.090643,48.099085],[38.089685,48.09898062976085],[38.089685,48.09898],[38.088335,48.098831]],[[38.0878,48.09902],[38.087819,48.099034],[38.087796,48.099043],[38.087777,48.099032],[38.0878,48.09902]],[[38.087341,48.099292],[38.08736,48.099307],[38.087341,48.09932],[38.087324,48.099305],[38.087341,48.099292]]]}},{"type":"Feature","properties":{"cadnum":"1425200000:02:000:2011"},"geometry":{"type":"Polygon","coordinates":[[[38.09009,48.095735],[38.089685,48.095896015625],[38.089685,48.095896],[38.089129,48.096116],[38.088745,48.096483],[38.08874657281554,48.096483],[38.08833,48.096884],[38.087121,48.098696],[38.088006,48.098792],[38.088335,48.098831],[38.089514,48.098961126666666],[38.089514,48.098962],[38.090643,48.099085],[38.091555,48.096902],[38.091689,48.096581],[38.091778,48.096369],[38.09177711898017,48.096369],[38.091878,48.09613],[38.09009,48.095735]],[[38.08962,48.097927],[38.089637,48.097942],[38.08962,48.097955],[38.089601,48.09794],[38.08962,48.097927]],[[38.089165,48.0982],[38.089184,48.098216],[38.089161,48.098227],[38.089144,48.098213],[38.089165,48.0982]],[[38.088712,48.098474],[38.088729,48.098489],[38.088708,48.0985],[38.088689,48.098485],[38.088712,48.098474]],[[38.088253,48.098747],[38.088272,48.098762],[38.088253,48.098774],[38.088236,48.098758],[38.088253,48.098747]],[[38.091442,48.096839],[38.091461,48.096851],[38.091438,48.096863],[38.091421,48.096851],[38.091442,48.096839]],[[38.090985,48.097112],[38.091002,48.097124],[38.090985,48.097135],[38.090966,48.097124],[38.090985,48.097112]],[[38.09053,48.097384],[38.090549,48.097397],[38.09053,48.097409],[38.090513,48.097397],[38.09053,48.097384]],[[38.090077,48.097655],[38.090096,48.097669],[38.090073,48.097682],[38.090054,48.097667],[38.090077,48.097655]]]}},{"type":"Feature","properties":{"cadnum":"1425200000:02:000:2012"},"geometry":{"type":"Polygon","coordinates":[[[38.092597,48.096277],[38.092297,48.096217],[38.091878,48.09613],[38.091729,48.096483],[38.09173014150944,48.096483],[38.091689,48.096581],[38.091555,48.096902],[38.090643,48.099085],[38.09023971602624,48.100037],[38.090239,48.100037],[38.090149,48.100252],[38.09253,48.100405],[38.092637937499994,48.100152],[38.092639,48.100152],[38.094165,48.096599],[38.093598617391294,48.096483],[38.0936,48.096483],[38.092597,48.096277]],[[38.092331,48.096305],[38.092354,48.096293],[38.092373,48.096305],[38.09235,48.096317],[38.092331,48.096305]],[[38.091897,48.096566],[38.091914,48.096577],[38.091897,48.09659],[38.091878,48.096577],[38.091897,48.096566]]]}},{"type":"Feature","properties":{"cadnum":"1425200000:02:000:2013"},"geometry":{"type":"Polygon","coordinates":[[[38.092688392063046,48.100037],[38.092687,48.100037],[38.09253,48.100405],[38.095007,48.100563228803715],[38.095007,48.100564],[38.095113,48.10057],[38.095179,48.100423],[38.095179,48.100421569620245],[38.09529886491558,48.100152],[38.095299,48.100152],[38.096658,48.097106],[38.09509805660057,48.0967894760516],[38.094165,48.096599],[38.092688392063046,48.100037]]]}},{"type":"Feature","properties":{"cadnum":"1425200000:02:000:0454"},"geometry":{"type":"Polygon","coordinates":[[[38.2901,48.135015],[38.290366,48.134331],[38.288848,48.13426],[38.289238,48.135009],[38.2901,48.135015]]]}},{"type":"Feature","properties":{"cadnum":"1425200000:02:000:2063"},"geometry":{"type":"Polygon","coordinates":[[[38.089514,48.108028],[38.089514,48.108028797574626],[38.088613,48.108033],[38.087593,48.108114],[38.087127,48.108149],[38.086039,48.10832],[38.085217,48.108594],[38.084513,48.108998],[38.084192,48.109379593258424],[38.084192,48.109379],[38.084068,48.109527],[38.083884,48.109949],[38.083924,48.11027],[38.084192,48.110632],[38.084192,48.110630802371546],[38.084274,48.110741],[38.084723,48.111059],[38.084908,48.111156],[38.08490885496184,48.111156],[38.084974,48.11119],[38.086475,48.111719],[38.087117,48.111919],[38.087719,48.112112],[38.089309,48.112555],[38.089481910112355,48.111156],[38.089482,48.111156],[38.089514,48.11089795073889],[38.089514,48.110902],[38.089871,48.108027],[38.089514,48.108028]]]}},{"type":"Feature","properties":{"cadnum":"1425200000:02:000:2032"},"geometry":{"type":"Polygon","coordinates":[[[38.089871,48.108027],[38.089685,48.10952489915966],[38.089685,48.109519],[38.08949613683567,48.111042],[38.089496,48.111042],[38.089309,48.112555],[38.089685,48.112662],[38.089685,48.11266101818182],[38.090504,48.112891],[38.091228,48.113116],[38.091411,48.111578],[38.091476,48.111042],[38.09147599553572,48.111042],[38.091847,48.10802],[38.089871,48.108027]]]}},{"type":"Feature","properties":{"cadnum":"1425200000:02:000:2003"},"geometry":{"type":"Polygon","coordinates":[[[38.089685,48.10418317063082],[38.089685,48.104183],[38.088586,48.1042],[38.0882492027972,48.107374],[38.088249,48.107374],[38.088222,48.107631],[38.089514,48.107626584415584],[38.089514,48.107627],[38.091056,48.107622],[38.091070479838706,48.107489],[38.091071,48.107489],[38.091448,48.104154],[38.089685,48.10418317063082]]]}},{"type":"Feature","properties":{"cadnum":"1425200000:02:000:2005"},"geometry":{"type":"Polygon","coordinates":[[[38.084192,48.10425248314606],[38.084192,48.104252],[38.083605,48.104257],[38.081786,48.10734],[38.08188024161074,48.107374],[38.08188,48.107374],[38.08190747058835,48.10738382352945],[38.082199,48.107489],[38.08220158682635,48.107489],[38.082347,48.107541],[38.082725,48.107574],[38.083677,48.107649],[38.084021,48.107649],[38.084192,48.107649],[38.084192,48.1076486211226],[38.085375,48.107646],[38.085402,48.107374],[38.08540139384615,48.107374],[38.085712,48.104239],[38.084192,48.10425248314606]]]}},{"type":"Feature","properties":{"cadnum":"1425200000:02:000:2004"},"geometry":{"type":"Polygon","coordinates":[[[38.088586,48.1042],[38.085712,48.104239],[38.08539,48.107489],[38.08539058455882,48.107489],[38.085375,48.107646],[38.088222,48.107631],[38.08823691828794,48.107489],[38.088237,48.107489],[38.088586,48.1042]]]}},{"type":"Feature","properties":{"cadnum":"1425200000:02:000:2096"},"geometry":{"type":"Polygon","coordinates":[[[38.116155,48.091178],[38.115698,48.09113],[38.114103,48.090958],[38.114013,48.091631],[38.114736,48.092204],[38.115168,48.092672],[38.115428873239445,48.0927],[38.115425,48.0927],[38.116618,48.092828],[38.11698,48.09286593886463],[38.11698,48.092866],[38.117076,48.092876],[38.118904,48.093071],[38.120166,48.092735],[38.121217,48.09284],[38.121222,48.092825],[38.121197652968114,48.09272682648432],[38.120944,48.091691],[38.117151,48.091285290615545],[38.117151,48.091285],[38.116155,48.091178]],[[38.116748,48.092483],[38.116681,48.092483],[38.116681,48.092438],[38.116748,48.092438],[38.116748,48.092483]],[[38.116007,48.091216],[38.11594,48.091216],[38.11594,48.091172],[38.116007,48.091172],[38.116007,48.091216]]]}},{"type":"Feature","properties":{"cadnum":"1425200000:02:000:2087"},"geometry":{"type":"Polygon","coordinates":[[[38.11447,48.088076],[38.11439,48.088718],[38.114348950819675,48.089031],[38.114348,48.089031],[38.114283,48.089537],[38.114866,48.089597],[38.115319,48.089648],[38.11704,48.089831],[38.11698,48.089453],[38.11698,48.08945463636363],[38.116941,48.08921],[38.11698,48.08921482857143],[38.11698,48.089215],[38.11708800000162,48.0892282000002],[38.117151,48.089236],[38.117151,48.089235900000006],[38.1177,48.089303],[38.117749,48.089906],[38.120579,48.090209],[38.120323,48.089161],[38.12017491240756,48.089114722627365],[38.11698,48.088108],[38.11698,48.08810802088974],[38.114566,48.087346],[38.11447,48.088076]],[[38.114655,48.088699],[38.114588,48.088699],[38.114588,48.088654],[38.114655,48.088654],[38.114655,48.088699]]]}},{"type":"Feature","properties":{"cadnum":"1425200000:02:000:2088"},"geometry":{"type":"Polygon","coordinates":[[[38.11704,48.089831],[38.11698,48.089824],[38.11698,48.08982461998838],[38.115319,48.089648],[38.114866,48.089597],[38.114283,48.089537],[38.114103,48.090958],[38.115698,48.09113],[38.116155,48.091178],[38.11698,48.091266629518074],[38.11698,48.091267],[38.120944,48.091691],[38.120579,48.090209],[38.117749,48.089906],[38.117772,48.090124],[38.117076,48.090064],[38.11704,48.089831]],[[38.115342,48.089882],[38.115347,48.089926],[38.115279,48.089926],[38.115275,48.089882],[38.115342,48.089882]]]}},{"type":"Feature","properties":{"cadnum":"1425200000:02:000:0457"},"geometry":{"type":"MultiPolygon","coordinates":[[[[38.132607,48.151008],[38.132361,48.151008],[38.13202,48.15101],[38.131848,48.15101],[38.131575,48.151014],[38.130682,48.151017],[38.131139628205126,48.151371],[38.131139,48.151371],[38.131642,48.15176],[38.131894,48.152767],[38.131795,48.153944],[38.13114,48.15515],[38.13114023897912,48.15515],[38.130735,48.155898],[38.129392,48.15733],[38.128162,48.158295],[38.127966,48.158401],[38.127966,48.15840106723586],[38.127413534516755,48.1587],[38.127413,48.1587],[38.126575,48.159154],[38.123481,48.160767],[38.122644,48.16149190178571],[38.122644,48.161491],[38.122439,48.161668],[38.12172,48.162479],[38.122473,48.162479],[38.122473,48.164169],[38.122538,48.164008],[38.122489,48.163891],[38.122766,48.162771],[38.123075218673215,48.162479],[38.123076,48.162479],[38.124091,48.161522],[38.125116,48.160844],[38.128138,48.159307],[38.128138,48.15930614054054],[38.128336,48.159205],[38.129019465346545,48.158815],[38.12902,48.158815],[38.130057,48.158223],[38.131215,48.157124],[38.132114,48.155964],[38.132593,48.155036],[38.13259291472868,48.155036],[38.132734,48.154763],[38.13312,48.152734],[38.132923,48.151754],[38.13306487467363,48.151485],[38.133065,48.151485],[38.133322,48.151001],[38.133228,48.151005],[38.132607,48.151008]]],[[[38.119491,48.166028],[38.118724,48.167619],[38.119241,48.167765],[38.119587,48.167864],[38.119807,48.167924],[38.120027,48.167987],[38.120122,48.168014],[38.120602,48.168149],[38.120768,48.167816],[38.121101,48.167517],[38.12171,48.166028],[38.119491,48.166028]]]]}},{"type":"Feature","properties":{"cadnum":"1425200000:03:000:0034"},"geometry":{"type":"Polygon","coordinates":[[[38.180264,48.136265],[38.180353,48.136197],[38.18025,48.136137],[38.180164,48.136205],[38.180264,48.136265]]]}},{"type":"Feature","properties":{"cadnum":"1425200000:01:000:1063"},"geometry":{"type":"Polygon","coordinates":[[[38.068068,48.019382],[38.06806888642297,48.019382],[38.067902,48.020073],[38.068598,48.020149],[38.068743,48.019557],[38.068621,48.019496],[38.068087,48.019307],[38.068068,48.019382]]]}},{"type":"Feature","properties":{"cadnum":"1425200000:01:000:1062"},"geometry":{"type":"Polygon","coordinates":[[[38.073746,48.017073],[38.073206,48.017097269662926],[38.073206,48.017097],[38.071724,48.017162],[38.07186528153153,48.019267],[38.071865,48.019267],[38.071932,48.02026],[38.073034,48.020227995290426],[38.073034,48.020228],[38.074011,48.0202],[38.073949,48.019267],[38.07394844271509,48.019267],[38.073804,48.017069],[38.073746,48.017073]]]}},{"type":"Feature","properties":{"cadnum":"1425200000:01:000:1060"},"geometry":{"type":"Polygon","coordinates":[[[38.071724,48.017162],[38.070795,48.017202],[38.070678,48.017225],[38.067588,48.019082],[38.067713,48.019169],[38.067713,48.019168753731336],[38.067722,48.019175],[38.06797844444445,48.019267],[38.067977,48.019267],[38.06814087744701,48.019325273191555],[38.068299,48.019382],[38.06830040611354,48.019382],[38.068621,48.019496],[38.068886,48.019623],[38.07000084814816,48.019382],[38.070002,48.019382],[38.070135,48.019353],[38.070957,48.019278],[38.070961,48.01932],[38.07093,48.019343],[38.070135,48.019532],[38.070144,48.019875],[38.070517,48.02014],[38.071177,48.020284],[38.071932,48.02026],[38.071872759315205,48.019382],[38.071873,48.019382],[38.071724,48.017162]]]}},{"type":"Feature","properties":{"cadnum":"1425200000:01:000:1085"},"geometry":{"type":"Polygon","coordinates":[[[38.07093,48.019343],[38.070961,48.01932],[38.070957,48.019278],[38.070489,48.01932],[38.070135,48.019353],[38.069542,48.019478],[38.069357,48.020233],[38.069366,48.020233],[38.069578,48.020073],[38.070144,48.019875],[38.070135,48.019532],[38.070754,48.019385],[38.07076657142857,48.019382],[38.070769,48.019382],[38.07093,48.019343]]]}},{"type":"Feature","properties":{"cadnum":"1425200000:01:000:1029"},"geometry":{"type":"Polygon","coordinates":[[[38.067541,48.019134],[38.067541,48.019134835820914],[38.06750891666667,48.019267],[38.067508,48.019267],[38.067328,48.02001],[38.067541,48.02003378961039],[38.067541,48.020035],[38.067902,48.020073],[38.068087,48.019307],[38.067722,48.019175],[38.067588,48.019082],[38.067548,48.019106],[38.067541,48.019134]]]}},{"type":"Feature","properties":{"cadnum":"1425200000:02:000:0458"},"geometry":{"type":"MultiPolygon","coordinates":[[[[38.221521,48.114539],[38.22093,48.114631],[38.220985,48.114824],[38.220986371607516,48.114824],[38.221092,48.115188],[38.221482,48.116313],[38.221521,48.116427],[38.221521,48.11642588888889],[38.221833,48.117329],[38.22135,48.117406],[38.22135,48.1174061097561],[38.220701,48.117509],[38.21988,48.117671],[38.219821,48.117632],[38.219592,48.118142],[38.219374931726904,48.118377],[38.219374,48.118377],[38.219362,48.118391],[38.219353,48.118491],[38.21935311111111,48.118491],[38.219282,48.119291],[38.219148,48.119755],[38.218941,48.120336],[38.218886,48.120438],[38.218316,48.121587],[38.217888,48.122158],[38.21788806153846,48.122158],[38.217876,48.122174],[38.217471,48.122621],[38.218446,48.12305],[38.219467,48.122044],[38.21946608409506,48.122044],[38.219907,48.121611],[38.220454,48.121761],[38.22135,48.12107073570759],[38.22135,48.121071],[38.222574,48.120127],[38.223176,48.119662],[38.223158,48.119342],[38.22311831606218,48.118491],[38.223119,48.118491],[38.223104,48.118151],[38.223086,48.117158],[38.224456,48.117611],[38.224977,48.11783],[38.22543214372164,48.118377],[38.225431,48.118377],[38.225673,48.118667],[38.226037,48.118472],[38.226186,48.118394],[38.226243,48.118361],[38.226843,48.11810296891191],[38.226843,48.118103],[38.226877240281205,48.11808824381689],[38.227015,48.118029],[38.227015,48.1180288749226],[38.228458,48.117407],[38.228423,48.11682],[38.226843,48.116164],[38.226843,48.11616457343202],[38.224448,48.11517],[38.223583,48.114709],[38.22358199999999,48.114709],[38.223324,48.114571],[38.222134,48.114444],[38.221521,48.11453939030613],[38.221521,48.114539]],[[38.227216,48.116835],[38.227218,48.116847],[38.227088,48.116862],[38.227082,48.116837],[38.227071,48.116793],[38.227061,48.116747],[38.227039,48.11664],[38.227169,48.116624],[38.228423,48.11682],[38.227216,48.116835]],[[38.226843,48.11642],[38.226843,48.11642047469459],[38.225869,48.116174],[38.225867,48.116184],[38.22584,48.116178],[38.225842,48.116167],[38.225753,48.116145],[38.225736,48.116151],[38.225718,48.116136],[38.22573,48.116132],[38.225746,48.116127],[38.225755,48.116138],[38.225856,48.116164],[38.225871,48.116166],[38.225871,48.116168],[38.226843,48.11641694755245],[38.226843,48.116417],[38.22689268553174,48.11642967295524],[38.227015,48.116461],[38.227015,48.11646087088607],[38.228423,48.11682],[38.226843,48.11642]],[[38.221488,48.114784],[38.221541,48.114813],[38.221523,48.114828],[38.221505,48.114819],[38.221499,48.114824],[38.221499333333334,48.114824],[38.221488,48.114834],[38.221465,48.114853],[38.221442,48.11484],[38.221465,48.114824],[38.221488,48.114808],[38.221469,48.114799],[38.221488,48.114784]],[[38.221366,48.114886],[38.221425,48.114909],[38.221411,48.114924],[38.221393,48.114919],[38.221356,48.114957],[38.221335,48.114948],[38.22135,48.114931285714285],[38.22135,48.114932],[38.22137,48.114909],[38.221352,48.1149],[38.221366,48.114886]],[[38.226958,48.116877],[38.226931,48.116886],[38.226922,48.116867],[38.226945,48.116862],[38.226949,48.116866],[38.226958,48.116877]],[[38.226774,48.116562],[38.226746,48.116568],[38.226738,48.116549],[38.226765,48.116544],[38.22677,48.116555],[38.226774,48.116562]],[[38.226589,48.116268],[38.226572,48.116256],[38.226589,48.116244],[38.226608,48.116256],[38.226589,48.116268]],[[38.22654,48.116867],[38.226518,48.116858],[38.226536,48.116844],[38.226559,48.116855],[38.22654,48.116867]],[[38.22614,48.116153],[38.226132,48.116169],[38.226105,48.11616],[38.226113,48.116145],[38.22614,48.116151],[38.22614,48.116153]],[[38.225763,48.118334],[38.225736,48.118327],[38.225746,48.11831],[38.225773,48.118316],[38.225763,48.118334]],[[38.225766,48.116078],[38.22575,48.116085],[38.225736,48.11607],[38.225759,48.116061],[38.225773,48.116076],[38.225766,48.116078]],[[38.225651,48.116111],[38.225723,48.116262],[38.225683,48.116271],[38.225647,48.11628],[38.225543,48.1163],[38.225534,48.116282],[38.22548,48.116169],[38.225471,48.116151],[38.225651,48.116111]],[[38.225373,48.116094],[38.225201,48.116042],[38.225247,48.11598],[38.225417,48.116037],[38.225373,48.116094]],[[38.224871,48.115915],[38.224874,48.115908],[38.224941,48.11592],[38.224937,48.115938],[38.224914,48.115932],[38.224901,48.115977],[38.224874,48.115974],[38.224888,48.115929],[38.224869,48.115926],[38.224871,48.115915]],[[38.224782,48.116362],[38.224766,48.116367],[38.224752,48.116351],[38.22478,48.116342],[38.224788,48.11636],[38.224782,48.116362]],[[38.224711,48.117682],[38.224698,48.117686],[38.224685,48.117668],[38.224712,48.117659],[38.224725,48.117677],[38.224711,48.117682]],[[38.224492,48.115917],[38.224492,48.115899],[38.224519,48.115896],[38.224519,48.115914],[38.224492,48.115917]],[[38.224312,48.115815],[38.224308,48.115797],[38.224335,48.115797],[38.224339,48.115812],[38.224312,48.115815]],[[38.224092,48.116637],[38.224088,48.116655],[38.224043,48.116647],[38.224016,48.116642],[38.224025,48.116624],[38.224092,48.116637]],[[38.223324,48.116064],[38.223351,48.116064],[38.223351,48.116082],[38.223329,48.116082],[38.223324,48.116064]],[[38.223293,48.115899],[38.223289,48.115881],[38.223316,48.115878],[38.22332,48.115896],[38.223293,48.115899]],[[38.222628,48.115965],[38.222624,48.115947],[38.222651,48.115947],[38.222655,48.115962],[38.222628,48.115965]],[[38.222507,48.11613],[38.222534,48.11613],[38.222538,48.116148],[38.222511,48.116148],[38.222507,48.11613]],[[38.221909,48.115941],[38.221932,48.115953],[38.221892,48.115989],[38.221909,48.115998],[38.221892,48.11601],[38.221838,48.115983],[38.221851,48.115968],[38.221869,48.115977],[38.221909,48.115941]],[[38.221896,48.116142],[38.221914,48.116151],[38.221874,48.116187],[38.221892,48.116196],[38.221874,48.116211],[38.221819,48.11618],[38.221838,48.116169],[38.221851,48.116178],[38.221896,48.116142]],[[38.221662,48.115416],[38.221658,48.115398],[38.221685,48.115395],[38.221689,48.115413],[38.221662,48.115416]],[[38.221639,48.115749],[38.221668,48.115746],[38.221672,48.115764],[38.221645,48.115764],[38.221639,48.115749]],[[38.221546,48.115435],[38.221541,48.115416],[38.221568,48.115413],[38.221572,48.115428],[38.221546,48.115435]],[[38.227843,48.117402],[38.227821,48.117393],[38.227834,48.117377],[38.227857,48.117386],[38.227843,48.117402]],[[38.227214,48.117185],[38.227188,48.117176],[38.227196,48.117162],[38.227222,48.117167],[38.227214,48.117185]]],[[[38.225856,48.116164],[38.225844,48.116162],[38.225842,48.116167],[38.225869,48.116174],[38.225871,48.11617],[38.225871,48.116168],[38.225856,48.116164]]]]}},{"type":"Feature","properties":{"cadnum":"1425200000:02:000:0253"},"geometry":{"type":"Polygon","coordinates":[[[38.222507,48.111548],[38.22261,48.111506],[38.222543,48.111437],[38.222444,48.111479],[38.222507,48.111548]]]}},{"type":"Feature","properties":{"cadnum":"1425200000:02:000:0225"},"geometry":{"type":"Polygon","coordinates":[[[38.114547,48.094211],[38.114633,48.094189],[38.114602,48.094136],[38.11452,48.094154],[38.114547,48.094211]]]}},{"type":"Feature","properties":{"cadnum":"1425200000:01:000:1320"},"geometry":{"type":"Polygon","coordinates":[[[38.030555,48.024985],[38.03395,48.024679],[38.033991,48.024604],[38.034229,48.024381],[38.034,48.023237],[38.029692,48.023624],[38.030555,48.024985]]]}},{"type":"Feature","properties":{"cadnum":"1425200000:01:000:1251"},"geometry":{"type":"Polygon","coordinates":[[[38.033448,48.020482],[38.033748,48.021981],[38.03394,48.022941],[38.03394000000002,48.02294100000012],[38.033963,48.023056],[38.03396331081081,48.023056],[38.034,48.023237],[38.034229,48.024381],[38.034423,48.024201],[38.034582,48.024104927492445],[38.034582,48.024105],[38.034610864865755,48.024087486485946],[38.034754,48.024001],[38.034754,48.024000640449444],[38.034849,48.023943],[38.034916,48.023916],[38.034754,48.023101824742255],[38.034754,48.023101],[38.034722,48.022941],[38.03472116911765,48.022941],[38.034582,48.02224],[38.034582,48.022241671755715],[38.03422,48.020422],[38.033448,48.020482]]]}},{"type":"Feature","properties":{"cadnum":"1425200000:01:000:1249"},"geometry":{"type":"Polygon","coordinates":[[[38.033748,48.021981],[38.029423,48.022371],[38.029171,48.022801],[38.02925911188811,48.022941],[38.029259,48.022941],[38.029692,48.023624],[38.034,48.023237],[38.03394,48.022941],[38.033748,48.021981]]]}},{"type":"Feature","properties":{"cadnum":"1425200000:02:000:0435"},"geometry":{"type":"Polygon","coordinates":[[[38.094021,48.10764],[38.094025,48.107604],[38.093949,48.107598],[38.093945,48.107637],[38.094021,48.10764]]]}},{"type":"Feature","properties":{"cadnum":"1425200000:02:000:0438"},"geometry":{"type":"Polygon","coordinates":[[[38.09363,48.111095],[38.093635,48.111074],[38.093608,48.111074],[38.093603,48.111092],[38.09363,48.111095]]]}},{"type":"Feature","properties":{"cadnum":"1425200000:02:000:2107"},"geometry":{"type":"Polygon","coordinates":[[[38.094146,48.110936],[38.09413443636364,48.111042],[38.094134,48.111042],[38.0941265287846,48.11111448614118],[38.094122,48.111156],[38.09412224991175,48.111156],[38.093842,48.113875],[38.095007,48.11414599102468],[38.095007,48.114146],[38.09501357129113,48.11414751957482],[38.095179,48.114186],[38.095179,48.11418577405119],[38.09614,48.114408],[38.096824,48.114415],[38.096976659946634,48.111156],[38.096977,48.111156],[38.096985,48.110996],[38.095179,48.11095856521739],[38.095179,48.110958],[38.094146,48.110936]]]}},{"type":"Feature","properties":{"cadnum":"1425200000:02:000:2042"},"geometry":{"type":"Polygon","coordinates":[[[38.095179,48.11091257741829],[38.098036,48.110972],[38.098153,48.108477],[38.095179,48.10841555371901],[38.095179,48.108415],[38.094407,48.108398],[38.094155,48.110855],[38.094151,48.110891],[38.095179,48.110913],[38.095179,48.11091257741829]]]}},{"type":"Feature","properties":{"cadnum":"1425200000:02:000:0437"},"geometry":{"type":"Polygon","coordinates":[[[38.093729,48.109829],[38.093733,48.109811],[38.093706,48.109809],[38.093702,48.109829],[38.093729,48.109829]]]}},{"type":"Feature","properties":{"cadnum":"1425200000:02:000:2119"},"geometry":{"type":"Polygon","coordinates":[[[38.093859,48.109922],[38.094111,48.108009],[38.093679,48.108011],[38.091847,48.10802],[38.091462,48.111156],[38.09146217537313,48.111156],[38.091411,48.111578],[38.093352,48.111572],[38.093639,48.111568],[38.09369382889734,48.111156],[38.093694,48.111156],[38.093859,48.109922]],[[38.09385,48.108645],[38.093846,48.108662],[38.093819,48.108662],[38.093823,48.108642],[38.09385,48.108645]],[[38.093733,48.109811],[38.093729,48.109829],[38.093702,48.109829],[38.093706,48.109809],[38.093733,48.109811]],[[38.093603,48.111092],[38.093608,48.111074],[38.093635,48.111074],[38.09363,48.111095],[38.093603,48.111092]]]}},{"type":"Feature","properties":{"cadnum":"1425200000:02:000:2002"},"geometry":{"type":"Polygon","coordinates":[[[38.094339,48.104062],[38.093419,48.104122],[38.091448,48.104154],[38.091084,48.107374],[38.091083,48.107374],[38.091056,48.107622],[38.093788,48.107604],[38.093823,48.107374],[38.09382291946309,48.107374],[38.094339,48.104062]]]}},{"type":"Feature","properties":{"cadnum":"1425200000:02:000:0436"},"geometry":{"type":"Polygon","coordinates":[[[38.09385,48.108662],[38.09385,48.108645],[38.093823,48.108642],[38.093819,48.108662],[38.09385,48.108662]]]}},{"type":"Feature","properties":{"cadnum":"1425200000:02:000:2001"},"geometry":{"type":"Polygon","coordinates":[[[38.094255,48.107325],[38.094348,48.107271],[38.094838,48.104029],[38.094654,48.104041],[38.094339,48.104062],[38.093805,48.107489],[38.0938055,48.107489],[38.093788,48.107604],[38.0939795,48.107489],[38.09398,48.107489],[38.094255,48.107325]],[[38.094339,48.10513],[38.094339,48.105154],[38.094304,48.105154],[38.094304,48.10513],[38.094339,48.10513]],[[38.094182,48.10633],[38.094182,48.106353],[38.094146,48.106353],[38.094146,48.10633],[38.094182,48.10633]]]}},{"type":"Feature","properties":{"cadnum":"1425200000:02:000:2118"},"geometry":{"type":"Polygon","coordinates":[[[38.094452,48.107991],[38.094407,48.108398],[38.095007,48.108411212435236],[38.095007,48.108412],[38.098153,48.108477],[38.098171,48.108069],[38.095007,48.108002],[38.095007,48.10800321458047],[38.094452,48.107991]]]}},{"type":"Feature","properties":{"cadnum":"1425200000:02:000:2072"},"geometry":{"type":"Polygon","coordinates":[[[38.137638,48.121632],[38.136789,48.118954],[38.13519,48.119203],[38.13449,48.119311],[38.134427,48.119323],[38.13528888994709,48.122044],[38.135288,48.122044],[38.135653,48.123191],[38.138011,48.122816],[38.13779889211649,48.12214490456531],[38.137638,48.121632]],[[38.136735,48.121251],[38.136825,48.121212],[38.136884,48.121272],[38.136874,48.121277],[38.136798,48.121311],[38.136735,48.121251]]]}},{"type":"Feature","properties":{"cadnum":"1425200000:02:000:0237"},"geometry":{"type":"Polygon","coordinates":[[[38.136798,48.121311],[38.136884,48.121272],[38.136825,48.121212],[38.136735,48.121251],[38.136798,48.121311]]]}},{"type":"Feature","properties":{"cadnum":"1425200000:02:000:2122"},"geometry":{"type":"Polygon","coordinates":[[[38.138952,48.118621],[38.138952,48.11862144453961],[38.136789,48.118954],[38.137638,48.121632],[38.13776723954373,48.122044],[38.137767,48.122044],[38.13779889211649,48.12214490456531],[38.137803,48.122158],[38.137803031088076,48.122158],[38.138011,48.122816],[38.138716,48.122703],[38.138952,48.122665980392156],[38.138952,48.122666],[38.13896303125128,48.1226642499998],[38.139124,48.122639],[38.139124,48.122638713881024],[38.140364,48.122442],[38.140237,48.122044],[38.14023687549075,48.122044],[38.139143,48.118592],[38.138952,48.118621]]]}},{"type":"Feature","properties":{"cadnum":"1425200000:02:000:0236"},"geometry":{"type":"Polygon","coordinates":[[[38.134401,48.118885],[38.13449,48.118847],[38.134427,48.118787],[38.134342,48.118829],[38.134401,48.118885]]]}},{"type":"Feature","properties":{"cadnum":"1425200000:01:000:1125"},"geometry":{"type":"Polygon","coordinates":[[[38.078527,48.037388],[38.078527,48.03738897740512],[38.073034,48.037516],[38.073034,48.037516830328734],[38.072263,48.037534],[38.072266740740744,48.037635],[38.072266,48.037635],[38.07229,48.038219],[38.073034,48.038240930131],[38.073034,48.038241],[38.07311124137767,48.0382432068965],[38.073206,48.038246],[38.073206,48.03824591428571],[38.074154,48.038273],[38.075776,48.038561],[38.077016,48.038784],[38.078699,48.038937],[38.078699,48.03893643230016],[38.07914,48.038976],[38.079127,48.038688],[38.079074443494775,48.03775],[38.079075,48.03775],[38.079055,48.037376],[38.078527,48.037388]]]}},{"type":"Feature","properties":{"cadnum":"1425200000:01:000:0180"},"geometry":{"type":"Polygon","coordinates":[[[38.076863,48.041039],[38.077649,48.040724],[38.075758,48.040619],[38.074091,48.040871],[38.073206,48.040901141911064],[38.073206,48.040901],[38.072843,48.040913],[38.072274,48.041422],[38.072275904862586,48.041422],[38.070821,48.042727],[38.071167,48.042594],[38.071441,48.042922],[38.071684,48.042835],[38.071932,48.042636],[38.073206,48.042175],[38.073206,48.04217450172414],[38.075354,48.041394],[38.076863,48.041039]]]}},{"type":"Feature","properties":{"cadnum":"1425200000:01:000:0184"},"geometry":{"type":"Polygon","coordinates":[[[38.074091,48.040871],[38.075758,48.040619],[38.075116,48.040582],[38.077452,48.039778],[38.07737,48.039687],[38.077632,48.039571],[38.077016,48.038784],[38.074154,48.038273],[38.07464,48.038859],[38.073206,48.039605465753425],[38.073206,48.039605],[38.072295,48.040078],[38.070341,48.040615],[38.0703092267658,48.041308],[38.070309,48.041308],[38.070234,48.042946],[38.070821,48.042727],[38.072403,48.041308],[38.07240143811395,48.041308],[38.072843,48.040913],[38.073034,48.04090668595041],[38.073034,48.040907],[38.074091,48.040871]]]}},{"type":"Feature","properties":{"cadnum":"1425200000:02:000:2049"},"geometry":{"type":"Polygon","coordinates":[[[38.108511,48.110804],[38.107845,48.111121],[38.107353,48.111156],[38.10735761194025,48.111156],[38.106912,48.111188],[38.10663760919543,48.111156],[38.106642,48.111156],[38.106166,48.111101],[38.106139,48.111156],[38.1061396,48.111156],[38.10613,48.111176],[38.10608,48.111188],[38.105901,48.111185],[38.105761,48.114168],[38.105993,48.1141657029703],[38.105993,48.114166],[38.10608078425526,48.11416483381926],[38.106165,48.114164],[38.106165,48.11416371504483],[38.109004,48.114126],[38.10892792023346,48.111156],[38.108929,48.111156],[38.10891,48.110405],[38.108511,48.110804]]]}},{"type":"Feature","properties":{"cadnum":"1425200000:02:000:0327"},"geometry":{"type":"Polygon","coordinates":[[[38.109876,48.111479],[38.109876,48.111461],[38.109849,48.111461],[38.109849,48.111479],[38.109876,48.111479]]]}},{"type":"Feature","properties":{"cadnum":"1425200000:02:000:2094"},"geometry":{"type":"Polygon","coordinates":[[[38.113029,48.114181],[38.113298,48.111439],[38.111658,48.11136749889624],[38.111658,48.111367],[38.109929,48.11129],[38.109908,48.114364],[38.111658,48.114262],[38.111658,48.1142609675956],[38.113029,48.114181]]]}},{"type":"Feature","properties":{"cadnum":"1425200000:02:000:2025"},"geometry":{"type":"Polygon","coordinates":[[[38.10742829447853,48.107374],[38.107428,48.107374],[38.106279,48.107898],[38.106165,48.107919125874126],[38.106165,48.107919],[38.105075,48.108117],[38.104692,48.108122],[38.10455616331995,48.111042],[38.104556,48.111042],[38.104553,48.11111],[38.105993,48.1111409173715],[38.105993,48.111141],[38.10609,48.111143],[38.106103,48.111112],[38.106113,48.111095],[38.106117,48.111092],[38.105304,48.110756],[38.105079,48.110474],[38.105191,48.109988],[38.10587,48.109754],[38.105993,48.1097619220339],[38.105993,48.109762],[38.1060147888734,48.10976332538507],[38.106165,48.109773],[38.106165,48.109772462506555],[38.1079,48.109878],[38.108983,48.110237],[38.108987,48.110196],[38.10896,48.108827],[38.107455,48.108831],[38.107325,48.108122],[38.1079,48.108051],[38.108421,48.107922],[38.108749,48.107754],[38.108893,48.107562],[38.10890342284568,48.10742203607233],[38.108964,48.106674],[38.10742829447853,48.107374]]]}},{"type":"Feature","properties":{"cadnum":"1425200000:02:000:0332"},"geometry":{"type":"Polygon","coordinates":[[[38.109853,48.113995],[38.109853,48.11398],[38.109826,48.113977],[38.109826,48.113995],[38.109853,48.113995]]]}},{"type":"Feature","properties":{"cadnum":"1425200000:02:000:0328"},"geometry":{"type":"Polygon","coordinates":[[[38.109868,48.112012],[38.109872,48.111994],[38.109845,48.111994],[38.109845,48.112012],[38.109868,48.112012]]]}},{"type":"Feature","properties":{"cadnum":"1425200000:02:000:0333"},"geometry":{"type":"Polygon","coordinates":[[[38.109845,48.114481],[38.109845,48.114462],[38.109755,48.114462],[38.109755,48.114481],[38.109845,48.114481]]]}},{"type":"Feature","properties":{"cadnum":"1425200000:02:000:0331"},"geometry":{"type":"Polygon","coordinates":[[[38.109858,48.11353],[38.109858,48.113512],[38.109832,48.113512],[38.109832,48.11353],[38.109858,48.11353]]]}},{"type":"Feature","properties":{"cadnum":"1425200000:02:000:2045"},"geometry":{"type":"Polygon","coordinates":[[[38.104243,48.114597],[38.10419168722467,48.114709],[38.104191,48.114709],[38.10250286426299,48.118377],[38.102502,48.118377],[38.102455,48.118481],[38.104558,48.119024],[38.104855,48.118377],[38.104854505376345,48.118377],[38.10583,48.116259],[38.105663,48.116217],[38.106165,48.115126],[38.106165,48.11512364088398],[38.10630230379747,48.114824],[38.106303,48.114824],[38.106369,48.114682],[38.105993,48.114616],[38.105993,48.114616637080864],[38.105151,48.114468],[38.104243,48.114597]]]}},{"type":"Feature","properties":{"cadnum":"1425200000:02:000:0329"},"geometry":{"type":"Polygon","coordinates":[[[38.109858,48.11353],[38.109858,48.113512],[38.109832,48.113512],[38.109832,48.11353],[38.109858,48.11353]]]}},{"type":"Feature","properties":{"cadnum":"1425200000:02:000:0330"},"geometry":{"type":"Polygon","coordinates":[[[38.109862,48.113014],[38.109862,48.112996],[38.109836,48.112996],[38.109836,48.113014],[38.109862,48.113014]]]}},{"type":"Feature","properties":{"cadnum":"1425200000:01:000:1289"},"geometry":{"type":"Polygon","coordinates":[[[38.061137,48.052237],[38.060172,48.052038],[38.059701,48.051939],[38.058872,48.052439],[38.05887419338844,48.052439],[38.058061,48.05293],[38.057028,48.054482],[38.056975,48.055467],[38.061237,48.055407],[38.06114,48.052325],[38.061139613861386,48.052325],[38.061137,48.052237]]]}},{"type":"Feature","properties":{"cadnum":"1425200000:01:000:1291"},"geometry":{"type":"Polygon","coordinates":[[[38.065108,48.055701],[38.065059,48.054158],[38.06222,48.054196657920954],[38.06222,48.054196],[38.061269,48.054209],[38.061313,48.055752],[38.06222,48.05574],[38.06222,48.05573969542484],[38.065108,48.055701]]]}},{"type":"Feature","properties":{"cadnum":"1425200000:01:000:1292"},"geometry":{"type":"Polygon","coordinates":[[[38.061206,48.052251],[38.06120796808511,48.052325],[38.061207,48.052325],[38.061269,48.054209],[38.062048,48.05419835120925],[38.062048,48.054199],[38.065059,48.054158],[38.065024,48.053029],[38.06222,48.05245802419355],[38.06222,48.052458],[38.06217796791912,48.052449465241594],[38.062126574257434,48.052439],[38.062128,48.052439],[38.061206,48.052251]]]}},{"type":"Feature","properties":{"cadnum":"1425200000:01:000:1113"},"geometry":{"type":"Polygon","coordinates":[[[38.078699,48.03404],[38.077133,48.033877],[38.077142,48.034077],[38.07714304467805,48.034077],[38.077177,48.034723],[38.078527,48.03469372930355],[38.078527,48.034694],[38.078915,48.034685],[38.078884,48.03406],[38.078699,48.03404082633053],[38.078699,48.03404]]]}},{"type":"Feature","properties":{"cadnum":"1425200000:01:000:1139"},"geometry":{"type":"Polygon","coordinates":[[[38.078961,48.035558],[38.078915,48.034685],[38.078699,48.03469001030928],[38.078699,48.03469],[38.077177,48.034723],[38.073206,48.03481788993483],[38.073206,48.034817],[38.072089,48.034843],[38.072152,48.035718],[38.073206,48.035693],[38.073206,48.035692961871135],[38.078527,48.035568038128865],[38.078527,48.035569],[38.078961,48.035558]]]}},{"type":"Feature","properties":{"cadnum":"1425200000:01:000:1149"},"geometry":{"type":"Polygon","coordinates":[[[38.07198,48.033336],[38.072032,48.034077],[38.072032484676505,48.034077],[38.072089,48.034843],[38.073034,48.034821003581015],[38.073034,48.034822],[38.077177,48.034723],[38.077137,48.033962],[38.077136825000004,48.033962],[38.077133,48.033877],[38.073206,48.03346504342523],[38.073206,48.033465],[38.07198,48.033336]]]}},{"type":"Feature","properties":{"cadnum":"1425200000:01:000:1135"},"geometry":{"type":"Polygon","coordinates":[[[38.07901,48.036448],[38.078961,48.035558],[38.078699,48.035564640553],[38.078699,48.035564],[38.073034,48.035697],[38.073034,48.0356970796964],[38.072152,48.035718],[38.072215,48.036606],[38.073206,48.036584],[38.073206,48.036583022594876],[38.078699,48.036456],[38.078699,48.036455082815735],[38.07901,48.036448]]]}},{"type":"Feature","properties":{"cadnum":"1425200000:01:000:1137"},"geometry":{"type":"Polygon","coordinates":[[[38.079055,48.037376],[38.07901,48.036448],[38.078527,48.036459],[38.078527,48.03645997740512],[38.073034,48.036587],[38.073034,48.036587818365284],[38.072215,48.036606],[38.07225,48.037126],[38.072263,48.037534],[38.073206,48.037513],[38.073206,48.037512022594875],[38.078699,48.037385],[38.078699,48.03738409090909],[38.079055,48.037376]]]}},{"type":"Feature","properties":{"cadnum":"1425200000:01:000:1026"},"geometry":{"type":"Polygon","coordinates":[[[38.082783,48.025802],[38.08276,48.025802],[38.080991,48.025799],[38.08098837056928,48.026615],[38.080988,48.026615],[38.080986,48.028752],[38.080982,48.02938],[38.082779,48.029293],[38.082780914115006,48.02673],[38.082781,48.02673],[38.082783,48.025802]]]}},{"type":"Feature","properties":{"cadnum":"1425200000:01:000:1020"},"geometry":{"type":"Polygon","coordinates":[[[38.080991,48.025799],[38.078708,48.025799],[38.078741,48.026331],[38.07875808270676,48.026615],[38.078757,48.026615],[38.078777,48.026929],[38.078884,48.028749],[38.08002,48.028749],[38.080303,48.028752],[38.080986,48.028752],[38.080987892372484,48.02673],[38.080988,48.02673],[38.080991,48.025799]],[[38.080016,48.028278],[38.080115,48.028253],[38.08015,48.02832],[38.080052,48.028344],[38.080016,48.028278]]]}},{"type":"Feature","properties":{"cadnum":"1425200000:01:000:1028"},"geometry":{"type":"Polygon","coordinates":[[[38.082765,48.022834],[38.080744,48.022834],[38.08074351801802,48.022941],[38.080743,48.022941],[38.080739,48.025799],[38.080991,48.025799],[38.08276,48.025802],[38.08276383921705,48.023056],[38.082764,48.023056],[38.082765,48.022834]]]}},{"type":"Feature","properties":{"cadnum":"1425200000:01:000:1022"},"geometry":{"type":"Polygon","coordinates":[[[38.07854677473138,48.023056],[38.07866318297644,48.02503201165669],[38.078708,48.025799],[38.080739,48.025799],[38.080742839048284,48.023056],[38.080743,48.023056],[38.080744,48.022834],[38.078534,48.022831],[38.078546,48.023056],[38.07854677473138,48.023056]]]}},{"type":"Feature","properties":{"cadnum":"1425200000:01:000:1294"},"geometry":{"type":"Polygon","coordinates":[[[38.071406,48.052344],[38.071311,48.053032],[38.071379,48.053038],[38.073206,48.053151],[38.073206,48.05315065748709],[38.073615,48.053176],[38.075318,48.053281],[38.076081,48.053326],[38.076175,48.052647],[38.073034,48.052448],[38.073034,48.05244801111111],[38.07289295652175,48.052439],[38.072902,48.052439],[38.071406,48.052344]]]}},{"type":"Feature","properties":{"cadnum":"1425200000:01:000:1115"},"geometry":{"type":"Polygon","coordinates":[[[38.070494,48.055989],[38.07049417213114,48.055996],[38.070494,48.055996],[38.0704947489301,48.05601945649096],[38.070497,48.056111],[38.07049767177522,48.056111],[38.070544,48.057562],[38.07060753084196,48.059668],[38.070607,48.059668],[38.070661,48.06139],[38.071806,48.061372],[38.07175471185446,48.059783],[38.071755,48.059783],[38.071653,48.056517],[38.07060578091091,48.05604007592184],[38.070494,48.055989]]]}},{"type":"Feature","properties":{"cadnum":"1425200000:02:000:2089"},"geometry":{"type":"Polygon","coordinates":[[[38.147228,48.087793],[38.146244,48.088826],[38.146757,48.089145],[38.146757562841536,48.089145],[38.149939,48.09112080203621],[38.149939,48.091121],[38.151446,48.092057],[38.152802,48.092444],[38.152538,48.091325],[38.152263,48.09092],[38.15011,48.089583175989674],[38.15011,48.089583],[38.149403804347834,48.089145],[38.149405,48.089145],[38.147228,48.087793]]]}},{"type":"Feature","properties":{"cadnum":"1425200000:02:000:2124"},"geometry":{"type":"Polygon","coordinates":[[[38.145938,48.089145],[38.14593948076923,48.089145],[38.145058,48.090071],[38.1492952617572,48.0927],[38.149295,48.0927],[38.14944020383009,48.09278992899931],[38.149479,48.092814],[38.14947907006369,48.092814],[38.149802,48.093014],[38.150045,48.092723],[38.150951,48.091916],[38.151446,48.092057],[38.15011,48.091227208360976],[38.15011,48.091227],[38.146574,48.089031],[38.146573670846394,48.089031],[38.146244,48.088826],[38.145938,48.089145]]]}},{"type":"Feature","properties":{"cadnum":"1425200000:02:000:2112"},"geometry":{"type":"Polygon","coordinates":[[[38.147228,48.087793],[38.149221436390526,48.089031],[38.14922,48.089031],[38.149939,48.08947694157303],[38.149939,48.089477],[38.152263,48.09092],[38.15162,48.089972],[38.1511981509033,48.089145],[38.151199,48.089145],[38.15097,48.088694],[38.152048,48.087994],[38.149939,48.086684],[38.149939,48.086684687500004],[38.148894,48.086035],[38.147228,48.087793]]]}},{"type":"Feature","properties":{"cadnum":"1425200000:01:000:1078"},"geometry":{"type":"Polygon","coordinates":[[[38.100507,48.030296],[38.100672,48.030265],[38.100672,48.03026379518072],[38.101337,48.030134],[38.101239,48.027412],[38.1005,48.027415],[38.1005,48.027415517812344],[38.098679,48.027421],[38.098789,48.030403],[38.09878933299389,48.030403],[38.098822,48.03127],[38.099572,48.030747],[38.1005,48.03029937647059],[38.1005,48.0303],[38.100507,48.030296]]]}},{"type":"Feature","properties":{"cadnum":"1425200000:01:000:1076"},"geometry":{"type":"Polygon","coordinates":[[[38.095179,48.027435374545455],[38.095179,48.027435],[38.094039,48.027439],[38.094146,48.030403],[38.09414626612903,48.030403],[38.094188,48.031528],[38.095179,48.031511],[38.095179,48.0315100472103],[38.095706,48.031501],[38.09566436108821,48.030403],[38.095665,48.030403],[38.095557,48.027434],[38.095179,48.027435374545455]]]}},{"type":"Feature","properties":{"cadnum":"1425200000:01:000:1152"},"geometry":{"type":"Polygon","coordinates":[[[38.098696,48.033681],[38.099968,48.033327],[38.100404,48.03318],[38.098755,48.033173],[38.098696,48.033681]]]}},{"type":"Feature","properties":{"cadnum":"1425200000:01:000:1006"},"geometry":{"type":"Polygon","coordinates":[[[38.098113,48.033726],[38.097838,48.033723],[38.09805,48.032495],[38.098576,48.031455],[38.097228,48.031477],[38.095813,48.031501],[38.095907,48.034077],[38.095907181818184,48.034077],[38.095939,48.034952],[38.096096,48.034897],[38.097587,48.03475],[38.098176,48.03448],[38.098132,48.033962],[38.098131826210825,48.033962],[38.098113,48.033726]]]}},{"type":"Feature","properties":{"cadnum":"1425200000:01:000:1004"},"geometry":{"type":"Polygon","coordinates":[[[38.095706,48.031501],[38.095007,48.031513],[38.095007,48.031513950554995],[38.094188,48.031528],[38.093891,48.03153],[38.093982,48.034077],[38.093982250972765,48.034077],[38.094016,48.03499],[38.095007,48.03497466208083],[38.095007,48.034975],[38.095916,48.034961],[38.095939,48.034952],[38.095903,48.033962],[38.09590280357143,48.033962],[38.095813,48.031501],[38.095706,48.031501]]]}},{"type":"Feature","properties":{"cadnum":"1425200000:01:000:1030"},"geometry":{"type":"Polygon","coordinates":[[[38.097079,48.027427],[38.095557,48.027434],[38.09566081677332,48.030288],[38.09566,48.030288],[38.095706,48.031501],[38.095813,48.031501],[38.097228,48.031477],[38.097184,48.030288],[38.09718378797043,48.030288],[38.097079,48.027427]]]}},{"type":"Feature","properties":{"cadnum":"1425200000:01:000:1154"},"geometry":{"type":"Polygon","coordinates":[[[38.100404,48.03318],[38.100538,48.033138],[38.10056,48.03296],[38.098782,48.032955],[38.098755,48.033173],[38.100404,48.03318]]]}},{"type":"Feature","properties":{"cadnum":"1425200000:01:000:1072"},"geometry":{"type":"Polygon","coordinates":[[[38.098679,48.027421],[38.097079,48.027427],[38.097188,48.030403],[38.09718825567704,48.030403],[38.097228,48.031477],[38.098576,48.031455],[38.098584,48.031435],[38.098822,48.03127],[38.098785,48.030288],[38.098784757880615,48.030288],[38.098679,48.027421]]]}},{"type":"Feature","properties":{"cadnum":"1425200000:02:000:0450"},"geometry":{"type":"Polygon","coordinates":[[[38.189166,48.095461],[38.189629,48.096086],[38.189659,48.096128],[38.189922,48.096483],[38.189922734328356,48.096483],[38.190087,48.096704],[38.190024,48.0971],[38.188562,48.09796036864667],[38.188562,48.097959],[38.187621,48.098513],[38.187329,48.098863],[38.187374,48.099194],[38.18772,48.099376],[38.188391,48.09948677078385],[38.188391,48.099487],[38.188558228246535,48.099514377347106],[38.188562,48.099515],[38.188562,48.09951499483014],[38.192453,48.100152],[38.192454300578056,48.100152],[38.192808,48.10021],[38.19385,48.100748],[38.194056,48.100807],[38.194056,48.100806541147136],[38.194686,48.100988],[38.195091,48.100801],[38.19525919633508,48.100152],[38.19526,48.100152],[38.195554,48.099025],[38.194965,48.098951],[38.194632,48.098449],[38.194988,48.097873],[38.195831,48.097955],[38.19611964564943,48.096483],[38.196121,48.096483],[38.19625,48.09583],[38.193884,48.095443],[38.193884,48.09544382358236],[38.188501,48.094562],[38.189166,48.095461]]]}},{"type":"Feature","properties":{"cadnum":"1425200000:01:000:0236"},"geometry":{"type":"Polygon","coordinates":[[[38.033761,48.060078],[38.033807,48.05981],[38.033537,48.05979],[38.033492,48.06006],[38.033761,48.060078]]]}},{"type":"Feature","properties":{"cadnum":"1425200000:01:000:0226"},"geometry":{"type":"Polygon","coordinates":[[[38.034463,48.060724],[38.034507,48.060457],[38.034243,48.060435],[38.034197,48.060702],[38.034463,48.060724]]]}},{"type":"Feature","properties":{"cadnum":"1425200000:01:000:0230"},"geometry":{"type":"Polygon","coordinates":[[[38.034754,48.06015309836066],[38.034826,48.060159],[38.034872,48.059889],[38.034728338461804,48.05987909230771],[38.034337,48.05985],[38.034292,48.060117],[38.034561,48.060138],[38.034754,48.060154],[38.034754,48.06015309836066]]]}},{"type":"Feature","properties":{"cadnum":"1425200000:01:000:0231"},"geometry":{"type":"Polygon","coordinates":[[[38.033492,48.06006],[38.033537,48.05979],[38.033002,48.05975],[38.032962,48.060018],[38.033228,48.060039],[38.033492,48.06006]]]}},{"type":"Feature","properties":{"cadnum":"1425200000:01:000:0239"},"geometry":{"type":"Polygon","coordinates":[[[38.034629,48.061288],[38.03466,48.061096],[38.03391,48.061042],[38.033878,48.061231],[38.034629,48.061288]]]}},{"type":"Feature","properties":{"cadnum":"1425200000:01:000:0246"},"geometry":{"type":"Polygon","coordinates":[[[38.033857,48.059501],[38.033901,48.059231],[38.033631,48.059216],[38.033591,48.059481],[38.0335604126394,48.059668],[38.03356,48.059668],[38.033547,48.05975],[38.033811,48.059769],[38.033857,48.059501]]]}},{"type":"Feature","properties":{"cadnum":"1425200000:02:000:0077"},"geometry":{"type":"Polygon","coordinates":[[[38.237369,48.120805],[38.237365,48.120793],[38.237346,48.120793],[38.237346,48.120805],[38.237369,48.120805]]]}},{"type":"Feature","properties":{"cadnum":"1425200000:02:000:0074"},"geometry":{"type":"Polygon","coordinates":[[[38.237459,48.121524],[38.237486,48.121518],[38.237482,48.1215],[38.237455,48.121507],[38.237459,48.121524]]]}},{"type":"Feature","properties":{"cadnum":"1425200000:02:000:0076"},"geometry":{"type":"Polygon","coordinates":[[[38.237392,48.121047],[38.237388,48.121036],[38.237369,48.121036],[38.237369,48.121047],[38.237392,48.121047]]]}},{"type":"Feature","properties":{"cadnum":"1425200000:02:000:0084"},"geometry":{"type":"Polygon","coordinates":[[[38.237203,48.119125],[38.237203,48.119113],[38.237185,48.119113],[38.237185,48.119125],[38.237203,48.119125]]]}},{"type":"Feature","properties":{"cadnum":"1425200000:02:000:0083"},"geometry":{"type":"Polygon","coordinates":[[[38.237212,48.119369],[38.23723,48.119365],[38.23723,48.119353],[38.237208,48.119353],[38.237212,48.119369]]]}},{"type":"Feature","properties":{"cadnum":"1425200000:02:000:0078"},"geometry":{"type":"Polygon","coordinates":[[[38.237342,48.120571],[38.237342,48.120558],[38.237325,48.120558],[38.237325,48.120571],[38.237342,48.120571]]]}},{"type":"Feature","properties":{"cadnum":"1425200000:02:000:0080"},"geometry":{"type":"Polygon","coordinates":[[[38.237302,48.120091],[38.237298,48.120073],[38.237271,48.120073],[38.237275,48.120091],[38.237302,48.120091]]]}},{"type":"Feature","properties":{"cadnum":"1425200000:02:000:0073"},"geometry":{"type":"Polygon","coordinates":[[[38.237558,48.12177],[38.237558,48.121752],[38.237531,48.121752],[38.237531,48.12177],[38.237558,48.12177]]]}},{"type":"Feature","properties":{"cadnum":"1425200000:02:000:0075"},"geometry":{"type":"Polygon","coordinates":[[[38.237396,48.121287],[38.237415,48.121285],[38.237409,48.121272],[38.237392,48.121276],[38.237396,48.121287]]]}},{"type":"Feature","properties":{"cadnum":"1425200000:02:000:0082"},"geometry":{"type":"Polygon","coordinates":[[[38.23723,48.1196],[38.237253,48.119596],[38.237249,48.119584],[38.23723,48.119584],[38.23723,48.1196]]]}},{"type":"Feature","properties":{"cadnum":"1425200000:02:000:0086"},"geometry":{"type":"Polygon","coordinates":[[[38.237239,48.118649],[38.237243,48.118631],[38.237216,48.118627],[38.237212,48.118646],[38.237239,48.118649]]]}},{"type":"Feature","properties":{"cadnum":"1425200000:02:000:0079"},"geometry":{"type":"Polygon","coordinates":[[[38.23732,48.120331],[38.23732,48.120319],[38.237298,48.120319],[38.237302,48.120331],[38.23732,48.120331]]]}},{"type":"Feature","properties":{"cadnum":"1425200000:02:000:0081"},"geometry":{"type":"Polygon","coordinates":[[[38.237271,48.119851],[38.237271,48.119839],[38.237253,48.119839],[38.237253,48.119851],[38.237271,48.119851]]]}},{"type":"Feature","properties":{"cadnum":"1425200000:02:000:0085"},"geometry":{"type":"Polygon","coordinates":[[[38.237181,48.118889],[38.237181,48.118874],[38.237163,48.118874],[38.237163,48.118885],[38.237181,48.118889]]]}},{"type":"Feature","properties":{"cadnum":"1425200000:02:000:0072"},"geometry":{"type":"Polygon","coordinates":[[[38.237536,48.122022],[38.237536,48.122004],[38.237509,48.122004],[38.237509,48.122022],[38.237536,48.122022]]]}},{"type":"Feature","properties":{"cadnum":"1425200000:01:000:1133"},"geometry":{"type":"Polygon","coordinates":[[[38.06763024810346,48.05760272589383],[38.067485,48.057604],[38.067541,48.05945284848477],[38.067541,48.059453],[38.06754105025128,48.05945450753849],[38.06754751675081,48.059668],[38.067546,48.059668],[38.067601,48.061432],[38.067713,48.061431],[38.067713,48.061430464751965],[38.069133,48.061411],[38.069078,48.059668],[38.069077393181814,48.059668],[38.069012,48.057583],[38.06763024810346,48.05760272589383]]]}},{"type":"Feature","properties":{"cadnum":"1425200000:01:000:1119"},"geometry":{"type":"Polygon","coordinates":[[[38.072959,48.057109],[38.071653,48.056517],[38.07175140845071,48.059668],[38.071751,48.059668],[38.071806,48.061372],[38.073091,48.061354],[38.073038,48.059668],[38.07303747344802,48.059668],[38.072959,48.057109]]]}},{"type":"Feature","properties":{"cadnum":"1425200000:01:000:1110"},"geometry":{"type":"Polygon","coordinates":[[[38.070544,48.057562],[38.069012,48.057583],[38.069081,48.059783],[38.069081628800916,48.059783],[38.069133,48.061411],[38.070661,48.06139],[38.07061060627178,48.059783],[38.070611,48.059783],[38.070544,48.057562]]]}},{"type":"Feature","properties":{"cadnum":"1425200000:02:000:0349"},"geometry":{"type":"Polygon","coordinates":[[[38.12738,48.107037],[38.12742,48.106992],[38.127393,48.106983],[38.127353,48.107028],[38.12738,48.107037]]]}},{"type":"Feature","properties":{"cadnum":"1425200000:02:000:2130"},"geometry":{"type":"Polygon","coordinates":[[[38.121378,48.103678],[38.121378,48.102994],[38.121338,48.102748],[38.121199,48.102568],[38.120971,48.10249],[38.120768,48.102493],[38.120631,48.10382],[38.12063137393768,48.10382],[38.120571,48.104412],[38.120543,48.104665],[38.120468,48.105405],[38.12031,48.106959],[38.122066,48.107037],[38.122473,48.107056603211014],[38.122473,48.107057],[38.122502,48.107058],[38.122623,48.106777],[38.122772,48.106035],[38.122883,48.105412],[38.122956,48.105025],[38.122825,48.104634],[38.122473,48.104511],[38.122473,48.10451127755102],[38.122399,48.104485],[38.121841,48.104403],[38.121581,48.10438],[38.121428,48.104305],[38.121374,48.104034],[38.12137595731708,48.10382],[38.121376,48.10382],[38.121378,48.103678]],[[38.121303,48.102721],[38.121298,48.102787],[38.121222,48.102787],[38.121222,48.102721],[38.121303,48.102721]],[[38.121254,48.103711],[38.121254,48.103729],[38.121172,48.103729],[38.121172,48.103711],[38.121254,48.103711]],[[38.121114,48.102622],[38.121181,48.102619],[38.121181,48.102664],[38.121114,48.102667],[38.121114,48.102622]],[[38.122538,48.104737],[38.122538,48.104781],[38.122473,48.104781],[38.12247,48.104781],[38.12247,48.104737],[38.122473,48.104737],[38.122538,48.104737]],[[38.122473,48.10511063636364],[38.122473,48.105111],[38.122497,48.105085],[38.12252,48.105094],[38.122479,48.105141],[38.122453,48.105132],[38.122473,48.10511063636364]],[[38.122345,48.10686],[38.122403,48.10692],[38.122313,48.106959],[38.122256,48.106899],[38.122345,48.10686]],[[38.121185,48.104557],[38.121235,48.104619],[38.121154,48.10465],[38.121105,48.104587],[38.121185,48.104557]],[[38.121028,48.104505],[38.120961,48.104505],[38.120957,48.104461],[38.121024,48.104461],[38.121028,48.104505]],[[38.120854,48.104421],[38.120786,48.104421],[38.120786,48.104377],[38.120854,48.104377],[38.120854,48.104421]]]}},{"type":"Feature","properties":{"cadnum":"1425200000:02:000:0351"},"geometry":{"type":"Polygon","coordinates":[[[38.124577,48.105954],[38.124617,48.105906],[38.124594,48.105897],[38.124554,48.105945],[38.124577,48.105954]]]}},{"type":"Feature","properties":{"cadnum":"1425200000:02:000:0352"},"geometry":{"type":"Polygon","coordinates":[[[38.123428,48.105514],[38.123472,48.105459],[38.123382,48.105423],[38.123338,48.105477],[38.123428,48.105514]]]}},{"type":"Feature","properties":{"cadnum":"1425200000:02:000:0350"},"geometry":{"type":"Polygon","coordinates":[[[38.125996,48.106503],[38.126037,48.106455],[38.126009,48.106446],[38.125969,48.106494],[38.125996,48.106503]]]}},{"type":"Feature","properties":{"cadnum":"1425200000:01:000:1129"},"geometry":{"type":"Polygon","coordinates":[[[38.080115,48.061303],[38.078699,48.06132261712846],[38.078699,48.061322],[38.078139,48.06133],[38.0782,48.063454],[38.07820151145038,48.063454],[38.078202,48.06347],[38.078699,48.063464],[38.078699,48.06346361186494],[38.081696,48.063422],[38.081635,48.063339],[38.08163407314771,48.063339],[38.080115,48.061303]]]}},{"type":"Feature","properties":{"cadnum":"1425200000:01:000:1145"},"geometry":{"type":"Polygon","coordinates":[[[38.082769,48.064869],[38.081696,48.063422],[38.078527,48.063466],[38.078527,48.06346607645875],[38.078202,48.06347],[38.078251,48.064932],[38.078699,48.064926],[38.078699,48.06492560773221],[38.082769,48.064869]]]}},{"type":"Feature","properties":{"cadnum":"1425200000:02:000:0338"},"geometry":{"type":"Polygon","coordinates":[[[38.141896,48.112654],[38.141938,48.112606],[38.141909,48.112597],[38.141869,48.112645],[38.141896,48.112654]]]}},{"type":"Feature","properties":{"cadnum":"1425200000:02:000:0337"},"geometry":{"type":"Polygon","coordinates":[[[38.143213,48.113164],[38.143253,48.113116],[38.14323,48.113107],[38.14319,48.113155],[38.143213,48.113164]]]}},{"type":"Feature","properties":{"cadnum":"1425200000:02:000:0339"},"geometry":{"type":"Polygon","coordinates":[[[38.140544,48.112132],[38.140584,48.112085],[38.140563,48.112075],[38.140523,48.112123],[38.140544,48.112132]]]}},{"type":"Feature","properties":{"cadnum":"1425200000:02:000:0340"},"geometry":{"type":"Polygon","coordinates":[[[38.139112,48.111578],[38.139152,48.11153],[38.139129,48.111521],[38.139089,48.111568],[38.139112,48.111578]]]}},{"type":"Feature","properties":{"cadnum":"1425200000:02:000:0336"},"geometry":{"type":"Polygon","coordinates":[[[38.144578,48.113662],[38.144565,48.113608],[38.144466,48.113614],[38.144475,48.113668],[38.144578,48.113662]]]}},{"type":"Feature","properties":{"cadnum":"1425200000:02:000:2110"},"geometry":{"type":"Polygon","coordinates":[[[38.110528,48.081642],[38.110671,48.081402],[38.110644,48.081162],[38.110577,48.080961],[38.110357,48.080641],[38.109925,48.080181],[38.109652,48.079983],[38.109503,48.079875],[38.108933,48.079506],[38.108694,48.079374],[38.108376,48.079284],[38.108038,48.079209],[38.107841,48.079125],[38.107725,48.079002],[38.107725,48.0789],[38.10719,48.079485],[38.106727,48.079998],[38.106287,48.080478],[38.106097758621296,48.08068848275795],[38.105645,48.08119],[38.106165,48.081326],[38.106165,48.08132598626716],[38.107564412887825,48.081692],[38.107564,48.081692],[38.107595,48.0817],[38.107998,48.081806],[38.107998178571435,48.081806],[38.108447,48.081924],[38.110092,48.082356],[38.110475618012195,48.081727055901],[38.110528,48.081642]],[[38.110047,48.080415],[38.110114,48.080412],[38.110114,48.080457],[38.110051,48.08046],[38.110047,48.080415]],[[38.107208,48.080434],[38.107293,48.080415],[38.107321,48.080469],[38.107239,48.080487],[38.107208,48.080434]]]}},{"type":"Feature","properties":{"cadnum":"1425200000:02:000:2080"},"geometry":{"type":"Polygon","coordinates":[[[38.105788,48.078132],[38.103696,48.07754],[38.103597,48.07751],[38.103027,48.078136],[38.1030275385852,48.078136],[38.102002,48.079266],[38.102119,48.079299],[38.105993,48.0803953247652],[38.105993,48.080396],[38.10615833717555,48.08044211445032],[38.106165,48.080444],[38.106165,48.08044397278911],[38.106287,48.080478],[38.106727,48.079998],[38.10719,48.079485],[38.107725,48.0789],[38.107725,48.078873],[38.107824,48.078813],[38.107904,48.078729],[38.10662,48.078366],[38.106165,48.078238280701754],[38.106165,48.078238],[38.10580222641511,48.078136],[38.105803,48.078136],[38.105788,48.078132]]]}},{"type":"Feature","properties":{"cadnum":"1425200000:02:000:2037"},"geometry":{"type":"Polygon","coordinates":[[[38.105993,48.08080452307692],[38.105993,48.080805],[38.106097758621296,48.08068848275795],[38.106165,48.080614],[38.106165,48.08061369387755],[38.106287,48.080478],[38.10615833717555,48.08044211445032],[38.102119,48.079299],[38.102002,48.079266],[38.1005,48.080917],[38.1005,48.080917140893476],[38.100381,48.081048],[38.100516,48.081088],[38.10261485793871,48.081692],[38.102612,48.081692],[38.104172,48.08214],[38.104176,48.082122],[38.104208,48.082047],[38.104442,48.081942],[38.104625,48.081927],[38.104774,48.081955],[38.104891,48.082018],[38.10518564840118,48.08169348858519],[38.105645,48.08119],[38.105993,48.08080452307692]]]}},{"type":"Feature","properties":{"cadnum":"1425200000:02:000:2029"},"geometry":{"type":"Polygon","coordinates":[[[38.10518700649351,48.081692],[38.105187,48.081692],[38.10518564840118,48.08169348858519],[38.105083,48.081806],[38.10508349079755,48.081806],[38.104891,48.082018],[38.104926,48.082038],[38.104989,48.082174],[38.104989,48.082282],[38.104912,48.082365],[38.104818,48.082416],[38.104679,48.082453],[38.104499,48.082447],[38.104208,48.082768],[38.105993,48.08323682473173],[38.105993,48.083237],[38.108767,48.083964],[38.109629,48.084193],[38.109916,48.084268],[38.109925,48.084211],[38.109805,48.083626],[38.109652,48.083257],[38.109638,48.082966],[38.110092,48.082356],[38.108447,48.081924],[38.107595,48.0817],[38.105993,48.081281],[38.105993,48.08128101538461],[38.105645,48.08119],[38.10518700649351,48.081692]],[[38.108659,48.08305],[38.10869,48.083104],[38.108604,48.083125],[38.108578,48.083068],[38.108659,48.08305]]]}},{"type":"Feature","properties":{"cadnum":"1425200000:02:000:2097"},"geometry":{"type":"Polygon","coordinates":[[[38.105447,48.076109],[38.104935,48.07604],[38.104788,48.076199],[38.103597,48.07751],[38.103696,48.07754],[38.10539928378378,48.078022],[38.105398,48.078022],[38.105788,48.078132],[38.105993,48.078189639257296],[38.105993,48.07819],[38.10662,48.078366],[38.107904,48.078729],[38.108515,48.078057],[38.108807,48.077732],[38.109746,48.0767],[38.108142,48.076481],[38.107679,48.076418],[38.106165,48.07620876986952],[38.106165,48.076208],[38.105447,48.076109]],[[38.105993,48.07798955],[38.105993,48.07799],[38.106071,48.077972],[38.10610009090909,48.078022],[38.106099,48.078022],[38.106103,48.078027],[38.106017,48.078048],[38.105991,48.07799],[38.105993,48.07798955]],[[38.108034,48.076661],[38.108034,48.076706],[38.107967,48.076709],[38.107967,48.076664],[38.108034,48.076661]]]}},{"type":"Feature","properties":{"cadnum":"1425200000:02:000:0366"},"geometry":{"type":"Polygon","coordinates":[[[38.100606,48.080661],[38.100578,48.08065],[38.100564,48.080667],[38.100587,48.080676],[38.100606,48.080661]]]}},{"type":"Feature","properties":{"cadnum":"1425200000:02:000:2121"},"geometry":{"type":"Polygon","coordinates":[[[38.100516,48.081088],[38.1005,48.081083],[38.1005,48.08108325925926],[38.100381,48.081048],[38.099691,48.081806],[38.09969240713536,48.081806],[38.09893,48.082645],[38.099052,48.08272],[38.09986,48.08319],[38.100672,48.083405],[38.100672,48.08340418530102],[38.103058,48.084031],[38.104208,48.082768],[38.104499,48.082447],[38.104333,48.082411],[38.104226,48.082347],[38.104172,48.082231],[38.104172,48.08214],[38.104176,48.082122],[38.10305530232559,48.081806],[38.103056,48.081806],[38.100672,48.0811320976378],[38.100672,48.081132],[38.100516,48.081088]]]}},{"type":"Feature","properties":{"cadnum":"1425200000:02:000:0364"},"geometry":{"type":"Polygon","coordinates":[[[38.102214,48.078864],[38.102227,48.078846],[38.102205,48.078837],[38.102186,48.078855],[38.102214,48.078864]]]}},{"type":"Feature","properties":{"cadnum":"1425200000:02:000:0365"},"geometry":{"type":"Polygon","coordinates":[[[38.101558,48.079596],[38.101572,48.079578],[38.101549,48.079569],[38.10153,48.079587],[38.101558,48.079596]]]}},{"type":"Feature","properties":{"cadnum":"1425200000:01:000:1123"},"geometry":{"type":"Polygon","coordinates":[[[38.078718,48.059529],[38.078674,48.059525],[38.078215,48.059505],[38.076418,48.058685],[38.07644933424408,48.059668],[38.076449,48.059668],[38.07649,48.060942],[38.0765,48.061309],[38.076701,48.061305],[38.078699,48.061277],[38.078699,48.06127655945946],[38.080007,48.061258],[38.078957,48.059844],[38.07889573493949,48.059764128513706],[38.078718,48.059529]],[[38.0787,48.059783],[38.0787021724138,48.059783],[38.078727,48.059801],[38.078682,48.059829],[38.078641,48.059799],[38.078687,48.059772],[38.0787,48.059783]]]}},{"type":"Feature","properties":{"cadnum":"1425200000:01:000:0089"},"geometry":{"type":"Polygon","coordinates":[[[38.082985,48.057142],[38.083056,48.057073],[38.082953,48.057022],[38.082877,48.057094],[38.082985,48.057142]]]}},{"type":"Feature","properties":{"cadnum":"1425200000:01:000:0096"},"geometry":{"type":"Polygon","coordinates":[[[38.083353,48.056143],[38.083398,48.056088],[38.083318,48.056058],[38.083272,48.056109],[38.083353,48.056143]]]}},{"type":"Feature","properties":{"cadnum":"1425200000:01:000:0090"},"geometry":{"type":"Polygon","coordinates":[[[38.08135,48.05813],[38.081395,48.058099],[38.081354,48.05807],[38.08131,48.058099],[38.08135,48.05813]]]}},{"type":"Feature","properties":{"cadnum":"1425200000:01:000:0091"},"geometry":{"type":"Polygon","coordinates":[[[38.079936,48.058994],[38.07998,48.058967],[38.079936,48.058937],[38.07989,48.058964],[38.079936,48.058994]]]}},{"type":"Feature","properties":{"cadnum":"1425200000:02:000:2126"},"geometry":{"type":"Polygon","coordinates":[[[38.141439,48.1181],[38.139978,48.11846],[38.139778,48.118491],[38.13978190151515,48.118491],[38.139143,48.118592],[38.140273,48.122158],[38.14027337688442,48.122158],[38.140364,48.122442],[38.142697,48.12207],[38.141543458310615,48.11843205853213],[38.141439,48.1181]]]}},{"type":"Feature","properties":{"cadnum":"1425200000:02:000:2022"},"geometry":{"type":"Polygon","coordinates":[[[38.143613,48.11756],[38.141439,48.1181],[38.141526138107416,48.118377],[38.141526,48.118377],[38.141543458310615,48.11843205853213],[38.141562,48.118491],[38.141562147847274,48.118491],[38.142697,48.12207],[38.144617,48.121764],[38.144617,48.121763223602485],[38.144928,48.121713],[38.144617,48.12073235196687],[38.144617,48.120731],[38.14388484882335,48.118423792677596],[38.143613,48.11756]]]}},{"type":"Feature","properties":{"cadnum":"1425200000:02:000:2027"},"geometry":{"type":"Polygon","coordinates":[[[38.14387012244898,48.118377],[38.14387,48.118377],[38.14388484882335,48.118423792677596],[38.143906,48.118491],[38.14390617587085,48.118491],[38.144445,48.120188981258366],[38.144445,48.12019],[38.144928,48.121713],[38.145728,48.121587],[38.145064,48.11872],[38.14495,48.118377],[38.14494961342396,48.118377],[38.144601,48.117314],[38.143613,48.11756],[38.14387012244898,48.118377]]]}},{"type":"Feature","properties":{"cadnum":"1425200000:01:000:0238"},"geometry":{"type":"Polygon","coordinates":[[[38.034754,48.05956665055762],[38.034925,48.05958],[38.034966,48.059312],[38.0347,48.059291],[38.034656,48.059559],[38.034754,48.059567],[38.034754,48.05956665055762]]]}},{"type":"Feature","properties":{"cadnum":"1425200000:01:000:0229"},"geometry":{"type":"Polygon","coordinates":[[[38.033075,48.057709],[38.033119,48.057436],[38.032849,48.057415],[38.032805,48.057689],[38.033075,48.057709]]]}},{"type":"Feature","properties":{"cadnum":"1425200000:01:000:0241"},"geometry":{"type":"Polygon","coordinates":[[[38.033029,48.057983],[38.033075,48.057709],[38.032805,48.057689],[38.03276,48.057961],[38.033029,48.057983]]]}},{"type":"Feature","properties":{"cadnum":"1425200000:01:000:0208"},"geometry":{"type":"Polygon","coordinates":[[[38.034754,48.05660193456376],[38.03935,48.057001],[38.03947,48.056817],[38.039533,48.056715],[38.034582,48.056333],[38.034582,48.05633369011608],[38.031911,48.056127],[38.031925,48.056356],[38.034754,48.056602],[38.034754,48.05660193456376]]]}},{"type":"Feature","properties":{"cadnum":"1425200000:01:000:0209"},"geometry":{"type":"Polygon","coordinates":[[[38.034754,48.05681664516129],[38.034799,48.056821],[38.034799,48.056748],[38.035199,48.056731],[38.035199,48.05689],[38.039151,48.057316],[38.03935,48.057001],[38.034582,48.056587],[38.034582,48.05658704347826],[38.031925,48.056356],[38.031933,48.056499],[38.032666,48.056566],[38.032684,48.056617],[38.034754,48.056817],[38.034754,48.05681664516129]]]}},{"type":"Feature","properties":{"cadnum":"1425200000:01:000:0235"},"geometry":{"type":"Polygon","coordinates":[[[38.033874,48.057769],[38.03392,48.057496],[38.033654,48.057475],[38.033604,48.057749],[38.033874,48.057769]]]}},{"type":"Feature","properties":{"cadnum":"1425200000:01:000:0207"},"geometry":{"type":"Polygon","coordinates":[[[38.034754,48.056062],[38.03385924743487,48.05601660029268],[38.033462,48.055996],[38.03345325000005,48.055996],[38.031916,48.055918],[38.031897,48.055965],[38.03189954794521,48.055996],[38.031899,48.055996],[38.03190433333331,48.056054222221945],[38.031909,48.056111],[38.03190953435114,48.056111],[38.031911,48.056127],[38.034754,48.056347],[38.034754,48.05634627085438],[38.039533,48.056715],[38.03979,48.056319],[38.034754,48.05606275192012],[38.034754,48.056062]]]}},{"type":"Feature","properties":{"cadnum":"1425200000:01:000:0206"},"geometry":{"type":"Polygon","coordinates":[[[38.032015,48.055617],[38.031916,48.055918],[38.03385924743397,48.05601660029263],[38.034754,48.056063],[38.034754,48.05606275192012],[38.03979,48.056319],[38.039951,48.056065],[38.039951,48.056022],[38.039441,48.055996],[38.0394396666667,48.055996],[38.034754,48.05575774576271],[38.034754,48.055757],[38.032015,48.055617]]]}},{"type":"Feature","properties":{"cadnum":"1425200000:01:000:0233"},"geometry":{"type":"Polygon","coordinates":[[[38.034174,48.059216],[38.03422,48.058949],[38.03395,48.058928],[38.033906,48.059196],[38.034174,48.059216]]]}},{"type":"Feature","properties":{"cadnum":"1425200000:01:000:0245"},"geometry":{"type":"Polygon","coordinates":[[[38.03439,48.059541],[38.034436,48.059271],[38.033901,48.059231],[38.033857,48.059501],[38.034121,48.05952],[38.03439,48.059541]]]}},{"type":"Feature","properties":{"cadnum":"1425200000:04:000:0083"},"geometry":{"type":"Polygon","coordinates":[[[38.364172,48.128539],[38.364172,48.12853917196488],[38.361041,48.129052],[38.35885,48.12936460245555],[38.35885,48.129364],[38.35875839062503,48.129377],[38.358755,48.129377],[38.358754,48.129377],[38.357515,48.129553],[38.357429,48.130162],[38.357263,48.131034],[38.35885,48.131097],[38.35885,48.13109574614065],[38.359262,48.131112],[38.35927,48.130264],[38.35954,48.130269],[38.35954,48.130162],[38.364172,48.130162],[38.364293,48.130162],[38.364344,48.12957],[38.364344,48.129564462686524],[38.36436,48.129377],[38.36435991975928,48.129377],[38.364436,48.128495],[38.364172,48.128539]],[[38.358238,48.13018],[38.358238,48.130423],[38.358063,48.130416],[38.358063,48.130291],[38.357821,48.130294],[38.357821,48.13018],[38.358103,48.13018],[38.357515,48.129553],[38.358238,48.13018]],[[38.35835,48.130402],[38.35835,48.130351],[38.358427,48.130351],[38.358427,48.130402],[38.35835,48.130402]],[[38.358337,48.130429],[38.358331,48.130627],[38.357932,48.130627],[38.357932,48.130491],[38.358278,48.130491],[38.358278,48.130429],[38.358337,48.130429]],[[38.358148,48.13095],[38.358148,48.130887],[38.358291,48.130887],[38.358291,48.13095],[38.358148,48.13095]],[[38.357582,48.130738],[38.357578,48.130683],[38.357622,48.130683],[38.357622,48.130738],[38.357582,48.130738]]]}},{"type":"Feature","properties":{"cadnum":"1425200000:04:000:0033"},"geometry":{"type":"Polygon","coordinates":[[[38.361893,48.125941],[38.361893,48.125923],[38.361867,48.12592],[38.361867,48.125938],[38.361893,48.125941]]]}},{"type":"Feature","properties":{"cadnum":"1425200000:04:000:0032"},"geometry":{"type":"Polygon","coordinates":[[[38.360291,48.125805],[38.360295,48.125788],[38.360268,48.125785],[38.360268,48.125803],[38.360291,48.125805]]]}},{"type":"Feature","properties":{"cadnum":"1425200000:04:000:0073"},"geometry":{"type":"Polygon","coordinates":[[[38.361256,48.128387],[38.360637,48.127976],[38.360699,48.127485],[38.360155,48.127077],[38.360492,48.126939],[38.36105,48.127056],[38.362203,48.127302],[38.362109,48.126528],[38.363556,48.126465],[38.363501,48.126129],[38.361872,48.126234],[38.359415,48.126399],[38.35875157370576,48.12655223705166],[38.35858,48.126591],[38.358574,48.12684],[38.358238,48.126855],[38.358243,48.126942],[38.357272,48.126936],[38.357263,48.126999],[38.358247,48.127014],[38.358283,48.127596],[38.35822,48.127596],[38.358224,48.127652],[38.358283,48.127649],[38.358301,48.128099],[38.357088,48.128108],[38.357079,48.128171],[38.358337,48.128162],[38.358368,48.128534],[38.358679,48.128518514522824],[38.358679,48.128519],[38.361256,48.128387]]]}},{"type":"Feature","properties":{"cadnum":"1425200000:04:000:0022"},"geometry":{"type":"Polygon","coordinates":[[[38.36175,48.126109],[38.361755,48.12609],[38.361727,48.126087],[38.361723,48.126105],[38.36175,48.126109]]]}},{"type":"Feature","properties":{"cadnum":"1425200000:04:000:0023"},"geometry":{"type":"Polygon","coordinates":[[[38.36339,48.126249],[38.363394,48.126232],[38.363367,48.126229],[38.363363,48.126247],[38.36339,48.126249]]]}},{"type":"Feature","properties":{"cadnum":"1425200000:04:000:0034"},"geometry":{"type":"Polygon","coordinates":[[[38.363417,48.12607],[38.363421,48.126052],[38.363394,48.126049],[38.363394,48.126067],[38.363417,48.12607]]]}},{"type":"Feature","properties":{"cadnum":"1425200000:04:000:0021"},"geometry":{"type":"Polygon","coordinates":[[[38.360021,48.125956],[38.360025,48.125941],[38.359998,48.125938],[38.359994,48.125956],[38.360021,48.125956]]]}},{"type":"Feature","properties":{"cadnum":"1425200000:02:000:2015"},"geometry":{"type":"Polygon","coordinates":[[[38.102614,48.114348],[38.104077,48.114184],[38.10552,48.114172],[38.105761,48.114168],[38.105901,48.111185],[38.102767,48.111119],[38.102614,48.114348]]]}},{"type":"Feature","properties":{"cadnum":"1425200000:02:000:2103"},"geometry":{"type":"Polygon","coordinates":[[[38.104692,48.108122],[38.102128,48.108153],[38.10145,48.108138],[38.10131009635237,48.111042],[38.10131,48.111042],[38.10131,48.111044],[38.104553,48.11111],[38.104692,48.108122]]]}},{"type":"Feature","properties":{"cadnum":"1425200000:02:000:2046"},"geometry":{"type":"Polygon","coordinates":[[[38.10347429515421,48.114709],[38.103473,48.114709],[38.101275,48.115029],[38.10113,48.115126],[38.100522235283414,48.1164447529644],[38.100102,48.117356],[38.099891,48.117818],[38.1005,48.11797473367477],[38.1005,48.117976],[38.101405,48.118208],[38.101899,48.118337],[38.102053444444465,48.118377],[38.102052,48.118377],[38.102455,48.118481],[38.10413807317073,48.114824],[38.104139,48.114824],[38.104243,48.114597],[38.10347429515421,48.114709]],[[38.101813,48.117971],[38.101859,48.11804],[38.101755,48.11807],[38.10171,48.118001],[38.101813,48.117971]],[[38.100044,48.117506],[38.100071,48.117515],[38.100058,48.117533],[38.100027,48.117524],[38.100044,48.117506]]]}},{"type":"Feature","properties":{"cadnum":"1425200000:02:000:2069"},"geometry":{"type":"Polygon","coordinates":[[[38.11673,48.075674],[38.112526,48.074444],[38.111486,48.076043],[38.111486,48.07604345],[38.111178,48.076517],[38.111486,48.076554216666665],[38.111486,48.076555],[38.111946,48.07661],[38.114942,48.077309],[38.115616,48.077385],[38.11673,48.075674]]]}},{"type":"Feature","properties":{"cadnum":"1425200000:02:000:2139"},"geometry":{"type":"Polygon","coordinates":[[[38.118176,48.07722],[38.121055,48.076943],[38.11698,48.075747],[38.11698,48.075747634204276],[38.11673,48.075674],[38.115616,48.077385],[38.116133,48.077438],[38.117151,48.07733],[38.117151,48.07732969899666],[38.118176,48.07722]]]}},{"type":"Feature","properties":{"cadnum":"1425200000:02:000:2047"},"geometry":{"type":"Polygon","coordinates":[[[38.109135,48.07345],[38.10854527066929,48.074351],[38.108545,48.074351],[38.10847207229725,48.07446283390374],[38.10847,48.074466],[38.10847000766283,48.074466],[38.107694,48.075656],[38.107432,48.076057],[38.107985,48.076124],[38.111178,48.076517],[38.111658,48.075779],[38.111658,48.07577855],[38.112526,48.074444],[38.112211,48.074351],[38.11220784210526,48.074351],[38.111658,48.074190276923076],[38.111658,48.07419],[38.109135,48.07345]]]}},{"type":"Feature","properties":{"cadnum":"1425200000:01:000:0103"},"geometry":{"type":"Polygon","coordinates":[[[38.086632,48.044408],[38.086691,48.044397],[38.086672,48.044357],[38.086614,48.044366],[38.086632,48.044408]]]}},{"type":"Feature","properties":{"cadnum":"1425200000:01:000:0055"},"geometry":{"type":"Polygon","coordinates":[[[38.087436,48.042396],[38.087536,48.042373],[38.087499,48.042303],[38.0874,48.042331],[38.087436,48.042396]]]}},{"type":"Feature","properties":{"cadnum":"1425200000:01:000:1269"},"geometry":{"type":"Polygon","coordinates":[[[38.095007,48.041049],[38.095007,48.04104982365401],[38.089685,48.04113719276258],[38.089685,48.041137],[38.089201,48.041144],[38.08921397841726,48.041308],[38.089213,48.041308],[38.08926,48.041889],[38.089514,48.041884816470585],[38.089514,48.041885],[38.095179,48.041793],[38.095179,48.04179218217562],[38.098059,48.041745],[38.098126,48.041634],[38.098234,48.041308],[38.09823282242991,48.041308],[38.098337,48.040994],[38.095007,48.041049]]]}},{"type":"Feature","properties":{"cadnum":"1425200000:01:000:0177"},"geometry":{"type":"Polygon","coordinates":[[[38.083695,48.039409],[38.081997,48.039075],[38.081301,48.039105],[38.078527,48.040335],[38.078527,48.040335171428566],[38.077649,48.040724],[38.078699,48.040346],[38.078699,48.04034489530201],[38.080762,48.0396],[38.080798,48.039709],[38.078527,48.040548],[38.078527,48.040548196969695],[38.078435,48.040582],[38.078527,48.04068131818182],[38.078527,48.040683],[38.079073,48.04127],[38.078699,48.04141613881748],[38.078699,48.041416],[38.078684,48.041422],[38.07868632283466,48.041422],[38.078377,48.041544],[38.078527,48.04172360526315],[38.078527,48.041726],[38.078529,48.041726],[38.078188,48.041864],[38.078246,48.042033],[38.078527,48.04202183443709],[38.078527,48.042022],[38.082553,48.041859],[38.084021,48.04226205064064],[38.084021,48.042263],[38.085366,48.042631],[38.085163,48.041472],[38.08512946341463,48.041422],[38.08513,48.041422],[38.084021,48.039762],[38.084021,48.03976271007371],[38.083785,48.039409],[38.083695,48.039409]]]}},{"type":"Feature","properties":{"cadnum":"1425200000:01:000:0178"},"geometry":{"type":"Polygon","coordinates":[[[38.084192,48.043653015473886],[38.084192,48.043652],[38.08149,48.044582],[38.0814,48.044628],[38.081326132762314,48.04498],[38.081326,48.04498],[38.0813179506014,48.04501899050148],[38.081302,48.045095],[38.08130225881168,48.045095],[38.081121,48.045973],[38.084192,48.04617],[38.084192,48.046169882396725],[38.086708,48.04633],[38.08626248518519,48.045095],[38.086263,48.045095],[38.085572,48.043177],[38.084192,48.043653015473886]]]}},{"type":"Feature","properties":{"cadnum":"1425200000:01:000:0104"},"geometry":{"type":"Polygon","coordinates":[[[38.085913,48.042474],[38.085972,48.042463],[38.085959,48.042423],[38.085895,48.042436],[38.085913,48.042474]]]}},{"type":"Feature","properties":{"cadnum":"1425200000:01:000:1267"},"geometry":{"type":"Polygon","coordinates":[[[38.096711,48.043448],[38.097031,48.043153],[38.097501,48.042552],[38.095179,48.04259017241379],[38.095179,48.04259],[38.089514,48.042682],[38.089514,48.0426822265625],[38.089301,48.042685],[38.089197,48.043571],[38.089685,48.043564],[38.089685,48.043563192762576],[38.095007,48.04347582365401],[38.095007,48.043477],[38.096711,48.043448]]]}},{"type":"Feature","properties":{"cadnum":"1425200000:01:000:1263"},"geometry":{"type":"Polygon","coordinates":[[[38.095179,48.04347407276995],[38.095179,48.043473],[38.089514,48.043566],[38.089514,48.04356645286885],[38.089197,48.043571],[38.089067,48.044693],[38.08903201741294,48.04498],[38.089031,48.04498],[38.088991,48.045318],[38.089385,48.045267],[38.089685,48.045228],[38.089685,48.04522727854331],[38.09068051851851,48.045095],[38.090681,48.045095],[38.092593,48.044841],[38.092826,48.044066],[38.093203,48.043901],[38.095007,48.04397586234818],[38.095007,48.043976],[38.095165965703515,48.04398245910308],[38.095179,48.043983],[38.095179,48.04398298871332],[38.095893,48.044012],[38.096073,48.044027],[38.096711,48.043448],[38.095179,48.04347407276995]]]}},{"type":"Feature","properties":{"cadnum":"1425200000:01:000:1285"},"geometry":{"type":"Polygon","coordinates":[[[38.097501,48.042552],[38.097794,48.04218],[38.098059,48.041745],[38.095007,48.041795],[38.095007,48.041795793292145],[38.089685,48.041882222947926],[38.089685,48.041882],[38.08926,48.041889],[38.089314,48.042552],[38.089301,48.042685],[38.089685,48.04268],[38.089685,48.042679222947925],[38.095007,48.042592793292144],[38.095007,48.042593],[38.097501,48.042552]]]}},{"type":"Feature","properties":{"cadnum":"1425200000:01:000:0100"},"geometry":{"type":"Polygon","coordinates":[[[38.086201,48.04954],[38.086237,48.04945],[38.086102,48.049426],[38.086066,48.049516],[38.086201,48.04954]]]}},{"type":"Feature","properties":{"cadnum":"1425200000:01:000:0099"},"geometry":{"type":"Polygon","coordinates":[[[38.085639,48.050708],[38.085658,48.050669],[38.085599,48.050657],[38.085582,48.050696],[38.085639,48.050708]]]}},{"type":"Feature","properties":{"cadnum":"1425200000:01:000:0142"},"geometry":{"type":"Polygon","coordinates":[[[38.086507,48.04963],[38.086507,48.049603],[38.086465,48.049603],[38.086465,48.04963],[38.086507,48.04963]]]}},{"type":"Feature","properties":{"cadnum":"1425200000:01:000:0143"},"geometry":{"type":"Polygon","coordinates":[[[38.084355,48.049612],[38.084355,48.049585],[38.084314,48.049585],[38.084314,48.049612],[38.084355,48.049612]]]}},{"type":"Feature","properties":{"cadnum":"1425200000:01:000:0141"},"geometry":{"type":"Polygon","coordinates":[[[38.088672,48.049681],[38.088672,48.049651],[38.088631,48.049651],[38.088631,48.049681],[38.088672,48.049681]]]}},{"type":"Feature","properties":{"cadnum":"1425200000:04:000:0020"},"geometry":{"type":"Polygon","coordinates":[[[38.358121,48.125752],[38.358035,48.125752],[38.358035,48.125805],[38.358121,48.125805],[38.358121,48.125752]]]}},{"type":"Feature","properties":{"cadnum":"1425200000:02:000:2010"},"geometry":{"type":"Polygon","coordinates":[[[38.08457,48.101092],[38.084192,48.10134055737705],[38.084192,48.10134],[38.083582,48.10174],[38.083133,48.102598],[38.08370295884774,48.103706],[38.083701,48.103706],[38.083758,48.103813],[38.083768,48.10382],[38.08376912820513,48.10382],[38.084021,48.103978435483874],[38.084021,48.103979],[38.084364,48.104194],[38.0851,48.104188],[38.08513359336099,48.10382],[38.085134,48.10382],[38.085423,48.100672],[38.08457,48.101092]]]}},{"type":"Feature","properties":{"cadnum":"1425200000:01:000:0127"},"geometry":{"type":"Polygon","coordinates":[[[38.050183,48.036147],[38.050179,48.036081],[38.050151,48.036081],[38.050156,48.036147],[38.050183,48.036147]]]}},{"type":"Feature","properties":{"cadnum":"1425200000:01:000:1162"},"geometry":{"type":"Polygon","coordinates":[[[38.04964,48.031813],[38.048296,48.03178],[38.04817,48.034077],[38.04817076291322,48.034077],[38.048072,48.035898],[38.048059,48.036129],[38.048652,48.036144],[38.049397,48.036161],[38.049415,48.035838],[38.049512624733474,48.034077],[38.049513,48.034077],[38.04964,48.031813]]]}},{"type":"Feature","properties":{"cadnum":"1425200000:01:000:1234"},"geometry":{"type":"Polygon","coordinates":[[[38.05034,48.036288],[38.05035,48.036186],[38.049397,48.036161],[38.048652,48.036144],[38.048652,48.036147],[38.048661,48.036147],[38.048665,48.036213],[38.048646,48.036213],[38.048638,48.036357],[38.048562,48.03775],[38.04856273264782,48.03775],[38.048463,48.03958],[38.050156,48.039622],[38.050265,48.037635],[38.0502644500684,48.037635],[38.05034,48.036288]]]}},{"type":"Feature","properties":{"cadnum":"1425200000:01:000:1175"},"geometry":{"type":"Polygon","coordinates":[[[38.05035,48.036186],[38.05034,48.036288],[38.050258,48.03775],[38.05025869149472,48.03775],[38.050156,48.039622],[38.051062,48.03964471309192],[38.051062,48.039645],[38.051854,48.039664],[38.051957765401674,48.03775],[38.051959,48.03775],[38.052042,48.036228],[38.051868,48.036222],[38.051233,48.03620703101737],[38.051233,48.036207],[38.05035,48.036186]]]}},{"type":"Feature","properties":{"cadnum":"1425200000:01:000:0129"},"geometry":{"type":"Polygon","coordinates":[[[38.047075,48.036282],[38.047097,48.036279],[38.047093,48.036213],[38.047071,48.036213],[38.047075,48.036282]]]}},{"type":"Feature","properties":{"cadnum":"1425200000:01:000:1206"},"geometry":{"type":"Polygon","coordinates":[[[38.04964,48.031813],[38.04951945097173,48.033962],[38.049519,48.033962],[38.049415,48.035838],[38.049397,48.036161],[38.05035,48.036186],[38.051062,48.03620293318233],[38.051062,48.036203],[38.051868,48.036222],[38.052042,48.036228],[38.052047,48.036183],[38.052074,48.035673],[38.052167,48.033962],[38.052166284153,48.033962],[38.0522,48.033345],[38.052334,48.033162],[38.052397,48.031882],[38.051233,48.03185322696629],[38.051233,48.031853],[38.04964,48.031813]],[[38.050183,48.036147],[38.050156,48.036147],[38.050151,48.036081],[38.050179,48.036081],[38.050183,48.036147]],[[38.049698,48.035991],[38.049671,48.035991],[38.049667,48.03597],[38.049698,48.03597],[38.049698,48.035991]],[[38.051841,48.035865],[38.051849,48.035925],[38.051759,48.035927],[38.051755,48.035867],[38.051841,48.035865]],[[38.051732,48.035985],[38.051755,48.035985],[38.051805,48.03603],[38.051809,48.036092],[38.051697,48.036096],[38.051692,48.036036],[38.051732,48.035985]]]}},{"type":"Feature","properties":{"cadnum":"1425200000:01:000:1190"},"geometry":{"type":"Polygon","coordinates":[[[38.045256,48.03606],[38.045233,48.036495],[38.04516941434263,48.037635],[38.045169,48.037635],[38.045067,48.039495],[38.04574,48.039513],[38.04574,48.03951231077694],[38.046765,48.039538],[38.046868,48.037635],[38.046867427492444,48.037635],[38.046935,48.036426],[38.046954,48.036101],[38.04672,48.036096],[38.045568,48.036068],[38.045568,48.03606826170799],[38.045377,48.036063],[38.045256,48.03606]],[[38.045719,48.036138],[38.04574,48.036138],[38.045745,48.036138],[38.04575,48.036156],[38.04574,48.036156],[38.045719,48.036156],[38.045719,48.036138]],[[38.045568,48.03627991304348],[38.045568,48.03628],[38.045575,48.036279],[38.045583,48.036345],[38.045556,48.036348],[38.045552,48.036282],[38.045568,48.03627991304348]]]}},{"type":"Feature","properties":{"cadnum":"1425200000:01:000:0075"},"geometry":{"type":"Polygon","coordinates":[[[38.047699,48.036057],[38.047699,48.036036],[38.047667,48.036039],[38.047667,48.036057],[38.047699,48.036057]]]}},{"type":"Feature","properties":{"cadnum":"1425200000:01:000:0074"},"geometry":{"type":"Polygon","coordinates":[[[38.04575,48.036156],[38.045745,48.036138],[38.045719,48.036138],[38.045719,48.036156],[38.04575,48.036156]]]}},{"type":"Feature","properties":{"cadnum":"1425200000:01:000:0076"},"geometry":{"type":"Polygon","coordinates":[[[38.049698,48.035991],[38.049698,48.03597],[38.049667,48.03597],[38.049671,48.035991],[38.049698,48.035991]]]}},{"type":"Feature","properties":{"cadnum":"1425200000:01:000:1177"},"geometry":{"type":"Polygon","coordinates":[[[38.045488667154,48.034077],[38.045382,48.036014],[38.045377,48.036063],[38.04574,48.036073],[38.04574,48.03607218055556],[38.04672,48.036096],[38.046724,48.035958],[38.046827662324645,48.034077],[38.046828,48.034077],[38.046958,48.031747],[38.045619,48.031713],[38.045488,48.034077],[38.045488667154,48.034077]]]}},{"type":"Feature","properties":{"cadnum":"1425200000:01:000:1248"},"geometry":{"type":"Polygon","coordinates":[[[38.048296,48.03178],[38.046958,48.031747],[38.04683441630901,48.033962],[38.046834,48.033962],[38.046724,48.035958],[38.04672,48.036096],[38.046954,48.036101],[38.048059,48.036129],[38.048072,48.035898],[38.048177,48.033962],[38.04817630822812,48.033962],[38.048296,48.03178]],[[38.047699,48.036036],[38.047699,48.036057],[38.047667,48.036057],[38.047667,48.036039],[38.047699,48.036036]]]}},{"type":"Feature","properties":{"cadnum":"1425200000:01:000:0128"},"geometry":{"type":"Polygon","coordinates":[[[38.048665,48.036213],[38.048661,48.036147],[38.048633,48.036147],[38.048642,48.036213],[38.048665,48.036213]]]}},{"type":"Feature","properties":{"cadnum":"1425200000:01:000:1163"},"geometry":{"type":"Polygon","coordinates":[[[38.048638,48.036357],[38.048646,48.036213],[38.048642,48.036213],[38.048633,48.036147],[38.048652,48.036147],[38.048652,48.036144],[38.048059,48.036129],[38.046954,48.036101],[38.046935,48.036426],[38.046861,48.03775],[38.04686177561745,48.03775],[38.046765,48.039538],[38.048463,48.03958],[38.048569,48.037635],[38.04856827422828,48.037635],[38.048638,48.036357]],[[38.047071,48.036213],[38.047093,48.036213],[38.047097,48.036279],[38.047075,48.036282],[38.047071,48.036213]]]}},{"type":"Feature","properties":{"cadnum":"1425200000:02:000:2095"},"geometry":{"type":"Polygon","coordinates":[[[38.136879,48.081153],[38.135693,48.080835],[38.135115,48.081806],[38.13511630403801,48.081806],[38.134684,48.082534],[38.135416,48.082645],[38.136351,48.081692],[38.1363499050536,48.081692],[38.136879,48.081153]]]}},{"type":"Feature","properties":{"cadnum":"1425200000:02:000:2098"},"geometry":{"type":"Polygon","coordinates":[[[38.130214,48.081624],[38.13043668131868,48.081692],[38.130434,48.081692],[38.13171,48.08208],[38.133459,48.082346765747005],[38.133459,48.082347],[38.134684,48.082534],[38.135184,48.081692],[38.13518285993821,48.081692],[38.135693,48.080835],[38.133459,48.080238],[38.133459,48.080238011509515],[38.131372,48.07968],[38.130214,48.081624]]]}},{"type":"Feature","properties":{"cadnum":"1425200000:01:000:0212"},"geometry":{"type":"Polygon","coordinates":[[[38.04034705072464,48.055996],[38.040346,48.055996],[38.040329,48.056043],[38.040075,48.056057],[38.040075,48.056057878378375],[38.039951,48.056065],[38.039921,48.056111],[38.03992184251968,48.056111],[38.03979,48.056319],[38.040075,48.05634893435449],[38.040075,48.056349],[38.04010879057977,48.05635248347446],[38.040247,48.056367],[38.040247,48.05636673149831],[38.043926,48.056746],[38.044838,48.056167],[38.04388829239766,48.056111],[38.043891,48.056111],[38.043275362638695,48.05607485827973],[38.041938,48.055996],[38.04193209223298,48.055996],[38.040382,48.055905],[38.04034705072464,48.055996]]]}},{"type":"Feature","properties":{"cadnum":"1425200000:01:000:0205"},"geometry":{"type":"Polygon","coordinates":[[[38.032113,48.05532],[38.032015,48.055617],[38.034582,48.05574820847024],[38.034582,48.055749],[38.039951,48.056022],[38.039965,48.055716],[38.034582,48.055444],[38.034582,48.0554443381295],[38.032113,48.05532]]]}},{"type":"Feature","properties":{"cadnum":"1425200000:01:000:0194"},"geometry":{"type":"Polygon","coordinates":[[[38.034754,48.052110803000886],[38.034754,48.05211],[38.033236,48.052041],[38.03313655218855,48.052325],[38.033136,48.052325],[38.033132,48.052338],[38.034754,48.052412],[38.034754,48.052411],[38.034754,48.05241077263901],[38.040075,48.05265122736099],[38.040075,48.052652],[38.041124,48.052698],[38.041221785714285,48.052439],[38.041222,48.052439],[38.041235,48.052404],[38.040075,48.052352],[38.040075,48.052352181818186],[38.039477,48.052325],[38.03947550194558,48.052325],[38.034754,48.052110803000886]]]}},{"type":"Feature","properties":{"cadnum":"1425200000:01:000:0202"},"geometry":{"type":"Polygon","coordinates":[[[38.034754,48.054537],[38.032415,48.054425],[38.032312,48.054723],[38.034582,48.05483268877969],[38.034582,48.054833],[38.040075,48.05509891693462],[38.040075,48.055099],[38.04018,48.055104],[38.040247,48.054938],[38.040247,48.054937598360645],[38.040302,48.054801],[38.040075,48.05479],[38.040075,48.0547908022948],[38.034754,48.05453719770521],[38.034754,48.054537]]]}},{"type":"Feature","properties":{"cadnum":"1425200000:01:000:0195"},"geometry":{"type":"Polygon","coordinates":[[[38.033132,48.052338],[38.033096,48.052439],[38.03309709060403,48.052439],[38.033029,48.052636],[38.034754,48.052714],[38.034754,48.05271377263901],[38.040075,48.05295422736099],[38.040075,48.052955],[38.041007,48.052996],[38.041124,48.052698],[38.040247,48.05265954242135],[38.040247,48.052659],[38.034582,48.052403],[38.034582,48.05240325893958],[38.033132,48.052338]]]}},{"type":"Feature","properties":{"cadnum":"1425200000:01:000:0199"},"geometry":{"type":"Polygon","coordinates":[[[38.034754,48.05392695481024],[38.040247,48.054181],[38.040247,48.054180852173914],[38.040535,48.054194],[38.040656,48.053893],[38.040075,48.053867],[38.040075,48.053867105913504],[38.034582,48.053615],[38.034582,48.05361603154263],[38.032725,48.05353],[38.032621,48.053828],[38.034754,48.053927],[38.034754,48.05392695481024]]]}},{"type":"Feature","properties":{"cadnum":"1425200000:01:000:0197"},"geometry":{"type":"Polygon","coordinates":[[[38.034754,48.05331983336275],[38.040247,48.05357],[38.040247,48.05356963896848],[38.040773,48.053593],[38.040889,48.053293],[38.040247,48.05326460687961],[38.040247,48.053264],[38.034582,48.05301],[38.034582,48.05301026330225],[38.032931,48.052936],[38.032828,48.053233],[38.034754,48.053321],[38.034754,48.05331983336275]]]}},{"type":"Feature","properties":{"cadnum":"1425200000:01:000:0204"},"geometry":{"type":"Polygon","coordinates":[[[38.034754,48.05545269106447],[38.039965,48.055716],[38.039969,48.05565],[38.040059,48.055407],[38.034582,48.055137],[38.034582,48.05513742026709],[38.032208,48.055019],[38.032113,48.05532],[38.034754,48.055453],[38.034754,48.05545269106447]]]}},{"type":"Feature","properties":{"cadnum":"1425200000:01:000:0203"},"geometry":{"type":"Polygon","coordinates":[[[38.034754,48.0551454790944],[38.040059,48.055407],[38.04018,48.055104],[38.034754,48.054841326545194],[38.034754,48.054841],[38.032312,48.054723],[38.032208,48.055019],[38.034754,48.055146],[38.034754,48.0551454790944]]]}},{"type":"Feature","properties":{"cadnum":"1425200000:01:000:0200"},"geometry":{"type":"Polygon","coordinates":[[[38.032621,48.053828],[38.032518,48.054125],[38.034582,48.05422192307692],[38.034582,48.054222],[38.040075,48.0544808933804],[38.040075,48.054481],[38.040419,48.054497],[38.040535,48.054194],[38.040075,48.054173],[38.040075,48.05417304518976],[38.034582,48.053919],[38.034582,48.053919016877636],[38.032621,48.053828]]]}},{"type":"Feature","properties":{"cadnum":"1425200000:01:000:0196"},"geometry":{"type":"Polygon","coordinates":[[[38.034754,48.05301771191527],[38.040075,48.05325628808473],[38.040075,48.053257],[38.040889,48.053293],[38.041007,48.052996],[38.040247,48.052962566523604],[38.040247,48.052962],[38.034582,48.052706],[38.034582,48.0527062226087],[38.033029,48.052636],[38.032931,48.052936],[38.034754,48.053018],[38.034754,48.05301771191527]]]}},{"type":"Feature","properties":{"cadnum":"1425200000:01:000:0201"},"geometry":{"type":"Polygon","coordinates":[[[38.034754,48.05423],[38.032518,48.054125],[38.032415,48.054425],[38.034582,48.05452876400172],[38.034582,48.054529],[38.040247,48.054799],[38.040247,48.05479833480176],[38.040302,48.054801],[38.040419,48.054497],[38.040247,48.054489000000004],[38.040247,48.054489],[38.034754,48.0542301066196],[38.034754,48.05423]]]}},{"type":"Feature","properties":{"cadnum":"1425200000:01:000:0198"},"geometry":{"type":"Polygon","coordinates":[[[38.034754,48.053622894086494],[38.040247,48.053875],[38.040247,48.05387469707401],[38.040656,48.053893],[38.040773,48.053593],[38.040075,48.053562],[38.040075,48.05356216663725],[38.034582,48.053312],[38.034582,48.05331314122533],[38.032828,48.053233],[38.032725,48.05353],[38.034754,48.053624],[38.034754,48.053622894086494]]]}},{"type":"Feature","properties":{"cadnum":"1425200000:02:000:2017"},"geometry":{"type":"Polygon","coordinates":[[[38.135819,48.097442],[38.135573,48.097571],[38.135437,48.097787],[38.135443,48.098038],[38.135577,48.098296],[38.135689,48.098576],[38.135919,48.098725],[38.136336,48.098878],[38.136691,48.099061],[38.136875,48.099227],[38.136988,48.099379],[38.137301,48.09955],[38.137504,48.099641],[38.137617,48.099776],[38.137714,48.100003],[38.137776881720434,48.100037],[38.137776,48.100037],[38.137886,48.100096],[38.138154,48.100152],[38.13815666666667,48.100152],[38.138263,48.100174],[38.138604,48.100199],[38.138952,48.10016754615385],[38.138952,48.100168],[38.139471,48.100121],[38.139655,48.100145],[38.139666,48.100152],[38.13966606666667,48.100152],[38.139821,48.10025],[38.139907,48.100354],[38.139961,48.100483],[38.140073,48.100541],[38.140106502196225,48.10004437920894],[38.140267,48.097742],[38.140087,48.097529],[38.139301,48.097742],[38.13896087556587,48.09771081380546],[38.136879,48.097517],[38.135819,48.097442]]]}},{"type":"Feature","properties":{"cadnum":"1425200000:02:000:2034"},"geometry":{"type":"Polygon","coordinates":[[[38.155603,48.101404883011185],[38.155603,48.101404],[38.154953,48.101419],[38.154796,48.102526],[38.154172,48.10255],[38.154364,48.10382],[38.15436479190751,48.10382],[38.154374,48.103879],[38.155603,48.1039],[38.155603,48.10389988404779],[38.158278,48.103945],[38.158287,48.103706],[38.158286547139404,48.103706],[38.158381,48.101338],[38.155603,48.101404883011185]]]}},{"type":"Feature","properties":{"cadnum":"1425200000:02:000:2123"},"geometry":{"type":"Polygon","coordinates":[[[38.160757,48.101279],[38.158381,48.101338],[38.158282,48.10382],[38.158282707112974,48.10382],[38.158278,48.103945],[38.160509,48.103983],[38.16052312274368,48.10382],[38.160524,48.10382],[38.160757,48.101279]]]}},{"type":"Feature","properties":{"cadnum":"1425200000:02:000:2140"},"geometry":{"type":"Polygon","coordinates":[[[38.16254,48.101288],[38.161174,48.101269],[38.160991,48.103684],[38.161097,48.103687],[38.161097,48.1036865679677],[38.162477,48.10372],[38.16254,48.101288]]]}},{"type":"Feature","properties":{"cadnum":"1425200000:04:000:0037"},"geometry":{"type":"Polygon","coordinates":[[[38.368551,48.126801],[38.3686,48.126759],[38.368537,48.126723],[38.368488,48.126768],[38.368551,48.126801]]]}},{"type":"Feature","properties":{"cadnum":"1425200000:04:000:0025"},"geometry":{"type":"Polygon","coordinates":[[[38.36661,48.126696],[38.366619,48.126678],[38.366593,48.126676],[38.366587,48.12669],[38.36661,48.126696]]]}},{"type":"Feature","properties":{"cadnum":"1425200000:04:000:0027"},"geometry":{"type":"Polygon","coordinates":[[[38.368987,48.128156],[38.369031,48.128141],[38.369008,48.128108],[38.36896,48.128123],[38.368987,48.128156]]]}},{"type":"Feature","properties":{"cadnum":"1425200000:04:000:0035"},"geometry":{"type":"Polygon","coordinates":[[[38.365128,48.126303],[38.365132,48.126289],[38.365105,48.126283],[38.365101,48.1263],[38.365128,48.126303]]]}},{"type":"Feature","properties":{"cadnum":"1425200000:04:000:0026"},"geometry":{"type":"Polygon","coordinates":[[[38.368146,48.126936],[38.368195,48.126891],[38.368132,48.126858],[38.368079,48.1269],[38.368146,48.126936]]]}},{"type":"Feature","properties":{"cadnum":"1425200000:04:000:0036"},"geometry":{"type":"Polygon","coordinates":[[[38.366709,48.126522],[38.366713,48.126505],[38.366687,48.126501],[38.366683,48.126519],[38.366709,48.126522]]]}},{"type":"Feature","properties":{"cadnum":"1425200000:04:000:0038"},"geometry":{"type":"Polygon","coordinates":[[[38.36939,48.128033],[38.369436,48.128018],[38.369413,48.127985],[38.369367,48.128],[38.36939,48.128033]]]}},{"type":"Feature","properties":{"cadnum":"1425200000:04:000:0024"},"geometry":{"type":"Polygon","coordinates":[[[38.365033,48.126478],[38.365038,48.126459],[38.365012,48.126456],[38.365006,48.126474],[38.365033,48.126478]]]}},{"type":"Feature","properties":{"cadnum":"1425200000:03:000:0118"},"geometry":{"type":"Polygon","coordinates":[[[38.138586,48.160584],[38.138596,48.160566],[38.138569,48.16056],[38.138559,48.160578],[38.138586,48.160584]]]}},{"type":"Feature","properties":{"cadnum":"1425200000:03:000:0120"},"geometry":{"type":"Polygon","coordinates":[[[38.138209,48.16145],[38.138217,48.161432],[38.138191,48.161429],[38.138182,48.161444],[38.138209,48.16145]]]}},{"type":"Feature","properties":{"cadnum":"1425200000:03:000:0121"},"geometry":{"type":"Polygon","coordinates":[[[38.13802,48.161885],[38.13803,48.161866],[38.138003,48.161861],[38.137993,48.161878],[38.13802,48.161885]]]}},{"type":"Feature","properties":{"cadnum":"1425200000:03:000:0122"},"geometry":{"type":"Polygon","coordinates":[[[38.137796,48.1624],[38.1378,48.162385],[38.137777,48.162379],[38.137769,48.162394],[38.137796,48.1624]]]}},{"type":"Feature","properties":{"cadnum":"1425200000:03:000:0119"},"geometry":{"type":"Polygon","coordinates":[[[38.13802,48.161885],[38.13803,48.161866],[38.138003,48.161861],[38.137993,48.161878],[38.13802,48.161885]]]}},{"type":"Feature","properties":{"cadnum":"1425200000:01:000:1070"},"geometry":{"type":"Polygon","coordinates":[[[38.088582,48.027587],[38.08865010049716,48.030288],[38.08865,48.030288],[38.088652357771956,48.030377527969286],[38.088653,48.030403],[38.08865302859293,48.030403],[38.088685,48.031617],[38.089514,48.031602907],[38.089514,48.031604],[38.089727,48.0316],[38.089685,48.03049792000002],[38.089685,48.030474],[38.08968194623656,48.030403],[38.089683,48.030403],[38.089578,48.027568],[38.088582,48.027587]]]}},{"type":"Feature","properties":{"cadnum":"1425200000:01:000:1036"},"geometry":{"type":"Polygon","coordinates":[[[38.093891,48.03153],[38.092107,48.031561],[38.092199,48.034077],[38.092199235127474,48.034077],[38.092234,48.035021],[38.094016,48.03499],[38.093978,48.033962],[38.0939778912446,48.033962],[38.093891,48.03153]]]}},{"type":"Feature","properties":{"cadnum":"1425200000:01:000:1038"},"geometry":{"type":"Polygon","coordinates":[[[38.092107,48.031561],[38.091924,48.031564],[38.091182,48.031575],[38.090369,48.031588],[38.090459,48.034077],[38.09045923572744,48.034077],[38.090495,48.035048],[38.092234,48.035021],[38.092195,48.033962],[38.09219479491256,48.033962],[38.092107,48.031561]]]}},{"type":"Feature","properties":{"cadnum":"1425200000:01:000:1090"},"geometry":{"type":"Polygon","coordinates":[[[38.091775,48.027536],[38.091039,48.027548],[38.091139,48.030403],[38.0911391996892,48.030403],[38.091182,48.031575],[38.091924,48.031564],[38.0918794161442,48.030403],[38.091881,48.030403],[38.091775,48.027536]]]}},{"type":"Feature","properties":{"cadnum":"1425200000:01:000:1092"},"geometry":{"type":"Polygon","coordinates":[[[38.094039,48.027439],[38.094029,48.027439],[38.093563,48.027505],[38.091775,48.027536],[38.091876748168815,48.030288],[38.091875,48.030288],[38.091924,48.031564],[38.092107,48.031561],[38.093891,48.03153],[38.094188,48.031528],[38.094142,48.030288],[38.09414184851552,48.030288],[38.094039,48.027439]]]}},{"type":"Feature","properties":{"cadnum":"1425200000:01:000:1068"},"geometry":{"type":"Polygon","coordinates":[[[38.091039,48.027548],[38.089578,48.027568],[38.089678740740744,48.030288],[38.089677,48.030288],[38.089727,48.0316],[38.090369,48.031588],[38.091182,48.031575],[38.091135,48.030288],[38.09113497197898,48.030288],[38.091039,48.027548]]]}},{"type":"Feature","properties":{"cadnum":"1425200000:03:000:0110"},"geometry":{"type":"Polygon","coordinates":[[[38.146276,48.166207],[38.146303,48.166204],[38.146293,48.166186],[38.146267,48.166193],[38.146276,48.166207]]]}},{"type":"Feature","properties":{"cadnum":"1425200000:03:000:0109"},"geometry":{"type":"Polygon","coordinates":[[[38.146842,48.166111],[38.146869,48.166105],[38.146859,48.166091],[38.146833,48.166096],[38.146842,48.166111]]]}},{"type":"Feature","properties":{"cadnum":"1425200000:03:000:0005"},"geometry":{"type":"Polygon","coordinates":[[[38.167714,48.162567],[38.16775,48.162501],[38.167652,48.162474],[38.167616,48.16254],[38.167714,48.162567]]]}},{"type":"Feature","properties":{"cadnum":"1425200000:01:000:1150"},"geometry":{"type":"Polygon","coordinates":[[[38.095063,48.04473],[38.095179,48.044657],[38.095179,48.04465672851296],[38.095796,48.044267],[38.095179,48.04424275792142],[38.095179,48.044242],[38.094981,48.044234],[38.09478,48.04491],[38.095007,48.04476561837456],[38.095007,48.044767],[38.095063,48.04473]]]}},{"type":"Feature","properties":{"cadnum":"1425200000:01:000:0108"},"geometry":{"type":"Polygon","coordinates":[[[38.082366,48.034507],[38.082423,48.034495],[38.082406,48.034456],[38.082347,48.034468],[38.082366,48.034507]]]}},{"type":"Feature","properties":{"cadnum":"1425200000:01:000:1153"},"geometry":{"type":"Polygon","coordinates":[[[38.08432,48.037018],[38.08488,48.037006],[38.0851,48.037],[38.085047,48.035985],[38.08436,48.036],[38.084021,48.036008],[38.084021,48.03600807185629],[38.083691,48.036014],[38.083318,48.036023],[38.082769,48.036036],[38.079217,48.036117],[38.079266,48.037132],[38.083188,48.037045],[38.083739,48.037033],[38.084021,48.037025529801326],[38.084021,48.037026],[38.08432,48.037018]],[[38.084436,48.036829],[38.08454,48.036804],[38.084574,48.036874],[38.084471,48.036898],[38.084436,48.036829]],[[38.083196,48.036417],[38.083259,48.036405],[38.083272,48.036448],[38.083215,48.036457],[38.083196,48.036417]]]}},{"type":"Feature","properties":{"cadnum":"1425200000:01:000:1141"},"geometry":{"type":"Polygon","coordinates":[[[38.08436,48.036],[38.085047,48.035985],[38.084997,48.034972],[38.084192,48.034989320696724],[38.084192,48.034989],[38.083842,48.034997],[38.083052,48.035015],[38.082913,48.035017],[38.08236,48.035032],[38.079163,48.035105],[38.079217,48.036117],[38.082769,48.036036],[38.083318,48.036023],[38.083691,48.036014],[38.084192,48.036005],[38.084192,48.03600396460177],[38.08436,48.036]]]}},{"type":"Feature","properties":{"cadnum":"1425200000:01:000:0052"},"geometry":{"type":"Polygon","coordinates":[[[38.08307,48.034173],[38.083169,48.03415],[38.083133,48.034084],[38.083035,48.034104],[38.08307,48.034173]]]}},{"type":"Feature","properties":{"cadnum":"1425200000:01:000:0107"},"geometry":{"type":"Polygon","coordinates":[[[38.083215,48.036457],[38.083272,48.036448],[38.083259,48.036405],[38.083196,48.036417],[38.083215,48.036457]]]}},{"type":"Feature","properties":{"cadnum":"1425200000:01:000:1151"},"geometry":{"type":"Polygon","coordinates":[[[38.0851,48.037],[38.08488,48.037006],[38.08432,48.037018],[38.084192,48.03702142474916],[38.084192,48.037021],[38.083739,48.037033],[38.083188,48.037045],[38.079266,48.037132],[38.0792928592233,48.037635],[38.079292,48.037635],[38.07932,48.038147],[38.083618,48.038051],[38.084171,48.038036],[38.084192,48.038036],[38.084192,48.03803553539823],[38.084849,48.038021],[38.08515,48.038015],[38.085131,48.037635],[38.08513079094077,48.037635],[38.085123,48.037463],[38.0851,48.037]]]}},{"type":"Feature","properties":{"cadnum":"1425200000:01:000:1112"},"geometry":{"type":"Polygon","coordinates":[[[38.084997,48.034972],[38.084957,48.034177],[38.084741,48.03418],[38.084192,48.0341929625],[38.084192,48.034192],[38.083443,48.034209],[38.083435,48.034209],[38.082203,48.034237],[38.082037,48.034242],[38.080978,48.034267],[38.079177,48.034306],[38.079123,48.034309],[38.079163,48.035105],[38.08236,48.035032],[38.082913,48.035017],[38.083052,48.035015],[38.083842,48.034997],[38.084021,48.03499290857143],[38.084021,48.034993],[38.084997,48.034972]],[[38.082347,48.034468],[38.082406,48.034456],[38.082423,48.034495],[38.082366,48.034507],[38.082347,48.034468]]]}},{"type":"Feature","properties":{"cadnum":"1425200000:01:000:0215"},"geometry":{"type":"Polygon","coordinates":[[[38.040881,48.05465],[38.04071,48.055079],[38.045568,48.055259605566604],[38.045568,48.05526],[38.046977,48.055311],[38.047543,48.055032],[38.045568,48.054919],[38.045568,48.054919123893804],[38.040881,48.05465]]]}},{"type":"Feature","properties":{"cadnum":"1425200000:01:000:0218"},"geometry":{"type":"Polygon","coordinates":[[[38.04574,48.053749],[38.041312,48.053566],[38.041146,48.053989],[38.045568,48.05413145885938],[38.045568,48.054132],[38.047304,48.054187],[38.047197,48.053809],[38.04574,48.05374996869244],[38.04574,48.053749]]]}},{"type":"Feature","properties":{"cadnum":"1425200000:01:000:0220"},"geometry":{"type":"Polygon","coordinates":[[[38.04574,48.05332017964072],[38.047071,48.053368],[38.046948,48.052945],[38.045568,48.052883],[38.045568,48.05288325452766],[38.041654,48.052707],[38.041469,48.053167],[38.04574,48.053321],[38.04574,48.05332017964072]]]}},{"type":"Feature","properties":{"cadnum":"1425200000:01:000:0217"},"geometry":{"type":"Polygon","coordinates":[[[38.04574,48.054137],[38.041146,48.053989],[38.040985,48.054392],[38.045568,48.05450573165089],[38.045568,48.054507],[38.047407,48.054551],[38.047304,48.054187],[38.04574,48.05413744930876],[38.04574,48.054137]]]}},{"type":"Feature","properties":{"cadnum":"1425200000:01:000:0213"},"geometry":{"type":"Polygon","coordinates":[[[38.045233,48.055914],[38.045568,48.05586378303747],[38.045568,48.055864],[38.045618275329964,48.0558562466961],[38.04574,48.055838],[38.04574,48.05583747469879],[38.045983,48.0558],[38.04574,48.05578067710844],[38.04574,48.05578],[38.040598,48.055359],[38.040382,48.055905],[38.043275362638695,48.05607485827973],[38.044838,48.056167],[38.04504045341598,48.056036360248555],[38.045233,48.055914]]]}},{"type":"Feature","properties":{"cadnum":"1425200000:01:000:0216"},"geometry":{"type":"Polygon","coordinates":[[[38.04574,48.054928841012654],[38.047543,48.055032],[38.047407,48.054551],[38.04574,48.05451111528004],[38.04574,48.05451],[38.040985,48.054392],[38.040881,48.05465],[38.04574,48.054929],[38.04574,48.054928841012654]]]}},{"type":"Feature","properties":{"cadnum":"1425200000:01:000:0221"},"geometry":{"type":"Polygon","coordinates":[[[38.04574,48.052413],[38.041833,48.05226],[38.041761,48.052439],[38.04176134031414,48.052439],[38.041654,48.052707],[38.04574,48.052891],[38.04574,48.05289072753623],[38.046948,48.052945],[38.04681,48.052455],[38.04574,48.052413647342995],[38.04574,48.052413]]]}},{"type":"Feature","properties":{"cadnum":"1425200000:01:000:0222"},"geometry":{"type":"Polygon","coordinates":[[[38.04668,48.052002],[38.045568,48.051933],[38.045568,48.05193328203739],[38.042049,48.051714],[38.041833,48.05226],[38.04349283660142,48.052325],[38.043476,48.052325],[38.04574,48.052414],[38.04574,48.052413647342995],[38.04681,48.052455],[38.046773,48.052325],[38.04677239130435,48.052325],[38.04668,48.052002]]]}},{"type":"Feature","properties":{"cadnum":"1425200000:01:000:0214"},"geometry":{"type":"Polygon","coordinates":[[[38.04574,48.055266],[38.04071,48.055079],[38.040598,48.055359],[38.045568,48.05576591754181],[38.045568,48.055767],[38.045983,48.0558],[38.046977,48.055311],[38.04574,48.05526622569198],[38.04574,48.055266]]]}},{"type":"Feature","properties":{"cadnum":"1425200000:01:000:0219"},"geometry":{"type":"Polygon","coordinates":[[[38.041469,48.053167],[38.041312,48.053566],[38.045568,48.05374189159892],[38.045568,48.053743],[38.047197,48.053809],[38.047071,48.053368],[38.045568,48.053314],[38.045568,48.05331479817373],[38.041469,48.053167]]]}},{"type":"Feature","properties":{"cadnum":"1425200000:02:000:0233"},"geometry":{"type":"Polygon","coordinates":[[[38.127334,48.111979],[38.12742,48.111937],[38.127362,48.111877],[38.127277,48.111919],[38.127334,48.111979]]]}},{"type":"Feature","properties":{"cadnum":"1425200000:01:000:1194"},"geometry":{"type":"Polygon","coordinates":[[[38.05153258823529,48.015592],[38.051528,48.015592],[38.051302,48.015612],[38.051233,48.015617174999996],[38.051233,48.015617],[38.049986,48.015707],[38.04998929921259,48.015707],[38.049478,48.015744],[38.050097,48.018737],[38.050807,48.018677],[38.050996,48.018592],[38.051062,48.01850949999999],[38.051062,48.018511],[38.051176,48.018367],[38.051795,48.017258],[38.051755,48.017073],[38.052151,48.016098],[38.052367363636364,48.015707],[38.052368,48.015707],[38.052478,48.01551],[38.05153258823529,48.015592]]]}},{"type":"Feature","properties":{"cadnum":"1425200000:02:000:2141"},"geometry":{"type":"Polygon","coordinates":[[[38.143559,48.099872],[38.143532,48.099772],[38.143603,48.09943],[38.14385,48.09898],[38.143913,48.098069],[38.140684,48.098176],[38.141282,48.098905],[38.142062,48.099578],[38.142895,48.100152],[38.14289536666667,48.100152],[38.143163,48.100337],[38.143316,48.100468],[38.14358,48.100766],[38.143743,48.100523],[38.143779,48.100312],[38.14371,48.100121],[38.14366,48.100037],[38.143659060240964,48.100037],[38.143559,48.099872]]]}},{"type":"Feature","properties":{"cadnum":"1425200000:02:000:2016"},"geometry":{"type":"Polygon","coordinates":[[[38.142022,48.099592],[38.141259,48.09892],[38.140267,48.097742],[38.14010701659751,48.100037],[38.140107,48.100037],[38.140106502196225,48.10004437920894],[38.140099,48.100152],[38.14009924206349,48.100152],[38.140073,48.100541],[38.140154,48.100583],[38.140544,48.100723],[38.141492,48.100886],[38.142404,48.100933],[38.142835,48.100921],[38.143263,48.100483],[38.142642,48.100037],[38.14264102678571,48.100037],[38.142022,48.099592]]]}},{"type":"Feature","properties":{"cadnum":"1425200000:04:000:0014"},"geometry":{"type":"Polygon","coordinates":[[[38.376447,48.101357],[38.376434,48.101284],[38.37533,48.10174601880878],[38.37533,48.101746],[38.373729,48.102415],[38.372363,48.102664],[38.3724,48.102757],[38.373751,48.102487],[38.37533,48.101826],[38.37533,48.101825810705975],[38.376447,48.101357]]]}},{"type":"Feature","properties":{"cadnum":"1425200000:04:000:0015"},"geometry":{"type":"Polygon","coordinates":[[[38.376707,48.103042],[38.379141,48.102811],[38.378841,48.101212],[38.37778,48.101306],[38.377732,48.100957],[38.376434,48.101284],[38.376447,48.101357],[38.376707,48.103042]]]}},{"type":"Feature","properties":{"cadnum":"1425200000:02:000:2144"},"geometry":{"type":"Polygon","coordinates":[[[38.221521,48.10737866666667],[38.221761,48.106827],[38.22143630292684,48.106814359724645],[38.220823,48.106788],[38.219412,48.106734],[38.218568,48.106713],[38.217723,48.106599],[38.217314,48.107489],[38.21731417582418,48.107489],[38.216322,48.109649],[38.216794,48.109763],[38.218397,48.109925],[38.220328,48.110129],[38.22135,48.10777403101425],[38.22135,48.107776],[38.22145136617574,48.10754045547602],[38.221521,48.10738],[38.221521,48.10737866666667]]]}},{"type":"Feature","properties":{"cadnum":"1425200000:02:000:0453"},"geometry":{"type":"Polygon","coordinates":[[[38.30150186407767,48.133043],[38.301501,48.133043],[38.301245,48.133162],[38.301383,48.133298],[38.302232,48.134116],[38.303109,48.133912],[38.303113,48.133462],[38.303145,48.133043],[38.30314495209581,48.133043],[38.303162,48.132824],[38.302142,48.132746],[38.30150186407767,48.133043]]]}},{"type":"Feature","properties":{"cadnum":"1425200000:02:000:0461"},"geometry":{"type":"Polygon","coordinates":[[[38.302686,48.132827],[38.302304,48.132829],[38.3023,48.132869],[38.3023,48.13292],[38.302300516806724,48.133043],[38.3023,48.133043],[38.302300834605596,48.133118636132096],[38.302301,48.133158],[38.30230126896552,48.133158],[38.302308,48.133768],[38.303329,48.133792],[38.303342,48.133442],[38.303109,48.133109],[38.303011,48.133043],[38.30301000000001,48.133043],[38.302686,48.132827]]]}},{"type":"Feature","properties":{"cadnum":"1425200000:02:000:0448"},"geometry":{"type":"Polygon","coordinates":[[[38.101755,48.11807],[38.101859,48.11804],[38.101813,48.117971],[38.10171,48.118001],[38.101755,48.11807]]]}},{"type":"Feature","properties":{"cadnum":"1425200000:02:000:2128"},"geometry":{"type":"Polygon","coordinates":[[[38.104802,48.118491],[38.10480266924266,48.118491],[38.104558,48.119024],[38.105993,48.11939368886124],[38.105993,48.119394],[38.106548,48.119536],[38.106845,48.118377],[38.1068441869309,48.118377],[38.107293,48.116624],[38.10607769697102,48.11632110909124],[38.10583,48.116259],[38.104802,48.118491]]]}},{"type":"Feature","properties":{"cadnum":"1425200000:02:000:0446"},"geometry":{"type":"Polygon","coordinates":[[[38.101755,48.11807],[38.101859,48.11804],[38.101813,48.117971],[38.10171,48.118001],[38.101755,48.11807]]]}},{"type":"Feature","properties":{"cadnum":"1425200000:02:000:2059"},"geometry":{"type":"Polygon","coordinates":[[[38.100522235283414,48.1164447529644],[38.100672,48.11612],[38.100672,48.11611978730157],[38.10113,48.115126],[38.1005,48.115534],[38.1005,48.115534070110705],[38.10013,48.115773],[38.098692,48.11595],[38.097425,48.115671],[38.097197,48.116025],[38.097079,48.116199],[38.097088,48.116205],[38.097071,48.116214],[38.096954,48.116471],[38.097744,48.116886],[38.09778,48.116958],[38.097906,48.117204],[38.098027,48.117335],[38.099891,48.117818],[38.099927,48.117737],[38.100027,48.117524],[38.100102,48.117356],[38.1005,48.11649296842106],[38.1005,48.116493],[38.100522235283414,48.1164447529644]],[[38.098247,48.117062],[38.098306,48.117009],[38.098387,48.117044],[38.098333,48.117098],[38.098247,48.117062]]]}},{"type":"Feature","properties":{"cadnum":"1425200000:02:000:0426"},"geometry":{"type":"Polygon","coordinates":[[[38.15353,48.103732],[38.153463,48.103699],[38.15345533333333,48.103706],[38.153455,48.103706],[38.153417,48.103741],[38.15348,48.103774],[38.15353,48.103732]]]}},{"type":"Feature","properties":{"cadnum":"1425200000:03:000:0128"},"geometry":{"type":"Polygon","coordinates":[[[38.188483,48.165743],[38.1882778,48.166028],[38.188277,48.166028],[38.185556,48.169806],[38.18555689530686,48.169806],[38.184841,48.1708],[38.18306190716386,48.17322462060221],[38.182881,48.17347],[38.182881717863104,48.17347],[38.182088,48.174553],[38.182873,48.174754],[38.183069,48.174795],[38.183069,48.17479472776442],[38.18789,48.175802],[38.188391,48.175854933035716],[38.188391,48.175855],[38.18847305881935,48.17586360294074],[38.188562,48.175873],[38.188562,48.175872927419356],[38.188887,48.175907],[38.190604,48.175787],[38.19223149537161,48.173385259257444],[38.193303,48.171806],[38.194056,48.170715],[38.194056,48.17071424657533],[38.19476,48.169692],[38.19475957963447,48.169692],[38.195737,48.168274],[38.19715070881567,48.166143],[38.197151,48.166143],[38.197548,48.165545],[38.194799,48.165126],[38.194056,48.164931114754104],[38.194056,48.164931],[38.191772,48.164332],[38.189512,48.164002],[38.189122,48.164757],[38.188562,48.16562110015649],[38.188562,48.165621],[38.188483,48.165743]]]}},{"type":"Feature","properties":{"cadnum":"1425200000:02:000:2102"},"geometry":{"type":"Polygon","coordinates":[[[38.098171,48.108069],[38.098153,48.108477],[38.098036,48.110972],[38.1005,48.111026215478],[38.1005,48.111027],[38.10131,48.111044],[38.10145,48.108138],[38.1005,48.108118],[38.1005,48.108118355057975],[38.098171,48.108069]]]}},{"type":"Feature","properties":{"cadnum":"1425200000:02:000:2084"},"geometry":{"type":"Polygon","coordinates":[[[38.142642,48.092615],[38.142778683417085,48.0927],[38.142778,48.0927],[38.144617,48.093843],[38.144617,48.09384282105263],[38.14663,48.095093],[38.147318,48.095005],[38.147924,48.094844],[38.14845,48.094616],[38.14871,48.094309],[38.146296072094465,48.092814],[38.146297,48.092814],[38.144445,48.091666],[38.144445,48.09166608108108],[38.143877,48.091313],[38.142642,48.092615]]]}},{"type":"Feature","properties":{"cadnum":"1425200000:02:000:2068"},"geometry":{"type":"Polygon","coordinates":[[[38.140338,48.088769],[38.140952585106376,48.089031],[38.140951,48.089031],[38.144445,48.09051990934527],[38.144445,48.09052],[38.144525,48.090554],[38.144617,48.090457],[38.144617,48.09045696675901],[38.145969,48.089031],[38.14596836263737,48.089031],[38.146033,48.088963],[38.144445,48.088286],[38.144445,48.08828647233273],[38.141852,48.087178],[38.140338,48.088769]]]}},{"type":"Feature","properties":{"cadnum":"1425200000:02:000:2116"},"geometry":{"type":"Polygon","coordinates":[[[38.144617,48.09177261771058],[38.14611309059234,48.0927],[38.146112,48.0927],[38.14871,48.094309],[38.149802,48.093014],[38.14944020383009,48.09278992899931],[38.145058,48.090071],[38.144617,48.09053502120718],[38.144617,48.090535],[38.143877,48.091313],[38.144617,48.091773],[38.144617,48.09177261771058]]]}},{"type":"Feature","properties":{"cadnum":"1425200000:03:000:0013"},"geometry":{"type":"Polygon","coordinates":[[[38.154788,48.18367],[38.154828,48.183577],[38.154689,48.18355],[38.154649,48.183643],[38.154788,48.18367]]]}},{"type":"Feature","properties":{"cadnum":"1425200000:03:000:2024"},"geometry":{"type":"Polygon","coordinates":[[[38.138204,48.083659],[38.137085,48.084907],[38.138432,48.085476],[38.138433100737096,48.085476],[38.139124,48.085768],[38.139124,48.08576761306877],[38.141875,48.086929],[38.143338,48.085376],[38.143303,48.08536],[38.139124,48.08396635968742],[38.139124,48.083966],[38.138204,48.083659]]]}},{"type":"Feature","properties":{"cadnum":"1425200000:02:000:2079"},"geometry":{"type":"Polygon","coordinates":[[[38.137085,48.084907],[38.136574,48.085476],[38.13657471145686,48.085476],[38.136043,48.086068],[38.135829,48.086348],[38.139124,48.087741],[38.139124,48.08774060301508],[38.140544,48.08834],[38.141875,48.086929],[38.138952,48.085695],[38.138952,48.08569530633437],[38.138161,48.085361],[38.13815975922671,48.085361],[38.137085,48.084907]]]}},{"type":"Feature","properties":{"cadnum":"1425200000:02:000:2024"},"geometry":{"type":"Polygon","coordinates":[[[38.138204,48.083659],[38.137085,48.084907],[38.138432,48.085476],[38.138433100737096,48.085476],[38.139124,48.085768],[38.139124,48.08576761306877],[38.141875,48.086929],[38.143338,48.085376],[38.143303,48.08536],[38.139124,48.08396635968742],[38.139124,48.083966],[38.138204,48.083659]]]}},{"type":"Feature","properties":{"cadnum":"1425200000:03:000:0089"},"geometry":{"type":"Polygon","coordinates":[[[38.142108,48.154283],[38.142198,48.15428],[38.142192,48.154262],[38.142108,48.154265],[38.142108,48.154283]]]}},{"type":"Feature","properties":{"cadnum":"1425200000:03:000:0114"},"geometry":{"type":"Polygon","coordinates":[[[38.144412,48.154348],[38.144435,48.154343],[38.144398,48.154289],[38.144372,48.154295],[38.144412,48.154348]]]}},{"type":"Feature","properties":{"cadnum":"1425200000:03:000:0112"},"geometry":{"type":"Polygon","coordinates":[[[38.143316,48.154316],[38.143316,48.154297],[38.143289,48.154297],[38.143289,48.154316],[38.143316,48.154316]]]}},{"type":"Feature","properties":{"cadnum":"1425200000:03:000:0113"},"geometry":{"type":"Polygon","coordinates":[[[38.143882,48.154331],[38.143882,48.154313],[38.143855,48.154313],[38.143855,48.154331],[38.143882,48.154331]]]}},{"type":"Feature","properties":{"cadnum":"1425200000:03:000:0085"},"geometry":{"type":"Polygon","coordinates":[[[38.140787,48.152569],[38.14081,48.15256],[38.140796,48.152545],[38.140773,48.152551],[38.140787,48.152569]]]}},{"type":"Feature","properties":{"cadnum":"1425200000:03:000:0088"},"geometry":{"type":"Polygon","coordinates":[[[38.141829,48.153851],[38.141852,48.153842],[38.141838,48.153828],[38.141816,48.153837],[38.141829,48.153851]]]}},{"type":"Feature","properties":{"cadnum":"1425200000:03:000:0111"},"geometry":{"type":"Polygon","coordinates":[[[38.142697,48.154297],[38.142697,48.15428],[38.142607,48.154277],[38.142607,48.154295],[38.142697,48.154297]]]}},{"type":"Feature","properties":{"cadnum":"1425200000:03:000:0090"},"geometry":{"type":"Polygon","coordinates":[[[38.141842,48.154717],[38.141852,48.154703],[38.141829,48.154694],[38.141816,48.154708],[38.141842,48.154717]]]}},{"type":"Feature","properties":{"cadnum":"1425200000:03:000:0086"},"geometry":{"type":"Polygon","coordinates":[[[38.141137,48.153],[38.14116,48.152991],[38.141146,48.152976],[38.141124,48.152986],[38.141137,48.153]]]}},{"type":"Feature","properties":{"cadnum":"1425200000:03:000:0084"},"geometry":{"type":"Polygon","coordinates":[[[38.140433,48.152134],[38.14046,48.152125],[38.140446,48.152111],[38.140419,48.15212],[38.140433,48.152134]]]}},{"type":"Feature","properties":{"cadnum":"1425200000:03:000:0083"},"geometry":{"type":"Polygon","coordinates":[[[38.140095,48.151718],[38.140118,48.151709],[38.140104,48.151694],[38.140081,48.151703],[38.140095,48.151718]]]}},{"type":"Feature","properties":{"cadnum":"1425200000:03:000:0087"},"geometry":{"type":"Polygon","coordinates":[[[38.141475,48.153417],[38.141502,48.153408],[38.141488,48.153393],[38.141461,48.153402],[38.141475,48.153417]]]}},{"type":"Feature","properties":{"cadnum":"1425200000:02:000:2134"},"geometry":{"type":"Polygon","coordinates":[[[38.106165,48.09883070079636],[38.106872,48.098998],[38.107105,48.09856],[38.105993,48.098296],[38.105993,48.098296078604456],[38.103786,48.097771],[38.103552,48.098209],[38.106165,48.098831],[38.106165,48.09883070079636]]]}},{"type":"Feature","properties":{"cadnum":"1425200000:02:000:2076"},"geometry":{"type":"Polygon","coordinates":[[[38.104522,48.096038],[38.101207,48.095378],[38.100682,48.096483],[38.10068328628231,48.096483],[38.1005,48.096872],[38.1005,48.096872337278114],[38.100165,48.09758],[38.1005,48.097646735700195],[38.1005,48.097647],[38.10348,48.09824],[38.104365,48.096369],[38.10436431011236,48.096369],[38.104522,48.096038]]]}},{"type":"Feature","properties":{"cadnum":"1425200000:02:000:2044"},"geometry":{"type":"Polygon","coordinates":[[[38.098306,48.094799],[38.09747718171021,48.096369],[38.097477,48.096369],[38.097155,48.09698],[38.100165,48.09758],[38.100672,48.096509],[38.100672,48.09650695358649],[38.100737,48.096369],[38.10073616289593,48.096369],[38.101207,48.095378],[38.100672,48.09527130268741],[38.100672,48.095271],[38.098306,48.094799]]]}},{"type":"Feature","properties":{"cadnum":"1425200000:01:000:1242"},"geometry":{"type":"Polygon","coordinates":[[[38.050646,48.02108],[38.050579,48.022471],[38.050549,48.023056],[38.05054928519986,48.023056],[38.050417,48.025718],[38.05078,48.025718],[38.051062,48.02570679470199],[38.051062,48.025707],[38.052042,48.025667],[38.052766,48.025695],[38.053529,48.025995],[38.05367238932547,48.023056],[38.053673,48.023056],[38.053709,48.022335],[38.053013,48.022137],[38.051233,48.02134234085084],[38.051233,48.021342],[38.050646,48.02108]]]}},{"type":"Feature","properties":{"cadnum":"1425200000:01:000:1172"},"geometry":{"type":"Polygon","coordinates":[[[38.054162,48.022588],[38.054198,48.022474],[38.053709,48.022335],[38.05367874202497,48.022941],[38.053678,48.022941],[38.053529,48.025995],[38.054418,48.026343],[38.054728,48.025583],[38.054544,48.025541],[38.054638,48.025373],[38.054801,48.025067],[38.055057,48.025114],[38.055726,48.025216],[38.055829,48.02311],[38.055829,48.023063],[38.05563173661459,48.02300690178784],[38.054162,48.022588]]]}},{"type":"Feature","properties":{"cadnum":"1425200000:02:000:2036"},"geometry":{"type":"Polygon","coordinates":[[[38.098584,48.103993],[38.096078,48.103951],[38.095804,48.105361],[38.095224,48.105354],[38.095007,48.106488],[38.095007,48.106489152866224],[38.094865,48.107229],[38.095007,48.107230808917194],[38.095007,48.107231],[38.09516758181655,48.10723285454544],[38.095179,48.107233],[38.095179,48.107232986413045],[38.097951,48.107265],[38.098584,48.103993]]]}},{"type":"Feature","properties":{"cadnum":"1425200000:02:000:0383"},"geometry":{"type":"Polygon","coordinates":[[[38.094448,48.103879],[38.094452,48.103861],[38.094421,48.103858],[38.094421,48.103879],[38.094448,48.103879]]]}},{"type":"Feature","properties":{"cadnum":"1425200000:02:000:0434"},"geometry":{"type":"Polygon","coordinates":[[[38.094146,48.106362],[38.094151,48.106344],[38.094119,48.106341],[38.094119,48.106362],[38.094146,48.106362]]]}},{"type":"Feature","properties":{"cadnum":"1425200000:02:000:2000"},"geometry":{"type":"Polygon","coordinates":[[[38.094251,48.103656],[38.093622,48.103656],[38.093352,48.103609],[38.093046,48.103282],[38.093037,48.102673],[38.093207,48.102115],[38.093882,48.101704],[38.094375,48.101555],[38.094425,48.101546],[38.094977,48.101461],[38.094834,48.101071],[38.094897,48.100652],[38.094757,48.100603],[38.094547,48.100588],[38.093199,48.100501],[38.092856,48.10382],[38.0928564171123,48.10382],[38.09283,48.10408],[38.093428,48.104068],[38.094102,48.10402],[38.094744,48.103972],[38.095007,48.10395171142857],[38.095007,48.103952],[38.095094,48.103945],[38.095179,48.103941],[38.095179,48.10394060344828],[38.096312,48.103882],[38.097943,48.103845],[38.099901,48.103939],[38.09984788412017,48.10382],[38.099848,48.10382],[38.099352,48.102688],[38.099142,48.102124],[38.098167,48.102346],[38.097425,48.102568],[38.09614,48.103036],[38.095207,48.103423],[38.09503439725607,48.10346528767226],[38.094802,48.103522],[38.094251,48.103656]],[[38.094748,48.10123],[38.094843,48.101242],[38.094825,48.101308],[38.094727,48.101293],[38.094748,48.10123]],[[38.094448,48.103879],[38.094421,48.103879],[38.094421,48.103858],[38.094452,48.103861],[38.094448,48.103879]]]}},{"type":"Feature","properties":{"cadnum":"1425200000:02:000:2006"},"geometry":{"type":"Polygon","coordinates":[[[38.093199,48.100501],[38.090544,48.100337],[38.0902035211025,48.103706],[38.090203,48.103706],[38.090163,48.104116],[38.09283,48.10408],[38.092868,48.103706],[38.092867781259415,48.103706],[38.093199,48.100501]]]}},{"type":"Feature","properties":{"cadnum":"1425200000:02:000:2007"},"geometry":{"type":"Polygon","coordinates":[[[38.087691,48.10382],[38.08769205381166,48.10382],[38.087666,48.104152],[38.089514,48.10412545616642],[38.089514,48.104126],[38.090163,48.104116],[38.090191878048785,48.10382],[38.090192,48.10382],[38.090544,48.100337],[38.089794,48.100283],[38.089514,48.100279],[38.089514,48.100279698654184],[38.087976,48.100259],[38.087691,48.10382]]]}},{"type":"Feature","properties":{"cadnum":"1425200000:02:000:0433"},"geometry":{"type":"Polygon","coordinates":[[[38.094299,48.105163],[38.094299,48.105145],[38.094272,48.105141],[38.094268,48.105163],[38.094299,48.105163]]]}},{"type":"Feature","properties":{"cadnum":"1425200000:02:000:2031"},"geometry":{"type":"Polygon","coordinates":[[[38.10506098701299,48.085361],[38.10506,48.085361],[38.104535,48.086593],[38.106165,48.087008],[38.106165,48.087007720246845],[38.109396,48.087829],[38.109669,48.085807],[38.107914,48.085361],[38.107913437810936,48.085361],[38.105993,48.084873],[38.105993,48.08487300969697],[38.10534,48.084706],[38.10506098701299,48.085361]]]}},{"type":"Feature","properties":{"cadnum":"1425200000:02:000:2040"},"geometry":{"type":"Polygon","coordinates":[[[38.098889,48.08461],[38.099041,48.085476],[38.09904136995516,48.085476],[38.099258,48.086699],[38.1005,48.08701169589816],[38.1005,48.087012],[38.103736,48.087827],[38.104495,48.086083],[38.101746,48.085361],[38.1017451153846,48.085361],[38.100672,48.085079171717176],[38.100672,48.085079],[38.098889,48.08461]]]}},{"type":"Feature","properties":{"cadnum":"1425200000:02:000:2136"},"geometry":{"type":"Polygon","coordinates":[[[38.099258,48.086699],[38.099681,48.086906],[38.1005,48.08722665792129],[38.1005,48.087227],[38.102375,48.087962],[38.103691,48.08858],[38.104226,48.088697],[38.10494171428571,48.089031],[38.104941,48.089031],[38.105993,48.08952176143791],[38.105993,48.089522],[38.107721,48.090329],[38.108501,48.089915],[38.10904,48.090413],[38.109144,48.089663],[38.107108882911405,48.089145],[38.107112,48.089145],[38.105993,48.08886],[38.105993,48.08886012393888],[38.103809,48.088303],[38.103534,48.088214],[38.103736,48.087827],[38.100672,48.08705531891224],[38.100672,48.087055],[38.099258,48.086699]]]}},{"type":"Feature","properties":{"cadnum":"1425200000:02:000:2077"},"geometry":{"type":"Polygon","coordinates":[[[38.100672,48.083449],[38.099828,48.083227],[38.098853,48.082663],[38.098845,48.082674],[38.098777,48.083989],[38.098889,48.08461],[38.1005,48.08503375715087],[38.1005,48.085034],[38.102183,48.085476],[38.102183860110806,48.085476],[38.104495,48.086083],[38.104758986149584,48.085476],[38.104759,48.085476],[38.105134,48.084619],[38.100672,48.083449097108335],[38.100672,48.083449]]]}},{"type":"Feature","properties":{"cadnum":"1425200000:02:000:2028"},"geometry":{"type":"Polygon","coordinates":[[[38.106165,48.08890380697051],[38.10666439999999,48.089031],[38.106661,48.089031],[38.109144,48.089663],[38.10921366772152,48.089145],[38.109215,48.089145],[38.109396,48.087829],[38.105993,48.086964],[38.105993,48.08696420858895],[38.104535,48.086593],[38.103809,48.088303],[38.106165,48.088904],[38.106165,48.08890380697051]]]}},{"type":"Feature","properties":{"cadnum":"1425200000:02:000:0224"},"geometry":{"type":"Polygon","coordinates":[[[38.112948,48.091276],[38.113029,48.091256],[38.112998,48.091202],[38.112917,48.09122],[38.112948,48.091276]]]}},{"type":"Feature","properties":{"cadnum":"1425200000:02:000:2106"},"geometry":{"type":"Polygon","coordinates":[[[38.109422,48.088174],[38.109296,48.089145],[38.10929632538736,48.089145],[38.109203,48.08987],[38.109889,48.089824],[38.110891,48.089935],[38.111658,48.090081],[38.111658,48.090080477842],[38.112005,48.090146],[38.11218,48.090179],[38.113119,48.090923],[38.113734,48.091409],[38.113954,48.091583],[38.114266392633226,48.089145],[38.114267,48.089145],[38.114323,48.088712],[38.111834,48.088439],[38.111486,48.088402],[38.111486,48.08840225259515],[38.11108,48.088358],[38.109422,48.088174]],[[38.111486,48.08842380487805],[38.111486,48.088424],[38.111489,48.088423],[38.11152,48.088478],[38.111486,48.088486],[38.111486,48.088486302325585],[38.111434,48.088499],[38.111407,48.088445],[38.111486,48.08842380487805]]]}},{"type":"Feature","properties":{"cadnum":"1425200000:02:000:2067"},"geometry":{"type":"Polygon","coordinates":[[[38.109543,48.090236],[38.109207,48.090569],[38.109252,48.090611],[38.110191,48.091481],[38.110109,48.091688],[38.110172,48.091723],[38.110401,48.091892],[38.111486,48.0921000230708],[38.111486,48.092101],[38.113187,48.092426],[38.114049,48.092591],[38.114372,48.092654],[38.114417,48.092588],[38.113797,48.092105],[38.112522,48.091138],[38.112019,48.090818],[38.111533,48.090317],[38.111486,48.090315],[38.111486,48.09031508693467],[38.109543,48.090236]]]}},{"type":"Feature","properties":{"cadnum":"1425200000:01:000:1134"},"geometry":{"type":"Polygon","coordinates":[[[38.093622,48.045006],[38.093868,48.044189],[38.093643,48.04418],[38.093406,48.044976],[38.093622,48.045006]]]}},{"type":"Feature","properties":{"cadnum":"1425200000:01:000:1144"},"geometry":{"type":"Polygon","coordinates":[[[38.094398,48.04421],[38.094124,48.044198],[38.093868,48.045039],[38.094138,48.045075],[38.094398,48.04421]]]}},{"type":"Feature","properties":{"cadnum":"1425200000:01:000:1146"},"geometry":{"type":"Polygon","coordinates":[[[38.094677,48.044223],[38.094398,48.04421],[38.09416655491329,48.04498],[38.094166,48.04498],[38.094138,48.045075],[38.094277,48.045095],[38.09427800000004,48.045095],[38.094411,48.045114],[38.09441652985075,48.045095],[38.094417,48.045095],[38.094677,48.044223]]]}},{"type":"Feature","properties":{"cadnum":"1425200000:01:000:1128"},"geometry":{"type":"Polygon","coordinates":[[[38.09319,48.044949],[38.093423,48.044172],[38.093312,48.044165],[38.093176,48.044225],[38.092966,48.044919],[38.09319,48.044949]]]}},{"type":"Feature","properties":{"cadnum":"1425200000:01:000:1130"},"geometry":{"type":"Polygon","coordinates":[[[38.093406,48.044976],[38.093643,48.04418],[38.093423,48.044172],[38.09319,48.044949],[38.093406,48.044976]]]}},{"type":"Feature","properties":{"cadnum":"1425200000:01:000:1142"},"geometry":{"type":"Polygon","coordinates":[[[38.094124,48.044198],[38.093868,48.044189],[38.093629828641376,48.04498],[38.093628,48.04498],[38.093622,48.045006],[38.093868,48.045039],[38.093886,48.04498],[38.09388595957194,48.04498],[38.094124,48.044198]]]}},{"type":"Feature","properties":{"cadnum":"1425200000:01:000:1148"},"geometry":{"type":"Polygon","coordinates":[[[38.09478,48.04491],[38.094981,48.044234],[38.094677,48.044223],[38.094451288990825,48.04498],[38.09445,48.04498],[38.094411,48.045114],[38.094452,48.045117],[38.09448684671532,48.045095],[38.094487,48.045095],[38.09478,48.04491]]]}},{"type":"Feature","properties":{"cadnum":"1425200000:01:000:1132"},"geometry":{"type":"Polygon","coordinates":[[[38.093868,48.045039],[38.093622,48.045006],[38.093437,48.04498],[38.09343480000003,48.04498],[38.093406,48.044976],[38.09319,48.044949],[38.092966,48.044919],[38.09294820833333,48.04498],[38.092947,48.04498],[38.092924,48.045063],[38.093809,48.045432],[38.094205,48.045273],[38.094452,48.045117],[38.094411,48.045114],[38.094138,48.045075],[38.093868,48.045039]]]}},{"type":"Feature","properties":{"cadnum":"1425200000:02:000:0449"},"geometry":{"type":"Polygon","coordinates":[[[38.100017,48.1204],[38.100121,48.120376],[38.100084,48.120307],[38.099981,48.120331],[38.100017,48.1204]]]}},{"type":"Feature","properties":{"cadnum":"1425200000:02:000:0432"},"geometry":{"type":"Polygon","coordinates":[[[38.099536,48.120447],[38.100457,48.120172],[38.099905,48.119347],[38.098979,48.119605],[38.099536,48.120447]]]}},{"type":"Feature","properties":{"cadnum":"1425200000:02:000:2138"},"geometry":{"type":"Polygon","coordinates":[[[38.125213,48.081806],[38.12521381492537,48.081806],[38.12507,48.082027],[38.127966,48.08286899217731],[38.127966,48.08287],[38.129971,48.083452],[38.131198,48.082303],[38.12948737643209,48.081806],[38.129489,48.081806],[38.12801109555556,48.08137708748231],[38.125893,48.080761],[38.125213,48.081806]]]}},{"type":"Feature","properties":{"cadnum":"1425200000:02:000:2074"},"geometry":{"type":"Polygon","coordinates":[[[38.122717,48.081457],[38.122644,48.08150456967213],[38.122644,48.081504],[38.12218,48.081806],[38.12218159701493,48.081806],[38.122151,48.081826],[38.121783,48.082389],[38.122644,48.08264],[38.122644,48.0826397152692],[38.127966,48.08418699399824],[38.127966,48.084187],[38.127971810045786,48.084188683167774],[38.128138,48.084237],[38.128138,48.08423682832618],[38.128898,48.084457],[38.129971,48.083452],[38.128138,48.08291992718205],[38.128138,48.082919],[38.12507,48.082027],[38.12431002388061,48.081806],[38.124313,48.081806],[38.12278,48.08136],[38.122717,48.081457]]]}},{"type":"Feature","properties":{"cadnum":"1425200000:01:000:0150"},"geometry":{"type":"Polygon","coordinates":[[[38.071424,48.048532],[38.071428,48.048501],[38.071379,48.048498],[38.071374,48.048532],[38.071424,48.048532]]]}},{"type":"Feature","properties":{"cadnum":"1425200000:01:000:0152"},"geometry":{"type":"Polygon","coordinates":[[[38.07181,48.045916],[38.071814,48.045883],[38.07176,48.04588],[38.071756,48.045916],[38.07181,48.045916]]]}},{"type":"Feature","properties":{"cadnum":"1425200000:01:000:0151"},"geometry":{"type":"Polygon","coordinates":[[[38.071567,48.047282],[38.071567,48.047249],[38.071523,48.047249],[38.071517,48.047282],[38.071567,48.047282]]]}},{"type":"Feature","properties":{"cadnum":"1425200000:02:000:2101"},"geometry":{"type":"Polygon","coordinates":[[[38.166555,48.102394],[38.16659,48.101913],[38.16659,48.101907684210566],[38.166631,48.101338],[38.16645976470727,48.10133639215688],[38.16254,48.101288],[38.162477362664475,48.103706],[38.162477,48.103706],[38.162477,48.10372],[38.166138,48.103813],[38.166191,48.103144],[38.166418,48.10267628021978],[38.166418,48.102677],[38.166555,48.102394]]]}},{"type":"Feature","properties":{"cadnum":"1425200000:02:000:0428"},"geometry":{"type":"Polygon","coordinates":[[[38.166555,48.102388],[38.166418,48.102388],[38.166407,48.102388],[38.166407,48.102451],[38.166418,48.102451],[38.166555,48.102451],[38.166555,48.102388]]]}},{"type":"Feature","properties":{"cadnum":"1425200000:03:000:0003"},"geometry":{"type":"Polygon","coordinates":[[[38.170903,48.157327],[38.170935,48.157231],[38.170791,48.15721],[38.170759,48.157306],[38.170903,48.157327]]]}},{"type":"Feature","properties":{"cadnum":"1425200000:04:000:0078"},"geometry":{"type":"Polygon","coordinates":[[[38.33687382857345,48.08146445714263],[38.336878,48.081464],[38.336878,48.08146399625468],[38.33724,48.081424],[38.33707,48.079473],[38.336706,48.079504],[38.336706,48.079504455319146],[38.335938,48.079569],[38.336148,48.081544],[38.336706,48.081482849315066],[38.336706,48.081483],[38.33687382857345,48.08146445714263]]]}},{"type":"Feature","properties":{"cadnum":"1425200000:01:000:1216"},"geometry":{"type":"Polygon","coordinates":[[[38.046159,48.028376],[38.046195,48.027707],[38.045691500000146,48.027812999999966],[38.045449,48.027863],[38.04526,48.028151],[38.04518,48.028278],[38.044671,48.028215],[38.044097,48.028124],[38.043482,48.027854],[38.043222,48.027875],[38.042973,48.027896],[38.04284323853211,48.030288],[38.042843,48.030288],[38.042772,48.0316],[38.045568,48.03166782749326],[38.045568,48.031668],[38.045975,48.031678],[38.04604471223021,48.030403],[38.046045,48.030403],[38.046136,48.028755],[38.046159,48.028376]],[[38.045323,48.028335],[38.045369,48.028365],[38.045323,48.028392],[38.045279,48.028365],[38.045323,48.028335]]]}},{"type":"Feature","properties":{"cadnum":"1425200000:01:000:1166"},"geometry":{"type":"Polygon","coordinates":[[[38.050623,48.026045],[38.04994,48.025982],[38.048575,48.026085],[38.04850351162791,48.026615],[38.048503,48.026615],[38.04848884795325,48.02672371345003],[38.048488,48.02673],[38.0484880295858,48.02673],[38.048481,48.026784],[38.048638,48.027],[38.048862,48.027064],[38.051233,48.026894],[38.051233,48.026893616071426],[38.05207,48.026833],[38.05207944954128,48.02673],[38.05208,48.02673],[38.052128,48.026232],[38.051233,48.026121174484054],[38.051233,48.026121],[38.050623,48.026045]]]}},{"type":"Feature","properties":{"cadnum":"1425200000:01:000:1176"},"geometry":{"type":"Polygon","coordinates":[[[38.050034,48.029785],[38.050053,48.029407],[38.050183,48.027055],[38.048929,48.027136],[38.048822,48.029088],[38.048799,48.029473],[38.048747,48.030403],[38.048747694311174,48.030403],[38.048674,48.031747],[38.049923,48.031777],[38.050006,48.030288],[38.050005512944985,48.030288],[38.050034,48.029785]],[[38.048992,48.029347],[38.049038,48.029317],[38.049082,48.029347],[38.049038,48.029374],[38.048992,48.029347]]]}},{"type":"Feature","properties":{"cadnum":"1425200000:01:000:1213"},"geometry":{"type":"Polygon","coordinates":[[[38.048799,48.029473],[38.048822,48.029088],[38.048929,48.027136],[38.048445,48.027169],[38.047915,48.027226],[38.047901,48.027349],[38.047623,48.027407],[38.047547,48.028731],[38.047529,48.029115],[38.04746342857143,48.030288],[38.047463,48.030288],[38.047384,48.031713],[38.048674,48.031747],[38.048754,48.030288],[38.048753430107524,48.030288],[38.048799,48.029473]]]}},{"type":"Feature","properties":{"cadnum":"1425200000:01:000:1159"},"geometry":{"type":"Polygon","coordinates":[[[38.047529,48.029115],[38.047547,48.028731],[38.047623,48.027407],[38.046195,48.027707],[38.046159,48.028376],[38.046136,48.028755],[38.04605135012136,48.030288],[38.046051,48.030288],[38.045975,48.031678],[38.047384,48.031713],[38.047456624561406,48.030403],[38.047457,48.030403],[38.047529,48.029115]],[[38.047151,48.028824],[38.047191,48.028797],[38.047237,48.028824],[38.047191,48.028854],[38.047151,48.028824]]]}},{"type":"Feature","properties":{"cadnum":"1425200000:01:000:1184"},"geometry":{"type":"Polygon","coordinates":[[[38.051261,48.029705],[38.051409,48.026974],[38.051062,48.026997],[38.051062,48.02699723714286],[38.050183,48.027055],[38.050053,48.029407],[38.050034,48.029785],[38.049999,48.030403],[38.04999958965749,48.030403],[38.049923,48.031777],[38.051062,48.031804962356794],[38.051062,48.031805],[38.051145,48.031807],[38.051227,48.030288],[38.051226828125,48.030288],[38.051239,48.030083],[38.051261,48.029705]],[[38.050839,48.029765],[38.050883,48.029792],[38.050839,48.029821],[38.050793,48.029792],[38.050839,48.029765]]]}},{"type":"Feature","properties":{"cadnum":"1425200000:04:000:0012"},"geometry":{"type":"Polygon","coordinates":[[[38.369813,48.101675],[38.368159,48.100597],[38.367746,48.100513],[38.36665,48.100846],[38.366327,48.101119],[38.366327,48.101398],[38.366413,48.101872],[38.366583,48.102232],[38.367073,48.102676],[38.367459,48.103498],[38.36756257201646,48.103706],[38.367562,48.103706],[38.36758,48.103741],[38.36756,48.10382],[38.367560862403096,48.10382],[38.367455,48.104257],[38.368348,48.10408],[38.368815,48.103849],[38.36909700000077,48.10374559999972],[38.369233,48.103696],[38.369188,48.103585],[38.369837,48.103528],[38.369837,48.103527499277114],[38.37174,48.103356],[38.371811,48.103549],[38.371165,48.103621],[38.370287,48.10382],[38.37029097276266,48.10382],[38.369837,48.10392370755556],[38.369837,48.103923],[38.36886,48.104145],[38.368285,48.104274],[38.367931,48.104352],[38.368578,48.104461],[38.369063,48.104985],[38.368891,48.105196],[38.368928,48.105361],[38.367801,48.105837],[38.367392,48.106161],[38.366979,48.106857],[38.367172,48.10722],[38.36723211152416,48.107374],[38.367232,48.107374],[38.36724152702684,48.10739812162115],[38.367277,48.107489],[38.36727742016807,48.107489],[38.367279,48.107493],[38.367629,48.107742],[38.367949,48.107859],[38.368568,48.107898],[38.369067,48.10778],[38.369534,48.107625],[38.369665,48.10752918595041],[38.369665,48.10753],[38.36972049999999,48.107489],[38.369721,48.107489],[38.369776,48.107448],[38.369837,48.107373],[38.369837,48.107371750000006],[38.370136,48.106998],[38.371071,48.106494],[38.372216,48.106168],[38.372826,48.105903],[38.372562,48.105699],[38.373182,48.105439],[38.373208,48.105163],[38.373132,48.104599],[38.372872,48.104017],[38.373136,48.103706],[38.37313599315068,48.103706],[38.373289,48.103528],[38.373266,48.103456],[38.373078,48.103249],[38.373015,48.103081],[38.372935,48.103087],[38.372866,48.102931],[38.372772,48.10294],[38.372715,48.10279],[38.372436,48.102835],[38.3724,48.102757],[38.372363,48.102664],[38.372009,48.101776],[38.371541,48.101773],[38.370505,48.101998],[38.370285,48.101569],[38.369837,48.101669610169495],[38.369837,48.101669],[38.369813,48.101675]],[[38.369912,48.101887],[38.369665,48.101944],[38.369665,48.101944045977014],[38.369489,48.101984],[38.3694,48.101791],[38.369665,48.10173268704156],[38.369665,48.101734],[38.369809,48.101701],[38.369837,48.101752],[38.369837,48.101751563106795],[38.369912,48.101887]]]}},{"type":"Feature","properties":{"cadnum":"1425200000:02:000:2071"},"geometry":{"type":"Polygon","coordinates":[[[38.145081,48.083878],[38.144645,48.084322],[38.144582,48.084547],[38.14359682326623,48.085361],[38.143595,48.085361],[38.1435,48.085441],[38.143466,48.085476],[38.14346666666667,48.085476],[38.14336,48.085588],[38.144617,48.086125],[38.144617,48.08612430238556],[38.147547,48.087373],[38.148846,48.086005],[38.148247,48.085634],[38.14804790842491,48.085476],[38.148048,48.085476],[38.148025691789414,48.08545836877474],[38.147903,48.085361],[38.14790249427481,48.085361],[38.147385,48.084952],[38.145081,48.083878]]]}},{"type":"Feature","properties":{"cadnum":"1425200000:01:000:0165"},"geometry":{"type":"Polygon","coordinates":[[[38.068328,48.049426],[38.06837,48.049363],[38.068275,48.049339],[38.06824,48.049399],[38.068328,48.049426]]]}},{"type":"Feature","properties":{"cadnum":"1425200000:01:000:0166"},"geometry":{"type":"Polygon","coordinates":[[[38.070121,48.049447],[38.070125,48.049417],[38.070081,48.049417],[38.070081,48.049447],[38.070121,48.049447]]]}},{"type":"Feature","properties":{"cadnum":"1425200000:01:000:0149"},"geometry":{"type":"Polygon","coordinates":[[[38.072645,48.049486],[38.072668,48.049459],[38.072623,48.049444],[38.072605,48.049474],[38.072645,48.049486]]]}},{"type":"Feature","properties":{"cadnum":"1425200000:02:000:0368"},"geometry":{"type":"Polygon","coordinates":[[[38.098876,48.082591],[38.098895,48.082572],[38.098867,48.082563],[38.098853,48.082579],[38.098876,48.082591]]]}},{"type":"Feature","properties":{"cadnum":"1425200000:03:000:0100"},"geometry":{"type":"Polygon","coordinates":[[[38.143123,48.160096],[38.143137,48.16008],[38.143114,48.160071],[38.1431,48.160089],[38.143123,48.160096]]]}},{"type":"Feature","properties":{"cadnum":"1425200000:03:000:0101"},"geometry":{"type":"Polygon","coordinates":[[[38.14389,48.160359],[38.143904,48.160342],[38.143882,48.160333],[38.143869,48.160351],[38.14389,48.160359]]]}},{"type":"Feature","properties":{"cadnum":"1425200000:03:000:0117"},"geometry":{"type":"Polygon","coordinates":[[[38.139076,48.158999],[38.139102,48.158996],[38.139098,48.158978],[38.139076,48.158981],[38.139076,48.158999]]]}},{"type":"Feature","properties":{"cadnum":"1425200000:01:000:0168"},"geometry":{"type":"Polygon","coordinates":[[[38.08149,48.044582],[38.079819,48.043925],[38.079316,48.043604],[38.078527,48.043906],[38.078527,48.04390663157895],[38.078471,48.043928],[38.0782780882605,48.04498],[38.078278,48.04498],[38.078152,48.04567],[38.078699,48.045727],[38.078699,48.045726657794674],[38.07879,48.045736],[38.081121,48.045973],[38.0813179506014,48.04501899050148],[38.0814,48.044628],[38.08149,48.044582]]]}},{"type":"Feature","properties":{"cadnum":"1425200000:02:000:2051"},"geometry":{"type":"Polygon","coordinates":[[[38.121763,48.078136],[38.121764353075164,48.078136],[38.121311,48.0789],[38.122473,48.07925566091522],[38.122473,48.079256],[38.125942,48.080319],[38.12702,48.078515],[38.12560163286005,48.078136],[38.125604,48.078136],[38.122473,48.077298],[38.122473,48.077298110169494],[38.12229,48.077249],[38.121763,48.078136]]]}},{"type":"Feature","properties":{"cadnum":"1425200000:01:000:0093"},"geometry":{"type":"Polygon","coordinates":[[[38.076418,48.061297],[38.076463,48.061267],[38.076418,48.061236],[38.076374,48.061267],[38.076418,48.061297]]]}},{"type":"Feature","properties":{"cadnum":"1425200000:01:000:1127"},"geometry":{"type":"Polygon","coordinates":[[[38.074249,48.062854],[38.078116,48.0628],[38.078071,48.06133],[38.07663,48.061351],[38.07583,48.061363],[38.074083,48.061387],[38.074114,48.062444],[38.074123,48.062689],[38.074163,48.062716],[38.074123,48.06274],[38.074127,48.062854],[38.074249,48.062854]]]}},{"type":"Feature","properties":{"cadnum":"1425200000:01:000:1121"},"geometry":{"type":"Polygon","coordinates":[[[38.076418,48.058685],[38.074487,48.057805],[38.07454351162791,48.059668],[38.074543,48.059668],[38.074595,48.061332],[38.075902,48.061314],[38.0765,48.061309],[38.07649,48.060942],[38.076452700941914,48.059783],[38.076453,48.059783],[38.076418,48.058685]],[[38.076374,48.061267],[38.076418,48.061236],[38.076463,48.061267],[38.076418,48.061297],[38.076374,48.061267]]]}},{"type":"Feature","properties":{"cadnum":"1425200000:01:000:1143"},"geometry":{"type":"Polygon","coordinates":[[[38.078116,48.0628],[38.074249,48.062854],[38.074127,48.062854],[38.074133,48.062927],[38.07414394497154,48.063339],[38.074143,48.063339],[38.074173,48.064322],[38.078161,48.064269],[38.0781355860215,48.063454],[38.078136,48.063454],[38.078116,48.0628]]]}},{"type":"Feature","properties":{"cadnum":"1425200000:01:000:0094"},"geometry":{"type":"Polygon","coordinates":[[[38.074119,48.062747],[38.074163,48.062716],[38.074119,48.062687],[38.074074,48.062716],[38.074119,48.062747]]]}},{"type":"Feature","properties":{"cadnum":"1425200000:02:000:2085"},"geometry":{"type":"Polygon","coordinates":[[[38.122201,48.108024],[38.119196,48.107889],[38.118880410468314,48.111042],[38.11888,48.111042],[38.11885,48.11135],[38.12133,48.111446],[38.12142698360625,48.11106186885367],[38.122201,48.108024]]]}},{"type":"Feature","properties":{"cadnum":"1425200000:02:000:2062"},"geometry":{"type":"Polygon","coordinates":[[[38.116973,48.107374],[38.116596,48.111156],[38.116597167420814,48.111156],[38.116587,48.111263],[38.117151,48.111285],[38.117151,48.11128458395722],[38.11885,48.11135],[38.1188688961039,48.111156],[38.118869,48.111156],[38.119196,48.107889],[38.11924559633027,48.10738817431196],[38.119268,48.107175],[38.117004,48.107076],[38.11697369491525,48.107374],[38.116973,48.107374]]]}},{"type":"Feature","properties":{"cadnum":"1425200000:02:000:2033"},"geometry":{"type":"Polygon","coordinates":[[[38.12238,48.107316],[38.119268,48.107175],[38.11924708598726,48.107374],[38.119247,48.107374],[38.11924559633027,48.10738817431196],[38.119235,48.107489],[38.11923561165049,48.107489],[38.119196,48.107889],[38.122201,48.108024],[38.12233516153846,48.107489],[38.122336,48.107489],[38.12238,48.107316]]]}},{"type":"Feature","properties":{"cadnum":"1425200000:02:000:0441"},"geometry":{"type":"Polygon","coordinates":[[[38.094668,48.114568],[38.09469,48.114553],[38.094668,48.114541],[38.094645,48.114553],[38.094668,48.114568]]]}},{"type":"Feature","properties":{"cadnum":"1425200000:02:000:0440"},"geometry":{"type":"Polygon","coordinates":[[[38.093387,48.113695],[38.093482,48.113674],[38.09345,48.113611],[38.093356,48.113632],[38.093387,48.113695]]]}},{"type":"Feature","properties":{"cadnum":"1425200000:02:000:0439"},"geometry":{"type":"Polygon","coordinates":[[[38.093536,48.112345],[38.093536,48.112328],[38.093509,48.112324],[38.093505,48.112345],[38.093536,48.112345]]]}},{"type":"Feature","properties":{"cadnum":"1425200000:02:000:2129"},"geometry":{"type":"Polygon","coordinates":[[[38.09315,48.113755],[38.093217,48.11374],[38.093329,48.113692],[38.093356,48.113632],[38.093379,48.113596],[38.093473,48.113008],[38.093536,48.112345],[38.093505,48.112345],[38.093509,48.112324],[38.093536,48.112328],[38.093639,48.111568],[38.093352,48.111572],[38.091411,48.111578],[38.091228,48.113116],[38.092444,48.113494],[38.092821,48.11368],[38.09315,48.113755]]]}},{"type":"Feature","properties":{"cadnum":"1425200000:03:000:0017"},"geometry":{"type":"Polygon","coordinates":[[[38.159306,48.143411],[38.159396,48.143371],[38.159333,48.143311],[38.159247,48.143351],[38.159306,48.143411]]]}},{"type":"Feature","properties":{"cadnum":"1425200000:02:000:0385"},"geometry":{"type":"Polygon","coordinates":[[[38.216291,48.118301],[38.216309,48.118289],[38.216286,48.118277],[38.216268,48.118292],[38.216291,48.118301]]]}},{"type":"Feature","properties":{"cadnum":"1425200000:02:000:0459"},"geometry":{"type":"MultiPolygon","coordinates":[[[[38.216484,48.118283],[38.21638412499999,48.118377],[38.216384,48.118377],[38.216331,48.118427],[38.21626,48.118491],[38.216261705596104,48.118491],[38.215886,48.118838],[38.215773,48.119093],[38.216028,48.119685],[38.216028,48.11968412307693],[38.216052,48.11974],[38.21595398046138,48.119758598579125],[38.214112,48.120097],[38.214054,48.119881],[38.211215,48.120493],[38.211274,48.120616],[38.211295,48.120658],[38.211345,48.120765],[38.214131,48.120163],[38.214161,48.12028],[38.215913,48.119959],[38.215972,48.120064],[38.216028,48.120065],[38.216028,48.12006486153846],[38.217727,48.120091],[38.217947,48.120576],[38.217634,48.12088],[38.218051,48.121203],[38.21784,48.121635],[38.217379,48.122158],[38.21738039631337,48.122158],[38.217098,48.122478],[38.217247,48.122556],[38.21771,48.1221],[38.217752,48.122044],[38.21775124258289,48.122044],[38.218132,48.121527],[38.218748,48.120292],[38.219079,48.119734],[38.219205,48.119282],[38.219286,48.118387],[38.219421,48.117752],[38.219012,48.117914],[38.217907,48.118058],[38.216785,48.118004],[38.216484,48.118283]],[[38.21693247058823,48.118377],[38.216932,48.118377],[38.216951,48.118412],[38.216929,48.118417],[38.216878,48.118429],[38.216892,48.118491],[38.21689214035088,48.118491],[38.216917,48.1186],[38.216919,48.118598],[38.216937,48.118609],[38.216921,48.118622],[38.216892,48.118646],[38.216874,48.118636],[38.216888,48.118625],[38.216848,48.118604],[38.216865,48.118589],[38.216836,48.118377],[38.21683478439425,48.118377],[38.216785,48.118004],[38.216911,48.118364],[38.216924,48.118361],[38.21693247058823,48.118377]],[[38.217238,48.118406],[38.217293,48.118491],[38.21729396085409,48.118491],[38.217423,48.118687],[38.21709,48.118756],[38.216955,48.118489],[38.217238,48.118406]],[[38.217373,48.118451],[38.217381,48.118433],[38.217444,48.118445],[38.217454,48.118429],[38.217477,48.118436],[38.217458,48.118481],[38.217431,48.118478],[38.21744,48.118463],[38.217373,48.118451]],[[38.21741,48.118148],[38.21741,48.11813],[38.217436,48.11813],[38.217436,48.118148],[38.21741,48.118148]],[[38.216964,48.11876],[38.216937,48.118765],[38.216915,48.118718],[38.216942,48.118711],[38.216964,48.11876]],[[38.216532,48.119194],[38.216555,48.1192],[38.216546,48.119218],[38.21652,48.119209],[38.216519,48.119209],[38.216532,48.119194]],[[38.216402,48.119515],[38.216398,48.119533],[38.216372,48.119531],[38.216381,48.119512],[38.216402,48.119515]],[[38.216358,48.118927],[38.216331,48.118934],[38.216322,48.118918],[38.216345,48.118909],[38.216358,48.118927]],[[38.216304,48.119782],[38.216299,48.1198],[38.216272,48.119797],[38.216278,48.119779],[38.216304,48.119782]]],[[[38.216878,48.118429],[38.216868,48.118377],[38.216785,48.118004],[38.21684716666667,48.118377],[38.216846,48.118377],[38.216848,48.118382],[38.216874,48.118429],[38.216878,48.118429]]]]}},{"type":"Feature","properties":{"cadnum":"1425200000:04:000:0031"},"geometry":{"type":"Polygon","coordinates":[[[38.358458,48.125665],[38.358458,48.125608],[38.358373,48.125608],[38.358373,48.125665],[38.358458,48.125665]]]}},{"type":"Feature","properties":{"cadnum":"1425200000:04:000:0072"},"geometry":{"type":"Polygon","coordinates":[[[38.361692,48.122103],[38.361382,48.122079],[38.360748,48.122025],[38.360362,48.121953],[38.360358,48.12198],[38.359369,48.121857],[38.359033,48.121809],[38.35896364469914,48.122044],[38.358963,48.122044],[38.358897,48.122271],[38.358790945945735,48.122260783783766],[38.35866,48.122247],[38.358614,48.1224],[38.358081,48.122352],[38.358063,48.122451],[38.358243,48.122469],[38.358408,48.122589],[38.358679,48.12261879581152],[38.358679,48.122619],[38.35879,48.122631],[38.358777,48.122672],[38.358741,48.122796],[38.358679,48.123027],[38.358679,48.12302737164751],[38.35848,48.12377],[38.358679,48.12378721081081],[38.358679,48.123788],[38.359042,48.123818],[38.360591,48.12395],[38.360861,48.123998],[38.361733,48.122121],[38.361692,48.122103]]]}},{"type":"Feature","properties":{"cadnum":"1425200000:02:000:2114"},"geometry":{"type":"Polygon","coordinates":[[[38.139124,48.09702960759493],[38.139821,48.097259],[38.140131,48.097511],[38.140684,48.098176],[38.143913,48.098069],[38.143932,48.09776],[38.143976,48.097397],[38.14407,48.097231],[38.144223,48.097061],[38.144255,48.096932],[38.144152,48.096715],[38.14403,48.096677],[38.143837,48.096662],[38.139745,48.0968],[38.138952,48.096896],[38.138952,48.096896680351904],[38.138783,48.096917],[38.139124,48.09703],[38.139124,48.09702960759493]]]}},{"type":"Feature","properties":{"cadnum":"1425200000:02:000:2115"},"geometry":{"type":"Polygon","coordinates":[[[38.143047,48.096032],[38.140751,48.094607],[38.139124,48.09631312185578],[38.139124,48.096313],[38.13896,48.096483],[38.13896135018051,48.096483],[38.138806,48.096646],[38.138952,48.096658089171974],[38.138952,48.096659],[38.138963,48.096659],[38.139124,48.096659],[38.139534,48.096659],[38.141539,48.096369],[38.141536586715844,48.096369],[38.142624,48.096212],[38.143047,48.096032]]]}},{"type":"Feature","properties":{"cadnum":"1425200000:01:000:1192"},"geometry":{"type":"Polygon","coordinates":[[[38.040122,48.036702],[38.040149,48.036213],[38.040162,48.035934],[38.039287,48.03591],[38.039102,48.036255],[38.038841,48.036735],[38.038357748768476,48.037635],[38.038357,48.037635],[38.037459,48.039306],[38.039973,48.039366],[38.04007,48.037635],[38.040069474236645,48.037635],[38.040075,48.03753684745766],[38.040075,48.037542],[38.040122,48.036702]],[[38.039794,48.036513],[38.039799,48.036577],[38.039709,48.036579],[38.0397,48.036519],[38.039794,48.036513]],[[38.039727,48.036366],[38.039731,48.036426],[38.039641,48.03643],[38.039637,48.03637],[38.039727,48.036366]]]}},{"type":"Feature","properties":{"cadnum":"1425200000:01:000:1178"},"geometry":{"type":"Polygon","coordinates":[[[38.0416,48.031615],[38.040166,48.031579],[38.040621,48.033245],[38.040495,48.033561],[38.04030926550387,48.033962],[38.040309,48.033962],[38.040153,48.0343],[38.040075,48.034445],[38.040075,48.03444501154734],[38.039287,48.03591],[38.040075,48.03593161371428],[38.040075,48.035932],[38.040162,48.035934],[38.040247,48.035936],[38.040247,48.03593592050209],[38.041357,48.035961],[38.041469,48.033962],[38.04146844597888,48.033962],[38.0416,48.031615]]]}},{"type":"Feature","properties":{"cadnum":"1425200000:01:000:0134"},"geometry":{"type":"Polygon","coordinates":[[[38.039709,48.036579],[38.039799,48.036577],[38.039794,48.036513],[38.0397,48.036519],[38.039709,48.036579]]]}},{"type":"Feature","properties":{"cadnum":"1425200000:01:000:0071"},"geometry":{"type":"Polygon","coordinates":[[[38.039641,48.03643],[38.039731,48.036426],[38.039727,48.036366],[38.039637,48.03637],[38.039641,48.03643]]]}},{"type":"Feature","properties":{"cadnum":"1425200000:01:000:1197"},"geometry":{"type":"Polygon","coordinates":[[[38.040122,48.036702],[38.040063,48.03775],[38.04006355574812,48.03775],[38.039973,48.039366],[38.040075,48.03936897810219],[38.040075,48.039369],[38.04008029645996,48.03936913274336],[38.040247,48.039374],[38.040247,48.039373310776945],[38.041671,48.039409],[38.041769,48.037635],[38.04176843501805,48.037635],[38.041824,48.036642],[38.041851,48.03615],[38.04186,48.035976],[38.041357,48.035961],[38.040162,48.035934],[38.040149,48.036213],[38.040122,48.036702]],[[38.041748,48.036324],[38.041721,48.036324],[38.041717,48.036303],[38.041748,48.036303],[38.041748,48.036324]],[[38.040948,48.036546],[38.040922,48.036546],[38.040918,48.03648],[38.040944,48.03648],[38.040948,48.036546]]]}},{"type":"Feature","properties":{"cadnum":"1425200000:01:000:0135"},"geometry":{"type":"Polygon","coordinates":[[[38.038325,48.037147],[38.038415,48.037141],[38.038411,48.037081],[38.038316,48.037084],[38.038325,48.037147]]]}},{"type":"Feature","properties":{"cadnum":"1425200000:02:000:2099"},"geometry":{"type":"Polygon","coordinates":[[[38.128138,48.078815],[38.12702,48.078515],[38.125942,48.080319],[38.127966,48.080937444444444],[38.127966,48.080938],[38.130214,48.081624],[38.131372,48.07968],[38.128138,48.078815004697596],[38.128138,48.078815]]]}},{"type":"Feature","properties":{"cadnum":"1425200000:02:000:2143"},"geometry":{"type":"Polygon","coordinates":[[[38.125893,48.080761],[38.124114,48.080245],[38.123741,48.079989],[38.123652,48.0801],[38.123971,48.080328],[38.123122,48.080839],[38.12278,48.08136],[38.123921156950665,48.081692],[38.123918,48.081692],[38.12507,48.082027],[38.125288,48.081692],[38.12528718181819,48.081692],[38.125893,48.080761]],[[38.124271,48.081166],[38.12416,48.081012],[38.124401,48.080877],[38.124617,48.080899],[38.124703,48.080931],[38.124829,48.081132],[38.124505,48.081235],[38.124271,48.081166]]]}},{"type":"Feature","properties":{"cadnum":"1425200000:02:000:2039"},"geometry":{"type":"Polygon","coordinates":[[[38.122644,48.079676],[38.117831,48.078303],[38.117099,48.079194],[38.122473,48.08072430586114],[38.122473,48.080725],[38.122799,48.080817],[38.122875,48.080724],[38.123598,48.080076],[38.123678,48.079971],[38.122644,48.0796766746888],[38.122644,48.079676]]]}},{"type":"Feature","properties":{"cadnum":"1425200000:02:000:0335"},"geometry":{"type":"Polygon","coordinates":[[[38.145697,48.113413],[38.145697,48.113362],[38.145611,48.113362],[38.145611,48.113413],[38.145697,48.113413]]]}},{"type":"Feature","properties":{"cadnum":"1425200000:02:000:0104"},"geometry":{"type":"Polygon","coordinates":[[[38.236736,48.114177],[38.23674,48.114166],[38.236719,48.114166],[38.236719,48.114177],[38.236736,48.114177]]]}},{"type":"Feature","properties":{"cadnum":"1425200000:02:000:0105"},"geometry":{"type":"Polygon","coordinates":[[[38.236776,48.113974],[38.236776,48.113962],[38.236759,48.113962],[38.236754,48.113974],[38.236776,48.113974]]]}},{"type":"Feature","properties":{"cadnum":"1425200000:02:000:0109"},"geometry":{"type":"Polygon","coordinates":[[[38.236606,48.112979],[38.236624,48.112975],[38.236624,48.112963],[38.236606,48.112963],[38.236606,48.112979]]]}},{"type":"Feature","properties":{"cadnum":"1425200000:02:000:0117"},"geometry":{"type":"Polygon","coordinates":[[[38.23551,48.111269],[38.235528,48.111257],[38.23551,48.111245],[38.235492,48.111257],[38.23551,48.111269]]]}},{"type":"Feature","properties":{"cadnum":"1425200000:02:000:0113"},"geometry":{"type":"Polygon","coordinates":[[[38.236512,48.111988],[38.236539,48.111979],[38.236526,48.111965],[38.236503,48.11197],[38.236512,48.111988]]]}},{"type":"Feature","properties":{"cadnum":"1425200000:02:000:0106"},"geometry":{"type":"Polygon","coordinates":[[[38.236826,48.113725],[38.236826,48.11371],[38.236809,48.113713],[38.236809,48.113725],[38.236826,48.113725]]]}},{"type":"Feature","properties":{"cadnum":"1425200000:02:000:0115"},"geometry":{"type":"Polygon","coordinates":[[[38.236004,48.111623],[38.236021,48.11161],[38.236004,48.111599],[38.235987,48.11161],[38.236004,48.111623]]]}},{"type":"Feature","properties":{"cadnum":"1425200000:02:000:0108"},"geometry":{"type":"Polygon","coordinates":[[[38.236629,48.113233],[38.236656,48.11323],[38.23665,48.113212],[38.236624,48.113215],[38.236629,48.113233]]]}},{"type":"Feature","properties":{"cadnum":"1425200000:02:000:0103"},"geometry":{"type":"Polygon","coordinates":[[[38.236723,48.114244],[38.23675,48.114241],[38.23675,48.114222],[38.236723,48.114226],[38.236723,48.114244]]]}},{"type":"Feature","properties":{"cadnum":"1425200000:02:000:0112"},"geometry":{"type":"Polygon","coordinates":[[[38.23653,48.112228],[38.236557,48.112225],[38.236557,48.112208],[38.23653,48.11221],[38.23653,48.112228]]]}},{"type":"Feature","properties":{"cadnum":"1425200000:02:000:0107"},"geometry":{"type":"Polygon","coordinates":[[[38.236723,48.113488],[38.236746,48.113482],[38.23674,48.113464],[38.236713,48.11347],[38.236723,48.113488]]]}},{"type":"Feature","properties":{"cadnum":"1425200000:02:000:0116"},"geometry":{"type":"Polygon","coordinates":[[[38.235748,48.111439],[38.235767,48.111428],[38.235748,48.111416],[38.23573,48.111428],[38.235748,48.111439]]]}},{"type":"Feature","properties":{"cadnum":"1425200000:02:000:0102"},"geometry":{"type":"Polygon","coordinates":[[[38.23679,48.114726],[38.23679,48.114715],[38.236772,48.114715],[38.236772,48.114726],[38.23679,48.114726]]]}},{"type":"Feature","properties":{"cadnum":"1425200000:02:000:0111"},"geometry":{"type":"Polygon","coordinates":[[[38.236583,48.112483],[38.236579,48.112465],[38.236552,48.112465],[38.236557,48.112483],[38.236583,48.112483]]]}},{"type":"Feature","properties":{"cadnum":"1425200000:02:000:0110"},"geometry":{"type":"Polygon","coordinates":[[[38.236601,48.112726],[38.236601,48.112714],[38.236583,48.112714],[38.236583,48.112726],[38.236601,48.112726]]]}},{"type":"Feature","properties":{"cadnum":"1425200000:02:000:0114"},"geometry":{"type":"Polygon","coordinates":[[[38.236274,48.111812],[38.236291,48.111799],[38.236274,48.111788],[38.236251,48.111799],[38.236274,48.111812]]]}},{"type":"Feature","properties":{"cadnum":"1425200000:01:000:1236"},"geometry":{"type":"Polygon","coordinates":[[[38.046397,48.019115],[38.04575,48.016018],[38.04574,48.01601876923077],[38.04574,48.016018],[38.04394,48.016156],[38.044587,48.01928],[38.045568,48.019190663486555],[38.045568,48.019191],[38.046397,48.019115]]]}},{"type":"Feature","properties":{"cadnum":"1425200000:01:000:1215"},"geometry":{"type":"Polygon","coordinates":[[[38.048225,48.018895],[38.050097,48.018737],[38.049478,48.015744],[38.047596,48.015879],[38.048225,48.018895]]]}},{"type":"Feature","properties":{"cadnum":"1425200000:01:000:1182"},"geometry":{"type":"Polygon","coordinates":[[[38.046397,48.019115],[38.046851,48.019073],[38.047901,48.018923],[38.048225,48.018895],[38.047596,48.015879],[38.047191,48.015906],[38.04575,48.016018],[38.046397,48.019115]]]}},{"type":"Feature","properties":{"cadnum":"1425200000:02:000:0232"},"geometry":{"type":"Polygon","coordinates":[[[38.124873,48.10956],[38.124963,48.10952],[38.124906,48.10946],[38.124816,48.109502],[38.124873,48.10956]]]}},{"type":"Feature","properties":{"cadnum":"1425200000:03:000:0099"},"geometry":{"type":"Polygon","coordinates":[[[38.139062,48.158696],[38.139005,48.158676],[38.139035,48.158639],[38.139013,48.15863],[38.138968,48.158685],[38.139049,48.158712],[38.139062,48.158696]]]}},{"type":"Feature","properties":{"cadnum":"1425200000:01:000:1169"},"geometry":{"type":"Polygon","coordinates":[[[38.056726,48.02536773899119],[38.059053,48.025718],[38.059135,48.024138],[38.058766,48.023945],[38.056555,48.023317],[38.056555,48.02331719732442],[38.055829,48.02311],[38.055726,48.025216],[38.056726,48.025368],[38.056726,48.02536773899119]]]}},{"type":"Feature","properties":{"cadnum":"1425200000:01:000:1231"},"geometry":{"type":"Polygon","coordinates":[[[38.061789,48.026434],[38.061835,48.026268],[38.061992,48.02564],[38.061017,48.025127],[38.059135,48.024138],[38.059053,48.025718],[38.060374,48.025916],[38.060787,48.026064],[38.06073,48.026244],[38.061789,48.026434]]]}},{"type":"Feature","properties":{"cadnum":"1425200000:01:000:1098"},"geometry":{"type":"Polygon","coordinates":[[[38.094039,48.026475],[38.094182,48.026226],[38.094532,48.026045],[38.094601,48.026013],[38.093509,48.023519],[38.09009,48.024042],[38.090167,48.026199],[38.090186,48.02673],[38.09018647719689,48.02673],[38.090217,48.027514],[38.093553,48.027461],[38.093536,48.027343],[38.093938154879254,48.02664758728719],[38.094039,48.026475]]]}},{"type":"Feature","properties":{"cadnum":"1425200000:01:000:0174"},"geometry":{"type":"Polygon","coordinates":[[[38.074276,48.043006],[38.074577,48.04288],[38.074083,48.042294],[38.073714,48.042394],[38.074276,48.043006]]]}},{"type":"Feature","properties":{"cadnum":"1425200000:01:000:0176"},"geometry":{"type":"Polygon","coordinates":[[[38.077227,48.04234],[38.078022,48.042264],[38.07746,48.041586],[38.07711,48.041706],[38.07724,48.041862],[38.077052,48.04194],[38.077227,48.04234]]]}},{"type":"Feature","properties":{"cadnum":"1425200000:01:000:0172"},"geometry":{"type":"Polygon","coordinates":[[[38.075129,48.04409],[38.075466,48.044066],[38.075502,48.043958],[38.075425,48.043775],[38.075682,48.0437],[38.075435,48.043391],[38.074865,48.043582],[38.074986,48.043763],[38.074968,48.043931],[38.075129,48.04409]]]}},{"type":"Feature","properties":{"cadnum":"1425200000:01:000:0173"},"geometry":{"type":"Polygon","coordinates":[[[38.076144,48.044072],[38.07671,48.043885],[38.076616,48.043754],[38.076844,48.043631],[38.076657,48.043393],[38.075898,48.043691],[38.075961,48.043847],[38.076144,48.044072]]]}},{"type":"Feature","properties":{"cadnum":"1425200000:01:000:0175"},"geometry":{"type":"Polygon","coordinates":[[[38.076594,48.041303],[38.07628,48.041422],[38.0762823387704,48.041422],[38.074487,48.042105],[38.07464,48.042294],[38.075075,48.042111],[38.075722,48.042889],[38.07641,48.042654],[38.077119,48.0424],[38.07716,48.042276],[38.076701,48.041673],[38.076714,48.041588],[38.07662899999999,48.04138799999998],[38.076594,48.041303]]]}},{"type":"Feature","properties":{"cadnum":"1425200000:02:000:0180"},"geometry":{"type":"Polygon","coordinates":[[[38.22606,48.097277],[38.226082,48.097268],[38.226069,48.097253],[38.226046,48.097262],[38.22606,48.097277]]]}},{"type":"Feature","properties":{"cadnum":"1425200000:02:000:0202"},"geometry":{"type":"Polygon","coordinates":[[[38.226163,48.096986],[38.22619,48.096977],[38.226176,48.096962],[38.22615,48.096971],[38.226163,48.096986]]]}},{"type":"Feature","properties":{"cadnum":"1425200000:02:000:0213"},"geometry":{"type":"Polygon","coordinates":[[[38.241321,48.108156],[38.241358,48.108131],[38.241321,48.108108],[38.241287,48.108131],[38.241321,48.108156]]]}},{"type":"Feature","properties":{"cadnum":"1425200000:02:000:0192"},"geometry":{"type":"Polygon","coordinates":[[[38.242418,48.109098],[38.242436,48.109085],[38.242418,48.109073],[38.2424,48.109085],[38.242418,48.109098]]]}},{"type":"Feature","properties":{"cadnum":"1425200000:02:000:0191"},"geometry":{"type":"Polygon","coordinates":[[[38.240927,48.108138],[38.240958,48.108114],[38.240922,48.108089],[38.240891,48.108114],[38.240927,48.108138]]]}},{"type":"Feature","properties":{"cadnum":"1425200000:02:000:0214"},"geometry":{"type":"Polygon","coordinates":[[[38.242912,48.109178],[38.242929,48.109163],[38.242912,48.109151],[38.242889,48.109167],[38.242912,48.109178]]]}},{"type":"Feature","properties":{"cadnum":"1425200000:01:000:1174"},"geometry":{"type":"Polygon","coordinates":[[[38.08688,48.029161],[38.086484,48.029161],[38.085689,48.0292],[38.085749,48.030403],[38.08574985774611,48.030403],[38.08593114225389,48.033962],[38.08593,48.033962],[38.085941,48.034153],[38.086457,48.03414],[38.087131,48.034126],[38.08712794001874,48.03407581630732],[38.086941827395094,48.030403],[38.086942,48.030403],[38.08688,48.029161]]]}},{"type":"Feature","properties":{"cadnum":"1425200000:01:000:1283"},"geometry":{"type":"Polygon","coordinates":[[[38.095175,48.037078],[38.095513,48.036075],[38.095526,48.036036],[38.095179,48.03604201734104],[38.095179,48.036042],[38.089685,48.03613122294792],[38.089685,48.036131],[38.088878,48.036144],[38.088922,48.036955],[38.088928,48.037056],[38.088932,48.03718],[38.089685,48.037169],[38.089685,48.03716819077901],[38.095007,48.03708075993641],[38.095007,48.037082],[38.095175,48.037078]]]}},{"type":"Feature","properties":{"cadnum":"1425200000:01:000:1147"},"geometry":{"type":"Polygon","coordinates":[[[38.088425,48.037144],[38.088303,48.034099],[38.087131,48.034126],[38.086457,48.03414],[38.086631265927984,48.037635],[38.08663,48.037635],[38.086641,48.037829],[38.08692652549794,48.03771909534405],[38.088425,48.037144]],[[38.087536,48.034828],[38.087436,48.03466],[38.08754,48.034492],[38.08779,48.034423],[38.088043,48.034495],[38.088146,48.034663],[38.088039,48.034832],[38.087786,48.034901],[38.087536,48.034828]]]}},{"type":"Feature","properties":{"cadnum":"1425200000:01:000:1281"},"geometry":{"type":"Polygon","coordinates":[[[38.098144,48.036642],[38.097906,48.036706],[38.097371,48.036937],[38.096872,48.037153],[38.096805,48.037171],[38.096361,48.037279],[38.095975,48.037376],[38.095633,48.037456],[38.095314,48.037534],[38.09509,48.03733],[38.095175,48.037078],[38.089514,48.037171],[38.089514,48.037171498007964],[38.088932,48.03718],[38.08895754385965,48.037635],[38.088957,48.037635],[38.088985,48.038123],[38.089514,48.03811468714286],[38.089514,48.038115],[38.095007,48.03802579329215],[38.095007,48.038026],[38.09845,48.03797],[38.098424,48.037635],[38.09842344283122,48.037635],[38.09835,48.036648],[38.098144,48.036642]]]}},{"type":"Feature","properties":{"cadnum":"1425200000:01:000:1275"},"geometry":{"type":"Polygon","coordinates":[[[38.09516144922541,48.035537294320136],[38.095179,48.035537],[38.095179,48.03553698686131],[38.095692,48.035528],[38.09571,48.03548],[38.095637,48.035108],[38.095934,48.035006],[38.095179,48.03501821682848],[38.095179,48.035018],[38.089685,48.03510625313327],[38.089685,48.035106],[38.088824,48.035119],[38.088851,48.035642],[38.089514,48.035631665467626],[38.089514,48.035632],[38.095007,48.035539884377755],[38.095007,48.03554],[38.09516144922541,48.035537294320136]]]}},{"type":"Feature","properties":{"cadnum":"1425200000:01:000:0053"},"geometry":{"type":"Polygon","coordinates":[[[38.084471,48.036898],[38.084574,48.036874],[38.08454,48.036804],[38.084436,48.036829],[38.084471,48.036898]]]}},{"type":"Feature","properties":{"cadnum":"1425200000:01:000:1226"},"geometry":{"type":"Polygon","coordinates":[[[38.0881,48.029164],[38.08688,48.029161],[38.08693625925926,48.030288],[38.086936,48.030288],[38.08712217260491,48.033962],[38.087121,48.033962],[38.08712794001874,48.03407581630732],[38.087128,48.034077],[38.08712801219512,48.034077],[38.087131,48.034126],[38.088303,48.034099],[38.08829748260212,48.03399101664153],[38.088146,48.030288],[38.08814535916061,48.030288],[38.0881,48.029164]]]}},{"type":"Feature","properties":{"cadnum":"1425200000:01:000:1198"},"geometry":{"type":"Polygon","coordinates":[[[38.085689,48.0292],[38.084494,48.029257],[38.08455,48.030403],[38.084550766693056,48.030403],[38.084729233306945,48.033962],[38.084729,48.033962],[38.084731620553356,48.03400960671923],[38.084735,48.034077],[38.08473533027523,48.034077],[38.084741,48.03418],[38.084957,48.034177],[38.085941,48.034153],[38.085936623036645,48.034077],[38.085937,48.034077],[38.085744,48.030288],[38.08574326433915,48.030288],[38.085689,48.0292]]]}},{"type":"Feature","properties":{"cadnum":"1425200000:01:000:1304"},"geometry":{"type":"Polygon","coordinates":[[[38.095175,48.037078],[38.095513,48.036075],[38.095526,48.036036],[38.095179,48.03604201734104],[38.095179,48.036042],[38.089685,48.03613122294792],[38.089685,48.036131],[38.088878,48.036144],[38.088922,48.036955],[38.088928,48.037056],[38.088932,48.03718],[38.089685,48.037169],[38.089685,48.03716819077901],[38.095007,48.03708075993641],[38.095007,48.037082],[38.095175,48.037078]]]}},{"type":"Feature","properties":{"cadnum":"1425200000:01:000:0179"},"geometry":{"type":"Polygon","coordinates":[[[38.088666,48.037325],[38.088645,48.03718],[38.08730155263158,48.037635],[38.087301,48.037635],[38.08713852154978,48.0376902155179],[38.086962,48.03775],[38.08696259836065,48.03775],[38.086942,48.037757],[38.084305,48.03873],[38.084021,48.038873],[38.084021,48.0388730310559],[38.08387,48.038949],[38.083681,48.03909],[38.083838,48.039183],[38.084021,48.03903308076923],[38.084021,48.039035],[38.084098,48.03897],[38.084192,48.038929],[38.084192,48.03892822222222],[38.084395,48.038838],[38.087031,48.037873],[38.0873979327731,48.03775],[38.087399,48.03775],[38.088666,48.037325]]]}},{"type":"Feature","properties":{"cadnum":"1425200000:02:000:2142"},"geometry":{"type":"Polygon","coordinates":[[[38.133273,48.090878],[38.13321,48.091145],[38.132433,48.091628],[38.132001,48.091754],[38.131665,48.091748],[38.131458,48.091796],[38.131364,48.091859],[38.131248,48.092018],[38.131248,48.092204],[38.131395,48.092366],[38.13202077011494,48.0927],[38.13202,48.0927],[38.132047,48.092714],[38.133631,48.093251],[38.133631,48.09325023338566],[38.13537,48.093839],[38.136442,48.0927],[38.13644080434782,48.0927],[38.136768,48.092354],[38.133631,48.09102961529163],[38.133631,48.091029],[38.133273,48.090878]]]}},{"type":"Feature","properties":{"cadnum":"1425200000:02:000:2058"},"geometry":{"type":"Polygon","coordinates":[[[38.12229,48.077249],[38.12186,48.077135],[38.117606,48.077409],[38.117382,48.07754],[38.117323,48.077681],[38.11843893186812,48.078022],[38.118436,48.078022],[38.121311,48.0789],[38.121832,48.078022],[38.12183073167982,48.078022],[38.12229,48.077249]]]}},{"type":"Feature","properties":{"cadnum":"1425200000:04:001:0055"},"geometry":{"type":"Polygon","coordinates":[[[38.37518171102497,48.13467943345894],[38.375158,48.134663],[38.375158,48.13466303333333],[38.37509,48.134616],[38.374816,48.13485],[38.37482,48.135875],[38.375013,48.136481],[38.375001699708456,48.136709],[38.375001,48.136709],[38.3749992404692,48.13675861876857],[38.374996,48.136824],[38.37499692198582,48.136824],[38.374996,48.13685],[38.374826,48.13765],[38.374453,48.138343],[38.373761,48.139068],[38.37533,48.139153],[38.37533,48.13915217333333],[38.376208,48.139199],[38.378931,48.139305],[38.380179,48.139554],[38.380651,48.139723304347825],[38.380651,48.139724],[38.381065,48.139871],[38.381751,48.139292],[38.380768,48.138549],[38.378111,48.136709],[38.37811007218881,48.136709],[38.37533,48.134782208466966],[38.37533,48.134782],[38.37518171102497,48.13467943345894]]]}},{"type":"Feature","properties":{"cadnum":"1425200000:04:000:0055"},"geometry":{"type":"Polygon","coordinates":[[[38.37518171102497,48.13467943345894],[38.375158,48.134663],[38.375158,48.13466303333333],[38.37509,48.134616],[38.374816,48.13485],[38.37482,48.135875],[38.375013,48.136481],[38.375001699708456,48.136709],[38.375001,48.136709],[38.3749992404692,48.13675861876857],[38.374996,48.136824],[38.37499692198582,48.136824],[38.374996,48.13685],[38.374826,48.13765],[38.374453,48.138343],[38.373761,48.139068],[38.37533,48.139153],[38.37533,48.13915217333333],[38.376208,48.139199],[38.378931,48.139305],[38.380179,48.139554],[38.380651,48.139723304347825],[38.380651,48.139724],[38.381065,48.139871],[38.381751,48.139292],[38.380768,48.138549],[38.378111,48.136709],[38.37811007218881,48.136709],[38.37533,48.134782208466966],[38.37533,48.134782],[38.37518171102497,48.13467943345894]]]}},{"type":"Feature","properties":{"cadnum":"1425200000:02:000:0347"},"geometry":{"type":"Polygon","coordinates":[[[38.129994,48.108051],[38.130034,48.108002],[38.130012,48.107994],[38.129971,48.108042],[38.129994,48.108051]]]}},{"type":"Feature","properties":{"cadnum":"1425200000:02:000:0346"},"geometry":{"type":"Polygon","coordinates":[[[38.131278,48.108546],[38.131319,48.1085],[38.131296,48.108491],[38.131256,48.108536],[38.131278,48.108546]]]}},{"type":"Feature","properties":{"cadnum":"1425200000:02:000:0345"},"geometry":{"type":"Polygon","coordinates":[[[38.132491,48.108996],[38.132504,48.10898],[38.132483,48.108969],[38.132464,48.108987],[38.132491,48.108996]]]}},{"type":"Feature","properties":{"cadnum":"1425200000:02:000:0348"},"geometry":{"type":"Polygon","coordinates":[[[38.128728,48.107559],[38.128768,48.107514],[38.128745,48.107505],[38.128705,48.10755],[38.128728,48.107559]]]}},{"type":"Feature","properties":{"cadnum":"1425200000:02:000:0189"},"geometry":{"type":"Polygon","coordinates":[[[38.237918,48.106146],[38.237899,48.106134],[38.237882,48.106146],[38.237899,48.106161],[38.237918,48.106146]]]}},{"type":"Feature","properties":{"cadnum":"1425200000:02:000:0211"},"geometry":{"type":"Polygon","coordinates":[[[38.23834,48.1062],[38.238358,48.106185],[38.23834,48.106173],[38.238321,48.106188],[38.23834,48.1062]]]}},{"type":"Feature","properties":{"cadnum":"1425200000:02:000:0212"},"geometry":{"type":"Polygon","coordinates":[[[38.239975,48.107277],[38.240011,48.107253],[38.239975,48.107229],[38.239939,48.107253],[38.239975,48.107277]]]}},{"type":"Feature","properties":{"cadnum":"1425200000:02:000:0190"},"geometry":{"type":"Polygon","coordinates":[[[38.239719,48.107355],[38.239755,48.107331],[38.239719,48.107307],[38.239683,48.107331],[38.239719,48.107355]]]}},{"type":"Feature","properties":{"cadnum":"1425200000:03:000:0006"},"geometry":{"type":"Polygon","coordinates":[[[38.166317,48.164886],[38.166358,48.164821],[38.166258,48.164794],[38.166218,48.164859],[38.166317,48.164886]]]}},{"type":"Feature","properties":{"cadnum":"1425200000:02:000:0119"},"geometry":{"type":"Polygon","coordinates":[[[37.966446,48.109973],[37.966446,48.109961],[37.966429,48.109961],[37.966429,48.109973],[37.966446,48.109973]]]}},{"type":"Feature","properties":{"cadnum":"1425200000:01:000:0137"},"geometry":{"type":"Polygon","coordinates":[[[38.095054,48.052369],[38.095081,48.052347],[38.09505,48.052329],[38.095023,48.052351],[38.095054,48.052369]]]}},{"type":"Feature","properties":{"cadnum":"1425200000:01:000:0139"},"geometry":{"type":"Polygon","coordinates":[[[38.092152,48.05057],[38.09218,48.050549],[38.092152,48.050531],[38.092121,48.050549],[38.092152,48.05057]]]}},{"type":"Feature","properties":{"cadnum":"1425200000:01:000:0138"},"geometry":{"type":"Polygon","coordinates":[[[38.093585,48.05147],[38.093616,48.05145],[38.093585,48.051429],[38.093553,48.05145],[38.093585,48.05147]]]}},{"type":"Feature","properties":{"cadnum":"1425200000:01:000:0140"},"geometry":{"type":"Polygon","coordinates":[[[38.090723,48.049681],[38.090729,48.049651],[38.090679,48.049649],[38.090679,48.049681],[38.090723,48.049681]]]}},{"type":"Feature","properties":{"cadnum":"1425200000:01:000:0058"},"geometry":{"type":"Polygon","coordinates":[[[38.091461,48.049894],[38.091564,48.04987],[38.091528,48.049805],[38.091429,48.049825],[38.091461,48.049894]]]}},{"type":"Feature","properties":{"cadnum":"1425200000:02:000:0344"},"geometry":{"type":"Polygon","coordinates":[[[38.133745,48.109502],[38.133785,48.109454],[38.133762,48.109445],[38.133722,48.109493],[38.133745,48.109502]]]}},{"type":"Feature","properties":{"cadnum":"1425200000:02:000:0341"},"geometry":{"type":"Polygon","coordinates":[[[38.137728,48.111041],[38.137769,48.110996],[38.137747,48.110987],[38.137706,48.111032],[38.137728,48.111041]]]}},{"type":"Feature","properties":{"cadnum":"1425200000:02:000:0343"},"geometry":{"type":"Polygon","coordinates":[[[38.135097,48.110024],[38.135137,48.109976],[38.135114,48.109967],[38.13507,48.110016],[38.135097,48.110024]]]}},{"type":"Feature","properties":{"cadnum":"1425200000:02:000:0342"},"geometry":{"type":"Polygon","coordinates":[[[38.136412,48.110534],[38.136452,48.110486],[38.13643,48.110477],[38.136389,48.110525],[38.136412,48.110534]]]}},{"type":"Feature","properties":{"cadnum":"1425200000:01:000:1227"},"geometry":{"type":"Polygon","coordinates":[[[38.034323,48.016873],[38.034582,48.01812172853828],[38.034582,48.018123],[38.03481825099285,48.019267],[38.034818,48.019267],[38.034836478928206,48.01935526527158],[38.034842,48.019382],[38.034842076023395,48.019382],[38.034997,48.020122],[38.035065,48.020115],[38.035572,48.020158],[38.036048,48.020122],[38.036371,48.02004],[38.036713,48.020008],[38.03658290013495,48.019382],[38.036583,48.019382],[38.036039,48.01675],[38.034593316504825,48.01685418446602],[38.034323,48.016873]]]}},{"type":"Feature","properties":{"cadnum":"1425200000:01:000:1253"},"geometry":{"type":"Polygon","coordinates":[[[38.032585,48.017],[38.03161,48.017073],[38.03105318579472,48.019267],[38.031052,48.019267],[38.030757,48.020434],[38.033258,48.020248],[38.03307879714577,48.019382],[38.033079,48.019382],[38.032585,48.017]]]}},{"type":"Feature","properties":{"cadnum":"1425200000:01:000:1179"},"geometry":{"type":"Polygon","coordinates":[[[38.034323,48.016873],[38.032585,48.017],[38.03305515029387,48.019267],[38.033055,48.019267],[38.033258,48.020248],[38.034754,48.02014],[38.034754,48.020139566265065],[38.034997,48.020122],[38.034836478928206,48.01935526527159],[38.034754,48.01895587692308],[38.034754,48.018951],[38.034323,48.016873]]]}},{"type":"Feature","properties":{"cadnum":"1425200000:02:000:0266"},"geometry":{"type":"Polygon","coordinates":[[[38.155475,48.125227],[38.155484,48.125239],[38.155432,48.125258],[38.155432,48.125258146881286],[38.15449,48.125605],[38.154469,48.125581],[38.154120082251076,48.125711],[38.15412,48.125711],[38.153849,48.125812],[38.15371,48.12565],[38.153813,48.125617],[38.153957,48.12556],[38.15414,48.125488],[38.15392,48.125188],[38.153844,48.125089],[38.15371,48.125122],[38.153683,48.125087],[38.153647,48.125047],[38.153786,48.124993],[38.153773,48.124978],[38.154356,48.124754],[38.155398,48.124352],[38.155331,48.124285],[38.154266,48.124696],[38.1537,48.124912],[38.153687,48.124898],[38.153561,48.124945],[38.153534,48.124916],[38.151557,48.125653],[38.151298,48.125825],[38.15129882131662,48.125825],[38.150991,48.12603],[38.150723,48.126505],[38.15011,48.12668405229592],[38.15011,48.126684],[38.148513,48.127149],[38.149249,48.128243],[38.149939,48.12803383623693],[38.149939,48.128034],[38.15010881892807,48.12798235802529],[38.15011,48.127982],[38.15011,48.127981998861046],[38.150817,48.127767],[38.150767,48.1277],[38.152281,48.127227],[38.152847,48.127458],[38.154289,48.127047],[38.155249,48.126522],[38.155432,48.12645324576271],[38.155432,48.126454],[38.1568,48.125938],[38.15662,48.125719],[38.15653,48.125752],[38.156503,48.125722],[38.156476,48.125685],[38.156566,48.125653],[38.156517,48.125593],[38.15605,48.125023],[38.155603,48.12518158782609],[38.155603,48.125181],[38.155475,48.125227]],[[38.15136,48.126232],[38.151266,48.12627],[38.151213,48.126201],[38.151307,48.126165],[38.15136,48.126232]]]}},{"type":"Feature","properties":{"cadnum":"1425200000:02:000:0427"},"geometry":{"type":"Polygon","coordinates":[[[38.160914,48.104251],[38.160918,48.104223],[38.160878,48.104221],[38.160874,48.104248],[38.160914,48.104251]]]}},{"type":"Feature","properties":{"cadnum":"1425200000:05:000:3006"},"geometry":{"type":"Polygon","coordinates":[[[38.078515,48.027905],[38.078058,48.027797],[38.077092,48.027568],[38.076674,48.02747],[38.076477,48.027434],[38.076293,48.027398],[38.076244,48.027389],[38.076238,48.028599],[38.074397,48.028449],[38.074393,48.029035],[38.078527,48.02944292191197],[38.078527,48.029443],[38.078619,48.029452],[38.078515,48.027905]]]}},{"type":"Feature","properties":{"cadnum":"1425200000:01:000:0050"},"geometry":{"type":"Polygon","coordinates":[[[38.080043,48.02834],[38.080146,48.028325],[38.080123,48.028256],[38.08002,48.028271],[38.080043,48.02834]]]}},{"type":"Feature","properties":{"cadnum":"1425200000:05:000:3007"},"geometry":{"type":"Polygon","coordinates":[[[38.07893,48.029479],[38.080362,48.02941],[38.080506,48.029404],[38.080919,48.029383],[38.080982,48.02938],[38.080986,48.028752],[38.080591,48.028752],[38.08002,48.028749],[38.078884,48.028749],[38.07893,48.029479]]]}},{"type":"Feature","properties":{"cadnum":"1425200000:01:000:1032"},"geometry":{"type":"Polygon","coordinates":[[[38.080502,48.016781],[38.079329,48.016832],[38.0793242254902,48.019267],[38.079324,48.019267],[38.079324,48.019382],[38.079324,48.019719],[38.080496,48.019719],[38.080496,48.019382],[38.080502,48.016781]]]}},{"type":"Feature","properties":{"cadnum":"1425200000:01:000:1034"},"geometry":{"type":"Polygon","coordinates":[[[38.081664,48.01673],[38.080502,48.016781],[38.080496265282584,48.019267],[38.080496,48.019267],[38.080496,48.019382],[38.080496,48.019719],[38.08166,48.019719],[38.08166,48.019382],[38.081664,48.01673]]]}},{"type":"Feature","properties":{"cadnum":"1425200000:01:000:1040"},"geometry":{"type":"Polygon","coordinates":[[[38.08394716624503,48.019267],[38.083947,48.019267],[38.083947,48.019382],[38.083947,48.019722],[38.084021,48.019722],[38.084192,48.019722],[38.08568,48.019722],[38.08552606593407,48.019382],[38.085527,48.019382],[38.085073,48.01837],[38.085285,48.018322],[38.084643,48.016916],[38.084611,48.016768],[38.08458,48.01663],[38.084037,48.01661],[38.083951,48.016615],[38.08394716624503,48.019267]]]}},{"type":"Feature","properties":{"cadnum":"1425200000:01:000:1108"},"geometry":{"type":"Polygon","coordinates":[[[38.078527,48.016868],[38.078527,48.01686827692308],[38.078179,48.016883],[38.07831828131253,48.019267],[38.078318,48.019267],[38.078345,48.019716],[38.078699,48.019718],[38.078699,48.01971743161857],[38.079324,48.019719],[38.079324,48.019382],[38.079329,48.016832],[38.078527,48.016868]]]}},{"type":"Feature","properties":{"cadnum":"1425200000:01:000:1096"},"geometry":{"type":"Polygon","coordinates":[[[38.082815,48.016681],[38.081664,48.01673],[38.081660173454,48.019267],[38.08166,48.019267],[38.08166,48.019382],[38.08166,48.019719],[38.08281,48.019719],[38.08281,48.019382],[38.082815,48.016681]]]}},{"type":"Feature","properties":{"cadnum":"1425200000:01:000:1261"},"geometry":{"type":"Polygon","coordinates":[[[38.083951,48.016615],[38.083802,48.016628],[38.083659,48.016646],[38.082815,48.016681],[38.08281021288412,48.019267],[38.08281,48.019267],[38.08281,48.019382],[38.08281,48.019719],[38.083947,48.019722],[38.083947,48.019382],[38.083951,48.016615]]]}},{"type":"Feature","properties":{"cadnum":"1425200000:01:000:1056"},"geometry":{"type":"Polygon","coordinates":[[[38.08223,48.022789],[38.082234,48.019719],[38.080339,48.019719],[38.080335,48.022787],[38.08223,48.022789]]]}},{"type":"Feature","properties":{"cadnum":"1425200000:01:000:1094"},"geometry":{"type":"Polygon","coordinates":[[[38.078345,48.019716],[38.078527,48.02275361956519],[38.078527,48.022765],[38.078529,48.022787],[38.078699,48.022787],[38.080335,48.022787],[38.080339,48.019719],[38.079324,48.019719],[38.078527,48.019717],[38.078527,48.019717028248586],[38.078345,48.019716]]]}},{"type":"Feature","properties":{"cadnum":"1425200000:01:000:1104"},"geometry":{"type":"Polygon","coordinates":[[[38.084135,48.019722],[38.084021,48.019722],[38.083947,48.019722],[38.08281,48.019719],[38.082234,48.019719],[38.08223,48.022789],[38.084021,48.022789],[38.084131,48.022789],[38.084135,48.019722]]]}},{"type":"Feature","properties":{"cadnum":"1425200000:01:000:1188"},"geometry":{"type":"Polygon","coordinates":[[[38.040046,48.026635],[38.037557,48.023186],[38.03687,48.023408],[38.039269,48.02673],[38.03927094160584,48.02673],[38.039287,48.026752],[38.03942971794872,48.02673],[38.039432,48.02673],[38.040046,48.026635]]]}},{"type":"Feature","properties":{"cadnum":"1425200000:01:000:1183"},"geometry":{"type":"Polygon","coordinates":[[[38.037004,48.020242],[38.036511,48.020287],[38.036197,48.020416],[38.035536,48.02047],[38.035056,48.020368],[38.035596,48.023056],[38.03559617293233,48.023056],[38.035707,48.023606],[38.036735,48.023237],[38.037549,48.022961],[38.037545,48.022941],[38.03754499117323,48.022941],[38.037004,48.020242]]]}},{"type":"Feature","properties":{"cadnum":"1425200000:01:000:1164"},"geometry":{"type":"Polygon","coordinates":[[[38.03687,48.023408],[38.036304,48.023591],[38.036174,48.023649],[38.038399,48.02673],[38.03839959615385,48.02673],[38.038505,48.026875],[38.039287,48.026752],[38.039187,48.026615],[38.03918595213727,48.026615],[38.03687,48.023408]]]}},{"type":"Feature","properties":{"cadnum":"1425200000:01:000:1158"},"geometry":{"type":"Polygon","coordinates":[[[38.04016879464355,48.02233538988072],[38.038864,48.022759],[38.039078,48.023056],[38.03907896712802,48.023056],[38.040075,48.02443659232614],[38.040075,48.024437],[38.041497,48.026406],[38.042125,48.026307],[38.042004,48.025256],[38.041581,48.024682],[38.041132,48.0233],[38.040977,48.022941],[38.04097643329533,48.022941],[38.040648,48.022179],[38.04016879464355,48.02233538988072]]]}},{"type":"Feature","properties":{"cadnum":"1425200000:01:000:1238"},"geometry":{"type":"Polygon","coordinates":[[[38.038864,48.022759],[38.038306969696954,48.022941],[38.038306,48.022941],[38.037557,48.023186],[38.040046,48.026635],[38.040247,48.026603],[38.040247,48.026602905766524],[38.041497,48.026406],[38.040247,48.02467516315049],[38.040247,48.024675],[38.038996,48.022941],[38.03899513804714,48.022941],[38.038864,48.022759]]]}},{"type":"Feature","properties":{"cadnum":"1425200000:01:000:1252"},"geometry":{"type":"Polygon","coordinates":[[[38.035056,48.020368],[38.035023,48.020362],[38.034582,48.020395],[38.034582,48.020395561797756],[38.03422,48.020422],[38.034744,48.023056],[38.034744882051285,48.023056],[38.034916,48.023916],[38.035558,48.02366],[38.035707,48.023606],[38.035573,48.022941],[38.03557289732143,48.022941],[38.035056,48.020368]]]}},{"type":"Feature","properties":{"cadnum":"1425200000:02:000:0234"},"geometry":{"type":"Polygon","coordinates":[[[38.12998,48.114586],[38.13007,48.114544],[38.130012,48.114486],[38.129923,48.114526],[38.12998,48.114586]]]}},{"type":"Feature","properties":{"cadnum":"1425200000:04:000:0039"},"geometry":{"type":"Polygon","coordinates":[[[38.370312,48.129316],[38.370361,48.129298],[38.370338,48.129269],[38.370289,48.129283],[38.370312,48.129316]]]}},{"type":"Feature","properties":{"cadnum":"1425200000:01:000:1232"},"geometry":{"type":"Polygon","coordinates":[[[38.066164,48.022612],[38.065957,48.022279],[38.06523,48.021918],[38.064726,48.02178],[38.064179,48.021696],[38.063779,48.021714],[38.063437,48.022874],[38.064816,48.023056],[38.06481748042702,48.023056],[38.066074,48.023222],[38.06615,48.023077],[38.066196,48.02297],[38.066164,48.022612]]]}},{"type":"Feature","properties":{"cadnum":"1425200000:01:000:1003"},"geometry":{"type":"Polygon","coordinates":[[[38.067713,48.020745],[38.067713,48.020743766839374],[38.067867,48.020115],[38.06769021392869,48.020096562188876],[38.067255,48.02005],[38.067062,48.020834],[38.067541,48.020888004901956],[38.067541,48.020889],[38.067674,48.020903],[38.067713,48.020745]]]}},{"type":"Feature","properties":{"cadnum":"1425200000:01:000:1057"},"geometry":{"type":"Polygon","coordinates":[[[38.066452,48.020767],[38.066645,48.019981],[38.066307,48.019944],[38.065575,48.020647],[38.065894,48.020707],[38.066452,48.020767]]]}},{"type":"Feature","properties":{"cadnum":"1425200000:01:000:1073"},"geometry":{"type":"Polygon","coordinates":[[[38.067062,48.020834],[38.067255,48.02005],[38.066645,48.019981],[38.066452,48.020767],[38.067062,48.020834]]]}},{"type":"Feature","properties":{"cadnum":"1425200000:01:000:1041"},"geometry":{"type":"Polygon","coordinates":[[[38.067548,48.019106],[38.06728025,48.019267],[38.06728,48.019267],[38.066569,48.019695],[38.066353,48.019905],[38.067328,48.02001],[38.06748013997308,48.019382],[38.067481,48.019382],[38.067548,48.019106]]]}},{"type":"Feature","properties":{"cadnum":"1425200000:02:000:0242"},"geometry":{"type":"Polygon","coordinates":[[[38.148787,48.133082],[38.148872,48.133042],[38.148813,48.132983],[38.148724,48.133025],[38.148787,48.133082]]]}},{"type":"Feature","properties":{"cadnum":"1425200000:02:000:0241"},"geometry":{"type":"Polygon","coordinates":[[[38.146006,48.130393],[38.146096,48.130351],[38.146033,48.130294],[38.145947,48.130333],[38.146006,48.130393]]]}},{"type":"Feature","properties":{"cadnum":"1425200000:03:000:0030"},"geometry":{"type":"Polygon","coordinates":[[[38.172083,48.142935],[38.172083,48.142933925925924],[38.172138,48.142883],[38.172017,48.142826],[38.171941,48.142901],[38.172057,48.142958],[38.172083,48.142935]]]}},{"type":"Feature","properties":{"cadnum":"1425200000:03:000:0031"},"geometry":{"type":"Polygon","coordinates":[[[38.175107,48.140755],[38.175197,48.140678],[38.17509,48.14062],[38.175,48.140701],[38.175107,48.140755]]]}},{"type":"Feature","properties":{"cadnum":"1425200000:01:000:0167"},"geometry":{"type":"Polygon","coordinates":[[[38.0722,48.043916],[38.072242,48.04391],[38.072236,48.043883],[38.072196,48.043885],[38.0722,48.043916]]]}},{"type":"Feature","properties":{"cadnum":"1425200000:01:000:0153"},"geometry":{"type":"Polygon","coordinates":[[[38.071959,48.044982],[38.071963,48.044949],[38.071909,48.044946],[38.071909,48.044982],[38.071959,48.044982]]]}},{"type":"Feature","properties":{"cadnum":"1425200000:01:000:0069"},"geometry":{"type":"Polygon","coordinates":[[[38.071689,48.044003],[38.071896,48.043922],[38.072785,48.043589],[38.0722,48.042892],[38.071096,48.043295],[38.07142,48.043687],[38.071428,48.043685],[38.07168,48.043997],[38.071689,48.044003]]]}},{"type":"Feature","properties":{"cadnum":"1425200000:01:000:0070"},"geometry":{"type":"Polygon","coordinates":[[[38.071186,48.044183],[38.07168,48.043997],[38.071428,48.043685],[38.07142,48.043687],[38.07093,48.043871],[38.071186,48.044183]]]}},{"type":"Feature","properties":{"cadnum":"1425200000:01:000:0154"},"geometry":{"type":"Polygon","coordinates":[[[38.072628,48.043847],[38.072628,48.043816],[38.072578,48.043814],[38.072578,48.043847],[38.072628,48.043847]]]}},{"type":"Feature","properties":{"cadnum":"1425200000:02:000:2023"},"geometry":{"type":"Polygon","coordinates":[[[38.106165,48.083282],[38.104208,48.082768],[38.103058,48.084031],[38.105993,48.08480182716447],[38.105993,48.084802],[38.108561,48.085476],[38.10856408168317,48.085476],[38.109665,48.085765],[38.109734,48.085361],[38.1097325945946,48.085361],[38.109858,48.084625],[38.109916,48.084268],[38.109629,48.084193],[38.108767,48.083964],[38.106165,48.083282077144915],[38.106165,48.083282]],[[38.105048,48.083782],[38.105048,48.08371],[38.105191,48.083653],[38.105362,48.083662],[38.105533,48.083698],[38.105654,48.083803],[38.1057,48.083908],[38.105618,48.083964],[38.10547,48.083995],[38.105281,48.083995],[38.105119,48.083905],[38.105048,48.083782]]]}},{"type":"Feature","properties":{"cadnum":"1425200000:01:000:0223"},"geometry":{"type":"Polygon","coordinates":[[[38.04574,48.05194367266187],[38.04668,48.052002],[38.046698,48.051396],[38.045568,48.051364],[38.045568,48.05136400313301],[38.042229,48.051267],[38.042049,48.051714],[38.04574,48.051944],[38.04574,48.05194367266187]]]}},{"type":"Feature","properties":{"cadnum":"1425200000:01:000:0224"},"geometry":{"type":"Polygon","coordinates":[[[38.04574,48.05136887079646],[38.046698,48.051396],[38.046715,48.050882],[38.04560797586896,48.050830847184876],[38.042457,48.050684],[38.042229,48.051267],[38.04574,48.051369],[38.04574,48.05136887079646]]]}},{"type":"Feature","properties":{"cadnum":"1425200000:01:000:0225"},"geometry":{"type":"Polygon","coordinates":[[[38.04574,48.050836947689625],[38.046715,48.050882],[38.046738,48.050312],[38.045568,48.050253],[38.045568,48.05025314622951],[38.04269,48.050105],[38.042457,48.050684],[38.045568,48.05082898416083],[38.045568,48.050829],[38.04560797586896,48.050830847184876],[38.04574,48.050837],[38.04574,48.050836947689625]]]}},{"type":"Feature","properties":{"cadnum":"1425200000:01:000:1254"},"geometry":{"type":"Polygon","coordinates":[[[38.061915,48.042685],[38.057675,48.042567],[38.057617,48.043498],[38.062048,48.043918670649575],[38.062048,48.043919],[38.064498,48.04415],[38.063779,48.043781],[38.062387,48.043036],[38.06206258064577,48.04279483871013],[38.061915,48.042685]]]}},{"type":"Feature","properties":{"cadnum":"1425200000:01:000:1233"},"geometry":{"type":"Polygon","coordinates":[[[38.055747,48.04055],[38.055694,48.041422],[38.055694051428574,48.041422],[38.055573,48.043408],[38.055636,48.043397],[38.056017,48.043348],[38.056555,48.04339959943583],[38.056555,48.0434],[38.056665317482796,48.04341017995604],[38.056726,48.043416],[38.056726,48.04341577966102],[38.057617,48.043498],[38.057675,48.042567],[38.05774138999205,48.041422],[38.057742,48.041422],[38.057791,48.040604],[38.056726,48.04057642718446],[38.056726,48.040576],[38.055747,48.04055]]]}},{"type":"Feature","properties":{"cadnum":"1425200000:01:000:1222"},"geometry":{"type":"Polygon","coordinates":[[[38.059948,48.041027],[38.059665,48.040655],[38.057791,48.040604],[38.057748828850855,48.041308],[38.057748,48.041308],[38.057675,48.042567],[38.061915,48.042685],[38.061296,48.042216],[38.060395317180614,48.041422],[38.060396,48.041422],[38.059948,48.041027]]]}},{"type":"Feature","properties":{"cadnum":"1425200000:01:000:1262"},"geometry":{"type":"Polygon","coordinates":[[[38.069357,48.020233],[38.069542,48.019478],[38.068886,48.019623],[38.068743,48.019557],[38.068598,48.020149],[38.069357,48.020233]]]}},{"type":"Feature","properties":{"cadnum":"1425200000:01:000:1082"},"geometry":{"type":"Polygon","coordinates":[[[38.073155496504036,48.02135639393938],[38.073206,48.021355],[38.073206,48.02135489497717],[38.0761,48.021269],[38.076378,48.02126],[38.076657,48.021251],[38.078022,48.021212],[38.077949,48.020082],[38.076091,48.02014],[38.075808,48.020146],[38.075529,48.020155],[38.074011,48.0202],[38.073034,48.020229],[38.073034,48.02022908624938],[38.071177,48.020284],[38.07132,48.020314],[38.071446,48.020365],[38.071581,48.020596],[38.072376,48.021056],[38.072601,48.021266],[38.072735,48.021368],[38.073034,48.021359747346075],[38.073034,48.02136],[38.073155496504036,48.02135639393938]]]}},{"type":"Feature","properties":{"cadnum":"1425200000:01:000:1048"},"geometry":{"type":"Polygon","coordinates":[[[38.072735,48.021368],[38.073034,48.021600978768575],[38.073034,48.021602],[38.073728,48.022141],[38.0739054863388,48.022941],[38.073905,48.022941],[38.074083,48.023736],[38.074074,48.024276],[38.077605,48.024174],[38.077888,48.024165],[38.078165,48.024156],[38.078211,48.024156],[38.078179,48.023658],[38.07813953835425,48.023056],[38.07814,48.023056],[38.078022,48.021212],[38.076657,48.021251],[38.076378,48.02126],[38.0761,48.021269],[38.073155496504036,48.02135639393938],[38.072735,48.021368]],[[38.076804,48.021984],[38.07684,48.022053],[38.076741,48.022077],[38.076706,48.022008],[38.076804,48.021984]]]}},{"type":"Feature","properties":{"cadnum":"1425200000:01:000:1071"},"geometry":{"type":"Polygon","coordinates":[[[38.068288,48.020966],[38.068477,48.020182],[38.067867,48.020115],[38.067674,48.020903],[38.068271,48.020966],[38.068288,48.020966]]]}},{"type":"Feature","properties":{"cadnum":"1425200000:01:000:1069"},"geometry":{"type":"Polygon","coordinates":[[[38.068288,48.020966],[38.068931,48.020926],[38.069336,48.020924],[38.0688,48.020696],[38.068976,48.020527],[38.069313,48.020271],[38.068477,48.020182],[38.068288,48.020966]]]}},{"type":"Feature","properties":{"cadnum":"1425200000:02:000:2132"},"geometry":{"type":"Polygon","coordinates":[[[38.11766,48.099625],[38.117562,48.099601],[38.117499488203265,48.100037],[38.117499,48.100037],[38.117432,48.100517],[38.117269,48.101615],[38.118042,48.101644],[38.118774,48.101675],[38.120252,48.101735],[38.120709,48.101752],[38.120902,48.100421],[38.120566,48.100337],[38.119343,48.100037],[38.119341616698286,48.100037],[38.11766,48.099625]],[[38.120598,48.100624],[38.120606,48.10061],[38.120633,48.100615],[38.120625,48.10063],[38.120598,48.100624]],[[38.120579,48.101482],[38.120606,48.101477],[38.120615,48.101495],[38.120589,48.101497],[38.120579,48.101482]],[[38.120373,48.10103],[38.120458,48.101017],[38.120468,48.101035],[38.120378,48.101048],[38.120373,48.10103]],[[38.120346,48.101159],[38.120413,48.101155],[38.120413,48.1012],[38.120346,48.101203],[38.120346,48.101159]],[[38.118158,48.101206],[38.118244,48.101188],[38.118271,48.101242],[38.118191,48.101263],[38.118158,48.101206]]]}},{"type":"Feature","properties":{"cadnum":"1425200000:02:000:2050"},"geometry":{"type":"Polygon","coordinates":[[[38.138952,48.09641216666666],[38.138952,48.096413],[38.139030181818406,48.096330727272495],[38.139124,48.096233],[38.139124,48.096232],[38.139984,48.095327],[38.138952,48.094886],[38.138952,48.09488643249701],[38.13745,48.094244],[38.137454,48.094258],[38.137347,48.094268],[38.137261,48.094244],[38.137108,48.094169],[38.137059,48.094142],[38.137059,48.094118],[38.137131,48.094115],[38.137158,48.09412],[38.135802,48.093542],[38.135492,48.093866],[38.136269,48.094094],[38.137212,48.09446],[38.137342,48.094678],[38.137401,48.094958],[38.137162,48.09563],[38.137181,48.095954],[38.137257,48.096139],[38.13741,48.096319],[38.13753012195123,48.096369],[38.137528,48.096369],[38.13776656108663,48.09646741628986],[38.137804,48.096483],[38.137804335999995,48.096483],[38.137831,48.096494],[38.13841,48.096617],[38.138735,48.096641],[38.13890217475739,48.09646406796105],[38.138952,48.09641216666666]]]}},{"type":"Feature","properties":{"cadnum":"1425200000:01:000:1228"},"geometry":{"type":"Polygon","coordinates":[[[38.046397,48.020236],[38.046185,48.020308],[38.045568,48.020524],[38.045568,48.020524008888884],[38.04394,48.021092],[38.045358,48.023056],[38.045358275862064,48.023056],[38.045485,48.023231],[38.045568,48.02322839607843],[38.045568,48.023229],[38.048189,48.023153],[38.048196,48.022941],[38.04819558255452,48.022941],[38.048202,48.022735],[38.046397,48.020236]]]}},{"type":"Feature","properties":{"cadnum":"1425200000:01:000:1243"},"geometry":{"type":"Polygon","coordinates":[[[38.04394,48.021092],[38.042566,48.021569],[38.04256,48.022474],[38.04255518556701,48.022941],[38.042555,48.022941],[38.042547,48.023687],[38.042539,48.024757],[38.042462,48.025283],[38.042004,48.025256],[38.042125,48.026307],[38.042229,48.026289],[38.042646,48.026184],[38.04283,48.025938],[38.043149,48.024989],[38.043765,48.023841],[38.044015,48.023426],[38.04442,48.023384],[38.04544,48.023231],[38.045485,48.023231],[38.045275,48.022941],[38.045274970468434,48.022941],[38.04394,48.021092]]]}},{"type":"Feature","properties":{"cadnum":"1425200000:01:000:1218"},"geometry":{"type":"Polygon","coordinates":[[[38.046128,48.02011],[38.047017,48.019803],[38.046914,48.019376],[38.045568,48.019489],[38.045568,48.01948939895357],[38.042682,48.019731],[38.042696,48.02075],[38.042547,48.021351],[38.04574,48.020245],[38.04574,48.02024441428572],[38.046128,48.02011]]]}},{"type":"Feature","properties":{"cadnum":"1425200000:01:000:1217"},"geometry":{"type":"Polygon","coordinates":[[[38.040612,48.021952],[38.040702,48.021315],[38.041245,48.019861],[38.040247,48.01995056410256],[38.040247,48.01995],[38.039296,48.020035],[38.039736,48.022237],[38.040247,48.022071],[38.040247,48.022070268156426],[38.040612,48.021952]]]}},{"type":"Feature","properties":{"cadnum":"1425200000:01:000:1237"},"geometry":{"type":"Polygon","coordinates":[[[38.044587,48.01928],[38.04394,48.016156],[38.04278,48.016243],[38.042157,48.016288],[38.042336,48.017142],[38.042367,48.017474],[38.042436,48.017868],[38.042629,48.018391],[38.042696,48.018868],[38.04266184435797,48.019267],[38.042661,48.019267],[38.042646,48.019454],[38.04344917241382,48.019382],[38.043456,48.019382],[38.044587,48.01928]]]}},{"type":"Feature","properties":{"cadnum":"1425200000:01:000:1167"},"geometry":{"type":"Polygon","coordinates":[[[38.039529,48.016477],[38.037777,48.016615],[38.03832714383809,48.019267],[38.038327,48.019267],[38.038447,48.019845],[38.040075,48.01969394845361],[38.040075,48.019695],[38.040193,48.019683],[38.040107,48.019267],[38.04010620826161,48.019267],[38.039529,48.016477]]]}},{"type":"Feature","properties":{"cadnum":"1425200000:01:000:1191"},"geometry":{"type":"Polygon","coordinates":[[[38.0416,48.017997],[38.04177,48.017271],[38.042071,48.017093],[38.042336,48.017142],[38.042157,48.016288],[38.040323,48.016417],[38.04012063199683,48.01643250400024],[38.039529,48.016477],[38.04010620826161,48.019267],[38.040106,48.019267],[38.04012535821956,48.019359563440666],[38.04013,48.019382],[38.04013005048077,48.019382],[38.040193,48.019683],[38.040247,48.019679],[38.040247,48.019677942439024],[38.041218,48.019587],[38.041294,48.019267],[38.04129383439491,48.019267],[38.04138,48.018911],[38.0416,48.017997]]]}},{"type":"Feature","properties":{"cadnum":"1425200000:02:000:2093"},"geometry":{"type":"Polygon","coordinates":[[[38.117143,48.11161],[38.113298,48.111439],[38.113029,48.114181],[38.114799,48.114075],[38.115679,48.113779],[38.116887,48.113854],[38.116923,48.113857],[38.11698,48.11327482272729],[38.11698,48.113282],[38.117143,48.11161]]]}},{"type":"Feature","properties":{"cadnum":"1425200000:02:000:2035"},"geometry":{"type":"Polygon","coordinates":[[[38.117004,48.107076],[38.114745,48.106974],[38.114693,48.107489],[38.11469353648863,48.107489],[38.11433936382866,48.111042],[38.114339,48.111042],[38.11433444622175,48.11109133259774],[38.114328,48.111156],[38.11432847692308,48.111156],[38.114327,48.111172],[38.116587,48.111263],[38.116608,48.111042],[38.11660736382866,48.111042],[38.11696153648863,48.107489],[38.116962,48.107489],[38.117004,48.107076]]]}},{"type":"Feature","properties":{"cadnum":"1425200000:02:000:2091"},"geometry":{"type":"Polygon","coordinates":[[[38.114745,48.106974],[38.112495,48.106872],[38.11244455591572,48.107374],[38.112444,48.107374],[38.11208135021552,48.111042],[38.112081,48.111042],[38.112077,48.111086],[38.113908,48.111156],[38.113908395348794,48.111156],[38.114327,48.111172],[38.11433444622175,48.11109133259774],[38.114705,48.107374],[38.11470461165049,48.107374],[38.114745,48.106974]]]}},{"type":"Feature","properties":{"cadnum":"1425200000:02:000:2073"},"geometry":{"type":"Polygon","coordinates":[[[38.117151,48.11388486484312],[38.120709,48.114319],[38.121227,48.111794],[38.117143,48.11161],[38.116923,48.113857],[38.117151,48.113886],[38.117151,48.11388486484312]]]}},{"type":"Feature","properties":{"cadnum":"1425200000:02:000:0146"},"geometry":{"type":"Polygon","coordinates":[[[38.229478,48.105619],[38.229478,48.105606],[38.229459,48.105606],[38.229459,48.105619],[38.229478,48.105619]]]}},{"type":"Feature","properties":{"cadnum":"1425200000:02:000:0254"},"geometry":{"type":"Polygon","coordinates":[[[38.230174,48.106953],[38.230295,48.106881],[38.230205,48.106815],[38.230084,48.106887],[38.230174,48.106953]]]}},{"type":"Feature","properties":{"cadnum":"1425200000:02:000:0144"},"geometry":{"type":"Polygon","coordinates":[[[38.229486,48.10609],[38.229514,48.106086],[38.229509,48.106068],[38.229482,48.106071],[38.229486,48.10609]]]}},{"type":"Feature","properties":{"cadnum":"1425200000:02:000:0140"},"geometry":{"type":"Polygon","coordinates":[[[38.229555,48.107026],[38.229572,48.107022],[38.229563,48.10701],[38.229545,48.107013],[38.229555,48.107026]]]}},{"type":"Feature","properties":{"cadnum":"1425200000:02:000:0150"},"geometry":{"type":"Polygon","coordinates":[[[38.229473,48.104634],[38.229492,48.104632],[38.229486,48.104619],[38.229469,48.104623],[38.229473,48.104634]]]}},{"type":"Feature","properties":{"cadnum":"1425200000:02:000:0147"},"geometry":{"type":"Polygon","coordinates":[[[38.229465,48.105363],[38.229465,48.105348],[38.229446,48.105348],[38.229442,48.105361],[38.229465,48.105363]]]}},{"type":"Feature","properties":{"cadnum":"1425200000:02:000:0149"},"geometry":{"type":"Polygon","coordinates":[[[38.229559,48.104868],[38.229576,48.104865],[38.229576,48.104854],[38.229555,48.104854],[38.229559,48.104868]]]}},{"type":"Feature","properties":{"cadnum":"1425200000:02:000:0138"},"geometry":{"type":"Polygon","coordinates":[[[38.230048,48.107376],[38.230062,48.107367],[38.230048,48.107358],[38.230035,48.107367],[38.230048,48.107376]]]}},{"type":"Feature","properties":{"cadnum":"1425200000:02:000:0139"},"geometry":{"type":"Polygon","coordinates":[[[38.229801,48.107205],[38.229815,48.107196],[38.229805,48.107187],[38.229788,48.107196],[38.229801,48.107205]]]}},{"type":"Feature","properties":{"cadnum":"1425200000:02:000:0152"},"geometry":{"type":"Polygon","coordinates":[[[38.229365,48.104161],[38.229392,48.104158],[38.229388,48.10414],[38.229361,48.104143],[38.229365,48.104161]]]}},{"type":"Feature","properties":{"cadnum":"1425200000:02:000:0153"},"geometry":{"type":"Polygon","coordinates":[[[38.229352,48.103909],[38.229379,48.103905],[38.229375,48.103888],[38.229348,48.103891],[38.229352,48.103909]]]}},{"type":"Feature","properties":{"cadnum":"1425200000:02:000:0141"},"geometry":{"type":"Polygon","coordinates":[[[38.229559,48.106812],[38.229555,48.106794],[38.229528,48.106794],[38.229532,48.106812],[38.229559,48.106812]]]}},{"type":"Feature","properties":{"cadnum":"1425200000:02:000:0142"},"geometry":{"type":"Polygon","coordinates":[[[38.229545,48.106572],[38.229545,48.106554],[38.229518,48.106554],[38.229518,48.106572],[38.229545,48.106572]]]}},{"type":"Feature","properties":{"cadnum":"1425200000:02:000:0143"},"geometry":{"type":"Polygon","coordinates":[[[38.2295,48.10633],[38.229528,48.106326],[38.229528,48.106311],[38.2295,48.106311],[38.2295,48.10633]]]}},{"type":"Feature","properties":{"cadnum":"1425200000:02:000:0148"},"geometry":{"type":"Polygon","coordinates":[[[38.229518,48.105114],[38.229518,48.105103],[38.2295,48.105099],[38.2295,48.105114],[38.229518,48.105114]]]}},{"type":"Feature","properties":{"cadnum":"1425200000:02:000:0151"},"geometry":{"type":"Polygon","coordinates":[[[38.22941,48.104394],[38.229406,48.104377],[38.229379,48.104377],[38.229383,48.104394],[38.22941,48.104394]]]}},{"type":"Feature","properties":{"cadnum":"1425200000:02:000:0145"},"geometry":{"type":"Polygon","coordinates":[[[38.2295,48.105873],[38.2295,48.105855],[38.229473,48.105855],[38.229473,48.105873],[38.2295,48.105873]]]}},{"type":"Feature","properties":{"cadnum":"1425200000:01:000:0092"},"geometry":{"type":"Polygon","coordinates":[[[38.078682,48.059829],[38.078727,48.059801],[38.078687,48.059772],[38.078641,48.059799],[38.078682,48.059829]]]}},{"type":"Feature","properties":{"cadnum":"1425200000:02:000:2092"},"geometry":{"type":"Polygon","coordinates":[[[38.110026,48.107489],[38.11002626582278,48.107489],[38.110065,48.111008],[38.111486,48.11106241368487],[38.111486,48.111063],[38.112077,48.111086],[38.11243263011854,48.107489],[38.112433,48.107489],[38.112495,48.106872],[38.111486,48.106828],[38.111486,48.106828129347164],[38.110019,48.106761],[38.110026,48.107489]]]}},{"type":"Feature","properties":{"cadnum":"1425200000:03:000:0018"},"geometry":{"type":"Polygon","coordinates":[[[38.160303,48.144412],[38.160375,48.144361],[38.160299,48.144313],[38.160226,48.144364],[38.160303,48.144412]]]}},{"type":"Feature","properties":{"cadnum":"1425200000:04:000:0081"},"geometry":{"type":"Polygon","coordinates":[[[38.366054,48.103612],[38.3660721037037,48.103706],[38.366071,48.103706],[38.36608,48.103747],[38.36591,48.103756],[38.365905,48.103576],[38.365895,48.103356],[38.365744,48.103321],[38.365748,48.103558],[38.36575452941177,48.103706],[38.365754,48.103706],[38.365757,48.103762],[38.365461,48.103774],[38.365308,48.10351],[38.364832,48.103531],[38.364849500000005,48.103706],[38.364848,48.103706],[38.364859,48.103801],[38.364172,48.103817],[38.364172,48.10381720880914],[38.363731,48.103828],[38.363587,48.104461],[38.364172,48.104435498018496],[38.364172,48.104436],[38.367117,48.104305],[38.367297,48.103738],[38.366054,48.103612]]]}},{"type":"Feature","properties":{"cadnum":"1425200000:01:000:1109"},"geometry":{"type":"Polygon","coordinates":[[[38.1005,48.025663],[38.1005,48.02566329965157],[38.100098,48.025664],[38.1001051369606,48.026615],[38.100104,48.026615],[38.100111,48.02737],[38.100672,48.027369],[38.100672,48.02736859193357],[38.102186,48.027365],[38.103058,48.027356],[38.1031492388664,48.02673],[38.10315,48.02673],[38.10331,48.025655],[38.1005,48.025663]]]}},{"type":"Feature","properties":{"cadnum":"1425200000:01:000:1002"},"geometry":{"type":"Polygon","coordinates":[[[38.10331,48.025655],[38.103457,48.024649],[38.103197,48.024622],[38.103237,48.024246],[38.100672,48.024257245889665],[38.100672,48.024257],[38.098004,48.024267],[38.097142,48.025358],[38.096644,48.025679],[38.100098,48.025664],[38.100672,48.025663],[38.100672,48.02566251032029],[38.10331,48.025655]]]}},{"type":"Feature","properties":{"cadnum":"1425200000:01:000:1010"},"geometry":{"type":"Polygon","coordinates":[[[38.103386,48.021696],[38.1005,48.022704],[38.1005,48.02270405423729],[38.09982136893202,48.022941],[38.09982,48.022941],[38.099163,48.023171],[38.09862,48.023493],[38.098004,48.024267],[38.1005,48.02425764467766],[38.1005,48.024258],[38.103237,48.024246],[38.10337651724138,48.023056],[38.103377,48.023056],[38.103526,48.021792],[38.103386,48.021696]]]}},{"type":"Feature","properties":{"cadnum":"1425200000:01:000:1052"},"geometry":{"type":"Polygon","coordinates":[[[38.096266,48.020572],[38.095007,48.020647],[38.095007,48.02064714814815],[38.092857,48.020774],[38.093850287467134,48.022941],[38.09385,48.022941],[38.094025,48.023321],[38.095179,48.022991],[38.095179,48.0229906001609],[38.097493,48.022326],[38.096266,48.020572]]]}},{"type":"Feature","properties":{"cadnum":"1425200000:01:000:1045"},"geometry":{"type":"Polygon","coordinates":[[[38.104423,48.026307],[38.104446,48.026151],[38.103314,48.026076],[38.103291,48.026232],[38.104423,48.026307]]]}},{"type":"Feature","properties":{"cadnum":"1425200000:01:000:1009"},"geometry":{"type":"Polygon","coordinates":[[[38.104369,48.026661],[38.104392,48.026514],[38.104396,48.026475],[38.103269,48.0264],[38.103243,48.026586],[38.104369,48.026661]]]}},{"type":"Feature","properties":{"cadnum":"1425200000:01:000:1097"},"geometry":{"type":"Polygon","coordinates":[[[38.104369,48.026661],[38.103243,48.026586],[38.10323836805556,48.026615],[38.103237,48.026615],[38.10321,48.026791],[38.104342,48.026866],[38.10435991219512,48.02673],[38.10436,48.02673],[38.104369,48.026661]]]}},{"type":"Feature","properties":{"cadnum":"1425200000:01:000:1021"},"geometry":{"type":"Polygon","coordinates":[[[38.10547,48.026586],[38.105528,48.026184],[38.10445,48.026112],[38.104446,48.026151],[38.104423,48.026307],[38.104396,48.026475],[38.104392,48.026514],[38.10547,48.026586]]]}},{"type":"Feature","properties":{"cadnum":"1425200000:01:000:1079"},"geometry":{"type":"Polygon","coordinates":[[[38.10547,48.026586],[38.104392,48.026514],[38.10437619727891,48.026615],[38.104376,48.026615],[38.104369,48.026661],[38.104358,48.02673],[38.104359296874996,48.02673],[38.104333,48.026917],[38.105411,48.026989],[38.10544839572193,48.02673],[38.105449,48.02673],[38.10547,48.026586]]]}},{"type":"Feature","properties":{"cadnum":"1425200000:01:000:1043"},"geometry":{"type":"Polygon","coordinates":[[[38.104396,48.026475],[38.104423,48.026307],[38.103291,48.026232],[38.103269,48.0264],[38.104396,48.026475]]]}},{"type":"Feature","properties":{"cadnum":"1425200000:01:000:0095"},"geometry":{"type":"Polygon","coordinates":[[[38.0718,48.064178],[38.071846,48.064151],[38.0718,48.064122],[38.071756,48.064148],[38.0718,48.064178]]]}},{"type":"Feature","properties":{"cadnum":"1425200000:01:000:1239"},"geometry":{"type":"Polygon","coordinates":[[[38.043927,48.041422],[38.04392766666667,48.041422],[38.043845,48.04291],[38.045516,48.042718],[38.045568,48.04271121739131],[38.045568,48.042712],[38.045723,48.042691],[38.045798,48.041308],[38.04579723819742,48.041308],[38.045893,48.039558],[38.0456441124129,48.03955263934428],[38.044034,48.039513],[38.043927,48.041422]]]}},{"type":"Feature","properties":{"cadnum":"1425200000:01:000:1246"},"geometry":{"type":"Polygon","coordinates":[[[38.049912275822926,48.041308],[38.049912,48.041308],[38.049833,48.042741],[38.050164,48.042792],[38.051062,48.043050731524794],[38.051062,48.043051],[38.0511320895243,48.04307092570017],[38.051233,48.0431],[38.051233,48.04309961346633],[38.051463,48.043165],[38.051656,48.04324],[38.051665,48.043114],[38.05175587707641,48.041422],[38.051756,48.041422],[38.051849,48.039709],[38.051062,48.039688],[38.051062,48.03968841219512],[38.050003,48.03966],[38.049912275822926,48.041308]]]}},{"type":"Feature","properties":{"cadnum":"1425200000:01:000:1155"},"geometry":{"type":"Polygon","coordinates":[[[38.050003,48.03966],[38.047929,48.039609],[38.04783247655819,48.041308],[38.047832,48.041308],[38.047763,48.042565],[38.048556,48.04255],[38.049833,48.042741],[38.04990571528262,48.041422],[38.049906,48.041422],[38.050003,48.03966]]]}},{"type":"Feature","properties":{"cadnum":"1425200000:01:000:1209"},"geometry":{"type":"Polygon","coordinates":[[[38.047929,48.039609],[38.045893,48.039558],[38.045791,48.041422],[38.04579181778742,48.041422],[38.045723,48.042691],[38.046608,48.042583],[38.047763,48.042565],[38.04782574224344,48.041422],[38.047826,48.041422],[38.047929,48.039609]]]}},{"type":"Feature","properties":{"cadnum":"1425200000:02:000:0168"},"geometry":{"type":"Polygon","coordinates":[[[38.229127,48.100028],[38.229127,48.100012],[38.229109,48.100012],[38.229109,48.100028],[38.229127,48.100028]]]}},{"type":"Feature","properties":{"cadnum":"1425200000:02:000:0203"},"geometry":{"type":"Polygon","coordinates":[[[38.227165,48.09826],[38.227188,48.098251],[38.227178,48.098236],[38.227151,48.098242],[38.227165,48.09826]]]}},{"type":"Feature","properties":{"cadnum":"1425200000:02:000:0182"},"geometry":{"type":"Polygon","coordinates":[[[38.22796,48.099725],[38.228023,48.099694],[38.227973,48.099652],[38.22791,48.099683],[38.22796,48.099725]]]}},{"type":"Feature","properties":{"cadnum":"1425200000:02:000:0181"},"geometry":{"type":"Polygon","coordinates":[[[38.227025,48.098513],[38.227052,48.098504],[38.227039,48.098489],[38.227016,48.098494],[38.227025,48.098513]]]}},{"type":"Feature","properties":{"cadnum":"1425200000:02:000:0156"},"geometry":{"type":"Polygon","coordinates":[[[38.229348,48.09868],[38.229348,48.098669],[38.229329,48.098669],[38.229329,48.09868],[38.229348,48.09868]]]}},{"type":"Feature","properties":{"cadnum":"1425200000:02:000:0173"},"geometry":{"type":"Polygon","coordinates":[[[38.229127,48.100028],[38.229127,48.100012],[38.229109,48.100012],[38.229109,48.100028],[38.229127,48.100028]]]}},{"type":"Feature","properties":{"cadnum":"1425200000:02:000:0204"},"geometry":{"type":"Polygon","coordinates":[[[38.22823,48.099638],[38.228293,48.099607],[38.228243,48.099565],[38.22818,48.099596],[38.22823,48.099638]]]}},{"type":"Feature","properties":{"cadnum":"1425200000:02:000:0416"},"geometry":{"type":"Polygon","coordinates":[[[38.19858,48.110316],[38.19858,48.110297],[38.198554,48.110294],[38.198554,48.110312],[38.19858,48.110316]]]}},{"type":"Feature","properties":{"cadnum":"1425200000:02:000:0418"},"geometry":{"type":"Polygon","coordinates":[[[38.19717,48.110282],[38.19717,48.110264],[38.197143,48.110264],[38.197143,48.110282],[38.19717,48.110282]]]}},{"type":"Feature","properties":{"cadnum":"1425200000:02:000:0419"},"geometry":{"type":"Polygon","coordinates":[[[38.196451,48.110264],[38.196451,48.110247],[38.196424,48.110247],[38.196424,48.110264],[38.196451,48.110264]]]}},{"type":"Feature","properties":{"cadnum":"1425200000:02:000:0421"},"geometry":{"type":"Polygon","coordinates":[[[38.194988,48.110231],[38.194988,48.110213],[38.194959,48.110213],[38.194959,48.110231],[38.194988,48.110231]]]}},{"type":"Feature","properties":{"cadnum":"1425200000:02:000:0420"},"geometry":{"type":"Polygon","coordinates":[[[38.19567,48.110247],[38.19567,48.110228],[38.195642,48.110228],[38.195642,48.110247],[38.19567,48.110247]]]}},{"type":"Feature","properties":{"cadnum":"1425200000:02:000:0415"},"geometry":{"type":"Polygon","coordinates":[[[38.199254,48.11033],[38.199254,48.110312],[38.199227,48.110312],[38.199227,48.11033],[38.199254,48.11033]]]}},{"type":"Feature","properties":{"cadnum":"1425200000:02:000:0422"},"geometry":{"type":"Polygon","coordinates":[[[38.194269,48.110216],[38.194269,48.110198],[38.194242,48.110196],[38.194242,48.110213],[38.194269,48.110216]]]}},{"type":"Feature","properties":{"cadnum":"1425200000:02:000:0417"},"geometry":{"type":"Polygon","coordinates":[[[38.197852,48.110297],[38.197852,48.110279],[38.197825,48.110279],[38.197825,48.110297],[38.197852,48.110297]]]}},{"type":"Feature","properties":{"cadnum":"1425200000:01:000:1221"},"geometry":{"type":"Polygon","coordinates":[[[38.036537,48.041009],[38.03639,48.041422],[38.03639158576874,48.041422],[38.035595,48.043669],[38.037939,48.043339],[38.038119,48.043063],[38.038339,48.042184],[38.038631,48.041898],[38.038805,48.041708],[38.040014,48.041523],[38.040075,48.04157090987125],[38.040075,48.041571],[38.04009813888842,48.04158908333296],[38.040247,48.041706],[38.040247,48.041705420168064],[38.040432,48.04185],[38.040462,48.041308],[38.04046133967936,48.041308],[38.040566,48.039426],[38.04019497741137,48.03941768788498],[38.037432,48.039348],[38.036537,48.041009]]]}},{"type":"Feature","properties":{"cadnum":"1425200000:02:000:2127"},"geometry":{"type":"Polygon","coordinates":[[[38.128632,48.121092],[38.132276,48.120576],[38.131997,48.119698],[38.128372,48.120262],[38.128632,48.121092]]]}},{"type":"Feature","properties":{"cadnum":"1425200000:03:000:0002"},"geometry":{"type":"Polygon","coordinates":[[[38.171123,48.154984],[38.171128,48.154885],[38.170979,48.154885],[38.170979,48.154984],[38.171123,48.154984]]]}},{"type":"Feature","properties":{"cadnum":"1425200000:01:000:1187"},"geometry":{"type":"Polygon","coordinates":[[[38.056059,48.031068],[38.054795,48.031035],[38.054168,48.031017],[38.054212,48.031134],[38.054168,48.031248],[38.054036,48.031332],[38.053866,48.031365],[38.053692,48.031332],[38.053565,48.031245],[38.05352,48.031131],[38.053565,48.031014],[38.053588,48.031002],[38.05268,48.030978],[38.052621,48.03208],[38.056555,48.032186376126674],[38.056555,48.032187],[38.058156,48.03223],[38.058151,48.032167],[38.058137,48.031966],[38.058106,48.031753],[38.058039,48.031317],[38.058007,48.031122],[38.056555,48.031082],[38.056555,48.03108212893553],[38.056059,48.031068]],[[38.056556,48.031464],[38.056602,48.031435],[38.056642,48.031464],[38.056602,48.031491],[38.056556,48.031464]]]}},{"type":"Feature","properties":{"cadnum":"1425200000:01:000:1225"},"geometry":{"type":"Polygon","coordinates":[[[38.052725,48.030074],[38.052725,48.03014],[38.052797,48.030092],[38.052833,48.030068],[38.053179,48.030008],[38.053529,48.03007],[38.053781,48.030242],[38.053822,48.030347],[38.053843,48.030403],[38.05384377777778,48.030403],[38.053871,48.030473],[38.053776,48.030707],[38.053759,48.030716],[38.05352,48.030876],[38.053174,48.030936],[38.052829,48.030873],[38.05269,48.03078],[38.05268,48.030978],[38.053588,48.031002],[38.053696,48.03093],[38.053871,48.0309],[38.054042,48.03093],[38.054168,48.031017],[38.054795,48.031035],[38.056059,48.031068],[38.056726,48.031087],[38.056726,48.0310867107438],[38.058007,48.031122],[38.05789578776979,48.030403],[38.057896,48.030403],[38.057854,48.030125],[38.057688,48.029816],[38.056555,48.029785],[38.056555,48.02978527268158],[38.052747,48.02968],[38.052725,48.030074]],[[38.054329,48.030638],[38.054374,48.030669],[38.054329,48.030696],[38.054288,48.030669],[38.054329,48.030638]]]}},{"type":"Feature","properties":{"cadnum":"1425200000:01:000:1160"},"geometry":{"type":"Polygon","coordinates":[[[38.056726,48.033231715827334],[38.058223,48.033273],[38.058156,48.03223],[38.056726,48.03219159275453],[38.056726,48.032191],[38.052621,48.03208],[38.052568,48.033116],[38.056726,48.033232],[38.056726,48.033231715827334]]]}},{"type":"Feature","properties":{"cadnum":"1425200000:01:000:1245"},"geometry":{"type":"Polygon","coordinates":[[[38.05256,48.033254],[38.052507,48.034077],[38.05250835260115,48.034077],[38.052505,48.034135],[38.056726,48.034249],[38.056726,48.03424860573066],[38.0583,48.034291],[38.058274,48.033962],[38.05827365185185,48.033962],[38.058233,48.033402],[38.058223,48.033273],[38.056555,48.033227],[38.056555,48.03322722943723],[38.052568,48.033116],[38.05256,48.033254]]]}},{"type":"Feature","properties":{"cadnum":"1425200000:01:000:1235"},"geometry":{"type":"Polygon","coordinates":[[[38.052497,48.030017],[38.05255,48.028908],[38.05256,48.028076],[38.0526,48.027644],[38.05246,48.027338],[38.051782,48.026947],[38.051409,48.026974],[38.051261,48.029705],[38.051239,48.030083],[38.05122,48.030403],[38.0512207919684,48.030403],[38.051145,48.031807],[38.052401,48.031837],[38.052474,48.030395],[38.052497,48.030017]]]}},{"type":"Feature","properties":{"cadnum":"1425200000:01:000:1131"},"geometry":{"type":"Polygon","coordinates":[[[38.084021,48.038834],[38.08444,48.038672],[38.085069,48.038429],[38.085173,48.038391],[38.08515,48.038015],[38.084849,48.038021],[38.084171,48.038036],[38.084021,48.03804],[38.084021,48.03804006871609],[38.083618,48.038051],[38.07932,48.038147],[38.079401,48.039802],[38.07946,48.039781],[38.080609,48.039411],[38.081301,48.039105],[38.081997,48.039075],[38.082756,48.039222],[38.082769,48.038952],[38.083744,48.038937],[38.08396,48.038856],[38.084021,48.03883259913793],[38.084021,48.038834]],[[38.084072,48.038396],[38.084014,48.038409],[38.083995,48.038367],[38.084058,48.038358],[38.084072,48.038396]]]}},{"type":"Feature","properties":{"cadnum":"1425200000:01:000:1277"},"geometry":{"type":"Polygon","coordinates":[[[38.098535,48.039538],[38.098543,48.039222],[38.098513,48.038805],[38.095007,48.038863],[38.095007,48.03886382365401],[38.089685,48.038951192762575],[38.089685,48.03895],[38.089026,48.038961],[38.089039,48.039192],[38.089081,48.039691],[38.089514,48.03968454801324],[38.089514,48.039685],[38.095007,48.039594823654014],[38.095007,48.039595],[38.098535,48.039538]]]}},{"type":"Feature","properties":{"cadnum":"1425200000:01:000:1265"},"geometry":{"type":"Polygon","coordinates":[[[38.09849,48.040261],[38.098522,48.039949],[38.098535,48.039538],[38.095179,48.039592221088434],[38.095179,48.039592],[38.089685,48.03968219276258],[38.089685,48.039682],[38.089081,48.039691],[38.089138,48.040415],[38.089514,48.04040881352834],[38.089514,48.040409],[38.095007,48.04031882365401],[38.095007,48.040319],[38.09849,48.040261]]]}},{"type":"Feature","properties":{"cadnum":"1425200000:01:000:1279"},"geometry":{"type":"Polygon","coordinates":[[[38.098513,48.038805],[38.09845,48.03797],[38.095179,48.03802320243973],[38.095179,48.038023],[38.089685,48.03811222294792],[38.089685,48.038112],[38.088985,48.038123],[38.089026,48.038961],[38.089514,48.038952854324734],[38.089514,48.038954],[38.095179,48.038861],[38.095179,48.03886015459213],[38.098513,48.038805]]]}},{"type":"Feature","properties":{"cadnum":"1425200000:01:000:1271"},"geometry":{"type":"Polygon","coordinates":[[[38.098337,48.040994],[38.098454,48.040649],[38.09849,48.040261],[38.095179,48.04031613580246],[38.095179,48.040316],[38.089685,48.040406192762575],[38.089685,48.040406],[38.089138,48.040415],[38.089201,48.041144],[38.089514,48.0411394731405],[38.089514,48.04114],[38.095179,48.041047],[38.095179,48.04104615915916],[38.098337,48.040994]]]}},{"type":"Feature","properties":{"cadnum":"1425200000:01:000:0054"},"geometry":{"type":"Polygon","coordinates":[[[38.085873,48.039526],[38.085972,48.039502],[38.085936,48.039433],[38.085838,48.039456],[38.085873,48.039526]]]}},{"type":"Feature","properties":{"cadnum":"1425200000:01:000:0105"},"geometry":{"type":"Polygon","coordinates":[[[38.08493,48.040457],[38.084989,48.040448],[38.084974,48.040406],[38.084916,48.040417],[38.08493,48.040457]]]}},{"type":"Feature","properties":{"cadnum":"1425200000:02:000:2060"},"geometry":{"type":"Polygon","coordinates":[[[38.104706,48.107373],[38.104684,48.107298],[38.103691,48.104034],[38.101662,48.104043],[38.101607,48.104812],[38.101922,48.10483],[38.101796,48.105873],[38.1011,48.105834],[38.100597,48.107295],[38.103201,48.107328],[38.104706,48.107373]]]}},{"type":"Feature","properties":{"cadnum":"1425200000:02:000:2066"},"geometry":{"type":"Polygon","coordinates":[[[38.098584,48.103993],[38.097951,48.107265],[38.1005,48.10729390022676],[38.1005,48.107294],[38.100597,48.107295],[38.1011,48.105834],[38.101226,48.10479],[38.101553,48.104808],[38.101612,48.104043],[38.1005,48.104025],[38.1005,48.10402511685824],[38.098584,48.103993]]]}},{"type":"Feature","properties":{"cadnum":"1425200000:02:000:0057"},"geometry":{"type":"Polygon","coordinates":[[[38.237935,48.126573],[38.237931,48.126558],[38.237904,48.126558],[38.237908,48.126576],[38.237935,48.126573]]]}},{"type":"Feature","properties":{"cadnum":"1425200000:02:000:0056"},"geometry":{"type":"Polygon","coordinates":[[[38.237949,48.126813],[38.237922,48.126804],[38.237912,48.126819],[38.237935,48.126828],[38.237949,48.126813]]]}},{"type":"Feature","properties":{"cadnum":"1425200000:02:000:0423"},"geometry":{"type":"Polygon","coordinates":[[[38.193537,48.110198],[38.193537,48.11018],[38.19351,48.110177],[38.193504,48.110198],[38.193537,48.110198]]]}},{"type":"Feature","properties":{"cadnum":"1425200000:02:000:0424"},"geometry":{"type":"Polygon","coordinates":[[[38.192818,48.11018],[38.192818,48.110162],[38.192791,48.110162],[38.192791,48.11018],[38.192818,48.11018]]]}},{"type":"Feature","properties":{"cadnum":"1425200000:02:000:0430"},"geometry":{"type":"Polygon","coordinates":[[[38.192786,48.11018],[38.192791,48.110117],[38.192642,48.110114],[38.192638,48.110177],[38.192786,48.11018]]]}},{"type":"Feature","properties":{"cadnum":"1425200000:04:000:0082"},"geometry":{"type":"Polygon","coordinates":[[[38.359526,48.131121],[38.35954,48.130269],[38.35927,48.130264],[38.359262,48.131112],[38.359526,48.131121]]]}},{"type":"Feature","properties":{"cadnum":"1425200000:02:000:0221"},"geometry":{"type":"Polygon","coordinates":[[[38.108604,48.083125],[38.10869,48.083104],[38.108659,48.08305],[38.108578,48.083068],[38.108604,48.083125]]]}},{"type":"Feature","properties":{"cadnum":"1425200000:03:000:0033"},"geometry":{"type":"Polygon","coordinates":[[[38.179122,48.137146],[38.179208,48.137077],[38.179101,48.137021],[38.179019,48.13709],[38.179122,48.137146]]]}},{"type":"Feature","properties":{"cadnum":"1425200000:03:000:0032"},"geometry":{"type":"Polygon","coordinates":[[[38.178193,48.137935],[38.178269,48.137863],[38.178162,48.137808],[38.178086,48.137881],[38.178193,48.137935]]]}},{"type":"Feature","properties":{"cadnum":"1425200000:01:000:0181"},"geometry":{"type":"Polygon","coordinates":[[[38.070911,48.03312],[38.070638,48.032909],[38.069039,48.033002],[38.069083,48.033471],[38.069618,48.033468],[38.069698,48.034077],[38.069698025125625,48.034077],[38.069735,48.03436],[38.070324,48.034994],[38.070651,48.035493],[38.070378,48.036904],[38.06973,48.037606],[38.070162,48.03769],[38.071091,48.037312],[38.071572,48.03612],[38.071041,48.034667],[38.070674,48.034198],[38.070725,48.033962],[38.070724475444095,48.033962],[38.070911,48.03312]]]}},{"type":"Feature","properties":{"cadnum":"1425200000:02:000:0235"},"geometry":{"type":"Polygon","coordinates":[[[38.132374,48.117006],[38.13246,48.116966],[38.132401,48.116907],[38.132311,48.116949],[38.132374,48.117006]]]}},{"type":"Feature","properties":{"cadnum":"1425200000:02:000:2131"},"geometry":{"type":"Polygon","coordinates":[[[38.110545,48.102613],[38.11055,48.102721],[38.110532,48.102793],[38.11030530574489,48.103706],[38.110305,48.103706],[38.109782,48.105817],[38.111486,48.10499588272921],[38.111486,48.104996],[38.114163,48.103706],[38.11416274268415,48.103706],[38.115984,48.102829],[38.115895,48.102724],[38.115868,48.102697],[38.115499,48.102652],[38.115499,48.102664],[38.115472,48.102664],[38.115472,48.102649],[38.114713,48.102559],[38.111486,48.102175],[38.111486,48.102175413703385],[38.110505,48.102058],[38.110545,48.102613]],[[38.111633,48.102688],[38.111606,48.102688],[38.111606,48.10267],[38.111633,48.10267],[38.111633,48.102688]],[[38.110851,48.102691],[38.110824,48.102691],[38.110824,48.102673],[38.110851,48.102673],[38.110851,48.102691]],[[38.114767,48.10267],[38.11474,48.10267],[38.11474,48.102652],[38.114767,48.102652],[38.114767,48.10267]],[[38.113851,48.102676],[38.113824,48.102676],[38.113824,48.102658],[38.113851,48.102658],[38.113851,48.102676]],[[38.113132,48.102679],[38.113105,48.102679],[38.113105,48.102661],[38.113132,48.102661],[38.113132,48.102679]],[[38.112382,48.102682],[38.112355,48.102682],[38.112355,48.102664],[38.112382,48.102664],[38.112382,48.102682]]]}},{"type":"Feature","properties":{"cadnum":"1425200000:02:000:0294"},"geometry":{"type":"Polygon","coordinates":[[[38.110851,48.102691],[38.110851,48.102673],[38.110824,48.102673],[38.110824,48.102691],[38.110851,48.102691]]]}},{"type":"Feature","properties":{"cadnum":"1425200000:02:000:0295"},"geometry":{"type":"Polygon","coordinates":[[[38.110119,48.102739],[38.110145,48.102736],[38.110132,48.102679],[38.110105,48.102682],[38.110119,48.102739]]]}},{"type":"Feature","properties":{"cadnum":"1425200000:02:000:2075"},"geometry":{"type":"Polygon","coordinates":[[[38.110182,48.102739],[38.110182,48.102619],[38.110172,48.102025],[38.107042,48.102583],[38.107046,48.102616],[38.107073,48.102796],[38.107096,48.102943],[38.107128,48.103216],[38.10714179139073,48.103706],[38.107141,48.103706],[38.107149,48.103957],[38.107411,48.103957],[38.107541,48.10396],[38.107532,48.103954],[38.107522,48.103945],[38.107536,48.103939],[38.107585,48.103903],[38.107604,48.103914],[38.107554,48.103951],[38.107581,48.10396],[38.109683,48.103978],[38.109692,48.103951],[38.109683,48.103957],[38.109665,48.103965],[38.10966,48.10396],[38.109612,48.103918],[38.109633,48.103905],[38.109669,48.103942],[38.109705,48.103923],[38.109793,48.103706],[38.10979197964847,48.103706],[38.110182,48.102739]],[[38.110114,48.102718],[38.110109,48.1027],[38.110105,48.102682],[38.110132,48.102679],[38.110136,48.1027],[38.110141,48.102718],[38.110145,48.102736],[38.110119,48.102739],[38.110114,48.102718]],[[38.109889,48.102727],[38.109889,48.102712],[38.109916,48.102715],[38.109912,48.10273],[38.109908,48.102757],[38.109908,48.102772],[38.109881,48.102772],[38.109881,48.102754],[38.109889,48.102727]],[[38.109773,48.103327],[38.109778,48.103309],[38.109805,48.103312],[38.109799,48.10333],[38.109773,48.103327]],[[38.109499,48.102712],[38.109499,48.10273],[38.109472,48.10273],[38.109472,48.102712],[38.109499,48.102712]],[[38.108798,48.102712],[38.108798,48.10273],[38.108771,48.10273],[38.108771,48.102712],[38.108798,48.102712]],[[38.108151,48.102712],[38.108151,48.10273],[38.108124,48.10273],[38.108124,48.102712],[38.108151,48.102712]],[[38.107549,48.102712],[38.107549,48.10273],[38.107522,48.10273],[38.107522,48.102712],[38.107549,48.102712]],[[38.109,48.103942],[38.109,48.10396],[38.108973,48.10396],[38.108973,48.103942],[38.109,48.103942]],[[38.108183,48.103939],[38.108183,48.103957],[38.108156,48.103957],[38.108156,48.103939],[38.108183,48.103939]]]}},{"type":"Feature","properties":{"cadnum":"1425200000:02:000:0303"},"geometry":{"type":"Polygon","coordinates":[[[38.109499,48.10273],[38.109499,48.102712],[38.109472,48.102712],[38.109472,48.10273],[38.109499,48.10273]]]}},{"type":"Feature","properties":{"cadnum":"1425200000:02:000:0307"},"geometry":{"type":"Polygon","coordinates":[[[38.106966,48.102736],[38.106975,48.102676],[38.106948,48.102673],[38.106939,48.102733],[38.106966,48.102736]]]}},{"type":"Feature","properties":{"cadnum":"1425200000:02:000:0304"},"geometry":{"type":"Polygon","coordinates":[[[38.108798,48.10273],[38.108798,48.102712],[38.108771,48.102712],[38.108771,48.10273],[38.108798,48.10273]]]}},{"type":"Feature","properties":{"cadnum":"1425200000:02:000:0296"},"geometry":{"type":"Polygon","coordinates":[[[38.109908,48.102772],[38.109916,48.102715],[38.109889,48.102712],[38.109881,48.102772],[38.109908,48.102772]]]}},{"type":"Feature","properties":{"cadnum":"1425200000:02:000:0305"},"geometry":{"type":"Polygon","coordinates":[[[38.108151,48.10273],[38.108151,48.102712],[38.108124,48.102712],[38.108124,48.10273],[38.108151,48.10273]]]}},{"type":"Feature","properties":{"cadnum":"1425200000:02:000:0306"},"geometry":{"type":"Polygon","coordinates":[[[38.107549,48.10273],[38.107549,48.102712],[38.107522,48.102712],[38.107522,48.10273],[38.107549,48.10273]]]}},{"type":"Feature","properties":{"cadnum":"1425200000:02:000:0297"},"geometry":{"type":"Polygon","coordinates":[[[38.109799,48.10333],[38.109805,48.103312],[38.109778,48.103309],[38.109773,48.103327],[38.109799,48.10333]]]}},{"type":"Feature","properties":{"cadnum":"1425200000:04:000:0029"},"geometry":{"type":"Polygon","coordinates":[[[38.370971,48.130881],[38.370994,48.130872],[38.370985,48.130858],[38.370958,48.130863],[38.370971,48.130881]]]}},{"type":"Feature","properties":{"cadnum":"1425200000:04:000:0041"},"geometry":{"type":"Polygon","coordinates":[[[38.372086,48.131622],[38.372086,48.131565],[38.372004,48.131565],[38.372004,48.131622],[38.372086,48.131622]]]}},{"type":"Feature","properties":{"cadnum":"1425200000:04:000:0030"},"geometry":{"type":"Polygon","coordinates":[[[38.371614,48.131682],[38.371614,48.131627],[38.371533,48.131627],[38.371533,48.131682],[38.371614,48.131682]]]}},{"type":"Feature","properties":{"cadnum":"1425200000:04:000:0028"},"geometry":{"type":"Polygon","coordinates":[[[38.369975,48.129538],[38.370023,48.129523],[38.370002,48.12949],[38.369952,48.129505],[38.369975,48.129538]]]}},{"type":"Feature","properties":{"cadnum":"1425200000:04:000:0040"},"geometry":{"type":"Polygon","coordinates":[[[38.371308,48.130705],[38.371335,48.130696],[38.371321,48.130678],[38.3713,48.130687],[38.371308,48.130705]]]}},{"type":"Feature","properties":{"cadnum":"1425200000:01:000:1230"},"geometry":{"type":"Polygon","coordinates":[[[38.052222,48.03881],[38.052124,48.04045],[38.053942,48.040499],[38.055747,48.04055],[38.056555,48.040571458631256],[38.056555,48.040572],[38.057791,48.040604],[38.059665,48.040655],[38.059521,48.040468],[38.058902,48.038994],[38.056555,48.03893],[38.056555,48.03893025421848],[38.052222,48.03881]]]}},{"type":"Feature","properties":{"cadnum":"1425200000:01:000:1181"},"geometry":{"type":"Polygon","coordinates":[[[38.05233,48.037024],[38.052286,48.03775],[38.05228605106383,48.03775],[38.052222,48.03881],[38.056726,48.038935],[38.056726,48.03893466297401],[38.058902,48.038994],[38.058833,48.038828],[38.058789,48.038171],[38.058732447761194,48.03775],[38.058733,48.03775],[38.058659,48.037195],[38.056726,48.0371435513308],[38.056726,48.037143],[38.05233,48.037024]]]}},{"type":"Feature","properties":{"cadnum":"1425200000:01:000:0106"},"geometry":{"type":"Polygon","coordinates":[[[38.084014,48.038409],[38.084072,48.038396],[38.084058,48.038358],[38.083995,48.038367],[38.084014,48.038409]]]}},{"type":"Feature","properties":{"cadnum":"1425200000:01:000:1255"},"geometry":{"type":"Polygon","coordinates":[[[38.056726,48.02978967872903],[38.057688,48.029816],[38.057244,48.028986],[38.056776,48.028695],[38.056555,48.028556],[38.056555,48.02855613846154],[38.056466,48.0285],[38.052631,48.028395],[38.052617,48.028914],[38.052667,48.028917],[38.052788,48.028923],[38.052747,48.02968],[38.056726,48.02979],[38.056726,48.02978967872903]]]}},{"type":"Feature","properties":{"cadnum":"1425200000:02:000:0319"},"geometry":{"type":"Polygon","coordinates":[[[38.109908,48.107628],[38.109908,48.107613],[38.109881,48.10761],[38.109881,48.107628],[38.109908,48.107628]]]}},{"type":"Feature","properties":{"cadnum":"1425200000:02:000:0326"},"geometry":{"type":"Polygon","coordinates":[[[38.109876,48.111061],[38.109876,48.111044],[38.109853,48.111044],[38.109849,48.111061],[38.109876,48.111061]]]}},{"type":"Feature","properties":{"cadnum":"1425200000:02:000:0320"},"geometry":{"type":"Polygon","coordinates":[[[38.109903,48.108162],[38.109903,48.108144],[38.109876,48.108144],[38.109876,48.108162],[38.109903,48.108162]]]}},{"type":"Feature","properties":{"cadnum":"1425200000:02:000:0323"},"geometry":{"type":"Polygon","coordinates":[[[38.109889,48.109613],[38.109889,48.109596],[38.109862,48.109596],[38.109862,48.109613],[38.109889,48.109613]]]}},{"type":"Feature","properties":{"cadnum":"1425200000:02:000:0325"},"geometry":{"type":"Polygon","coordinates":[[[38.109881,48.110597],[38.109881,48.110579],[38.109853,48.110579],[38.109853,48.110597],[38.109881,48.110597]]]}},{"type":"Feature","properties":{"cadnum":"1425200000:02:000:0321"},"geometry":{"type":"Polygon","coordinates":[[[38.109899,48.108729],[38.109899,48.108711],[38.109872,48.108711],[38.109872,48.108729],[38.109899,48.108729]]]}},{"type":"Feature","properties":{"cadnum":"1425200000:02:000:0322"},"geometry":{"type":"Polygon","coordinates":[[[38.109895,48.109178],[38.109895,48.10916],[38.109868,48.10916],[38.109868,48.109178],[38.109895,48.109178]]]}},{"type":"Feature","properties":{"cadnum":"1425200000:02:000:0324"},"geometry":{"type":"Polygon","coordinates":[[[38.109885,48.110114],[38.109885,48.110096],[38.109858,48.110096],[38.109858,48.110111],[38.109885,48.110114]]]}},{"type":"Feature","properties":{"cadnum":"1425200000:03:000:0082"},"geometry":{"type":"Polygon","coordinates":[[[38.139691,48.151298],[38.139754,48.151256],[38.139731,48.151245],[38.139674,48.151287],[38.139691,48.151298]]]}},{"type":"Feature","properties":{"cadnum":"1425200000:03:000:0081"},"geometry":{"type":"Polygon","coordinates":[[[38.139139,48.151152],[38.139148,48.151134],[38.139121,48.151128],[38.139112,48.151145],[38.139139,48.151152]]]}},{"type":"Feature","properties":{"cadnum":"1425200000:02:000:0174"},"geometry":{"type":"Polygon","coordinates":[[[38.2208,48.090548],[38.2208,48.090529],[38.220773,48.090529],[38.220773,48.090548],[38.2208,48.090548]]]}},{"type":"Feature","properties":{"cadnum":"1425200000:02:000:0196"},"geometry":{"type":"Polygon","coordinates":[[[38.220423,48.089663],[38.220423,48.089644],[38.220396,48.089644],[38.220396,48.089663],[38.220423,48.089663]]]}},{"type":"Feature","properties":{"cadnum":"1425200000:02:000:0452"},"geometry":{"type":"Polygon","coordinates":[[[38.274802,48.13515],[38.275745,48.134802],[38.275435,48.133885],[38.275381,48.13372],[38.275328,48.133562],[38.274951,48.133558],[38.274339,48.133558],[38.273626,48.134497],[38.274016,48.134713],[38.2742,48.134815],[38.274802,48.13515]]]}},{"type":"Feature","properties":{"cadnum":"1425200000:02:000:0460"},"geometry":{"type":"Polygon","coordinates":[[[38.274812,48.134976],[38.275158,48.134895],[38.275027,48.133927],[38.275027,48.133882],[38.275041,48.1336],[38.274425,48.133631],[38.273787,48.13452],[38.274079,48.134748],[38.274137,48.134782],[38.274812,48.134976]]]}},{"type":"Feature","properties":{"cadnum":"1425200000:04:000:0001"},"geometry":{"type":"Polygon","coordinates":[[[38.187194,48.111032],[38.187248,48.110936],[38.187257,48.110906],[38.187015,48.110819],[38.186759,48.11081],[38.186346,48.110984],[38.187194,48.111032]]]}},{"type":"Feature","properties":{"cadnum":"1425200000:01:000:0098"},"geometry":{"type":"Polygon","coordinates":[[[38.084754,48.052825],[38.084773,48.052785],[38.084714,48.052774],[38.084697,48.052813],[38.084754,48.052825]]]}},{"type":"Feature","properties":{"cadnum":"1425200000:03:000:0009"},"geometry":{"type":"Polygon","coordinates":[[[38.161758,48.172252],[38.161771,48.172184],[38.161664,48.172175],[38.16165,48.172246],[38.161758,48.172252]]]}},{"type":"Feature","properties":{"cadnum":"1425200000:03:000:0116"},"geometry":{"type":"Polygon","coordinates":[[[38.145005,48.153768],[38.145022,48.153753],[38.145001,48.153744],[38.144982,48.153759],[38.145005,48.153768]]]}},{"type":"Feature","properties":{"cadnum":"1425200000:03:000:0115"},"geometry":{"type":"Polygon","coordinates":[[[38.144825,48.15395],[38.144875,48.153899],[38.144852,48.15389],[38.144802,48.153941],[38.144825,48.15395]]]}},{"type":"Feature","properties":{"cadnum":"1425200000:01:000:1084"},"geometry":{"type":"Polygon","coordinates":[[[38.090123,48.01743],[38.089911,48.016637],[38.089514,48.016656],[38.089514,48.0166564],[38.08484,48.016886],[38.085519,48.018373],[38.089514,48.017554053768606],[38.089514,48.017555],[38.090123,48.01743]]]}},{"type":"Feature","properties":{"cadnum":"1425200000:01:000:0059"},"geometry":{"type":"Polygon","coordinates":[[[38.092683,48.052533],[38.092781,48.052509],[38.09275,48.052444],[38.092647,48.052464],[38.092683,48.052533]]]}},{"type":"Feature","properties":{"cadnum":"1425200000:01:000:0060"},"geometry":{"type":"Polygon","coordinates":[[[38.094192,48.055428],[38.094295,48.055404],[38.094259,48.055335],[38.094161,48.055359],[38.094192,48.055428]]]}},{"type":"Feature","properties":{"cadnum":"1425200000:01:000:0189"},"geometry":{"type":"Polygon","coordinates":[[[38.034754,48.050601],[38.033753,48.050552],[38.03365,48.050849],[38.034582,48.05089374275362],[38.034582,48.050894],[38.040075,48.051154832656664],[38.040075,48.051155],[38.041698,48.051231],[38.041811,48.05094],[38.040075,48.050856],[38.040075,48.05085674157105],[38.034754,48.05060125842895],[38.034754,48.050601]]]}},{"type":"Feature","properties":{"cadnum":"1425200000:01:000:0190"},"geometry":{"type":"Polygon","coordinates":[[[38.034754,48.050902],[38.03365,48.050849],[38.033547,48.051147],[38.03467856250514,48.05119950000024],[38.040075,48.05145098446602],[38.040075,48.051451],[38.040203170203974,48.0514569574464],[38.040247,48.051459],[38.040247,48.05145899468791],[38.041581,48.051521],[38.041698,48.051231],[38.040247,48.05116305422058],[38.040247,48.051163],[38.034754,48.05090216734334],[38.034754,48.050902]]]}},{"type":"Feature","properties":{"cadnum":"1425200000:01:000:0188"},"geometry":{"type":"Polygon","coordinates":[[[38.033857,48.050255],[38.033753,48.050552],[38.034582,48.05059258041958],[38.034582,48.050593],[38.040247,48.050865],[38.040247,48.05086432258065],[38.041811,48.05094],[38.041923,48.050648],[38.040247,48.05056728354978],[38.040247,48.050567],[38.034582,48.05029],[38.034582,48.05029056298774],[38.033857,48.050255]]]}},{"type":"Feature","properties":{"cadnum":"1425200000:01:000:0187"},"geometry":{"type":"Polygon","coordinates":[[[38.034754,48.050298410238305],[38.040075,48.05055858976169],[38.040075,48.050559],[38.041923,48.050648],[38.042035,48.050359],[38.040247,48.05027051224489],[38.040247,48.05027],[38.034582,48.049986],[38.034582,48.04998611838791],[38.03396,48.049954],[38.033857,48.050255],[38.034754,48.050299],[38.034754,48.050298410238305]]]}},{"type":"Feature","properties":{"cadnum":"1425200000:01:000:0155"},"geometry":{"type":"Polygon","coordinates":[[[38.034278,48.04909],[38.034283,48.049071],[38.034251,48.049071],[38.034251,48.04909],[38.034278,48.04909]]]}},{"type":"Feature","properties":{"cadnum":"1425200000:01:000:0186"},"geometry":{"type":"Polygon","coordinates":[[[38.034754,48.0499946227714],[38.040075,48.050261377228594],[38.040075,48.050262],[38.042035,48.050359],[38.042147,48.050074],[38.040075,48.049967],[38.040075,48.049967073609885],[38.034709332968426,48.04968860827762],[38.034063,48.049654],[38.03396,48.049954],[38.034754,48.049995],[38.034754,48.0499946227714]]]}},{"type":"Feature","properties":{"cadnum":"1425200000:01:000:0191"},"geometry":{"type":"Polygon","coordinates":[[[38.034754,48.051203],[38.03467856250549,48.05119950000026],[38.034582,48.051195],[38.034582,48.05119501988401],[38.033547,48.051147],[38.033444,48.051443],[38.034582,48.0514959908397],[38.034582,48.051497],[38.040247,48.05176],[38.040247,48.05175989670015],[38.041469,48.051816],[38.041581,48.051521],[38.040203170203974,48.0514569574464],[38.034754,48.05120301553398],[38.034754,48.051203]]]}},{"type":"Feature","properties":{"cadnum":"1425200000:01:000:0192"},"geometry":{"type":"Polygon","coordinates":[[[38.034754,48.051807803000884],[38.040247,48.052057],[38.040247,48.05205681205951],[38.041352,48.052107],[38.041469,48.051816],[38.040075,48.051752],[38.040075,48.05175201482789],[38.034754,48.05150498517211],[38.034754,48.051504],[38.033444,48.051443],[38.03334,48.051744],[38.034754,48.051808],[38.034754,48.051807803000884]]]}},{"type":"Feature","properties":{"cadnum":"1425200000:01:000:0193"},"geometry":{"type":"Polygon","coordinates":[[[38.033236,48.052041],[38.034582,48.05210218181818],[38.034582,48.052103],[38.040247,48.05236],[38.040247,48.052359710344824],[38.041235,48.052404],[38.041352,48.052107],[38.040075,48.052049],[38.040075,48.052049196999114],[38.034582,48.0518],[38.034582,48.05180021499293],[38.03334,48.051744],[38.033236,48.052041]]]}},{"type":"Feature","properties":{"cadnum":"1425200000:01:000:1219"},"geometry":{"type":"Polygon","coordinates":[[[38.039712564430246,48.030288],[38.039712,48.030288],[38.039884,48.030785],[38.04004,48.031125],[38.040075,48.031251371681435],[38.040075,48.031252],[38.040153,48.031533],[38.040247,48.031536],[38.040247,48.031535242544734],[38.041159,48.031557],[38.041229,48.030288],[38.041228453423116,48.030288],[38.041272,48.029512],[38.040075,48.029481],[38.040075,48.02948136842105],[38.03943,48.029464],[38.039712564430246,48.030288]]]}},{"type":"Feature","properties":{"cadnum":"1425200000:01:000:1203"},"geometry":{"type":"Polygon","coordinates":[[[38.040247,48.0294854544695],[38.041272,48.029512],[38.041357,48.028028],[38.04018273109252,48.02812417647058],[38.039291,48.028196],[38.039268,48.028052],[38.038964,48.028097],[38.03943,48.029464],[38.040247,48.029486],[38.040247,48.0294854544695]]]}},{"type":"Feature","properties":{"cadnum":"1425200000:02:000:0380"},"geometry":{"type":"Polygon","coordinates":[[[38.095396,48.100132],[38.095404,48.100112],[38.095377,48.100105],[38.095368,48.100126],[38.095396,48.100132]]]}},{"type":"Feature","properties":{"cadnum":"1425200000:01:000:1017"},"geometry":{"type":"Polygon","coordinates":[[[38.078336,48.026374],[38.077245,48.02622],[38.07724112745098,48.026615],[38.07724,48.026615],[38.07724,48.02673],[38.07724,48.026746],[38.078364,48.026748],[38.078353,48.026615],[38.0783529241573,48.026615],[38.078336,48.026374]]]}},{"type":"Feature","properties":{"cadnum":"1425200000:01:000:1019"},"geometry":{"type":"Polygon","coordinates":[[[38.077245,48.02622],[38.076391,48.0261],[38.07638773015873,48.026615],[38.076387,48.026615],[38.076387,48.02673],[38.076387,48.026742],[38.07724,48.026746],[38.07724,48.02673],[38.077245,48.02622]]]}},{"type":"Feature","properties":{"cadnum":"1425200000:01:000:1065"},"geometry":{"type":"Polygon","coordinates":[[[38.072462,48.025764],[38.07245317219917,48.026615],[38.072452,48.026615],[38.072452,48.026728],[38.073034,48.026729682080926],[38.073034,48.02673],[38.073143,48.02673],[38.073144,48.02673],[38.073206,48.02673],[38.07349,48.02673],[38.073498,48.025764],[38.073206,48.025764],[38.073034,48.025764],[38.072462,48.025764]]]}},{"type":"Feature","properties":{"cadnum":"1425200000:01:000:1013"},"geometry":{"type":"Polygon","coordinates":[[[38.075699,48.026],[38.075066,48.025911],[38.075059123321125,48.026615],[38.075058,48.026615],[38.075058,48.02673],[38.075058,48.026737],[38.075695,48.026739],[38.075695,48.02673],[38.075699,48.026]]]}},{"type":"Feature","properties":{"cadnum":"1425200000:01:000:1015"},"geometry":{"type":"Polygon","coordinates":[[[38.075066,48.025911],[38.074546,48.025835],[38.074537284916204,48.026615],[38.074536,48.026615],[38.074536,48.02673],[38.074536,48.026737],[38.075058,48.026737],[38.075058,48.02673],[38.075066,48.025911]]]}},{"type":"Feature","properties":{"cadnum":"1425200000:01:000:1102"},"geometry":{"type":"Polygon","coordinates":[[[38.078345,48.026211],[38.078301,48.025499],[38.078259,48.024883],[38.078219,48.024259],[38.078211,48.024156],[38.078165,48.024156],[38.077888,48.024165],[38.077605,48.024174],[38.074074,48.024276],[38.074056,48.025601],[38.078345,48.026211]]]}},{"type":"Feature","properties":{"cadnum":"1425200000:01:000:1081"},"geometry":{"type":"Polygon","coordinates":[[[38.076391,48.0261],[38.075699,48.026],[38.07569563013699,48.026615],[38.075695,48.026615],[38.075695,48.02673],[38.075695,48.026739],[38.076387,48.026742],[38.076387,48.02673],[38.076391,48.0261]]]}},{"type":"Feature","properties":{"cadnum":"1425200000:01:000:1049"},"geometry":{"type":"Polygon","coordinates":[[[38.072802,48.024718],[38.072794,48.025764],[38.073034,48.025764],[38.073206,48.025764],[38.073746,48.025764],[38.07376,48.024736],[38.073571,48.02472],[38.073034,48.024719],[38.073034,48.024719148514855],[38.072802,48.024718]]]}},{"type":"Feature","properties":{"cadnum":"1425200000:01:000:1295"},"geometry":{"type":"Polygon","coordinates":[[[38.078699,48.05348779820628],[38.07875,48.053491],[38.078798,48.053392],[38.079181,48.053275],[38.079288,48.053269],[38.079634,48.053257],[38.079909,48.052819],[38.080506,48.052656],[38.078527,48.052531],[38.078527,48.05253107717042],[38.076211,48.052384],[38.076175,48.052647],[38.076081,48.053326],[38.07675,48.053368],[38.078008,48.053446],[38.078699,48.053488],[38.078699,48.05348779820628]]]}},{"type":"Feature","properties":{"cadnum":"1425200000:02:000:0159"},"geometry":{"type":"Polygon","coordinates":[[[38.229285,48.102463],[38.229285,48.102445],[38.229258,48.102445],[38.229258,48.102463],[38.229285,48.102463]]]}},{"type":"Feature","properties":{"cadnum":"1425200000:02:000:0155"},"geometry":{"type":"Polygon","coordinates":[[[38.229339,48.103402],[38.229339,48.103387],[38.229321,48.103387],[38.229321,48.103402],[38.229339,48.103402]]]}},{"type":"Feature","properties":{"cadnum":"1425200000:02:000:0205"},"geometry":{"type":"Polygon","coordinates":[[[38.229775,48.100619],[38.229797,48.100603],[38.229775,48.100592],[38.229756,48.100603],[38.229775,48.100619]]]}},{"type":"Feature","properties":{"cadnum":"1425200000:02:000:0162"},"geometry":{"type":"Polygon","coordinates":[[[38.229379,48.101726],[38.229379,48.101713],[38.229361,48.101713],[38.229361,48.101726],[38.229379,48.101726]]]}},{"type":"Feature","properties":{"cadnum":"1425200000:02:000:0158"},"geometry":{"type":"Polygon","coordinates":[[[38.229293,48.102697],[38.229293,48.102685],[38.229276,48.102685],[38.229276,48.102697],[38.229293,48.102697]]]}},{"type":"Feature","properties":{"cadnum":"1425200000:02:000:0183"},"geometry":{"type":"Polygon","coordinates":[[[38.229217,48.100517],[38.229239,48.100504],[38.229217,48.10049],[38.229199,48.100504],[38.229217,48.100517]]]}},{"type":"Feature","properties":{"cadnum":"1425200000:02:000:0184"},"geometry":{"type":"Polygon","coordinates":[[[38.230763,48.101518],[38.23078,48.101506],[38.230758,48.101491],[38.23074,48.101506],[38.230763,48.101518]]]}},{"type":"Feature","properties":{"cadnum":"1425200000:02:000:0170"},"geometry":{"type":"Polygon","coordinates":[[[38.229176,48.100768],[38.229176,48.100757],[38.229155,48.100757],[38.229159,48.100768],[38.229176,48.100768]]]}},{"type":"Feature","properties":{"cadnum":"1425200000:02:000:0169"},"geometry":{"type":"Polygon","coordinates":[[[38.229209,48.101246],[38.229209,48.101228],[38.229182,48.101228],[38.229182,48.101246],[38.229209,48.101246]]]}},{"type":"Feature","properties":{"cadnum":"1425200000:02:000:0163"},"geometry":{"type":"Polygon","coordinates":[[[38.22928,48.101486],[38.229298,48.101482],[38.229293,48.10147],[38.229276,48.101473],[38.22928,48.101486]]]}},{"type":"Feature","properties":{"cadnum":"1425200000:02:000:0160"},"geometry":{"type":"Polygon","coordinates":[[[38.229266,48.102211],[38.229266,48.102199],[38.229249,48.102199],[38.229245,48.102211],[38.229266,48.102211]]]}},{"type":"Feature","properties":{"cadnum":"1425200000:02:000:0164"},"geometry":{"type":"Polygon","coordinates":[[[38.229186,48.101246],[38.229209,48.101242],[38.229203,48.10123],[38.229186,48.10123],[38.229186,48.101246]]]}},{"type":"Feature","properties":{"cadnum":"1425200000:02:000:0165"},"geometry":{"type":"Polygon","coordinates":[[[38.229182,48.100772],[38.229176,48.100753],[38.22915,48.100753],[38.229155,48.100772],[38.229182,48.100772]]]}},{"type":"Feature","properties":{"cadnum":"1425200000:02:000:0172"},"geometry":{"type":"Polygon","coordinates":[[[38.229146,48.100283],[38.229146,48.10027],[38.229123,48.10027],[38.229127,48.100283],[38.229146,48.100283]]]}},{"type":"Feature","properties":{"cadnum":"1425200000:02:000:0166"},"geometry":{"type":"Polygon","coordinates":[[[38.229159,48.100519],[38.229159,48.100501],[38.229132,48.100501],[38.229132,48.100519],[38.229159,48.100519]]]}},{"type":"Feature","properties":{"cadnum":"1425200000:02:000:0171"},"geometry":{"type":"Polygon","coordinates":[[[38.229136,48.100519],[38.229155,48.100517],[38.229155,48.100504],[38.229136,48.100504],[38.229136,48.100519]]]}},{"type":"Feature","properties":{"cadnum":"1425200000:02:000:0167"},"geometry":{"type":"Polygon","coordinates":[[[38.229146,48.100283],[38.229146,48.10027],[38.229123,48.10027],[38.229127,48.100283],[38.229146,48.100283]]]}},{"type":"Feature","properties":{"cadnum":"1425200000:02:000:0157"},"geometry":{"type":"Polygon","coordinates":[[[38.229312,48.10294],[38.229312,48.102928],[38.229293,48.102928],[38.229293,48.10294],[38.229312,48.10294]]]}},{"type":"Feature","properties":{"cadnum":"1425200000:02:000:0161"},"geometry":{"type":"Polygon","coordinates":[[[38.229321,48.10198],[38.229325,48.101965],[38.229306,48.101965],[38.229302,48.101977],[38.229321,48.10198]]]}},{"type":"Feature","properties":{"cadnum":"1425200000:02:000:0154"},"geometry":{"type":"Polygon","coordinates":[[[38.229356,48.103656],[38.229356,48.103642],[38.229335,48.103645],[38.229335,48.103656],[38.229356,48.103656]]]}},{"type":"Feature","properties":{"cadnum":"1425200000:02:000:0206"},"geometry":{"type":"Polygon","coordinates":[[[38.231122,48.101495],[38.23114,48.101482],[38.231122,48.10147],[38.231104,48.101482],[38.231122,48.101495]]]}},{"type":"Feature","properties":{"cadnum":"1425200000:02:000:0185"},"geometry":{"type":"Polygon","coordinates":[[[38.232348,48.10255],[38.232366,48.102538],[38.232348,48.102526],[38.232329,48.102538],[38.232348,48.10255]]]}},{"type":"Feature","properties":{"cadnum":"1425200000:02:000:2057"},"geometry":{"type":"Polygon","coordinates":[[[38.120296,48.085015],[38.12026168595042,48.085361],[38.120261,48.085361],[38.12026,48.085378],[38.120424,48.085476],[38.120425375,48.085476],[38.120503,48.085522],[38.120462,48.085852],[38.120902,48.086219],[38.120768,48.086353],[38.121267,48.086782],[38.121298,48.086971],[38.121904,48.087562],[38.122644,48.08804],[38.122644,48.08803916],[38.123898,48.088847],[38.12433,48.088358],[38.125183,48.088625],[38.126216,48.08714],[38.126221,48.087131],[38.126261,48.086924],[38.126401,48.086791],[38.122473,48.085649],[38.122473,48.08564917413793],[38.12187867455622,48.085476],[38.121879,48.085476],[38.120296,48.085015]]]}},{"type":"Feature","properties":{"cadnum":"1425200000:02:000:2109"},"geometry":{"type":"Polygon","coordinates":[[[38.121114,48.083962],[38.120323,48.084727],[38.120296,48.085015],[38.12148410845987,48.085361],[38.121484,48.085361],[38.122644,48.085699],[38.122644,48.08569871537678],[38.126401,48.086791],[38.127694,48.085579],[38.126944,48.085361],[38.12694261130742,48.085361],[38.122473,48.084061],[38.122473,48.08406114876584],[38.121145,48.083674],[38.121114,48.083962]]]}},{"type":"Feature","properties":{"cadnum":"1425200000:01:000:0145"},"geometry":{"type":"Polygon","coordinates":[[[38.080654,48.049579],[38.080658,48.049552],[38.080613,48.049552],[38.080613,48.049579],[38.080654,48.049579]]]}},{"type":"Feature","properties":{"cadnum":"1425200000:01:000:0144"},"geometry":{"type":"Polygon","coordinates":[[[38.082199,48.049615],[38.082199,48.049585],[38.082136,48.049585],[38.082136,48.049612],[38.082199,48.049615]]]}},{"type":"Feature","properties":{"cadnum":"1425200000:01:000:0146"},"geometry":{"type":"Polygon","coordinates":[[[38.079081,48.049564],[38.079087,48.049534],[38.079018,48.049534],[38.079018,48.049564],[38.079081,48.049564]]]}},{"type":"Feature","properties":{"cadnum":"1425200000:01:000:0082"},"geometry":{"type":"Polygon","coordinates":[[[38.06169,48.033726],[38.061722,48.033721],[38.061713,48.033702],[38.061682,48.033708],[38.06169,48.033726]]]}},{"type":"Feature","properties":{"cadnum":"1425200000:01:000:0118"},"geometry":{"type":"Polygon","coordinates":[[[38.061753,48.033915],[38.06178,48.03391],[38.061749,48.033846],[38.061722,48.033852],[38.061753,48.033915]]]}},{"type":"Feature","properties":{"cadnum":"1425200000:01:000:1220"},"geometry":{"type":"Polygon","coordinates":[[[38.037549,48.022961],[38.038406,48.022672],[38.039736,48.022237],[38.039296,48.020035],[38.037004,48.020242],[38.037549,48.022961]]]}},{"type":"Feature","properties":{"cadnum":"1425200000:01:000:1180"},"geometry":{"type":"Polygon","coordinates":[[[38.037777,48.016615],[38.03621,48.016735],[38.036039,48.01675],[38.03655923100304,48.019267],[38.036559,48.019267],[38.036713,48.020008],[38.038447,48.019845],[38.03835087543253,48.019382],[38.038351,48.019382],[38.037777,48.016615]]]}},{"type":"Feature","properties":{"cadnum":"1425200000:01:000:1173"},"geometry":{"type":"Polygon","coordinates":[[[38.042973,48.027896],[38.041357,48.028028],[38.041272,48.029512],[38.041222,48.030403],[38.041222656422384,48.030403],[38.041159,48.031557],[38.042772,48.0316],[38.04283677667683,48.030403],[38.042837,48.030403],[38.042973,48.027896]]]}},{"type":"Feature","properties":{"cadnum":"1425200000:01:000:1161"},"geometry":{"type":"Polygon","coordinates":[[[38.044281,48.03168],[38.042939,48.031648],[38.042804,48.034077],[38.04280472418879,48.034077],[38.0427,48.035996],[38.043558,48.036018],[38.044038,48.03603],[38.044154,48.033962],[38.04415342886942,48.033962],[38.044281,48.03168]]]}},{"type":"Feature","properties":{"cadnum":"1425200000:01:000:1210"},"geometry":{"type":"Polygon","coordinates":[[[38.042939,48.031648],[38.0416,48.031615],[38.041462,48.034077],[38.04146255677839,48.034077],[38.041357,48.035961],[38.04186,48.035976],[38.0427,48.035996],[38.042811,48.033962],[38.04281039151914,48.033962],[38.042939,48.031648]]]}},{"type":"Feature","properties":{"cadnum":"1425200000:01:000:1202"},"geometry":{"type":"Polygon","coordinates":[[[38.045619,48.031713],[38.044281,48.03168],[38.044147,48.034077],[38.044147549323014,48.034077],[38.044038,48.03603],[38.044636,48.036045],[38.045256,48.03606],[38.045377,48.036063],[38.045382,48.036014],[38.045495,48.033962],[38.04549437267343,48.033962],[38.045619,48.031713]]]}},{"type":"Feature","properties":{"cadnum":"1425200000:02:000:2081"},"geometry":{"type":"Polygon","coordinates":[[[38.137315,48.091949],[38.136601332947976,48.0927],[38.136601,48.0927],[38.135802,48.093542],[38.137158,48.09412],[38.137275,48.094148],[38.137445,48.09422],[38.13745,48.094244],[38.139124,48.09496],[38.139124,48.0949595],[38.139984,48.095327],[38.141496,48.093734],[38.13934013926499,48.092814],[38.139343,48.092814],[38.139124,48.0927215831202],[38.139124,48.092721],[38.137315,48.091949]],[[38.140509,48.094334],[38.140554,48.094328],[38.140621,48.094346],[38.140653,48.094382],[38.140639,48.094429],[38.140576,48.094436],[38.140523,48.094397],[38.140509,48.094334]]]}},{"type":"Feature","properties":{"cadnum":"1425200000:02:000:0372"},"geometry":{"type":"Polygon","coordinates":[[[38.100341,48.089675],[38.100341,48.089597],[38.100228,48.089597],[38.100228,48.089672],[38.100341,48.089675]]]}},{"type":"Feature","properties":{"cadnum":"1425200000:02:000:0373"},"geometry":{"type":"Polygon","coordinates":[[[38.099163,48.092081],[38.099172,48.092063],[38.099142,48.092057],[38.099132,48.092075],[38.099163,48.092081]]]}},{"type":"Feature","properties":{"cadnum":"1425200000:02:000:0396"},"geometry":{"type":"Polygon","coordinates":[[[38.210083,48.114928],[38.210101,48.114915],[38.210083,48.114904],[38.210066,48.114915],[38.210083,48.114928]]]}},{"type":"Feature","properties":{"cadnum":"1425200000:02:000:0259"},"geometry":{"type":"Polygon","coordinates":[[[38.2071,48.117833],[38.207249,48.117771],[38.207177,48.117695],[38.207029,48.117755],[38.2071,48.117833]]]}},{"type":"Feature","properties":{"cadnum":"1425200000:02:000:0258"},"geometry":{"type":"Polygon","coordinates":[[[38.206234,48.118091],[38.206347,48.118058],[38.206301,48.117983],[38.206189,48.118016],[38.206234,48.118091]]]}},{"type":"Feature","properties":{"cadnum":"1425200000:04:000:0062"},"geometry":{"type":"Polygon","coordinates":[[[38.361382,48.122079],[38.361382,48.12189],[38.361211,48.121713],[38.361134,48.121716],[38.361086,48.121398],[38.360222,48.121498],[38.360362,48.121953],[38.360748,48.122025],[38.361382,48.122079]]]}},{"type":"Feature","properties":{"cadnum":"1425200000:04:000:0069"},"geometry":{"type":"Polygon","coordinates":[[[38.362235,48.114481],[38.362148345794395,48.114709],[38.362148,48.114709],[38.362113,48.114802],[38.361896,48.114824],[38.36189871153845,48.114824],[38.3611,48.114906],[38.36106487214599,48.11476477168896],[38.361027,48.114606],[38.359243,48.114795],[38.359239,48.114824],[38.35923956177285,48.114824],[38.359029,48.1166],[38.360713,48.116393],[38.361220820781696,48.118377],[38.36122,48.118377],[38.36171,48.120289],[38.3614,48.120331],[38.361427,48.120418],[38.361436,48.120463],[38.36145,48.120496],[38.361727,48.120469],[38.361912,48.120447],[38.362213,48.121974],[38.363102,48.121905],[38.363404,48.121251],[38.363434,48.121018],[38.36413,48.120922],[38.363901,48.120103],[38.363290195828505,48.118491],[38.363291,48.118491],[38.363224,48.118313],[38.363134,48.117968],[38.362828,48.118157],[38.362532,48.117887],[38.362415,48.117944],[38.362293,48.117725],[38.361314,48.117563],[38.361153,48.116991],[38.361975,48.116889],[38.361817,48.116622],[38.361876,48.116319],[38.362069,48.116028],[38.362069,48.115836],[38.362846,48.115755],[38.36259767399618,48.114824],[38.362598,48.114824],[38.362501,48.114457],[38.362235,48.114481]],[[38.36326,48.120382],[38.363327,48.120376],[38.363367,48.120534],[38.363174,48.120556],[38.363134,48.120396],[38.36326,48.120382]]]}},{"type":"Feature","properties":{"cadnum":"1425200000:04:000:0071"},"geometry":{"type":"Polygon","coordinates":[[[38.364344,48.11781709090909],[38.364344,48.117817],[38.364144,48.117821],[38.363646,48.117857],[38.363792813880124,48.118377],[38.363792,48.118377],[38.364172,48.119713877828055],[38.364172,48.119714],[38.364234,48.119932],[38.364344,48.119797],[38.364344,48.119796368932036],[38.36444,48.119678],[38.364683,48.119507],[38.364979,48.1193],[38.364888,48.118377],[38.36488784963504,48.118377],[38.364832,48.117806],[38.364344,48.11781709090909]]]}},{"type":"Feature","properties":{"cadnum":"1425200000:03:000:0020"},"geometry":{"type":"Polygon","coordinates":[[[38.16471,48.14882],[38.164836,48.148772],[38.164763,48.148688],[38.164637,48.148736],[38.16471,48.14882]]]}},{"type":"Feature","properties":{"cadnum":"1425200000:03:000:0028"},"geometry":{"type":"Polygon","coordinates":[[[38.166381,48.151076],[38.16643,48.150983],[38.166291,48.15095],[38.166241,48.151043],[38.166381,48.151076]]]}},{"type":"Feature","properties":{"cadnum":"1425200000:03:000:0019"},"geometry":{"type":"Polygon","coordinates":[[[38.16245,48.145254],[38.16253,48.145206],[38.162459,48.145152],[38.162379,48.145199],[38.16245,48.145254]]]}},{"type":"Feature","properties":{"cadnum":"1425200000:02:000:2065"},"geometry":{"type":"Polygon","coordinates":[[[38.134265,48.088336],[38.13590413473423,48.089031],[38.135903,48.089031],[38.138756,48.090239],[38.139124,48.089849],[38.139124,48.089848409766454],[38.139894,48.089031],[38.13989248571429,48.089031],[38.140544,48.08834],[38.138952,48.087668],[38.138952,48.08766828497724],[38.135829,48.086348],[38.134265,48.088336]]]}},{"type":"Feature","properties":{"cadnum":"1425200000:02:000:2100"},"geometry":{"type":"Polygon","coordinates":[[[38.140338,48.088769],[38.140088542553194,48.089031],[38.140088,48.089031],[38.138952,48.090226],[38.138952,48.0902260535117],[38.138825,48.090359],[38.138952,48.09041336789298],[38.138952,48.090414],[38.14301,48.092144],[38.144525,48.090554],[38.14121852199607,48.089145],[38.14122,48.089145],[38.140338,48.088769]]]}},{"type":"Feature","properties":{"cadnum":"1425200000:02:000:2082"},"geometry":{"type":"Polygon","coordinates":[[[38.139124,48.090487],[38.138825,48.090359],[38.137315,48.091949],[38.138952,48.09264759812051],[38.138952,48.092649],[38.13908592553908,48.09270551589245],[38.141496,48.093734],[38.142481,48.0927],[38.14247972537313,48.0927],[38.14301,48.092144],[38.139124,48.09048732676195],[38.139124,48.090487]]]}},{"type":"Feature","properties":{"cadnum":"1425200000:02:000:2014"},"geometry":{"type":"Polygon","coordinates":[[[38.142642,48.092615],[38.14256041708543,48.0927],[38.14256,48.0927],[38.14252463801252,48.092737277672825],[38.142451,48.092814],[38.142451858416365,48.092814],[38.140751,48.094607],[38.143047,48.096032],[38.143729,48.095744],[38.144445,48.09549968918919],[38.144445,48.0955],[38.144924,48.095336],[38.145611,48.095194],[38.14642,48.09512],[38.14663,48.095093],[38.144445,48.093736],[38.144445,48.09373609624796],[38.14296141732283,48.092814],[38.142962,48.092814],[38.142642,48.092615]]]}},{"type":"Feature","properties":{"cadnum":"1425200000:02:000:2104"},"geometry":{"type":"Polygon","coordinates":[[[38.142642,48.092615],[38.14256041708543,48.0927],[38.14256,48.0927],[38.14252463801252,48.092737277672825],[38.142451,48.092814],[38.142451858416365,48.092814],[38.140751,48.094607],[38.143047,48.096032],[38.143729,48.095744],[38.144445,48.09549968918919],[38.144445,48.0955],[38.144924,48.095336],[38.145611,48.095194],[38.14642,48.09512],[38.14663,48.095093],[38.144445,48.093736],[38.144445,48.09373609624796],[38.14296141732283,48.092814],[38.142962,48.092814],[38.142642,48.092615]]]}},{"type":"Feature","properties":{"cadnum":"1425200000:03:000:0008"},"geometry":{"type":"Polygon","coordinates":[[[38.163102,48.168209],[38.163159,48.168149],[38.163069,48.16811],[38.163016,48.168169],[38.163102,48.168209]]]}},{"type":"Feature","properties":{"cadnum":"1425200000:03:000:0007"},"geometry":{"type":"Polygon","coordinates":[[[38.164862,48.16733],[38.164925,48.167274],[38.164844,48.167232],[38.164777,48.167288],[38.164862,48.16733]]]}},{"type":"Feature","properties":{"cadnum":"1425200000:01:000:0160"},"geometry":{"type":"Polygon","coordinates":[[[38.043405,48.048429],[38.043436,48.048423],[38.043428,48.048399],[38.043396,48.048408],[38.043405,48.048429]]]}},{"type":"Feature","properties":{"cadnum":"1425200000:01:000:0161"},"geometry":{"type":"Polygon","coordinates":[[[38.04509,48.048045],[38.045121,48.048038],[38.045112,48.048015],[38.045076,48.048024],[38.04509,48.048045]]]}},{"type":"Feature","properties":{"cadnum":"1425200000:02:000:0406"},"geometry":{"type":"Polygon","coordinates":[[[38.205179,48.111499],[38.205196,48.111485],[38.205179,48.111472],[38.205156,48.111485],[38.205179,48.111499]]]}},{"type":"Feature","properties":{"cadnum":"1425200000:02:000:0404"},"geometry":{"type":"Polygon","coordinates":[[[38.206189,48.112208],[38.206207,48.112195],[38.206189,48.112181],[38.206171,48.112195],[38.206189,48.112208]]]}},{"type":"Feature","properties":{"cadnum":"1425200000:02:000:0405"},"geometry":{"type":"Polygon","coordinates":[[[38.205699,48.111863],[38.205718,48.11185],[38.205699,48.111839],[38.205678,48.11185],[38.205699,48.111863]]]}},{"type":"Feature","properties":{"cadnum":"1425200000:02:000:0402"},"geometry":{"type":"Polygon","coordinates":[[[38.207213,48.112924],[38.207236,48.11291],[38.207213,48.112897],[38.207196,48.11291],[38.207213,48.112924]]]}},{"type":"Feature","properties":{"cadnum":"1425200000:02:000:0397"},"geometry":{"type":"Polygon","coordinates":[[[38.209616,48.1146],[38.209634,48.114588],[38.209616,48.114577],[38.209598,48.114588],[38.209616,48.1146]]]}},{"type":"Feature","properties":{"cadnum":"1425200000:02:000:0398"},"geometry":{"type":"Polygon","coordinates":[[[38.209148,48.114277],[38.209171,48.114264],[38.209154,48.114253],[38.209131,48.114264],[38.209148,48.114277]]]}},{"type":"Feature","properties":{"cadnum":"1425200000:02:000:0399"},"geometry":{"type":"Polygon","coordinates":[[[38.208668,48.113937],[38.208686,48.113926],[38.208668,48.113914],[38.208645,48.113926],[38.208668,48.113937]]]}},{"type":"Feature","properties":{"cadnum":"1425200000:02:000:0403"},"geometry":{"type":"Polygon","coordinates":[[[38.206678,48.11255],[38.206697,48.112534],[38.206678,48.112523],[38.206661,48.112534],[38.206678,48.11255]]]}},{"type":"Feature","properties":{"cadnum":"1425200000:02:000:0401"},"geometry":{"type":"Polygon","coordinates":[[[38.207693,48.11326],[38.207712,48.113245],[38.207693,48.113233],[38.207676,48.113245],[38.207693,48.11326]]]}},{"type":"Feature","properties":{"cadnum":"1425200000:02:000:0400"},"geometry":{"type":"Polygon","coordinates":[[[38.208188,48.113602],[38.208206,48.11359],[38.208188,48.113578],[38.208169,48.11359],[38.208188,48.113602]]]}},{"type":"Feature","properties":{"cadnum":"1425200000:01:000:0164"},"geometry":{"type":"Polygon","coordinates":[[[38.066649,48.048897],[38.066663,48.048873],[38.066622,48.048864],[38.066609,48.048888],[38.066649,48.048897]]]}},{"type":"Feature","properties":{"cadnum":"1425200000:01:000:1229"},"geometry":{"type":"Polygon","coordinates":[[[38.050579,48.022471],[38.048755,48.022429],[38.0487288692185,48.022941],[38.048728,48.022941],[38.048615,48.025228],[38.049185,48.025652],[38.04964,48.025721],[38.050417,48.025718],[38.050555,48.022941],[38.050554897435894,48.022941],[38.050579,48.022471]]]}},{"type":"Feature","properties":{"cadnum":"1425200000:02:000:2008"},"geometry":{"type":"Polygon","coordinates":[[[38.0851444656925,48.103706],[38.085144,48.103706],[38.0851,48.104188],[38.087666,48.104152],[38.087701,48.103706],[38.087700123841614,48.103706],[38.087976,48.100259],[38.086314,48.100234],[38.085423,48.100672],[38.0851444656925,48.103706]]]}},{"type":"Feature","properties":{"cadnum":"1425200000:02:000:0425"},"geometry":{"type":"Polygon","coordinates":[[[38.109696,48.115257],[38.109701,48.11523],[38.10966,48.115227],[38.109656,48.115255],[38.109696,48.115257]]]}},{"type":"Feature","properties":{"cadnum":"1425200000:02:000:0334"},"geometry":{"type":"Polygon","coordinates":[[[38.109746,48.115044],[38.109759,48.114988],[38.109732,48.114988],[38.109719,48.115044],[38.109746,48.115044]]]}},{"type":"Feature","properties":{"cadnum":"1425200000:03:000:0029"},"geometry":{"type":"Polygon","coordinates":[[[38.16748,48.148967],[38.167526,48.148883],[38.1674,48.148853],[38.167354,48.148937],[38.16748,48.148967]]]}},{"type":"Feature","properties":{"cadnum":"1425200000:03:000:0021"},"geometry":{"type":"Polygon","coordinates":[[[38.167337,48.15123],[38.167337,48.151134],[38.167193,48.15113],[38.167193,48.15123],[38.167337,48.15123]]]}},{"type":"Feature","properties":{"cadnum":"1425200000:02:000:0371"},"geometry":{"type":"Polygon","coordinates":[[[38.099708,48.088202],[38.099784,48.088189],[38.099771,48.088154],[38.099694,48.088165],[38.099708,48.088202]]]}},{"type":"Feature","properties":{"cadnum":"1425200000:02:000:0369"},"geometry":{"type":"Polygon","coordinates":[[[38.098742,48.085663],[38.098769,48.08566],[38.098763,48.085639],[38.098733,48.085645],[38.098742,48.085663]]]}},{"type":"Feature","properties":{"cadnum":"1425200000:02:000:0370"},"geometry":{"type":"Polygon","coordinates":[[[38.099209,48.086882],[38.099235,48.086875],[38.099231,48.086857],[38.099199,48.08686],[38.099209,48.086882]]]}},{"type":"Feature","properties":{"cadnum":"1425200000:02:000:0239"},"geometry":{"type":"Polygon","coordinates":[[[38.141479,48.125905],[38.141565,48.125863],[38.141506,48.125805],[38.141416,48.125845],[38.141479,48.125905]]]}},{"type":"Feature","properties":{"cadnum":"1425200000:02:000:0240"},"geometry":{"type":"Polygon","coordinates":[[[38.143419,48.127823],[38.143504,48.127781],[38.143446,48.127725],[38.143356,48.127763],[38.143419,48.127823]]]}},{"type":"Feature","properties":{"cadnum":"1425200000:01:000:1046"},"geometry":{"type":"Polygon","coordinates":[[[38.087018,48.022792],[38.086389,48.021393],[38.085989,48.021005],[38.085186,48.021062],[38.085079,48.020046],[38.085693,48.019995],[38.085729,48.01983],[38.08568,48.019722],[38.084135,48.019722],[38.084131,48.022789],[38.087018,48.022792]]]}},{"type":"Feature","properties":{"cadnum":"1425200000:01:000:1196"},"geometry":{"type":"Polygon","coordinates":[[[38.050579,48.022471],[38.050646,48.02108],[38.050277,48.020915],[38.04977,48.020765],[38.049338,48.020825],[38.048818,48.021095],[38.048755,48.022429],[38.050579,48.022471]]]}},{"type":"Feature","properties":{"cadnum":"1425200000:01:000:1195"},"geometry":{"type":"Polygon","coordinates":[[[38.048202,48.022735],[38.04826,48.021068],[38.048481,48.021065],[38.048269,48.020614],[38.048067,48.019677],[38.046397,48.020236],[38.048202,48.022735]]]}},{"type":"Feature","properties":{"cadnum":"1425200000:01:000:1064"},"geometry":{"type":"Polygon","coordinates":[[[38.077762,48.017202],[38.075745,48.017262],[38.075727,48.016988],[38.075305,48.017006],[38.0745,48.017039],[38.074223,48.017051],[38.073948,48.017063],[38.073804,48.017069],[38.073956,48.019382],[38.073956642015006,48.019382],[38.074011,48.0202],[38.075529,48.020155],[38.075808,48.020146],[38.076091,48.02014],[38.077949,48.020082],[38.077896,48.019267],[38.077894614678904,48.019267],[38.077762,48.017202]],[[38.075116,48.018899],[38.075219,48.018877],[38.075251,48.018947],[38.075148,48.018968],[38.075116,48.018899]]]}},{"type":"Feature","properties":{"cadnum":"1425200000:01:000:0048"},"geometry":{"type":"Polygon","coordinates":[[[38.075548,48.022126],[38.075561,48.022053],[38.075452,48.022047],[38.075439,48.022117],[38.075548,48.022126]]]}},{"type":"Feature","properties":{"cadnum":"1425200000:02:000:0447"},"geometry":{"type":"Polygon","coordinates":[[[38.101207,48.119131],[38.101226,48.119089],[38.101163,48.119074],[38.10114,48.119116],[38.101207,48.119131]]]}},{"type":"Feature","properties":{"cadnum":"1425200000:04:000:0013"},"geometry":{"type":"Polygon","coordinates":[[[38.361274,48.102073],[38.361161,48.10228],[38.364172,48.102965823122844],[38.364172,48.102966],[38.36758,48.103741],[38.367459,48.103498],[38.364172,48.102741],[38.364172,48.10274133355049],[38.361274,48.102073]]]}},{"type":"Feature","properties":{"cadnum":"1425200000:01:000:0097"},"geometry":{"type":"Polygon","coordinates":[[[38.083874,48.05489],[38.083888,48.054852],[38.083829,48.054839],[38.083815,48.054881],[38.083874,48.05489]]]}},{"type":"Feature","properties":{"cadnum":"1425200000:01:000:1257"},"geometry":{"type":"Polygon","coordinates":[[[38.068163,48.025394],[38.068922,48.025346],[38.068984,48.025199],[38.069083,48.024931],[38.069236,48.024502],[38.068984,48.023931],[38.06832,48.023814],[38.067894,48.02378],[38.06764568275866,48.02440114482749],[38.067259,48.025367],[38.067713,48.025551],[38.067713,48.025550252631575],[38.067921,48.025634],[38.068163,48.025394]]]}},{"type":"Feature","properties":{"cadnum":"1425200000:01:000:0163"},"geometry":{"type":"Polygon","coordinates":[[[38.065234,48.048579],[38.065248,48.048558],[38.065217,48.048546],[38.065202,48.04857],[38.065234,48.048579]]]}},{"type":"Feature","properties":{"cadnum":"1425200000:02:000:0127"},"geometry":{"type":"Polygon","coordinates":[[[38.23304,48.109509],[38.233054,48.1095],[38.23304,48.109491],[38.233027,48.1095],[38.23304,48.109509]]]}},{"type":"Feature","properties":{"cadnum":"1425200000:02:000:0129"},"geometry":{"type":"Polygon","coordinates":[[[38.232528,48.109149],[38.232551,48.109136],[38.232532,48.109125],[38.232509,48.109133],[38.232528,48.109149]]]}},{"type":"Feature","properties":{"cadnum":"1425200000:02:000:0118"},"geometry":{"type":"Polygon","coordinates":[[[38.235262,48.111086],[38.235272,48.111074],[38.235254,48.111071],[38.235245,48.11108],[38.235262,48.111086]]]}},{"type":"Feature","properties":{"cadnum":"1425200000:02:000:0125"},"geometry":{"type":"Polygon","coordinates":[[[38.233534,48.109859],[38.233547,48.10985],[38.233534,48.109841],[38.23352,48.10985],[38.233534,48.109859]]]}},{"type":"Feature","properties":{"cadnum":"1425200000:02:000:0126"},"geometry":{"type":"Polygon","coordinates":[[[38.233287,48.109682],[38.2333,48.109673],[38.233287,48.109664],[38.233273,48.109673],[38.233287,48.109682]]]}},{"type":"Feature","properties":{"cadnum":"1425200000:02:000:0120"},"geometry":{"type":"Polygon","coordinates":[[[38.234809,48.11072],[38.234818,48.110708],[38.2348,48.110705],[38.234792,48.110714],[38.234809,48.11072]]]}},{"type":"Feature","properties":{"cadnum":"1425200000:02:000:0121"},"geometry":{"type":"Polygon","coordinates":[[[38.234593,48.110525],[38.234607,48.110519],[38.234593,48.110507],[38.23458,48.110516],[38.234593,48.110525]]]}},{"type":"Feature","properties":{"cadnum":"1425200000:02:000:0128"},"geometry":{"type":"Polygon","coordinates":[[[38.232757,48.109331],[38.232771,48.109322],[38.232757,48.109313],[38.232744,48.109322],[38.232757,48.109331]]]}},{"type":"Feature","properties":{"cadnum":"1425200000:02:000:0123"},"geometry":{"type":"Polygon","coordinates":[[[38.234019,48.110207],[38.234037,48.110192],[38.234014,48.11018],[38.233996,48.110196],[38.234019,48.110207]]]}},{"type":"Feature","properties":{"cadnum":"1425200000:02:000:0124"},"geometry":{"type":"Polygon","coordinates":[[[38.233772,48.110033],[38.23379,48.110021],[38.233772,48.110007],[38.233754,48.110018],[38.233772,48.110033]]]}},{"type":"Feature","properties":{"cadnum":"1425200000:02:000:0122"},"geometry":{"type":"Polygon","coordinates":[[[38.23431,48.110363],[38.23432,48.110354],[38.234306,48.110345],[38.234293,48.110354],[38.23431,48.110363]]]}},{"type":"Feature","properties":{"cadnum":"1425200000:02:000:0238"},"geometry":{"type":"Polygon","coordinates":[[[38.139462,48.123908],[38.139552,48.123869],[38.139489,48.123809],[38.139404,48.123851],[38.139462,48.123908]]]}},{"type":"Feature","properties":{"cadnum":"1425200000:01:000:1168"},"geometry":{"type":"Polygon","coordinates":[[[38.053942,48.040499],[38.052124,48.04045],[38.05207015432099,48.041308],[38.05207,48.041308],[38.051957,48.043139],[38.051988,48.043315],[38.052034,48.043333],[38.052941,48.043718],[38.053556,48.04394],[38.053718,48.044009],[38.053726,48.044009],[38.053884035912624,48.041422],[38.053885,48.041422],[38.053942,48.040499]]]}},{"type":"Feature","properties":{"cadnum":"1425200000:01:000:1170"},"geometry":{"type":"Polygon","coordinates":[[[38.055747,48.04055],[38.053942,48.040499],[38.05389204008667,48.041308],[38.053891,48.041308],[38.053726,48.044009],[38.054158,48.044018],[38.054472,48.043943],[38.054378,48.043793],[38.05529,48.043471],[38.055573,48.043408],[38.055701,48.041308],[38.055700928899086,48.041308],[38.055747,48.04055]]]}},{"type":"Feature","properties":{"cadnum":"1425200000:01:000:0243"},"geometry":{"type":"Polygon","coordinates":[[[38.036254,48.059688],[38.03621,48.059949],[38.03648,48.05997],[38.03652,48.059709],[38.036254,48.059688]]]}},{"type":"Feature","properties":{"cadnum":"1425200000:01:000:0211"},"geometry":{"type":"Polygon","coordinates":[[[38.03979,48.056319],[38.039533,48.056715],[38.03947,48.056817],[38.040075,48.056910436293435],[38.040075,48.056911],[38.042969,48.057352],[38.043926,48.056746],[38.04010879057977,48.05635248347446],[38.03979,48.056319]]]}},{"type":"Feature","properties":{"cadnum":"1425200000:01:000:0210"},"geometry":{"type":"Polygon","coordinates":[[[38.040247,48.056937],[38.03947,48.056817],[38.03935,48.057001],[38.039151,48.057316],[38.040075,48.05738175912409],[38.040075,48.057382],[38.041268,48.057466],[38.042969,48.057352],[38.040247,48.05693721008984],[38.040247,48.056937]]]}},{"type":"Feature","properties":{"cadnum":"1425200000:01:000:0244"},"geometry":{"type":"Polygon","coordinates":[[[38.037769,48.059529],[38.037364,48.059499],[38.037338048689136,48.059668],[38.037337,48.059668],[38.037323,48.059766],[38.037533,48.059783],[38.03753833333336,48.059783],[38.037589,48.059787],[38.037723,48.059796],[38.03773931690148,48.05969654460052],[38.037769,48.059529]]]}},{"type":"Feature","properties":{"cadnum":"1425200000:01:000:0227"},"geometry":{"type":"Polygon","coordinates":[[[38.035509,48.059316],[38.035549,48.059049],[38.035285,48.059027],[38.035239,48.059294],[38.035509,48.059316]]]}},{"type":"Feature","properties":{"cadnum":"1425200000:01:000:1157"},"geometry":{"type":"Polygon","coordinates":[[[38.043526,48.03657],[38.043554,48.036083],[38.043558,48.036018],[38.0427,48.035996],[38.04186,48.035976],[38.041851,48.03615],[38.041824,48.036642],[38.041762,48.03775],[38.04176264712514,48.03775],[38.041671,48.039409],[38.043369,48.039453],[38.04346080088009,48.03775],[38.043462,48.03775],[38.043526,48.03657]],[[38.042476,48.036414],[38.042484,48.03648],[38.042457,48.03648],[38.042453,48.036414],[38.042476,48.036414]]]}},{"type":"Feature","properties":{"cadnum":"1425200000:01:000:1171"},"geometry":{"type":"Polygon","coordinates":[[[38.044034,48.039513],[38.042273,48.039469],[38.042171304147466,48.041308],[38.04217,48.041308],[38.042071,48.043114],[38.043845,48.04291],[38.043934,48.041308],[38.04393338973284,48.041308],[38.044034,48.039513]]]}},{"type":"Feature","properties":{"cadnum":"1425200000:01:000:1247"},"geometry":{"type":"Polygon","coordinates":[[[38.042273,48.039469],[38.040566,48.039426],[38.040455,48.041422],[38.0404556900369,48.041422],[38.040432,48.04185],[38.040719,48.042073],[38.040386,48.043309],[38.042071,48.043114],[38.04216375083056,48.041422],[38.042165,48.041422],[38.042273,48.039469]]]}},{"type":"Feature","properties":{"cadnum":"1425200000:01:000:1189"},"geometry":{"type":"Polygon","coordinates":[[[38.045233,48.036495],[38.045256,48.03606],[38.044636,48.036045],[38.044038,48.03603],[38.043558,48.036018],[38.043554,48.036083],[38.043526,48.03657],[38.04346823728813,48.037635],[38.043467,48.037635],[38.043369,48.039453],[38.045067,48.039495],[38.04516269354839,48.03775],[38.045163,48.03775],[38.045233,48.036495]],[[38.044011,48.036363],[38.044015,48.03643],[38.043989,48.03643],[38.043985,48.036363],[38.044011,48.036363]],[[38.043728,48.036219],[38.043732,48.03624],[38.043702,48.03624],[38.043702,48.036222],[38.043728,48.036219]]]}},{"type":"Feature","properties":{"cadnum":"1425200000:02:000:2090"},"geometry":{"type":"Polygon","coordinates":[[[38.117008044145855,48.10290775431862],[38.116906,48.102919],[38.115994,48.103309],[38.115953600782774,48.103706],[38.115952,48.103706],[38.115644,48.106743],[38.11698,48.10680594359655],[38.11698,48.106806],[38.117021063690636,48.106807878249526],[38.117151,48.106814],[38.117151,48.10681382152466],[38.118095,48.106857],[38.118417,48.103706],[38.118416850965964,48.103706],[38.118518,48.102733],[38.117008044145855,48.10290775431862]]]}},{"type":"Feature","properties":{"cadnum":"1425200000:02:000:0355"},"geometry":{"type":"Polygon","coordinates":[[[38.121254,48.103729],[38.121254,48.103711],[38.121172,48.103711],[38.121172,48.103729],[38.121254,48.103729]]]}},{"type":"Feature","properties":{"cadnum":"1425200000:02:000:0356"},"geometry":{"type":"Polygon","coordinates":[[[38.121298,48.102787],[38.121303,48.102721],[38.121222,48.102721],[38.121222,48.102787],[38.121298,48.102787]]]}},{"type":"Feature","properties":{"cadnum":"1425200000:02:000:0229"},"geometry":{"type":"Polygon","coordinates":[[[38.118868,48.102592],[38.118954,48.102574],[38.118922,48.102517],[38.118841,48.102538],[38.118868,48.102592]]]}},{"type":"Feature","properties":{"cadnum":"1425200000:02:000:2113"},"geometry":{"type":"Polygon","coordinates":[[[38.120768,48.102493],[38.120602,48.102496],[38.119304,48.102643],[38.11863,48.102721],[38.118518,48.102733],[38.118405,48.10382],[38.11840535036497,48.10382],[38.118095,48.106857],[38.12031,48.106959],[38.120468,48.105405],[38.120543,48.104665],[38.120571,48.104412],[38.120643,48.103706],[38.120642769404675,48.103706],[38.120768,48.102493]],[[38.119946,48.105621],[38.119906,48.105574],[38.119929,48.105523],[38.120032,48.105483],[38.120135,48.105504],[38.120153,48.105603],[38.120045,48.105637],[38.119946,48.105621]],[[38.119946,48.104539],[38.120076,48.104494],[38.120143,48.104583],[38.120013,48.104625],[38.119946,48.104539]]]}},{"type":"Feature","properties":{"cadnum":"1425200000:02:000:0358"},"geometry":{"type":"Polygon","coordinates":[[[38.121374,48.101269],[38.121378,48.101206],[38.121298,48.101203],[38.121294,48.101269],[38.121374,48.101269]]]}},{"type":"Feature","properties":{"cadnum":"1425200000:02:000:0280"},"geometry":{"type":"Polygon","coordinates":[[[38.120737,48.101815],[38.120759,48.101812],[38.120751,48.101791],[38.120795,48.101782],[38.120786,48.10177],[38.120745,48.101779],[38.120737,48.101758],[38.120715,48.101764],[38.120737,48.101815]]]}},{"type":"Feature","properties":{"cadnum":"1425200000:02:000:0279"},"geometry":{"type":"Polygon","coordinates":[[[38.120589,48.101497],[38.120615,48.101495],[38.120606,48.101477],[38.120579,48.101482],[38.120589,48.101497]]]}},{"type":"Feature","properties":{"cadnum":"1425200000:02:000:0281"},"geometry":{"type":"Polygon","coordinates":[[[38.120512,48.101846],[38.120512,48.101827],[38.120426,48.101827],[38.120426,48.101846],[38.120512,48.101846]]]}},{"type":"Feature","properties":{"cadnum":"1425200000:02:000:0282"},"geometry":{"type":"Polygon","coordinates":[[[38.119619,48.101846],[38.119619,48.101827],[38.119591,48.101827],[38.119591,48.101846],[38.119619,48.101846]]]}},{"type":"Feature","properties":{"cadnum":"1425200000:02:000:0277"},"geometry":{"type":"Polygon","coordinates":[[[38.120625,48.10063],[38.120633,48.100615],[38.120606,48.10061],[38.120598,48.100624],[38.120625,48.10063]]]}},{"type":"Feature","properties":{"cadnum":"1425200000:02:000:0283"},"geometry":{"type":"Polygon","coordinates":[[[38.11885,48.101846],[38.11885,48.101827],[38.118824,48.101827],[38.118824,48.101846],[38.11885,48.101846]]]}},{"type":"Feature","properties":{"cadnum":"1425200000:02:000:0278"},"geometry":{"type":"Polygon","coordinates":[[[38.120378,48.101048],[38.120468,48.101035],[38.120458,48.101017],[38.120373,48.10103],[38.120378,48.101048]]]}},{"type":"Feature","properties":{"cadnum":"1425200000:02:000:0285"},"geometry":{"type":"Polygon","coordinates":[[[38.117516,48.102088],[38.117539,48.102079],[38.117525,48.102064],[38.117503,48.102073],[38.117516,48.102088]]]}},{"type":"Feature","properties":{"cadnum":"1425200000:02:000:0431"},"geometry":{"type":"Polygon","coordinates":[[[38.12225,48.101329],[38.122462,48.100697],[38.121793,48.100564],[38.121482,48.100501],[38.121217,48.10045],[38.121002,48.101086],[38.12225,48.101329]]]}},{"type":"Feature","properties":{"cadnum":"1425200000:02:000:0228"},"geometry":{"type":"Polygon","coordinates":[[[38.118191,48.101263],[38.118271,48.101242],[38.118244,48.101188],[38.118158,48.101206],[38.118191,48.101263]]]}},{"type":"Feature","properties":{"cadnum":"1425200000:02:000:0276"},"geometry":{"type":"Polygon","coordinates":[[[38.120841,48.100237],[38.120871,48.100183],[38.120845,48.100177],[38.120812,48.100232],[38.120841,48.100237]]]}},{"type":"Feature","properties":{"cadnum":"1425200000:02:000:0357"},"geometry":{"type":"Polygon","coordinates":[[[38.121344,48.101915],[38.121344,48.101896],[38.121262,48.101893],[38.121262,48.101911],[38.121344,48.101915]]]}},{"type":"Feature","properties":{"cadnum":"1425200000:02:000:0284"},"geometry":{"type":"Polygon","coordinates":[[[38.118248,48.101846],[38.118248,48.101827],[38.118158,48.101827],[38.118158,48.101846],[38.118248,48.101846]]]}},{"type":"Feature","properties":{"cadnum":"1425200000:02:000:0363"},"geometry":{"type":"Polygon","coordinates":[[[38.103143,48.077823],[38.103161,48.077805],[38.103134,48.077796],[38.103121,48.077814],[38.103143,48.077823]]]}},{"type":"Feature","properties":{"cadnum":"1425200000:02:000:0359"},"geometry":{"type":"Polygon","coordinates":[[[38.104836,48.075043],[38.104918,48.075025],[38.104886,48.074969],[38.104805,48.074989],[38.104836,48.075043]]]}},{"type":"Feature","properties":{"cadnum":"1425200000:02:000:0362"},"geometry":{"type":"Polygon","coordinates":[[[38.104105,48.076793],[38.104145,48.076739],[38.104069,48.076712],[38.104029,48.076764],[38.104105,48.076793]]]}},{"type":"Feature","properties":{"cadnum":"1425200000:02:000:0361"},"geometry":{"type":"Polygon","coordinates":[[[38.105048,48.075527],[38.105105,48.075514],[38.105092,48.075476],[38.105029,48.075488],[38.105048,48.075527]]]}},{"type":"Feature","properties":{"cadnum":"1425200000:02:000:2021"},"geometry":{"type":"Polygon","coordinates":[[[38.105587,48.072496],[38.105299,48.074466],[38.105299268186755,48.074466],[38.105182,48.075272],[38.105105,48.075773],[38.105291,48.075794],[38.105993,48.07588074599542],[38.105993,48.075881],[38.107432,48.076057],[38.107694,48.075656],[38.10847207229725,48.07446283390374],[38.109135,48.07345],[38.10604,48.072544],[38.105993,48.07253],[38.105993,48.072530220454546],[38.1056,48.072415],[38.105587,48.072496]],[[38.105993,48.072924904761905],[38.105993,48.072925],[38.106054,48.072922],[38.106058,48.072967],[38.105991,48.07297],[38.105991,48.072925],[38.105993,48.072924904761905]],[[38.106713,48.074248],[38.106646,48.074248],[38.106646,48.074204],[38.106713,48.074204],[38.106713,48.074248]]]}},{"type":"Feature","properties":{"cadnum":"1425200000:02:000:0219"},"geometry":{"type":"Polygon","coordinates":[[[38.106103,48.078027],[38.106071,48.077972],[38.105991,48.07799],[38.105993,48.07799446153845],[38.105993,48.077997],[38.106017,48.078048],[38.106103,48.078027]]]}},{"type":"Feature","properties":{"cadnum":"1425200000:02:000:0360"},"geometry":{"type":"Polygon","coordinates":[[[38.104851,48.075238],[38.104851,48.075196],[38.104788,48.075196],[38.104788,48.075238],[38.104851,48.075238]]]}},{"type":"Feature","properties":{"cadnum":"1425200000:01:000:1120"},"geometry":{"type":"Polygon","coordinates":[[[38.092134,48.046066],[38.092215,48.046051],[38.092448,48.045961],[38.092215,48.04516],[38.091878,48.045201],[38.092134,48.046066]]]}},{"type":"Feature","properties":{"cadnum":"1425200000:01:000:1118"},"geometry":{"type":"Polygon","coordinates":[[[38.091842,48.046126],[38.092134,48.046066],[38.091878,48.045201],[38.091582,48.04524],[38.091842,48.046126]]]}},{"type":"Feature","properties":{"cadnum":"1425200000:01:000:1124"},"geometry":{"type":"Polygon","coordinates":[[[38.092871,48.045802],[38.093207,48.045676],[38.093809,48.045432],[38.092924,48.045063],[38.092664,48.0451],[38.092871,48.045802]]]}},{"type":"Feature","properties":{"cadnum":"1425200000:01:000:1126"},"geometry":{"type":"Polygon","coordinates":[[[38.089685,48.046416],[38.089685,48.04641494202898],[38.089821,48.046411],[38.089601,48.045672],[38.089557,48.04551],[38.08952,48.045514],[38.089354,48.045538],[38.089614,48.046417],[38.089685,48.046416]]]}},{"type":"Feature","properties":{"cadnum":"1425200000:01:000:0057"},"geometry":{"type":"Polygon","coordinates":[[[38.090171,48.047384],[38.090274,48.04736],[38.090239,48.047291],[38.09014,48.047315],[38.090171,48.047384]]]}},{"type":"Feature","properties":{"cadnum":"1425200000:01:000:1122"},"geometry":{"type":"Polygon","coordinates":[[[38.092448,48.045961],[38.092871,48.045802],[38.092664,48.0451],[38.092215,48.04516],[38.092448,48.045961]]]}},{"type":"Feature","properties":{"cadnum":"1425200000:01:000:1116"},"geometry":{"type":"Polygon","coordinates":[[[38.091559,48.046183],[38.091842,48.046126],[38.091582,48.04524],[38.091295,48.045279],[38.091559,48.046183]]]}},{"type":"Feature","properties":{"cadnum":"1425200000:01:000:1111"},"geometry":{"type":"Polygon","coordinates":[[[38.089685,48.045954163636374],[38.089821,48.046411],[38.089997,48.046402],[38.090068,48.0464],[38.089798,48.045478],[38.089685,48.04549300414938],[38.089685,48.045493],[38.089557,48.04551],[38.089601,48.045672],[38.089685,48.045957],[38.089685,48.045954163636374]]]}},{"type":"Feature","properties":{"cadnum":"1425200000:01:000:1114"},"geometry":{"type":"Polygon","coordinates":[[[38.091295,48.046235],[38.091559,48.046183],[38.091295,48.045279],[38.091025,48.045316],[38.091295,48.046235]]]}},{"type":"Feature","properties":{"cadnum":"1425200000:01:000:1286"},"geometry":{"type":"Polygon","coordinates":[[[38.095633,48.037456],[38.095643,48.036078],[38.095513,48.036075],[38.095179,48.0370661301775],[38.095179,48.037066],[38.095175,48.037078],[38.09509,48.03733],[38.095179,48.037412],[38.095179,48.037411053571425],[38.095314,48.037534],[38.095633,48.037456]]]}},{"type":"Feature","properties":{"cadnum":"1425200000:01:000:0157"},"geometry":{"type":"Polygon","coordinates":[[[38.035752,48.049095],[38.035752,48.049066],[38.035679,48.049066],[38.035679,48.049095],[38.035752,48.049095]]]}},{"type":"Feature","properties":{"cadnum":"1425200000:01:000:0158"},"geometry":{"type":"Polygon","coordinates":[[[38.040166,48.049156],[38.040153,48.049099],[38.040069,48.049108],[38.040075,48.04913384615385],[38.040075,48.049137],[38.040082,48.049164],[38.040166,48.049156]]]}},{"type":"Feature","properties":{"cadnum":"1425200000:01:000:0156"},"geometry":{"type":"Polygon","coordinates":[[[38.035734,48.049093],[38.035734,48.049069],[38.035698,48.049069],[38.035698,48.049093],[38.035734,48.049093]]]}},{"type":"Feature","properties":{"cadnum":"1425200000:02:000:0255"},"geometry":{"type":"Polygon","coordinates":[[[38.237967,48.102286],[38.237935,48.10219],[38.237814,48.102208],[38.237829,48.10224691891891],[38.237829,48.102248],[38.237851,48.102304],[38.237967,48.102286]]]}},{"type":"Feature","properties":{"cadnum":"1425200000:01:000:0162"},"geometry":{"type":"Polygon","coordinates":[[[38.046792,48.047675],[38.046818,48.047669],[38.04681,48.047651],[38.046784,48.047657],[38.046792,48.047675]]]}},{"type":"Feature","properties":{"cadnum":"1425200000:03:000:0097"},"geometry":{"type":"Polygon","coordinates":[[[38.13966,48.157801],[38.139674,48.157786],[38.139651,48.157777],[38.139638,48.157792],[38.13966,48.157801]]]}},{"type":"Feature","properties":{"cadnum":"1425200000:03:000:0095"},"geometry":{"type":"Polygon","coordinates":[[[38.140275,48.156935],[38.140284,48.15692],[38.140261,48.156911],[38.140248,48.156926],[38.140275,48.156935]]]}},{"type":"Feature","properties":{"cadnum":"1425200000:03:000:0094"},"geometry":{"type":"Polygon","coordinates":[[[38.140584,48.156494],[38.140599,48.15648],[38.140571,48.156471],[38.140563,48.156485],[38.140584,48.156494]]]}},{"type":"Feature","properties":{"cadnum":"1425200000:03:000:0093"},"geometry":{"type":"Polygon","coordinates":[[[38.140926,48.156012],[38.14094,48.155996],[38.140913,48.155987],[38.1409,48.156003],[38.140926,48.156012]]]}},{"type":"Feature","properties":{"cadnum":"1425200000:03:000:0098"},"geometry":{"type":"Polygon","coordinates":[[[38.139332,48.158268],[38.139341,48.158253],[38.139318,48.158244],[38.139305,48.158259],[38.139332,48.158268]]]}},{"type":"Feature","properties":{"cadnum":"1425200000:03:000:0096"},"geometry":{"type":"Polygon","coordinates":[[[38.139965,48.157369],[38.139978,48.157351],[38.139957,48.157342],[38.139943,48.15736],[38.139965,48.157369]]]}},{"type":"Feature","properties":{"cadnum":"1425200000:03:000:0092"},"geometry":{"type":"Polygon","coordinates":[[[38.141209,48.15561],[38.141223,48.155592],[38.1412,48.155587],[38.141187,48.155601],[38.141209,48.15561]]]}},{"type":"Feature","properties":{"cadnum":"1425200000:03:000:0091"},"geometry":{"type":"Polygon","coordinates":[[[38.141523,48.155164],[38.141537,48.155149],[38.141515,48.15514],[38.141502,48.155155],[38.141523,48.155164]]]}},{"type":"Feature","properties":{"cadnum":"1425200000:02:000:2056"},"geometry":{"type":"Polygon","coordinates":[[[38.134265,48.088336],[38.133631,48.089145],[38.13363142857143,48.089145],[38.133479,48.089339],[38.133452,48.090115],[38.133273,48.090878],[38.133459,48.090956452513964],[38.133459,48.090957],[38.136768,48.092354],[38.138756,48.090239],[38.13617224006623,48.089145],[38.136173,48.089145],[38.134265,48.088336]]]}},{"type":"Feature","properties":{"cadnum":"1425200000:03:000:0016"},"geometry":{"type":"Polygon","coordinates":[[[38.152546,48.191662],[38.152546,48.191591],[38.152438,48.191591],[38.152438,48.191662],[38.152546,48.191662]]]}},{"type":"Feature","properties":{"cadnum":"1425200000:03:000:0015"},"geometry":{"type":"Polygon","coordinates":[[[38.153454,48.188476],[38.15348,48.188377],[38.153332,48.188359],[38.15331,48.188458],[38.153454,48.188476]]]}},{"type":"Feature","properties":{"cadnum":"1425200000:01:000:1224"},"geometry":{"type":"Polygon","coordinates":[[[38.056726,48.03621259118541],[38.058529,48.036261],[38.058412,48.035291],[38.05659727845811,48.035242138353745],[38.056426,48.035237],[38.054338,48.03518],[38.052447,48.035126],[38.052415,48.035597],[38.052388,48.036092],[38.05246,48.036096],[38.056726,48.036213],[38.056726,48.03621259118541]],[[38.054558,48.035402],[38.054581,48.035396],[38.054612,48.035459],[38.054589,48.035465],[38.054558,48.035402]],[[38.05383,48.035423],[38.053862,48.035417],[38.053871,48.035438],[38.053843,48.035444],[38.05383,48.035423]],[[38.053139,48.035718],[38.053166,48.035711],[38.053197,48.035774],[38.05317,48.03578],[38.053139,48.035718]]]}},{"type":"Feature","properties":{"cadnum":"1425200000:01:000:0119"},"geometry":{"type":"Polygon","coordinates":[[[38.060307,48.034231],[38.06033,48.034225],[38.060298,48.034162],[38.060275,48.034168],[38.060307,48.034231]]]}},{"type":"Feature","properties":{"cadnum":"1425200000:01:000:1244"},"geometry":{"type":"Polygon","coordinates":[[[38.056726,48.03524560420032],[38.058412,48.035291],[38.058353,48.034819],[38.058313,48.034474],[38.0583,48.034311],[38.0583,48.034291],[38.056555,48.034244],[38.056555,48.034244381663115],[38.052505,48.034135],[38.052447,48.035126],[38.054338,48.03518],[38.056426,48.035237],[38.056555,48.03524087],[38.056555,48.035241],[38.05659727845811,48.035242138353745],[38.056726,48.035246],[38.056726,48.03524560420032]],[[38.05599,48.035102],[38.056013,48.035095],[38.056045,48.035159],[38.056022,48.035165],[38.05599,48.035102]],[[38.055833,48.034976],[38.05586,48.034966],[38.055869,48.034988],[38.055843,48.034994],[38.055833,48.034976]],[[38.057931,48.034507],[38.057963,48.034501],[38.057971,48.034519],[38.05794,48.034525],[38.057931,48.034507]],[[38.057441,48.034768],[38.057464,48.034763],[38.057495,48.034825],[38.057473,48.034832],[38.057441,48.034768]]]}},{"type":"Feature","properties":{"cadnum":"1425200000:01:000:0121"},"geometry":{"type":"Polygon","coordinates":[[[38.05847,48.034598],[38.05851,48.034588],[38.058497,48.034564],[38.058456,48.034573],[38.05847,48.034598]]]}},{"type":"Feature","properties":{"cadnum":"1425200000:01:000:0122"},"geometry":{"type":"Polygon","coordinates":[[[38.057473,48.034832],[38.057495,48.034825],[38.057464,48.034763],[38.057441,48.034768],[38.057473,48.034832]]]}},{"type":"Feature","properties":{"cadnum":"1425200000:01:000:1156"},"geometry":{"type":"Polygon","coordinates":[[[38.05246,48.036096],[38.052388,48.036092],[38.052384,48.036111],[38.05233,48.037024],[38.056555,48.03713837101911],[38.056555,48.037139],[38.058659,48.037195],[38.058533,48.036309],[38.058529,48.036261],[38.056555,48.036208],[38.056555,48.03620831012658],[38.05246,48.036096]]]}},{"type":"Feature","properties":{"cadnum":"1425200000:01:000:0081"},"geometry":{"type":"Polygon","coordinates":[[[38.059592,48.034191],[38.059619,48.034186],[38.059611,48.034168],[38.059584,48.034173],[38.059592,48.034191]]]}},{"type":"Feature","properties":{"cadnum":"1425200000:01:000:0120"},"geometry":{"type":"Polygon","coordinates":[[[38.058839,48.034549],[38.05886,48.034543],[38.058829,48.03448],[38.058807,48.034486],[38.058839,48.034549]]]}},{"type":"Feature","properties":{"cadnum":"1425200000:01:000:0080"},"geometry":{"type":"Polygon","coordinates":[[[38.05794,48.034525],[38.057971,48.034519],[38.057963,48.034501],[38.057931,48.034507],[38.05794,48.034525]]]}},{"type":"Feature","properties":{"cadnum":"1425200000:04:000:0086"},"geometry":{"type":"Polygon","coordinates":[[[38.357622,48.130738],[38.357622,48.130683],[38.357578,48.130683],[38.357582,48.130738],[38.357622,48.130738]]]}},{"type":"Feature","properties":{"cadnum":"1425200000:04:000:0085"},"geometry":{"type":"Polygon","coordinates":[[[38.358291,48.13095],[38.358291,48.130887],[38.358148,48.130887],[38.358148,48.13095],[38.358291,48.13095]]]}},{"type":"Feature","properties":{"cadnum":"1425200000:04:000:0087"},"geometry":{"type":"Polygon","coordinates":[[[38.358427,48.130402],[38.358427,48.130351],[38.35835,48.130351],[38.35835,48.130402],[38.358427,48.130402]]]}},{"type":"Feature","properties":{"cadnum":"1425200000:04:000:0089"},"geometry":{"type":"Polygon","coordinates":[[[38.358331,48.130627],[38.358337,48.130429],[38.358278,48.130429],[38.358278,48.130491],[38.357932,48.130491],[38.357932,48.130627],[38.358331,48.130627]]]}},{"type":"Feature","properties":{"cadnum":"1425200000:04:000:0088"},"geometry":{"type":"Polygon","coordinates":[[[38.358238,48.130423],[38.358238,48.13018],[38.357821,48.13018],[38.357821,48.130294],[38.358063,48.130291],[38.358063,48.130416],[38.358238,48.130423]]]}},{"type":"Feature","properties":{"cadnum":"1425200000:01:000:1165"},"geometry":{"type":"Polygon","coordinates":[[[38.056466,48.0285],[38.055124,48.027652],[38.054616,48.027539],[38.054158,48.027527],[38.053659,48.027499],[38.053107,48.027581],[38.052904,48.027626],[38.052698,48.027857],[38.052636,48.028088],[38.052631,48.028395],[38.056466,48.0285]]]}},{"type":"Feature","properties":{"cadnum":"1425200000:01:000:0136"},"geometry":{"type":"Polygon","coordinates":[[[38.096522,48.053218],[38.096532,48.053188],[38.096482,48.053182],[38.096473,48.053212],[38.096522,48.053218]]]}},{"type":"Feature","properties":{"cadnum":"1425200000:02:000:0256"},"geometry":{"type":"Polygon","coordinates":[[[38.198248,48.120396],[38.198334,48.120327],[38.198234,48.120267],[38.198145,48.120336],[38.198248,48.120396]]]}},{"type":"Feature","properties":{"cadnum":"1425200000:02:000:0188"},"geometry":{"type":"Polygon","coordinates":[[[38.23683,48.105465],[38.236849,48.10545],[38.23683,48.105439],[38.236809,48.10545],[38.23683,48.105465]]]}},{"type":"Feature","properties":{"cadnum":"1425200000:02:000:0187"},"geometry":{"type":"Polygon","coordinates":[[[38.235155,48.104374],[38.235172,48.104361],[38.235155,48.10435],[38.235132,48.104361],[38.235155,48.104374]]]}},{"type":"Feature","properties":{"cadnum":"1425200000:02:000:0209"},"geometry":{"type":"Polygon","coordinates":[[[38.235402,48.104287],[38.235425,48.104274],[38.235402,48.10426],[38.235384,48.104274],[38.235402,48.104287]]]}},{"type":"Feature","properties":{"cadnum":"1425200000:02:000:0210"},"geometry":{"type":"Polygon","coordinates":[[[38.236799,48.105196],[38.236817,48.105183],[38.236799,48.105172],[38.23678,48.105183],[38.236799,48.105196]]]}},{"type":"Feature","properties":{"cadnum":"1425200000:01:000:1093"},"geometry":{"type":"Polygon","coordinates":[[[38.077092,48.027568],[38.077101,48.026791],[38.076486,48.026788],[38.076477,48.027434],[38.076674,48.02747],[38.077092,48.027568]]]}},{"type":"Feature","properties":{"cadnum":"1425200000:01:000:1011"},"geometry":{"type":"Polygon","coordinates":[[[38.076293,48.027398],[38.076297,48.026788],[38.075898,48.026784],[38.075892,48.027322],[38.076244,48.027389],[38.076293,48.027398]]]}},{"type":"Feature","properties":{"cadnum":"1425200000:01:000:1099"},"geometry":{"type":"Polygon","coordinates":[[[38.078058,48.027797],[38.078066,48.026793],[38.077101,48.026791],[38.077092,48.027568],[38.078058,48.027797]]]}},{"type":"Feature","properties":{"cadnum":"1425200000:01:000:1091"},"geometry":{"type":"Polygon","coordinates":[[[38.076477,48.027434],[38.076486,48.026788],[38.076297,48.026788],[38.076293,48.027398],[38.076477,48.027434]]]}},{"type":"Feature","properties":{"cadnum":"1425200000:05:000:3008"},"geometry":{"type":"Polygon","coordinates":[[[38.074393,48.029035],[38.074397,48.028449],[38.074397,48.028247],[38.0741,48.028244],[38.074096,48.029004],[38.074393,48.029035]]]}},{"type":"Feature","properties":{"cadnum":"1425200000:01:000:1023"},"geometry":{"type":"Polygon","coordinates":[[[38.075892,48.027322],[38.075898,48.026784],[38.075286,48.026784],[38.075286,48.027209],[38.075892,48.027322]]]}},{"type":"Feature","properties":{"cadnum":"1425200000:01:000:1001"},"geometry":{"type":"Polygon","coordinates":[[[38.078515,48.027905],[38.078435,48.026793],[38.078066,48.026793],[38.078058,48.027797],[38.078515,48.027905]]]}},{"type":"Feature","properties":{"cadnum":"1425200000:01:000:0116"},"geometry":{"type":"Polygon","coordinates":[[[38.071842,48.031966],[38.071869,48.031963],[38.071864,48.031897],[38.071837,48.0319],[38.071842,48.031966]]]}},{"type":"Feature","properties":{"cadnum":"1425200000:01:000:1204"},"geometry":{"type":"Polygon","coordinates":[[[38.073206,48.032406],[38.072035,48.032437],[38.072007,48.033156],[38.073034,48.03326478148457],[38.073034,48.033265],[38.076683,48.033651],[38.076603,48.032314],[38.073206,48.03240632530121],[38.073206,48.032406]]]}},{"type":"Feature","properties":{"cadnum":"1425200000:01:000:0084"},"geometry":{"type":"Polygon","coordinates":[[[38.072219,48.031708],[38.072215,48.031687],[38.072187,48.03169],[38.072187,48.031708],[38.072219,48.031708]]]}},{"type":"Feature","properties":{"cadnum":"1425200000:01:000:0117"},"geometry":{"type":"Polygon","coordinates":[[[38.070274,48.032032],[38.070296,48.032029],[38.070319,48.031981],[38.070292,48.031924],[38.070184,48.031948],[38.070215,48.032005],[38.070274,48.032032]]]}},{"type":"Feature","properties":{"cadnum":"1425200000:01:000:1256"},"geometry":{"type":"Polygon","coordinates":[[[38.071936,48.033285],[38.07194,48.033153],[38.071976,48.032116],[38.071976,48.032071],[38.072003,48.031936],[38.071864,48.031945],[38.071869,48.031963],[38.071842,48.031966],[38.071842,48.031945],[38.07084,48.032014],[38.070475,48.032041],[38.070489,48.032176],[38.070494,48.032207],[38.070525,48.032564],[38.070728,48.032982],[38.07075,48.032996],[38.071936,48.033285]]]}},{"type":"Feature","properties":{"cadnum":"1425200000:01:000:1201"},"geometry":{"type":"Polygon","coordinates":[[[38.072322,48.03026],[38.071536,48.030263],[38.071534392857146,48.030288],[38.071534,48.030288],[38.071504,48.030762],[38.07145,48.030905],[38.072286,48.0309],[38.072312799019606,48.030403],[38.072313,48.030403],[38.072322,48.03026]]]}},{"type":"Feature","properties":{"cadnum":"1425200000:01:000:0083"},"geometry":{"type":"Polygon","coordinates":[[[38.070525,48.031813],[38.070615,48.03181],[38.070611,48.03175],[38.070521,48.031753],[38.070525,48.031813]]]}},{"type":"Feature","properties":{"cadnum":"1425200000:02:000:0052"},"geometry":{"type":"Polygon","coordinates":[[[38.236691,48.127307],[38.236709,48.127302],[38.2367,48.127292],[38.236683,48.127299],[38.236691,48.127307]]]}},{"type":"Feature","properties":{"cadnum":"1425200000:02:000:0053"},"geometry":{"type":"Polygon","coordinates":[[[38.236979,48.127194],[38.236992,48.127188],[38.236983,48.127176],[38.236966,48.127182],[38.236979,48.127194]]]}},{"type":"Feature","properties":{"cadnum":"1425200000:02:000:0046"},"geometry":{"type":"Polygon","coordinates":[[[38.234818,48.128039],[38.234836,48.128036],[38.234828,48.128025],[38.234814,48.12803],[38.234818,48.128039]]]}},{"type":"Feature","properties":{"cadnum":"1425200000:02:000:0054"},"geometry":{"type":"Polygon","coordinates":[[[38.237306,48.127074],[38.237329,48.127065],[38.237316,48.127047],[38.237293,48.127056],[38.237306,48.127074]]]}},{"type":"Feature","properties":{"cadnum":"1425200000:02:000:0059"},"geometry":{"type":"Polygon","coordinates":[[[38.237882,48.126085],[38.237877,48.126067],[38.237851,48.126067],[38.237855,48.126085],[38.237882,48.126085]]]}},{"type":"Feature","properties":{"cadnum":"1425200000:02:000:0045"},"geometry":{"type":"Polygon","coordinates":[[[38.234503,48.128174],[38.234503,48.128162],[38.234482,48.128162],[38.234482,48.128174],[38.234503,48.128174]]]}},{"type":"Feature","properties":{"cadnum":"1425200000:02:000:0051"},"geometry":{"type":"Polygon","coordinates":[[[38.236386,48.127427],[38.236404,48.127422],[38.236394,48.12741],[38.236377,48.127416],[38.236386,48.127427]]]}},{"type":"Feature","properties":{"cadnum":"1425200000:02:000:0047"},"geometry":{"type":"Polygon","coordinates":[[[38.235142,48.127961],[38.235168,48.127956],[38.235159,48.127938],[38.235132,48.127943],[38.235142,48.127961]]]}},{"type":"Feature","properties":{"cadnum":"1425200000:02:000:0050"},"geometry":{"type":"Polygon","coordinates":[[[38.236067,48.127551],[38.236084,48.127541],[38.236076,48.127532],[38.236058,48.127538],[38.236067,48.127551]]]}},{"type":"Feature","properties":{"cadnum":"1425200000:02:000:0055"},"geometry":{"type":"Polygon","coordinates":[[[38.237629,48.126948],[38.237658,48.126936],[38.237644,48.126921],[38.237616,48.12693],[38.237629,48.126948]]]}},{"type":"Feature","properties":{"cadnum":"1425200000:02:000:0049"},"geometry":{"type":"Polygon","coordinates":[[[38.235784,48.127707],[38.235801,48.1277],[38.235788,48.127689],[38.235775,48.127698],[38.235784,48.127707]]]}},{"type":"Feature","properties":{"cadnum":"1425200000:02:000:0048"},"geometry":{"type":"Polygon","coordinates":[[[38.235484,48.127874],[38.235505,48.127865],[38.235492,48.12785],[38.23547,48.127859],[38.235484,48.127874]]]}},{"type":"Feature","properties":{"cadnum":"1425200000:02:000:0058"},"geometry":{"type":"Polygon","coordinates":[[[38.237904,48.126327],[38.237899,48.126309],[38.237877,48.126309],[38.237877,48.126327],[38.237904,48.126327]]]}},{"type":"Feature","properties":{"cadnum":"1425200000:02:000:0060"},"geometry":{"type":"Polygon","coordinates":[[[38.237855,48.125827],[38.237851,48.125809],[38.237823,48.125809],[38.237828,48.125827],[38.237855,48.125827]]]}},{"type":"Feature","properties":{"cadnum":"1425200000:01:000:1266"},"geometry":{"type":"Polygon","coordinates":[[[38.096361,48.037279],[38.096805,48.037171],[38.096815,48.036081],[38.09637,48.036078],[38.096361,48.037279]]]}},{"type":"Feature","properties":{"cadnum":"1425200000:01:000:1282"},"geometry":{"type":"Polygon","coordinates":[[[38.096805,48.037171],[38.096872,48.037153],[38.097371,48.036937],[38.097381,48.036083],[38.096815,48.036081],[38.096805,48.037171]]]}},{"type":"Feature","properties":{"cadnum":"1425200000:01:000:1264"},"geometry":{"type":"Polygon","coordinates":[[[38.095975,48.037376],[38.096361,48.037279],[38.09637,48.036078],[38.095983,48.036078],[38.095975,48.037376]]]}},{"type":"Feature","properties":{"cadnum":"1425200000:01:000:1284"},"geometry":{"type":"Polygon","coordinates":[[[38.096545,48.036036],[38.096555,48.034897],[38.09614,48.034939],[38.096132,48.036032],[38.096545,48.036036]]]}},{"type":"Feature","properties":{"cadnum":"1425200000:01:000:1268"},"geometry":{"type":"Polygon","coordinates":[[[38.095633,48.037456],[38.095975,48.037376],[38.095983,48.036078],[38.095643,48.036078],[38.095633,48.037456]]]}},{"type":"Feature","properties":{"cadnum":"1425200000:01:000:1305"},"geometry":{"type":"Polygon","coordinates":[[[38.096545,48.036036],[38.096555,48.034897],[38.09614,48.034939],[38.096132,48.036032],[38.096545,48.036036]]]}},{"type":"Feature","properties":{"cadnum":"1425200000:01:000:1083"},"geometry":{"type":"Polygon","coordinates":[[[38.072794,48.025764],[38.072802,48.024718],[38.072332,48.024715],[38.072156,48.02473],[38.072429,48.024958],[38.072332,48.025499],[38.072116,48.025764],[38.072794,48.025764]]]}},{"type":"Feature","properties":{"cadnum":"1425200000:01:000:1103"},"geometry":{"type":"Polygon","coordinates":[[[38.072462,48.025764],[38.072116,48.025764],[38.07207,48.025817],[38.07194,48.026208],[38.071837,48.026613],[38.07183692792793,48.026615],[38.071835,48.026615],[38.071833,48.026724],[38.072452,48.026728],[38.072462,48.025764]]]}},{"type":"Feature","properties":{"cadnum":"1425200000:01:000:0183"},"geometry":{"type":"Polygon","coordinates":[[[38.109862,48.019884],[38.109396,48.019737],[38.109216,48.021786],[38.108667,48.021816],[38.108134,48.022405],[38.108229,48.023056],[38.10823002570922,48.023056],[38.10838,48.024069],[38.107334,48.025454],[38.107383,48.026262],[38.107106935897434,48.026615],[38.107106,48.026615],[38.106543,48.027334],[38.105993,48.028427],[38.105993,48.02842865587734],[38.105578,48.029253],[38.105993,48.02928622827938],[38.105993,48.029287],[38.10891,48.029518],[38.109826,48.028638],[38.109921,48.027953],[38.109723,48.02716],[38.109875275229356,48.02673],[38.109876,48.02673],[38.110352,48.025394],[38.109992,48.024925],[38.109895,48.022941],[38.109894426583494,48.022941],[38.109799,48.020972],[38.109862,48.019884]]]}},{"type":"Feature","properties":{"cadnum":"1425200000:02:000:2052"},"geometry":{"type":"Polygon","coordinates":[[[38.125695,48.127605],[38.125156,48.125907],[38.122644,48.12626652590384],[38.122644,48.126266],[38.120225,48.126612],[38.120179,48.127952],[38.120166,48.128381],[38.120162,48.12848],[38.122644,48.128088],[38.122644,48.128087932960895],[38.125695,48.127605]]]}},{"type":"Feature","properties":{"cadnum":"1425200000:03:000:0012"},"geometry":{"type":"Polygon","coordinates":[[[38.156333,48.180864],[38.156373,48.180795],[38.15627,48.180771],[38.156234,48.180837],[38.156333,48.180864]]]}},{"type":"Feature","properties":{"cadnum":"1425200000:02:000:0290"},"geometry":{"type":"Polygon","coordinates":[[[38.113851,48.102676],[38.113851,48.102658],[38.113824,48.102658],[38.113824,48.102676],[38.113851,48.102676]]]}},{"type":"Feature","properties":{"cadnum":"1425200000:02:000:0289"},"geometry":{"type":"Polygon","coordinates":[[[38.114767,48.10267],[38.114767,48.102652],[38.11474,48.102652],[38.11474,48.10267],[38.114767,48.10267]]]}},{"type":"Feature","properties":{"cadnum":"1425200000:02:000:0287"},"geometry":{"type":"Polygon","coordinates":[[[38.115962,48.102664],[38.115984,48.102658],[38.115958,48.102601],[38.115931,48.102607],[38.115962,48.102664]]]}},{"type":"Feature","properties":{"cadnum":"1425200000:02:000:0293"},"geometry":{"type":"Polygon","coordinates":[[[38.111633,48.102688],[38.111633,48.10267],[38.111606,48.10267],[38.111606,48.102688],[38.111633,48.102688]]]}},{"type":"Feature","properties":{"cadnum":"1425200000:02:000:0286"},"geometry":{"type":"Polygon","coordinates":[[[38.116793,48.102358],[38.116816,48.102349],[38.116803,48.102334],[38.11678,48.102343],[38.116793,48.102358]]]}},{"type":"Feature","properties":{"cadnum":"1425200000:02:000:2030"},"geometry":{"type":"Polygon","coordinates":[[[38.115994,48.103309],[38.114799,48.10382],[38.11480094801642,48.10382],[38.113361,48.104437],[38.111933,48.105126],[38.111786,48.106566],[38.115644,48.106743],[38.11594043859071,48.10382],[38.115942,48.10382],[38.115994,48.103309]]]}},{"type":"Feature","properties":{"cadnum":"1425200000:02:000:0292"},"geometry":{"type":"Polygon","coordinates":[[[38.112382,48.102682],[38.112382,48.102664],[38.112355,48.102664],[38.112355,48.102682],[38.112382,48.102682]]]}},{"type":"Feature","properties":{"cadnum":"1425200000:02:000:0288"},"geometry":{"type":"Polygon","coordinates":[[[38.115499,48.102664],[38.115499,48.102646],[38.115472,48.102646],[38.115472,48.102664],[38.115499,48.102664]]]}},{"type":"Feature","properties":{"cadnum":"1425200000:02:000:0291"},"geometry":{"type":"Polygon","coordinates":[[[38.113132,48.102679],[38.113132,48.102661],[38.113105,48.102661],[38.113105,48.102679],[38.113132,48.102679]]]}},{"type":"Feature","properties":{"cadnum":"1425200000:03:000:0011"},"geometry":{"type":"Polygon","coordinates":[[[38.157954,48.178222],[38.157972,48.178153],[38.157869,48.178138],[38.157846,48.178207],[38.157954,48.178222]]]}},{"type":"Feature","properties":{"cadnum":"1425200000:02:000:2026"},"geometry":{"type":"Polygon","coordinates":[[[38.144617,48.08835932745592],[38.146033,48.088963],[38.147547,48.087373],[38.144445,48.086051],[38.144445,48.0860515202864],[38.14336,48.085588],[38.141852,48.087178],[38.144617,48.08836],[38.144617,48.08835932745592]]]}},{"type":"Feature","properties":{"cadnum":"1425200000:03:000:0014"},"geometry":{"type":"Polygon","coordinates":[[[38.154293,48.185323],[38.15432,48.185224],[38.154176,48.185206],[38.154146,48.185302],[38.154293,48.185323]]]}},{"type":"Feature","properties":{"cadnum":"1425200000:02:000:0068"},"geometry":{"type":"Polygon","coordinates":[[[38.237585,48.123233],[38.237603,48.12323],[38.237603,48.123218],[38.237585,48.123221],[38.237585,48.123233]]]}},{"type":"Feature","properties":{"cadnum":"1425200000:02:000:0066"},"geometry":{"type":"Polygon","coordinates":[[[38.237648,48.12371],[38.237648,48.123698],[38.237629,48.123698],[38.237629,48.12371],[38.237648,48.12371]]]}},{"type":"Feature","properties":{"cadnum":"1425200000:02:000:0067"},"geometry":{"type":"Polygon","coordinates":[[[38.237608,48.12347],[38.237625,48.123467],[38.237625,48.123455],[38.237608,48.123455],[38.237608,48.12347]]]}},{"type":"Feature","properties":{"cadnum":"1425200000:02:000:0069"},"geometry":{"type":"Polygon","coordinates":[[[38.237581,48.122981],[38.237581,48.122969],[38.237558,48.122969],[38.237562,48.122981],[38.237581,48.122981]]]}},{"type":"Feature","properties":{"cadnum":"1425200000:02:000:0063"},"geometry":{"type":"Polygon","coordinates":[[[38.237788,48.125191],[38.237788,48.125173],[38.237761,48.125173],[38.237761,48.125191],[38.237788,48.125191]]]}},{"type":"Feature","properties":{"cadnum":"1425200000:02:000:0062"},"geometry":{"type":"Polygon","coordinates":[[[38.237805,48.125326],[38.237805,48.125308],[38.237778,48.125308],[38.237778,48.125326],[38.237805,48.125326]]]}},{"type":"Feature","properties":{"cadnum":"1425200000:02:000:0061"},"geometry":{"type":"Polygon","coordinates":[[[38.237828,48.125572],[38.237828,48.125554],[38.237801,48.125554],[38.237801,48.125572],[38.237828,48.125572]]]}},{"type":"Feature","properties":{"cadnum":"1425200000:02:000:0064"},"geometry":{"type":"Polygon","coordinates":[[[38.237658,48.124007],[38.237675,48.124003],[38.237675,48.123992],[38.237658,48.123992],[38.237658,48.124007]]]}},{"type":"Feature","properties":{"cadnum":"1425200000:02:000:0065"},"geometry":{"type":"Polygon","coordinates":[[[38.237652,48.12395],[38.237671,48.123947],[38.237671,48.123934],[38.237652,48.123934],[38.237652,48.12395]]]}},{"type":"Feature","properties":{"cadnum":"1425200000:02:000:0071"},"geometry":{"type":"Polygon","coordinates":[[[38.237536,48.122507],[38.237531,48.122492],[38.237513,48.122496],[38.237513,48.122507],[38.237536,48.122507]]]}},{"type":"Feature","properties":{"cadnum":"1425200000:02:000:0070"},"geometry":{"type":"Polygon","coordinates":[[[38.237558,48.122741],[38.237554,48.122729],[38.237536,48.122729],[38.237536,48.122741],[38.237558,48.122741]]]}},{"type":"Feature","properties":{"cadnum":"1425200000:02:000:0377"},"geometry":{"type":"Polygon","coordinates":[[[38.096859,48.096946],[38.096868,48.096929],[38.096842,48.096923],[38.096832,48.096941],[38.096859,48.096946]]]}},{"type":"Feature","properties":{"cadnum":"1425200000:02:000:0378"},"geometry":{"type":"Polygon","coordinates":[[[38.096429,48.097916],[38.096438,48.097895],[38.09641,48.097889],[38.096402,48.097909],[38.096429,48.097916]]]}},{"type":"Feature","properties":{"cadnum":"1425200000:02:000:0379"},"geometry":{"type":"Polygon","coordinates":[[[38.09593,48.099032],[38.095939,48.099014],[38.095907,48.099007],[38.095899,48.099025],[38.09593,48.099032]]]}},{"type":"Feature","properties":{"cadnum":"1425200000:02:000:2135"},"geometry":{"type":"Polygon","coordinates":[[[38.097991,48.094592],[38.098,48.094517],[38.097996,48.094532],[38.097969,48.094526],[38.097973,48.094507],[38.098004,48.094511],[38.09805,48.094235],[38.097933,48.094034],[38.097784,48.093887],[38.09748,48.093815],[38.096155,48.096483],[38.09615646091644,48.096483],[38.096029,48.09674],[38.096608,48.09686],[38.096855,48.096911],[38.09706347232472,48.096483],[38.097064,48.096483],[38.097991,48.094592]],[[38.097398,48.095675],[38.097408,48.095657],[38.097438,48.095663],[38.09743,48.095681],[38.097398,48.095675]]]}},{"type":"Feature","properties":{"cadnum":"1425200000:02:000:0223"},"geometry":{"type":"Polygon","coordinates":[[[38.111434,48.088499],[38.11152,48.088478],[38.111489,48.088423],[38.111407,48.088445],[38.111434,48.088499]]]}},{"type":"Feature","properties":{"cadnum":"1425200000:02:000:2078"},"geometry":{"type":"Polygon","coordinates":[[[38.111658,48.08842028735632],[38.111834,48.088439],[38.114323,48.088712],[38.114332,48.088621],[38.114417,48.087985],[38.114503,48.087326],[38.113973,48.087157],[38.113451,48.086995],[38.111486,48.086375],[38.111486,48.086375590179415],[38.110599,48.086095],[38.109723,48.085819],[38.109422,48.088174],[38.11108,48.088358],[38.111658,48.088421],[38.111658,48.08842028735632]],[[38.113851,48.087418],[38.113918,48.087415],[38.113918,48.08746],[38.113851,48.087464],[38.113851,48.087418]]]}},{"type":"Feature","properties":{"cadnum":"1425200000:02:000:0222"},"geometry":{"type":"Polygon","coordinates":[[[38.109984,48.085823],[38.110065,48.085805],[38.110038,48.085747],[38.109952,48.085768],[38.109984,48.085823]]]}},{"type":"Feature","properties":{"cadnum":"1425200000:02:000:0445"},"geometry":{"type":"Polygon","coordinates":[[[38.100058,48.117533],[38.100071,48.117515],[38.100044,48.117506],[38.100031,48.117524],[38.100058,48.117533]]]}},{"type":"Feature","properties":{"cadnum":"1425200000:02:000:0444"},"geometry":{"type":"Polygon","coordinates":[[[38.098333,48.117098],[38.098387,48.117044],[38.098306,48.117009],[38.098247,48.117062],[38.098333,48.117098]]]}},{"type":"Feature","properties":{"cadnum":"1425200000:02:000:0442"},"geometry":{"type":"Polygon","coordinates":[[[38.095885,48.115401],[38.095907,48.115386],[38.095885,48.115371],[38.095863,48.115386],[38.095885,48.115401]]]}},{"type":"Feature","properties":{"cadnum":"1425200000:02:000:0443"},"geometry":{"type":"Polygon","coordinates":[[[38.097066,48.116217],[38.097088,48.116205],[38.097071,48.11619],[38.097048,48.116202],[38.097066,48.116217]]]}},{"type":"Feature","properties":{"cadnum":"1425200000:02:000:2083"},"geometry":{"type":"Polygon","coordinates":[[[38.100295,48.093917],[38.098863,48.094079],[38.098679,48.094129],[38.098656,48.094136],[38.098306,48.094799],[38.1005,48.09523668723584],[38.1005,48.095237],[38.101207,48.095378],[38.104522,48.096038],[38.104692,48.095681],[38.102918,48.095249],[38.10287,48.09509],[38.10291,48.095],[38.10304,48.094952],[38.104092,48.095069],[38.104513,48.09512],[38.104778,48.095134],[38.104908,48.095143],[38.105025,48.095114],[38.10547,48.0943],[38.105119,48.094043],[38.104845,48.093842],[38.104212,48.093682],[38.103484,48.093713],[38.1006519040513,48.09389522601278],[38.100295,48.093917]]]}},{"type":"Feature","properties":{"cadnum":"1425200000:02:000:0374"},"geometry":{"type":"Polygon","coordinates":[[[38.098629,48.09323],[38.098639,48.093212],[38.098612,48.093206],[38.098602,48.093224],[38.098629,48.09323]]]}},{"type":"Feature","properties":{"cadnum":"1425200000:02:000:0376"},"geometry":{"type":"Polygon","coordinates":[[[38.09743,48.095681],[38.097438,48.095663],[38.097408,48.095657],[38.097398,48.095675],[38.09743,48.095681]]]}},{"type":"Feature","properties":{"cadnum":"1425200000:02:000:0375"},"geometry":{"type":"Polygon","coordinates":[[[38.097996,48.094532],[38.098004,48.094511],[38.097973,48.094507],[38.097969,48.094526],[38.097996,48.094532]]]}},{"type":"Feature","properties":{"cadnum":"1425200000:02:000:2111"},"geometry":{"type":"Polygon","coordinates":[[[38.1169,48.08476],[38.116726,48.084676],[38.115445,48.0841],[38.114273,48.083464],[38.113943,48.085476],[38.1139431637931,48.085476],[38.113734,48.086753],[38.113685,48.087037],[38.11395,48.087122],[38.11639,48.087893],[38.116801,48.085361],[38.11680095251397,48.085361],[38.1169,48.08476]]]}},{"type":"Feature","properties":{"cadnum":"1425200000:02:000:2117"},"geometry":{"type":"Polygon","coordinates":[[[38.114273,48.083464],[38.114,48.083317],[38.113959,48.082765],[38.113824,48.082378],[38.11333,48.082038],[38.112378,48.081835],[38.112072,48.083706],[38.111969,48.08434],[38.111800031690144,48.085361],[38.1118,48.085361],[38.1117979879519,48.085373349397024],[38.111781,48.085476],[38.111781263414635,48.085476],[38.111633,48.086386],[38.113428,48.086957],[38.113685,48.087037],[38.113734,48.086753],[38.113962,48.085361],[38.113961861829026,48.085361],[38.114273,48.083464]],[[38.112476,48.084886],[38.112545,48.084883],[38.112545,48.084929],[38.112476,48.084931],[38.112476,48.084886]],[[38.113222,48.086132],[38.113222,48.086176],[38.113155,48.086176],[38.113155,48.086132],[38.113222,48.086132]]]}},{"type":"Feature","properties":{"cadnum":"1425200000:02:000:0194"},"geometry":{"type":"Polygon","coordinates":[[[38.245405,48.111038],[38.245423,48.111026],[38.245405,48.111014],[38.245386,48.111026],[38.245405,48.111038]]]}},{"type":"Feature","properties":{"cadnum":"1425200000:02:000:0215"},"geometry":{"type":"Polygon","coordinates":[[[38.244354,48.11012],[38.244372,48.110105],[38.244354,48.110093],[38.244336,48.110105],[38.244354,48.11012]]]}},{"type":"Feature","properties":{"cadnum":"1425200000:02:000:0193"},"geometry":{"type":"Polygon","coordinates":[[[38.243864,48.110036],[38.243882,48.110024],[38.243864,48.110012],[38.243847,48.110024],[38.243864,48.110036]]]}},{"type":"Feature","properties":{"cadnum":"1425200000:03:000:0039"},"geometry":{"type":"Polygon","coordinates":[[[38.176329,48.202299],[38.176872,48.20183],[38.177272,48.201353],[38.176446,48.201273],[38.174864,48.201243],[38.173346,48.20068],[38.173432,48.20203],[38.174074,48.202099],[38.175283,48.202207],[38.176329,48.202299]]]}},{"type":"Feature","properties":{"cadnum":"1425200000:01:000:1061"},"geometry":{"type":"Polygon","coordinates":[[[38.105663,48.028545],[38.1057,48.028431],[38.105788,48.028356],[38.105264,48.028356],[38.104459,48.028353],[38.103656,48.028349],[38.103044,48.028347],[38.102721,48.028347],[38.102545,48.028344],[38.1026,48.028524],[38.1026,48.028536],[38.105663,48.028545]]]}},{"type":"Feature","properties":{"cadnum":"1425200000:01:000:1025"},"geometry":{"type":"Polygon","coordinates":[[[38.102591,48.029903],[38.103373,48.029839],[38.105268,48.02971],[38.105285,48.029593],[38.102591,48.029584],[38.102591,48.029903]]]}},{"type":"Feature","properties":{"cadnum":"1425200000:01:000:1007"},"geometry":{"type":"Polygon","coordinates":[[[38.103656,48.028349],[38.10366,48.0274],[38.10305,48.0274],[38.103044,48.028347],[38.103656,48.028349]]]}},{"type":"Feature","properties":{"cadnum":"1425200000:01:000:1027"},"geometry":{"type":"Polygon","coordinates":[[[38.105285,48.029593],[38.105317,48.029371],[38.102595,48.029362],[38.102591,48.029584],[38.105285,48.029593]]]}},{"type":"Feature","properties":{"cadnum":"1425200000:01:000:1031"},"geometry":{"type":"Polygon","coordinates":[[[38.104306,48.027106],[38.104333,48.026917],[38.104342,48.026866],[38.10321,48.026791],[38.103174,48.027031],[38.104306,48.027106]]]}},{"type":"Feature","properties":{"cadnum":"1425200000:01:000:1005"},"geometry":{"type":"Polygon","coordinates":[[[38.103044,48.028347],[38.10305,48.0274],[38.102725,48.027403],[38.102721,48.028347],[38.103044,48.028347]]]}},{"type":"Feature","properties":{"cadnum":"1425200000:01:000:1035"},"geometry":{"type":"Polygon","coordinates":[[[38.105528,48.028944],[38.105595,48.028743],[38.1026,48.028731],[38.102595,48.028935],[38.105528,48.028944]]]}},{"type":"Feature","properties":{"cadnum":"1425200000:01:000:1105"},"geometry":{"type":"Polygon","coordinates":[[[38.106274,48.027409],[38.106165,48.027409],[38.105417,48.027407],[38.105272,48.027407],[38.105264,48.028353],[38.105788,48.028356],[38.105987,48.028193],[38.106094,48.027791],[38.106274,48.027409]]]}},{"type":"Feature","properties":{"cadnum":"1425200000:01:000:1037"},"geometry":{"type":"Polygon","coordinates":[[[38.105595,48.028743],[38.105663,48.028545],[38.1026,48.028536],[38.1026,48.028731],[38.105595,48.028743]]]}},{"type":"Feature","properties":{"cadnum":"1425200000:01:000:1039"},"geometry":{"type":"Polygon","coordinates":[[[38.102721,48.028347],[38.102725,48.027403],[38.102254,48.027409],[38.102545,48.028344],[38.102721,48.028347]]]}},{"type":"Feature","properties":{"cadnum":"1425200000:01:000:1095"},"geometry":{"type":"Polygon","coordinates":[[[38.104266,48.027358],[38.104306,48.027106],[38.103174,48.027031],[38.103125,48.027356],[38.104266,48.027358]]]}},{"type":"Feature","properties":{"cadnum":"1425200000:01:000:1018"},"geometry":{"type":"Polygon","coordinates":[[[38.101337,48.030134],[38.102524,48.029908],[38.102532,48.028527],[38.102186,48.027409],[38.101239,48.027412],[38.101337,48.030134]]]}},{"type":"Feature","properties":{"cadnum":"1425200000:01:000:1047"},"geometry":{"type":"Polygon","coordinates":[[[38.105317,48.029371],[38.10534,48.029215],[38.105384,48.029155],[38.102595,48.029142],[38.102595,48.029362],[38.105317,48.029371]]]}},{"type":"Feature","properties":{"cadnum":"1425200000:01:000:1033"},"geometry":{"type":"Polygon","coordinates":[[[38.105384,48.029155],[38.10552,48.028977],[38.105528,48.028944],[38.102595,48.028935],[38.102595,48.029142],[38.105384,48.029155]]]}},{"type":"Feature","properties":{"cadnum":"1425200000:01:000:1053"},"geometry":{"type":"Polygon","coordinates":[[[38.104459,48.028353],[38.104468,48.027403],[38.10366,48.0274],[38.103656,48.028349],[38.104459,48.028353]]]}},{"type":"Feature","properties":{"cadnum":"1425200000:01:000:1077"},"geometry":{"type":"Polygon","coordinates":[[[38.105358,48.027361],[38.105411,48.026989],[38.104333,48.026917],[38.104306,48.027106],[38.104266,48.027358],[38.105358,48.027361]]]}},{"type":"Feature","properties":{"cadnum":"1425200000:01:000:1075"},"geometry":{"type":"Polygon","coordinates":[[[38.105264,48.028353],[38.105272,48.027407],[38.104468,48.027403],[38.104459,48.028353],[38.105264,48.028353]]]}},{"type":"Feature","properties":{"cadnum":"1425200000:03:000:0102"},"geometry":{"type":"Polygon","coordinates":[[[38.147614,48.162699],[38.147614,48.162681],[38.147588,48.162678],[38.147588,48.162696],[38.147614,48.162699]]]}},{"type":"Feature","properties":{"cadnum":"1425200000:03:000:0105"},"geometry":{"type":"Polygon","coordinates":[[[38.148158,48.165084],[38.148184,48.165078],[38.148176,48.16506],[38.148148,48.165069],[38.148158,48.165084]]]}},{"type":"Feature","properties":{"cadnum":"1425200000:03:000:0103"},"geometry":{"type":"Polygon","coordinates":[[[38.147624,48.164185],[38.147651,48.164179],[38.147641,48.164161],[38.147614,48.164168],[38.147624,48.164185]]]}},{"type":"Feature","properties":{"cadnum":"1425200000:03:000:0107"},"geometry":{"type":"Polygon","coordinates":[[[38.147991,48.165916],[38.148018,48.165911],[38.14801,48.165896],[38.147987,48.165898],[38.147991,48.165916]]]}},{"type":"Feature","properties":{"cadnum":"1425200000:03:000:0104"},"geometry":{"type":"Polygon","coordinates":[[[38.147875,48.164635],[38.147901,48.164628],[38.147893,48.16461],[38.147865,48.164617],[38.147875,48.164635]]]}},{"type":"Feature","properties":{"cadnum":"1425200000:03:000:0106"},"geometry":{"type":"Polygon","coordinates":[[[38.148454,48.165581],[38.148477,48.165576],[38.14845,48.16553],[38.148423,48.165536],[38.148454,48.165581]]]}},{"type":"Feature","properties":{"cadnum":"1425200000:03:000:0108"},"geometry":{"type":"Polygon","coordinates":[[[38.147358,48.166025],[38.147385,48.166018],[38.147376,48.166004],[38.147349,48.166007],[38.147358,48.166025]]]}},{"type":"Feature","properties":{"cadnum":"1425200000:04:000:0070"},"geometry":{"type":"Polygon","coordinates":[[[38.362756,48.114613],[38.36278011374407,48.114709],[38.36278,48.114709],[38.36278411867354,48.11472494415316],[38.362809,48.114824],[38.36280970665499,48.114824],[38.363075,48.115851],[38.363237,48.115836],[38.363277,48.1155],[38.363394,48.115269],[38.36285,48.114709],[38.36284927014218,48.114709],[38.362756,48.114613]]]}},{"type":"Feature","properties":{"cadnum":"1425200000:02:000:0257"},"geometry":{"type":"Polygon","coordinates":[[[38.202726,48.119087],[38.202838,48.119053],[38.202779,48.118964],[38.202668,48.118996],[38.202726,48.119087]]]}},{"type":"Feature","properties":{"cadnum":"1425200000:03:000:0124"},"geometry":{"type":"Polygon","coordinates":[[[38.137397,48.163316],[38.137401,48.163302],[38.137378,48.163295],[38.137368,48.163311],[38.137397,48.163316]]]}},{"type":"Feature","properties":{"cadnum":"1425200000:03:000:0123"},"geometry":{"type":"Polygon","coordinates":[[[38.137584,48.162885],[38.13759,48.162867],[38.137567,48.162861],[38.137558,48.162879],[38.137584,48.162885]]]}},{"type":"Feature","properties":{"cadnum":"1425200000:01:000:1008"},"geometry":{"type":"Polygon","coordinates":[[[38.092857,48.020774],[38.092804,48.020776],[38.091708,48.020839],[38.091035,48.020885],[38.090876,48.020287],[38.090207,48.020425],[38.091406,48.023056],[38.09140649378109,48.023056],[38.091721,48.023745],[38.093486,48.023475],[38.094025,48.023321],[38.093902960526314,48.023056],[38.093903,48.023056],[38.092857,48.020774]]]}},{"type":"Feature","properties":{"cadnum":"1425200000:02:000:2125"},"geometry":{"type":"Polygon","coordinates":[[[38.111933,48.105126],[38.111486,48.105342],[38.111486,48.1053429701897],[38.109813,48.10615],[38.109642,48.10623],[38.109696,48.10647],[38.109958,48.106482],[38.111658,48.106561],[38.111658,48.10656045333333],[38.111786,48.106566],[38.111933,48.105126]]]}},{"type":"Feature","properties":{"cadnum":"1425200000:02:000:0217"},"geometry":{"type":"Polygon","coordinates":[[[38.24756,48.112195],[38.24756,48.112177],[38.247533,48.112177],[38.247533,48.112195],[38.24756,48.112195]]]}},{"type":"Feature","properties":{"cadnum":"1425200000:02:000:0195"},"geometry":{"type":"Polygon","coordinates":[[[38.247157,48.112165],[38.247157,48.112148],[38.24713,48.112148],[38.24713,48.112165],[38.247157,48.112165]]]}},{"type":"Feature","properties":{"cadnum":"1425200000:02:000:0216"},"geometry":{"type":"Polygon","coordinates":[[[38.245944,48.111152],[38.245962,48.11114],[38.245944,48.111128],[38.245921,48.11114],[38.245944,48.111152]]]}},{"type":"Feature","properties":{"cadnum":"1425200000:01:000:1321"},"geometry":{"type":"Polygon","coordinates":[[[38.037396,48.060942],[38.03744,48.060673],[38.03691,48.060633],[38.036866,48.060904],[38.03713,48.060922],[38.037396,48.060942]]]}},{"type":"Feature","properties":{"cadnum":"1425200000:01:000:0232"},"geometry":{"type":"Polygon","coordinates":[[[38.03682,48.061171],[38.036866,48.060904],[38.036596,48.060882],[38.036551,48.06115],[38.03682,48.061171]]]}},{"type":"Feature","properties":{"cadnum":"1425200000:01:000:0240"},"geometry":{"type":"Polygon","coordinates":[[[38.036551,48.06115],[38.036596,48.060882],[38.036331,48.060862],[38.036287,48.061132],[38.036551,48.06115]]]}},{"type":"Feature","properties":{"cadnum":"1425200000:01:000:0228"},"geometry":{"type":"Polygon","coordinates":[[[38.036425,48.060277],[38.036474,48.060006],[38.036205,48.059985],[38.036161,48.060258],[38.036425,48.060277]]]}},{"type":"Feature","properties":{"cadnum":"1425200000:01:000:0234"},"geometry":{"type":"Polygon","coordinates":[[[38.037014,48.060009],[38.037054,48.059748],[38.03679,48.059727],[38.036744,48.059988],[38.037014,48.060009]]]}},{"type":"Feature","properties":{"cadnum":"1425200000:01:000:0237"},"geometry":{"type":"Polygon","coordinates":[[[38.035851,48.06051],[38.035895,48.060237],[38.035626,48.060216],[38.035581,48.060489],[38.035851,48.06051]]]}},{"type":"Feature","properties":{"cadnum":"1425200000:01:000:0242"},"geometry":{"type":"Polygon","coordinates":[[[38.036287,48.061132],[38.036331,48.060862],[38.036377,48.060595],[38.036107,48.060573],[38.036061,48.060844],[38.036021,48.061111],[38.036287,48.061132]]]}},{"type":"Feature","properties":{"cadnum":"1425200000:01:000:0072"},"geometry":{"type":"Polygon","coordinates":[[[38.041748,48.036324],[38.041748,48.036303],[38.041717,48.036303],[38.041721,48.036324],[38.041748,48.036324]]]}},{"type":"Feature","properties":{"cadnum":"1425200000:01:000:0131"},"geometry":{"type":"Polygon","coordinates":[[[38.044015,48.03643],[38.044011,48.036363],[38.043985,48.036363],[38.043989,48.03643],[38.044015,48.03643]]]}},{"type":"Feature","properties":{"cadnum":"1425200000:01:000:0132"},"geometry":{"type":"Polygon","coordinates":[[[38.042484,48.03648],[38.042476,48.036414],[38.042453,48.036414],[38.042457,48.03648],[38.042484,48.03648]]]}},{"type":"Feature","properties":{"cadnum":"1425200000:01:000:0073"},"geometry":{"type":"Polygon","coordinates":[[[38.043732,48.03624],[38.043728,48.036219],[38.043702,48.036222],[38.043702,48.03624],[38.043732,48.03624]]]}},{"type":"Feature","properties":{"cadnum":"1425200000:01:000:0130"},"geometry":{"type":"Polygon","coordinates":[[[38.045556,48.036348],[38.045583,48.036345],[38.045575,48.036279],[38.045552,48.036282],[38.045556,48.036348]]]}},{"type":"Feature","properties":{"cadnum":"1425200000:01:000:0133"},"geometry":{"type":"Polygon","coordinates":[[[38.040948,48.036546],[38.040944,48.03648],[38.040918,48.03648],[38.040922,48.036546],[38.040948,48.036546]]]}},{"type":"Feature","properties":{"cadnum":"1425200000:02:000:0411"},"geometry":{"type":"Polygon","coordinates":[[[38.202403,48.110402],[38.202403,48.110384],[38.202376,48.110384],[38.202376,48.110402],[38.202403,48.110402]]]}},{"type":"Feature","properties":{"cadnum":"1425200000:02:000:0409"},"geometry":{"type":"Polygon","coordinates":[[[38.203665,48.110477],[38.203669,48.110414],[38.203575,48.110411],[38.203575,48.110429],[38.203642,48.110432],[38.203638,48.110477],[38.203665,48.110477]]]}},{"type":"Feature","properties":{"cadnum":"1425200000:02:000:0410"},"geometry":{"type":"Polygon","coordinates":[[[38.203036,48.110417],[38.203036,48.110399],[38.203009,48.110399],[38.203009,48.110417],[38.203036,48.110417]]]}},{"type":"Feature","properties":{"cadnum":"1425200000:02:000:0408"},"geometry":{"type":"Polygon","coordinates":[[[38.204204,48.110819],[38.204221,48.110807],[38.204204,48.110792],[38.204186,48.110807],[38.204204,48.110819]]]}},{"type":"Feature","properties":{"cadnum":"1425200000:02:000:0407"},"geometry":{"type":"Polygon","coordinates":[[[38.204653,48.111107],[38.204636,48.111095],[38.204617,48.111107],[38.204636,48.111119],[38.204653,48.111107]]]}},{"type":"Feature","properties":{"cadnum":"1425200000:02:000:0412"},"geometry":{"type":"Polygon","coordinates":[[[38.201703,48.110387],[38.201703,48.110369],[38.201674,48.110366],[38.201674,48.110384],[38.201703,48.110387]]]}},{"type":"Feature","properties":{"cadnum":"1425200000:02:000:0414"},"geometry":{"type":"Polygon","coordinates":[[[38.200066,48.110348],[38.200072,48.11033],[38.200045,48.11033],[38.20004,48.110348],[38.200066,48.110348]]]}},{"type":"Feature","properties":{"cadnum":"1425200000:02:000:0413"},"geometry":{"type":"Polygon","coordinates":[[[38.200884,48.110366],[38.200888,48.110348],[38.200862,48.110348],[38.200858,48.110366],[38.200884,48.110366]]]}},{"type":"Feature","properties":{"cadnum":"1425200000:01:000:0101"},"geometry":{"type":"Polygon","coordinates":[[[38.086874,48.047807],[38.086888,48.047769],[38.08683,48.047757],[38.086811,48.047795],[38.086874,48.047807]]]}},{"type":"Feature","properties":{"cadnum":"1425200000:01:000:0102"},"geometry":{"type":"Polygon","coordinates":[[[38.087513,48.046306],[38.087513,48.046225],[38.087391,48.046225],[38.087391,48.046306],[38.087513,48.046306]]]}},{"type":"Feature","properties":{"cadnum":"1425200000:01:000:0056"},"geometry":{"type":"Polygon","coordinates":[[[38.089138,48.045445],[38.089238,48.04542],[38.089201,48.045354],[38.089102,48.045378],[38.089138,48.045445]]]}},{"type":"Feature","properties":{"cadnum":"1425200000:01:000:1140"},"geometry":{"type":"Polygon","coordinates":[[[38.089211,48.046435],[38.089412,48.046426],[38.089385,48.046327],[38.089161,48.045561],[38.089071,48.045574],[38.088991,48.045594],[38.088968,48.045601],[38.089211,48.046435]]]}},{"type":"Feature","properties":{"cadnum":"1425200000:01:000:1136"},"geometry":{"type":"Polygon","coordinates":[[[38.088446,48.046465],[38.088985,48.046444],[38.088798,48.045799],[38.088446,48.046465]]]}},{"type":"Feature","properties":{"cadnum":"1425200000:01:000:1138"},"geometry":{"type":"Polygon","coordinates":[[[38.088985,48.046444],[38.089211,48.046435],[38.088968,48.045601],[38.088887,48.045619],[38.088798,48.045799],[38.088985,48.046444]]]}},{"type":"Feature","properties":{"cadnum":"1425200000:02:000:0208"},"geometry":{"type":"Polygon","coordinates":[[[38.234104,48.103441],[38.234126,48.103426],[38.234104,48.103414],[38.234086,48.103426],[38.234104,48.103441]]]}},{"type":"Feature","properties":{"cadnum":"1425200000:02:000:0186"},"geometry":{"type":"Polygon","coordinates":[[[38.233744,48.103459],[38.233763,48.103447],[38.233744,48.103435],[38.233727,48.103447],[38.233744,48.103459]]]}},{"type":"Feature","properties":{"cadnum":"1425200000:02:000:0207"},"geometry":{"type":"Polygon","coordinates":[[[38.232779,48.102574],[38.232797,48.102562],[38.232775,48.10255],[38.232757,48.102562],[38.232779,48.102574]]]}},{"type":"Feature","properties":{"cadnum":"1425200000:04:000:0076"},"geometry":{"type":"Polygon","coordinates":[[[38.338362,48.081304],[38.339512,48.08118],[38.339324,48.07928],[38.338201,48.079377],[38.338362,48.081304]]]}},{"type":"Feature","properties":{"cadnum":"1425200000:04:000:0077"},"geometry":{"type":"Polygon","coordinates":[[[38.33724,48.081424],[38.338362,48.081304],[38.338201,48.079377],[38.33707,48.079473],[38.33724,48.081424]]]}},{"type":"Feature","properties":{"cadnum":"1425200000:02:000:0197"},"geometry":{"type":"Polygon","coordinates":[[[38.221469,48.091018],[38.221492,48.091013],[38.221478,48.090995],[38.221456,48.091004],[38.221469,48.091018]]]}},{"type":"Feature","properties":{"cadnum":"1425200000:02:000:0198"},"geometry":{"type":"Polygon","coordinates":[[[38.222471,48.092294],[38.222494,48.092285],[38.22248,48.09227],[38.222457,48.092276],[38.222471,48.092294]]]}},{"type":"Feature","properties":{"cadnum":"1425200000:02:000:0176"},"geometry":{"type":"Polygon","coordinates":[[[38.222224,48.09239],[38.222247,48.092381],[38.222238,48.092366],[38.222211,48.092375],[38.222224,48.09239]]]}},{"type":"Feature","properties":{"cadnum":"1425200000:02:000:0175"},"geometry":{"type":"Polygon","coordinates":[[[38.221532,48.091505],[38.221555,48.091496],[38.221541,48.091481],[38.221519,48.09149],[38.221532,48.091505]]]}},{"type":"Feature","properties":{"cadnum":"1425200000:04:000:0017"},"geometry":{"type":"Polygon","coordinates":[[[38.363646,48.117857],[38.364144,48.117821],[38.363947,48.117746],[38.36343,48.116855],[38.363345,48.116882],[38.363646,48.117857]]]}},{"type":"Feature","properties":{"cadnum":"1425200000:04:000:0016"},"geometry":{"type":"Polygon","coordinates":[[[38.362828,48.118157],[38.363134,48.117968],[38.363322,48.117875],[38.363035,48.117503],[38.362872,48.116984],[38.362549,48.117069],[38.362182,48.116987],[38.361975,48.116889],[38.361153,48.116991],[38.361314,48.117563],[38.362293,48.117725],[38.362415,48.117944],[38.362532,48.117887],[38.362828,48.118157]]]}},{"type":"Feature","properties":{"cadnum":"1425200000:02:000:0384"},"geometry":{"type":"Polygon","coordinates":[[[38.216892,48.118646],[38.216937,48.118609],[38.216919,48.118598],[38.216901,48.118609],[38.216865,48.118589],[38.216848,48.118604],[38.216888,48.118625],[38.216874,48.118636],[38.216892,48.118646]]]}},{"type":"Feature","properties":{"cadnum":"1425200000:02:000:0200"},"geometry":{"type":"Polygon","coordinates":[[[38.224285,48.094601],[38.224308,48.094592],[38.224295,48.094574],[38.224272,48.094583],[38.224285,48.094601]]]}},{"type":"Feature","properties":{"cadnum":"1425200000:02:000:0199"},"geometry":{"type":"Polygon","coordinates":[[[38.223221,48.093248],[38.223243,48.093239],[38.223234,48.093224],[38.223207,48.09323],[38.223221,48.093248]]]}},{"type":"Feature","properties":{"cadnum":"1425200000:02:000:0177"},"geometry":{"type":"Polygon","coordinates":[[[38.22328,48.093737],[38.223302,48.093728],[38.223289,48.09371],[38.223266,48.093719],[38.22328,48.093737]]]}},{"type":"Feature","properties":{"cadnum":"1425200000:02:000:0179"},"geometry":{"type":"Polygon","coordinates":[[[38.225152,48.096125],[38.225175,48.096116],[38.225161,48.096098],[38.225138,48.096107],[38.225152,48.096125]]]}},{"type":"Feature","properties":{"cadnum":"1425200000:02:000:0178"},"geometry":{"type":"Polygon","coordinates":[[[38.224218,48.094931],[38.224241,48.094922],[38.224228,48.094904],[38.224205,48.094913],[38.224218,48.094931]]]}},{"type":"Feature","properties":{"cadnum":"1425200000:02:000:0201"},"geometry":{"type":"Polygon","coordinates":[[[38.225413,48.096032],[38.225435,48.096023],[38.225421,48.096008],[38.2254,48.096017],[38.225413,48.096032]]]}},{"type":"Feature","properties":{"cadnum":"1425200000:02:000:0093"},"geometry":{"type":"Polygon","coordinates":[[[38.237006,48.116958],[38.237006,48.11694],[38.236979,48.11694],[38.236979,48.116958],[38.237006,48.116958]]]}},{"type":"Feature","properties":{"cadnum":"1425200000:02:000:0100"},"geometry":{"type":"Polygon","coordinates":[[[38.236817,48.115233],[38.236843,48.11523],[38.236839,48.115213],[38.236813,48.115215],[38.236817,48.115233]]]}},{"type":"Feature","properties":{"cadnum":"1425200000:02:000:0089"},"geometry":{"type":"Polygon","coordinates":[[[38.237078,48.117929],[38.237096,48.117926],[38.237096,48.117914],[38.237078,48.117917],[38.237078,48.117929]]]}},{"type":"Feature","properties":{"cadnum":"1425200000:02:000:0090"},"geometry":{"type":"Polygon","coordinates":[[[38.237073,48.117692],[38.237073,48.117677],[38.237055,48.11768],[38.237055,48.117692],[38.237073,48.117692]]]}},{"type":"Feature","properties":{"cadnum":"1425200000:02:000:0094"},"geometry":{"type":"Polygon","coordinates":[[[38.23696,48.116706],[38.236979,48.116702],[38.236979,48.116691],[38.23696,48.116691],[38.23696,48.116706]]]}},{"type":"Feature","properties":{"cadnum":"1425200000:02:000:0101"},"geometry":{"type":"Polygon","coordinates":[[[38.236817,48.114984],[38.236817,48.114973],[38.236799,48.114973],[38.236799,48.114984],[38.236817,48.114984]]]}},{"type":"Feature","properties":{"cadnum":"1425200000:02:000:0092"},"geometry":{"type":"Polygon","coordinates":[[[38.237029,48.117209],[38.237029,48.117195],[38.237006,48.117197],[38.23701,48.117209],[38.237029,48.117209]]]}},{"type":"Feature","properties":{"cadnum":"1425200000:02:000:0088"},"geometry":{"type":"Polygon","coordinates":[[[38.237181,48.118175],[38.237203,48.118172],[38.237199,48.118154],[38.237172,48.11816],[38.237181,48.118175]]]}},{"type":"Feature","properties":{"cadnum":"1425200000:02:000:0087"},"geometry":{"type":"Polygon","coordinates":[[[38.237271,48.118406],[38.237298,48.118403],[38.237298,48.118385],[38.237271,48.118387],[38.237271,48.118406]]]}},{"type":"Feature","properties":{"cadnum":"1425200000:02:000:0095"},"geometry":{"type":"Polygon","coordinates":[[[38.23696,48.116469],[38.236956,48.116457],[38.236939,48.116457],[38.236943,48.116469],[38.23696,48.116469]]]}},{"type":"Feature","properties":{"cadnum":"1425200000:02:000:0091"},"geometry":{"type":"Polygon","coordinates":[[[38.23705,48.117446],[38.23705,48.117434],[38.237029,48.117434],[38.237033,48.117446],[38.23705,48.117446]]]}},{"type":"Feature","properties":{"cadnum":"1425200000:02:000:0099"},"geometry":{"type":"Polygon","coordinates":[[[38.236925,48.115479],[38.236952,48.115473],[38.236943,48.115455],[38.236916,48.115461],[38.236925,48.115479]]]}},{"type":"Feature","properties":{"cadnum":"1425200000:02:000:0096"},"geometry":{"type":"Polygon","coordinates":[[[38.236933,48.116226],[38.236933,48.116214],[38.236916,48.116214],[38.236916,48.116226],[38.236933,48.116226]]]}},{"type":"Feature","properties":{"cadnum":"1425200000:02:000:0098"},"geometry":{"type":"Polygon","coordinates":[[[38.237059,48.115722],[38.237055,48.115704],[38.237029,48.115704],[38.237033,48.115722],[38.237059,48.115722]]]}},{"type":"Feature","properties":{"cadnum":"1425200000:02:000:0097"},"geometry":{"type":"Polygon","coordinates":[[[38.236992,48.115974],[38.236996,48.115962],[38.236974,48.115962],[38.236974,48.115974],[38.236992,48.115974]]]}},{"type":"Feature","properties":{"cadnum":"1425200000:01:000:0049"},"geometry":{"type":"Polygon","coordinates":[[[38.078485,48.016129],[38.078494,48.016056],[38.078391,48.016051],[38.078377,48.01612],[38.078485,48.016129]]]}},{"type":"Feature","properties":{"cadnum":"1425200000:01:000:0047"},"geometry":{"type":"Polygon","coordinates":[[[38.075236,48.018959],[38.075236,48.018886],[38.075129,48.018886],[38.075129,48.018959],[38.075236,48.018959]]]}},{"type":"Feature","properties":{"cadnum":"1425200000:01:000:1080"},"geometry":{"type":"Polygon","coordinates":[[[38.075745,48.017262],[38.077762,48.017202],[38.077743,48.016901],[38.075727,48.016988],[38.075745,48.017262]]]}},{"type":"Feature","properties":{"cadnum":"1425200000:02:000:0394"},"geometry":{"type":"Polygon","coordinates":[[[38.211135,48.115662],[38.211152,48.11565],[38.211135,48.115635],[38.211112,48.11565],[38.211135,48.115662]]]}},{"type":"Feature","properties":{"cadnum":"1425200000:02:000:0386"},"geometry":{"type":"Polygon","coordinates":[[[38.215639,48.118001],[38.215657,48.117989],[38.215635,48.117977],[38.215622,48.117992],[38.215639,48.118001]]]}},{"type":"Feature","properties":{"cadnum":"1425200000:02:000:0389"},"geometry":{"type":"Polygon","coordinates":[[[38.213838,48.117171],[38.213856,48.117155],[38.213834,48.117146],[38.213815,48.117162],[38.213838,48.117171]]]}},{"type":"Feature","properties":{"cadnum":"1425200000:02:000:0390"},"geometry":{"type":"Polygon","coordinates":[[[38.213223,48.116889],[38.213236,48.116873],[38.213219,48.116862],[38.2132,48.116877],[38.213223,48.116889]]]}},{"type":"Feature","properties":{"cadnum":"1425200000:02:000:0387"},"geometry":{"type":"Polygon","coordinates":[[[38.21514,48.117771],[38.215154,48.117755],[38.215136,48.117746],[38.215118,48.117762],[38.21514,48.117771]]]}},{"type":"Feature","properties":{"cadnum":"1425200000:02:000:0395"},"geometry":{"type":"Polygon","coordinates":[[[38.210622,48.115306],[38.210645,48.115293],[38.210622,48.115281],[38.210605,48.115293],[38.210622,48.115306]]]}},{"type":"Feature","properties":{"cadnum":"1425200000:02:000:0392"},"geometry":{"type":"Polygon","coordinates":[[[38.21224,48.116436],[38.212257,48.11642],[38.212234,48.116409],[38.212221,48.116424],[38.21224,48.116436]]]}},{"type":"Feature","properties":{"cadnum":"1425200000:02:000:0393"},"geometry":{"type":"Polygon","coordinates":[[[38.211691,48.116051],[38.211709,48.11604],[38.211691,48.116025],[38.211668,48.11604],[38.211691,48.116051]]]}},{"type":"Feature","properties":{"cadnum":"1425200000:02:000:0388"},"geometry":{"type":"Polygon","coordinates":[[[38.21457,48.117506],[38.214584,48.117494],[38.214561,48.117482],[38.214548,48.117497],[38.21457,48.117506]]]}},{"type":"Feature","properties":{"cadnum":"1425200000:02:000:0391"},"geometry":{"type":"Polygon","coordinates":[[[38.212743,48.116669],[38.212756,48.116655],[38.212737,48.116642],[38.21272,48.116658],[38.212743,48.116669]]]}},{"type":"Feature","properties":{"cadnum":"1425200000:01:000:0085"},"geometry":{"type":"MultiPolygon","coordinates":[[[[38.07485,48.0316],[38.07485,48.031588],[38.074819,48.031588],[38.07485,48.0316]]],[[[38.074873,48.031609],[38.07485,48.0316],[38.07485,48.031609],[38.074873,48.031609]]]]}},{"type":"Feature","properties":{"cadnum":"1425200000:01:000:0113"},"geometry":{"type":"Polygon","coordinates":[[[38.076311,48.03175],[38.076333,48.031747],[38.076328,48.03168],[38.076301,48.031684],[38.076311,48.03175]]]}},{"type":"Feature","properties":{"cadnum":"1425200000:01:000:0086"},"geometry":{"type":"Polygon","coordinates":[[[38.0765,48.031524],[38.0765,48.031504],[38.076473,48.031506],[38.076473,48.031524],[38.0765,48.031524]]]}},{"type":"Feature","properties":{"cadnum":"1425200000:01:000:0115"},"geometry":{"type":"Polygon","coordinates":[[[38.073332,48.031915],[38.073328,48.031849],[38.073301,48.031849],[38.073311,48.031915],[38.073332,48.031915]]]}},{"type":"Feature","properties":{"cadnum":"1425200000:01:000:0114"},"geometry":{"type":"Polygon","coordinates":[[[38.074819,48.031849],[38.07481,48.03178],[38.074788,48.031783],[38.074792,48.031849],[38.074819,48.031849]]]}},{"type":"Feature","properties":{"cadnum":"1425200000:01:000:0112"},"geometry":{"type":"Polygon","coordinates":[[[38.077819,48.031699],[38.077811,48.031633],[38.077789,48.031633],[38.077793,48.031699],[38.077819,48.031699]]]}},{"type":"Feature","properties":{"cadnum":"1425200000:01:000:1250"},"geometry":{"type":"Polygon","coordinates":[[[38.029423,48.022371],[38.033748,48.021981],[38.033448,48.020482],[38.030379,48.020716],[38.029423,48.022371]]]}},{"type":"Feature","properties":{"cadnum":"1425200000:01:000:0079"},"geometry":{"type":"Polygon","coordinates":[[[38.055843,48.034994],[38.055869,48.034988],[38.05586,48.034966],[38.055833,48.034976],[38.055843,48.034994]]]}},{"type":"Feature","properties":{"cadnum":"1425200000:01:000:0077"},"geometry":{"type":"Polygon","coordinates":[[[38.051759,48.035927],[38.051849,48.035925],[38.051841,48.035865],[38.051755,48.035867],[38.051759,48.035927]]]}},{"type":"Feature","properties":{"cadnum":"1425200000:01:000:0123"},"geometry":{"type":"Polygon","coordinates":[[[38.056022,48.035165],[38.056045,48.035159],[38.056013,48.035095],[38.05599,48.035102],[38.056022,48.035165]]]}},{"type":"Feature","properties":{"cadnum":"1425200000:01:000:0125"},"geometry":{"type":"Polygon","coordinates":[[[38.05317,48.03578],[38.053197,48.035774],[38.053166,48.035711],[38.053139,48.035718],[38.05317,48.03578]]]}},{"type":"Feature","properties":{"cadnum":"1425200000:01:000:0078"},"geometry":{"type":"Polygon","coordinates":[[[38.053843,48.035444],[38.053871,48.035438],[38.053862,48.035417],[38.05383,48.035423],[38.053843,48.035444]]]}},{"type":"Feature","properties":{"cadnum":"1425200000:01:000:0124"},"geometry":{"type":"Polygon","coordinates":[[[38.054589,48.035465],[38.054612,48.035459],[38.054581,48.035396],[38.054558,48.035402],[38.054589,48.035465]]]}},{"type":"Feature","properties":{"cadnum":"1425200000:01:000:0126"},"geometry":{"type":"Polygon","coordinates":[[[38.051697,48.036096],[38.051809,48.036092],[38.051805,48.03603],[38.051755,48.035985],[38.051732,48.035985],[38.051692,48.036036],[38.051697,48.036096]]]}},{"type":"Feature","properties":{"cadnum":"1425200000:02:000:0133"},"geometry":{"type":"Polygon","coordinates":[[[38.231647,48.108375],[38.23166,48.108366],[38.231647,48.108357],[38.231633,48.108366],[38.231647,48.108375]]]}},{"type":"Feature","properties":{"cadnum":"1425200000:02:000:0131"},"geometry":{"type":"Polygon","coordinates":[[[38.232038,48.108791],[38.232052,48.108782],[38.232038,48.108774],[38.232025,48.10878],[38.232038,48.108791]]]}},{"type":"Feature","properties":{"cadnum":"1425200000:02:000:0132"},"geometry":{"type":"Polygon","coordinates":[[[38.23184,48.108585],[38.231859,48.108578],[38.231849,48.108567],[38.231832,48.108573],[38.23184,48.108585]]]}},{"type":"Feature","properties":{"cadnum":"1425200000:02:000:0130"},"geometry":{"type":"Polygon","coordinates":[[[38.232294,48.108974],[38.232308,48.108965],[38.232294,48.108956],[38.232281,48.108965],[38.232294,48.108974]]]}},{"type":"Feature","properties":{"cadnum":"1425200000:02:000:0135"},"geometry":{"type":"Polygon","coordinates":[[[38.230794,48.10791],[38.230811,48.107898],[38.230794,48.107886],[38.230776,48.107898],[38.230794,48.10791]]]}},{"type":"Feature","properties":{"cadnum":"1425200000:02:000:0134"},"geometry":{"type":"Polygon","coordinates":[[[38.231037,48.108078],[38.231046,48.108069],[38.231032,48.10806],[38.231018,48.108069],[38.231037,48.108078]]]}},{"type":"Feature","properties":{"cadnum":"1425200000:02:000:0137"},"geometry":{"type":"Polygon","coordinates":[[[38.2303,48.107559],[38.230318,48.10755],[38.230304,48.107541],[38.230291,48.10755],[38.2303,48.107559]]]}},{"type":"Feature","properties":{"cadnum":"1425200000:02:000:0136"},"geometry":{"type":"Polygon","coordinates":[[[38.230551,48.107742],[38.230574,48.10773],[38.230551,48.107715],[38.230534,48.107727],[38.230551,48.107742]]]}},{"type":"Feature","properties":{"cadnum":"1425200000:02:000:0382"},"geometry":{"type":"Polygon","coordinates":[[[38.094614,48.102613],[38.094618,48.102595],[38.094587,48.102592],[38.094587,48.10261],[38.094614,48.102613]]]}},{"type":"Feature","properties":{"cadnum":"1425200000:02:000:0381"},"geometry":{"type":"Polygon","coordinates":[[[38.094825,48.101308],[38.094843,48.101242],[38.094748,48.10123],[38.094727,48.101293],[38.094825,48.101308]]]}},{"type":"Feature","properties":{"cadnum":"1425200000:01:000:1205"},"geometry":{"type":"Polygon","coordinates":[[[38.068598,48.030179],[38.069087,48.02989],[38.069492,48.029593],[38.069668,48.02941],[38.069492,48.02938],[38.069254,48.029322],[38.069079,48.029266],[38.069074,48.029275],[38.06899,48.029262],[38.068881,48.029485],[38.06881,48.029476],[38.06846,48.030101],[38.068598,48.030179]]]}},{"type":"Feature","properties":{"cadnum":"1425200000:01:000:1212"},"geometry":{"type":"Polygon","coordinates":[[[38.071607,48.029602],[38.072358,48.0296],[38.072385,48.029088],[38.072408,48.028992],[38.072452,48.028863],[38.071999,48.028611],[38.071869,48.029077],[38.071607,48.029602]]]}},{"type":"Feature","properties":{"cadnum":"1425200000:01:000:1199"},"geometry":{"type":"Polygon","coordinates":[[[38.071536,48.030263],[38.072322,48.03026],[38.072358,48.0296],[38.071607,48.029602],[38.071603,48.029605],[38.071536,48.03026],[38.071536,48.030263]]]}},{"type":"Feature","properties":{"cadnum":"1425200000:01:000:1241"},"geometry":{"type":"Polygon","coordinates":[[[38.070278,48.02877],[38.070441,48.028599],[38.070781,48.028244],[38.069716,48.0281],[38.06946,48.028569],[38.069618,48.028608],[38.069753,48.028392],[38.069982,48.028452],[38.069848,48.028662],[38.070278,48.02877]]]}},{"type":"Feature","properties":{"cadnum":"1425200000:01:000:1186"},"geometry":{"type":"Polygon","coordinates":[[[38.069668,48.02941],[38.070202,48.028848],[38.070278,48.02877],[38.069848,48.028662],[38.069825,48.028701],[38.069749,48.028677],[38.06973,48.028707],[38.069582,48.028662],[38.069618,48.028608],[38.06946,48.028569],[38.069079,48.029266],[38.069254,48.029322],[38.069393,48.029068],[38.069636,48.029131],[38.069492,48.02938],[38.069668,48.02941]]]}},{"type":"Feature","properties":{"cadnum":"1425200000:02:000:0367"},"geometry":{"type":"Polygon","coordinates":[[[38.099797,48.081564],[38.099811,48.081546],[38.099784,48.081537],[38.099771,48.081553],[38.099797,48.081564]]]}},{"type":"Feature","properties":{"cadnum":"1425200000:02:000:0312"},"geometry":{"type":"Polygon","coordinates":[[[38.109764,48.10438],[38.109764,48.104361],[38.109736,48.104361],[38.109736,48.10438],[38.109764,48.10438]]]}},{"type":"Feature","properties":{"cadnum":"1425200000:02:000:0313"},"geometry":{"type":"Polygon","coordinates":[[[38.109675,48.104881],[38.109679,48.104863],[38.109652,48.104859],[38.109646,48.104878],[38.109675,48.104881]]]}},{"type":"Feature","properties":{"cadnum":"1425200000:02:000:0311"},"geometry":{"type":"Polygon","coordinates":[[[38.109795,48.104179],[38.109795,48.104161],[38.109709,48.104161],[38.109709,48.104179],[38.109795,48.104179]]]}},{"type":"Feature","properties":{"cadnum":"1425200000:02:000:0314"},"geometry":{"type":"Polygon","coordinates":[[[38.109589,48.105363],[38.109589,48.105345],[38.109562,48.105343],[38.109562,48.105361],[38.109589,48.105363]]]}},{"type":"Feature","properties":{"cadnum":"1425200000:02:000:0318"},"geometry":{"type":"Polygon","coordinates":[[[38.109912,48.107145],[38.109912,48.107127],[38.109885,48.107127],[38.109885,48.107145],[38.109912,48.107145]]]}},{"type":"Feature","properties":{"cadnum":"1425200000:02:000:0300"},"geometry":{"type":"Polygon","coordinates":[[[38.108183,48.103957],[38.108183,48.103939],[38.108156,48.103939],[38.108156,48.103957],[38.108183,48.103957]]]}},{"type":"Feature","properties":{"cadnum":"1425200000:02:000:0298"},"geometry":{"type":"Polygon","coordinates":[[[38.109665,48.103965],[38.109736,48.103927],[38.109723,48.103914],[38.109669,48.103942],[38.109633,48.103905],[38.109612,48.103918],[38.109665,48.103965]]]}},{"type":"Feature","properties":{"cadnum":"1425200000:02:000:0316"},"geometry":{"type":"Polygon","coordinates":[[[38.10966,48.106146],[38.109683,48.106141],[38.10966,48.106083],[38.109633,48.10609],[38.10966,48.106146]]]}},{"type":"Feature","properties":{"cadnum":"1425200000:02:000:0308"},"geometry":{"type":"Polygon","coordinates":[[[38.107491,48.104197],[38.107581,48.104194],[38.107581,48.104176],[38.107491,48.104179],[38.107491,48.104197]]]}},{"type":"Feature","properties":{"cadnum":"1425200000:02:000:0301"},"geometry":{"type":"Polygon","coordinates":[[[38.107585,48.10399],[38.107604,48.103978],[38.107558,48.103945],[38.107604,48.103914],[38.107585,48.103903],[38.107522,48.103945],[38.107585,48.10399]]]}},{"type":"Feature","properties":{"cadnum":"1425200000:02:000:0299"},"geometry":{"type":"Polygon","coordinates":[[[38.109,48.10396],[38.109,48.103942],[38.108973,48.103942],[38.108973,48.10396],[38.109,48.10396]]]}},{"type":"Feature","properties":{"cadnum":"1425200000:02:000:0310"},"geometry":{"type":"Polygon","coordinates":[[[38.109032,48.104185],[38.109032,48.104167],[38.109004,48.104167],[38.109004,48.104185],[38.109032,48.104185]]]}},{"type":"Feature","properties":{"cadnum":"1425200000:02:000:0302"},"geometry":{"type":"Polygon","coordinates":[[[38.107532,48.104128],[38.107532,48.10411],[38.107505,48.10411],[38.107505,48.104128],[38.107532,48.104128]]]}},{"type":"Feature","properties":{"cadnum":"1425200000:02:000:0309"},"geometry":{"type":"Polygon","coordinates":[[[38.108214,48.104191],[38.108214,48.104172],[38.108187,48.104172],[38.108187,48.104191],[38.108214,48.104191]]]}},{"type":"Feature","properties":{"cadnum":"1425200000:02:000:0315"},"geometry":{"type":"Polygon","coordinates":[[[38.10949,48.105777],[38.109579,48.105774],[38.109579,48.105757],[38.10949,48.105759],[38.10949,48.105777]]]}},{"type":"Feature","properties":{"cadnum":"1425200000:02:000:0317"},"geometry":{"type":"Polygon","coordinates":[[[38.109916,48.106707],[38.109916,48.106648],[38.109889,48.106648],[38.109889,48.106707],[38.109916,48.106707]]]}},{"type":"Feature","properties":{"cadnum":"1425200000:01:000:1117"},"geometry":{"type":"Polygon","coordinates":[[[38.078224,48.066226],[38.078161,48.064269],[38.074173,48.064322],[38.074204,48.065301],[38.078224,48.066226]]]}},{"type":"Feature","properties":{"cadnum":"1425200000:01:000:0148"},"geometry":{"type":"Polygon","coordinates":[[[38.074689,48.049513],[38.074689,48.049486],[38.074649,48.049486],[38.074649,48.049513],[38.074689,48.049513]]]}},{"type":"Feature","properties":{"cadnum":"1425200000:01:000:0147"},"geometry":{"type":"Polygon","coordinates":[[[38.07689,48.049528],[38.07689,48.049501],[38.07685,48.049501],[38.07685,48.049528],[38.07689,48.049528]]]}},{"type":"Feature","properties":{"cadnum":"1425200000:02:000:0220"},"geometry":{"type":"Polygon","coordinates":[[[38.107239,48.080487],[38.107321,48.080469],[38.107293,48.080415],[38.107208,48.080434],[38.107239,48.080487]]]}},{"type":"Feature","properties":{"cadnum":"1425200000:03:000:0004"},"geometry":{"type":"Polygon","coordinates":[[[38.169183,48.16018],[38.169224,48.160111],[38.169124,48.160087],[38.169084,48.160153],[38.169183,48.16018]]]}},{"type":"Feature","properties":{"cadnum":"1425200000:01:000:0159"},"geometry":{"type":"Polygon","coordinates":[[[38.04169,48.048795],[38.041721,48.04879],[38.041711,48.048766],[38.041677,48.048774],[38.04169,48.048795]]]}},{"type":"Feature","properties":{"cadnum":"1425200000:02:000:0230"},"geometry":{"type":"Polygon","coordinates":[[[38.120013,48.104625],[38.120143,48.104583],[38.120076,48.104494],[38.119946,48.104539],[38.120013,48.104625]]]}},{"type":"Feature","properties":{"cadnum":"1425200000:02:000:0231"},"geometry":{"type":"Polygon","coordinates":[[[38.122313,48.106959],[38.122403,48.10692],[38.122345,48.10686],[38.122256,48.106899],[38.122313,48.106959]]]}},{"type":"Feature","properties":{"cadnum":"1425200000:02:000:0354"},"geometry":{"type":"Polygon","coordinates":[[[38.121154,48.10465],[38.121235,48.104619],[38.121185,48.104557],[38.121105,48.104587],[38.121154,48.10465]]]}},{"type":"Feature","properties":{"cadnum":"1425200000:02:000:0353"},"geometry":{"type":"Polygon","coordinates":[[[38.122479,48.105141],[38.12252,48.105094],[38.122497,48.105085],[38.122453,48.105132],[38.122479,48.105141]]]}},{"type":"Feature","properties":{"cadnum":"1425200000:03:000:0010"},"geometry":{"type":"Polygon","coordinates":[[[38.165455,47.276194],[38.165455,47.276121],[38.165347,47.276121],[38.165347,47.276194],[38.165455,47.276194]]]}}]}