{"type":"FeatureCollection","features":[{"type":"Feature","properties":{"cadnum":"4421480800:02:001:0001"},"geometry":{"type":"MultiPolygon","coordinates":[[[[39.630338,48.458195],[39.629965,48.458409],[39.630437,48.458409],[39.630338,48.458195]]],[[[39.627122,48.460977],[39.627771,48.460603],[39.627771,48.459665],[39.625033,48.461233],[39.625258,48.461701],[39.625595,48.461811],[39.625618,48.461823],[39.627122,48.460977]]]]}},{"type":"Feature","properties":{"cadnum":"4421480800:02:001:0037"},"geometry":{"type":"Polygon","coordinates":[[[39.615286,48.461385],[39.615148,48.46134],[39.614806,48.461233],[39.614796,48.461233],[39.614671,48.46107],[39.61468,48.460929],[39.614675,48.460914],[39.614999,48.460914],[39.615605,48.460991],[39.616149,48.461194],[39.616613,48.46141543676223],[39.616613,48.461416],[39.616742,48.461477],[39.616785,48.461503],[39.616785,48.46150225492958],[39.617452,48.461894],[39.61768829629631,48.461938],[39.617686,48.461938],[39.617887,48.461975],[39.618144,48.462026],[39.618227,48.462052],[39.61822895473251,48.462052],[39.618938,48.462269],[39.621444,48.462437],[39.622278,48.462469],[39.622278,48.46246844414536],[39.62285,48.46249],[39.623385,48.462478],[39.623551,48.462395],[39.623268,48.461938],[39.623267935483874,48.461938],[39.622976,48.461463],[39.622815,48.460995],[39.622107,48.460976],[39.622107,48.46097640120746],[39.620456,48.460932],[39.618561,48.460885],[39.616687,48.460834],[39.616613,48.460832],[39.616613,48.460832103890056],[39.612394,48.460724],[39.612498,48.461242],[39.612502,48.461272],[39.612511,48.461311],[39.612555,48.461576],[39.61588,48.461662],[39.615494,48.46145],[39.615286,48.461385]]]}},{"type":"Feature","properties":{"cadnum":"4421480800:01:002:0034"},"geometry":{"type":"Polygon","coordinates":[[[39.627771,48.461063],[39.627436,48.461251],[39.626234212937995,48.461938],[39.626233,48.461938],[39.626138,48.461993],[39.626155,48.462013],[39.626163,48.462052],[39.62616430681818,48.462052],[39.626197,48.462189],[39.626551,48.462788],[39.626776,48.463002],[39.6276,48.462541553768844],[39.6276,48.462542],[39.628679,48.461938],[39.627771,48.461938],[39.627771,48.461063]]]}},{"type":"Feature","properties":{"cadnum":"4421480800:02:001:0040"},"geometry":{"type":"Polygon","coordinates":[[[39.621889,48.457308],[39.621836,48.456423],[39.621736,48.456241],[39.621255,48.455773],[39.620586,48.455264],[39.620272,48.455154],[39.619572,48.455019],[39.620077,48.458409],[39.62007807622298,48.458409],[39.620456,48.460932],[39.622278,48.460981],[39.622278,48.460980588983055],[39.622815,48.460995],[39.622788,48.460914],[39.622639,48.460477],[39.622208,48.459419],[39.622107,48.458911],[39.622107,48.4589145],[39.622006,48.45841],[39.621993,48.458295],[39.62199298910082,48.458295],[39.621889,48.457308]]]}},{"type":"Feature","properties":{"cadnum":"4421480800:26:006:0001"},"geometry":{"type":"Polygon","coordinates":[[[39.720237,48.324683],[39.719468,48.324934],[39.717609,48.32545],[39.716261,48.327096],[39.71626179584121,48.327096],[39.71549,48.32804],[39.71549,48.32804008622855],[39.713366333104865,48.330634],[39.713366,48.330634],[39.711392,48.333048],[39.714564,48.33392],[39.715662,48.332869],[39.715662,48.33286818902059],[39.717093,48.331497],[39.717666653631795,48.33066774860262],[39.718197,48.329903],[39.72038,48.330136],[39.720808019607844,48.330634],[39.720808,48.330634],[39.72081878756674,48.330646528499706],[39.720906,48.330748],[39.72090615880893,48.330748],[39.721155,48.331037],[39.721155,48.3310366892779],[39.721441,48.331369],[39.721155,48.33148853172867],[39.721155,48.331488],[39.717088,48.333181],[39.717344,48.333433],[39.716916,48.3344],[39.71691682239382,48.3344],[39.716625,48.335063],[39.717051,48.33512],[39.71973051723835,48.33434351724225],[39.721155,48.333932],[39.721155,48.33393152023988],[39.721651,48.333788],[39.723259,48.331886],[39.723951,48.331736],[39.724579,48.330634],[39.72457835344827,48.330634],[39.724912,48.330052],[39.723385,48.329225],[39.7226,48.328281],[39.72133775990098,48.327096],[39.721338,48.327096],[39.721309,48.327069],[39.721382,48.326266],[39.721068,48.325018],[39.720984,48.324984],[39.720984,48.32498413718412],[39.720237,48.324683]]]}},{"type":"Feature","properties":{"cadnum":"4421480800:26:005:0010"},"geometry":{"type":"Polygon","coordinates":[[[39.73823,48.322784],[39.737907,48.322762],[39.737552620053094,48.32309083904983],[39.737169,48.323444],[39.7371697092511,48.323444],[39.736802,48.323784],[39.73633,48.324303],[39.735823,48.325086],[39.735395,48.325764],[39.734616,48.327096],[39.73461670212766,48.327096],[39.734601,48.327123],[39.733559,48.329007],[39.732911,48.328885],[39.732787,48.329067],[39.732538,48.329593],[39.732404,48.329981],[39.732593,48.33053],[39.73249233944954,48.330634],[39.732492,48.330634],[39.732446101265886,48.330681772151834],[39.732382,48.330748],[39.732382470588234,48.330748],[39.732296,48.330838],[39.732319,48.331002],[39.732422,48.331052],[39.732462,48.331008],[39.73264970053476,48.330748],[39.73265,48.330748],[39.73297,48.330306],[39.733357,48.32964],[39.735108,48.327386],[39.735532,48.326982],[39.735531826347305,48.326982],[39.735588,48.326929],[39.736424,48.326355],[39.736963,48.326098],[39.737635,48.325875],[39.737635,48.32587443824701],[39.737714,48.325848],[39.738307,48.325722],[39.7392,48.325675],[39.740309,48.325722],[39.741307,48.325916],[39.742308,48.32626],[39.742956,48.32665033827894],[39.742956,48.326651],[39.742982,48.326666],[39.743128,48.326814],[39.743128,48.32681337089202],[39.74329506046512,48.326982],[39.743294,48.326982],[39.743444,48.327132],[39.74393,48.327741],[39.744077,48.328004],[39.744217,48.3285],[39.744181,48.329369],[39.743786,48.330199],[39.743287,48.330748],[39.74328933333333,48.330748],[39.743238,48.330805],[39.743128,48.330888475177304],[39.743128,48.330888],[39.74296457432545,48.33101249324239],[39.742956,48.331019],[39.742956,48.33101902493075],[39.742406,48.331438],[39.739605,48.333429],[39.739811,48.333561],[39.742465,48.331692],[39.743128,48.331197],[39.743128,48.33119687246377],[39.743301,48.331068],[39.743507,48.330864],[39.743711,48.330634],[39.74371069784172,48.330634],[39.743857,48.33047],[39.744006,48.330264],[39.744136,48.330052],[39.744347,48.32962],[39.74445,48.329177],[39.74449,48.328863],[39.744136,48.327705],[39.743867,48.327293],[39.743628,48.327052],[39.743553,48.326982],[39.74355287804878,48.326982],[39.743364,48.326806],[39.743128,48.326633538461536],[39.743128,48.326633],[39.743104,48.326616],[39.742779,48.326394],[39.742339,48.326158],[39.741859,48.325934],[39.74136,48.325764],[39.74092,48.325653],[39.740364,48.325573],[39.739806,48.325525],[39.739137,48.325513],[39.738661,48.325538],[39.738113,48.325609],[39.737771,48.32568],[39.737635,48.32572106493507],[39.737635,48.325721],[39.737152,48.325866],[39.736563,48.326105],[39.736119,48.326331],[39.735557,48.326729],[39.73527126923077,48.326982],[39.73527,48.326982],[39.735234,48.327015],[39.734871,48.326904],[39.735746,48.32539],[39.736699,48.324261],[39.737635,48.323359],[39.737635,48.32335812280702],[39.73823,48.322784]]]}},{"type":"Feature","properties":{"cadnum":"4421480800:25:007:0003"},"geometry":{"type":"Polygon","coordinates":[[[39.747954,48.330483],[39.74782522264151,48.330634],[39.747824,48.330634],[39.7447220591716,48.334286],[39.744721,48.334286],[39.744666,48.334352],[39.744706,48.334421],[39.744909,48.334456],[39.745692,48.334286],[39.74569072340427,48.334286],[39.745815,48.334259],[39.746664,48.33408],[39.746687,48.334077],[39.746701,48.334077],[39.747954,48.33423],[39.748449,48.33364668665667],[39.748449,48.333647],[39.750299,48.331465],[39.748449,48.33069],[39.748449,48.33069002973978],[39.748318,48.330635],[39.747954,48.330483]]]}},{"type":"Feature","properties":{"cadnum":"4421480800:25:007:0004"},"geometry":{"type":"Polygon","coordinates":[[[39.747954,48.330483],[39.746768,48.329983],[39.746224,48.329757],[39.745382,48.330748],[39.745382287730735,48.330748],[39.743135,48.333397],[39.743979,48.333704],[39.743993,48.333714],[39.744469,48.334039],[39.744482,48.334053],[39.744486,48.334053],[39.74462626755853,48.334286],[39.744626,48.334286],[39.744666,48.334352],[39.74772717052179,48.330748],[39.747728,48.330748],[39.747954,48.330483]]]}},{"type":"Feature","properties":{"cadnum":"4421480800:25:007:0002"},"geometry":{"type":"Polygon","coordinates":[[[39.754114,48.328998671814674],[39.754114,48.328998],[39.753182,48.32807],[39.750906,48.330748],[39.75090728519856,48.330748],[39.750299,48.331465],[39.748621,48.33344413297297],[39.748621,48.333444],[39.747954,48.33423],[39.748621,48.334313],[39.748621,48.33431204470588],[39.748874,48.334343],[39.748907,48.334352],[39.749002,48.3344],[39.74900283448276,48.3344],[39.749486,48.334642],[39.749788,48.334286],[39.7497867456187,48.334286],[39.752886,48.330634],[39.75288582692308,48.330634],[39.754114,48.329188],[39.754114,48.329187451737454],[39.754201,48.329085],[39.754114,48.328998671814674]]]}},{"type":"Feature","properties":{"cadnum":"4421480800:25:007:0005"},"geometry":{"type":"Polygon","coordinates":[[[39.745429,48.329422],[39.744594,48.329073],[39.744559,48.329339],[39.744387,48.329963],[39.74402,48.33056],[39.743832,48.330748],[39.74383254545455,48.330748],[39.74353,48.331052],[39.742956,48.331474],[39.742956,48.33147418760757],[39.740804,48.333053],[39.740708,48.333444],[39.740031,48.333976],[39.74053464611259,48.334286],[39.740534,48.334286],[39.740637,48.334349],[39.741217,48.333791],[39.741944,48.333155],[39.74194,48.333152],[39.741926,48.33314],[39.741917,48.333122],[39.741922,48.333104],[39.74194,48.33309],[39.741958,48.333081],[39.741985,48.333074],[39.742007,48.333077],[39.742771,48.333265],[39.742779,48.333269],[39.742956,48.333332902578796],[39.742956,48.333333],[39.74298391743108,48.33334298165134],[39.743128,48.333395],[39.743128,48.3333944972067],[39.743135,48.333397],[39.745479,48.330634],[39.74547885973764,48.330634],[39.746224,48.329757],[39.745429,48.329422]],[[39.740238,48.333823],[39.740299,48.333854],[39.740305,48.333856],[39.740251,48.333902],[39.740184,48.333869],[39.740238,48.333823]]]}},{"type":"Feature","properties":{"cadnum":"4421480800:13:002:0141"},"geometry":{"type":"Polygon","coordinates":[[[39.746499,48.412523],[39.746503,48.412678],[39.74657,48.413093],[39.74644,48.413686],[39.746144,48.414121],[39.745633870270275,48.414562],[39.745633,48.414562],[39.745548768211606,48.4146355695367],[39.745502,48.414676],[39.74550247826087,48.414676],[39.745475,48.4147],[39.745331,48.414867],[39.745169,48.415469],[39.744918,48.415794],[39.744339,48.416062],[39.743961,48.416277],[39.743647,48.416429],[39.743696,48.416462],[39.745138,48.417636],[39.748621,48.416439],[39.748621,48.41643874783612],[39.750182,48.415901],[39.750991,48.416819],[39.751467,48.417559],[39.753335,48.417126],[39.749526,48.414562],[39.74952569845053,48.414562],[39.748621,48.41395281701445],[39.748621,48.413952],[39.746499,48.412523]]]}},{"type":"Feature","properties":{"cadnum":"4421480800:13:002:0019"},"geometry":{"type":"Polygon","coordinates":[[[39.750991,48.416819],[39.750182,48.415901],[39.748449,48.416498],[39.748449,48.41649811111111],[39.745138,48.417636],[39.743696,48.416462],[39.743328,48.41664],[39.743128,48.41671311827957],[39.743128,48.416713],[39.742852,48.416814],[39.742245,48.417108],[39.742241,48.417108],[39.742295,48.417154],[39.742227,48.41726],[39.742956,48.417878962264155],[39.742956,48.41788],[39.743076232558046,48.41798104651155],[39.743128,48.418025],[39.743128,48.418024553191486],[39.743144,48.418038],[39.74335725088339,48.418208],[39.743356,48.418208],[39.74494,48.419463],[39.745381,48.419642],[39.748621,48.418466],[39.748621,48.41846529880478],[39.748951,48.418345],[39.749391,48.418208],[39.74938883727034,48.418208],[39.751467,48.417559],[39.750991,48.416819]]]}},{"type":"Feature","properties":{"cadnum":"4421480800:01:002:0023"},"geometry":{"type":"Polygon","coordinates":[[[39.649625,48.464075],[39.649572,48.464592],[39.649572,48.46459504242424],[39.64946,48.465694],[39.64946051798562,48.465694],[39.649458,48.465719],[39.649572,48.46572816783217],[39.649572,48.465729],[39.655237,48.466187],[39.655237,48.466185884615385],[39.656236,48.466267],[39.656281873362445,48.465694],[39.656282,48.465694],[39.65637,48.464622],[39.655066,48.464517],[39.655066,48.46451710548824],[39.649744,48.46408466928011],[39.649744,48.464084],[39.649625,48.464075]]]}},{"type":"Feature","properties":{"cadnum":"4421480800:01:002:0022"},"geometry":{"type":"Polygon","coordinates":[[[39.649744,48.465742],[39.649458,48.465719],[39.64931,48.467225],[39.649413,48.467234],[39.649572,48.46724648942598],[39.649572,48.467247],[39.655237,48.467688],[39.655237,48.46768721660305],[39.656114,48.467755],[39.656236,48.466267],[39.655066,48.466172],[39.655066,48.46617317511033],[39.649744,48.46574290573698],[39.649744,48.465742]]]}},{"type":"Feature","properties":{"cadnum":"4421480800:02:005:0023"},"geometry":{"type":"Polygon","coordinates":[[[39.618121,48.389033],[39.61811794837521,48.38904300382264],[39.618086,48.389147],[39.61808622477064,48.389147],[39.617855,48.389905],[39.617855,48.391327],[39.617431,48.392795],[39.617432195148844,48.392795],[39.616943,48.394495],[39.61853,48.394659],[39.618826,48.396177],[39.616785,48.39622219159512],[39.616785,48.396222],[39.616094,48.396237],[39.616026,48.396442],[39.6160266626232,48.396442],[39.615632,48.397647],[39.616785,48.39777],[39.616785,48.3977692097166],[39.621553,48.398274],[39.621801,48.396328],[39.621800579633074,48.396328],[39.622107,48.39393206029107],[39.622107,48.393947],[39.62225259241706,48.392795],[39.622253,48.392795],[39.622278,48.392606],[39.622278,48.39259946985446],[39.622719424242426,48.389147],[39.622721,48.389147],[39.622836,48.388247],[39.62225635165422,48.38821996564643],[39.618427,48.388037],[39.61812102162162,48.389033],[39.618121,48.389033]]]}},{"type":"Feature","properties":{"cadnum":"4421480800:02:004:0068"},"geometry":{"type":"Polygon","coordinates":[[[39.62273556666666,48.389033],[39.622734,48.389033],[39.622267575757576,48.392681],[39.622267,48.392681],[39.621786,48.396442],[39.6217864717369,48.396442],[39.621553,48.398274],[39.622278,48.398344],[39.622278,48.39834351430085],[39.627771,48.398874],[39.627771,48.39887347803496],[39.629717,48.399061],[39.628725,48.396328],[39.62872466791045,48.396328],[39.6276,48.393226],[39.6276,48.393228518918924],[39.62744243418467,48.392795],[39.627443,48.392795],[39.626078,48.389033],[39.626077887714665,48.389033],[39.625846,48.38839],[39.622836,48.388247],[39.62273556666666,48.389033]]]}},{"type":"Feature","properties":{"cadnum":"4421480800:13:002:0011"},"geometry":{"type":"Polygon","coordinates":[[[39.759607,48.41758333823529],[39.76084419417476,48.418208],[39.760842,48.418208],[39.762834,48.419213],[39.763522,48.419013],[39.76283257888199,48.418321],[39.762834,48.418321],[39.761465,48.416944],[39.760706,48.415316],[39.760688,48.41532],[39.760679,48.41532],[39.75953161538519,48.41520646153852],[39.759327,48.415186],[39.759308,48.415183],[39.759287,48.415174],[39.759277,48.415165],[39.756448,48.415988],[39.759607,48.417584],[39.759607,48.41758333823529]]]}},{"type":"Feature","properties":{"cadnum":"4421480800:01:002:0005"},"geometry":{"type":"Polygon","coordinates":[[[39.63868673800007,48.45690005799999],[39.637093,48.457125],[39.636482,48.457861],[39.63647566423358,48.458295],[39.636475,48.458295],[39.636455,48.459723],[39.63637130742808,48.461938],[39.636371,48.461938],[39.636316,48.463413],[39.636887,48.463303],[39.638629,48.46277],[39.63864884855769,48.462052],[39.638649,48.462052],[39.63865,48.462052],[39.63875467548078,48.45830661160687],[39.638758,48.458214],[39.638758,48.45816638636353],[39.638795,48.456884],[39.63868673800007,48.45690005799999]]]}},{"type":"Feature","properties":{"cadnum":"4421480800:19:001:0006"},"geometry":{"type":"Polygon","coordinates":[[[39.677038,48.35242773103448],[39.677038,48.352428],[39.67708184245705,48.35234291855723],[39.67721,48.352095],[39.67721,48.352094213776724],[39.677459,48.351611],[39.677494,48.351501],[39.677038,48.351351],[39.677038,48.35135142437592],[39.675167,48.350736],[39.675159,48.350755],[39.675334,48.351008],[39.675253,48.351324],[39.67515,48.351548],[39.674781,48.352071],[39.674294,48.352656],[39.6742951484375,48.352656],[39.673538,48.353566],[39.672832,48.354112],[39.67228,48.354713],[39.674368,48.355399],[39.674678,48.354999],[39.674823,48.354853],[39.675272,48.354479],[39.675635,48.354231],[39.675963,48.354067],[39.675989,48.354058],[39.676183,48.354038],[39.676205,48.354041],[39.676919212808535,48.352656],[39.67692,48.352656],[39.677038,48.35242773103448]]]}},{"type":"Feature","properties":{"cadnum":"4421480800:19:001:0023"},"geometry":{"type":"Polygon","coordinates":[[[39.674301,48.346173],[39.674238,48.346602],[39.674899,48.346847],[39.676048,48.347104],[39.677038,48.34743541996558],[39.677038,48.347436],[39.67807,48.347781],[39.678735,48.347921],[39.679211,48.348107],[39.679974,48.348366],[39.680221,48.348465],[39.68067,48.348656],[39.680939,48.349005],[39.68094040816326,48.349005],[39.680966,48.349038],[39.681138,48.349098],[39.681148782608695,48.349005],[39.681149,48.349005],[39.681316,48.347602],[39.681475,48.346492],[39.677038,48.346295],[39.677038,48.3462953135098],[39.674301,48.346173]]]}},{"type":"Feature","properties":{"cadnum":"4421480800:19:001:0002"},"geometry":{"type":"Polygon","coordinates":[[[39.68032,48.348689],[39.680014,48.348461],[39.679983,48.348477],[39.679934,48.348483],[39.679888,48.348479],[39.679875,48.348474],[39.679125,48.348217],[39.679121,48.348217],[39.678771,48.348083],[39.678501,48.349005],[39.678502026905825,48.349005],[39.678406,48.349337],[39.681115,48.350226],[39.681222,48.350059],[39.681289,48.34982],[39.681268,48.349608],[39.681159,48.349477],[39.68085,48.349337],[39.680544,48.349056],[39.680443,48.348891],[39.68044273417722,48.348891],[39.68032,48.348689]]]}},{"type":"Feature","properties":{"cadnum":"4421480800:19:001:0001"},"geometry":{"type":"Polygon","coordinates":[[[39.680504,48.351178],[39.681115,48.350226],[39.678406,48.349337],[39.67771,48.351718],[39.677258,48.352656],[39.67725817372881,48.352656],[39.677086,48.353014],[39.676417,48.354065],[39.676421,48.354065],[39.676803,48.354184],[39.677038,48.3541874457478],[39.677038,48.354189],[39.677144,48.354189],[39.67721,48.354172],[39.67721,48.35417116993464],[39.677603,48.354065],[39.677719,48.353892],[39.677723,48.353886],[39.677813,48.353796],[39.677817,48.35379],[39.67784,48.353781],[39.678798,48.353492],[39.678825,48.353488],[39.678846,48.353492],[39.678865,48.353497],[39.679054,48.353342],[39.679399,48.352933],[39.67957256777493,48.352656],[39.679573,48.352656],[39.680504,48.351178]]]}},{"type":"Feature","properties":{"cadnum":"4421480800:19:001:0003"},"geometry":{"type":"Polygon","coordinates":[[[39.67721,48.347634],[39.675972,48.34722],[39.674831,48.346963],[39.674827,48.346963],[39.674813,48.346957],[39.672146,48.345976],[39.672069,48.346122],[39.672527,48.346223],[39.67223,48.346832],[39.671741,48.34676],[39.671634,48.346921],[39.677038,48.34869842754662],[39.677038,48.348699],[39.67796678212199,48.349003290502495],[39.678236,48.349092],[39.678297,48.348891],[39.67829642307692,48.348891],[39.678568,48.348017],[39.678555,48.348017],[39.678006,48.347901],[39.678006,48.347897],[39.678002,48.347897],[39.677989,48.347895],[39.67721,48.34763451419558],[39.67721,48.347634]],[[39.674934,48.347461],[39.675044,48.347334],[39.675083,48.347288],[39.675389,48.347375],[39.675249,48.347596],[39.674934,48.347461]]]}},{"type":"Feature","properties":{"cadnum":"4421480800:19:001:0004"},"geometry":{"type":"Polygon","coordinates":[[[39.673398,48.349005],[39.67339875347475,48.349005],[39.677038,48.35020145262145],[39.677038,48.350202],[39.677813,48.350456],[39.678236,48.349092],[39.677971970149244,48.349005],[39.677972,48.349005],[39.67796678212199,48.349003290502495],[39.677626,48.348891],[39.677624039215694,48.348891],[39.67721,48.34875535117773],[39.67721,48.348755],[39.671634,48.346921],[39.671534,48.347065],[39.671545,48.34750107142859],[39.671545,48.34751],[39.671548,48.34762],[39.671575,48.347623],[39.671597,48.347632],[39.671611,48.347647],[39.67162,48.347665],[39.671615,48.347682],[39.671355,48.348118],[39.671341,48.348131],[39.671165,48.348271],[39.671717,48.348453],[39.671717,48.3484525288721],[39.673398,48.349005]]]}},{"type":"Feature","properties":{"cadnum":"4421480800:19:002:0018"},"geometry":{"type":"Polygon","coordinates":[[[39.686536,48.35131],[39.686307,48.349924],[39.686299,48.349928],[39.686262,48.349924],[39.682703,48.349275320054566],[39.682703,48.349275],[39.682597,48.349256],[39.682584,48.349253],[39.682574,48.34925],[39.68227,48.349665],[39.681968,48.350125],[39.681578,48.350665],[39.681263,48.351122],[39.680805,48.352068],[39.680787,48.352264],[39.682531,48.351974546972855],[39.682531,48.351975],[39.686536,48.35131]],[[39.684146,48.349984],[39.684146,48.349981],[39.684142,48.349981],[39.684142,48.349978],[39.684138,48.349978],[39.684138,48.349975],[39.684133,48.349975],[39.684133,48.34997],[39.684129,48.34997],[39.684129,48.349948],[39.684133,48.349948],[39.684133,48.349945],[39.684138,48.349945],[39.684138,48.349939],[39.684146,48.349939],[39.684146,48.349937],[39.684151,48.349937],[39.684151,48.349934],[39.684182,48.349934],[39.684182,48.349937],[39.684192,48.349937],[39.684192,48.349939],[39.684196,48.349939],[39.684196,48.349943],[39.684201,48.349943],[39.684201,48.349945],[39.684205,48.349945],[39.684205,48.349952],[39.684209,48.349952],[39.684209,48.349966],[39.684205,48.349966],[39.684205,48.349975],[39.684201,48.349975],[39.684201,48.349978],[39.684196,48.349978],[39.684196,48.349981],[39.684192,48.349981],[39.684192,48.349984],[39.684182,48.349984],[39.684178,48.349987],[39.684155,48.349987],[39.684155,48.349984],[39.684146,48.349984]]]}},{"type":"Feature","properties":{"cadnum":"4421480800:19:001:0005"},"geometry":{"type":"Polygon","coordinates":[[[39.670592,48.348722],[39.670586,48.348722],[39.670582,48.348724],[39.670098,48.349005],[39.67009934269664,48.349005],[39.669684,48.349247],[39.669621,48.349319],[39.670047,48.349461],[39.670075,48.349453],[39.670089,48.349474],[39.671545,48.34995247665848],[39.671545,48.349953],[39.674678,48.350981],[39.674823,48.350757],[39.675154,48.350746],[39.675159,48.350755],[39.675167,48.350736],[39.67721,48.351408],[39.67721,48.35140757894737],[39.677494,48.351501],[39.677813,48.350456],[39.67721,48.3502583716129],[39.67721,48.350258],[39.673052,48.348891],[39.67305113300493,48.348891],[39.671545,48.348396],[39.671545,48.348396289855074],[39.671165,48.348271],[39.670592,48.348722]]]}},{"type":"Feature","properties":{"cadnum":"4421480800:19:002:0017"},"geometry":{"type":"Polygon","coordinates":[[[39.686536,48.35131],[39.682703,48.35194644069913],[39.682703,48.351946],[39.680787,48.352264],[39.68076288775511,48.352542],[39.680762,48.352542],[39.68072,48.353052],[39.680557,48.353223],[39.680077,48.353542],[39.679282,48.354047],[39.682531,48.353506608009354],[39.682531,48.353507],[39.687147,48.35274],[39.687107969696974,48.352656],[39.687109,48.352656],[39.686563,48.351474],[39.686536,48.35131]]]}},{"type":"Feature","properties":{"cadnum":"4421480800:19:002:0036"},"geometry":{"type":"Polygon","coordinates":[[[39.681511799999996,48.348891],[39.681511,48.348891],[39.681501,48.348952],[39.68191,48.348939],[39.682191,48.349005],[39.68219170731705,48.349005],[39.682435,48.349062],[39.682531,48.349079552238805],[39.682531,48.34908],[39.68266390850617,48.34910385267464],[39.682703,48.349111],[39.682703,48.349110868302986],[39.68632,48.34976],[39.687695,48.350032],[39.687748,48.349644],[39.687776,48.349468],[39.68524113518196,48.349005],[39.685242,48.349005],[39.682531,48.34851],[39.682531,48.348511398537475],[39.681609,48.348342],[39.681511799999996,48.348891]]]}},{"type":"Feature","properties":{"cadnum":"4421480800:10:001:0012"},"geometry":{"type":"Polygon","coordinates":[[[39.646476,48.43551],[39.646454638379936,48.436433],[39.646454,48.436433],[39.646445,48.436869],[39.646462,48.436997],[39.649744,48.437063],[39.649744,48.43706245048248],[39.65351,48.437138],[39.65351754468085,48.436547],[39.653518,48.436547],[39.653527,48.43593],[39.653533,48.43565],[39.649744,48.435575387023476],[39.649744,48.435575],[39.646476,48.43551]]]}},{"type":"Feature","properties":{"cadnum":"4421480800:10:001:0004"},"geometry":{"type":"Polygon","coordinates":[[[39.645816,48.43776],[39.645816,48.437754],[39.645879,48.436875],[39.644225,48.43689],[39.643996,48.436893],[39.643999,48.440191],[39.643999076484405,48.440191],[39.644001,48.443058],[39.644078,48.443091],[39.644251,48.443155],[39.644251,48.44315427272728],[39.645025,48.443439],[39.645896,48.443616],[39.645852,48.442724],[39.645868,48.440077],[39.645867772009034,48.440077],[39.645879,48.438419],[39.645816,48.43776]]]}},{"type":"Feature","properties":{"cadnum":"4421480800:10:001:0014"},"geometry":{"type":"Polygon","coordinates":[[[39.64648,48.438523],[39.64645005966438,48.440077],[39.646449,48.440077],[39.646449,48.440132],[39.649572,48.44019360698027],[39.649572,48.440194],[39.65346,48.440269],[39.653462,48.440077],[39.653461738983054,48.440077],[39.653478,48.439011],[39.653483,48.43866],[39.649744,48.43858734236768],[39.649744,48.438587],[39.64648,48.438523]]]}},{"type":"Feature","properties":{"cadnum":"4421480800:10:001:0013"},"geometry":{"type":"Polygon","coordinates":[[[39.646462,48.436997],[39.646539,48.437546],[39.646512,48.438067],[39.646489,48.43807],[39.64648,48.438523],[39.649572,48.43858362745098],[39.649572,48.438584],[39.653483,48.43866],[39.653504,48.437445],[39.65351,48.437138],[39.649572,48.437059],[39.649572,48.43705954113346],[39.646462,48.436997]]]}},{"type":"Feature","properties":{"cadnum":"4421480800:10:001:0006"},"geometry":{"type":"Polygon","coordinates":[[[39.643843,48.431365],[39.64383,48.431371],[39.642407,48.431791],[39.642204,48.431923],[39.642204,48.432788],[39.642204,48.432902],[39.64220409098164,48.432902],[39.642207,48.436547],[39.642207238493725,48.436547],[39.642208,48.436911],[39.643996,48.436893],[39.644079,48.436891912663754],[39.644079,48.436892],[39.644225,48.43689],[39.644224,48.436433],[39.64422390901836,48.436433],[39.644221,48.432788],[39.644221,48.431192],[39.643843,48.431365]]]}},{"type":"Feature","properties":{"cadnum":"4421480800:10:001:0015"},"geometry":{"type":"Polygon","coordinates":[[[39.646449,48.440132],[39.646409,48.442075],[39.649572,48.44213949295352],[39.649572,48.44214],[39.653429,48.442218],[39.653451,48.44063],[39.65346,48.440269],[39.649744,48.44019731790123],[39.649744,48.440197],[39.64943984615389,48.440191],[39.649453,48.440191],[39.646449,48.440132]]]}},{"type":"Feature","properties":{"cadnum":"4421480800:10:001:0005"},"geometry":{"type":"Polygon","coordinates":[[[39.64612,48.430891],[39.646175,48.430041],[39.645927,48.430024],[39.644715,48.430962],[39.644706,48.430969],[39.644221,48.431192],[39.644221,48.432788],[39.644221,48.432902],[39.644221090981645,48.432902],[39.644224,48.436547],[39.644224249452954,48.436547],[39.644225,48.43689],[39.645879,48.436875],[39.645906,48.436433],[39.64590516766467,48.436433],[39.645919,48.436213],[39.645923,48.435952],[39.645912,48.43521],[39.646028,48.432788],[39.64602755544505,48.432788],[39.64612,48.430891]],[[39.645843,48.436071],[39.64587,48.436058],[39.645871,48.436059],[39.645896,48.436067],[39.645896,48.436089],[39.64587,48.4361],[39.645843,48.436091],[39.645843,48.436071]]]}},{"type":"Feature","properties":{"cadnum":"4421480800:14:003:0046"},"geometry":{"type":"Polygon","coordinates":[[[39.79963,48.403241],[39.799638,48.403057],[39.797888,48.403472],[39.797888,48.40347236024845],[39.79725400000002,48.403622],[39.797252,48.403622],[39.796821869703855,48.40372399348605],[39.796771,48.403736],[39.79677123543688,48.403736],[39.793777,48.404446],[39.794033,48.404864],[39.794083,48.404932],[39.797888,48.40403051358149],[39.797888,48.404031],[39.79946176179209,48.4036572087265],[39.79981,48.403575],[39.79963,48.403241]]]}},{"type":"Feature","properties":{"cadnum":"4421480800:14:001:0084"},"geometry":{"type":"Polygon","coordinates":[[[39.789852,48.401652],[39.791233,48.403736],[39.79123353505883,48.403736],[39.792566,48.405747],[39.792566,48.40574599761147],[39.793651,48.407383],[39.79365155813954,48.407383],[39.793804,48.407613],[39.79421914155051,48.4073129817366],[39.795089,48.406686],[39.79508,48.406656],[39.794801,48.406173],[39.79428,48.405448],[39.793697,48.40492],[39.793691,48.404912],[39.792837,48.403622],[39.792836535211265,48.403622],[39.792395,48.402955],[39.792395,48.40295587204874],[39.791253,48.401232],[39.789852,48.401652]]]}},{"type":"Feature","properties":{"cadnum":"4421480800:14:003:0006"},"geometry":{"type":"Polygon","coordinates":[[[39.797888,48.399122],[39.797888,48.39912222535211],[39.797846,48.39904],[39.797554,48.398536],[39.792395,48.399759],[39.792395,48.39975940229885],[39.791,48.400089],[39.79100357499998,48.400089],[39.790974,48.400096],[39.791613,48.401077],[39.7919,48.401524],[39.792395,48.40140656756757],[39.792395,48.401407],[39.795022,48.400785],[39.797888,48.400103652617716],[39.797888,48.400104],[39.798336,48.399997],[39.797888,48.399122]],[[39.792691,48.400089],[39.79269162559242,48.400089],[39.792793,48.400244],[39.792649,48.400373],[39.792566,48.40041809448819],[39.792566,48.400418],[39.792393,48.400511],[39.792206,48.400511],[39.791967,48.400489],[39.79176,48.4004],[39.791693,48.400286],[39.791688,48.400144],[39.791737,48.400024],[39.791857,48.399976],[39.79185535616438,48.399976],[39.792097,48.399878],[39.792246,48.399863],[39.792529,48.399926],[39.792566,48.399959],[39.792566,48.39995742063492],[39.792587878504676,48.399976],[39.792586,48.399976],[39.792655,48.400033],[39.792691,48.400089]]]}},{"type":"Feature","properties":{"cadnum":"4421480800:11:002:0011"},"geometry":{"type":"Polygon","coordinates":[[[39.715662,48.432444427007944],[39.720984,48.43248858128862],[39.720984,48.432489],[39.72113850800447,48.43248986317321],[39.721155,48.43249],[39.721155,48.43248995530726],[39.721342,48.432491],[39.721332,48.43242],[39.721328,48.431672],[39.721332,48.430867],[39.721147734072886,48.43086594100042],[39.715662,48.43082139664607],[39.715662,48.430821],[39.715126,48.430817],[39.715093,48.431499],[39.714887,48.432343],[39.714887,48.432438],[39.715662,48.432445],[39.715662,48.432444427007944]],[[39.720569,48.431845],[39.72073,48.431406],[39.720965,48.431398],[39.720923,48.432199],[39.720686,48.432179],[39.720569,48.431845]]]}},{"type":"Feature","properties":{"cadnum":"4421480800:11:002:0003"},"geometry":{"type":"Polygon","coordinates":[[[39.710169,48.431032],[39.707929,48.430856],[39.707939,48.431091],[39.707952,48.431702],[39.709997,48.43185512133514],[39.709997,48.431856],[39.712116,48.432014],[39.712227,48.431672],[39.712636,48.43177],[39.713036,48.431579],[39.714573,48.432113],[39.71456,48.432303],[39.71482,48.432334],[39.715026,48.431493],[39.71503,48.431413],[39.710169,48.431032464732766],[39.710169,48.431032]],[[39.713436,48.43149],[39.713459,48.431442],[39.713535,48.431433],[39.713581,48.431472],[39.713558,48.43152],[39.713481,48.431526],[39.713436,48.43149]]]}},{"type":"Feature","properties":{"cadnum":"4421480800:11:002:0005"},"geometry":{"type":"Polygon","coordinates":[[[39.710169,48.429424],[39.707983,48.429252],[39.707885,48.429767],[39.707929,48.430856],[39.709997,48.43101848571429],[39.709997,48.431019],[39.71503,48.431413],[39.715103,48.429809],[39.710169,48.42942440697219],[39.710169,48.429424]]]}},{"type":"Feature","properties":{"cadnum":"4421480800:11:002:0004"},"geometry":{"type":"Polygon","coordinates":[[[39.710169,48.432738524655704],[39.71218703541264,48.432897206249685],[39.714636,48.433091],[39.71469502024248,48.43284933603417],[39.714816,48.43236],[39.714478,48.432321],[39.712883,48.432396],[39.712539,48.432372],[39.711667,48.43236],[39.712097,48.432038],[39.710169,48.43189477714286],[39.710169,48.431894],[39.707956,48.431729],[39.707965,48.432012],[39.707992,48.432566],[39.710169,48.432739],[39.710169,48.432738524655704]]]}},{"type":"Feature","properties":{"cadnum":"4421480800:19:003:0002"},"geometry":{"type":"Polygon","coordinates":[[[39.704676,48.359921],[39.703285,48.359819],[39.70327106569343,48.359842],[39.70327,48.359842],[39.703191,48.359974],[39.702765,48.361252],[39.702724,48.361526],[39.702805,48.361866],[39.703137,48.362466],[39.703505,48.362803],[39.704206,48.363338],[39.704414,48.363606],[39.704414666666665,48.363606],[39.704504,48.36372085714286],[39.704504,48.363721],[39.70457099999946,48.363806999999305],[39.704676,48.363942],[39.704676,48.363941776119404],[39.704705,48.363979],[39.705122,48.364256],[39.705665,48.364382],[39.705891,48.364388],[39.706065,48.363492],[39.706064568527914,48.363492],[39.70612,48.363212],[39.706623,48.360374],[39.706667,48.360069],[39.704676,48.359922643550625],[39.704676,48.359922],[39.704676,48.359921]],[[39.704619,48.362066],[39.704629,48.362031],[39.704676,48.362039],[39.704676,48.362038094339624],[39.704682,48.362039],[39.704669,48.362072],[39.704619,48.362066]],[[39.703864,48.360619],[39.703914,48.360624],[39.703905,48.360657],[39.703856,48.360651],[39.703864,48.360619]],[[39.703518,48.360926],[39.703573,48.360932],[39.70356,48.360967],[39.70351,48.360959],[39.703518,48.360926]],[[39.705742,48.363135],[39.705791,48.363143],[39.705782,48.363176],[39.705728,48.36317],[39.705742,48.363135]],[[39.705222,48.361825],[39.705271,48.361834],[39.705262,48.361866],[39.705208,48.36186],[39.705222,48.361825]]]}},{"type":"Feature","properties":{"cadnum":"4421480800:03:003:0013"},"geometry":{"type":"Polygon","coordinates":[[[39.646562,48.441741],[39.646566,48.44217],[39.646975,48.442295],[39.6475,48.442313],[39.648344,48.442245],[39.649744,48.442505],[39.649744,48.44250487506507],[39.651493,48.442829],[39.65338,48.44358],[39.655066,48.443575460420035],[39.655066,48.443576],[39.655804,48.443574],[39.660148,48.443827],[39.660345,48.443839],[39.66043938709568,48.4437901505382],[39.660559,48.443728761904765],[39.660559,48.443729],[39.663651,48.44214],[39.661959,48.44152],[39.66073,48.442152057142856],[39.66073,48.442152],[39.660206,48.442421],[39.655237,48.44217351673152],[39.655237,48.442173],[39.649572,48.441891],[39.649572,48.4418914054054],[39.646562,48.441741]]]}},{"type":"Feature","properties":{"cadnum":"4421480800:03:003:0034"},"geometry":{"type":"Polygon","coordinates":[[[39.65094,48.443287],[39.650896,48.443115],[39.650864,48.442989],[39.650828,48.442993],[39.650854,48.443115],[39.650653,48.443108],[39.650648,48.443177],[39.650608,48.443174],[39.650608,48.443228],[39.650267,48.44324],[39.65028,48.443443],[39.65046,48.443437],[39.65048426130654,48.443721],[39.650484,48.443721],[39.6505,48.44391],[39.650936,48.443848],[39.650936,48.443835],[39.65094,48.443287]]]}},{"type":"Feature","properties":{"cadnum":"4421480800:10:001:0016"},"geometry":{"type":"Polygon","coordinates":[[[39.655237,48.440665],[39.653451,48.44063],[39.653429,48.442218],[39.655066,48.44225059513274],[39.655066,48.442251],[39.65982,48.442346],[39.659847,48.440755],[39.655237,48.44066532629157],[39.655237,48.440665]],[[39.653755,48.440714],[39.653757,48.440713],[39.653779,48.440713],[39.653793,48.440725],[39.653779,48.440737],[39.653757,48.440737],[39.653747,48.440725],[39.653755,48.440714]],[[39.653753,48.441175],[39.653774,48.441175],[39.653787,48.44119],[39.653774,48.441202],[39.653753,48.441202],[39.653743,48.441187],[39.653753,48.441175]],[[39.653757,48.441652],[39.653779,48.441652],[39.653787,48.441666],[39.653774,48.441679],[39.653753,48.441679],[39.653743,48.441664],[39.653757,48.441652]],[[39.653757,48.442125],[39.653779,48.442125],[39.653787,48.44214],[39.653779,48.442152],[39.653757,48.442152],[39.653743,48.442138],[39.653757,48.442125]]]}},{"type":"Feature","properties":{"cadnum":"4421480800:10:001:0017"},"geometry":{"type":"Polygon","coordinates":[[[39.653478,48.439011],[39.65346,48.440191],[39.6534608125,48.440191],[39.65346,48.440269],[39.653451,48.44063],[39.655066,48.44066164893617],[39.655066,48.440662],[39.659847,48.440755],[39.659847,48.440618],[39.6598,48.440077],[39.65979995238096,48.440077],[39.659789,48.439939],[39.659785,48.439134],[39.655237,48.43904629752066],[39.655237,48.439046],[39.653478,48.439011]],[[39.653779,48.439271],[39.653793,48.439285],[39.653779,48.439298],[39.653757,48.439298],[39.653747,48.439283],[39.653761,48.439271],[39.653779,48.439271]],[[39.653779,48.439762],[39.653793,48.439775],[39.653779,48.439786],[39.653757,48.439786],[39.653747,48.439775],[39.653757,48.439762],[39.653779,48.439762]],[[39.653779,48.440239],[39.653793,48.440252],[39.653779,48.440263],[39.653757,48.440263],[39.653747,48.440252],[39.653757,48.440239],[39.653779,48.440239]]]}},{"type":"Feature","properties":{"cadnum":"4421480800:03:003:0009"},"geometry":{"type":"Polygon","coordinates":[[[39.651331,48.443341],[39.651111,48.443117],[39.650896,48.443115],[39.650833,48.442843],[39.650797,48.442843],[39.650854,48.443115],[39.650271,48.443103],[39.65030730327869,48.443721],[39.650307,48.443721],[39.65031023750003,48.443770950000484],[39.650314,48.443835],[39.65031438888889,48.443835],[39.650321,48.443937],[39.6513,48.443794],[39.651331,48.443341]]]}},{"type":"Feature","properties":{"cadnum":"4421480800:10:003:0031"},"geometry":{"type":"Polygon","coordinates":[[[39.652598,48.420886],[39.65259,48.421967],[39.65259031088083,48.421967],[39.652584,48.423011],[39.655237,48.423038],[39.655237,48.42303765617434],[39.657957,48.423064],[39.657966,48.421853],[39.657965995150334,48.421853],[39.657974,48.420936],[39.655237,48.42091152888583],[39.655237,48.420911],[39.652598,48.420886]]]}},{"type":"Feature","properties":{"cadnum":"4421480800:10:003:0033"},"geometry":{"type":"Polygon","coordinates":[[[39.653105,48.417025],[39.65307,48.418],[39.653061,48.418321],[39.653062121019104,48.418321],[39.653057,48.418522],[39.655237,48.418528],[39.655237,48.41852740188014],[39.657619,48.418533],[39.65828,48.418518],[39.660559,48.41863573078538],[39.660559,48.418637],[39.660661,48.418641],[39.66065065357967,48.418321],[39.660651,48.418321],[39.660615,48.417031],[39.655237,48.41702712326545],[39.655237,48.417027],[39.653105,48.417025]]]}},{"type":"Feature","properties":{"cadnum":"4421480800:10:003:0032"},"geometry":{"type":"Polygon","coordinates":[[[39.652607,48.418772],[39.652598,48.420886],[39.655066,48.4209093800682],[39.655066,48.42091],[39.657974,48.420936],[39.657997,48.418805],[39.655066,48.418787],[39.655066,48.418787894676804],[39.652607,48.418772]]]}},{"type":"Feature","properties":{"cadnum":"4421480800:17:006:0047"},"geometry":{"type":"Polygon","coordinates":[[[39.722374,48.373282],[39.722235,48.373282],[39.72228,48.374554],[39.72228038461539,48.374554],[39.72229,48.374804],[39.722414,48.375452],[39.72256640872727,48.378088],[39.722566,48.378088],[39.72256907945203,48.3781341917804],[39.722573,48.378202],[39.722573600000004,48.378202],[39.722577,48.378253],[39.722577,48.378343],[39.722711,48.378346],[39.722702627906976,48.378202],[39.722703,48.378202],[39.72255,48.375443],[39.722424,48.374801],[39.722412,48.37444],[39.72241041509434,48.37444],[39.722374,48.373282]]]}},{"type":"Feature","properties":{"cadnum":"4421480800:17:006:0001"},"geometry":{"type":"Polygon","coordinates":[[[39.721256,48.378023],[39.721566,48.377758],[39.721575,48.377755],[39.721592,48.377746],[39.721606,48.377743],[39.722351,48.377636],[39.722317,48.375861],[39.721827,48.375425],[39.721822,48.375416],[39.721814,48.375401],[39.721818,48.375383],[39.721822,48.375377],[39.721948,48.375219],[39.72099601246106,48.37525751401869],[39.720982,48.375258],[39.720349,48.375282],[39.7206,48.378202],[39.720600866749685,48.378202],[39.72073,48.379694],[39.721155,48.379669],[39.721155,48.37966858747856],[39.72215,48.379608],[39.722351,48.379593],[39.722477,48.379026],[39.721791,48.379035],[39.721764,48.379032],[39.721413,48.378948],[39.721409,48.378948],[39.721391,48.378939],[39.721386,48.378939],[39.721179,48.378806],[39.721171,48.378797],[39.721085,48.378698],[39.721081,48.378695],[39.721076,48.37868],[39.721032,48.378414],[39.721032,48.378408],[39.721036,48.378393],[39.721155,48.37819],[39.721155,48.37818909550562],[39.72117350091738,48.3781573944955],[39.721248,48.378032],[39.721256,48.378023]]]}},{"type":"Feature","properties":{"cadnum":"4421480800:17:004:0026"},"geometry":{"type":"Polygon","coordinates":[[[39.72108600638105,48.381420247037376],[39.721155,48.381397],[39.721155,48.38139674132492],[39.721301,48.381347],[39.721592,48.381194],[39.721814,48.380619],[39.722357,48.379879],[39.722181,48.379894],[39.720984,48.379963],[39.720984,48.37996387689615],[39.719441,48.380053],[39.720147,48.381744],[39.720232,48.381708],[39.720984,48.38145461755146],[39.720984,48.381455],[39.72108600638105,48.381420247037376]]]}},{"type":"Feature","properties":{"cadnum":"4421480800:17:007:0065"},"geometry":{"type":"Polygon","coordinates":[[[39.725137,48.374067],[39.723552,48.373435],[39.722428,48.373704],[39.72246752267303,48.37444],[39.722467,48.37444],[39.722473,48.374542],[39.722502,48.374554],[39.722502254901976,48.374554],[39.723592,48.375001],[39.724229,48.37479],[39.725537,48.374903],[39.725437,48.376466],[39.725336092165904,48.378088],[39.725335,48.378088],[39.725326,48.378253],[39.726265,48.378196],[39.726477,48.378183268929504],[39.726477,48.378184],[39.727697,48.378107],[39.728066,48.37751],[39.728343,48.377325],[39.728231,48.376243],[39.727584,48.376212],[39.727504,48.375601],[39.727487,48.375049],[39.727499,48.37444],[39.7274984,48.37444],[39.727508,48.373984],[39.726961,48.373992],[39.726477,48.374067],[39.726477,48.37406712261306],[39.725653,48.374193],[39.725137,48.374067]]]}},{"type":"Feature","properties":{"cadnum":"4421480800:17:006:0044"},"geometry":{"type":"Polygon","coordinates":[[[39.72242,48.377952],[39.721651,48.377848],[39.721417779661024,48.378088],[39.721417,48.378088],[39.72132628971924,48.37818214953312],[39.721307,48.378202],[39.72130716438356,48.378202],[39.721206,48.378307],[39.721225,48.378802],[39.722055,48.378957],[39.722496,48.378459],[39.722577,48.378343],[39.722577,48.378253],[39.722542199999744,48.378186999999514],[39.72242,48.377952]]]}},{"type":"Feature","properties":{"cadnum":"4421480800:17:004:0025"},"geometry":{"type":"Polygon","coordinates":[[[39.722414,48.379879],[39.721881,48.380628],[39.721655,48.381203],[39.721399,48.381475],[39.721112702532515,48.3815722721516],[39.720624509090904,48.381737],[39.720624,48.381737],[39.72034,48.381833],[39.720298,48.381851],[39.72029838510912,48.381851],[39.718539,48.382612],[39.71672,48.383352],[39.715662,48.38373223279524],[39.715662,48.383732],[39.715543,48.383775],[39.714684,48.384142],[39.714663,48.384151],[39.71549,48.38404421021021],[39.71549,48.384045],[39.721155,48.383315],[39.721155,48.38331490183028],[39.722787,48.383104],[39.722719,48.381737],[39.72271832605384,48.381737],[39.722626,48.379882],[39.722414,48.379879]]]}},{"type":"Feature","properties":{"cadnum":"4421480800:17:006:0048"},"geometry":{"type":"Polygon","coordinates":[[[39.72242,48.377952],[39.721651,48.377848],[39.721417779661024,48.378088],[39.721417,48.378088],[39.72132628971924,48.37818214953312],[39.721307,48.378202],[39.72130716438356,48.378202],[39.721206,48.378307],[39.721225,48.378802],[39.722055,48.378957],[39.722496,48.378459],[39.722577,48.378343],[39.722577,48.378253],[39.722542199999744,48.378186999999514],[39.72242,48.377952]]]}},{"type":"Feature","properties":{"cadnum":"4421480800:17:006:0051"},"geometry":{"type":"Polygon","coordinates":[[[39.722374,48.373282],[39.722235,48.373282],[39.72228,48.374554],[39.72228038461539,48.374554],[39.72229,48.374804],[39.722414,48.375452],[39.72256640872727,48.378088],[39.722566,48.378088],[39.72256907945203,48.3781341917804],[39.722573,48.378202],[39.722573600000004,48.378202],[39.722577,48.378253],[39.722577,48.378343],[39.722711,48.378346],[39.722702627906976,48.378202],[39.722703,48.378202],[39.72255,48.375443],[39.722424,48.374801],[39.722412,48.37444],[39.72241041509434,48.37444],[39.722374,48.373282]]]}},{"type":"Feature","properties":{"cadnum":"4421480800:19:001:0007"},"geometry":{"type":"Polygon","coordinates":[[[39.671717,48.350009],[39.670089,48.349474],[39.670089,48.349507],[39.670026,48.349521],[39.669999,48.34947],[39.670047,48.349461],[39.669621,48.349319],[39.669288,48.349686],[39.669284,48.349691],[39.668867,48.35002],[39.668305,48.350769],[39.668274,48.350855],[39.671545,48.35193044931746],[39.671545,48.351931],[39.67340617291065,48.352542],[39.673402,48.352542],[39.673659,48.352625],[39.673794,48.352369],[39.674678,48.350981],[39.671717,48.350009436642196],[39.671717,48.350009]],[[39.670007,48.350543],[39.670083,48.350527],[39.67011,48.350578],[39.670034,48.350593],[39.670007,48.350543]]]}},{"type":"Feature","properties":{"cadnum":"4421480800:09:001:0031"},"geometry":{"type":"Polygon","coordinates":[[[39.764373096824166,48.46558],[39.764372,48.46558],[39.764362,48.465609],[39.764356,48.465694],[39.764356801812006,48.465694],[39.764254,48.467375],[39.764285,48.468735],[39.764294723793675,48.469222],[39.764294,48.469222],[39.764331,48.470915],[39.764929,48.47094455006502],[39.764929,48.470945],[39.76756,48.47107],[39.767443,48.469402],[39.767284,48.469222],[39.767283316814165,48.469222],[39.766885,48.468771],[39.766702,48.467723],[39.765983,48.466556],[39.766069,48.465772],[39.7660573818182,48.46568938181833],[39.765956,48.464932],[39.765696,48.464574],[39.766092,48.463342],[39.766006,48.463038],[39.765031,48.462785],[39.764856,48.464318],[39.764373096824166,48.46558]]]}},{"type":"Feature","properties":{"cadnum":"4421480800:17:004:0030"},"geometry":{"type":"Polygon","coordinates":[[[39.709807,48.380613],[39.708895,48.380667],[39.7077,48.380736],[39.708163,48.381851],[39.70816342424242,48.381851],[39.709681,48.385499],[39.709681539748956,48.385499],[39.709933,48.386102],[39.709997,48.386086813559324],[39.709997,48.386087],[39.71008461628017,48.38606602325555],[39.710169,48.386046],[39.710169,48.38604582043796],[39.710682,48.385923],[39.710965,48.385855],[39.71182,48.385443],[39.711796,48.385385],[39.71179582029142,48.385385],[39.710275,48.381737],[39.7102745,48.381737],[39.710169,48.3814838],[39.710169,48.381482],[39.709807,48.380613]]]}},{"type":"Feature","properties":{"cadnum":"4421480800:17:004:0028"},"geometry":{"type":"Polygon","coordinates":[[[39.715336,48.380291],[39.714155,48.38036],[39.71229,48.38047],[39.712866,48.381851],[39.7128665913813,48.381851],[39.713904,48.384336],[39.714564,48.384022],[39.715292,48.38371],[39.71543,48.38365],[39.71549,48.38362853448276],[39.71549,48.383629],[39.716567,48.383244],[39.715938,48.381737],[39.71593753994954,48.381737],[39.715662,48.381075147474746],[39.715662,48.381073],[39.715336,48.380291]]]}},{"type":"Feature","properties":{"cadnum":"4421480800:17:004:0029"},"geometry":{"type":"Polygon","coordinates":[[[39.709807,48.380613],[39.709997,48.381069104972376],[39.709997,48.381071],[39.710322,48.381851],[39.710322525634105,48.381851],[39.71182,48.385443],[39.71248,48.385123],[39.712759,48.384951],[39.713229,48.384658],[39.713904,48.384336],[39.712819,48.381737],[39.71281845184649,48.381737],[39.71229,48.38047],[39.711254,48.380529],[39.710169,48.38059201113763],[39.710169,48.380592],[39.709807,48.380613]]]}},{"type":"Feature","properties":{"cadnum":"4421480800:19:002:0025"},"geometry":{"type":"Polygon","coordinates":[[[39.688364,48.345288],[39.688353,48.345354],[39.6883545380531,48.345354],[39.688283,48.345853],[39.693518,48.346803937846836],[39.693518,48.346804],[39.69353146319025,48.34680638343559],[39.693689,48.346835],[39.693689,48.34683427272727],[39.693727,48.346841],[39.69393876514678,48.345354],[39.693939,48.345354],[39.69396,48.345205],[39.693518,48.345124],[39.693518,48.3451248549884],[39.688517,48.344214],[39.688364,48.345288]]]}},{"type":"Feature","properties":{"cadnum":"4421480800:19:002:0034"},"geometry":{"type":"Polygon","coordinates":[[[39.698576,48.345354],[39.698075,48.345175],[39.696858,48.344856],[39.696027,48.344748],[39.694167,48.344315],[39.694109,48.344644],[39.69402253802817,48.34524],[39.694022,48.34524],[39.693947,48.345763],[39.699011,48.346685661573716],[39.699011,48.346686],[39.701241,48.347092],[39.700847,48.346635],[39.700442,48.346286],[39.699832,48.345844],[39.699297,48.345611],[39.699011,48.345509],[39.699011,48.34550958468177],[39.69857526888218,48.345354],[39.698576,48.345354]],[[39.697788,48.345343],[39.697789,48.345354],[39.697789459183674,48.345354],[39.697801,48.345441],[39.697684,48.3455],[39.697545,48.345459],[39.697532,48.345363],[39.697538,48.34536],[39.697652,48.345304],[39.697788,48.345343]]]}},{"type":"Feature","properties":{"cadnum":"4421480800:19:002:0033"},"geometry":{"type":"Polygon","coordinates":[[[39.699183,48.346717],[39.693947,48.345763],[39.693772,48.346981],[39.699011,48.347933721493256],[39.699011,48.347934],[39.702441,48.348558],[39.702055,48.348035],[39.701241,48.347092],[39.699183,48.346717314798205],[39.699183,48.346717]]]}},{"type":"Feature","properties":{"cadnum":"4421480800:14:002:0101"},"geometry":{"type":"Polygon","coordinates":[[[39.80788,48.417523],[39.806286,48.417863],[39.806514242358084,48.418208],[39.806512,48.418208],[39.8078,48.420152],[39.809046,48.41993],[39.809046,48.41992912820513],[39.809381,48.419869],[39.808874,48.419077],[39.808874,48.41907713186813],[39.808318,48.418208],[39.80831778195489,48.418208],[39.80788,48.417523]]]}},{"type":"Feature","properties":{"cadnum":"4421480800:14:002:0102"},"geometry":{"type":"Polygon","coordinates":[[[39.808874,48.41731],[39.808874,48.41731073070326],[39.80788,48.417523],[39.80839,48.418321],[39.808390288224956,48.418321],[39.809046,48.419346],[39.809046,48.419345686390535],[39.809381,48.419869],[39.810225,48.419717],[39.810886,48.4196],[39.809994,48.418208],[39.809993777378814,48.418208],[39.809354,48.417207],[39.808874,48.41731]]]}},{"type":"Feature","properties":{"cadnum":"4421480800:14:002:0097"},"geometry":{"type":"Polygon","coordinates":[[[39.806286,48.417863],[39.80511,48.418113],[39.80517028846154,48.418208],[39.805169,48.418208],[39.806951,48.420996],[39.808383,48.421034],[39.8078,48.420152],[39.806586868312756,48.418321],[39.806589,48.418321],[39.806286,48.417863]]]}},{"type":"Feature","properties":{"cadnum":"4421480800:14:002:0108"},"geometry":{"type":"Polygon","coordinates":[[[39.808226,48.417422],[39.806416,48.414589],[39.805877,48.414909],[39.80506,48.415293],[39.806636,48.417758],[39.808226,48.417422]]]}},{"type":"Feature","properties":{"cadnum":"4421480800:14:002:0106"},"geometry":{"type":"Polygon","coordinates":[[[39.803381,48.414651],[39.803381,48.414651807639835],[39.802087,48.415019],[39.801507,48.415183],[39.803512,48.418321],[39.80351340776699,48.418321],[39.803573,48.418414],[39.804542,48.418208],[39.804539072847696,48.418208],[39.804718,48.41817],[39.803553,48.41641160807778],[39.803553,48.416411],[39.80316,48.415818],[39.802666,48.415976],[39.803137,48.415782],[39.803381,48.415682875],[39.803381,48.415683],[39.80341220000033,48.415670199999866],[39.803553,48.415613],[39.803553,48.41561243589744],[39.803771,48.415523],[39.804242,48.415406],[39.803628,48.41458],[39.803381,48.41465],[39.803381,48.414651]]]}},{"type":"Feature","properties":{"cadnum":"4421480800:14:002:0110"},"geometry":{"type":"Polygon","coordinates":[[[39.808446,48.413659],[39.808393,48.413683],[39.808096,48.413769],[39.807584,48.413826],[39.807418,48.413955],[39.80780610957004,48.414562],[39.807805,48.414562],[39.808874,48.416229850122846],[39.808874,48.416231],[39.809026,48.416467],[39.809046,48.416465],[39.809046,48.41646426415094],[39.809238,48.416438],[39.809335,48.416736],[39.809224,48.416774],[39.809466,48.417156],[39.81054,48.416927],[39.809046,48.41459632058047],[39.809046,48.414595],[39.808446,48.413659]]]}},{"type":"Feature","properties":{"cadnum":"4421480800:14:002:0114"},"geometry":{"type":"Polygon","coordinates":[[[39.803553,48.41448010121457],[39.80361448632219,48.414562],[39.803613,48.414562],[39.803628,48.41458],[39.803697,48.414676],[39.80369936077482,48.414676],[39.804242,48.415406],[39.80497,48.415227],[39.80541,48.415019],[39.805068,48.414562],[39.80506790817186,48.414562],[39.803553,48.41253243340857],[39.803553,48.412532],[39.80346504036443,48.41241459132345],[39.803381,48.412302],[39.803381,48.41230241409692],[39.803326,48.412229],[39.802347,48.412512],[39.802064,48.412488],[39.803381,48.41425078106112],[39.803381,48.414251],[39.80341469121286,48.41429587614992],[39.803553,48.414481],[39.803553,48.41448010121457]]]}},{"type":"Feature","properties":{"cadnum":"4421480800:14:002:0109"},"geometry":{"type":"Polygon","coordinates":[[[39.807418,48.413955],[39.806704,48.414506],[39.806609,48.414474],[39.806461313043485,48.414562],[39.806461,48.414562],[39.806416,48.414589],[39.806471,48.414676],[39.806471584186376,48.414676],[39.808226,48.417422],[39.808874,48.41728291707317],[39.808874,48.417284],[39.809466,48.417156],[39.809224,48.416774],[39.809192,48.416783],[39.808955,48.416476],[39.809026,48.416467],[39.80787806771654,48.414676],[39.807879,48.414676],[39.807418,48.413955]],[[39.808779,48.416852],[39.808806,48.416944],[39.808609,48.417198],[39.8082,48.417302],[39.808056,48.4169],[39.808779,48.416852]],[[39.80736,48.414703],[39.8078,48.414846],[39.807697,48.415028],[39.807225,48.414887],[39.80736,48.414703]]]}},{"type":"Feature","properties":{"cadnum":"4421480800:14:002:0105"},"geometry":{"type":"Polygon","coordinates":[[[39.800384,48.415502],[39.800649,48.415859],[39.801009,48.416315],[39.802289,48.418321],[39.802289309633025,48.418321],[39.802496,48.418644],[39.803381,48.41845477578051],[39.803381,48.418455],[39.803573,48.418414],[39.803441,48.418208],[39.80344048792271,48.418208],[39.803381,48.418114],[39.803381,48.41811597356609],[39.801507,48.415183],[39.800384,48.415502]]]}},{"type":"Feature","properties":{"cadnum":"4421480800:14:002:0096"},"geometry":{"type":"Polygon","coordinates":[[[39.80511,48.418113],[39.804128,48.418321],[39.804130348387105,48.418321],[39.803932,48.418363],[39.80559,48.420957],[39.806192,48.420975],[39.806951,48.420996],[39.80524122596844,48.418321],[39.805242,48.418321],[39.80511,48.418113]]]}},{"type":"Feature","properties":{"cadnum":"4421480800:14:002:0115"},"geometry":{"type":"Polygon","coordinates":[[[39.803326,48.412229],[39.80346504036443,48.41241459132344],[39.805153,48.414676],[39.805153312910285,48.414676],[39.80541,48.415019],[39.805792,48.414837],[39.806254999987,48.41456200000772],[39.806511,48.41441],[39.806475,48.414366],[39.804521,48.411891],[39.804135,48.411996],[39.803381,48.412213],[39.803381,48.41221325110132],[39.803326,48.412229]],[[39.805523,48.413508],[39.805739,48.413573],[39.805684,48.413728],[39.805293,48.41371],[39.805523,48.413508]]]}},{"type":"Feature","properties":{"cadnum":"4421480800:14:002:0107"},"geometry":{"type":"Polygon","coordinates":[[[39.80316,48.415818],[39.803381,48.416151468193384],[39.803381,48.416152],[39.804718,48.41817],[39.806636,48.417758],[39.80506,48.415293],[39.805033,48.415308],[39.804305,48.415486],[39.803821,48.415606],[39.803381,48.415747],[39.803381,48.41574714503817],[39.80316,48.415818]],[[39.805869,48.416807],[39.805869,48.416787],[39.805896,48.416778],[39.805922,48.416787],[39.805922,48.416807],[39.805896,48.416816],[39.805869,48.416807]]]}},{"type":"Feature","properties":{"cadnum":"4421480800:10:005:0003"},"geometry":{"type":"Polygon","coordinates":[[[39.666224,48.40916414320988],[39.666224,48.409164],[39.663863,48.40927],[39.663458,48.409325],[39.663387039906105,48.410916],[39.663387,48.410916],[39.66338493175082,48.410963267060566],[39.663382,48.411029],[39.663382055496264,48.411029],[39.663346,48.411853],[39.666052,48.41189343015983],[39.666052,48.411894],[39.667546,48.411915],[39.66758602668013,48.41100621242164],[39.667672,48.409098],[39.666224,48.40916414320988]]]}},{"type":"Feature","properties":{"cadnum":"4421480800:10:005:0002"},"geometry":{"type":"Polygon","coordinates":[[[39.662106,48.409504],[39.66073,48.40950222107305],[39.66073,48.409502],[39.659762,48.4095],[39.659466,48.409563],[39.659385,48.409834],[39.65936689121339,48.410916],[39.659366,48.410916],[39.659353,48.411793],[39.66073,48.411815],[39.66073,48.41181451560818],[39.663346,48.411853],[39.66338493175082,48.410963267060566],[39.663458,48.409325],[39.662106,48.409504]]]}},{"type":"Feature","properties":{"cadnum":"4421480800:18:001:0019"},"geometry":{"type":"Polygon","coordinates":[[[39.70113,48.374554],[39.70113,48.374536],[39.701103,48.374536],[39.701103,48.374554],[39.70113,48.374554]]]}},{"type":"Feature","properties":{"cadnum":"4421480800:18:001:0021"},"geometry":{"type":"Polygon","coordinates":[[[39.702356,48.374989],[39.702356,48.374972],[39.702329,48.374969],[39.702329,48.374989],[39.702356,48.374989]]]}},{"type":"Feature","properties":{"cadnum":"4421480800:17:006:0045"},"geometry":{"type":"Polygon","coordinates":[[[39.70409,48.374309],[39.702755,48.374348],[39.702730436893205,48.37444],[39.70273,48.37444],[39.702553,48.375109],[39.702508,48.375422],[39.702759,48.375407],[39.703034,48.375717],[39.70364,48.375526],[39.704367,48.3751],[39.70416948648634,48.37453810810771],[39.70409,48.374309]]]}},{"type":"Feature","properties":{"cadnum":"4421480800:17:006:0011"},"geometry":{"type":"Polygon","coordinates":[[[39.702975,48.375953],[39.702499,48.37606],[39.702495,48.37606],[39.702482,48.376064],[39.700294,48.37638],[39.704504,48.37746756732086],[39.704504,48.377468],[39.70690797820162,48.378088],[39.706907,48.378088],[39.709997,48.378886549969344],[39.709997,48.378887],[39.710162291515786,48.378929266323674],[39.710169,48.378931],[39.710169,48.37893098173516],[39.710216,48.378943],[39.711644,48.378456],[39.712084,48.378307],[39.71167886301371,48.378202],[39.71168,48.378202],[39.71145310936862,48.378143491067135],[39.711239,48.378088],[39.71123792165897,48.378088],[39.710169,48.37781235412953],[39.710169,48.377812],[39.704676,48.376393419417475],[39.704676,48.376393],[39.702975,48.375953]]]}},{"type":"Feature","properties":{"cadnum":"4421480800:17:006:0046"},"geometry":{"type":"Polygon","coordinates":[[[39.720984,48.373013],[39.721242,48.373003],[39.721692,48.373038],[39.722235,48.373282],[39.722374,48.373282],[39.72237,48.373196],[39.721728,48.372955],[39.721242,48.372915],[39.720984,48.372925],[39.720984,48.37292527855252],[39.71549,48.373127],[39.71549,48.37312734563107],[39.710169,48.37332365436893],[39.710169,48.373323],[39.709784,48.373337],[39.708715,48.373483],[39.707893,48.373715],[39.70612327413588,48.37444],[39.706123,48.37444],[39.704803,48.37498],[39.704504,48.375121],[39.704504,48.37512152123552],[39.70364,48.375526],[39.703034,48.375717],[39.703078,48.375798],[39.703581,48.375613],[39.704676,48.375137],[39.704676,48.37513627868852],[39.70487,48.375052],[39.70608651960783,48.374554],[39.706087,48.374554],[39.707948,48.373793],[39.708751,48.373563],[39.709789,48.373423],[39.709997,48.37341588421053],[39.709997,48.373416],[39.7100432020382,48.37341430361448],[39.710169,48.37341],[39.710169,48.3734096847308],[39.71549,48.373214315269195],[39.71549,48.373215],[39.720984,48.37301230873786],[39.720984,48.373013]]]}},{"type":"Feature","properties":{"cadnum":"4421480800:17:006:0049"},"geometry":{"type":"Polygon","coordinates":[[[39.70409,48.374309],[39.702755,48.374348],[39.702730436893205,48.37444],[39.70273,48.37444],[39.702553,48.375109],[39.702508,48.375422],[39.702759,48.375407],[39.703034,48.375717],[39.70364,48.375526],[39.704367,48.3751],[39.70416948648634,48.37453810810771],[39.70409,48.374309]]]}},{"type":"Feature","properties":{"cadnum":"4421480800:18:001:0020"},"geometry":{"type":"Polygon","coordinates":[[[39.7017,48.374721],[39.701717,48.374706],[39.701669,48.374685],[39.701654,48.374703],[39.7017,48.374721]]]}},{"type":"Feature","properties":{"cadnum":"4421480800:17:006:0010"},"geometry":{"type":"Polygon","coordinates":[[[39.704543,48.375282],[39.703677,48.375786],[39.703627,48.375807],[39.703608,48.37581],[39.702975,48.375953],[39.704504,48.3763485085244],[39.704504,48.376349],[39.709997,48.37776758058252],[39.709997,48.377768],[39.71145310936862,48.378143491067135],[39.712084,48.378307],[39.712607998408686,48.37812908426124],[39.713885,48.377698],[39.710169,48.376737459876544],[39.710169,48.376737],[39.704676,48.375316396551725],[39.704676,48.375316],[39.704543,48.375282]]]}},{"type":"Feature","properties":{"cadnum":"4421480800:17:006:0050"},"geometry":{"type":"Polygon","coordinates":[[[39.720984,48.373013],[39.721242,48.373003],[39.721692,48.373038],[39.722235,48.373282],[39.722374,48.373282],[39.72237,48.373196],[39.721728,48.372955],[39.721242,48.372915],[39.720984,48.372925],[39.720984,48.37292527855252],[39.71549,48.373127],[39.71549,48.37312734563107],[39.710169,48.37332365436893],[39.710169,48.373323],[39.709784,48.373337],[39.708715,48.373483],[39.707893,48.373715],[39.70612327413588,48.37444],[39.706123,48.37444],[39.704803,48.37498],[39.704504,48.375121],[39.704504,48.37512152123552],[39.70364,48.375526],[39.703034,48.375717],[39.703078,48.375798],[39.703581,48.375613],[39.704676,48.375137],[39.704676,48.37513627868852],[39.70487,48.375052],[39.70608651960783,48.374554],[39.706087,48.374554],[39.707948,48.373793],[39.708751,48.373563],[39.709789,48.373423],[39.709997,48.37341588421053],[39.709997,48.373416],[39.7100432020382,48.37341430361448],[39.710169,48.37341],[39.710169,48.3734096847308],[39.71549,48.373214315269195],[39.71549,48.373215],[39.720984,48.37301230873786],[39.720984,48.373013]]]}},{"type":"Feature","properties":{"cadnum":"4421480800:16:001:0019"},"geometry":{"type":"Polygon","coordinates":[[[39.625962,48.388148],[39.626271,48.389147],[39.6262713003861,48.389147],[39.626637,48.390328],[39.6276,48.390181936507936],[39.6276,48.390182],[39.627730396429854,48.39016215856619],[39.627771,48.390156],[39.627771,48.39015598022948],[39.633093,48.38934617193292],[39.633093,48.389347],[39.634182,48.38918],[39.63416704531718,48.389080075528376],[39.634119,48.388721],[39.633265,48.38866107017544],[39.633265,48.388661],[39.627771,48.388275983583405],[39.627771,48.388275],[39.625962,48.388148]]]}},{"type":"Feature","properties":{"cadnum":"4421480800:26:008:0001"},"geometry":{"type":"Polygon","coordinates":[[[39.732141,48.331312],[39.732141,48.33131122222222],[39.732337,48.331151],[39.732422,48.331052],[39.732319,48.331002],[39.732296,48.330838],[39.732141,48.33099965644172],[39.732141,48.330999],[39.731901,48.331249],[39.731116,48.331692],[39.730441,48.331915],[39.7285,48.332253],[39.726648,48.33256517597627],[39.726648,48.332565],[39.726444,48.332599],[39.724714,48.332898],[39.723898,48.333086],[39.723439,48.333232],[39.722883,48.33346],[39.72104515423658,48.33428069152574],[39.72103317857144,48.334286],[39.721032,48.334286],[39.72103,48.334286],[39.719432,48.335],[39.718242,48.335287],[39.716872,48.335343],[39.716531,48.335335],[39.717124,48.335487],[39.718777,48.335463],[39.718992,48.335439],[39.719231,48.335394],[39.719954,48.335251],[39.720003,48.33531],[39.721155,48.335128],[39.721155,48.3351276875],[39.722424,48.334925],[39.722824,48.33486],[39.723269,48.334764],[39.723938,48.334588],[39.724149,48.334535],[39.724387,48.334472],[39.724276,48.334286],[39.724275664165106,48.334286],[39.723705,48.333334],[39.724948,48.333026],[39.726477,48.3327659326059],[39.726477,48.332766],[39.726506,48.332761],[39.726648,48.332737],[39.726648,48.332736791524596],[39.728559,48.332411],[39.730087,48.332161],[39.730787,48.331999],[39.73125,48.331829],[39.731753,48.331569],[39.73197,48.33143043373494],[39.73197,48.331431],[39.732085,48.331357],[39.732141,48.331312]]]}},{"type":"Feature","properties":{"cadnum":"4421480800:13:001:0011"},"geometry":{"type":"Polygon","coordinates":[[[39.772896,48.457454],[39.773183,48.458302],[39.773673,48.458409],[39.773674658227854,48.458409],[39.775915,48.45889656749311],[39.775915,48.458897],[39.77647,48.459017],[39.776795,48.458731],[39.777126,48.458582],[39.777424,48.458439],[39.776765,48.458295],[39.776763271186425,48.458295],[39.776745,48.458291],[39.776087,48.45814830120482],[39.776087,48.458148],[39.772896,48.457454]]]}},{"type":"Feature","properties":{"cadnum":"4421480800:13:001:0010"},"geometry":{"type":"Polygon","coordinates":[[[39.77647,48.459017],[39.776087,48.458934189189186],[39.776087,48.458934],[39.773183,48.458302],[39.773767,48.460021],[39.774212,48.459982],[39.774984,48.459761],[39.775595,48.459514],[39.776087,48.45927],[39.776087,48.459269],[39.776323,48.459151],[39.77647,48.459017]]]}},{"type":"Feature","properties":{"cadnum":"4421480800:02:005:0017"},"geometry":{"type":"Polygon","coordinates":[[[39.624836,48.384342],[39.624853,48.383951],[39.623362,48.383927],[39.623253,48.385499],[39.62325322204279,48.385499],[39.623092,48.387862],[39.623497,48.387874],[39.623505,48.387874],[39.624274,48.387978],[39.625761,48.388086],[39.625469,48.387573],[39.62501,48.386445],[39.62479,48.385806],[39.624798750593826,48.385499],[39.624799,48.385499],[39.624836,48.384342]]]}},{"type":"Feature","properties":{"cadnum":"4421480800:02:005:0016"},"geometry":{"type":"Polygon","coordinates":[[[39.621817,48.3839],[39.621718,48.384079],[39.621494,48.384022],[39.621392,48.385499],[39.621392200737404,48.385499],[39.621233,48.387826],[39.621884,48.387829],[39.622278,48.387841],[39.622278,48.38783968730964],[39.623092,48.387862],[39.623261,48.385385],[39.62326090458015,48.385385],[39.623362,48.383927],[39.622278,48.383908861354584],[39.622278,48.383908],[39.621817,48.3839]],[[39.622672,48.385385],[39.62267186947989,48.385385],[39.62252,48.38448],[39.622509,48.384497],[39.622428,48.384473],[39.622463,48.384416],[39.622512,48.38443],[39.622545,48.38444],[39.62269580736544,48.385385],[39.622695,48.385385],[39.623092,48.387862],[39.622672,48.385385]],[[39.622365,48.384022],[39.622446,48.384046],[39.62241,48.3841],[39.622329,48.384077],[39.622365,48.384022]]]}},{"type":"Feature","properties":{"cadnum":"4421480800:02:005:0018"},"geometry":{"type":"Polygon","coordinates":[[[39.625127,48.380905],[39.624557,48.38078],[39.624471,48.381138],[39.624189,48.381108],[39.623906,48.381335],[39.62332846783625,48.381737],[39.623328,48.381737],[39.623169,48.381848],[39.623165,48.381851],[39.6231652173913,48.381851],[39.622473,48.3824],[39.622278,48.382549180327864],[39.622278,48.382549],[39.620964,48.383555],[39.621844,48.383843],[39.621817,48.3839],[39.622107,48.38390503253796],[39.622107,48.383906],[39.623362,48.383927],[39.624853,48.383951],[39.62492,48.382758],[39.624939,48.382191],[39.62498842731278,48.381851],[39.624989,48.381851],[39.625127,48.380905]],[[39.623618,48.383584],[39.623614,48.383575],[39.623618,48.383566],[39.623637,48.383566],[39.623642,48.383573],[39.623645,48.383575],[39.623637,48.383584],[39.623633,48.383584],[39.623362,48.383927],[39.623618,48.383584]],[[39.62484,48.382636],[39.624849,48.382645],[39.624844,48.382653],[39.624826,48.382653],[39.624817,48.382645],[39.624826,48.382636],[39.62484,48.382636]],[[39.624656,48.38229],[39.624665,48.382299],[39.62466,48.382308],[39.624643,48.382308],[39.624633,48.382299],[39.624643,48.38229],[39.624656,48.38229]],[[39.623511,48.383184],[39.623519,48.383193],[39.623511,48.383202],[39.623492,48.383202],[39.623488,48.383193],[39.623492,48.383184],[39.623511,48.383184]]]}},{"type":"Feature","properties":{"cadnum":"4421480800:19:002:0016"},"geometry":{"type":"Polygon","coordinates":[[[39.687924,48.3537],[39.687547,48.353291],[39.687188,48.352832],[39.687147,48.35274],[39.682703,48.3534784202773],[39.682703,48.353478],[39.679282,48.354047],[39.677903,48.354912],[39.677521,48.355306],[39.677297,48.355467],[39.682531,48.35459757121716],[39.682531,48.354598],[39.687924,48.3537]]]}},{"type":"Feature","properties":{"cadnum":"4421480800:19:002:0015"},"geometry":{"type":"Polygon","coordinates":[[[39.688427,48.35424],[39.688064909745776,48.353851788807034],[39.687924,48.3537],[39.682703,48.354569359911],[39.682703,48.354569],[39.677297,48.355467],[39.67714332666661,48.355575580000036],[39.676991,48.355682],[39.676901,48.355963],[39.67677147813411,48.356192],[39.676771,48.356192],[39.67672939463119,48.35626640536857],[39.676707,48.356306],[39.67670725443787,48.356306],[39.676582,48.35653],[39.677038,48.35645448407643],[39.677038,48.356455],[39.67855019192268,48.35620439730582],[39.678928,48.356142],[39.678936,48.356115],[39.678991,48.356121],[39.678985,48.356133],[39.682703,48.355516],[39.682703,48.35551533333334],[39.682897,48.355483],[39.688025,48.354631397810905],[39.688025,48.354632],[39.68858,48.354539],[39.688427,48.35424]],[[39.679148,48.355861],[39.679138,48.355897],[39.679085,48.355888],[39.679098,48.355855],[39.679148,48.355861]]]}},{"type":"Feature","properties":{"cadnum":"4421480800:11:005:0001"},"geometry":{"type":"Polygon","coordinates":[[[39.704504,48.421293],[39.704504,48.42129328318584],[39.704224,48.421297],[39.704224829850745,48.421853],[39.704224,48.421853],[39.704229,48.423804],[39.704216,48.424447],[39.704224,48.424635],[39.704399,48.424733],[39.704504,48.424736032490976],[39.704504,48.424737],[39.706937,48.424799],[39.707193,48.424838],[39.707247,48.424865],[39.707436,48.42361],[39.707526,48.42341],[39.707327,48.423339],[39.707307,48.421853],[39.70730672980501,48.421853],[39.7073,48.421249],[39.704504,48.421293]]]}},{"type":"Feature","properties":{"cadnum":"4421480800:11:005:0002"},"geometry":{"type":"Polygon","coordinates":[[[39.704394,48.418033],[39.704206,48.418065],[39.70413,48.418158],[39.7041309202454,48.418208],[39.70413,48.418208],[39.704153,48.419505],[39.704224,48.421169],[39.704224,48.421297],[39.704676,48.421291],[39.704676,48.42129029327611],[39.7073,48.421249],[39.70725859782966,48.418321],[39.707259,48.418321],[39.707256,48.418093],[39.706897,48.418102],[39.705252,48.418065],[39.704676,48.418044208556154],[39.704676,48.418044],[39.704394,48.418033]]]}},{"type":"Feature","properties":{"cadnum":"4421480800:11:005:0004"},"geometry":{"type":"Polygon","coordinates":[[[39.709214,48.41803],[39.7092164467354,48.418208],[39.709215,48.418208],[39.709266392657625,48.421853],[39.709266,48.421853],[39.709294,48.423818],[39.70947,48.423869],[39.709997,48.42383582689557],[39.709997,48.423836],[39.710454,48.423807],[39.710984,48.423601],[39.711352,48.423595],[39.711328,48.421853],[39.71132742298484,48.421853],[39.711277,48.418208],[39.71127683505155,48.418208],[39.711275,48.41803],[39.709997,48.418024],[39.709997,48.41802408632138],[39.709416,48.418021],[39.709214,48.41803]]]}},{"type":"Feature","properties":{"cadnum":"4421480800:11:005:0003"},"geometry":{"type":"Polygon","coordinates":[[[39.709214,48.41803],[39.707256,48.418093],[39.7072575131579,48.418208],[39.707257,48.418208],[39.7073,48.421249],[39.707308,48.421967],[39.707308534320326,48.421967],[39.707327,48.423339],[39.707526,48.42341],[39.70881,48.423687],[39.709294,48.423818],[39.70926762442748,48.421967],[39.709268,48.421967],[39.709216593242886,48.418321],[39.709218,48.418321],[39.709214,48.41803]]]}},{"type":"Feature","properties":{"cadnum":"4421480800:11:003:0008"},"geometry":{"type":"Polygon","coordinates":[[[39.737463,48.436513],[39.737463,48.436514],[39.737463,48.43651402352941],[39.737125,48.436518],[39.737112,48.437292],[39.737463,48.43728864435946],[39.737463,48.437289],[39.7375861483524,48.43728746703296],[39.737635,48.437287],[39.737635,48.43728685892116],[39.737704,48.437286],[39.742429,48.437236],[39.742412,48.436461],[39.737463,48.436513]]]}},{"type":"Feature","properties":{"cadnum":"4421480800:13:002:0107"},"geometry":{"type":"Polygon","coordinates":[[[39.764929,48.436355188679244],[39.764929,48.436356],[39.765354,48.436089],[39.764929,48.435723],[39.764929,48.43572376802657],[39.762992,48.434056],[39.762084,48.434369],[39.764612,48.436547],[39.764614487179486,48.436547],[39.764618,48.43655],[39.76462276923077,48.436547],[39.764623,48.436547],[39.764929,48.436355188679244]],[[39.764761,48.436276],[39.764797,48.436259],[39.764824,48.436282],[39.764788,48.436297],[39.764761,48.436276]]]}},{"type":"Feature","properties":{"cadnum":"4421480800:13:002:0121"},"geometry":{"type":"Polygon","coordinates":[[[39.762794,48.430947],[39.76275,48.430962],[39.764870607216494,48.432788],[39.76487,48.432788],[39.7651,48.432987],[39.7651,48.432986359447],[39.765363,48.433213],[39.76614,48.432944],[39.765959,48.432788],[39.765957646000004,48.432788],[39.764929,48.431902],[39.764929,48.43190279224905],[39.763526,48.430695],[39.762794,48.430947]]]}},{"type":"Feature","properties":{"cadnum":"4421480800:13:002:0120"},"geometry":{"type":"Polygon","coordinates":[[[39.76275,48.430962],[39.761801,48.431287],[39.763676,48.432902],[39.76367724,48.432902],[39.764415,48.433538],[39.7651,48.433304],[39.7651,48.43330329262673],[39.765363,48.433213],[39.76500210695187,48.432902],[39.765003,48.432902],[39.76275,48.430962]]]}},{"type":"Feature","properties":{"cadnum":"4421480800:13:002:0030"},"geometry":{"type":"MultiPolygon","coordinates":[[[[39.761779,48.429321],[39.761092,48.429427],[39.760692,48.429455],[39.759704,48.429511],[39.759607,48.42952439179104],[39.759607,48.429524],[39.759025,48.429604],[39.757597,48.429774],[39.755805,48.429937],[39.755023,48.429979],[39.754323,48.429982],[39.754114,48.43001601049869],[39.754114,48.430016],[39.752643,48.430253],[39.752958,48.431702],[39.753942,48.43218889273356],[39.753942,48.432189],[39.75401393281694,48.43222448578831],[39.754114,48.432274],[39.754114,48.43227385077951],[39.75484,48.432632],[39.755038,48.432902],[39.75503921621621,48.432902],[39.755119,48.43301],[39.755023,48.434289],[39.755347,48.4354],[39.755675,48.436381],[39.756465,48.436273],[39.756556,48.436547],[39.756557419889496,48.436547],[39.757373,48.438967],[39.757386,48.439],[39.75744,48.439166],[39.759331,48.438907],[39.759436,48.43886363043478],[39.759436,48.438865],[39.763773,48.437075],[39.764392,48.436689],[39.763832,48.436944],[39.763773,48.436932],[39.763789,48.436899],[39.763792,48.436893],[39.7638,48.436895],[39.764706,48.436494],[39.764757,48.436461],[39.764807,48.436431],[39.764824,48.43642],[39.76479411023621,48.436433],[39.764793,48.436433],[39.76458665240703,48.43652322994625],[39.764532,48.436547],[39.76453229247912,48.436547],[39.761509,48.437869],[39.761528,48.437889],[39.761496,48.437903],[39.761473,48.437885],[39.760954,48.438113],[39.760966,48.438123],[39.76093,48.438141],[39.760916,48.438129],[39.760348,48.438377],[39.76035,48.43838],[39.760319,48.438395],[39.760315,48.438391],[39.760293,48.438374],[39.760329,48.438356],[39.76033,48.438357],[39.764764,48.436433],[39.76476366666667,48.436433],[39.764895,48.436376],[39.764919,48.436361],[39.764929,48.43635475690607],[39.764929,48.436356],[39.76504614876087,48.436281619834375],[39.7651,48.436248],[39.7651,48.436247428571434],[39.765118,48.436236],[39.76532,48.436111],[39.765571,48.435954],[39.765602,48.435935],[39.766012,48.435679],[39.766149,48.435594],[39.766513,48.435466],[39.767308,48.435201],[39.767552,48.435063],[39.767587,48.435042],[39.767577,48.435032],[39.767026,48.435206],[39.767048,48.435225],[39.767012,48.435239],[39.76699,48.435217],[39.766989,48.435215],[39.767021,48.435201],[39.767025,48.435204],[39.767576,48.435031],[39.767573,48.435027],[39.76761,48.435013],[39.767615,48.435018],[39.768197,48.434835],[39.768193,48.434831],[39.768229,48.434813],[39.768237,48.434822],[39.768825,48.434637],[39.768818,48.434629],[39.768853,48.434613],[39.768866,48.434625],[39.769092,48.434554],[39.76704,48.432788],[39.76703958052823,48.432788],[39.764929,48.430971],[39.764929,48.43097175854317],[39.762876,48.429204],[39.762794,48.429246],[39.761779,48.429321]],[[39.7651,48.434629754984385],[39.7651,48.434629],[39.760352,48.434718],[39.759776,48.434816],[39.759719,48.43473],[39.759699,48.434701],[39.759664,48.434649],[39.759631,48.434542],[39.760769,48.434271],[39.760912,48.434461],[39.760881,48.434629],[39.764929,48.43459158070633],[39.764929,48.434592],[39.769092,48.434554],[39.7651,48.434629754984385]],[[39.762952,48.430381],[39.762623,48.430116],[39.763055,48.429964],[39.763163,48.43028],[39.762952,48.430381]],[[39.760702,48.431088],[39.760926,48.431002],[39.761348,48.430962],[39.761231,48.431338],[39.760966,48.431318],[39.760859,48.431234],[39.760813,48.431108],[39.760702,48.431088]],[[39.75748,48.434735],[39.757463,48.434742],[39.75744,48.434735],[39.75744,48.434721],[39.757458,48.434715],[39.757476,48.434721],[39.75748,48.434735]],[[39.757404,48.434771],[39.7574,48.434774],[39.757386,48.434781],[39.757364,48.434774],[39.757364,48.434759],[39.757382,48.43475],[39.7574,48.434757],[39.757404,48.434771]],[[39.764788,48.436297],[39.764761,48.436276],[39.764797,48.436259],[39.7648,48.43626],[39.764824,48.436282],[39.764788,48.436297]],[[39.762987,48.43332],[39.76331,48.4332],[39.76345,48.433379],[39.763193,48.433505],[39.762987,48.43332]],[[39.764294,48.436619],[39.764272,48.436595],[39.764308,48.43658],[39.764331,48.436604],[39.764294,48.436619]],[[39.763262,48.437164],[39.763226,48.437182],[39.763203,48.437158],[39.763239,48.43714],[39.76324,48.437142],[39.763262,48.437164]],[[39.762677,48.437408],[39.762641,48.437423],[39.762619,48.437403],[39.762654,48.437385],[39.762656,48.437386],[39.762677,48.437408]],[[39.762103,48.43765],[39.762067,48.437664],[39.762044,48.437641],[39.762075,48.437626],[39.762076,48.437627],[39.762103,48.43765]],[[39.759736,48.43864],[39.759713,48.438616],[39.759749,48.4386],[39.759771,48.438624],[39.759736,48.43864]],[[39.759098,48.438887],[39.759115,48.438848],[39.759174,48.43886],[39.759155,48.438898],[39.759098,48.438887]],[[39.758438,48.438952],[39.758473,48.438938],[39.758496,48.438961],[39.758459,48.438976],[39.758438,48.438952]],[[39.75779,48.439059],[39.757769,48.439035],[39.757804,48.43902],[39.757805,48.439021],[39.757826,48.439044],[39.75779,48.439059]],[[39.766423,48.435427],[39.766401,48.435403],[39.766436,48.435388],[39.766439,48.435391],[39.766459,48.435412],[39.766423,48.435427]],[[39.765803,48.435609],[39.765822,48.43557],[39.76588,48.435581],[39.765862,48.435621],[39.765803,48.435609]],[[39.765273,48.435981],[39.765251,48.435957],[39.765287,48.435939],[39.765291,48.435943],[39.76531,48.435963],[39.765273,48.435981]]],[[[39.76470484375001,48.436547],[39.764705,48.436547],[39.764929,48.43644549113924],[39.764929,48.436446],[39.769092,48.434554],[39.7651,48.436320337737214],[39.7651,48.436319],[39.76484333714286,48.436433],[39.764843,48.436433],[39.764706,48.436494],[39.76462,48.436547],[39.764620656410266,48.436547],[39.764392,48.436689],[39.76470484375001,48.436547]]],[[[39.761509,48.437869],[39.761506,48.437866],[39.761505,48.437865],[39.761469,48.437882],[39.761473,48.437885],[39.761509,48.437869]]],[[[39.760916,48.438129],[39.760954,48.438113],[39.76094,48.438101],[39.760939,48.438099],[39.760903,48.438118],[39.760916,48.438129]]],[[[39.768866,48.434625],[39.768825,48.434637],[39.768825,48.434638],[39.768866,48.434625]]],[[[39.768243,48.434828],[39.768826,48.43464],[39.768825,48.434638],[39.768239,48.434823],[39.768243,48.434828]]],[[[39.768239,48.434823],[39.768237,48.434822],[39.768197,48.434835],[39.768198,48.434836],[39.768239,48.434823]]],[[[39.767615,48.43502],[39.767623,48.435027],[39.768202,48.434839],[39.768198,48.434836],[39.767615,48.43502]]],[[[39.767615,48.43502],[39.767615,48.435018],[39.767576,48.435031],[39.767577,48.435032],[39.767615,48.43502]]],[[[39.764895,48.436376],[39.76487,48.436391],[39.764838,48.436412],[39.764824,48.43642],[39.7651,48.4363],[39.7651,48.43629924141245],[39.769092,48.434554],[39.7651,48.436287734326214],[39.7651,48.436287],[39.764895,48.436376]]]]}},{"type":"Feature","properties":{"cadnum":"4421480800:13:002:0109"},"geometry":{"type":"Polygon","coordinates":[[[39.763958,48.433725],[39.764929,48.43456165849387],[39.764929,48.434562],[39.766136,48.4356],[39.766149,48.435594],[39.766513,48.435466],[39.767138,48.435257],[39.76496,48.433383],[39.764929,48.433393],[39.764929,48.43339358083832],[39.763958,48.433725]],[[39.766989,48.435215],[39.767021,48.435201],[39.767048,48.435225],[39.767012,48.435239],[39.766989,48.435215]],[[39.766401,48.435403],[39.766436,48.435388],[39.766459,48.435412],[39.766423,48.435427],[39.766401,48.435403]]]}},{"type":"Feature","properties":{"cadnum":"4421480800:13:002:0122"},"geometry":{"type":"Polygon","coordinates":[[[39.7651,48.4320492868217],[39.76609,48.432902],[39.76609126923077,48.432902],[39.76614,48.432944],[39.766442843576726,48.43283970949676],[39.766912,48.432679],[39.764929,48.430969],[39.764929,48.43096920100503],[39.764304,48.430429],[39.763526,48.430695],[39.7651,48.43205],[39.7651,48.4320492868217]]]}},{"type":"Feature","properties":{"cadnum":"4421480800:13:002:0108"},"geometry":{"type":"Polygon","coordinates":[[[39.7651,48.43587026117647],[39.765354,48.436089],[39.766136,48.4356],[39.7651,48.43470905716652],[39.7651,48.434709],[39.763958,48.433725],[39.762992,48.434056],[39.7651,48.435871],[39.7651,48.43587026117647]],[[39.765803,48.435609],[39.765822,48.43557],[39.76588,48.435581],[39.765862,48.435621],[39.765803,48.435609]],[[39.765251,48.435957],[39.765287,48.435939],[39.76531,48.435963],[39.765273,48.435981],[39.765251,48.435957]]]}},{"type":"Feature","properties":{"cadnum":"4421480800:13:002:0110"},"geometry":{"type":"Polygon","coordinates":[[[39.7651,48.433503459136816],[39.767138,48.435257],[39.767308,48.435201],[39.767587,48.435042],[39.767573,48.435027],[39.76761,48.435013],[39.767623,48.435027],[39.76809,48.434876],[39.765956,48.43304],[39.76496,48.433383],[39.7651,48.433505],[39.7651,48.433503459136816]]]}},{"type":"Feature","properties":{"cadnum":"4421480800:13:002:0111"},"geometry":{"type":"Polygon","coordinates":[[[39.76694,48.432703],[39.76669140703516,48.432788],[39.766691,48.432788],[39.76654178947909,48.432839157892886],[39.766358,48.432902],[39.76635850000001,48.432902],[39.765956,48.43304],[39.76809,48.434876],[39.768202,48.434839],[39.768193,48.434831],[39.768229,48.434813],[39.768243,48.434828],[39.768826,48.43464],[39.768818,48.434629],[39.768853,48.434613],[39.768866,48.434625],[39.769092,48.434554],[39.76704,48.432788],[39.76703866834171,48.432788],[39.76694,48.432703]]]}},{"type":"Feature","properties":{"cadnum":"4421480800:13:002:0028"},"geometry":{"type":"Polygon","coordinates":[[[39.775124,48.433529],[39.774549,48.433878],[39.772388,48.434846],[39.772019,48.434983],[39.770784,48.435194],[39.77046517431221,48.435241559632985],[39.770358,48.435257],[39.768113,48.436023],[39.76724135877862,48.436433],[39.767241,48.436433],[39.767123237919535,48.43648856133767],[39.766999,48.436547],[39.76699937735849,48.436547],[39.766904,48.436592],[39.766409,48.437045],[39.765633,48.437513],[39.7651,48.43773104545455],[39.7651,48.437731],[39.76486,48.437829],[39.7651,48.437791],[39.7651,48.43779031631382],[39.766535,48.437558],[39.770594,48.436441],[39.770594,48.43644042553191],[39.770704,48.43641],[39.772249,48.436029],[39.774325,48.435674],[39.774491,48.435815],[39.774252,48.435859],[39.774674156976744,48.436433],[39.774673,48.436433],[39.776087,48.438355],[39.776087,48.43835481962865],[39.776669,48.439146],[39.776961,48.43914],[39.77794,48.438967],[39.779269,48.438741],[39.777574,48.436433],[39.77757331352718,48.436433],[39.776087,48.434408303099886],[39.776087,48.434408],[39.775304,48.433341],[39.775124,48.433529]]]}},{"type":"Feature","properties":{"cadnum":"4421480800:04:002:0026"},"geometry":{"type":"Polygon","coordinates":[[[39.68075,48.453971],[39.679467,48.453304],[39.67880775239398,48.454652],[39.678807,48.454652],[39.678056,48.456191],[39.67721,48.457036168958744],[39.67721,48.457036],[39.67594916605972,48.458295],[39.675949,48.458295],[39.67590687070142,48.45833723383778],[39.675835,48.458409],[39.67583528217822,48.458409],[39.675546,48.458699],[39.677038,48.459236980769234],[39.677038,48.459238],[39.678056,48.459604],[39.67952669900687,48.458409],[39.679527,48.458409],[39.682703,48.45583],[39.682703,48.45582917037037],[39.68401077220957,48.454766],[39.684011,48.454766],[39.684505,48.454365],[39.682531,48.453289],[39.682531,48.45328923316913],[39.682094,48.453051],[39.68075,48.453971]]]}},{"type":"Feature","properties":{"cadnum":"4421480800:11:002:0039"},"geometry":{"type":"Polygon","coordinates":[[[39.737003,48.428709],[39.736609,48.428879],[39.73654,48.42891],[39.73676122413793,48.429144],[39.73676,48.429144],[39.737463,48.429886869212964],[39.737463,48.429887],[39.737624,48.430057],[39.737635,48.430034],[39.737635,48.430033362790695],[39.737839,48.429595],[39.737635,48.429379063829785],[39.737635,48.429379],[39.737621416243385,48.429364685278905],[39.737463,48.429197],[39.737463,48.42919774439462],[39.737412,48.429144],[39.73741185245902,48.429144],[39.737003,48.428709]]]}},{"type":"Feature","properties":{"cadnum":"4421480800:10:002:0014"},"geometry":{"type":"Polygon","coordinates":[[[39.660561,48.420283],[39.660544,48.421332],[39.660559,48.42133224193548],[39.660559,48.421333],[39.666052,48.42140475322154],[39.666052,48.421405],[39.66694,48.421416],[39.666957,48.420742],[39.666984,48.419673],[39.666224,48.419663214592276],[39.666224,48.419663],[39.660628,48.419589],[39.660561,48.420283]],[[39.663898,48.420122],[39.663911,48.420137],[39.663898,48.420152],[39.663871,48.420152],[39.663858,48.420137],[39.663871,48.420122],[39.663898,48.420122]],[[39.663894,48.420053],[39.663903,48.420069],[39.663894,48.420084],[39.663867,48.420084],[39.663854,48.420069],[39.663867,48.420053],[39.663894,48.420053]],[[39.663877,48.42079],[39.663885,48.420805],[39.663871,48.42082],[39.66385,48.42082],[39.663836,48.420805],[39.66385,48.42079],[39.663877,48.42079]]]}},{"type":"Feature","properties":{"cadnum":"4421480800:10:002:0015"},"geometry":{"type":"Polygon","coordinates":[[[39.660706,48.418321],[39.66070733267716,48.418321],[39.660705,48.418716],[39.660628,48.419589],[39.66073,48.419591],[39.66073,48.41959034882059],[39.666052,48.41966072551823],[39.666052,48.419661],[39.666984,48.419673],[39.667003,48.419028],[39.6670185195122,48.418321],[39.667019,48.418321],[39.66703,48.417914],[39.666052,48.417901],[39.666052,48.41790178527385],[39.66071,48.417833],[39.660706,48.418321]],[[39.663911,48.41791],[39.663926,48.417925],[39.663911,48.41794],[39.663885,48.41794],[39.663871,48.417925],[39.663885,48.41791],[39.663911,48.41791]],[[39.663917,48.418653],[39.663903,48.418668],[39.663877,48.418668],[39.663863,48.418653],[39.663877,48.418637],[39.663903,48.418637],[39.663917,48.418653]],[[39.663911,48.41935],[39.663898,48.419365],[39.663877,48.419365],[39.663863,48.41935],[39.663877,48.419335],[39.663903,48.419335],[39.663911,48.41935]]]}},{"type":"Feature","properties":{"cadnum":"4421480800:10:003:0038"},"geometry":{"type":"Polygon","coordinates":[[[39.660476,48.421431],[39.658674,48.421449],[39.65867088030888,48.421853],[39.65867,48.421853],[39.658653,48.424293],[39.660476,48.424271],[39.660472,48.423732],[39.660445,48.423241],[39.660466992268056,48.42191381443216],[39.660476,48.421431]]]}},{"type":"Feature","properties":{"cadnum":"4421480800:10:003:0039"},"geometry":{"type":"Polygon","coordinates":[[[39.658674,48.421449],[39.660476,48.421431],[39.660494,48.420283],[39.660638,48.418712],[39.658697,48.418632],[39.658674,48.421449]]]}},{"type":"Feature","properties":{"cadnum":"4421480800:13:003:0102"},"geometry":{"type":"Polygon","coordinates":[[[39.789838,48.435573],[39.789087,48.435919],[39.789651,48.436547],[39.78965149493087,48.436547],[39.7915,48.438603],[39.792259,48.438269],[39.790712388888885,48.436547],[39.790713,48.436547],[39.789838,48.435573]]]}},{"type":"Feature","properties":{"cadnum":"4421480800:13:003:0050"},"geometry":{"type":"Polygon","coordinates":[[[39.790915,48.426126],[39.789676,48.426346],[39.788118,48.426924],[39.787336,48.427443],[39.786901,48.42773],[39.786901,48.42773006293706],[39.786644,48.427899],[39.786901,48.42786185780886],[39.786901,48.427862],[39.792395,48.42706565440914],[39.792395,48.427066],[39.792503,48.42705],[39.79141332336956,48.429144],[39.791413,48.429144],[39.78951536615221,48.432788],[39.789515,48.432788],[39.787618320031925,48.436433],[39.787618,48.436433],[39.787475,48.436708],[39.786901,48.43694],[39.786901,48.43694007710011],[39.786204,48.43722],[39.786443,48.437465],[39.786901,48.43788883174604],[39.786901,48.437889],[39.786930576374004,48.437916201628646],[39.787073,48.438048],[39.787073,48.438047189781024],[39.787175,48.438141],[39.787942,48.438764],[39.788607,48.439134],[39.788935,48.439122],[39.789919,48.438583],[39.791011,48.438669],[39.791508,48.438631],[39.792395,48.43824283270321],[39.792395,48.438244],[39.792946,48.438002],[39.794213,48.437331],[39.794451,48.437123],[39.794531,48.436983],[39.794684,48.436968],[39.794953,48.436851],[39.795536272727276,48.436547],[39.795537,48.436547],[39.796705,48.435939],[39.797833,48.435424],[39.797888,48.435396986725664],[39.797888,48.435397],[39.79795557628527,48.435363796603255],[39.798059,48.435313],[39.798059,48.43531297968397],[39.799217,48.434744],[39.79923,48.434742],[39.800366,48.434369],[39.800299,48.434196],[39.800227,48.433743],[39.799816,48.432788],[39.799815957264954,48.432788],[39.799714,48.432551],[39.798857,48.430686],[39.798946,48.429144],[39.79894592307692,48.429144],[39.798969,48.428764],[39.798789,48.428539],[39.797888,48.427882],[39.797888,48.42788218176606],[39.796315,48.426734],[39.794657,48.426158],[39.793368,48.425735],[39.793202,48.425658],[39.792395,48.425823],[39.792395,48.42582390430042],[39.790915,48.426126]],[[39.792479,48.435698],[39.792566,48.435654],[39.792566,48.43565391216217],[39.792627,48.435623],[39.792682,48.435683],[39.792489,48.435769],[39.792479,48.435698]],[[39.791904,48.435087],[39.791729,48.435165],[39.79168,48.435102],[39.791837,48.435024],[39.791904,48.435087]],[[39.789151,48.43832],[39.789083,48.438448],[39.788944,48.438439],[39.78894,48.438344],[39.789151,48.43832]],[[39.793171,48.425768],[39.793131,48.425759],[39.793144,48.425732],[39.793185,48.425741],[39.793171,48.425768]]]}},{"type":"Feature","properties":{"cadnum":"4421480800:13:003:0100"},"geometry":{"type":"Polygon","coordinates":[[[39.788302,48.436315],[39.78805328448276,48.436433],[39.788052,48.436433],[39.787475,48.436708],[39.787355,48.436759],[39.789277,48.438901],[39.789906,48.438556],[39.790341,48.438589],[39.788408,48.436433],[39.78840728448276,48.436433],[39.788302,48.436315]],[[39.788944,48.438439],[39.78894,48.438344],[39.789151,48.43832],[39.789083,48.438448],[39.788944,48.438439]]]}},{"type":"Feature","properties":{"cadnum":"4421480800:13:003:0008"},"geometry":{"type":"Polygon","coordinates":[[[39.782269,48.431535],[39.782013,48.431753],[39.781888,48.432065],[39.781923,48.432363],[39.781919,48.432381],[39.781902,48.432396],[39.781888,48.432405],[39.782335,48.432902],[39.7823356553398,48.432902],[39.782975,48.433612],[39.783653,48.434271],[39.784049,48.434759],[39.784462,48.435272],[39.784619,48.435388],[39.784982,48.435665],[39.785778,48.435051],[39.786087,48.43498],[39.78625,48.435108],[39.785657,48.435436],[39.785082,48.435793],[39.785248,48.436273],[39.785484,48.436547],[39.78548454945055,48.436547],[39.785858,48.436979],[39.785904,48.437024],[39.78685989285715,48.436547],[39.78686,48.436547],[39.786914,48.43652],[39.787073,48.436474],[39.787073,48.43647345512821],[39.787382,48.436383],[39.787561,48.436294],[39.786901,48.435559],[39.786901,48.43555933546446],[39.784414,48.432788],[39.78441368221071,48.432788],[39.782957,48.431165],[39.782269,48.431535]]]}},{"type":"Feature","properties":{"cadnum":"4421480800:13:003:0099"},"geometry":{"type":"Polygon","coordinates":[[[39.787073,48.438047189781024],[39.787175,48.438141],[39.787942,48.438764],[39.788567,48.43911],[39.788917,48.439095],[39.789277,48.438901],[39.787355,48.436759],[39.786901,48.436941],[39.786901,48.43694168124281],[39.786204,48.43722],[39.786443,48.437465],[39.786901,48.43788883174604],[39.786901,48.437889],[39.786930576374004,48.437916201628646],[39.787073,48.438048],[39.787073,48.438047189781024]]]}},{"type":"Feature","properties":{"cadnum":"4421480800:13:003:0103"},"geometry":{"type":"Polygon","coordinates":[[[39.790571,48.435239],[39.789838,48.435573],[39.79061058726899,48.436433],[39.79061,48.436433],[39.792259,48.438269],[39.792395,48.43820963843648],[39.792395,48.438211],[39.792923,48.437978],[39.792995,48.437939],[39.792395,48.43727],[39.792395,48.437271568181814],[39.791642,48.436433],[39.79164176605505,48.436433],[39.790571,48.435239]]]}},{"type":"Feature","properties":{"cadnum":"4421480800:13:003:0101"},"geometry":{"type":"Polygon","coordinates":[[[39.789087,48.435919],[39.788908,48.435999],[39.788575,48.436187],[39.788302,48.436315],[39.788509,48.436547],[39.78851020871984,48.436547],[39.790341,48.438589],[39.791011,48.438642],[39.7915,48.438603],[39.789549,48.436433],[39.7895486178344,48.436433],[39.789087,48.435919]]]}},{"type":"Feature","properties":{"cadnum":"4421480800:04:001:0014"},"geometry":{"type":"Polygon","coordinates":[[[39.669213,48.449243],[39.668663,48.451123],[39.66866372961373,48.451123],[39.668561,48.451475],[39.671612276026295,48.451651927602285],[39.672607,48.45171],[39.672712,48.451009],[39.672711285714286,48.451009],[39.672936,48.449527],[39.672442,48.449488],[39.671717,48.449433039018956],[39.671717,48.449433],[39.669213,48.449243]]]}},{"type":"Feature","properties":{"cadnum":"4421480800:03:004:0020"},"geometry":{"type":"Polygon","coordinates":[[[39.662898,48.44296],[39.662295,48.443269],[39.661823,48.443514],[39.66142045106383,48.443721],[39.66142,48.443721],[39.661366,48.443749],[39.661181,48.443835],[39.66118196,48.443835],[39.660938,48.443949],[39.660674,48.444086],[39.66073,48.444214],[39.66073,48.44421250909091],[39.660894,48.444583],[39.66073,48.44569455555555],[39.66073,48.445692],[39.660705,48.445864],[39.66073,48.445927],[39.66073,48.44592448951049],[39.660848,48.44621],[39.660737,48.446648],[39.660575,48.447101],[39.66043182539683,48.447365],[39.660431,48.447365],[39.660355,48.447507],[39.660305,48.448103],[39.660559,48.44827078832117],[39.660559,48.448271],[39.660579,48.448284],[39.66073,48.448296],[39.66073,48.44829498005148],[39.662133,48.448397],[39.665907,48.448648],[39.666224,48.448673],[39.666224,48.44867225784447],[39.668984,48.448885],[39.668709,48.447697],[39.66861144680833,48.44746565957404],[39.668269,48.446643],[39.667452,48.44565],[39.666634,48.444685],[39.666224,48.44427938972163],[39.666224,48.444279],[39.666167,48.444223],[39.665658,48.443721],[39.665657175999996,48.443721],[39.665519,48.443585],[39.663733,48.442527],[39.662898,48.44296]]]}},{"type":"Feature","properties":{"cadnum":"4421480800:03:001:0003"},"geometry":{"type":"Polygon","coordinates":[[[39.659663,48.448245],[39.659565,48.44824],[39.658361,48.448227],[39.658185,48.448207],[39.657938,48.448353],[39.658019,48.44835],[39.658338,48.448391],[39.659546,48.448401],[39.659636,48.448406],[39.660355,48.44846],[39.660445,48.448472],[39.660559,48.4484812],[39.660559,48.448482],[39.662102,48.448603],[39.662596,48.44862],[39.662919,48.448642],[39.666224,48.448892],[39.666224,48.448890976031436],[39.668597,48.44907],[39.668422,48.448892],[39.667024,48.44879],[39.66612808193623,48.44872271397258],[39.662946,48.448481],[39.662116,48.448427],[39.660559,48.448312],[39.660559,48.44831217900656],[39.659663,48.448245]]]}},{"type":"Feature","properties":{"cadnum":"4421480800:04:001:0005"},"geometry":{"type":"Polygon","coordinates":[[[39.672069,48.449377],[39.672716,48.449512],[39.673884,48.44975],[39.675729,48.450176],[39.677038,48.45052954490209],[39.677038,48.45053],[39.677647,48.450694],[39.678878,48.451123],[39.67887919002376,48.451123],[39.679763,48.45143],[39.679947,48.451228],[39.67960371232878,48.451123],[39.679604,48.451123],[39.67797,48.450623],[39.677746,48.450548],[39.67721,48.45040415819209],[39.67721,48.450404],[39.675829,48.45003],[39.673942,48.449592],[39.672653,48.449329],[39.672114,48.449216],[39.671655,48.44916],[39.671565,48.449151],[39.671385,48.449115],[39.669171,48.448945],[39.668422,48.448892],[39.668597,48.44907],[39.669104,48.44911],[39.671359,48.449294],[39.671642,48.44932],[39.671717,48.449331],[39.671717,48.449330011709606],[39.672069,48.449377]]]}},{"type":"Feature","properties":{"cadnum":"4421480800:03:004:0022"},"geometry":{"type":"Polygon","coordinates":[[[39.667303,48.448913],[39.66724,48.449297],[39.666052,48.449209],[39.666052,48.4492101],[39.663984,48.449055],[39.663678,48.450903],[39.66527489940826,48.451009],[39.66527,48.451009],[39.666224,48.451073],[39.666224,48.45107244206009],[39.666984,48.451123],[39.6669877943925,48.451123],[39.667667,48.451168],[39.667708,48.451009],[39.66770685714285,48.451009],[39.668238,48.448981],[39.667303,48.448913]]]}},{"type":"Feature","properties":{"cadnum":"4421480800:14:004:0006"},"geometry":{"type":"Polygon","coordinates":[[[39.767811,48.381043],[39.765602,48.381851],[39.76560449171271,48.381851],[39.7651,48.38203621906693],[39.7651,48.382035],[39.764788,48.382149],[39.764425,48.382326],[39.764088,48.382656],[39.763006,48.38442],[39.7651,48.383654],[39.7651,48.38365339013086],[39.768597,48.382373],[39.76822,48.381737],[39.76821984158416,48.381737],[39.767811,48.381043]],[[39.766199,48.381822],[39.766214,48.381851],[39.76621415909091,48.381851],[39.766222,48.381866],[39.766153,48.381881],[39.766132,48.381836],[39.766199,48.381822]],[[39.765776,48.3818],[39.765786,48.381785],[39.765809,48.381782],[39.765822,48.381795],[39.765813,48.381809],[39.765805,48.381811],[39.765795,48.381813],[39.765776,48.3818]],[[39.765947,48.381887],[39.765965,48.381881],[39.765988,48.38189],[39.765983,48.381904],[39.765965,48.381911],[39.765947,48.381902],[39.765947,48.381887]]]}},{"type":"Feature","properties":{"cadnum":"4421480800:14:004:0024"},"geometry":{"type":"Polygon","coordinates":[[[39.767811,48.381043],[39.765602,48.381851],[39.76560449171271,48.381851],[39.7651,48.38203621906693],[39.7651,48.382035],[39.764788,48.382149],[39.764425,48.382326],[39.764088,48.382656],[39.763572,48.383498],[39.764929,48.38300067015707],[39.764929,48.383002],[39.768252,48.381785],[39.767811,48.381043]],[[39.766199,48.381822],[39.766214,48.381851],[39.76621415909091,48.381851],[39.766222,48.381866],[39.766153,48.381881],[39.766132,48.381836],[39.766199,48.381822]],[[39.765776,48.3818],[39.765786,48.381785],[39.765809,48.381782],[39.765822,48.381795],[39.765813,48.381809],[39.765795,48.381813],[39.765776,48.3818]],[[39.765947,48.381887],[39.765965,48.381881],[39.765988,48.38189],[39.765983,48.381904],[39.765965,48.381911],[39.765947,48.381902],[39.765947,48.381887]]]}},{"type":"Feature","properties":{"cadnum":"4421480800:14:004:0023"},"geometry":{"type":"Polygon","coordinates":[[[39.768071,48.381851],[39.76807178800329,48.381851],[39.7651,48.38293937375865],[39.7651,48.382938],[39.763572,48.383498],[39.763006,48.38442],[39.7651,48.383654],[39.7651,48.38365339013086],[39.768597,48.382373],[39.768252,48.381785],[39.768071,48.381851]]]}},{"type":"Feature","properties":{"cadnum":"4421480800:17:008:0001"},"geometry":{"type":"Polygon","coordinates":[[[39.76721,48.381212],[39.76778,48.381004],[39.768755,48.380681],[39.769011,48.380599],[39.768162,48.379476],[39.766365,48.380094],[39.76721,48.381212]]]}},{"type":"Feature","properties":{"cadnum":"4421480800:14:004:0017"},"geometry":{"type":"Polygon","coordinates":[[[39.776087,48.379161],[39.776087,48.379160786885244],[39.77622,48.379115],[39.77596379999981,48.378781519999755],[39.775807,48.378576],[39.774531,48.378895],[39.772945,48.379402],[39.770422,48.380208],[39.770422,48.38020889863014],[39.769864,48.380387],[39.769873,48.380392],[39.769873,48.380407],[39.769855,48.380413],[39.769837,48.380404],[39.769837,48.380395],[39.767874,48.381022],[39.76829691881443,48.381737],[39.768296,48.381737],[39.768333,48.381798],[39.770422,48.38108657585139],[39.770422,48.381087],[39.77091,48.38092],[39.773566,48.38002],[39.775915,48.379219606902026],[39.775915,48.37922],[39.77602653320885,48.37918160332154],[39.776087,48.379161]]]}},{"type":"Feature","properties":{"cadnum":"4421480800:17:008:0089"},"geometry":{"type":"Polygon","coordinates":[[[39.76721,48.381212],[39.76778,48.381004],[39.768103,48.380896],[39.767264,48.379787],[39.766365,48.380094],[39.76721,48.381212]]]}},{"type":"Feature","properties":{"cadnum":"4421480800:17:008:0090"},"geometry":{"type":"Polygon","coordinates":[[[39.768103,48.380896],[39.768755,48.380681],[39.769011,48.380599],[39.768162,48.379476],[39.767264,48.379787],[39.768103,48.380896]]]}},{"type":"Feature","properties":{"cadnum":"4421480800:17:008:0002"},"geometry":{"type":"Polygon","coordinates":[[[39.774684,48.377185],[39.771716,48.378202],[39.77171719677996,48.378202],[39.770594,48.37858790473264],[39.770594,48.378587],[39.76813,48.379432],[39.768162,48.379476],[39.769011,48.380599],[39.769729,48.380356],[39.770317,48.38013],[39.770422,48.380086787003606],[39.770422,48.380087],[39.77047298058366,48.38006580582477],[39.770594,48.380016],[39.770594,48.38001549438202],[39.770956,48.379865],[39.771831,48.379611],[39.772981,48.37919],[39.774015,48.378877],[39.774539,48.378775],[39.775613,48.378414],[39.775608,48.378414],[39.775363,48.378088],[39.775362359882,48.378088],[39.774684,48.377185]],[[39.774759,48.378456],[39.77511,48.37837],[39.7752,48.378465],[39.774828,48.378591],[39.774794,48.378523],[39.774759,48.378456]]]}},{"type":"Feature","properties":{"cadnum":"4421480800:10:002:0040"},"geometry":{"type":"Polygon","coordinates":[[[39.678012,48.425086],[39.677073,48.425097],[39.674521,48.425192],[39.673982,48.425133],[39.673416,48.42519],[39.67340721327014,48.425499],[39.673406,48.425499],[39.673372,48.426811],[39.677038,48.42677279260032],[39.677038,48.426773],[39.679888,48.426743],[39.679893,48.42663],[39.679920050359705,48.425610201439305],[39.679934,48.425112],[39.678012,48.425086]]]}},{"type":"Feature","properties":{"cadnum":"4421480800:10:002:0027"},"geometry":{"type":"Polygon","coordinates":[[[39.666877,48.423997],[39.666854,48.424779],[39.66683665060241,48.425499],[39.666836,48.425499],[39.666836,48.425526],[39.671545,48.425586779963126],[39.671545,48.425587],[39.671545,48.425588],[39.673339,48.42561],[39.673349,48.425154],[39.673358,48.424081],[39.671717,48.424060182018756],[39.671717,48.42406],[39.666877,48.423997]]]}},{"type":"Feature","properties":{"cadnum":"4421480800:10:002:0038"},"geometry":{"type":"Polygon","coordinates":[[[39.67721,48.42842022238061],[39.67721,48.42842],[39.673331,48.428459],[39.673307,48.429258],[39.67330784240688,48.429258],[39.673282,48.430191],[39.676116,48.430105],[39.677038,48.43009320109689],[39.677038,48.430094],[39.679794,48.430059],[39.679821,48.429144],[39.6798205583815,48.429144],[39.679844,48.428393],[39.67721,48.42842022238061]]]}},{"type":"Feature","properties":{"cadnum":"4421480800:10:002:0039"},"geometry":{"type":"Polygon","coordinates":[[[39.679844,48.428393],[39.679848,48.428206],[39.679888,48.426743],[39.67721,48.42677118947368],[39.67721,48.426771],[39.673372,48.426811],[39.673331,48.428459],[39.677038,48.42842172931168],[39.677038,48.428422],[39.679844,48.428393]]]}},{"type":"Feature","properties":{"cadnum":"4421480800:10:002:0028"},"geometry":{"type":"Polygon","coordinates":[[[39.671717,48.425589],[39.671717,48.425588],[39.666836,48.425526],[39.666814,48.426427],[39.666796,48.427202],[39.671717,48.427265],[39.671717,48.42726426057143],[39.673295,48.427285],[39.673339,48.42561],[39.671717,48.425590109253065],[39.671717,48.425589]]]}},{"type":"Feature","properties":{"cadnum":"4421480800:17:008:0006"},"geometry":{"type":"Polygon","coordinates":[[[39.771688,48.373229],[39.771688,48.373223],[39.771571,48.373021],[39.771571,48.373017],[39.77149,48.372815],[39.771019,48.3722],[39.77048656535178,48.37238282931806],[39.7651,48.37422938005296],[39.7651,48.374229],[39.76438,48.374476],[39.764438,48.374554],[39.76443890976515,48.374554],[39.764929,48.37520290834697],[39.764929,48.375204],[39.764991,48.375285],[39.7651,48.375429],[39.7651,48.375428282258056],[39.765363,48.375774],[39.768915083958014,48.374554],[39.768916,48.374554],[39.770594,48.373978],[39.770594,48.3739778966443],[39.771912,48.373525],[39.771688,48.373229]]]}},{"type":"Feature","properties":{"cadnum":"4421480800:17:008:0007"},"geometry":{"type":"Polygon","coordinates":[[[39.77048656535178,48.37238282931806],[39.770594,48.372346],[39.770594,48.37234593802345],[39.771019,48.3722],[39.770594,48.371645435510885],[39.770594,48.371645],[39.770038,48.37092],[39.7651,48.372616259541985],[39.7651,48.372616],[39.763409,48.373196],[39.763948,48.373906],[39.76438,48.374476],[39.764929,48.3742876625],[39.764929,48.374288],[39.770422,48.37240496275375],[39.770422,48.372405],[39.77048656535178,48.37238282931806]],[[39.765381,48.373764],[39.7654,48.373755],[39.765413,48.373759],[39.765417,48.37376],[39.765422,48.373775],[39.765404,48.373784],[39.765381,48.373778],[39.765381,48.373764]],[[39.765363,48.373647],[39.765377,48.373638],[39.765396,48.373643],[39.7654,48.373644],[39.765404,48.373658],[39.765386,48.373667],[39.765363,48.373662],[39.765363,48.373647]]]}},{"type":"Feature","properties":{"cadnum":"4421480800:17:008:0005"},"geometry":{"type":"Polygon","coordinates":[[[39.770422,48.374037],[39.770422,48.37403704171633],[39.76924810416667,48.37444],[39.769247,48.37444],[39.765363,48.375774],[39.766069,48.376711],[39.766333,48.37706],[39.770422,48.37565893452241],[39.770422,48.375659],[39.772887,48.374814],[39.77268956684492,48.374554],[39.77269,48.374554],[39.771912,48.373525],[39.770422,48.374037]]]}},{"type":"Feature","properties":{"cadnum":"4421480800:17:008:0036"},"geometry":{"type":"Polygon","coordinates":[[[39.747815,48.369091],[39.747532,48.369168],[39.74662,48.369595],[39.746481,48.369902],[39.747261,48.370905],[39.747261846671655,48.370905],[39.748215,48.372128],[39.748449,48.3724277044335],[39.748449,48.372429],[39.749253,48.373456],[39.75002102185792,48.37444],[39.75002,48.37444],[39.750352,48.374864],[39.750572,48.375151],[39.751323,48.37487],[39.752104,48.374575],[39.751998,48.37444],[39.75199687217645,48.37444],[39.749144,48.370791],[39.749143891326014,48.370791],[39.748621,48.37012204591837],[39.748621,48.370122],[39.747815,48.369091]]]}},{"type":"Feature","properties":{"cadnum":"4421480800:17:007:0001"},"geometry":{"type":"Polygon","coordinates":[[[39.744505,48.373209],[39.744519,48.373023],[39.743804,48.372727],[39.742956,48.373087],[39.742956,48.37308796969697],[39.742039,48.373477],[39.741427,48.373793],[39.741203,48.373892],[39.741355,48.374554],[39.74135531422189,48.374554],[39.741639,48.375783],[39.742956,48.37552068917988],[39.742956,48.375521],[39.74309,48.375494],[39.743957,48.375139],[39.744316,48.374888],[39.744513,48.374569],[39.74454787976531,48.37445059237567],[39.744712,48.373901],[39.744505,48.373209]]]}},{"type":"Feature","properties":{"cadnum":"4421480800:17:008:0085"},"geometry":{"type":"Polygon","coordinates":[[[39.745844,48.373811],[39.74628090482955,48.37444],[39.746279,48.37444],[39.746333,48.374515],[39.746376,48.374554],[39.74637754539386,48.374554],[39.748044,48.376013],[39.748449,48.3762663882149],[39.748449,48.376267],[39.74859158431378,48.37635559607846],[39.748621,48.376374],[39.748621,48.376373873786406],[39.748861,48.376523],[39.749135,48.376875],[39.749446,48.376365],[39.748621,48.37531078736208],[39.748621,48.37531],[39.748345,48.374956],[39.747999,48.374521],[39.747819,48.374589],[39.74768,48.37444],[39.747678963235295,48.37444],[39.746014,48.37265],[39.745844,48.373811]]]}},{"type":"Feature","properties":{"cadnum":"4421480800:17:008:0088"},"geometry":{"type":"Polygon","coordinates":[[[39.746481,48.369902],[39.746477,48.369905],[39.74645,48.370192],[39.746404,48.370577],[39.746381164634144,48.370791],[39.746381,48.370791],[39.746378170305654,48.370819061135606],[39.746369,48.370905],[39.74636950420168,48.370905],[39.746297,48.371624],[39.746777,48.372209],[39.746355,48.372424],[39.747383,48.373501],[39.748215,48.372128],[39.747173,48.370791],[39.74717234596211,48.370791],[39.746481,48.369902]],[[39.747649,48.3724],[39.747689,48.372384],[39.747706,48.372409],[39.747671,48.372424],[39.747649,48.3724]],[[39.747258,48.371991],[39.747293,48.371979],[39.747316,48.372003],[39.747276,48.372017],[39.747258,48.371991]],[[39.746912,48.371639],[39.746953,48.371624],[39.74697,48.371648],[39.746934,48.371663],[39.746912,48.371639]],[[39.746521,48.371233],[39.746557,48.371218],[39.74658,48.371242],[39.746544,48.371257],[39.746521,48.371233]]]}},{"type":"Feature","properties":{"cadnum":"4421480800:17:008:0087"},"geometry":{"type":"Polygon","coordinates":[[[39.749253,48.373456],[39.748621,48.37264870646766],[39.748621,48.372648],[39.748215,48.372128],[39.747383,48.373501],[39.748259,48.374419],[39.74820547058824,48.37444],[39.748205,48.37444],[39.747999,48.374521],[39.748024,48.374554],[39.748025248275866,48.374554],[39.748345,48.374956],[39.748621,48.3745],[39.748621,48.37449953846154],[39.748657,48.37444],[39.748656147540984,48.37444],[39.749253,48.373456]],[[39.748431,48.37316],[39.748435,48.373158],[39.748449,48.373174545454546],[39.748449,48.373176],[39.748457,48.373184],[39.748448,48.373187],[39.748421,48.373196],[39.748398,48.373172],[39.748431,48.37316]],[[39.748066,48.372776],[39.748089,48.372802],[39.748052,48.372817],[39.748031,48.372791],[39.748066,48.372776]],[[39.748811,48.373536],[39.748838,48.373569],[39.74879,48.37359],[39.748758,48.373558],[39.748811,48.373536]]]}},{"type":"Feature","properties":{"cadnum":"4421480800:02:003:0025"},"geometry":{"type":"Polygon","coordinates":[[[39.63016,48.403736],[39.63016139857651,48.403736],[39.6301,48.404465],[39.633093,48.40446594565561],[39.633093,48.404466],[39.638586,48.40446696963813],[39.638586,48.404467],[39.638758,48.404467],[39.639352,48.404467],[39.639425922330076,48.40366617475744],[39.639442,48.403504],[39.638586,48.403476],[39.638586,48.40347620088261],[39.633093,48.403291],[39.633093,48.40329120667103],[39.630207,48.403194],[39.63016,48.403736]],[[39.635373,48.40388],[39.635642,48.403769],[39.635992,48.403817],[39.636155,48.403939],[39.636168,48.404158],[39.635996,48.404315],[39.635746,48.404327],[39.635499,48.404267],[39.635341,48.404005],[39.635373,48.40388]]]}},{"type":"Feature","properties":{"cadnum":"4421480800:16:001:0001"},"geometry":{"type":"Polygon","coordinates":[[[39.633265,48.402112],[39.630289,48.402001],[39.630293,48.402839],[39.63022,48.403069],[39.633093,48.40316523842365],[39.633093,48.403166],[39.638586,48.40334926160635],[39.638586,48.40335],[39.639455,48.403378],[39.639568,48.402347],[39.638586,48.402311],[39.638586,48.40231156328332],[39.633265,48.402112436716685],[39.633265,48.402112]]]}},{"type":"Feature","properties":{"cadnum":"4421480800:10:004:0009"},"geometry":{"type":"Polygon","coordinates":[[[39.64022,48.40348],[39.639914,48.403466],[39.639914,48.40348],[39.6398246953125,48.403622],[39.639824,48.403622],[39.63978585714279,48.40368375510214],[39.639753,48.403736],[39.639753588235294,48.403736],[39.639698,48.403826],[39.639501,48.404989],[39.639545,48.405749],[39.643893,48.406107],[39.644059,48.403793],[39.641964,48.403622],[39.64196171874996,48.403622],[39.64022,48.40348]]]}},{"type":"Feature","properties":{"cadnum":"4421480800:06:001:0027"},"geometry":{"type":"Polygon","coordinates":[[[39.697092,48.439378],[39.69706534686347,48.440077],[39.697065,48.440077],[39.697051,48.440475],[39.699011,48.44063036585366],[39.699011,48.440631],[39.704504,48.4410644282436],[39.704504,48.441065],[39.707485,48.4413],[39.70748,48.44122],[39.70766,48.440713],[39.707723,48.440519],[39.707719,48.440221],[39.705901,48.440077],[39.70589471428574,48.440077],[39.704676,48.439980604519775],[39.704676,48.43998],[39.699183,48.43954463248014],[39.699183,48.439544],[39.697092,48.439378]]]}},{"type":"Feature","properties":{"cadnum":"4421480800:06:001:0025"},"geometry":{"type":"Polygon","coordinates":[[[39.697334,48.437486],[39.697298,48.4379],[39.697199,48.438398],[39.699011,48.438541389112906],[39.699011,48.438542],[39.701381,48.438729],[39.701381,48.438726],[39.701654,48.438726],[39.70169,48.438753],[39.704504,48.438974463496315],[39.704504,48.438975],[39.707732,48.439229],[39.707732,48.439128],[39.707835,48.438704],[39.707858,48.438317],[39.704504,48.438053],[39.704504,48.438053397881724],[39.699011,48.437619],[39.699011,48.437619325581394],[39.697334,48.437486]]]}},{"type":"Feature","properties":{"cadnum":"4421480800:06:001:0024"},"geometry":{"type":"Polygon","coordinates":[[[39.699183,48.43763260211827],[39.704676,48.438067],[39.704676,48.438066538461534],[39.707858,48.438317],[39.707902,48.437412],[39.704676,48.43715661624485],[39.704676,48.437156],[39.699011,48.436708],[39.699011,48.436708342431764],[39.697168,48.436562],[39.697159,48.436765],[39.697343,48.437322],[39.697334,48.437486],[39.699183,48.437633],[39.699183,48.43763260211827]]]}},{"type":"Feature","properties":{"cadnum":"4421480800:06:001:0019"},"geometry":{"type":"Polygon","coordinates":[[[39.693689,48.43858771572011],[39.696705,48.439006],[39.696719,48.438704],[39.696727,48.437615],[39.693518,48.437169],[39.693518,48.43716917739915],[39.689698,48.436637],[39.689658,48.437468],[39.689685,48.437769],[39.689649,48.438026],[39.693689,48.438588],[39.693689,48.43858771572011]]]}},{"type":"Feature","properties":{"cadnum":"4421480800:11:002:0001"},"geometry":{"type":"Polygon","coordinates":[[[39.708002,48.43411],[39.707992,48.435424],[39.709997,48.435615566375745],[39.709997,48.435616],[39.710459,48.43566],[39.711222,48.435817],[39.713798,48.436547],[39.7137991707317,48.436547],[39.714411,48.43672],[39.714416,48.436433],[39.71441556756757,48.436433],[39.714443,48.435215],[39.714497,48.43462],[39.709997,48.434267],[39.709997,48.43426742731887],[39.708002,48.43411]]]}},{"type":"Feature","properties":{"cadnum":"4421480800:11:001:0016"},"geometry":{"type":"Polygon","coordinates":[[[39.707552,48.43202],[39.707539,48.431722],[39.704504,48.431747],[39.704504,48.431747267813265],[39.703048,48.431758],[39.703124,48.432053],[39.702922,48.43267],[39.702472,48.432736],[39.702531,48.432232],[39.702562,48.432089],[39.702679,48.431762],[39.699183,48.43179249945474],[39.699183,48.431792],[39.698497,48.431797],[39.69848534117647,48.432788],[39.698485,48.432788],[39.69848412121212,48.43289169696978],[39.698484,48.432902],[39.6984840338983,48.432902],[39.698484,48.432906],[39.699183,48.432901],[39.699183,48.4329],[39.699183,48.43289954263019],[39.704504,48.432854457369814],[39.704504,48.432855],[39.707589,48.432828],[39.707552,48.43202]]]}},{"type":"Feature","properties":{"cadnum":"4421480800:06:001:0022"},"geometry":{"type":"Polygon","coordinates":[[[39.704676,48.436256],[39.704676,48.43625561832947],[39.707952,48.436515],[39.707961,48.436306],[39.707872,48.435609],[39.70466466966642,48.435348071107065],[39.703627,48.435263],[39.699011,48.434904],[39.699011,48.4349046407767],[39.697226,48.434766],[39.697195,48.435662],[39.699183,48.435821],[39.699183,48.43582063248014],[39.704676,48.436256]]]}},{"type":"Feature","properties":{"cadnum":"4421480800:02:003:0008"},"geometry":{"type":"Polygon","coordinates":[[[39.633265,48.42324075089821],[39.638103,48.42329],[39.638135,48.422069],[39.633265,48.42202070567235],[39.633265,48.42202],[39.629551,48.421982],[39.629807,48.423112],[39.629817,48.423204],[39.633265,48.423241],[39.633265,48.42324075089821]]]}},{"type":"Feature","properties":{"cadnum":"4421480800:02:003:0006"},"geometry":{"type":"Polygon","coordinates":[[[39.630513,48.425035],[39.630522,48.425059],[39.630476,48.425398],[39.630348,48.425612],[39.63034830660377,48.425612],[39.630289,48.425711],[39.633093,48.425739266129035],[39.633093,48.42574],[39.638046,48.425789],[39.638049662068966,48.425612],[39.63805,48.425612],[39.638076,48.424516],[39.633093,48.424467],[39.633093,48.42446728933093],[39.629947,48.424436],[39.630513,48.425035]]]}},{"type":"Feature","properties":{"cadnum":"4421480800:02:003:0007"},"geometry":{"type":"Polygon","coordinates":[[[39.633265,48.42446869135059],[39.638076,48.424516],[39.638103,48.42329],[39.633093,48.423239],[39.633093,48.42323915429234],[39.629817,48.423204],[39.629947,48.424436],[39.633265,48.424469],[39.633265,48.42446869135059]]]}},{"type":"Feature","properties":{"cadnum":"4421480800:10:003:0006"},"geometry":{"type":"Polygon","coordinates":[[[39.638758,48.422514],[39.638463,48.422513],[39.638432,48.423747],[39.638586,48.42374936196319],[39.638586,48.42375],[39.642739,48.423809],[39.644079,48.42383026984127],[39.644079,48.423831],[39.646246,48.423864],[39.646269,48.422537],[39.644079,48.42253],[39.644079,48.42253048384819],[39.638758,48.42251451615181],[39.638758,48.422514]]]}},{"type":"Feature","properties":{"cadnum":"4421480800:10:003:0007"},"geometry":{"type":"Polygon","coordinates":[[[39.638495,48.421243],[39.638476,48.421967],[39.63847623636364,48.421967],[39.638463,48.422513],[39.638586,48.42251341694915],[39.638586,48.422514],[39.644251,48.422531],[39.644251,48.42253054977169],[39.646269,48.422537],[39.64627900000002,48.42196699999891],[39.646292,48.421267],[39.644079,48.42126],[39.644079,48.421260483848194],[39.638758,48.42124451615181],[39.638758,48.421244],[39.638495,48.421243]]]}},{"type":"Feature","properties":{"cadnum":"4421480800:10:003:0012"},"geometry":{"type":"Polygon","coordinates":[[[39.638432,48.423747],[39.638386,48.425612],[39.638386372093024,48.425612],[39.638382,48.4258],[39.638586,48.425810308510634],[39.638586,48.425811],[39.641042,48.425928],[39.641229,48.426206],[39.641386,48.426235],[39.642195,48.426924],[39.642271,48.427067],[39.642747,48.427076],[39.642743,48.425499],[39.64274274930671,48.425499],[39.642739,48.423809],[39.638758,48.423752443534795],[39.638758,48.423752],[39.638432,48.423747]]]}},{"type":"Feature","properties":{"cadnum":"4421480800:11:002:0053"},"geometry":{"type":"Polygon","coordinates":[[[39.731026,48.428182],[39.730554,48.428385],[39.731377,48.429258],[39.73137796470588,48.429258],[39.731592,48.429484],[39.73197,48.42932154042553],[39.73197,48.429322],[39.732062,48.429282],[39.73203946938775,48.429258],[39.73204,48.429258],[39.731026,48.428182]]]}},{"type":"Feature","properties":{"cadnum":"4421480800:11:002:0069"},"geometry":{"type":"Polygon","coordinates":[[[39.732141,48.42765384390244],[39.732175,48.42769],[39.732758,48.427437],[39.73197,48.426598],[39.73197,48.42659870458715],[39.731596,48.4262],[39.730949,48.426388],[39.732141,48.427655],[39.732141,48.42765384390244]]]}},{"type":"Feature","properties":{"cadnum":"4421480800:11:002:0076"},"geometry":{"type":"Polygon","coordinates":[[[39.730495,48.425199],[39.730051,48.425234],[39.7300495978836,48.425499],[39.730049,48.425499],[39.730047,48.42662],[39.730491,48.426492],[39.73049277240685,48.425612],[39.730493,48.425612],[39.730495,48.425199]]]}},{"type":"Feature","properties":{"cadnum":"4421480800:11:002:0066"},"geometry":{"type":"Polygon","coordinates":[[[39.730554,48.428385],[39.731026,48.428182],[39.731187,48.42811],[39.730047,48.4269],[39.730047,48.427845],[39.730554,48.428385]]]}},{"type":"Feature","properties":{"cadnum":"4421480800:11:002:0077"},"geometry":{"type":"Polygon","coordinates":[[[39.731254,48.425142],[39.731007,48.425159],[39.730531,48.425196],[39.730495,48.425199],[39.730493547215495,48.425499],[39.730493,48.425499],[39.730491,48.426492],[39.73125,48.426272],[39.731252,48.425499],[39.73125172127659,48.425499],[39.731254,48.425142]]]}},{"type":"Feature","properties":{"cadnum":"4421480800:11:002:0019"},"geometry":{"type":"Polygon","coordinates":[[[39.726648,48.42769310945274],[39.726648,48.427693],[39.726259,48.427697],[39.724988,48.427711],[39.7249759579832,48.429144],[39.724975,48.429144],[39.724961,48.430882],[39.725284,48.430867],[39.726648,48.430851],[39.726648,48.430850935613684],[39.726974,48.430847],[39.727963,48.430879],[39.728263,48.430898],[39.728275,48.429144],[39.728274864181934,48.429144],[39.728286,48.427675],[39.726648,48.42769310945274]]]}},{"type":"Feature","properties":{"cadnum":"4421480800:11:002:0017"},"geometry":{"type":"Polygon","coordinates":[[[39.72882,48.424399],[39.726477,48.424479],[39.726477,48.42447966850828],[39.726286,48.424486],[39.7262770035524,48.425499],[39.726277,48.425499],[39.72627695794398,48.42550413550784],[39.726276,48.425612],[39.72627607461329,48.425612],[39.726259,48.427697],[39.726477,48.427694758354754],[39.726477,48.427695],[39.728286,48.427675],[39.730005,48.427657],[39.7300078429101,48.425612],[39.730008,48.425612],[39.73001,48.424308],[39.72882,48.424399]]]}},{"type":"Feature","properties":{"cadnum":"4421480800:11:002:0068"},"geometry":{"type":"Polygon","coordinates":[[[39.73197,48.42777730443975],[39.73197,48.427778],[39.732078084935466,48.427731602564286],[39.732141,48.427705],[39.732141,48.42770459512195],[39.732175,48.42769],[39.73197,48.427472],[39.73197,48.42747324077181],[39.730949,48.426388],[39.730391,48.426551],[39.731668,48.427905],[39.73197,48.42777730443975]]]}},{"type":"Feature","properties":{"cadnum":"4421480800:11:002:0067"},"geometry":{"type":"Polygon","coordinates":[[[39.731187,48.42811],[39.731618,48.427925],[39.731668,48.427905],[39.730391,48.426551],[39.730047,48.42665],[39.730047,48.4269],[39.731187,48.42811]]]}},{"type":"Feature","properties":{"cadnum":"4421480800:11:002:0078"},"geometry":{"type":"Polygon","coordinates":[[[39.731251,48.425612],[39.7312517076326,48.425612],[39.73125,48.426272],[39.73197,48.4260618989899],[39.73197,48.426062],[39.732001329730146,48.42605275675663],[39.732141,48.426012],[39.732141,48.42601154968944],[39.732292,48.425967],[39.73220855982906,48.425612],[39.732209,48.425612],[39.732085,48.425077],[39.731254,48.425142],[39.731251,48.425612]]]}},{"type":"Feature","properties":{"cadnum":"4421480800:11:002:0070"},"geometry":{"type":"Polygon","coordinates":[[[39.732141,48.42678006725888],[39.732758,48.427437],[39.733011,48.42733],[39.73342,48.427154],[39.732324,48.425988],[39.732141,48.42604124576271],[39.732141,48.426041],[39.731596,48.4262],[39.732141,48.426781],[39.732141,48.42678006725888]]]}},{"type":"Feature","properties":{"cadnum":"4421480800:13:003:0095"},"geometry":{"type":"Polygon","coordinates":[[[39.770594,48.407785],[39.769927,48.407995],[39.770422,48.40885883808096],[39.770422,48.408859],[39.77159932442397,48.410916],[39.771599,48.410916],[39.772061,48.411721],[39.773057,48.411387],[39.77285101698514,48.411029],[39.772852,48.411029],[39.770933,48.407679],[39.770594,48.40778580821918],[39.770594,48.407785]]]}},{"type":"Feature","properties":{"cadnum":"4421480800:13:003:0097"},"geometry":{"type":"Polygon","coordinates":[[[39.77233,48.407241],[39.772241058823525,48.407269],[39.772239,48.407269],[39.771952,48.40736],[39.771964,48.407383],[39.771965164349965,48.407383],[39.77398732297629,48.410916],[39.773987,48.410916],[39.77401105448722,48.410957462339816],[39.774052,48.411029],[39.774052557251906,48.411029],[39.774063,48.411047],[39.774451,48.410916],[39.77444924595469,48.410916],[39.775029,48.41072],[39.774239,48.409151],[39.773717,48.408165],[39.773543,48.407947],[39.772379,48.407269],[39.77237811267605,48.407269],[39.77233,48.407241]]]}},{"type":"Feature","properties":{"cadnum":"4421480800:14:001:0144"},"geometry":{"type":"Polygon","coordinates":[[[39.774009,48.406483],[39.77295,48.407047],[39.773441,48.407383],[39.7734412398287,48.407383],[39.773956,48.407736],[39.774216,48.408382],[39.774971,48.409873],[39.775915,48.40957960657277],[39.775915,48.40958],[39.776036,48.409542],[39.77453,48.407269],[39.77452950666667,48.407269],[39.774009,48.406483]]]}},{"type":"Feature","properties":{"cadnum":"4421480800:14:001:0138"},"geometry":{"type":"Polygon","coordinates":[[[39.77556,48.409721],[39.775915,48.410257204933586],[39.775915,48.410258],[39.776351106355385,48.410916],[39.776351,48.410916],[39.777841,48.413164],[39.778609,48.412926],[39.777350939800996,48.411029],[39.777351,48.411029],[39.776327,48.409482],[39.775915,48.40961],[39.775915,48.4096105256167],[39.77556,48.409721]]]}},{"type":"Feature","properties":{"cadnum":"4421480800:13:003:0040"},"geometry":{"type":"Polygon","coordinates":[[[39.775051,48.410761],[39.77426,48.411029],[39.77426245320197,48.411029],[39.773996,48.411119],[39.775474,48.414222],[39.775915,48.41407380097879],[39.775915,48.414074],[39.776008196540104,48.41404248207624],[39.776087,48.414016],[39.776087,48.41401583171521],[39.776533,48.413865],[39.776087,48.412856087378636],[39.776087,48.412855],[39.775757,48.412109],[39.775528,48.411703],[39.7751411965063,48.41094005676806],[39.775051,48.410761]]]}},{"type":"Feature","properties":{"cadnum":"4421480800:14:001:0145"},"geometry":{"type":"Polygon","coordinates":[[[39.774836,48.406158],[39.774306,48.406322],[39.774009,48.406483],[39.774605,48.407383],[39.77460553189617,48.407383],[39.775915,48.409359375166005],[39.775915,48.40936],[39.776036,48.409542],[39.776087,48.409527],[39.776087,48.40952621709007],[39.776902,48.409274],[39.776087,48.40804530699088],[39.776087,48.408045],[39.775572,48.407269],[39.77557152734693,48.407269],[39.774836,48.406158]]]}},{"type":"Feature","properties":{"cadnum":"4421480800:14:001:0146"},"geometry":{"type":"Polygon","coordinates":[[[39.775915,48.406152],[39.775743,48.405893],[39.775524,48.405955],[39.774994,48.40611],[39.774836,48.406158],[39.775647,48.407383],[39.775647657216496,48.407383],[39.775915,48.40778583106796],[39.775915,48.407786],[39.776902,48.409274],[39.777801,48.408993],[39.776730779582365,48.407383],[39.776732,48.407383],[39.776087,48.40641115789473],[39.776087,48.406411],[39.775915,48.406152]]]}},{"type":"Feature","properties":{"cadnum":"4421480800:14:001:0137"},"geometry":{"type":"Polygon","coordinates":[[[39.77556,48.409721],[39.774984,48.4099],[39.775498749335696,48.410916],[39.775498,48.410916],[39.77600321621761,48.41191013513788],[39.776107,48.412115],[39.776583,48.412971],[39.77683,48.41348],[39.777747,48.413194],[39.777841,48.413164],[39.77642589768683,48.411029],[39.776426,48.411029],[39.776087,48.4105175146771],[39.776087,48.410517],[39.77556,48.409721]]]}},{"type":"Feature","properties":{"cadnum":"4421480800:13:003:0096"},"geometry":{"type":"Polygon","coordinates":[[[39.771952,48.40736],[39.770933,48.407679],[39.77278726955224,48.410916],[39.772786,48.410916],[39.773057,48.411387],[39.774063,48.411047],[39.77401105448722,48.410957462339816],[39.771952,48.40736]]]}},{"type":"Feature","properties":{"cadnum":"4421480800:13:003:0094"},"geometry":{"type":"Polygon","coordinates":[[[39.769927,48.407995],[39.769082,48.40826],[39.768948,48.40834],[39.77041945258461,48.410916],[39.770419,48.410916],[39.77045786206999,48.41098373103626],[39.771072,48.412058],[39.772061,48.411721],[39.771663852173916,48.411029],[39.771664,48.411029],[39.770594,48.40915951529791],[39.770594,48.409159],[39.769927,48.407995]]]}},{"type":"Feature","properties":{"cadnum":"4421480800:02:002:0823"},"geometry":{"type":"Polygon","coordinates":[[[39.618327,48.425607],[39.618264,48.425553],[39.616613,48.425568],[39.616613,48.42556863187856],[39.61415,48.425592],[39.614568,48.426146],[39.615062,48.426683],[39.616613,48.426667697040045],[39.616613,48.426668],[39.61954,48.426638],[39.619436,48.426504],[39.619203,48.426235],[39.61862,48.4258],[39.61833459067358,48.425612],[39.618335,48.425612],[39.618327,48.425607]]]}},{"type":"Feature","properties":{"cadnum":"4421480800:02:002:0007"},"geometry":{"type":"Polygon","coordinates":[[[39.617316,48.424322],[39.617519,48.423694],[39.617828,48.422868],[39.617757,48.42223],[39.616785,48.422239346153845],[39.616785,48.422239],[39.612511,48.42228],[39.612861,48.423056],[39.612924,48.42302],[39.613477,48.424358],[39.616613,48.42432861185006],[39.616613,48.424329],[39.617316,48.424322]]]}},{"type":"Feature","properties":{"cadnum":"4421480800:02:002:0831"},"geometry":{"type":"Polygon","coordinates":[[[39.617415,48.424814],[39.617402,48.42479],[39.617316,48.424322],[39.616785,48.42432728733997],[39.616785,48.424327],[39.613477,48.424358],[39.613796,48.425127],[39.6140792,48.425499],[39.614077,48.425499],[39.61415,48.425592],[39.616613,48.42556863187856],[39.616613,48.425569],[39.618264,48.425553],[39.617415,48.424814]]]}},{"type":"Feature","properties":{"cadnum":"4421480800:02:004:0022"},"geometry":{"type":"Polygon","coordinates":[[[39.619406,48.424436],[39.619953,48.425288],[39.62024866049383,48.425499],[39.620248,48.425499],[39.62039859259307,48.42560600000034],[39.620407,48.425612],[39.62040703703703,48.425612],[39.620932,48.425985],[39.622107,48.42600158618128],[39.622107,48.426002],[39.624171,48.42603],[39.626138,48.426036],[39.626138,48.426033],[39.626212,48.425499],[39.62621174129353,48.425499],[39.626308,48.424808],[39.626322,48.424781],[39.626556,48.424692],[39.622242548417454,48.42423825863326],[39.619369,48.423935],[39.619406,48.424436]]]}},{"type":"Feature","properties":{"cadnum":"4421480800:02:002:0006"},"geometry":{"type":"Polygon","coordinates":[[[39.616785,48.420497181818185],[39.616785,48.420497],[39.611729,48.420546],[39.612369,48.421967],[39.61236981818182,48.421967],[39.612443,48.422128],[39.612511,48.42228],[39.616613,48.4222406499766],[39.616613,48.422241],[39.617757,48.42223],[39.61772630503979,48.421967],[39.617727,48.421967],[39.617559,48.420489],[39.616785,48.420497181818185]]]}},{"type":"Feature","properties":{"cadnum":"4421480800:06:001:0057"},"geometry":{"type":"Polygon","coordinates":[[[39.682974,48.442632],[39.68257421951186,48.44314368292726],[39.682373,48.443401],[39.68203390909092,48.443721],[39.682032,48.443721],[39.682,48.443753],[39.68192,48.443835],[39.68192126811594,48.443835],[39.681735,48.444029],[39.682531,48.44437354958678],[39.682531,48.444374],[39.686119,48.445924],[39.687632,48.444736],[39.688025,48.44435972340425],[39.688025,48.444361],[39.688692,48.443722],[39.68869,48.443721],[39.68868968402777,48.443721],[39.688025,48.443434],[39.688025,48.44343510917432],[39.683836,48.441625],[39.682974,48.442632]]]}},{"type":"Feature","properties":{"cadnum":"4421480800:10:002:0006"},"geometry":{"type":"Polygon","coordinates":[[[39.660489,48.433087],[39.660458,48.43475],[39.660559,48.434751485294115],[39.660559,48.434752],[39.666052,48.434820844307154],[39.666052,48.434822],[39.666598,48.434828],[39.666603,48.434726],[39.666607,48.434556],[39.666576,48.43456],[39.666567,48.43439],[39.666611,48.434378],[39.666643,48.433165],[39.666224,48.43316003722504],[39.666224,48.43316],[39.660559,48.433088],[39.660559,48.43308816182572],[39.660489,48.433087]]]}},{"type":"Feature","properties":{"cadnum":"4421480800:10:002:0007"},"geometry":{"type":"Polygon","coordinates":[[[39.66049422326832,48.432788],[39.660494,48.432788],[39.660492656957935,48.43286831391529],[39.660492,48.432902],[39.66049209364549,48.432902],[39.660489,48.433087],[39.66073,48.433091],[39.66073,48.4330901733451],[39.666052,48.43315781394528],[39.666052,48.433158],[39.666643,48.433165],[39.666647,48.432972],[39.66664852173913,48.432902],[39.666649,48.432902],[39.666684,48.431496],[39.666052,48.431488],[39.666052,48.43148872285967],[39.66060522834625,48.431416612025764],[39.660521,48.431415],[39.66049422326832,48.432788]],[[39.666561,48.432643],[39.66658,48.432772],[39.666427,48.432748],[39.666427,48.432661],[39.666561,48.432643]]]}},{"type":"Feature","properties":{"cadnum":"4421480800:10:002:0005"},"geometry":{"type":"Polygon","coordinates":[[[39.666224,48.434823],[39.66073,48.43475414315976],[39.66073,48.434754],[39.660458,48.43475],[39.660435,48.435892],[39.660435,48.436044],[39.660431,48.436464],[39.660559,48.436465712374584],[39.660559,48.436466],[39.6607255037622,48.436467939849656],[39.66073,48.436468],[39.66073,48.43646799223301],[39.666052,48.436529996116505],[39.666052,48.43653],[39.666054219778985,48.43653002197801],[39.666224,48.436532],[39.666224,48.43653170297029],[39.666557,48.436535],[39.666598,48.434828],[39.666224,48.43482389010989],[39.666224,48.434823]]]}},{"type":"Feature","properties":{"cadnum":"4421480800:10:002:0062"},"geometry":{"type":"Polygon","coordinates":[[[39.6606113364486,48.436433],[39.660611,48.436433],[39.660611,48.436437],[39.660665,48.436547],[39.66066554166667,48.436547],[39.66073,48.436677],[39.66073,48.436674999999994],[39.660921,48.437057],[39.661114,48.437664],[39.66073,48.43836281081081],[39.66073,48.438362],[39.66062050955434,48.4385620636939],[39.660559,48.438674],[39.660559,48.438674455497384],[39.660539,48.438711],[39.660481,48.439625],[39.66045624381625,48.440077],[39.660455,48.440077],[39.660418,48.440782],[39.660368,48.442349],[39.660559,48.44225666574586],[39.660559,48.442257],[39.662753,48.441196],[39.663741,48.442158],[39.666224,48.440886],[39.666224,48.440885686319405],[39.66757697324415,48.440191],[39.667577,48.440191],[39.668129,48.439908],[39.671359,48.438231],[39.671717,48.438039],[39.671717,48.438038514104775],[39.673282,48.437197],[39.673093,48.43709],[39.673035,48.4365],[39.671668658685576,48.43648441087091],[39.671668658684155,48.4364844108709],[39.667286,48.436431],[39.666224,48.4364155089141],[39.666224,48.436415],[39.66062,48.43633],[39.6606113364486,48.436433]]]}},{"type":"Feature","properties":{"cadnum":"4421480800:19:002:0028"},"geometry":{"type":"Polygon","coordinates":[[[39.688196,48.349726],[39.687748,48.349644],[39.687695,48.350032],[39.688025,48.350098526946105],[39.688025,48.350099],[39.68857,48.350208],[39.693067,48.351435],[39.693184,48.350632],[39.688196,48.34972605776313],[39.688196,48.349726]]]}},{"type":"Feature","properties":{"cadnum":"4421480800:19:002:0027"},"geometry":{"type":"Polygon","coordinates":[[[39.688018,48.347728],[39.687928,48.348357],[39.68785622580645,48.348891],[39.687856,48.348891],[39.687853,48.348915],[39.687839,48.349005],[39.68784046835443,48.349005],[39.687776,48.349468],[39.687748,48.349644],[39.688025,48.349694700892854],[39.688025,48.349695],[39.693184,48.350632],[39.69341576105687,48.349005],[39.693416,48.349005],[39.693457,48.348718],[39.688196,48.3477611023564],[39.688196,48.347761],[39.688018,48.347728]]]}},{"type":"Feature","properties":{"cadnum":"4421480800:19:002:0037"},"geometry":{"type":"Polygon","coordinates":[[[39.682703,48.34854140538546],[39.68461764848487,48.348891],[39.684617,48.348891],[39.687776,48.349468],[39.687853,48.348915],[39.682703,48.34797828447952],[39.682703,48.347978],[39.681704,48.347797],[39.681609,48.348342],[39.682703,48.348543],[39.682703,48.34854140538546]]]}},{"type":"Feature","properties":{"cadnum":"4421480800:23:001:0005"},"geometry":{"type":"Polygon","coordinates":[[[39.748156,48.352333],[39.748449,48.35239790107527],[39.748449,48.352399],[39.749609,48.352656],[39.749609511669675,48.352656],[39.754114,48.353656],[39.754114,48.353655136494716],[39.757063,48.354309],[39.757526,48.35328],[39.75471123577237,48.352656],[39.754712,48.352656],[39.75452561373657,48.352614849786],[39.754197,48.352542],[39.75419564705882,48.352542],[39.754114,48.35252397402597],[39.754114,48.352523],[39.748645,48.35131],[39.748528,48.351557],[39.748211,48.352211],[39.748156,48.352333]],[[39.748677,48.351501],[39.748727,48.351512],[39.748708,48.351545],[39.748659,48.351534],[39.748677,48.351501]]]}},{"type":"Feature","properties":{"cadnum":"4421480800:17:007:0072"},"geometry":{"type":"Polygon","coordinates":[[[39.73204799999694,48.38538287500016],[39.732141,48.385378],[39.732141,48.38537795673077],[39.732386,48.385365],[39.732907,48.385317],[39.732876,48.38507],[39.732141,48.3851146192053],[39.732141,48.385114],[39.731632,48.385145],[39.731645,48.385404],[39.73197,48.38538696370968],[39.73197,48.385387],[39.73204799999694,48.38538287500016]]]}},{"type":"Feature","properties":{"cadnum":"4421480800:17:007:0012"},"geometry":{"type":"Polygon","coordinates":[[[39.735252,48.370827],[39.734609,48.371382],[39.734358,48.373945],[39.734369379310344,48.37444],[39.734369,48.37444],[39.734399,48.375622],[39.737196,48.375294],[39.737635,48.375128],[39.737635,48.37512791658292],[39.739453,48.37444],[39.73945259493671,48.37444],[39.739569,48.374396],[39.740997,48.373256],[39.741033,48.371183],[39.740039,48.371161],[39.739555,48.371394],[39.737635,48.3715142294455],[39.737635,48.371514],[39.736483,48.371585],[39.736483,48.370905],[39.736483,48.37089],[39.735252,48.370827]]]}},{"type":"Feature","properties":{"cadnum":"4421480800:14:004:0018"},"geometry":{"type":"Polygon","coordinates":[[[39.777927,48.380869],[39.777814,48.380909],[39.777854,48.380947],[39.778522528761066,48.381737],[39.778522,48.381737],[39.77856869052219,48.381791549322955],[39.778619,48.381851],[39.77861957627118,48.381851],[39.778623,48.381855],[39.779336,48.382713],[39.779885,48.383396],[39.781187355206846,48.385385],[39.781187,48.385385],[39.781408,48.38572240458015],[39.781408,48.385723],[39.782652,48.38762],[39.782701,48.387745],[39.782625,48.387829],[39.78158,48.388185347576005],[39.78158,48.388185],[39.778756,48.389147],[39.77875645472836,48.389147],[39.776174,48.390027],[39.775915,48.390115],[39.775915,48.39011529346092],[39.773579,48.390907],[39.770594,48.3919150837075],[39.770594,48.391915],[39.770461,48.39196],[39.770422,48.391972],[39.770422,48.39197219554455],[39.769249,48.392339],[39.769361,48.392485],[39.770564,48.392103],[39.770594,48.392093],[39.770594,48.39209288148623],[39.773686,48.39105],[39.775915,48.39029895418576],[39.775915,48.390299],[39.775940931556754,48.390290216730776],[39.776087,48.390241],[39.776087,48.390240741935486],[39.776287,48.390173],[39.779295699999984,48.389147],[39.779296,48.389147],[39.78158,48.38837],[39.78158,48.38836934390771],[39.782795,48.387955],[39.782885,48.387853],[39.782961,48.387772],[39.782881,48.38757],[39.781451,48.385385],[39.78145043528328,48.385385],[39.780105,48.383328],[39.779552,48.382636],[39.778833,48.381776],[39.7788,48.381737],[39.77879995286195,48.381737],[39.778078,48.380885],[39.778034,48.380831],[39.777927,48.380869]]]}},{"type":"Feature","properties":{"cadnum":"4421480800:14:004:0022"},"geometry":{"type":"Polygon","coordinates":[[[39.776979,48.3801],[39.776678,48.379719],[39.77622,48.379115],[39.77602653320885,48.37918160332154],[39.773566,48.38002],[39.774325,48.381004],[39.776087,48.380404],[39.776087,48.38040348120301],[39.776979,48.3801]]]}},{"type":"Feature","properties":{"cadnum":"4421480800:14:004:0016"},"geometry":{"type":"Polygon","coordinates":[[[39.783918,48.380356],[39.783401,48.3801],[39.782894,48.379867],[39.782112,48.379465],[39.782112,48.379467],[39.782095,48.379476],[39.78158,48.379654413391556],[39.78158,48.379654],[39.778074,48.380867],[39.77807,48.380869],[39.778088,48.380891],[39.781408,48.38058676174113],[39.781408,48.380587],[39.783918,48.380356]]]}},{"type":"Feature","properties":{"cadnum":"4421480800:14:003:0036"},"geometry":{"type":"Polygon","coordinates":[[[39.796469,48.407383],[39.79646980988593,48.407383],[39.795812,48.407539],[39.79697,48.410153],[39.797888,48.40996080165289],[39.797888,48.409961],[39.798093,48.409918],[39.797888,48.409456],[39.797888,48.40945727328647],[39.796921,48.407276],[39.796469,48.407383]]]}},{"type":"Feature","properties":{"cadnum":"4421480800:14:003:0038"},"geometry":{"type":"Polygon","coordinates":[[[39.79914,48.406748],[39.798022,48.407014],[39.798135333333335,48.407269],[39.798135,48.407269],[39.799194,48.409655],[39.800286,48.409334],[39.799371,48.407269],[39.7993705527559,48.407269],[39.79914,48.406748]]]}},{"type":"Feature","properties":{"cadnum":"4421480800:14:003:0039"},"geometry":{"type":"Polygon","coordinates":[[[39.800276,48.40648],[39.79914,48.406748],[39.799421,48.407383],[39.79942151331719,48.407383],[39.800286,48.409334],[39.800523,48.409261],[39.801511,48.409265],[39.800675603206415,48.407383],[39.800676,48.407383],[39.800276,48.40648]]]}},{"type":"Feature","properties":{"cadnum":"4421480800:14:003:0037"},"geometry":{"type":"Polygon","coordinates":[[[39.796968,48.407383],[39.79696843513829,48.407383],[39.798059,48.409843],[39.798059,48.40984137560976],[39.798093,48.409918],[39.798831,48.409763],[39.799194,48.409655],[39.79818559765298,48.407383],[39.798186,48.407383],[39.798022,48.407014],[39.79695041603055,48.407269],[39.79695,48.407269],[39.796921,48.407276],[39.796968,48.407383]]]}},{"type":"Feature","properties":{"cadnum":"4421480800:14:003:0040"},"geometry":{"type":"Polygon","coordinates":[[[39.801251,48.406251],[39.800276,48.40648],[39.80062550166113,48.407269],[39.800625,48.407269],[39.801511,48.409265],[39.802873,48.409268],[39.801798,48.407269],[39.80179777031802,48.407269],[39.801251,48.406251]]]}},{"type":"Feature","properties":{"cadnum":"4421480800:14:003:0056"},"geometry":{"type":"Polygon","coordinates":[[[39.800994,48.403622],[39.80099323577237,48.403622],[39.800806,48.403575],[39.800397,48.403543],[39.80024,48.403513],[39.800056,48.403444],[39.800093,48.403537],[39.80015877889447,48.403622],[39.800158,48.403622],[39.800357,48.403877],[39.800676,48.404229],[39.801507,48.40552],[39.802024,48.406304],[39.802374,48.406793],[39.80264304347826,48.407269],[39.802642,48.407269],[39.802647,48.407276],[39.802666,48.407306],[39.802882,48.407276],[39.803102,48.40733],[39.803263,48.407365],[39.803381,48.40735284549356],[39.803381,48.407353],[39.803381,48.407354],[39.803496,48.407341],[39.803553,48.407344],[39.803553,48.40734328415301],[39.804045,48.407363],[39.804603,48.407383],[39.80460500000006,48.407383],[39.804773,48.407389],[39.80498,48.407416],[39.805104,48.407449],[39.805236,48.407485],[39.805429,48.407502],[39.805599,48.407515],[39.805806,48.40755],[39.806201,48.407616],[39.806246,48.407566],[39.806318,48.407488],[39.806389,48.407449],[39.806456,48.407449],[39.806641,48.407533],[39.806848,48.407714],[39.807009,48.407741],[39.807355,48.407836],[39.807593,48.407878],[39.807926,48.407968],[39.808123,48.408093],[39.808293,48.408105],[39.808356,48.408061],[39.808343,48.407941],[39.808249,48.407732],[39.80792462530414,48.407383],[39.807925,48.407383],[39.807867,48.407321],[39.807351,48.406925],[39.806978,48.406733],[39.806609,48.406617],[39.806205,48.406512],[39.806052,48.406456],[39.806039,48.406406],[39.806039,48.406349],[39.806026,48.406205],[39.80585,48.406086],[39.80537,48.406012],[39.804884,48.406003],[39.804202,48.405967],[39.803553,48.405967],[39.803488,48.405967],[39.803381,48.405946],[39.803381,48.40594602657807],[39.803187,48.405908],[39.803106,48.405806],[39.803213,48.405756],[39.803276,48.40572],[39.803232,48.405627],[39.803142,48.405433],[39.802985,48.405239],[39.802729,48.404876],[39.802446,48.404465],[39.802047,48.403972],[39.801741,48.403784],[39.80149262790699,48.403736],[39.801493,48.403736],[39.801296,48.403698],[39.800994,48.403622]]]}},{"type":"Feature","properties":{"cadnum":"4421480800:14:003:0057"},"geometry":{"type":"Polygon","coordinates":[[[39.803227,48.40758],[39.80298,48.407795],[39.803381,48.40843697652582],[39.803381,48.408437],[39.803406,48.408477],[39.803752,48.409038],[39.803802,48.409217],[39.804085,48.409316],[39.804448,48.409321],[39.804921,48.409339],[39.805186,48.409325],[39.805519,48.409336],[39.806115,48.409366],[39.806551,48.409351],[39.806691,48.409345],[39.806691,48.409307],[39.806739,48.409235],[39.806781,48.409196],[39.806834,48.409196],[39.806888,48.409169],[39.806995,48.409181],[39.807022,48.409188],[39.807301,48.409274],[39.807458,48.409303],[39.807526,48.40927],[39.807567,48.409214],[39.807458,48.409032],[39.807104,48.408624],[39.806861,48.408221],[39.806681,48.408028],[39.805999,48.407915],[39.804683,48.407736],[39.803689,48.407613],[39.803381,48.407591],[39.803381,48.40759133742331],[39.803227,48.40758]]]}},{"type":"Feature","properties":{"cadnum":"4421480800:23:001:0014"},"geometry":{"type":"Polygon","coordinates":[[[39.758415,48.359706],[39.75801,48.35961],[39.757167,48.359505],[39.75706238802661,48.359842],[39.757062,48.359842],[39.75703295336059,48.35993682167408],[39.757027,48.359956],[39.75702707848101,48.359956],[39.756941,48.360237],[39.758132,48.360496],[39.7583243853211,48.359956],[39.758325,48.359956],[39.758415,48.359706]]]}},{"type":"Feature","properties":{"cadnum":"4421480800:17:008:0022"},"geometry":{"type":"Polygon","coordinates":[[[39.752513,48.362756],[39.752239,48.362857],[39.751085,48.36338],[39.75058464497041,48.363492],[39.750583,48.363492],[39.75033,48.363549],[39.749113,48.363683],[39.751048,48.364015],[39.751148,48.363988],[39.751161,48.364035],[39.753942,48.364511527599056],[39.753942,48.364512],[39.754857,48.364668],[39.757193,48.365068],[39.757243,48.364773],[39.757454,48.363585],[39.757171,48.363406],[39.755406,48.363009],[39.75496,48.362931],[39.753942,48.36281],[39.753942,48.362810286351475],[39.752993,48.362696],[39.752513,48.362756]],[[39.751274,48.363539],[39.751255,48.363442],[39.751377,48.363385],[39.751511,48.363424],[39.75152418367347,48.363492],[39.751523,48.363492],[39.75153,48.363522],[39.751408,48.363579],[39.751274,48.36354],[39.751274,48.363539]],[[39.756474,48.364122],[39.756524,48.36411],[39.756542,48.364143],[39.756492,48.364155],[39.756484,48.36414],[39.756474,48.364122]],[[39.754647,48.364492],[39.754696,48.364477],[39.754714,48.36451],[39.754664,48.364522],[39.754652,48.364501],[39.754647,48.364492]]]}},{"type":"Feature","properties":{"cadnum":"4421480800:23:001:0015"},"geometry":{"type":"Polygon","coordinates":[[[39.760117,48.360478],[39.760252,48.359992],[39.760193,48.359986],[39.760207,48.359962],[39.759811,48.359914],[39.759798,48.359932],[39.759677,48.360577],[39.759607,48.36067633609959],[39.759607,48.360676],[39.759407,48.360959],[39.758671,48.361562],[39.758087,48.361869],[39.756488,48.362311],[39.755532,48.362099],[39.753942,48.361911],[39.753942,48.36191132819723],[39.753465,48.361854],[39.753016,48.361759],[39.752841,48.361848],[39.753039,48.36189],[39.753942,48.36216132],[39.753942,48.362162],[39.755536,48.362639],[39.75771,48.363152],[39.759593124347276,48.36355602298858],[39.75969,48.363577],[39.764929,48.36434493475046],[39.764929,48.364345],[39.76495148242994,48.364348230234185],[39.7651,48.36437],[39.7651,48.364369568965515],[39.765103,48.36437],[39.764931,48.364128],[39.76164957071969,48.363559957261224],[39.759488,48.363185],[39.757036,48.362621],[39.757054,48.362424],[39.757454,48.36235],[39.75788,48.362224],[39.758285,48.362069],[39.758622,48.361905],[39.758914,48.361735],[39.759348,48.361425],[39.759436,48.3613403976834],[39.759436,48.361341],[39.759811,48.36098],[39.760117,48.360478]]]}},{"type":"Feature","properties":{"cadnum":"4421480800:14:003:0022"},"geometry":{"type":"Polygon","coordinates":[[[39.805922495535725,48.396328],[39.805922,48.396328],[39.805713972216424,48.39641011407593],[39.805633,48.396442],[39.805633192422725,48.396442],[39.803553,48.39726310704447],[39.803553,48.397263],[39.798175,48.399383],[39.798501737960336,48.399976],[39.798501,48.399976],[39.800137,48.402943],[39.803553,48.401647],[39.803553,48.401646661635226],[39.806561,48.400504],[39.808169,48.40325],[39.808374,48.403736],[39.80837419729889,48.403736],[39.808874,48.404918172222224],[39.808874,48.404919],[39.809205,48.405701],[39.810261,48.405555],[39.810571,48.406402],[39.80964036697248,48.407269],[39.80964,48.407269],[39.809600588235256,48.40730605882357],[39.809518,48.407383],[39.809518761904755,48.407383],[39.809439,48.407458],[39.810211,48.409619],[39.81062,48.410061],[39.811955,48.409715],[39.814539,48.408795],[39.814539,48.408794728619526],[39.8185019810964,48.407383],[39.818502,48.407383],[39.81986,48.406900155555554],[39.81986,48.406901],[39.822128,48.406092],[39.82078593846154,48.403736],[39.820786,48.403736],[39.820032,48.40241283585313],[39.820032,48.402412],[39.818644,48.399976],[39.81864375403226,48.399976],[39.818144,48.399097],[39.81686396208018,48.396442],[39.816864,48.396442],[39.815071,48.392721],[39.814539,48.392931079545455],[39.814539,48.392931],[39.808874,48.395165],[39.808874,48.39516573161441],[39.805922495535725,48.396328]]]}},{"type":"Feature","properties":{"cadnum":"4421480800:17:005:0017"},"geometry":{"type":"Polygon","coordinates":[[[39.731496,48.407383],[39.73149665017669,48.407383],[39.732141,48.407552],[39.732141,48.40755177011494],[39.733536,48.407917],[39.73327971296296,48.407383],[39.73328,48.407383],[39.7328,48.406381],[39.73197,48.406164],[39.73197,48.40616413665254],[39.726477,48.404723],[39.726477,48.40472310933333],[39.723273,48.403882],[39.726309,48.405967],[39.726309,48.406024],[39.726648,48.406113],[39.726648,48.40611280274955],[39.731496,48.407383]]]}},{"type":"Feature","properties":{"cadnum":"4421480800:17:001:0003"},"geometry":{"type":"Polygon","coordinates":[[[39.737376,48.401921],[39.737502,48.401408],[39.737515,48.401262],[39.732141,48.40271671127142],[39.732141,48.402716],[39.7312,48.402971],[39.731565,48.403378],[39.731649,48.403608],[39.731652390624994,48.403622],[39.731652,48.403622],[39.731762,48.40407],[39.73197,48.40450478709676],[39.73197,48.404505],[39.732072,48.404718],[39.73609349999654,48.40363051813565],[39.73686,48.403424],[39.737376,48.401921]]]}},{"type":"Feature","properties":{"cadnum":"4421480800:17:001:0001"},"geometry":{"type":"Polygon","coordinates":[[[39.73554,48.407166],[39.73515980184332,48.407269],[39.735159,48.407269],[39.73479922556027,48.40736668421152],[39.734739,48.407383],[39.73473913392856,48.407383],[39.733509,48.407717],[39.733913,48.408555],[39.734138,48.408844],[39.734605,48.40911],[39.73563,48.408353],[39.735647,48.407795],[39.73555987878791,48.407285824916016],[39.73554,48.407166]]]}},{"type":"Feature","properties":{"cadnum":"4421480800:17:005:0019"},"geometry":{"type":"Polygon","coordinates":[[[39.720816,48.402201],[39.720984,48.40224510619469],[39.720984,48.402246],[39.72623933648011,48.403622],[39.726238,48.403622],[39.726477,48.403684956097564],[39.726477,48.403685],[39.726477,48.403686],[39.732141,48.40517],[39.732141,48.405168895752894],[39.732229,48.405192],[39.73197119354914,48.404653493089135],[39.731749,48.404187],[39.729595,48.403622],[39.72959406122448,48.403622],[39.726477,48.402805],[39.726477,48.402805136652546],[39.720984,48.401364],[39.720984,48.40136416031483],[39.718741,48.400776],[39.720816,48.402201]]]}},{"type":"Feature","properties":{"cadnum":"4421480800:17:001:0002"},"geometry":{"type":"Polygon","coordinates":[[[39.73686,48.403424],[39.73612511538463,48.403622],[39.736125,48.403622],[39.73609349999654,48.40363051813565],[39.735702,48.403736],[39.73570342883211,48.403736],[39.732072,48.404718],[39.733348,48.407383],[39.73334870982143,48.407383],[39.733509,48.407717],[39.73479922556027,48.40736668421152],[39.73554,48.407166],[39.735395,48.406298],[39.736446,48.404637],[39.73676590909055,48.40369581818287],[39.73686,48.403424]]]}},{"type":"Feature","properties":{"cadnum":"4421480800:19:004:0001"},"geometry":{"type":"Polygon","coordinates":[[[39.710169,48.3555878677686],[39.710239,48.355587],[39.711262,48.355524],[39.71221,48.355769],[39.71269,48.355948],[39.71305,48.356065],[39.713535179687504,48.356192],[39.713535,48.356192],[39.713539,48.356193],[39.713811,48.356306],[39.71381273275861,48.356306],[39.714101,48.356425],[39.714451,48.356744],[39.714806,48.356885],[39.714797,48.357554],[39.715166,48.358118],[39.71549,48.358129758064514],[39.71549,48.35813],[39.717218,48.358193],[39.717353,48.358127],[39.717487,48.357939],[39.717527,48.357715],[39.71765,48.356799],[39.717604,48.3563],[39.717363,48.356171],[39.716913,48.356109],[39.716338,48.356023],[39.71549,48.355842],[39.71549,48.355842115124155],[39.715219,48.355784],[39.713881,48.355479],[39.713099,48.355297],[39.712143,48.355017],[39.710813,48.354703],[39.710336,48.354584],[39.709997,48.355175],[39.709997,48.35517591262136],[39.709757,48.355593],[39.710169,48.355589],[39.710169,48.3555878677686]]]}},{"type":"Feature","properties":{"cadnum":"4421480800:16:002:0016"},"geometry":{"type":"Polygon","coordinates":[[[39.657674,48.374336],[39.65775414678899,48.37444],[39.657753,48.37444],[39.657867,48.374587],[39.657958,48.378202],[39.65795890831783,48.378202],[39.658049091682166,48.381737],[39.658049,48.381737],[39.65805114179289,48.38181736006914],[39.658052,48.381851],[39.65805203837953,48.381851],[39.658074,48.382675],[39.658185,48.384721],[39.658028,48.384975],[39.657243209923664,48.385385],[39.657242,48.385385],[39.656169,48.385947],[39.655329029375004,48.389033],[39.655328,48.389033],[39.65514609714257,48.38970368000104],[39.654745,48.391176],[39.655185,48.391161],[39.65570269642857,48.389147],[39.655703,48.389147],[39.656479,48.386132],[39.657659089676564,48.385478532996004],[39.658307,48.385121],[39.658764,48.384712],[39.658433,48.382693],[39.658403935146445,48.381851],[39.658404,48.381851],[39.658275998937015,48.378202],[39.658276,48.378202],[39.65815,48.374569],[39.658099,48.37444],[39.6580988061674,48.37444],[39.658055,48.374327],[39.657674,48.374336]]]}},{"type":"Feature","properties":{"cadnum":"4421480800:18:001:0001"},"geometry":{"type":"Polygon","coordinates":[[[39.692991,48.37035],[39.692987,48.370329],[39.69296,48.370332],[39.692964,48.37035],[39.692991,48.37035]]]}},{"type":"Feature","properties":{"cadnum":"4421480800:18:001:0026"},"geometry":{"type":"Polygon","coordinates":[[[39.692658,48.370353],[39.69167,48.370619],[39.69181493706294,48.370791],[39.691814,48.370791],[39.692025,48.371039],[39.692138,48.371168],[39.692362,48.371072],[39.693408,48.371036],[39.693689,48.371164],[39.693689,48.371163249999995],[39.693974,48.371292],[39.694105,48.3712],[39.693518,48.370857],[39.693518,48.37085704929577],[39.693405,48.370791],[39.693404663043474,48.370791],[39.692658,48.370353]]]}},{"type":"Feature","properties":{"cadnum":"4421480800:18:001:0002"},"geometry":{"type":"Polygon","coordinates":[[[39.693413,48.370517],[39.693413,48.370499],[39.693386,48.370499],[39.693386,48.370517],[39.693413,48.370517]]]}},{"type":"Feature","properties":{"cadnum":"4421480800:18:001:0031"},"geometry":{"type":"Polygon","coordinates":[[[39.670951,48.359061],[39.671545,48.35941771018277],[39.671545,48.359419],[39.67224942799188,48.359842],[39.672249,48.359842],[39.672366,48.359912],[39.672183,48.359956],[39.67218627860698,48.359956],[39.671644871198964,48.36008854919489],[39.671269,48.36018],[39.671545,48.36020957142857],[39.671545,48.36021],[39.674121,48.360485],[39.675316,48.360911],[39.676502,48.362816],[39.67721,48.363346],[39.67721,48.36334542226487],[39.67740631619538,48.363492],[39.677406,48.363492],[39.677603,48.363639],[39.679301,48.36542],[39.679547,48.366047],[39.680852,48.367255],[39.680852437086095,48.367255],[39.681056,48.367443],[39.681375,48.368228],[39.680037,48.368545],[39.679763,48.369252],[39.679934,48.369804],[39.682117,48.369843],[39.682531,48.36999983959044],[39.682531,48.37],[39.684339,48.370684],[39.68439613122172,48.370791],[39.684395,48.370791],[39.684933,48.371791],[39.686046,48.372928],[39.687798,48.373805],[39.688196,48.374355],[39.688196,48.37435468571429],[39.688257637614676,48.37444],[39.688257,48.37444],[39.689968,48.376803],[39.690857,48.377519],[39.693518,48.377136575211864],[39.693518,48.377137],[39.69364975458313,48.377117640142885],[39.693689,48.377112],[39.693689,48.37711187346939],[39.693763,48.377101],[39.69454,48.376097],[39.696583,48.37493],[39.69806091020407,48.374554],[39.698061,48.374554],[39.69815116395013,48.37453103824737],[39.698509,48.37444],[39.69850864397907,48.37444],[39.698811,48.374363],[39.698933,48.373715],[39.698385,48.373119],[39.696866,48.372095],[39.694801,48.370791],[39.69480078540772,48.370791],[39.693876,48.370206],[39.693518,48.369802],[39.693518,48.36980232596685],[39.692784,48.368971],[39.692649,48.368279],[39.693518,48.36747433942308],[39.693518,48.367475],[39.69366811138034,48.3673353420584],[39.693689,48.367316],[39.693689,48.36731590807799],[39.69381821831614,48.36719568825183],[39.694199,48.366844],[39.695021,48.365668],[39.695973,48.365074],[39.694801940581534,48.363606],[39.694802,48.363606],[39.693518,48.361993],[39.693518,48.361993973880594],[39.693421,48.361872],[39.693063,48.36135],[39.691014,48.360771],[39.689721,48.360935],[39.690794,48.363132],[39.690990291390726,48.363492],[39.69099,48.363492],[39.691041,48.363585],[39.688196,48.3649112831565],[39.688196,48.364911],[39.686756,48.365581],[39.686396,48.365522],[39.686415,48.365023],[39.684991,48.364907],[39.684878,48.365277],[39.683553,48.365101],[39.683648,48.3648],[39.68288,48.36474],[39.683186,48.36363],[39.682849,48.363633],[39.682703,48.36377211320755],[39.682703,48.363772],[39.682058,48.364385],[39.681048,48.363705],[39.680868,48.363818],[39.680570159509195,48.363606],[39.680571,48.363606],[39.679763,48.36303],[39.679911,48.362938],[39.679718,48.362806],[39.679412,48.361971],[39.678892,48.361726],[39.678631,48.361887],[39.677526,48.361099],[39.677701,48.360989],[39.677414,48.360783],[39.677674,48.360335],[39.67721,48.359961222222225],[39.67721,48.359961],[39.677177783783335,48.35993527026991],[39.677062,48.359842],[39.67706166995074,48.359842],[39.676448,48.359347],[39.675989,48.358908],[39.67466,48.358153],[39.672976,48.357335],[39.671903,48.35744],[39.671545,48.357318],[39.671545,48.35731822068096],[39.670924,48.357106],[39.6691,48.35929],[39.669944,48.359422],[39.670951,48.359061]],[[39.692356,48.367141],[39.692201,48.367249],[39.692194,48.367255],[39.692195269461074,48.367255],[39.691882,48.367583],[39.691738,48.367855],[39.691692,48.367959],[39.691702,48.368049],[39.691989,48.368419],[39.692048,48.368545],[39.692006,48.368804],[39.692016,48.36895],[39.692159,48.369246],[39.692456,48.369732],[39.692532,48.369836],[39.692402,48.369876],[39.692604,48.370183],[39.691369,48.370544],[39.690937,48.36989],[39.692173,48.369529],[39.692375,48.369834],[39.692442,48.369816],[39.692394,48.36975],[39.692096,48.369261],[39.691953,48.368959],[39.691939,48.368804],[39.691979,48.368551],[39.691926,48.368437],[39.691639,48.368061],[39.691625,48.367954],[39.69167,48.367843],[39.691823,48.367565],[39.692146,48.36722],[39.692828,48.366754],[39.6933,48.366647],[39.693518,48.36663690740741],[39.693518,48.366637],[39.693624,48.366632],[39.693689,48.366663],[39.693689,48.366661840909096],[39.693844,48.366733],[39.69396,48.366817],[39.693912,48.366846],[39.693799,48.366769],[39.693606,48.36668],[39.693518,48.366683],[39.693518,48.3666833150685],[39.693314,48.366691],[39.692865,48.366793],[39.6923582631579,48.367141],[39.692356,48.367141]],[[39.693518,48.365156],[39.69397,48.364895],[39.694855,48.365575],[39.69383,48.366163],[39.693689,48.36605408653846],[39.693689,48.366054],[39.69295,48.365483],[39.693518,48.36515557374831],[39.693518,48.365156]]]}},{"type":"Feature","properties":{"cadnum":"4421480800:18:001:0022"},"geometry":{"type":"Polygon","coordinates":[[[39.69396,48.366817],[39.693844,48.366733],[39.693624,48.366632],[39.6933,48.366647],[39.692828,48.366754],[39.69226161802576,48.367141],[39.69226,48.367141],[39.692146,48.36722],[39.692112,48.367255],[39.692113231884065,48.367255],[39.691823,48.367565],[39.69167,48.367843],[39.691625,48.367954],[39.691639,48.368061],[39.691926,48.368437],[39.691979,48.368551],[39.691939,48.368804],[39.691953,48.368959],[39.692096,48.369261],[39.692394,48.36975],[39.692442,48.369816],[39.692375,48.369834],[39.692173,48.369529],[39.690937,48.36989],[39.691369,48.370544],[39.692604,48.370183],[39.692402,48.369876],[39.692532,48.369836],[39.692456,48.369732],[39.692159,48.369246],[39.692016,48.36895],[39.692006,48.368804],[39.692048,48.368545],[39.691989,48.368419],[39.691702,48.368049],[39.691692,48.367959],[39.691738,48.367855],[39.691882,48.367583],[39.692201,48.367249],[39.692865,48.366793],[39.693314,48.366691],[39.693606,48.36668],[39.693689,48.366719],[39.693689,48.3667182746114],[39.693799,48.366769],[39.693912,48.366844],[39.69396,48.366817]]]}},{"type":"Feature","properties":{"cadnum":"4421480800:06:001:0058"},"geometry":{"type":"Polygon","coordinates":[[[39.743961,48.443946],[39.743548,48.444583],[39.742956,48.445493],[39.742956,48.44549343712575],[39.741792,48.447283],[39.74173886734694,48.447365],[39.741738,48.447365],[39.741517,48.447709],[39.742371,48.447909],[39.743128,48.44807],[39.743128,48.44806932612967],[39.743974,48.448248],[39.744576,48.448377],[39.744756,48.448096],[39.745231,48.447365],[39.74523005699916,48.447365],[39.746706,48.445093],[39.743961,48.443946]],[[39.746423,48.445001],[39.746458,48.445003],[39.74645,48.445027],[39.746414,48.445025],[39.746423,48.445001]],[[39.745622,48.444658],[39.745658,48.444664],[39.74565,48.444687],[39.745614,48.444682],[39.745622,48.444658]],[[39.744823,48.444318],[39.744855,48.444325],[39.74485,48.444349],[39.744815,48.444342],[39.744823,48.444318]],[[39.74401,48.443982],[39.744042,48.443987],[39.744037,48.444011],[39.744001,48.444006],[39.74401,48.443982]]]}},{"type":"Feature","properties":{"cadnum":"4421480800:06:001:0059"},"geometry":{"type":"Polygon","coordinates":[[[39.740228,48.443835],[39.74022893220339,48.443835],[39.740188,48.443898],[39.739043,48.445671],[39.738293,48.446821],[39.738683,48.446922],[39.739079,48.447027],[39.739316,48.447105],[39.739972,48.447346],[39.740538,48.447479],[39.740538831395355,48.447479],[39.741517,48.447709],[39.7416647616279,48.447479],[39.741665,48.447479],[39.741792,48.447283],[39.743128,48.445229],[39.743128,48.44522860810811],[39.743548,48.444583],[39.743961,48.443946],[39.74342,48.443721],[39.7434186970684,48.443721],[39.742956,48.443528],[39.742956,48.44352834661724],[39.74097,48.442701],[39.740228,48.443835]],[[39.741572,48.442993],[39.741576,48.442969],[39.741612,48.442971],[39.741607,48.442995],[39.741591,48.442995],[39.741572,48.442993]],[[39.743194,48.443669],[39.743202,48.443645],[39.743238,48.443651],[39.743228,48.443672],[39.7432,48.44367],[39.743194,48.443669]]]}},{"type":"Feature","properties":{"cadnum":"4421480800:07:001:0003"},"geometry":{"type":"Polygon","coordinates":[[[39.73799775,48.454652],[39.737997,48.454652],[39.73796463636368,48.454740303030185],[39.737955,48.454766],[39.737955218256694,48.454766],[39.737463,48.456109],[39.737463,48.45610913765978],[39.736618,48.458409],[39.73661813631285,48.458409],[39.735674,48.46098],[39.736923,48.461507],[39.737635,48.459569],[39.737635,48.45956590909091],[39.7380592,48.458409],[39.73806,48.458409],[39.739182,48.455353],[39.738221,48.455193],[39.738162,48.454996],[39.738374,48.454686],[39.73826,48.454652],[39.73825957692308,48.454652],[39.738024,48.454582],[39.73799775,48.454652]]]}},{"type":"Feature","properties":{"cadnum":"4421480800:07:001:0005"},"geometry":{"type":"Polygon","coordinates":[[[39.736666,48.45418],[39.736375,48.454093],[39.735243,48.45373],[39.73490481467181,48.454652],[39.734904,48.454652],[39.733524,48.458409],[39.73352418053777,48.458409],[39.732993,48.459857],[39.734366,48.460432],[39.734408,48.460328],[39.73438,48.460316],[39.73438,48.460295],[39.734408,48.460286],[39.734421,48.460292],[39.735154,48.458295],[39.73515387383551,48.458295],[39.736486152542795,48.454667919490376],[39.736666,48.45418]]]}},{"type":"Feature","properties":{"cadnum":"4421480800:07:001:0002"},"geometry":{"type":"Polygon","coordinates":[[[39.740171,48.455005],[39.739636,48.454913],[39.739446,48.455317],[39.739249,48.455365],[39.739182,48.455353],[39.73810185471204,48.458295],[39.738101,48.458295],[39.737463,48.460035],[39.737463,48.46003716853932],[39.736923,48.461507],[39.737463,48.461734528089885],[39.737463,48.461735],[39.738218,48.462052],[39.73821965,48.462052],[39.738234,48.462058],[39.738277,48.461938],[39.738276934522226,48.461938],[39.739617,48.458295],[39.73961595760368,48.458295],[39.740772,48.455154],[39.740171,48.455005]]]}},{"type":"Feature","properties":{"cadnum":"4421480800:07:001:0004"},"geometry":{"type":"Polygon","coordinates":[[[39.73649202047781,48.454652],[39.736492,48.454652],[39.736486152542795,48.45466791949037],[39.73645,48.454766],[39.73645012616449,48.454766],[39.735112,48.458409],[39.73511215623435,48.458409],[39.734421,48.460292],[39.734435,48.460298],[39.734435,48.460316],[39.734408,48.460328],[39.734366,48.460432],[39.734475,48.460474],[39.735674,48.46098],[39.73666,48.458295],[39.73665988511561,48.458295],[39.737635,48.455641],[39.737635,48.455639704119854],[39.737964636363685,48.454740303030185],[39.738024,48.454582],[39.737463,48.454416],[39.737463,48.45441605675955],[39.736666,48.45418],[39.73649202047781,48.454652]]]}},{"type":"Feature","properties":{"cadnum":"4421480800:13:003:0115"},"geometry":{"type":"Polygon","coordinates":[[[39.798059,48.428237],[39.798059,48.42823640048544],[39.7983,48.428182],[39.797888,48.427882],[39.797888,48.42788218176606],[39.796315,48.426734],[39.795515,48.426456],[39.794001,48.426802],[39.795758,48.428757],[39.798059,48.428237]]]}},{"type":"Feature","properties":{"cadnum":"4421480800:13:003:0113"},"geometry":{"type":"Polygon","coordinates":[[[39.798789,48.428539],[39.798328,48.428203],[39.798059,48.42826413636364],[39.798059,48.428264],[39.795762,48.428784],[39.79608402531646,48.429144],[39.796084,48.429144],[39.79609000000046,48.4291506792458],[39.796186,48.429258],[39.79618640677966,48.429258],[39.797833,48.431091],[39.797888,48.43107858849558],[39.797888,48.431079],[39.798928,48.430843],[39.798857,48.430686],[39.798946,48.429144],[39.79894592307692,48.429144],[39.798969,48.428764],[39.798789,48.428539]]]}},{"type":"Feature","properties":{"cadnum":"4421480800:17:001:0017"},"geometry":{"type":"Polygon","coordinates":[[[39.742956,48.398824],[39.742956,48.3988248343949],[39.74254076048248,48.399976],[39.74254,48.399976],[39.74122705212766,48.403622],[39.741227,48.403622],[39.741222927272865,48.40363345454507],[39.741186,48.403736],[39.74118646666667,48.403736],[39.741163,48.403802],[39.742956,48.40468983155216],[39.742956,48.404691],[39.744083,48.405248],[39.744639,48.405153],[39.745115,48.404634],[39.745429,48.404297],[39.74593099111111,48.403736],[39.745931,48.403736],[39.748621,48.400731],[39.748621,48.40073069303424],[39.749296,48.399976],[39.749295194029855,48.399976],[39.750694,48.398414],[39.750442,48.396863],[39.749404,48.396328],[39.74940377227722,48.396328],[39.748621,48.39592463265306],[39.748621,48.395924],[39.748251,48.395733],[39.747496,48.395467],[39.74388,48.396258],[39.743813,48.396442],[39.743813939903845,48.396442],[39.742956,48.398824]]]}},{"type":"Feature","properties":{"cadnum":"4421480800:17:001:0005"},"geometry":{"type":"Polygon","coordinates":[[[39.738203,48.398619],[39.738324,48.398366],[39.738441,48.398029],[39.737635,48.398247394683025],[39.737635,48.398247],[39.732141,48.39973469567519],[39.732141,48.399734],[39.730825,48.400089],[39.73082775324675,48.400089],[39.729821,48.400361],[39.730118,48.401029],[39.730405,48.401575],[39.73197,48.40115129608295],[39.73197,48.401152],[39.736319,48.399976],[39.736315750533045,48.399976],[39.737463,48.39966641426928],[39.737463,48.399667],[39.737771,48.399583],[39.738203,48.398619]]]}},{"type":"Feature","properties":{"cadnum":"4421480800:17:001:0004"},"geometry":{"type":"Polygon","coordinates":[[[39.737771,48.399583],[39.737635,48.39962009090909],[39.737635,48.39962],[39.735897,48.400089],[39.73590111139456,48.400089],[39.732141,48.4011057604047],[39.732141,48.401105],[39.730405,48.401575],[39.730989,48.402687],[39.731179,48.402947],[39.7312,48.402971],[39.73197,48.402762339001065],[39.73197,48.402763],[39.737515,48.401262],[39.737635,48.399979],[39.737635,48.399976],[39.737635,48.399970619047636],[39.737645,48.399863],[39.737771,48.399583]]]}},{"type":"Feature","properties":{"cadnum":"4421480800:17:001:0007"},"geometry":{"type":"Polygon","coordinates":[[[39.737561,48.395798],[39.735603127329206,48.396328],[39.735603,48.396328],[39.73537098595206,48.39639084112942],[39.735182,48.396442],[39.73518210365852,48.396442],[39.73197,48.397312],[39.73197,48.39731221897375],[39.728789,48.398172],[39.728986,48.398449],[39.729332,48.39924],[39.73197,48.39852626557494],[39.73197,48.398527],[39.737463,48.39704054474846],[39.737463,48.397041],[39.738481,48.396765],[39.738445,48.396702],[39.73836,48.396511],[39.738155,48.396328],[39.738154369565216,48.396328],[39.737635,48.395864097087376],[39.737635,48.395864],[39.737561,48.395798]]]}},{"type":"Feature","properties":{"cadnum":"4421480800:17:001:0006"},"geometry":{"type":"Polygon","coordinates":[[[39.738634,48.397468],[39.738634,48.397173],[39.738553,48.396893],[39.738481,48.396765],[39.737635,48.39699436738704],[39.737635,48.396994],[39.732141,48.39848072586055],[39.732141,48.39848],[39.729332,48.39924],[39.729652753828034,48.399976],[39.729652,48.399976],[39.729821,48.400361],[39.731246,48.399976],[39.73124389577465,48.399976],[39.73197,48.39978012841946],[39.73197,48.399781],[39.737463,48.39829357511032],[39.737463,48.398294],[39.738441,48.398029],[39.738634,48.397468]]]}},{"type":"Feature","properties":{"cadnum":"4421480800:07:001:0008"},"geometry":{"type":"Polygon","coordinates":[[[39.731766,48.453274],[39.730643,48.453086],[39.729825,48.452893],[39.729516,48.452919],[39.728837,48.454766],[39.728837132411066,48.454766],[39.727764,48.457688],[39.727818,48.45771],[39.729498,48.458409],[39.729499142857144,48.458409],[39.729831,48.458547],[39.729922,48.458295],[39.72992184349215,48.458295],[39.731259,48.454652],[39.73125894772118,48.454652],[39.731766,48.453274]]]}},{"type":"Feature","properties":{"cadnum":"4421480800:07:001:0007"},"geometry":{"type":"Polygon","coordinates":[[[39.731217,48.454766],[39.73121715650785,48.454766],[39.72988,48.458409],[39.72988083333333,48.458409],[39.729831,48.458547],[39.731519,48.459247],[39.731868,48.458295],[39.73186790198366,48.458295],[39.73197,48.458017228571435],[39.73197,48.458019],[39.733205,48.454652],[39.733204959404596,48.454652],[39.733707,48.453288],[39.733563,48.453288],[39.732032,48.453319],[39.731766,48.453274],[39.731217,48.454766]],[[39.732355,48.453426],[39.732391,48.453411],[39.732431,48.453423],[39.732435,48.453453],[39.7324,48.453467],[39.732359,48.453456],[39.732355,48.453426]],[[39.732188,48.453363],[39.732225,48.453345],[39.732265,48.453358],[39.732269,48.453387],[39.732234,48.453405],[39.732192,48.453393],[39.732188,48.453363]]]}},{"type":"Feature","properties":{"cadnum":"4421480800:06:001:0151"},"geometry":{"type":"Polygon","coordinates":[[[39.68255389502869,48.439909895027576],[39.682703,48.439903],[39.682703,48.4399026988417],[39.683567,48.439861],[39.683706,48.439771],[39.68354,48.43956],[39.682550930862114,48.43960803209887],[39.682184,48.439625],[39.682184,48.439927],[39.682531,48.43991095375723],[39.682531,48.439911],[39.68255389502869,48.439909895027576]]]}},{"type":"Feature","properties":{"cadnum":"4421480800:06:001:0154"},"geometry":{"type":"Polygon","coordinates":[[[39.68327,48.438836],[39.68318,48.438422],[39.682531,48.438451],[39.682531,48.43845141960784],[39.682193,48.438466],[39.682188,48.438887],[39.682703,48.438863],[39.682703,48.43886285385656],[39.68327,48.438836]]]}},{"type":"Feature","properties":{"cadnum":"4421480800:06:001:0158"},"geometry":{"type":"Polygon","coordinates":[[[39.683859,48.43734],[39.683878,48.437111],[39.682703,48.43716770007424],[39.682703,48.437167],[39.682197,48.437191],[39.682197,48.437421],[39.682703,48.437397],[39.682703,48.4373965813253],[39.683859,48.43734]]]}},{"type":"Feature","properties":{"cadnum":"4421480800:06:001:0153"},"geometry":{"type":"Polygon","coordinates":[[[39.683352,48.439221],[39.68327,48.438836],[39.682531,48.438871],[39.682531,48.43887101553398],[39.682188,48.438887],[39.682188,48.439274],[39.682531,48.4392586815534],[39.682531,48.439259],[39.683352,48.439221]]]}},{"type":"Feature","properties":{"cadnum":"4421480800:06:001:0010"},"geometry":{"type":"Polygon","coordinates":[[[39.681901,48.438952],[39.67721,48.43900023154432],[39.67721,48.439],[39.673978,48.439033],[39.674211,48.439277],[39.67485,48.439623],[39.67495790492958,48.440077],[39.674957,48.440077],[39.675073,48.440561],[39.677038,48.44054169021993],[39.677038,48.440542],[39.682022,48.440489],[39.681888,48.440129],[39.681901,48.438952]]]}},{"type":"Feature","properties":{"cadnum":"4421480800:06:001:0161"},"geometry":{"type":"Polygon","coordinates":[[[39.682531,48.436513],[39.682531,48.43651388047809],[39.682201,48.436529],[39.682201,48.436747],[39.682531,48.436731880478085],[39.682531,48.436732],[39.68261119455347,48.43672820622564],[39.682703,48.436724],[39.682703,48.43672386317321],[39.683905,48.436667],[39.683918,48.436449],[39.682531,48.436513]]]}},{"type":"Feature","properties":{"cadnum":"4421480800:06:001:0152"},"geometry":{"type":"Polygon","coordinates":[[[39.682550930862114,48.43960803209887],[39.682703,48.439601],[39.682703,48.43960064717542],[39.68354,48.43956],[39.683379,48.439354],[39.683352,48.439221],[39.682703,48.439251038976856],[39.682703,48.439251],[39.682188,48.439274],[39.682184,48.439625],[39.682531,48.43960895375723],[39.682531,48.439609],[39.682550930862114,48.43960803209887]]]}},{"type":"Feature","properties":{"cadnum":"4421480800:06:001:0156"},"geometry":{"type":"Polygon","coordinates":[[[39.68260120773945,48.437989590631354],[39.682703,48.437985],[39.682703,48.43798464748201],[39.683087,48.437966],[39.683037,48.437736],[39.683836,48.437728],[39.683846,48.437578],[39.68263834693955,48.437634938775474],[39.682197,48.437655],[39.682193,48.438008],[39.682531,48.43799275686275],[39.682531,48.437993],[39.68260120773945,48.437989590631354]]]}},{"type":"Feature","properties":{"cadnum":"4421480800:06:001:0155"},"geometry":{"type":"Polygon","coordinates":[[[39.68318,48.438422],[39.683087,48.437966],[39.68260120773945,48.437989590631354],[39.682193,48.438008],[39.682193,48.438466],[39.682703,48.438444],[39.682703,48.43844331432974],[39.68318,48.438422]]]}},{"type":"Feature","properties":{"cadnum":"4421480800:06:001:0157"},"geometry":{"type":"Polygon","coordinates":[[[39.68263834693955,48.437634938775474],[39.682703,48.437632],[39.682703,48.4376318904943],[39.683846,48.437578],[39.683859,48.43734],[39.682531,48.437405],[39.682531,48.43740515810276],[39.682197,48.437421],[39.682197,48.437655],[39.682531,48.43763981818182],[39.682531,48.43764],[39.68263834693955,48.437634938775474]]]}},{"type":"Feature","properties":{"cadnum":"4421480800:06:001:0160"},"geometry":{"type":"Polygon","coordinates":[[[39.683891,48.436887],[39.683905,48.436667],[39.68261119455347,48.43672820622564],[39.682201,48.436747],[39.682197,48.436968],[39.682531,48.43695215810276],[39.682531,48.436953],[39.683891,48.436887]]]}},{"type":"Feature","properties":{"cadnum":"4421480800:06:001:0013"},"geometry":{"type":"Polygon","coordinates":[[[39.681914,48.436433],[39.681914,48.434905],[39.681945,48.433773],[39.681088,48.433871],[39.680513,48.434074],[39.679251,48.434408],[39.67721,48.435504587889746],[39.67721,48.435504],[39.67547931082424,48.436433],[39.675478,48.436433],[39.675334,48.436511],[39.67721,48.436494],[39.67721,48.43649327153405],[39.681914,48.436446],[39.681914,48.436433]]]}},{"type":"Feature","properties":{"cadnum":"4421480800:01:001:0007"},"geometry":{"type":"Polygon","coordinates":[[[39.63946,48.483334],[39.639309,48.483902],[39.639310150943395,48.483902],[39.639298,48.483948],[39.639289,48.484358],[39.638642,48.484751],[39.638758,48.484821],[39.638758,48.48482047425475],[39.639011,48.484972],[39.64013,48.485064],[39.641476,48.485195],[39.642401,48.485356],[39.642393,48.485415],[39.644079,48.485710755337564],[39.644079,48.485711],[39.644126,48.485719],[39.644251,48.485435],[39.644251,48.48543386928105],[39.644738,48.484323],[39.644824,48.484133],[39.644079,48.484],[39.644079,48.48400041660544],[39.64352550826445,48.483902],[39.643529,48.483902],[39.639585,48.4832],[39.63946,48.483334]]]}},{"type":"Feature","properties":{"cadnum":"4421480800:17:004:0027"},"geometry":{"type":"Polygon","coordinates":[[[39.715336,48.380291],[39.71549,48.380660411042946],[39.71549,48.380662],[39.715985,48.381851],[39.715985581950896,48.381851],[39.716567,48.383244],[39.716612,48.383226],[39.718422,48.38249],[39.718625,48.382403],[39.720147,48.381744],[39.719441,48.380053],[39.717856,48.380144],[39.71549,48.380282],[39.71549,48.380282496932516],[39.715336,48.380291]]]}},{"type":"Feature","properties":{"cadnum":"4421480800:25:007:0021"},"geometry":{"type":"Polygon","coordinates":[[[39.765719,48.32491],[39.764929,48.324191],[39.764929,48.32419107294833],[39.764771,48.324047],[39.759436,48.32608],[39.759436,48.32608008838028],[39.75706650046253,48.326982],[39.757066,48.326982],[39.754114,48.32810742637644],[39.754114,48.328107],[39.753641,48.328287],[39.753874,48.328497],[39.753942,48.328561316666665],[39.753942,48.328562],[39.754799,48.329372],[39.759436,48.32760322753744],[39.759436,48.327604],[39.761065,48.326982],[39.76106396551723,48.326982],[39.764929,48.32550820484429],[39.764929,48.325509],[39.765965,48.325113],[39.765719,48.32491]]]}},{"type":"Feature","properties":{"cadnum":"4421480800:25:007:0020"},"geometry":{"type":"Polygon","coordinates":[[[39.763733,48.323112],[39.76316107831326,48.32333],[39.763161,48.32333],[39.7630632704196,48.32336728153926],[39.762862,48.323444],[39.7628621611541,48.323444],[39.759436,48.324751],[39.759436,48.324751230538396],[39.754114,48.32678138799647],[39.754114,48.326781],[39.753585019047605,48.326982],[39.753584,48.326982],[39.753397162091375,48.327053381111234],[39.753285,48.327096],[39.75328560843374,48.327096],[39.752715,48.327314],[39.7532,48.327891],[39.753641,48.328287],[39.753942,48.32817245454546],[39.753942,48.328173],[39.75676697732999,48.327096],[39.756767,48.327096],[39.759607,48.326015],[39.759607,48.32601483730084],[39.764771,48.324047],[39.76410744769875,48.323444],[39.764108,48.323444],[39.763931,48.323282],[39.763733,48.323112]]]}},{"type":"Feature","properties":{"cadnum":"4421480800:25:007:0007"},"geometry":{"type":"Polygon","coordinates":[[[39.751794,48.326538],[39.751421,48.326111],[39.751421,48.326107],[39.750847,48.325418],[39.750725,48.325319],[39.749216,48.327096],[39.74921643529412,48.327096],[39.748449,48.328002],[39.748449,48.32800263140853],[39.746768,48.329983],[39.747954,48.330483],[39.748318,48.330635],[39.748449,48.330480653465344],[39.748449,48.330481],[39.751417,48.326982],[39.75141604301075,48.326982],[39.751794,48.326538]]]}},{"type":"Feature","properties":{"cadnum":"4421480800:25:007:0008"},"geometry":{"type":"Polygon","coordinates":[[[39.750452,48.325095],[39.750452,48.325093],[39.750446,48.325089],[39.749773,48.324301],[39.748449,48.325861],[39.748449,48.32586155720054],[39.747878,48.326534],[39.74749775800712,48.326982],[39.747497,48.326982],[39.745429,48.329422],[39.746224,48.329757],[39.746768,48.329983],[39.748621,48.3278],[39.748621,48.327798944444446],[39.749313,48.326982],[39.74931280697805,48.326982],[39.750725,48.325319],[39.750452,48.325095]]]}},{"type":"Feature","properties":{"cadnum":"4421480800:25:007:0019"},"geometry":{"type":"Polygon","coordinates":[[[39.762786,48.322293],[39.76006601476977,48.32333],[39.760066,48.32333],[39.759436,48.32357],[39.759436,48.323570139982344],[39.753942,48.325663],[39.753942,48.32566355803157],[39.75196,48.326419],[39.752435680945354,48.326982],[39.752435,48.326982],[39.752715,48.327314],[39.753397162091375,48.327053381111234],[39.753942,48.32684635585042],[39.753942,48.326847],[39.759607,48.324686],[39.759607,48.324685767516776],[39.7630632704196,48.32336728153926],[39.763733,48.323112],[39.762786,48.322293]]]}},{"type":"Feature","properties":{"cadnum":"4421480800:25:007:0001"},"geometry":{"type":"Polygon","coordinates":[[[39.755402,48.330273],[39.755392,48.330268],[39.754201,48.329085],[39.753942,48.32939],[39.753942,48.32939050566038],[39.752789,48.330748],[39.752789254381305,48.330748],[39.74969,48.3344],[39.74969129213483,48.3344],[39.749486,48.334642],[39.750676,48.335242],[39.750991,48.334952],[39.751381,48.334714],[39.751799,48.334388],[39.752607,48.333378],[39.753601,48.332268],[39.753802,48.331874],[39.75397879999594,48.33170230000394],[39.75431,48.331381],[39.75481419678715,48.330748],[39.754816,48.330748],[39.754987,48.330533],[39.755402,48.330273]]]}},{"type":"Feature","properties":{"cadnum":"4421480800:04:001:0057"},"geometry":{"type":"Polygon","coordinates":[[[39.659676,48.460706],[39.659703,48.460516],[39.659722,48.460393],[39.658414,48.460355],[39.65837,48.460667],[39.659676,48.460706]]]}},{"type":"Feature","properties":{"cadnum":"4421480800:04:001:0058"},"geometry":{"type":"Polygon","coordinates":[[[39.659722,48.460393],[39.659753,48.46014],[39.659762,48.460081],[39.658455,48.460042],[39.658414,48.460355],[39.659722,48.460393]]]}},{"type":"Feature","properties":{"cadnum":"4421480800:04:001:0055"},"geometry":{"type":"Polygon","coordinates":[[[39.659586,48.461406],[39.659636,48.461019],[39.658328,48.46098],[39.658284,48.461313],[39.659586,48.461406]]]}},{"type":"Feature","properties":{"cadnum":"4421480800:04:001:0061"},"geometry":{"type":"Polygon","coordinates":[[[39.659703,48.460516],[39.659676,48.460706],[39.659649,48.460927],[39.660695,48.460956],[39.660772,48.460548],[39.660559,48.460541],[39.660559,48.460541838364165],[39.659703,48.460516]]]}},{"type":"Feature","properties":{"cadnum":"4421480800:04:001:0062"},"geometry":{"type":"Polygon","coordinates":[[[39.66073,48.460546619718315],[39.660772,48.460548],[39.660844,48.46017],[39.66073,48.4601672],[39.66073,48.460167],[39.659753,48.46014],[39.659722,48.460393],[39.659703,48.460516],[39.66073,48.460547],[39.66073,48.460546619718315]]]}},{"type":"Feature","properties":{"cadnum":"4421480800:04:001:0056"},"geometry":{"type":"Polygon","coordinates":[[[39.659636,48.461019],[39.659649,48.460927],[39.659676,48.460706],[39.65837,48.460667],[39.658328,48.46098],[39.659636,48.461019]]]}},{"type":"Feature","properties":{"cadnum":"4421480800:01:002:0025"},"geometry":{"type":"Polygon","coordinates":[[[39.649735028759196,48.461204828266645],[39.649653653017246,48.461938],[39.649653,48.461938],[39.649598,48.462448],[39.649744,48.462461],[39.649744,48.46245985813088],[39.655066,48.46289211136726],[39.655066,48.462893],[39.656501,48.463008],[39.65657694392523,48.462052],[39.656577,48.462052],[39.656623,48.461498],[39.655066,48.461372],[39.655066,48.46137209629088],[39.649764,48.460941],[39.649735028759196,48.461204828266645]]]}},{"type":"Feature","properties":{"cadnum":"4421480800:04:001:0060"},"geometry":{"type":"Polygon","coordinates":[[[39.660695,48.460956],[39.660559,48.460952],[39.660559,48.46095222944551],[39.659649,48.460927],[39.659636,48.461019],[39.659586,48.461406],[39.660559,48.46147399507874],[39.660559,48.461474],[39.660602,48.461477],[39.660695,48.460956]]]}},{"type":"Feature","properties":{"cadnum":"4421480800:04:001:0063"},"geometry":{"type":"Polygon","coordinates":[[[39.66073,48.459795],[39.659802,48.459768],[39.659762,48.460081],[39.659753,48.46014],[39.660559,48.460162274309106],[39.660559,48.460163],[39.660844,48.46017],[39.660911,48.459801],[39.66073,48.459795857954546],[39.66073,48.459795]]]}},{"type":"Feature","properties":{"cadnum":"4421480800:01:002:0027"},"geometry":{"type":"Polygon","coordinates":[[[39.653451,48.458409],[39.65345127891157,48.458409],[39.65338,48.459618],[39.655237,48.459752],[39.655237,48.45975123595505],[39.656757,48.45986],[39.65682,48.459112],[39.65681,48.459062],[39.656847,48.458299],[39.655066,48.458155],[39.655066,48.45815593590471],[39.653474,48.458025],[39.653451,48.458409]]]}},{"type":"Feature","properties":{"cadnum":"4421480800:04:001:0059"},"geometry":{"type":"Polygon","coordinates":[[[39.659762,48.460081],[39.659802,48.459768],[39.658495,48.459732],[39.658455,48.460042],[39.659762,48.460081]]]}},{"type":"Feature","properties":{"cadnum":"4421480800:01:002:0026"},"geometry":{"type":"Polygon","coordinates":[[[39.655237,48.461385838150285],[39.656623,48.461498],[39.656753,48.45994],[39.655066,48.459819],[39.655066,48.45981969478908],[39.649998,48.459455],[39.649992,48.459792],[39.649854,48.460152],[39.649764,48.460941],[39.655237,48.461386],[39.655237,48.461385838150285]]]}},{"type":"Feature","properties":{"cadnum":"4421480800:16:002:0014"},"geometry":{"type":"Polygon","coordinates":[[[39.655185,48.391161],[39.655066,48.391165],[39.655066,48.39116505681818],[39.654745,48.391176],[39.653864,48.39139],[39.65263240932583,48.39276879274677],[39.652395,48.393034],[39.651533,48.393866],[39.652791,48.394718],[39.652481,48.395736],[39.651852,48.396162],[39.652678,48.39607],[39.653627,48.396058],[39.655237,48.39627],[39.655237,48.39626846380697],[39.655690204081615,48.396328],[39.655689,48.396328],[39.65924,48.396794],[39.66073,48.397107],[39.66073,48.39710690841813],[39.66164,48.397298],[39.664833,48.398026],[39.663705,48.397454],[39.664077085257546,48.396442],[39.664078,48.396442],[39.664334,48.395748],[39.665651,48.394641],[39.661374,48.393663],[39.66073,48.393455181595094],[39.66073,48.393455],[39.65869116279068,48.392795],[39.658692,48.392795],[39.655598,48.391793],[39.655751,48.391623],[39.655237,48.39120344522968],[39.655237,48.391203],[39.655185,48.391161]]]}},{"type":"Feature","properties":{"cadnum":"4421480800:02:003:0017"},"geometry":{"type":"Polygon","coordinates":[[[39.633265,48.41278773242113],[39.638355,48.412839],[39.638378,48.411891],[39.638373,48.411692],[39.638369,48.411692],[39.633093,48.411701],[39.633093,48.41170126597938],[39.629385,48.411707],[39.629377,48.411707],[39.629287,48.412747],[39.633265,48.412788],[39.633265,48.41278773242113]]]}},{"type":"Feature","properties":{"cadnum":"4421480800:02:003:0018"},"geometry":{"type":"Polygon","coordinates":[[[39.629453,48.410761],[39.62944143283582,48.410916],[39.629441,48.410916],[39.62943386387436,48.41101742408357],[39.629433,48.411029],[39.6294330494012,48.411029],[39.629394,48.411584],[39.633265,48.41158],[39.633265,48.41157974376164],[39.638463,48.411572],[39.638558,48.410916],[39.63855688505747,48.410916],[39.638579,48.410768],[39.633265,48.41076412541013],[39.633265,48.410764],[39.629453,48.410761]]]}},{"type":"Feature","properties":{"cadnum":"4421480800:02:004:0011"},"geometry":{"type":"Polygon","coordinates":[[[39.620712,48.409748],[39.62057249648712,48.410916],[39.620572,48.410916],[39.620567156414786,48.41096071001739],[39.620559,48.411029],[39.620559758333336,48.411029],[39.620559,48.411036],[39.622107,48.4111989947644],[39.622107,48.411199],[39.627771,48.411797],[39.627771,48.41179607317073],[39.628707,48.411895],[39.628806881305565,48.41093633531228],[39.628842,48.410607],[39.627771,48.41049403623189],[39.627771,48.410494],[39.622278,48.4099130842161],[39.622278,48.409913],[39.620712,48.409748]]]}},{"type":"Feature","properties":{"cadnum":"4421480800:02:004:0012"},"geometry":{"type":"Polygon","coordinates":[[[39.622278,48.411217],[39.620559,48.411036],[39.620407,48.412344],[39.622107,48.412523903794764],[39.622107,48.412524],[39.6276,48.41310394597458],[39.6276,48.413104],[39.628568,48.413206],[39.628707,48.411895],[39.6276,48.411778],[39.6276,48.411778945974575],[39.622278,48.41121705402543],[39.622278,48.411217]]]}},{"type":"Feature","properties":{"cadnum":"4421480800:02:003:0016"},"geometry":{"type":"Polygon","coordinates":[[[39.633265,48.414002675324674],[39.638329,48.414052],[39.638355,48.412839],[39.633093,48.412786],[39.633093,48.412786227249875],[39.629287,48.412747],[39.629268,48.412944],[39.629174,48.413961],[39.633265,48.414003],[39.633265,48.414002675324674]]]}},{"type":"Feature","properties":{"cadnum":"4421480800:02:004:0014"},"geometry":{"type":"Polygon","coordinates":[[[39.62014911111111,48.414562],[39.620149,48.414562],[39.62014422961352,48.41460444420787],[39.620136,48.414676],[39.62013618731988,48.414676],[39.62011,48.414909],[39.622107,48.41511993773062],[39.622107,48.41512],[39.6276,48.41569994597457],[39.6276,48.4157],[39.627654320450574,48.41570568107864],[39.627771,48.415718],[39.627771,48.41571788395416],[39.628298,48.415773],[39.62841485631709,48.414676],[39.628415,48.414676],[39.628433,48.414512],[39.627771,48.41444285954382],[39.627771,48.414442],[39.62226541989549,48.413862669890136],[39.620254,48.41365],[39.62014911111111,48.414562]]]}},{"type":"Feature","properties":{"cadnum":"4421480800:02:004:0013"},"geometry":{"type":"Polygon","coordinates":[[[39.622278,48.41386399364407],[39.6276,48.41442400635594],[39.6276,48.414425],[39.628433,48.414512],[39.628568,48.413206],[39.627771,48.41312201859504],[39.627771,48.413122],[39.622278,48.41254205402542],[39.622278,48.412542],[39.620407,48.412344],[39.620254,48.41365],[39.622107,48.41384591996047],[39.622107,48.413846],[39.6222654198957,48.41386266989015],[39.622278,48.413864],[39.622278,48.41386399364407]]]}},{"type":"Feature","properties":{"cadnum":"4421480800:11:004:0119"},"geometry":{"type":"Polygon","coordinates":[[[39.71053,48.411653],[39.710602,48.411349],[39.710615,48.411292],[39.709997,48.411297],[39.709997,48.411298354330704],[39.708518,48.41131],[39.708432,48.411656],[39.709997,48.41165329706391],[39.709997,48.411654],[39.71053,48.411653]]]}},{"type":"Feature","properties":{"cadnum":"4421480800:11:004:0020"},"geometry":{"type":"Polygon","coordinates":[[[39.715662,48.414072778597784],[39.715662,48.414072],[39.714527,48.414085],[39.711464,48.414154],[39.711476,48.414676],[39.71147666432954,48.414676],[39.711554,48.417985],[39.712219,48.417988],[39.713751,48.417932],[39.713751,48.417928],[39.713755,48.41791],[39.713877,48.417717],[39.713881,48.417717],[39.7142,48.417276],[39.714208,48.417267],[39.714231,48.417254],[39.714613,48.417147],[39.715107,48.417013],[39.71512,48.41701],[39.71549,48.41697313653136],[39.71549,48.416974],[39.715803,48.416942],[39.715808,48.416942],[39.716099,48.41692],[39.71604570737913,48.414676],[39.716046,48.414676],[39.716032,48.414068],[39.715662,48.414072778597784]]]}},{"type":"Feature","properties":{"cadnum":"4421480800:11:004:0019"},"geometry":{"type":"Polygon","coordinates":[[[39.710169,48.414183130879344],[39.710169,48.414183],[39.707956,48.414231],[39.707965,48.414676],[39.707965735472676,48.414676],[39.708046,48.418021],[39.709412,48.417976],[39.710169,48.41798],[39.710169,48.4179796628131],[39.711554,48.417985],[39.711474,48.414562],[39.71147337931034,48.414562],[39.711464,48.414154],[39.710169,48.414183130879344]]]}},{"type":"Feature","properties":{"cadnum":"4421480800:11:004:0120"},"geometry":{"type":"Polygon","coordinates":[[[39.70999802629615,48.41087499147122],[39.708617,48.410883],[39.70860908904109,48.410916],[39.708609,48.410916],[39.708606652777924,48.410926162697805],[39.708582,48.411029],[39.70858290101523,48.411029],[39.708518,48.41131],[39.710169,48.411297],[39.710169,48.411295608414235],[39.710615,48.411292],[39.710678,48.411042],[39.710680992063494,48.411029],[39.710681,48.411029],[39.710719,48.410869],[39.70999802629615,48.41087499147122]]]}},{"type":"Feature","properties":{"cadnum":"4421480800:02:002:0021"},"geometry":{"type":"Polygon","coordinates":[[[39.611292,48.43257030851064],[39.611292,48.43257],[39.609888,48.432643],[39.609907594594596,48.432788],[39.609907,48.432788],[39.61040347246608,48.436433],[39.610403,48.436433],[39.610503,48.437167],[39.610813,48.437147],[39.611292,48.437074],[39.611292,48.437072553605496],[39.613741,48.436696],[39.613705,48.436433],[39.61370357310268,48.436433],[39.613234,48.432963],[39.61297152571427,48.432902],[39.612972,48.432902],[39.612813720926844,48.43286532558061],[39.612481,48.432788],[39.61248000000001,48.432788],[39.611496,48.43256],[39.611292,48.43257030851064]]]}},{"type":"Feature","properties":{"cadnum":"4421480800:02:002:0022"},"geometry":{"type":"Polygon","coordinates":[[[39.616785,48.4363],[39.616785,48.43629898964804],[39.617096,48.436261],[39.617918,48.436226],[39.619046,48.436276],[39.619469,48.435969],[39.618215,48.434798],[39.617096,48.434399],[39.617079,48.433576],[39.616613,48.433507],[39.616613,48.4335075312085],[39.613773,48.433087],[39.613234,48.432963],[39.613719,48.436547],[39.61372060456274,48.436547],[39.613741,48.436696],[39.61463,48.436559],[39.614729523809565,48.436547],[39.614732,48.436547],[39.616785,48.4363]]]}},{"type":"Feature","properties":{"cadnum":"4421480800:07:001:0016"},"geometry":{"type":"Polygon","coordinates":[[[39.748056,48.458295],[39.74684974713867,48.461938],[39.746849,48.461938],[39.745758,48.465236],[39.746832,48.465694],[39.74683239705882,48.465694],[39.747203,48.465852],[39.747292,48.46558],[39.747291453674116,48.46558],[39.748450546325884,48.462052],[39.748451,48.462052],[39.748452,48.462052],[39.74860270783852,48.461592414489196],[39.748621,48.461537],[39.748621,48.4615366323052],[39.749646616981636,48.458409],[39.749647,48.458409],[39.749719,48.458192],[39.749068,48.458085],[39.748677,48.45711],[39.748461,48.457075],[39.748449,48.457111],[39.748449,48.457111217194566],[39.74805677211394,48.458295],[39.748056,48.458295]]]}},{"type":"Feature","properties":{"cadnum":"4421480800:06:001:0035"},"geometry":{"type":"Polygon","coordinates":[[[39.714501,48.445784],[39.714464,48.446848],[39.71549,48.44727021869783],[39.71549,48.447271],[39.715997,48.447479],[39.71599709749553,48.447479],[39.720984,48.44953064931003],[39.720984,48.449531],[39.721588,48.449779],[39.721606,48.449329],[39.721665,48.449005],[39.721705,48.448785],[39.721912,48.447443],[39.721921,48.447429],[39.720984,48.447124],[39.720984,48.44712414919355],[39.720659,48.447018],[39.71549,48.445556],[39.71549,48.44555624409449],[39.714519,48.445281],[39.714501,48.445784]]]}},{"type":"Feature","properties":{"cadnum":"4421480800:06:001:0041"},"geometry":{"type":"Polygon","coordinates":[[[39.707849,48.446803],[39.70980182734755,48.44739418284234],[39.710169,48.447506],[39.710169,48.44750506909091],[39.714397,48.448785],[39.714411,48.448335],[39.71444033333335,48.44744583333286],[39.714447,48.44728],[39.709997,48.445931],[39.709997,48.445931791019],[39.707853,48.445281],[39.707849,48.446803]]]}},{"type":"Feature","properties":{"cadnum":"4421480800:06:001:0044"},"geometry":{"type":"Polygon","coordinates":[[[39.7077600955414,48.440077],[39.707759,48.440077],[39.707772,48.440517],[39.707969,48.441288],[39.707921,48.441882],[39.707916,48.441962],[39.710169,48.442729],[39.710169,48.44272847096586],[39.71308865407725,48.443721],[39.713088,48.443721],[39.713864,48.443985],[39.713864,48.443835],[39.713872,48.441882],[39.710169,48.44076297729032],[39.710169,48.440762],[39.707902,48.440077],[39.707901420382186,48.440077],[39.707759,48.440034],[39.7077600955414,48.440077]]]}},{"type":"Feature","properties":{"cadnum":"4421480800:13:003:0052"},"geometry":{"type":"Polygon","coordinates":[[[39.78158,48.42503538034188],[39.78158,48.425035],[39.780563,48.42538],[39.780675,48.425479],[39.78069815789474,48.425499],[39.780696,48.425499],[39.781408,48.426109515837105],[39.781408,48.42611],[39.782732,48.427246],[39.783235,48.427094],[39.783716,48.426993],[39.783711,48.426978],[39.783716,48.426963],[39.78372,48.426957],[39.784677,48.425658],[39.78462289937107,48.425612],[39.784623,48.425612],[39.78328,48.424456],[39.78158,48.42503538034188]]]}},{"type":"Feature","properties":{"cadnum":"4421480800:13:003:0003"},"geometry":{"type":"Polygon","coordinates":[[[39.78898,48.427607],[39.787073,48.427884014911015],[39.787073,48.427884],[39.786657,48.427944],[39.786644,48.427944],[39.786617,48.42794],[39.786596,48.427932],[39.786195,48.428194],[39.786208,48.428209],[39.786218,48.428223],[39.786213,48.428236],[39.786213,48.428241],[39.78698965198353,48.429097123349294],[39.78703200386101,48.429144],[39.787032,48.429144],[39.78703247534877,48.42914452186038],[39.787135,48.429258],[39.787135839572194,48.429258],[39.787543,48.429705],[39.787548,48.429711],[39.787548,48.429717],[39.787858,48.429741],[39.78951,48.431579],[39.791666,48.430596],[39.79046253719008,48.429258],[39.790463,48.429258],[39.78898,48.427607]]]}},{"type":"Feature","properties":{"cadnum":"4421480800:13:003:0053"},"geometry":{"type":"Polygon","coordinates":[[[39.780675,48.425479],[39.780282,48.425612],[39.78028464705883,48.425612],[39.778317,48.426281],[39.780397,48.428072],[39.78158,48.427617],[39.78158,48.42761640617577],[39.781829,48.42752],[39.782732,48.427246],[39.78158,48.42625757703927],[39.78158,48.426257],[39.78082778364116,48.425612],[39.780829,48.425612],[39.780675,48.425479]]]}},{"type":"Feature","properties":{"cadnum":"4421480800:13:003:0118"},"geometry":{"type":"Polygon","coordinates":[[[39.789357,48.425082],[39.788756,48.425612],[39.78875723100304,48.425612],[39.788513,48.425828],[39.787948,48.426328],[39.788531,48.426248],[39.788208,48.426361],[39.788221,48.426373],[39.788208,48.426394],[39.788176,48.426396],[39.788154,48.426379],[39.787785,48.426507],[39.787726,48.426525],[39.787552,48.426575],[39.78692291919227,48.42675667003357],[39.786869,48.426772],[39.785917,48.427103],[39.786137,48.42817],[39.787073,48.427552],[39.787073,48.427551599830075],[39.788078,48.426889],[39.789649,48.426304],[39.790898,48.426084],[39.790965,48.426069],[39.79021856666667,48.425612],[39.790221,48.425612],[39.789357,48.425082]],[[39.789843,48.425928],[39.789856,48.425961],[39.789806,48.425974],[39.789793,48.425938],[39.789843,48.425928]],[[39.788508,48.426089],[39.788554,48.426126],[39.7885,48.426155],[39.788454,48.42612],[39.788508,48.426089]]]}},{"type":"Feature","properties":{"cadnum":"4421480800:13:003:0121"},"geometry":{"type":"Polygon","coordinates":[[[39.785841,48.424188],[39.785162,48.425109],[39.78579856063619,48.425499],[39.785796,48.425499],[39.786901,48.426176537196554],[39.786901,48.426177],[39.78705377814153,48.42627021400534],[39.787073,48.426282],[39.787073,48.42628194177215],[39.787296,48.426418],[39.787948,48.426328],[39.788513,48.425828],[39.788160440729484,48.425612],[39.788162,48.425612],[39.787073,48.424945300555116],[39.787073,48.424945],[39.785841,48.424188]]]}},{"type":"Feature","properties":{"cadnum":"4421480800:13:003:0116"},"geometry":{"type":"Polygon","coordinates":[[[39.791307,48.427225],[39.790404,48.426218],[39.789676,48.426346],[39.788118,48.426924],[39.786901,48.427729],[39.786901,48.42772946386946],[39.786644,48.427899],[39.786901,48.42786185780886],[39.786901,48.427862],[39.791307,48.427225]]]}},{"type":"Feature","properties":{"cadnum":"4421480800:13:003:0010"},"geometry":{"type":"Polygon","coordinates":[[[39.781344,48.422787],[39.780491,48.42308],[39.778627,48.423714],[39.780701662802954,48.425499],[39.7807,48.425499],[39.78158,48.426256],[39.78158,48.426255836858004],[39.782732,48.427246],[39.783235,48.427094],[39.783716,48.426993],[39.783711,48.426978],[39.783716,48.426963],[39.78372,48.426957],[39.784677,48.425658],[39.784492,48.425499],[39.78449179920549,48.425499],[39.78158,48.42299113934681],[39.78158,48.422991],[39.781344,48.422787]]]}},{"type":"Feature","properties":{"cadnum":"4421480800:13:003:0120"},"geometry":{"type":"Polygon","coordinates":[[[39.785162,48.425109],[39.78487279522863,48.425499],[39.784872,48.425499],[39.783779,48.426978],[39.784376,48.426849],[39.785153,48.427431],[39.78607,48.426692],[39.786506,48.426525],[39.787073,48.426448],[39.787073,48.426447921518985],[39.787296,48.426418],[39.78705377814153,48.42627021400534],[39.78598029246488,48.425612],[39.785983,48.425612],[39.785162,48.425109]]]}},{"type":"Feature","properties":{"cadnum":"4421480800:05:001:0001"},"geometry":{"type":"Polygon","coordinates":[[[39.692878,48.449386],[39.692358,48.449136],[39.690035,48.447956],[39.689744,48.447796],[39.689505,48.447709],[39.689469,48.447703],[39.688863,48.4477],[39.688144,48.447768],[39.687735,48.447926],[39.687687,48.447956],[39.6877,48.447968],[39.686639,48.44857],[39.686581,48.448609],[39.68592,48.448859],[39.685458,48.449148],[39.685054,48.449523],[39.684847,48.449655],[39.684308,48.449875],[39.683895,48.450044],[39.683496,48.450283],[39.682531,48.451029],[39.682531,48.45102927118644],[39.682498,48.451055],[39.682215,48.451243],[39.681968,48.451427],[39.681681,48.451567],[39.681429,48.451647],[39.6812,48.451678],[39.681066,48.451669],[39.680167,48.451293],[39.679947,48.451228],[39.679763,48.45143],[39.680477,48.451678],[39.68098,48.451823],[39.681209,48.451856],[39.681402,48.45182],[39.681515,48.451799],[39.681869,48.451588],[39.68231,48.451305],[39.68258491578947,48.451123],[39.682585,48.451123],[39.682597,48.451115],[39.682703,48.451032],[39.682703,48.45103185222673],[39.683585,48.45034],[39.683976,48.450116],[39.684381,48.449952],[39.684933,48.449726],[39.685161,48.44958],[39.685561,48.449207],[39.686002,48.448933],[39.686618,48.448692],[39.686792,48.448588],[39.687147,48.448379],[39.687821,48.448001],[39.688025,48.44792006521739],[39.688025,48.447921],[39.688189,48.447855],[39.688196,48.447854],[39.688196,48.44785388297872],[39.688283,48.44784],[39.688886,48.447789],[39.689392,48.447778],[39.689455,48.447792],[39.689667,48.44787],[39.68995,48.448025],[39.692272,48.449207],[39.692717,48.449508],[39.692798,48.449448],[39.692878,48.449386]]]}},{"type":"Feature","properties":{"cadnum":"4421480800:13:002:0029"},"geometry":{"type":"Polygon","coordinates":[[[39.73992334078643,48.410916],[39.739923,48.410916],[39.739825,48.411024],[39.739819,48.411029],[39.739820390070925,48.411029],[39.738135,48.412857],[39.737934,48.413802],[39.73910269565217,48.414562],[39.739102,48.414562],[39.740916,48.41574],[39.74234580645161,48.414676],[39.742346,48.414676],[39.742991,48.414196],[39.743128,48.414043],[39.743128,48.414042228335624],[39.743718,48.41338],[39.743794,48.41295],[39.744702,48.412142],[39.743175,48.411146],[39.743036551724096,48.41105622988503],[39.74299489,48.411029],[39.742996,48.411029],[39.741006,48.409727],[39.73992334078643,48.410916]]]}},{"type":"Feature","properties":{"cadnum":"4421480800:13:002:0020"},"geometry":{"type":"Polygon","coordinates":[[[39.745547,48.413674],[39.746387,48.412399],[39.745699,48.412008],[39.745435,48.41196],[39.745052,48.412496],[39.74449,48.413218],[39.744217,48.413686],[39.744033,48.413731],[39.743544,48.414136],[39.742956,48.414572],[39.742956,48.414572410256405],[39.742892,48.41462],[39.742845,48.414676],[39.742845411764705,48.414676],[39.742595,48.414977],[39.742371,48.415376],[39.742165,48.415615],[39.741527,48.416036],[39.741594,48.41611],[39.741607,48.416223],[39.741666,48.416357],[39.742137,48.41701],[39.7422,48.417073],[39.742205,48.41707],[39.742815,48.416778],[39.743128,48.416663],[39.743128,48.41666233432836],[39.743291,48.416602],[39.743961,48.416277],[39.744339,48.416062],[39.744918,48.415794],[39.745169,48.415469],[39.745331,48.414867],[39.745475,48.4147],[39.745548768211606,48.4146355695367],[39.746144,48.414121],[39.74644,48.413686],[39.74657,48.413093],[39.746503,48.412678],[39.746499,48.412514],[39.745228,48.414259],[39.744983,48.414676],[39.744983235059756,48.414676],[39.744756,48.415064],[39.744639,48.414995],[39.744932,48.414562],[39.744930962025315,48.414562],[39.745174,48.414202],[39.745547,48.413674]]]}},{"type":"Feature","properties":{"cadnum":"4421480800:04:001:0024"},"geometry":{"type":"Polygon","coordinates":[[[39.671717,48.46045843090806],[39.673318,48.460872],[39.673538,48.460572],[39.671717,48.4601023592574],[39.671717,48.460101],[39.670726,48.459845],[39.670636,48.460179],[39.671717,48.460459],[39.671717,48.46045843090806]]]}},{"type":"Feature","properties":{"cadnum":"4421480800:02:001:0008"},"geometry":{"type":"Polygon","coordinates":[[[39.632587,48.449371],[39.632566,48.449408],[39.632507,48.449408],[39.632467,48.449368],[39.632373,48.448805],[39.631618,48.447974],[39.63138,48.44748],[39.630708685973104,48.451009],[39.630708,48.451009],[39.630503,48.452091],[39.630365,48.452842],[39.632084,48.452967],[39.633002,48.453191],[39.633093,48.45324670722434],[39.633093,48.453247],[39.633698,48.453617],[39.634124,48.453661],[39.634492,48.452595],[39.634488,48.451865],[39.63443,48.451493],[39.634296983471074,48.451123],[39.634297,48.451123],[39.634182,48.450799],[39.633648,48.44992],[39.633369,48.449649],[39.633265,48.449612072463765],[39.633265,48.449612],[39.632587,48.449371]]]}},{"type":"Feature","properties":{"cadnum":"4421480800:03:002:0007"},"geometry":{"type":"Polygon","coordinates":[[[39.636464,48.449344],[39.636122,48.449481],[39.636262,48.449815],[39.636658,48.450447],[39.637044,48.450899],[39.63710783928572,48.451009],[39.637107,48.451009],[39.63715440034071,48.451089228279386],[39.637174,48.451123],[39.63717435329342,48.451123],[39.637403,48.45151],[39.637524,48.451475],[39.637292,48.451009],[39.637291352445196,48.451009],[39.636464,48.449344]]]}},{"type":"Feature","properties":{"cadnum":"4421480800:03:002:0008"},"geometry":{"type":"Polygon","coordinates":[[[39.638935,48.450959],[39.638758,48.45060500000001],[39.638758,48.450605],[39.637847,48.448779],[39.637291,48.449005],[39.63828921529745,48.451009],[39.638288,48.451009],[39.638382,48.451195],[39.638586,48.45110764893617],[39.638586,48.451108],[39.638808090910075,48.4510128181814],[39.638935,48.450959]]]}},{"type":"Feature","properties":{"cadnum":"4421480800:10:003:0034"},"geometry":{"type":"Polygon","coordinates":[[[39.655237,48.415662],[39.65315,48.41566],[39.653128,48.416256],[39.653105,48.417025],[39.655066,48.41702683958724],[39.655066,48.417027],[39.660615,48.417031],[39.660598,48.416434],[39.660624,48.415665],[39.655237,48.415662092299385],[39.655237,48.415662]],[[39.660422,48.416453],[39.660422,48.416438],[39.660445,48.416432],[39.660462,48.416441],[39.660462,48.416456],[39.660441,48.416462],[39.660422,48.416453]],[[39.659686,48.416467],[39.659686,48.416453],[39.659703,48.416443],[39.659726,48.416453],[39.659722,48.416467],[39.659703,48.416474],[39.659686,48.416467]],[[39.658967,48.416471],[39.658971,48.416456],[39.65899,48.41645],[39.659007,48.416458],[39.659007,48.416474],[39.65899,48.41648],[39.658967,48.416471]]]}},{"type":"Feature","properties":{"cadnum":"4421480800:10:003:0035"},"geometry":{"type":"Polygon","coordinates":[[[39.653187,48.41447],[39.653183916201115,48.414562],[39.653183,48.414562],[39.653181,48.414649],[39.65318,48.414676],[39.65318017210682,48.414676],[39.65315,48.41566],[39.655066,48.415661836128415],[39.655066,48.415662],[39.660559,48.415664964915436],[39.660559,48.415665],[39.660624,48.415665],[39.660658,48.414562],[39.66065799,48.414562],[39.660661,48.414476],[39.655237,48.414472122252015],[39.655237,48.414472],[39.653187,48.41447]]]}},{"type":"Feature","properties":{"cadnum":"4421480800:06:001:0029"},"geometry":{"type":"Polygon","coordinates":[[[39.697222,48.441646],[39.697356,48.442027],[39.697155,48.442549],[39.697033,48.443457],[39.696992,48.443835],[39.69699288342857,48.443835],[39.696912,48.444596],[39.696935,48.444599],[39.696956,48.444607],[39.696966,48.444614],[39.697428,48.445066],[39.698507,48.445382],[39.698528,48.445391],[39.698537,48.445397],[39.69874,48.445588],[39.698744,48.445597],[39.698749,48.445612],[39.698749,48.445617],[39.698641,48.446467],[39.698637,48.446478],[39.698618,48.446493],[39.698861,48.446652],[39.699011,48.44668880124224],[39.699011,48.446689],[39.69917037254825,48.44672790196059],[39.699183,48.446731],[39.699183,48.446730984251964],[39.699773,48.446875],[39.699747,48.443721],[39.69974614070352,48.443721],[39.699732,48.441845],[39.699183,48.44180159778086],[39.699183,48.441801],[39.697222,48.441646]]]}},{"type":"Feature","properties":{"cadnum":"4421480800:17:008:0008"},"geometry":{"type":"Polygon","coordinates":[[[39.769055,48.369637],[39.765693110410105,48.370791],[39.765692,48.370791],[39.764929,48.371053],[39.764929,48.371053628571424],[39.76244,48.371907],[39.763409,48.373196],[39.764929,48.372674651685394],[39.764929,48.372675],[39.770038,48.37092],[39.769939,48.370791],[39.76993870189274,48.370791],[39.769055,48.369637]]]}},{"type":"Feature","properties":{"cadnum":"4421480800:17:008:0000"},"geometry":{"type":"Polygon","coordinates":[[[39.75739,48.373435],[39.758237,48.374554],[39.75823726493507,48.374554],[39.759025,48.375595],[39.759436,48.37545446907217],[39.759436,48.375455],[39.760979,48.374927],[39.76061,48.37444],[39.76060993648892,48.37444],[39.759436,48.372885],[39.759436,48.372885733840306],[39.759344,48.372764],[39.75739,48.373435]]]}},{"type":"Feature","properties":{"cadnum":"4421480800:17:008:0016"},"geometry":{"type":"Polygon","coordinates":[[[39.756618,48.368339],[39.75643,48.369401],[39.759436,48.369915719546746],[39.759436,48.369916],[39.76455055108356,48.370791],[39.764544,48.370791],[39.764929,48.3708567823741],[39.764929,48.370857],[39.76521,48.370905],[39.765543,48.370791],[39.76554279890562,48.370791],[39.767344,48.370174],[39.7651,48.36979117267081],[39.7651,48.369791],[39.759607,48.36885125476695],[39.759607,48.368851],[39.756618,48.368339]]]}},{"type":"Feature","properties":{"cadnum":"4421480800:02:001:0032"},"geometry":{"type":"Polygon","coordinates":[[[39.617761,48.438711],[39.617205,48.438702],[39.616961,48.440191],[39.61696132232143,48.440191],[39.61665352050675,48.44206968137568],[39.616364,48.443835],[39.61636444186046,48.443835],[39.616306,48.444194],[39.616785,48.444224],[39.616785,48.44422384953703],[39.618341,48.444322],[39.618418790349416,48.443835],[39.61842,48.443835],[39.61903,48.440077],[39.619029685265915,48.440077],[39.619199,48.439044],[39.617761,48.438711]]]}},{"type":"Feature","properties":{"cadnum":"4421480800:02:004:0017"},"geometry":{"type":"Polygon","coordinates":[[[39.619603,48.418093],[39.619499,48.418155],[39.61942,48.418321],[39.61942061724138,48.418321],[39.619337,48.418498],[39.622107,48.41877678952737],[39.622107,48.418777],[39.627771,48.419347],[39.627771,48.41934585915493],[39.627813,48.41935],[39.628038,48.418491],[39.628038,48.418459],[39.628019,48.418432],[39.62803447798742,48.418281257861636],[39.628046,48.418179],[39.627610529903784,48.418134086043885],[39.622107,48.417554],[39.622107,48.417554978443114],[39.619773,48.417309],[39.619603,48.418093]]]}},{"type":"Feature","properties":{"cadnum":"4421480800:02:004:0018"},"geometry":{"type":"Polygon","coordinates":[[[39.61932,48.41854],[39.619275,48.418635],[39.619149,48.41955],[39.619176,48.419717],[39.622107,48.42002691876209],[39.622107,48.420027],[39.62731,48.420575],[39.627315,48.420442],[39.627319,48.420424],[39.6276,48.420004881355936],[39.6276,48.420006],[39.627673,48.419896],[39.627805,48.419395],[39.6276,48.419374],[39.6276,48.41937476112288],[39.622107,48.418821],[39.622107,48.41882171501014],[39.61932,48.41854]]]}},{"type":"Feature","properties":{"cadnum":"4421480800:02:003:0010"},"geometry":{"type":"Polygon","coordinates":[[[39.633265,48.420819696587095],[39.638162,48.420868],[39.638189,48.419755],[39.633265,48.419706687598115],[39.633265,48.419706],[39.628644,48.41966],[39.628612,48.420057],[39.628658,48.420543],[39.628685,48.420546],[39.629354,48.420707],[39.629381,48.420716],[39.629434,48.420781],[39.633265,48.42082],[39.633265,48.420819696587095]],[[39.629861,48.420328],[39.629906,48.420182],[39.63001,48.42011],[39.630172,48.42011],[39.630132,48.42031],[39.630126,48.420337],[39.629861,48.420328]]]}},{"type":"Feature","properties":{"cadnum":"4421480800:02:003:0012"},"geometry":{"type":"Polygon","coordinates":[[[39.628754,48.418321],[39.62875436931818,48.418321],[39.628734,48.41856],[39.633265,48.418606],[39.633265,48.41860574585204],[39.638216,48.418656],[39.638227,48.418208],[39.63822676319177,48.418208],[39.638243,48.417544],[39.633093,48.417492],[39.633093,48.41749221681316],[39.628828,48.417448],[39.628754,48.418321]]]}},{"type":"Feature","properties":{"cadnum":"4421480800:02:003:0011"},"geometry":{"type":"Polygon","coordinates":[[[39.628734,48.41856],[39.628644,48.41966],[39.633093,48.41970428781649],[39.633093,48.419705],[39.638189,48.419755],[39.638216,48.418656],[39.633093,48.418604],[39.633093,48.4186042538071],[39.628734,48.41856]]]}},{"type":"Feature","properties":{"cadnum":"4421480800:15:001:0010"},"geometry":{"type":"Polygon","coordinates":[[[39.75755663551402,48.396328],[39.758604,48.395479],[39.758878,48.395259],[39.759436,48.39480050617284],[39.759436,48.394801],[39.761061,48.393466],[39.76186961910828,48.392795],[39.76187,48.392795],[39.763055,48.391811],[39.76314,48.391802],[39.763163,48.391817],[39.764268,48.392414],[39.76476936666667,48.392681],[39.764768,48.392681],[39.764775,48.392684],[39.764929,48.39276277419355],[39.764929,48.392763],[39.764958726666784,48.392777980000055],[39.764992,48.392795],[39.76499250155763,48.392795],[39.765566,48.393084],[39.766153,48.393389],[39.766478,48.3934],[39.767734,48.393022],[39.768415665689155,48.392795],[39.768416,48.392795],[39.76855355866608,48.392749080561394],[39.768758,48.392681],[39.76875750434782,48.392681],[39.769105,48.392565],[39.769361,48.392485],[39.769249,48.392339],[39.769033,48.39241],[39.76787,48.392795],[39.767870015706805,48.392795],[39.767637,48.392872],[39.766432,48.393237],[39.766243,48.39323],[39.765713,48.392956],[39.765169,48.392681],[39.76516842553192,48.392681],[39.7651,48.39264641935484],[39.7651,48.392646],[39.764923,48.392556],[39.764442,48.3923],[39.763319,48.391691],[39.763216,48.391632],[39.762924,48.391662],[39.76169634333627,48.392681],[39.761695,48.392681],[39.760872,48.393365],[39.759607,48.394401841922004],[39.759607,48.394401],[39.758689,48.395154],[39.758415,48.395375],[39.75724228303656,48.396328],[39.757242,48.396328],[39.756174,48.397197],[39.754534,48.398578],[39.754449,48.398602],[39.754114,48.39849231558185],[39.754114,48.398492],[39.753694,48.398354],[39.752482,48.397731],[39.752172,48.397609],[39.75188,48.397546],[39.751718,48.397585],[39.751583,48.397618],[39.750909,48.398336],[39.750258,48.399064],[39.749329,48.400089],[39.749329835616436,48.400089],[39.74897,48.400487],[39.748621,48.40086949328215],[39.748621,48.400869],[39.747595,48.401995],[39.746427,48.403263],[39.745992,48.403736],[39.74599264921466,48.403736],[39.745048,48.404768],[39.744293,48.405592],[39.743301,48.406653],[39.74300270050803,48.40698502030411],[39.742644,48.407383],[39.74264443007915,48.407383],[39.742406,48.407648],[39.741679,48.408448],[39.740894,48.409318],[39.741073,48.409431],[39.741886,48.408531],[39.742618,48.407732],[39.74293081857451,48.407383],[39.742931,48.407383],[39.743128,48.407165],[39.743128,48.40716347567568],[39.743511,48.406737],[39.7445,48.405675],[39.745255,48.404852],[39.746383,48.403622],[39.74638257364341,48.403622],[39.746633,48.403349],[39.747802,48.402079],[39.748621,48.401183],[39.748621,48.40118252941176],[39.74918,48.40057],[39.749717,48.399976],[39.74971520382165,48.399976],[39.750465,48.399147],[39.751115,48.39842],[39.751744,48.397752],[39.751903,48.397713],[39.752117,48.39771],[39.752392,48.397821],[39.753609,48.398447],[39.753942,48.39856964950495],[39.753942,48.39857],[39.75403298712004,48.398603161592725],[39.754114,48.398633],[39.754114,48.398632687927105],[39.754381,48.39873],[39.754643,48.398748],[39.756362,48.397298],[39.757557,48.396328],[39.75755663551402,48.396328]]]}},{"type":"Feature","properties":{"cadnum":"4421480800:15:003:0091"},"geometry":{"type":"Polygon","coordinates":[[[39.751318,48.396115],[39.75113,48.396267],[39.751341,48.396389],[39.751428,48.396442],[39.75142805429864,48.396442],[39.751704,48.39661],[39.75227,48.396917],[39.752463,48.396758],[39.751903,48.396451],[39.75182795283004,48.39640806603765],[39.751318,48.396115]]]}},{"type":"Feature","properties":{"cadnum":"4421480800:02:003:0021"},"geometry":{"type":"Polygon","coordinates":[[[39.633265,48.407759],[39.629758,48.407756],[39.629633,48.408794],[39.633093,48.40879590528635],[39.633093,48.408796],[39.638586,48.40879696963813],[39.638586,48.408797],[39.638758,48.408797],[39.638862,48.408797],[39.638962,48.408126],[39.639002,48.407762],[39.638758,48.407762],[39.633265,48.40775909108561],[39.633265,48.407759]]]}},{"type":"Feature","properties":{"cadnum":"4421480800:02:003:0019"},"geometry":{"type":"Polygon","coordinates":[[[39.638723,48.409769],[39.633265,48.40976512220249],[39.633265,48.409765],[39.62952,48.409763],[39.629475,48.410463],[39.629453,48.410761],[39.633093,48.410763864637985],[39.633093,48.410764],[39.638579,48.410768],[39.638586,48.41071943750002],[39.638586,48.410721],[39.638723,48.409769]]]}},{"type":"Feature","properties":{"cadnum":"4421480800:02:003:0022"},"geometry":{"type":"Polygon","coordinates":[[[39.629937,48.406668],[39.629861,48.406927],[39.629803,48.407383],[39.62980395482546,48.407383],[39.629758,48.407756],[39.633093,48.4077588528657],[39.633093,48.407759],[39.638586,48.40776190891439],[39.638586,48.407762],[39.638758,48.407762],[39.639002,48.407762],[39.63904679033633,48.40736768507482],[39.639128,48.406673],[39.638758,48.406673],[39.633265,48.406671060723745],[39.633265,48.406671],[39.629937,48.406668]]]}},{"type":"Feature","properties":{"cadnum":"4421480800:02:003:0020"},"geometry":{"type":"Polygon","coordinates":[[[39.633265,48.408796],[39.629633,48.408794],[39.62953,48.409614],[39.62952,48.409763],[39.633093,48.40976490814419],[39.633093,48.409765],[39.638586,48.4097689026643],[39.638586,48.409769],[39.638723,48.409769],[39.638758,48.409526],[39.638758,48.40952425179854],[39.638862,48.408797],[39.638758,48.408797],[39.633265,48.40879603036187],[39.633265,48.408796]]]}},{"type":"Feature","properties":{"cadnum":"4421480800:10:004:0001"},"geometry":{"type":"Polygon","coordinates":[[[39.63862205291006,48.411029],[39.638562,48.411483],[39.63867931386903,48.41148419708029],[39.641782,48.411524],[39.64184496819788,48.411029],[39.641845,48.411029],[39.641854,48.410958],[39.638638,48.410914],[39.63863772173913,48.410916],[39.638637,48.410916],[39.638623073825585,48.411021281878575],[39.638622,48.411029],[39.63862205291006,48.411029]]]}},{"type":"Feature","properties":{"cadnum":"4421480800:04:001:0004"},"geometry":{"type":"Polygon","coordinates":[[[39.66619497453528,48.45440219339301],[39.666224,48.454397],[39.666224,48.454396954356845],[39.667016,48.454254],[39.668053,48.453151],[39.668494,48.451552],[39.666224,48.451316819819816],[39.666224,48.451316],[39.665251,48.451215],[39.664330566524825,48.454652],[39.66433,48.454652],[39.664307,48.45474],[39.666052,48.454427775169535],[39.666052,48.454428],[39.66619497453528,48.45440219339301]]]}},{"type":"Feature","properties":{"cadnum":"4421480800:04:001:0002"},"geometry":{"type":"Polygon","coordinates":[[[39.66073,48.45464396223176],[39.660798852941184,48.454652],[39.660795,48.454652],[39.661724,48.45476],[39.662322,48.452428],[39.660559,48.452239],[39.660559,48.45223953837877],[39.657942,48.451957],[39.657885,48.452672],[39.657844,48.45429],[39.657839,48.454296],[39.659434,48.454493],[39.66073,48.454645],[39.66073,48.45464396223176]]]}},{"type":"Feature","properties":{"cadnum":"4421480800:04:001:0003"},"geometry":{"type":"Polygon","coordinates":[[[39.662699,48.450954],[39.662684680473376,48.451009],[39.662684,48.451009],[39.662322,48.452428],[39.66175169468268,48.454652],[39.661751,48.454652],[39.661724,48.45476],[39.66177,48.454766],[39.66177591907514,48.454766],[39.663221,48.454933],[39.664160699481876,48.454766],[39.664161,48.454766],[39.664307,48.45474],[39.665251,48.451215],[39.663237,48.451009],[39.663235331360916,48.451009],[39.662699,48.450954]]]}},{"type":"Feature","properties":{"cadnum":"4421480800:17:008:0029"},"geometry":{"type":"Polygon","coordinates":[[[39.753942,48.379977],[39.753942,48.37997729542365],[39.751907,48.380738],[39.75227,48.381105],[39.75298163538874,48.381737],[39.752981,48.381737],[39.754114,48.382742],[39.754114,48.38274152466368],[39.756618,48.384962],[39.757975,48.384453],[39.755851,48.381737],[39.75584990236686,48.381737],[39.754354,48.379823],[39.753942,48.379977]]]}},{"type":"Feature","properties":{"cadnum":"4421480800:17:005:0006"},"geometry":{"type":"Polygon","coordinates":[[[39.75219,48.383289],[39.75095,48.384226],[39.752407,48.385499],[39.75240739726028,48.385499],[39.754114,48.386991],[39.754114,48.38699027193828],[39.756016,48.388652],[39.756245,48.388607],[39.756285,48.388605],[39.757243,48.388408],[39.75731,48.388422],[39.757562,48.388249],[39.757714,48.38811],[39.754592,48.385385],[39.754591235294114,48.385385],[39.754114,48.38496894871795],[39.754114,48.384968],[39.75219,48.383289]],[[39.757467,48.388124],[39.75749,48.388151],[39.757449,48.388163],[39.757431,48.388139],[39.757467,48.388124]],[[39.757,48.38833],[39.757018,48.388357],[39.756981,48.388369],[39.75696,48.388345],[39.757,48.38833]],[[39.756664,48.388477],[39.756685,48.388503],[39.75665,48.388515],[39.756627,48.388491],[39.756664,48.388477]]]}},{"type":"Feature","properties":{"cadnum":"4421480800:17:005:0007"},"geometry":{"type":"Polygon","coordinates":[[[39.753438,48.382344],[39.753331,48.38243],[39.753326,48.382433],[39.75219,48.383289],[39.753942,48.384817902286905],[39.753942,48.384819],[39.754722,48.385499],[39.754722608440375,48.385499],[39.757714,48.38811],[39.757939,48.3879],[39.758383,48.387354],[39.758365,48.387349],[39.758383,48.387322],[39.758402,48.387328],[39.758563,48.387104],[39.758469,48.386782],[39.758222,48.386516],[39.75696237241358,48.385431799999814],[39.756906,48.385383],[39.753942,48.382786],[39.753942,48.3827861183432],[39.753438,48.382344]],[[39.753834,48.382919],[39.753865,48.382901],[39.753892,48.382925],[39.753861,48.382943],[39.753834,48.382919]],[[39.753541,48.382662],[39.753572,48.382645],[39.753601,48.382669],[39.753568,48.382686],[39.753541,48.382662]],[[39.756753,48.385431],[39.75678,48.385452],[39.756748,48.38547],[39.756721,48.385448],[39.756753,48.385431]],[[39.756461,48.385174],[39.756488,48.385195],[39.756457,48.385213],[39.75643,48.385192],[39.756461,48.385174]],[[39.756187,48.384935],[39.756214,48.384957],[39.756182,48.384975],[39.756155,48.384953],[39.756187,48.384935]],[[39.755913,48.384694],[39.755939,48.384715],[39.755905,48.384732],[39.755878,48.384712],[39.755913,48.384694]],[[39.755616,48.384435],[39.755643,48.384455],[39.755612,48.384473],[39.755585,48.384453],[39.755616,48.384435]],[[39.75532,48.384175],[39.755347,48.384196],[39.755316,48.384214],[39.755289,48.384193],[39.75532,48.384175]],[[39.755033,48.383924],[39.75506,48.383945],[39.755029,48.383963],[39.755001,48.383942],[39.755033,48.383924]],[[39.754746,48.383671],[39.754773,48.383692],[39.75474,48.38371],[39.754714,48.383688],[39.754746,48.383671]],[[39.754463,48.383423],[39.75449,48.383444],[39.754457,48.383462],[39.754427,48.383441],[39.754463,48.383423]],[[39.754161,48.383158],[39.754188,48.383179],[39.754153,48.383197],[39.754125,48.383175],[39.754161,48.383158]],[[39.758375,48.387071],[39.758383,48.387101],[39.758339,48.387104],[39.758335,48.387077],[39.758375,48.387071]],[[39.758339,48.386808],[39.758365,48.386845],[39.758312,48.386863],[39.758285,48.386827],[39.758339,48.386808]],[[39.757804,48.38635],[39.75783,48.38637],[39.7578,48.386388],[39.757773,48.386368],[39.757804,48.38635]],[[39.757346,48.38595],[39.757377,48.385974],[39.757341,48.385992],[39.757314,48.385968],[39.757346,48.38595]],[[39.757044,48.385684],[39.757071,48.385708],[39.75704,48.385726],[39.757014,48.385705],[39.757044,48.385684]],[[39.756861,48.386567],[39.75696,48.386645],[39.756892,48.386699],[39.756788,48.386615],[39.756861,48.386567]]]}},{"type":"Feature","properties":{"cadnum":"4421480800:17:008:0030"},"geometry":{"type":"MultiPolygon","coordinates":[[[[39.755939,48.381851],[39.755940151693665,48.381851],[39.757975,48.384453],[39.759436,48.38390691544117],[39.759436,48.383907],[39.75949547632003,48.38388468470881],[39.759607,48.383843],[39.759607,48.38384284144427],[39.760073,48.383668],[39.759436,48.382854],[39.759436,48.38285417241379],[39.758563,48.381737],[39.75856197798296,48.381737],[39.756452,48.379035],[39.754354,48.379823],[39.755939,48.381851]],[[39.756362,48.381411],[39.756536,48.381549],[39.756542,48.381547],[39.756564,48.38157],[39.756532,48.381584],[39.756704,48.381722],[39.756708,48.38172],[39.75672429166667,48.381737],[39.756723,48.381737],[39.756731,48.381744],[39.7567,48.381757],[39.756814,48.381851],[39.75681430864197,48.381851],[39.756897,48.381919],[39.756901,48.381917],[39.756924,48.381941],[39.756893,48.381953],[39.75707,48.382101],[39.757077,48.382099],[39.757099,48.382125],[39.757071,48.382135],[39.757266,48.3823],[39.75727,48.382299],[39.757293,48.382322],[39.757268,48.382331],[39.75742,48.382462],[39.757427,48.382459],[39.757444,48.382483],[39.757421,48.382493],[39.757621,48.382667],[39.757624,48.382665],[39.757647,48.382689],[39.757622,48.382698],[39.757798,48.382853],[39.757804,48.38285],[39.757826,48.382877],[39.757804,48.382885],[39.757985,48.383045],[39.757989,48.383044],[39.75801,48.383069],[39.757991,48.383077],[39.75816,48.383227],[39.758163,48.383226],[39.758186,48.38325],[39.758168,48.383257],[39.758331,48.383403],[39.758335,48.383403],[39.758356,48.383427],[39.75834,48.383433],[39.758516,48.383591],[39.758518,48.38359],[39.758541,48.383615],[39.758518,48.383623],[39.758505,48.383629],[39.758482,48.383605],[39.758493,48.383601],[39.75657494742489,48.381851],[39.756575,48.381851],[39.754354,48.379823],[39.75637,48.381376],[39.756375,48.381374],[39.756398,48.381398],[39.756362,48.381411]],[[39.756205,48.381201],[39.756169,48.381216],[39.756147,48.381192],[39.756177,48.381179],[39.756182,48.381177],[39.756205,48.381201]],[[39.756021,48.38101],[39.755985,48.381024],[39.755962,48.381001],[39.755993,48.38099],[39.756002,48.380986],[39.756021,48.38101]],[[39.755855,48.380834],[39.755815,48.380849],[39.755796,48.380825],[39.755824,48.380813],[39.755832,48.38081],[39.755855,48.380834]],[[39.755662,48.38064],[39.755626,48.380652],[39.755603,48.380628],[39.755627,48.380618],[39.755639,48.380613],[39.755662,48.38064]],[[39.755482,48.380452],[39.755446,48.380467],[39.755423,48.380443],[39.755449,48.380434],[39.755463,48.380428],[39.755482,48.380452]],[[39.755257,48.380273],[39.755235,48.380246],[39.75527,48.380234],[39.755293,48.380258],[39.755257,48.380273]],[[39.755109,48.380064],[39.755073,48.380079],[39.75505,48.380055],[39.755064,48.38005],[39.755086,48.38004],[39.755109,48.380064]],[[39.754916,48.379867],[39.75488,48.379882],[39.754864,48.379863],[39.754857,48.379856],[39.754893,48.379843],[39.754916,48.379867]],[[39.758779,48.383862],[39.758742,48.383874],[39.758721,48.38385],[39.758752,48.383837],[39.758756,48.383835],[39.758779,48.383862]]],[[[39.75646808284024,48.381737],[39.756468,48.381737],[39.758133,48.383245],[39.75815,48.383265],[39.758154,48.383264],[39.758168,48.383257],[39.758143,48.383233],[39.757975,48.383083],[39.757991,48.383077],[39.757964,48.383052],[39.75662052395437,48.381851],[39.756621,48.381851],[39.754354,48.379823],[39.75646808284024,48.381737]]],[[[39.756348,48.381399],[39.756358,48.381413],[39.756362,48.381411],[39.756348,48.381399]]],[[[39.756508,48.381563],[39.756528,48.381586],[39.756532,48.381584],[39.756508,48.381563]]],[[[39.756673,48.381737],[39.756694,48.381758],[39.7567,48.381757],[39.756673,48.381734],[39.756672,48.381735],[39.756673913043485,48.381737],[39.756673,48.381737]]],[[[39.756893,48.381953],[39.756867,48.381931],[39.756865,48.381932],[39.756888,48.381955],[39.756893,48.381953]]],[[[39.757071,48.382135],[39.757044,48.382112],[39.75704,48.382114],[39.757063,48.382138],[39.757071,48.382135]]],[[[39.757268,48.382331],[39.757242,48.382308],[39.757234,48.382311],[39.757251,48.382337],[39.757268,48.382331]]],[[[39.757421,48.382493],[39.757396,48.382471],[39.757386,48.382474],[39.757409,48.382498],[39.757421,48.382493]]],[[[39.757622,48.382698],[39.757597,48.382675],[39.757589,48.382678],[39.757606,48.382704],[39.757622,48.382698]]],[[[39.757804,48.382885],[39.757778,48.382861],[39.757769,48.382865],[39.75779,48.382889],[39.757804,48.382885]]],[[[39.758314,48.383409],[39.758298,48.383414],[39.758321,48.383441],[39.75834,48.383433],[39.758314,48.383409]]]]}},{"type":"Feature","properties":{"cadnum":"4421480800:13:002:0170"},"geometry":{"type":"Polygon","coordinates":[[[39.7651,48.427678],[39.7651,48.42767753454546],[39.765754,48.427496],[39.766298,48.427357],[39.764929,48.426179],[39.764929,48.42617986046512],[39.764541,48.425846],[39.763199,48.426275],[39.763104,48.426292],[39.764807,48.427759],[39.7651,48.427678]]]}},{"type":"Feature","properties":{"cadnum":"4421480800:13:002:0166"},"geometry":{"type":"Polygon","coordinates":[[[39.765664,48.428152],[39.766946,48.429258],[39.76694634643734,48.429258],[39.770594,48.4324],[39.770594,48.43239930728477],[39.771177,48.432902],[39.771178333736394,48.432902],[39.772006,48.433615],[39.772518,48.433451],[39.77251,48.433442],[39.772545,48.433427],[39.772558,48.433439],[39.773183,48.43324],[39.773174,48.433228],[39.77321,48.433213],[39.773224,48.433224],[39.773457,48.433135],[39.77318572622478,48.432902],[39.773186,48.432902],[39.770594,48.43067010419682],[39.770594,48.43067],[39.768821,48.429144],[39.76882071698114,48.429144],[39.767231,48.427774],[39.765664,48.428152]]]}},{"type":"Feature","properties":{"cadnum":"4421480800:13:002:0164"},"geometry":{"type":"Polygon","coordinates":[[[39.770093,48.426617],[39.770277,48.426763],[39.770317,48.426909],[39.770422,48.42692043968872],[39.770422,48.426921],[39.770574,48.426937],[39.773268,48.429258],[39.773268440310076,48.429258],[39.775384,48.431079],[39.77542,48.430894],[39.775613,48.430558],[39.775604,48.430558],[39.775623,48.430518],[39.77565,48.430525],[39.776087,48.430219],[39.776087,48.43021829824561],[39.776143,48.430179],[39.776435,48.429893],[39.776529,48.429836],[39.776087,48.42945518892508],[39.776087,48.429455],[39.77600980882201,48.429388683822225],[39.775915,48.429307],[39.775915,48.429307232044195],[39.775725,48.429144],[39.77572471991513,48.429144],[39.772029,48.425959],[39.770594,48.42644745364033],[39.770594,48.426447],[39.770093,48.426617]],[[39.775348,48.430936],[39.775371,48.43096],[39.775334,48.430975],[39.775312,48.430951],[39.775348,48.430936]]]}},{"type":"Feature","properties":{"cadnum":"4421480800:13:002:0165"},"geometry":{"type":"Polygon","coordinates":[[[39.770594,48.426954],[39.770574,48.426937],[39.770317,48.426909],[39.768736,48.427306],[39.770422,48.428756976318624],[39.770422,48.428757],[39.77087079640719,48.429144],[39.77087,48.429144],[39.774688,48.432429],[39.775227,48.431866],[39.775384,48.431079],[39.773136,48.429144],[39.77313567944852,48.429144],[39.770594,48.426954230883446],[39.770594,48.426954]],[[39.775007,48.431389],[39.775029,48.431413],[39.774998,48.431428],[39.774971,48.431404],[39.775007,48.431389]],[[39.774895,48.431932],[39.774908,48.431967],[39.774858,48.431976],[39.774845,48.431943],[39.774895,48.431932]],[[39.774684,48.431818],[39.774711,48.431842],[39.774675,48.431857],[39.774648,48.431833],[39.774684,48.431818]]]}},{"type":"Feature","properties":{"cadnum":"4421480800:13:003:0016"},"geometry":{"type":"Polygon","coordinates":[[[39.768736,48.427306],[39.767983,48.427494],[39.767757,48.427649],[39.767231,48.427774],[39.768953,48.429258],[39.76895345216251,48.429258],[39.770422,48.430521961646924],[39.770422,48.430522],[39.7730536067227,48.432788],[39.773053,48.432788],[39.773457,48.433135],[39.773753,48.433022],[39.773759,48.433013],[39.773767,48.433013],[39.77413533333408,48.43280049999957],[39.774566,48.432554],[39.774688,48.432429],[39.77100249680365,48.429258],[39.771003,48.429258],[39.770594,48.42890531669535],[39.770594,48.428905],[39.768736,48.427306]],[[39.774432,48.432212],[39.774397,48.432225],[39.774396,48.432226],[39.774369,48.432206],[39.774405,48.432188],[39.774432,48.432212]],[[39.774111,48.432594],[39.774131,48.43261],[39.774095,48.432628],[39.774072,48.432605],[39.774103,48.432587],[39.774111,48.432594]]]}},{"type":"Feature","properties":{"cadnum":"4421480800:13:002:0135"},"geometry":{"type":"Polygon","coordinates":[[[39.76596,48.421317],[39.76646,48.421967],[39.766460911538466,48.421967],[39.766774,48.422373],[39.766908,48.422576],[39.767044,48.422662],[39.767071,48.422692],[39.767079,48.422709],[39.767075,48.422733],[39.766912,48.422934],[39.767138,48.422981],[39.767164,48.42299],[39.767182,48.423023],[39.767174,48.423047],[39.767092,48.423142],[39.767071,48.423157],[39.766729,48.423288],[39.766338,48.423374],[39.76880007551385,48.425499],[39.768799,48.425499],[39.769824,48.426382],[39.76981,48.4264],[39.770093,48.426617],[39.770422,48.426505363273456],[39.770422,48.426506],[39.772029,48.425959],[39.772258,48.425881],[39.77194463612565,48.425612],[39.771945,48.425612],[39.770594,48.4244490577807],[39.770594,48.424448],[39.767712406936425,48.421967],[39.767713,48.421967],[39.766666,48.421065],[39.76596,48.421317]]]}},{"type":"Feature","properties":{"cadnum":"4421480800:17:008:0019"},"geometry":{"type":"Polygon","coordinates":[[[39.757067,48.365775],[39.757018,48.366059],[39.756914,48.366641],[39.759436,48.36707272744152],[39.759436,48.367073],[39.76030838885688,48.367221387637336],[39.764929,48.36801271450295],[39.764929,48.368013],[39.768247,48.36858],[39.768,48.368255],[39.767474,48.367557],[39.76571281730771,48.367255],[39.765713,48.367255],[39.76569590763244,48.367252100401934],[39.765048,48.367141],[39.7650416082474,48.367141],[39.759607,48.366210284957624],[39.759607,48.36621],[39.757067,48.365775]],[[39.761325,48.366831],[39.761344,48.366822],[39.761366,48.366826],[39.761371,48.366841],[39.761352,48.36685],[39.761329,48.366846],[39.761325,48.366831]],[[39.761218,48.366873],[39.761239,48.366901],[39.761213,48.366924],[39.761168,48.366924],[39.761151,48.366897],[39.761172,48.366873],[39.761218,48.366873]],[[39.759906,48.367085],[39.759914,48.367124],[39.759857,48.36713],[39.759847,48.367089],[39.759906,48.367085]]]}},{"type":"Feature","properties":{"cadnum":"4421480800:17:008:0021"},"geometry":{"type":"Polygon","coordinates":[[[39.759607,48.36517828495763],[39.764929,48.36608971504237],[39.764929,48.36609],[39.766581,48.366372],[39.76601,48.365614],[39.765296,48.364746],[39.765296,48.364743],[39.765287,48.364725],[39.765291,48.364716],[39.764929,48.364658],[39.764929,48.364658500192824],[39.762507,48.364269],[39.761891,48.364247],[39.761465,48.364429],[39.761033,48.364504],[39.76001,48.364026],[39.759436,48.364002],[39.759436,48.364002657308006],[39.758396,48.363958],[39.758113,48.363898],[39.75757,48.363657],[39.757454,48.363585],[39.757243,48.364773],[39.759607,48.365179],[39.759607,48.36517828495763]],[[39.763922,48.365537],[39.763926,48.365579],[39.763868,48.365581],[39.763859,48.365543],[39.763922,48.365537]],[[39.765237,48.364794],[39.765251,48.364782],[39.765273,48.364787],[39.765278,48.3648],[39.765264,48.364811],[39.765243,48.364809],[39.765237,48.364794]]]}},{"type":"Feature","properties":{"cadnum":"4421480800:17:008:0020"},"geometry":{"type":"Polygon","coordinates":[[[39.757193,48.365068],[39.757067,48.365775],[39.759436,48.36618071456693],[39.759436,48.366181],[39.764929,48.36712171504237],[39.764929,48.367122],[39.76569590763244,48.367252100401934],[39.767474,48.367557],[39.767224617363425,48.36722660771715],[39.766581,48.366372],[39.7651,48.36611919007264],[39.7651,48.366119],[39.759436,48.365149],[39.759436,48.36514963197969],[39.757243,48.364773],[39.757193,48.365068]],[[39.761914,48.366309],[39.761923,48.366351],[39.76186,48.366355],[39.761855,48.366315],[39.761914,48.366309]]]}},{"type":"Feature","properties":{"cadnum":"4421480800:16:002:0005"},"geometry":{"type":"Polygon","coordinates":[[[39.651852,48.396162],[39.652481,48.395736],[39.652791,48.394718],[39.651533,48.393866],[39.651026,48.394459],[39.649818,48.3959],[39.651852,48.396162]]]}},{"type":"Feature","properties":{"cadnum":"4421480800:16:002:0020"},"geometry":{"type":"Polygon","coordinates":[[[39.651852,48.396162],[39.652481,48.395736],[39.652791,48.394718],[39.651533,48.393866],[39.651026,48.394459],[39.649818,48.3959],[39.651852,48.396162]]]}},{"type":"Feature","properties":{"cadnum":"4421480800:14:002:0098"},"geometry":{"type":"Polygon","coordinates":[[[39.809046,48.42105224205379],[39.809444,48.421061],[39.809884,48.42113],[39.810163,48.421542],[39.81142,48.421589],[39.810225,48.419717],[39.809381,48.419869],[39.808874,48.41996],[39.808874,48.41996064526485],[39.8078,48.420152],[39.808383,48.421034],[39.808874,48.42104755521473],[39.808874,48.421049],[39.809035,48.421052],[39.809046,48.421053],[39.809046,48.42105224205379]]]}},{"type":"Feature","properties":{"cadnum":"4421480800:14:002:0104"},"geometry":{"type":"Polygon","coordinates":[[[39.812551,48.418215],[39.811932,48.417154],[39.811668,48.416715],[39.810494,48.416966],[39.81128961328414,48.418208],[39.811289,48.418208],[39.812049,48.419392],[39.812993,48.419222],[39.812907,48.41893],[39.81260377762238,48.418321],[39.812604,48.418321],[39.812551,48.418215]]]}},{"type":"Feature","properties":{"cadnum":"4421480800:14:002:0100"},"geometry":{"type":"Polygon","coordinates":[[[39.813989,48.421684],[39.813737,48.42074],[39.813536,48.420301],[39.81306,48.419448],[39.812993,48.419222],[39.812049,48.419392],[39.811563,48.419479],[39.812641,48.42116],[39.812668,48.421109],[39.813284,48.421145],[39.813194,48.421542],[39.812853,48.421494],[39.812951,48.421646],[39.813989,48.421684]]]}},{"type":"Feature","properties":{"cadnum":"4421480800:14:002:0103"},"geometry":{"type":"Polygon","coordinates":[[[39.810494,48.416966],[39.809354,48.417207],[39.810066,48.418321],[39.81006641091954,48.418321],[39.810886,48.4196],[39.811563,48.419479],[39.812049,48.419392],[39.81136153378379,48.418321],[39.811362,48.418321],[39.810494,48.416966]]]}},{"type":"Feature","properties":{"cadnum":"4421480800:14:002:0099"},"geometry":{"type":"Polygon","coordinates":[[[39.812951,48.421646],[39.812853,48.421494],[39.812494,48.421443],[39.812641,48.42116],[39.811563,48.419479],[39.810886,48.4196],[39.810225,48.419717],[39.81142,48.421589],[39.812951,48.421646]]]}},{"type":"Feature","properties":{"cadnum":"4421480800:25:004:0015"},"geometry":{"type":"Polygon","coordinates":[[[39.76495929136729,48.342391758993045],[39.764923,48.342369],[39.76064198793971,48.34524],[39.760641,48.34524],[39.759607,48.34593505394191],[39.759607,48.345935],[39.755027,48.349005],[39.75502851815981,48.349005],[39.754584,48.349304],[39.756394,48.34965],[39.757525,48.348891],[39.75752398146922,48.348891],[39.759436,48.34760868308921],[39.759436,48.34761],[39.762967,48.34524],[39.76296611398964,48.34524],[39.764929,48.343924593749996],[39.764929,48.343925],[39.766132,48.343118],[39.76495929136729,48.342391758993045]]]}},{"type":"Feature","properties":{"cadnum":"4421480800:25:004:0016"},"geometry":{"type":"Polygon","coordinates":[[[39.763989,48.34179],[39.763778,48.34193],[39.762614,48.342766],[39.762048,48.343324],[39.761707,48.343835],[39.761312,48.344211],[39.760922,48.344489],[39.760163,48.344856],[39.759607,48.34518332874828],[39.759607,48.345183],[39.75950966666667,48.34524],[39.759509,48.34524],[39.759508,48.34524],[39.759331073393994,48.34534458715626],[39.759315,48.345354],[39.75931515,48.345354],[39.759102,48.34548],[39.757903,48.345796],[39.756079,48.346611],[39.754687,48.346943],[39.753945,48.347059],[39.753942,48.34706],[39.753942,48.34706064899554],[39.752153,48.348044],[39.752373,48.348507],[39.75265164615385,48.348891],[39.752651,48.348891],[39.752656,48.348897],[39.752962,48.34899],[39.754114,48.349214],[39.754114,48.349213221183795],[39.754584,48.349304],[39.755198,48.348891],[39.75519707166123,48.348891],[39.759436,48.34604962227074],[39.759436,48.34605],[39.7604714074074,48.345354],[39.760472,48.345354],[39.764923,48.342369],[39.763989,48.34179]],[[39.756968,48.347477],[39.75692,48.347489],[39.756897,48.347456],[39.756947,48.347444],[39.756968,48.347477]]]}},{"type":"Feature","properties":{"cadnum":"4421480800:25:004:0014"},"geometry":{"type":"Polygon","coordinates":[[[39.766539,48.343369],[39.766132,48.343118],[39.7651,48.34381028927681],[39.7651,48.34381],[39.762796,48.345354],[39.76279715443038,48.345354],[39.759607,48.347495225148684],[39.759607,48.347494],[39.757354,48.349005],[39.75735512648222,48.349005],[39.756394,48.34965],[39.75819,48.349996],[39.759436,48.34916064361327],[39.759436,48.349161],[39.759821014089994,48.348902408447024],[39.764929,48.345477650589096],[39.764929,48.345478],[39.76524657687638,48.345264487862764],[39.767335,48.343865],[39.766539,48.343369]],[[39.757826,48.348757],[39.757777,48.348773],[39.757755,48.34874],[39.757804,48.348724],[39.757826,48.348757]]]}},{"type":"Feature","properties":{"cadnum":"4421480800:14:001:0154"},"geometry":{"type":"Polygon","coordinates":[[[39.779934,48.401667],[39.779759,48.401718],[39.778403,48.402109],[39.779464,48.403736],[39.77946424678112,48.403736],[39.779997,48.404554],[39.781529,48.404116],[39.781408,48.40393],[39.781408,48.403930366459626],[39.781207,48.403622],[39.78120678153697,48.403622],[39.779934,48.401667]]]}},{"type":"Feature","properties":{"cadnum":"4421480800:14:001:0080"},"geometry":{"type":"Polygon","coordinates":[[[39.784699,48.403241],[39.785027,48.403736],[39.78502751342911,48.403736],[39.786901,48.40656433757662],[39.786901,48.406565],[39.78736746454768,48.407269],[39.787367,48.407269],[39.789609,48.410651],[39.790606,48.40993],[39.78891470011274,48.407383],[39.788916,48.407383],[39.787073,48.40460615235732],[39.787073,48.404606],[39.78649565243903,48.403736],[39.786496,48.403736],[39.785904,48.402842],[39.784699,48.403241]]]}},{"type":"Feature","properties":{"cadnum":"4421480800:14:001:0079"},"geometry":{"type":"Polygon","coordinates":[[[39.784327,48.403364],[39.783531,48.40359],[39.78355226027397,48.403622],[39.783551,48.403622],[39.785969404147835,48.407269],[39.785969,48.407269],[39.78633,48.407813],[39.786901,48.40867449528937],[39.786901,48.408675],[39.78838801869159,48.410916],[39.788387,48.410916],[39.788665,48.411334],[39.789243,48.410916],[39.78924164550264,48.410916],[39.789609,48.410651],[39.787442573033715,48.407383],[39.787443,48.407383],[39.787073,48.406824586715864],[39.787073,48.406824],[39.784952,48.403622],[39.78495146060606,48.403622],[39.784699,48.403241],[39.784327,48.403364]]]}},{"type":"Feature","properties":{"cadnum":"4421480800:14:001:0155"},"geometry":{"type":"Polygon","coordinates":[[[39.779934,48.401667],[39.781281,48.403736],[39.78128130769231,48.403736],[39.781529,48.404116],[39.78293,48.403716],[39.782869,48.403622],[39.78286865008576,48.403622],[39.78150236669599,48.40152858813079],[39.781331,48.401265],[39.779934,48.401667]]]}},{"type":"Feature","properties":{"cadnum":"4421480800:14:001:0081"},"geometry":{"type":"Polygon","coordinates":[[[39.786966727272414,48.402491090909194],[39.785904,48.402842],[39.78642051006711,48.403622],[39.78642,48.403622],[39.786901,48.40434681470138],[39.786901,48.404347],[39.78884033794466,48.407269],[39.788839,48.407269],[39.790606,48.40993],[39.791666,48.409164],[39.79041,48.407269],[39.790409434458915,48.407269],[39.787992,48.403622],[39.78799143181818,48.403622],[39.787192,48.402416],[39.786966727272414,48.402491090909194]],[[39.788252,48.405323],[39.787758,48.40538],[39.787678,48.405082],[39.788078,48.405018],[39.788252,48.405323]]]}},{"type":"Feature","properties":{"cadnum":"4421480800:14:001:0156"},"geometry":{"type":"Polygon","coordinates":[[[39.78158,48.40164753745072],[39.78293,48.403716],[39.784066,48.403391],[39.782468,48.40094],[39.781408,48.401244],[39.781408,48.40124478947368],[39.78139,48.40125],[39.781331,48.401265],[39.781408,48.401383437751],[39.781408,48.401384],[39.78150236669599,48.40152858813079],[39.78158,48.401648],[39.78158,48.40164753745072]]]}},{"type":"Feature","properties":{"cadnum":"4421480800:10:003:0011"},"geometry":{"type":"Polygon","coordinates":[[[39.642739,48.423809],[39.642743,48.425612],[39.64274328662017,48.425612],[39.642747,48.427076],[39.644251,48.427099],[39.644251,48.42709851154027],[39.646202,48.427127],[39.64621,48.425747],[39.6462130388889,48.425558588888045],[39.646246,48.423864],[39.644251,48.42383361928934],[39.644251,48.423833],[39.642739,48.423809]]]}},{"type":"Feature","properties":{"cadnum":"4421480800:25:001:0008"},"geometry":{"type":"Polygon","coordinates":[[[39.735921,48.339661],[39.735871,48.339682],[39.73584,48.339646],[39.735844,48.339646],[39.734439,48.33936],[39.734435,48.33936],[39.734412,48.339353],[39.735683,48.341569],[39.73569449253731,48.341589],[39.735694,48.341589],[39.737463,48.34467677537352],[39.737463,48.344677],[39.73778566469719,48.34524],[39.737785,48.34524],[39.738266,48.34608],[39.738404,48.346107],[39.73841,48.346107],[39.738431,48.346118],[39.738445,48.346131],[39.73845,48.346136],[39.739236,48.345993],[39.739703,48.345936],[39.73936851724138,48.345354],[39.739369,48.345354],[39.737635,48.34232632318992],[39.737635,48.342326],[39.73754877630781,48.34217577101385],[39.737463,48.342026],[39.737463,48.342026321513],[39.73727743012212,48.341703],[39.737278,48.341703],[39.736133,48.339703],[39.735921,48.339661]]]}},{"type":"Feature","properties":{"cadnum":"4421480800:25:001:0009"},"geometry":{"type":"Polygon","coordinates":[[[39.736379,48.339754],[39.736133,48.339703],[39.737212735,48.341589],[39.737212,48.341589],[39.73754877630811,48.342175771014375],[39.73930371033654,48.34524],[39.739303,48.34524],[39.739703,48.345936],[39.740723,48.345814],[39.741221,48.345686],[39.740965,48.34524],[39.7409647187251,48.34524],[39.7389392812749,48.341703],[39.73894,48.341703],[39.738005,48.34007],[39.737463,48.339968],[39.737463,48.33996820260022],[39.736712,48.339825],[39.736379,48.339754]],[[39.737641,48.341491],[39.737672,48.341524],[39.737624,48.341548],[39.737588,48.341512],[39.737635,48.341494],[39.737635,48.34149337735849],[39.737641,48.341491]],[[39.736766,48.340559],[39.736796,48.340595],[39.736748,48.340617],[39.736716,48.340581],[39.736766,48.340559]],[[39.740206,48.344303],[39.740255,48.34428],[39.740287,48.344315],[39.740238,48.344336],[39.740206,48.344303]],[[39.739416,48.343383],[39.739366,48.343405],[39.739335,48.343372],[39.739383,48.343351],[39.739416,48.343383]],[[39.738544,48.342453],[39.73849,48.342473],[39.738459,48.34244],[39.738513,48.34242],[39.738544,48.342453]]]}},{"type":"Feature","properties":{"cadnum":"4421480800:25:001:0001"},"geometry":{"type":"Polygon","coordinates":[[[39.744976,48.345232],[39.74495555555557,48.34524],[39.744954,48.34524],[39.744953,48.345241],[39.744952,48.34524],[39.744932,48.34522],[39.744679,48.345148],[39.744244,48.345104],[39.743703808000014,48.34524],[39.743703,48.34524],[39.74354022329869,48.34528118446659],[39.743251,48.345354],[39.74325242857143,48.345354],[39.742956,48.345429],[39.742956,48.34542940461933],[39.74079,48.345976],[39.739169,48.346333],[39.740399,48.346605],[39.742506,48.347017],[39.742937,48.347041],[39.742956,48.34703871204188],[39.742956,48.347039],[39.743404,48.346985],[39.743611,48.34705],[39.744083,48.347346],[39.74658,48.347838],[39.747496,48.34753],[39.745781,48.345834],[39.74533205882353,48.345354],[39.745333,48.345354],[39.745304,48.345324],[39.744976,48.345232]],[[39.745304,48.345324],[39.745472,48.345528],[39.745308,48.345366],[39.745304,48.345361],[39.745299,48.345343],[39.745304,48.345324]],[[39.742007,48.346148],[39.742039,48.346181],[39.741989,48.346202],[39.741958,48.346169],[39.742007,48.346148]],[[39.746943,48.347074],[39.74697,48.347104],[39.74693,48.347122],[39.746899,48.347094],[39.746943,48.347074]],[[39.746009,48.346187],[39.746041,48.346217],[39.745995,48.346235],[39.745968,48.346205],[39.746009,48.346187]]]}},{"type":"Feature","properties":{"cadnum":"4421480800:25:001:0006"},"geometry":{"type":"Polygon","coordinates":[[[39.733387,48.341595],[39.735475675179565,48.34524],[39.735475,48.34524],[39.735634,48.345516],[39.736307,48.345682],[39.737463,48.34591703012048],[39.737463,48.345918],[39.738266,48.34608],[39.737850278571436,48.345354],[39.737851,48.345354],[39.737635,48.34497711340206],[39.737635,48.344977],[39.735759311098,48.341703],[39.73576,48.341703],[39.735683,48.341569],[39.733387,48.341595]]]}},{"type":"Feature","properties":{"cadnum":"4421480800:16:002:0010"},"geometry":{"type":"Polygon","coordinates":[[[39.633265,48.37603872200772],[39.633352,48.376075],[39.633926,48.376311],[39.634174,48.376418],[39.63668,48.376335],[39.638586,48.37625163046757],[39.638586,48.376253],[39.638669,48.376248],[39.638758,48.375844],[39.638758,48.37584159292034],[39.638782,48.375732],[39.638952,48.374751],[39.63871860869908,48.37476056521725],[39.637852,48.374795],[39.635314,48.374882],[39.634874,48.374894],[39.634187,48.374897],[39.633093,48.374923],[39.633093,48.37492316969697],[39.63244,48.374939],[39.632125,48.374876],[39.631887,48.37504],[39.631671,48.375282],[39.631775,48.375312],[39.631883,48.375404],[39.632916,48.375891],[39.633093,48.37596606017192],[39.633093,48.375967],[39.63322573750028,48.37602235000012],[39.633265,48.376039],[39.633265,48.37603872200772]],[[39.632996,48.374974],[39.63301,48.374954],[39.633037,48.374963],[39.633023,48.37498],[39.632996,48.374974]],[[39.632687,48.375365],[39.6327,48.375347],[39.632727,48.375356],[39.632713,48.375374],[39.632687,48.375365]],[[39.63429,48.37533],[39.634317,48.375347],[39.634295,48.375365],[39.634264,48.37535],[39.63429,48.37533]],[[39.633769,48.375195],[39.633796,48.37521],[39.633774,48.375228],[39.633747,48.375213],[39.633769,48.375195]]]}},{"type":"Feature","properties":{"cadnum":"4421480800:16:002:0011"},"geometry":{"type":"Polygon","coordinates":[[[39.63668,48.376335],[39.634174,48.376418],[39.634704,48.376648],[39.63496,48.376743],[39.635233,48.376789],[39.635907,48.376827],[39.6373,48.37689],[39.637313,48.377024],[39.637749,48.377367],[39.638149,48.377729],[39.638262088794924,48.378088],[39.638261,48.378088],[39.638302,48.378215],[39.638239,48.378832],[39.638586,48.37881795953757],[39.638586,48.378818],[39.638611925444174,48.378816910531164],[39.638758,48.378811],[39.638758,48.37881077201812],[39.64256,48.378651],[39.642667,48.378561],[39.642896,48.378596],[39.643036,48.378403],[39.643492,48.378088],[39.643491801886796,48.378088],[39.644251,48.377566],[39.644251,48.377565324009325],[39.644508,48.377388],[39.644079,48.377347],[39.644079,48.37734749702026],[39.642573,48.377203],[39.642524,48.377183],[39.638586,48.376824],[39.638586,48.37682443809524],[39.638548,48.376821],[39.638586,48.376641049586794],[39.638586,48.376643],[39.638669,48.376248],[39.63668,48.376335]]]}},{"type":"Feature","properties":{"cadnum":"4421480800:16:002:0082"},"geometry":{"type":"Polygon","coordinates":[[[39.637749,48.377367],[39.637313,48.377024],[39.637277,48.377039],[39.63817,48.37799],[39.63818895283019,48.378088],[39.638188,48.378088],[39.638212,48.378209],[39.637722,48.378996],[39.636487,48.379339],[39.637264,48.38007],[39.637363,48.380422],[39.637265,48.381851],[39.637265278325124,48.381851],[39.637218,48.382549],[39.63748,48.382955],[39.63795,48.383199],[39.638586,48.383348554455445],[39.638586,48.383349],[39.640264,48.383743],[39.640722,48.383545],[39.642896,48.383677],[39.642819,48.381737],[39.64281860358744,48.381737],[39.64278,48.380736],[39.641193,48.379865],[39.638758,48.37901410433449],[39.638758,48.379014],[39.638239,48.378832],[39.638302,48.378215],[39.63829780314961,48.378202],[39.638298,48.378202],[39.638149,48.377729],[39.637749,48.377367]]]}},{"type":"Feature","properties":{"cadnum":"4421480800:16:002:0021"},"geometry":{"type":"Polygon","coordinates":[[[39.631281,48.375186],[39.631164,48.375297],[39.633093,48.37617473631604],[39.633093,48.376175],[39.634362,48.376752],[39.635063,48.378065],[39.63504503649635,48.378088],[39.635044,48.378088],[39.634411,48.378907],[39.635983,48.379053],[39.637115,48.380118],[39.637201,48.380428],[39.637107,48.381851],[39.63710755622733,48.381851],[39.637061,48.382564],[39.637358,48.383027],[39.637883,48.383295],[39.638586,48.383461309714285],[39.638586,48.383462],[39.640233,48.383852],[39.64003,48.385156],[39.640933,48.385499],[39.640933525291835,48.385499],[39.641988,48.385899],[39.6422767159533,48.385499],[39.642277,48.385499],[39.642856,48.384697],[39.642896,48.383677],[39.640722,48.383545],[39.640264,48.383743],[39.638758,48.383389386174024],[39.638758,48.383389],[39.63795,48.383199],[39.63748,48.382955],[39.637218,48.382549],[39.637273,48.381737],[39.63727281805458,48.381737],[39.637363,48.380422],[39.637264,48.38007],[39.636487,48.379339],[39.637722,48.378996],[39.638212,48.378209],[39.63821061157025,48.378202],[39.638211,48.378202],[39.63817,48.37799],[39.637205,48.376962],[39.634753,48.376771],[39.633265,48.376092436144575],[39.633265,48.376092],[39.631281,48.375186]]]}},{"type":"Feature","properties":{"cadnum":"4421480800:11:002:0041"},"geometry":{"type":"Polygon","coordinates":[[[39.732141,48.430069655015195],[39.732628,48.430587],[39.733177,48.430352],[39.733226,48.430331],[39.732211,48.429252],[39.732141,48.42928220746888],[39.732141,48.429282],[39.731613,48.429508],[39.73197,48.42988798863636],[39.73197,48.429888],[39.731975453039446,48.429893792818504],[39.732141,48.43007],[39.732141,48.430069655015195]]]}},{"type":"Feature","properties":{"cadnum":"4421480800:06:001:0168"},"geometry":{"type":"Polygon","coordinates":[[[39.683635,48.435031],[39.683518,48.434813],[39.683477,48.434735],[39.683518,48.434733],[39.683518,48.434709],[39.682531,48.434756],[39.682531,48.434756040650406],[39.682211,48.434771],[39.682211,48.435099],[39.682703,48.435076],[39.682703,48.435075742753625],[39.683635,48.435031]]]}},{"type":"Feature","properties":{"cadnum":"4421480800:06:001:0170"},"geometry":{"type":"Polygon","coordinates":[[[39.683509,48.434375],[39.683505,48.434068],[39.683505,48.434039],[39.682703,48.43407605338809],[39.682703,48.434076],[39.682215,48.434098],[39.682211,48.434435],[39.682586254235396,48.434417457627205],[39.683509,48.434375]]]}},{"type":"Feature","properties":{"cadnum":"4421480800:06:001:0056"},"geometry":{"type":"Polygon","coordinates":[[[39.686549,48.430986],[39.686805,48.430742],[39.686905,48.430438],[39.686922,48.429559],[39.686679,48.429556],[39.686658,48.430421],[39.686581,48.430662],[39.686339,48.430898],[39.686168,48.431529],[39.686199,48.432086],[39.68614450263158,48.432788],[39.686144,48.432788],[39.68614,48.432846],[39.685733,48.432798],[39.685303,48.432902],[39.68530605263159,48.432902],[39.685265,48.432912],[39.685104,48.433043],[39.684865,48.433228],[39.684578,48.433281],[39.683235,48.433401],[39.682703,48.43344936363636],[39.682703,48.433449],[39.681614,48.433547],[39.68063,48.433609],[39.67996,48.433737],[39.679054,48.434181],[39.677038,48.435203],[39.677038,48.43520320186335],[39.674634,48.436422],[39.674415,48.436547],[39.67441624347827,48.436547],[39.673412,48.437123],[39.672909,48.437412],[39.672136,48.437814],[39.671545,48.438133],[39.671545,48.438133109289616],[39.671351,48.438237],[39.66779906550665,48.440077],[39.667799,48.440077],[39.66776944462317,48.44009234443434],[39.667579,48.440191],[39.667579421168696,48.440191],[39.666052,48.440984],[39.666052,48.44098405147426],[39.664223,48.441931],[39.664334,48.44209],[39.666224,48.441108],[39.666224,48.44110760788863],[39.66798765178572,48.440191],[39.667988,48.440191],[39.671545,48.438343311223065],[39.671545,48.438344],[39.671561,48.438335],[39.671717,48.43825],[39.671717,48.43824863218391],[39.672083,48.438046],[39.672177,48.437995],[39.67224,48.437966],[39.672284,48.437942],[39.673062,48.437536],[39.673272,48.437423],[39.674809,48.43655],[39.67481492307692,48.436547],[39.674816,48.436547],[39.67721,48.435334],[39.67721,48.43533377762494],[39.679219,48.434315],[39.680104,48.43388],[39.680675,48.433767],[39.681635,48.433708],[39.682364,48.433642],[39.682531,48.433627221238936],[39.682531,48.433628],[39.684622,48.433442],[39.685,48.43337],[39.685287,48.433147],[39.685409,48.433049],[39.68575,48.432966],[39.686285,48.433028],[39.686379,48.432879],[39.686442,48.432086],[39.68641,48.431556],[39.686549,48.430986]]]}},{"type":"Feature","properties":{"cadnum":"4421480800:06:001:0167"},"geometry":{"type":"Polygon","coordinates":[[[39.68254518181909,48.43536631818177],[39.682703,48.435359],[39.682703,48.43535873076923],[39.683779,48.435307],[39.683635,48.435031],[39.682531,48.435084],[39.682531,48.43508404065041],[39.682211,48.435099],[39.682207,48.435382],[39.682531,48.43536697580645],[39.682531,48.435367],[39.68254518181909,48.43536631818177]]]}},{"type":"Feature","properties":{"cadnum":"4421480800:06:001:0171"},"geometry":{"type":"Polygon","coordinates":[[[39.683505,48.434039],[39.683496,48.433708],[39.6826896301377,48.4337456027397],[39.682215,48.433767],[39.682215,48.434098],[39.682531,48.43408375409836],[39.682531,48.434084],[39.683505,48.434039]]]}},{"type":"Feature","properties":{"cadnum":"4421480800:06:001:0169"},"geometry":{"type":"Polygon","coordinates":[[[39.683518,48.434709],[39.683513,48.434417],[39.683509,48.434375],[39.682703,48.434412085889576],[39.682703,48.434412],[39.682586254235396,48.434417457627205],[39.682531,48.43442],[39.682531,48.43442004065041],[39.682211,48.434435],[39.682211,48.434771],[39.682703,48.434748],[39.682703,48.434747809523806],[39.683518,48.434709]]]}},{"type":"Feature","properties":{"cadnum":"4421480800:10:002:0035"},"geometry":{"type":"Polygon","coordinates":[[[39.682703,48.43241264383562],[39.682703,48.432412],[39.677038,48.432489],[39.677038,48.432489120184904],[39.676561,48.432495],[39.676561,48.432788],[39.676561,48.432902],[39.676561,48.435272],[39.677038,48.43504856702619],[39.677038,48.435049],[39.679888,48.43371],[39.680351,48.433573],[39.681654,48.433448],[39.681847,48.433407],[39.681878,48.433407],[39.682188,48.433436],[39.682703,48.433397],[39.682703,48.43339692015209],[39.68332,48.43335],[39.68336,48.433359],[39.683622,48.433076],[39.683623,48.432788],[39.68362290836653,48.432788],[39.683626,48.4324],[39.682703,48.43241264383562]],[[39.683333,48.432721],[39.68336,48.432745],[39.683325,48.432763],[39.683297,48.432739],[39.683333,48.432721]],[[39.682808,48.433004],[39.682836,48.433025],[39.6828,48.433043],[39.682777,48.433019],[39.682808,48.433004]],[[39.682318,48.433305],[39.682278,48.433326],[39.682251,48.433299],[39.682287,48.433281],[39.682318,48.433305]]]}},{"type":"Feature","properties":{"cadnum":"4421480800:06:001:0163"},"geometry":{"type":"Polygon","coordinates":[[[39.683931,48.436228],[39.683945,48.436008],[39.68267008196849,48.43606750819666],[39.682201,48.436089],[39.682201,48.436312],[39.682531,48.43629622310757],[39.682531,48.436297],[39.683931,48.436228]]]}},{"type":"Feature","properties":{"cadnum":"4421480800:06:001:0164"},"geometry":{"type":"Polygon","coordinates":[[[39.68267008196849,48.43606750819666],[39.682703,48.436066],[39.682703,48.43606597171146],[39.683945,48.436008],[39.683962,48.435782],[39.682703,48.435840067085955],[39.682703,48.43584],[39.682207,48.435862],[39.682201,48.436089],[39.682531,48.436073880478084],[39.682531,48.436074],[39.68267008196849,48.43606750819666]]]}},{"type":"Feature","properties":{"cadnum":"4421480800:06:001:0165"},"geometry":{"type":"Polygon","coordinates":[[[39.683962,48.435782],[39.683966,48.435674],[39.683905,48.435555],[39.682703,48.435610113537116],[39.682703,48.43561],[39.682207,48.435632],[39.682207,48.435862],[39.682531,48.43584762903226],[39.682531,48.435848],[39.683962,48.435782]]]}},{"type":"Feature","properties":{"cadnum":"4421480800:06:001:0166"},"geometry":{"type":"Polygon","coordinates":[[[39.683905,48.435555],[39.683779,48.435307],[39.68254518181909,48.43536631818177],[39.682207,48.435382],[39.682207,48.435632],[39.682531,48.43561762903226],[39.682531,48.435618],[39.683905,48.435555]]]}},{"type":"Feature","properties":{"cadnum":"4421480800:16:002:0015"},"geometry":{"type":"Polygon","coordinates":[[[39.655598,48.391793],[39.65833998802397,48.392681],[39.658339,48.392681],[39.660559,48.393399644918446],[39.660559,48.3934],[39.661374,48.393663],[39.665651,48.394641],[39.666224,48.394774],[39.666224,48.39477279972937],[39.666791,48.394904],[39.667106,48.395133],[39.669051,48.396442],[39.66905136018413,48.396442],[39.670173,48.397197],[39.670842,48.39743],[39.671545,48.39750391542857],[39.671545,48.397504],[39.674593,48.397823],[39.676111,48.397952],[39.676116,48.397862],[39.67462,48.397733],[39.671717,48.39742901105691],[39.671717,48.397429],[39.670874,48.39734],[39.670259,48.397129],[39.669071,48.396328],[39.669070749999996,48.396328],[39.667209,48.395074],[39.666921,48.394728],[39.666224,48.394564377445334],[39.666224,48.394564],[39.665727,48.394448],[39.66146,48.393473],[39.660559,48.393181],[39.660559,48.39318156209912],[39.659366636690635,48.392795],[39.659368,48.392795],[39.655751,48.391623],[39.655598,48.391793]]]}},{"type":"Feature","properties":{"cadnum":"4421480800:16:002:0013"},"geometry":{"type":"Polygon","coordinates":[[[39.664334,48.395748],[39.664120051873205,48.396328],[39.664119,48.396328],[39.663705,48.397454],[39.664833,48.398026],[39.666052,48.39790856937455],[39.666052,48.397909],[39.668224,48.397698],[39.670842,48.39743],[39.670173,48.397197],[39.668882,48.396328],[39.66888161115355,48.396328],[39.667106,48.395133],[39.666791,48.394904],[39.666052,48.394733],[39.666052,48.39473407678883],[39.665651,48.394641],[39.664334,48.395748]]]}},{"type":"Feature","properties":{"cadnum":"4421480800:19:002:0020"},"geometry":{"type":"Polygon","coordinates":[[[39.682018,48.345671],[39.681794,48.347241],[39.682531,48.34737558965896],[39.682531,48.347376],[39.687928,48.348357],[39.688018,48.347728],[39.688025,48.34767925925923],[39.688025,48.347682],[39.688153,48.346788],[39.688025,48.346764],[39.688025,48.34676468587691],[39.682531,48.345764],[39.682531,48.345764613138684],[39.682018,48.345671]]]}},{"type":"Feature","properties":{"cadnum":"4421480800:19:002:0021"},"geometry":{"type":"Polygon","coordinates":[[[39.682228,48.344172],[39.68207801015229,48.34524],[39.682078,48.34524],[39.68207684983965,48.34524826198515],[39.682062,48.345354],[39.682062129930394,48.345354],[39.682018,48.345671],[39.682703,48.345796],[39.682703,48.3457953283529],[39.688153,48.346788],[39.688196,48.346479],[39.688196,48.34647873076924],[39.688283,48.345853],[39.688364,48.345288],[39.6881,48.34524],[39.688098,48.34524],[39.68809724590163,48.34524],[39.68807342857065,48.34523571428557],[39.682703,48.34425927272727],[39.682703,48.344259],[39.682228,48.344172]]]}},{"type":"Feature","properties":{"cadnum":"4421480800:19:002:0038"},"geometry":{"type":"Polygon","coordinates":[[[39.682703,48.347407],[39.681794,48.347241],[39.681758,48.347512],[39.681704,48.347797],[39.682531,48.34794683683683],[39.682531,48.347947],[39.687853,48.348915],[39.687928,48.348357],[39.682703,48.347407264035574],[39.682703,48.347407]],[[39.682175,48.347512],[39.68235,48.34748],[39.682463,48.347554],[39.682323,48.347569],[39.682175,48.347512]]]}},{"type":"Feature","properties":{"cadnum":"4421480800:13:004:0028"},"geometry":{"type":"Polygon","coordinates":[[[39.748192,48.410914],[39.747262,48.408779],[39.747213,48.408808],[39.746664,48.409533],[39.746526,48.410583],[39.746666,48.411029],[39.74666652738337,48.411029],[39.746786,48.411409],[39.74816114792899,48.41092475147929],[39.748192,48.410914]]]}},{"type":"Feature","properties":{"cadnum":"4421480800:10:003:0037"},"geometry":{"type":"Polygon","coordinates":[[[39.653271,48.411981],[39.653227,48.413269],[39.653227,48.413281],[39.655066,48.41328191492538],[39.655066,48.413282],[39.660559,48.41328687400177],[39.660559,48.413287],[39.660701,48.413287],[39.660714,48.412848],[39.660552,48.412529],[39.660319,48.412353],[39.659758,48.412193],[39.659475,48.412103],[39.658688,48.412094],[39.655066,48.412019],[39.655066,48.41201934689725],[39.653271,48.411981]]]}},{"type":"Feature","properties":{"cadnum":"4421480800:10:003:0036"},"geometry":{"type":"Polygon","coordinates":[[[39.655237,48.413282],[39.653227,48.413281],[39.653187,48.41447],[39.655066,48.41447183317074],[39.655066,48.414472],[39.660559,48.414475927077746],[39.660559,48.414476],[39.660661,48.414476],[39.660701,48.413287],[39.655237,48.41328215173026],[39.655237,48.413282]]]}},{"type":"Feature","properties":{"cadnum":"4421480800:19:003:0029"},"geometry":{"type":"Polygon","coordinates":[[[39.714527,48.358977],[39.713076,48.359306],[39.71334647384615,48.359842],[39.713346,48.359842],[39.713388467966425,48.359925220055416],[39.713404,48.359956],[39.71340417525773,48.359956],[39.713445,48.360036],[39.712686,48.360237],[39.712799,48.360421],[39.713495,48.360637],[39.715179,48.360255],[39.714969,48.359842],[39.714967893769156,48.359842],[39.714527,48.358977]]]}},{"type":"Feature","properties":{"cadnum":"4421480800:19:003:0001"},"geometry":{"type":"Polygon","coordinates":[[[39.708451,48.355557],[39.707705,48.355459],[39.707342,48.355417],[39.707243,48.355745],[39.70720236363636,48.356192],[39.707201,48.356192],[39.707149,48.356786],[39.707149,48.357001],[39.707126,48.357052],[39.708757,48.357145],[39.70929,48.357222],[39.709412,48.357291],[39.709443,48.357613],[39.709497,48.357989],[39.709587,48.358064],[39.709997,48.35808654295533],[39.709997,48.358087],[39.710786,48.358129],[39.711298,48.358175],[39.711558,48.358087],[39.711954,48.357118],[39.712067,48.356375],[39.71209057831332,48.35626145180689],[39.712187,48.355813],[39.712179,48.355811],[39.711254,48.355569],[39.710239,48.355631],[39.709997,48.355635],[39.709997,48.35563532746955],[39.70943,48.355643],[39.708451,48.355557]]]}},{"type":"Feature","properties":{"cadnum":"4421480800:23:001:0013"},"geometry":{"type":"Polygon","coordinates":[[[39.754844,48.359184],[39.756981,48.359482],[39.75801,48.35961],[39.758838,48.359807],[39.759327,48.359839],[39.759436,48.3598608],[39.759436,48.359861],[39.759487714285875,48.35987114285717],[39.759607,48.359895],[39.759607,48.359894538674034],[39.759798,48.359932],[39.759811,48.359914],[39.760154,48.359956],[39.76015749999995,48.359956],[39.760207,48.359962],[39.760193,48.359986],[39.76049,48.360007],[39.76093,48.360034],[39.761325,48.360055],[39.761977,48.360091],[39.764434,48.360392],[39.764514,48.360293],[39.7646,48.360192],[39.762004,48.359876],[39.761438,48.359846],[39.761378,48.359842],[39.76137145454549,48.359842],[39.760889,48.359813],[39.760503,48.359792],[39.760306,48.359777],[39.760287,48.359807],[39.759888,48.359759],[39.759901,48.359729],[39.759436,48.35964],[39.759436,48.35964003614458],[39.759358,48.359625],[39.758891,48.359532],[39.758096,48.359401],[39.757044,48.359273],[39.754884,48.358971],[39.753942,48.358869],[39.753942,48.35886915068493],[39.7528,48.358744],[39.752064,48.358589],[39.752033,48.358691],[39.752001,48.358799],[39.752729,48.358956],[39.754114,48.359106],[39.754114,48.35910549667406],[39.754844,48.359184]]]}},{"type":"Feature","properties":{"cadnum":"4421480800:11:003:0004"},"geometry":{"type":"Polygon","coordinates":[[[39.74740786915888,48.440077],[39.747407,48.440077],[39.74749717881852,48.443721],[39.747497,48.443721],[39.747536,48.445254],[39.748502,48.445654],[39.749562,48.445975],[39.750385,48.446193],[39.750842,48.444935],[39.750972,48.444208],[39.75096357494866,48.443835],[39.750964,48.443835],[39.750959,48.443559],[39.751152,48.441997],[39.750146,48.441991],[39.748621,48.44194716207951],[39.748621,48.441947],[39.748511,48.441944],[39.748488,48.440132],[39.748105,48.440077],[39.748104064516156,48.440077],[39.747406,48.439977],[39.74740786915888,48.440077]]]}},{"type":"Feature","properties":{"cadnum":"4421480800:17:006:0030"},"geometry":{"type":"Polygon","coordinates":[[[39.715512,48.367506],[39.715489,48.370905],[39.71548929722589,48.370905],[39.715476,48.373062],[39.71549,48.37306154838709],[39.71549,48.373062],[39.717169,48.373005],[39.717183,48.370791],[39.71718176465441,48.370791],[39.717204,48.367476],[39.715512,48.367506]]]}},{"type":"Feature","properties":{"cadnum":"4421480800:17:006:0031"},"geometry":{"type":"Polygon","coordinates":[[[39.718831,48.367452],[39.717717,48.36747],[39.717204,48.367476],[39.717181,48.370905],[39.71718227913279,48.370905],[39.717169,48.373005],[39.718795,48.372952],[39.71880731420639,48.370905],[39.718808,48.370905],[39.718831,48.367452]]]}},{"type":"Feature","properties":{"cadnum":"4421480800:04:002:0025"},"geometry":{"type":"Polygon","coordinates":[[[39.692618,48.458642],[39.688421,48.462052],[39.68842191304348,48.462052],[39.68812225197219,48.46229585826472],[39.687304,48.46296],[39.687341,48.462973],[39.688025,48.4632018],[39.688025,48.463202],[39.69083,48.46414],[39.693426,48.465144],[39.693518,48.46515977142857],[39.693518,48.46516],[39.693601,48.465174],[39.694455,48.464581],[39.697595,48.461938],[39.69759476138828,48.461938],[39.698008,48.461591],[39.698088,48.461364],[39.697469,48.461108],[39.695478,48.460167],[39.694306,48.459437],[39.694127,48.45939],[39.69361,48.459148],[39.693518,48.459102],[39.693518,48.45910244291609],[39.692883,48.458788],[39.692618,48.458642]]]}},{"type":"Feature","properties":{"cadnum":"4421480800:14:002:0111"},"geometry":{"type":"Polygon","coordinates":[[[39.809251,48.413269],[39.808874,48.413452],[39.808874,48.41345213333334],[39.808446,48.413659],[39.808874,48.41432668],[39.808874,48.414328],[39.809097,48.414676],[39.809097075687106,48.414676],[39.81054,48.416927],[39.811653,48.416688],[39.811605,48.416608],[39.810549,48.415046],[39.810195,48.414562],[39.810194788912575,48.414562],[39.809251,48.413269]]]}},{"type":"Feature","properties":{"cadnum":"4421480800:10:006:0009"},"geometry":{"type":"Polygon","coordinates":[[[39.693518,48.401305],[39.693518,48.401305386122885],[39.688196,48.40187761387712],[39.688196,48.401877],[39.687704,48.40193],[39.682703,48.40211368258264],[39.682703,48.402113],[39.679417,48.402233],[39.678815,48.403053],[39.6787450204978,48.403622],[39.678745,48.403622],[39.67874289586945,48.40363927525196],[39.678731,48.403736],[39.678731114767935,48.403736],[39.678312,48.407177],[39.67885998058252,48.407269],[39.678859,48.407269],[39.67928053471358,48.40733960648003],[39.679539,48.407383],[39.67953960264904,48.407383],[39.680662,48.407571],[39.682531,48.40745103968643],[39.682531,48.407452],[39.68485133498199,48.407302168912594],[39.688025,48.40709894964185],[39.688025,48.407099],[39.691027,48.406906],[39.693518,48.406513915477085],[39.693518,48.406514],[39.6986,48.405714],[39.6986964416826,48.403736],[39.698697,48.403736],[39.698803,48.401592],[39.695362,48.401106],[39.693518,48.401305]]]}},{"type":"Feature","properties":{"cadnum":"4421480800:10:002:0061"},"geometry":{"type":"Polygon","coordinates":[[[39.682703,48.42817614827502],[39.682703,48.428176],[39.679848,48.428206],[39.679844,48.428393],[39.679817,48.429258],[39.67981763606557,48.429258],[39.679794,48.430059],[39.681905,48.430036],[39.682703,48.429848],[39.682703,48.42984727201566],[39.683042,48.429767],[39.683392,48.429752],[39.68659,48.429544],[39.68659429,48.429258],[39.686595,48.429258],[39.686618,48.428134],[39.682703,48.42817614827502]]]}},{"type":"Feature","properties":{"cadnum":"4421480800:11:004:0022"},"geometry":{"type":"Polygon","coordinates":[[[39.687188,48.415066],[39.686945,48.415049],[39.686859,48.415532],[39.68663927823593,48.418208],[39.686639,48.418208],[39.686586,48.418873],[39.686639,48.421264],[39.686667486486485,48.421853],[39.686667,48.421853],[39.686811,48.424852],[39.686805,48.424894],[39.68678814763231,48.425499],[39.686788,48.425499],[39.686702,48.428695],[39.686686,48.429258],[39.68668695631068,48.429258],[39.686679,48.429556],[39.686922,48.429559],[39.686933,48.429144],[39.68693225714286,48.429144],[39.686945,48.428698],[39.68702796217568,48.425612],[39.687028,48.425612],[39.687048,48.4249],[39.687048,48.42485],[39.686909,48.421853],[39.68690883286119,48.421853],[39.686882,48.421261],[39.686828,48.418876],[39.68687286526946,48.418321],[39.686873,48.418321],[39.687102,48.415532],[39.687188,48.415066]]]}},{"type":"Feature","properties":{"cadnum":"4421480800:10:002:0036"},"geometry":{"type":"Polygon","coordinates":[[[39.682531,48.432414337864074],[39.682531,48.432415],[39.683626,48.4324],[39.683626,48.432131],[39.68336,48.431851],[39.682531,48.431572],[39.682531,48.431572004618936],[39.68227,48.431484],[39.682264,48.431329],[39.67721,48.43139863030999],[39.67721,48.431398],[39.673353,48.431451],[39.673408,48.432384],[39.673402,48.432539],[39.676561,48.432495],[39.67721,48.432487],[39.67721,48.43248666213592],[39.682531,48.432414337864074]]]}},{"type":"Feature","properties":{"cadnum":"4421480800:03:005:0054"},"geometry":{"type":"Polygon","coordinates":[[[39.652539,48.451013],[39.652554,48.451009],[39.652552833333345,48.451009],[39.652705,48.450965],[39.652395,48.450501],[39.651852,48.450667],[39.652091705357144,48.451009],[39.652091,48.451009],[39.652166,48.451115],[39.652539,48.451013]]]}},{"type":"Feature","properties":{"cadnum":"4421480800:01:002:0030"},"geometry":{"type":"Polygon","coordinates":[[[39.652558,48.453074],[39.651556,48.453202],[39.650824,48.453343],[39.650468,48.453476],[39.650352,48.453643],[39.650348,48.454275],[39.650317,48.454471],[39.65254237966107,48.454652],[39.652542,48.454652],[39.65296593263153,48.45468644944204],[39.653944,48.454766],[39.65394487671232,48.454766],[39.655237,48.454871],[39.655237,48.454870860092925],[39.657003,48.455014],[39.657031088397794,48.454766],[39.657032,48.454766],[39.657202,48.453268],[39.657189,48.45322],[39.655066,48.453049],[39.655066,48.45304917841301],[39.653208,48.452899],[39.652558,48.453074]]]}},{"type":"Feature","properties":{"cadnum":"4421480800:03:005:0056"},"geometry":{"type":"Polygon","coordinates":[[[39.653437,48.45087],[39.653083,48.450974],[39.65310648993289,48.451009],[39.653106,48.451009],[39.653267,48.451248],[39.65364,48.451144],[39.653559,48.451018],[39.653437,48.45087]]]}},{"type":"Feature","properties":{"cadnum":"4421480800:01:002:0029"},"geometry":{"type":"Polygon","coordinates":[[[39.650317,48.454471],[39.6502863220339,48.454652],[39.650286,48.454652],[39.65027798265901,48.45470120231184],[39.650267,48.454766],[39.65026742410714,48.454766],[39.650213,48.4551],[39.650091,48.456098],[39.655237,48.456516],[39.655237,48.456515834342326],[39.656883,48.456649],[39.656959,48.45541],[39.657003,48.455014],[39.655066,48.454857],[39.655066,48.454857104267155],[39.65296593262376,48.45468644944141],[39.650317,48.454471]]]}},{"type":"Feature","properties":{"cadnum":"4421480800:16:002:0017"},"geometry":{"type":"Polygon","coordinates":[[[39.646705,48.376311],[39.646615,48.376269],[39.646206,48.376466],[39.644079,48.377945],[39.644079,48.377945101289136],[39.64387263297873,48.378088],[39.643871,48.378088],[39.64312,48.378611],[39.642367,48.379319],[39.644113,48.381851],[39.64411355882353,48.381851],[39.644185260870024,48.3819547391311],[39.644251,48.38205],[39.644251,48.382049851063826],[39.644361,48.382209],[39.645506,48.383721],[39.646279,48.384372],[39.647024,48.384581],[39.6482,48.3847],[39.649572,48.38445918911917],[39.649572,48.38446],[39.64972121679961,48.38443299886483],[39.649744,48.384429],[39.649744,48.384428876190476],[39.649782,48.384422],[39.650751,48.38394],[39.651187,48.382996],[39.650936,48.38186],[39.65092963414634,48.381851],[39.65093,48.381851],[39.649961,48.380485],[39.649744,48.38027357840617],[39.649744,48.380273],[39.648619,48.379175],[39.647746253909844,48.378202],[39.647747,48.378202],[39.647445,48.377866],[39.646489,48.376555],[39.646705,48.376311]]]}},{"type":"Feature","properties":{"cadnum":"4421480800:07:001:0009"},"geometry":{"type":"Polygon","coordinates":[[[39.729498,48.452919],[39.729229,48.453071],[39.729035,48.453358],[39.728812,48.453569],[39.728636,48.453551],[39.728577,48.453513],[39.72846,48.453206],[39.727948,48.452941],[39.727293,48.452711],[39.726648,48.45446659602649],[39.726648,48.454466],[39.726579179999995,48.454652],[39.726579,48.454652],[39.72655363066235,48.45472105226391],[39.726537,48.454766],[39.72653711716622,48.454766],[39.72577,48.456854],[39.726648,48.457222],[39.726648,48.457221482517475],[39.727764,48.457688],[39.728879,48.454652],[39.72887890904169,48.454652],[39.729516,48.452919],[39.729498,48.452919]]]}},{"type":"Feature","properties":{"cadnum":"4421480800:13:001:0009"},"geometry":{"type":"Polygon","coordinates":[[[39.766832,48.45406],[39.766868,48.454141],[39.767195,48.454299],[39.768063,48.454206],[39.768117,48.454397],[39.76820569565217,48.454652],[39.768205,48.454652],[39.768229,48.454719],[39.768445,48.454766],[39.76844525486382,48.454766],[39.770422,48.45519561818182],[39.770422,48.455196],[39.772218,48.455586],[39.771939,48.454769],[39.7714,48.454652],[39.77139841284405,48.454652],[39.770422,48.454439],[39.770422,48.454439470092666],[39.76822,48.453959],[39.766832,48.45406]]]}},{"type":"Feature","properties":{"cadnum":"4421480800:13:001:0004"},"geometry":{"type":"Polygon","coordinates":[[[39.768117,48.454397],[39.767341634146334,48.454652],[39.767341,48.454652],[39.766931,48.454787],[39.766822,48.454948],[39.766877,48.455237],[39.767285,48.455845],[39.76769,48.457036],[39.769118,48.457349],[39.768858,48.456575],[39.76853,48.455615],[39.768229,48.454719],[39.768117,48.454397]]]}},{"type":"Feature","properties":{"cadnum":"4421480800:02:002:0019"},"geometry":{"type":"Polygon","coordinates":[[[39.605627,48.432854],[39.605627,48.43285481601193],[39.603788,48.432917],[39.60426745454546,48.436433],[39.604267,48.436433],[39.604376,48.43722],[39.605627,48.437339561489814],[39.605627,48.43734],[39.605686763380106,48.43734527323942],[39.605799,48.437356],[39.605799,48.43735517647059],[39.605831,48.437358],[39.60748,48.437397],[39.607494,48.437397],[39.607362,48.436433],[39.60736153618158,48.436433],[39.606869,48.432802],[39.606307,48.432831],[39.605627,48.432854]]]}},{"type":"Feature","properties":{"cadnum":"4421480800:02:003:0023"},"geometry":{"type":"Polygon","coordinates":[[[39.633265,48.405566],[39.6301,48.405564],[39.630122,48.40566],[39.63005,48.406298],[39.629937,48.406668],[39.633093,48.406670844951925],[39.633093,48.406671],[39.638586,48.406672939276255],[39.638586,48.406673],[39.638758,48.406673],[39.639128,48.406673],[39.639235,48.405776],[39.639254,48.405568],[39.638758,48.405568],[39.633265,48.40556606072374],[39.633265,48.405566]]]}},{"type":"Feature","properties":{"cadnum":"4421480800:02:003:0024"},"geometry":{"type":"Polygon","coordinates":[[[39.633265,48.404466],[39.6301,48.404465],[39.630055,48.405016],[39.630027,48.405252],[39.6301,48.405564],[39.633093,48.40556589131122],[39.633093,48.405566],[39.638586,48.40556793927626],[39.638586,48.405568],[39.638758,48.405568],[39.639254,48.405568],[39.639352,48.404467],[39.638758,48.404467],[39.633265,48.40446603036187],[39.633265,48.404466]]]}},{"type":"Feature","properties":{"cadnum":"4421480800:14:004:0021"},"geometry":{"type":"Polygon","coordinates":[[[39.774325,48.381004],[39.773566,48.38002],[39.77091,48.38092],[39.771625,48.381851],[39.77162533333333,48.381851],[39.771669,48.381908],[39.77216981883439,48.38173740234924],[39.774325,48.381004]]]}},{"type":"Feature","properties":{"cadnum":"4421480800:02:004:0004"},"geometry":{"type":"Polygon","coordinates":[[[39.621144,48.401903],[39.621098,48.402389],[39.621071,48.403024],[39.622107,48.4031330074565],[39.622107,48.403134],[39.62697085761909,48.40364494549494],[39.627771,48.40373],[39.627771,48.403729037974685],[39.627837,48.403736],[39.627837500000034,48.403736],[39.629538,48.403915],[39.62955770469782,48.40370880441212],[39.629646,48.402821],[39.629646,48.402801],[39.627771,48.40260305278593],[39.627771,48.402603],[39.622278,48.40202402383475],[39.622278,48.402023],[39.621144,48.401903]]]}},{"type":"Feature","properties":{"cadnum":"4421480800:02:004:0007"},"geometry":{"type":"Polygon","coordinates":[[[39.622278,48.40641102383475],[39.6276,48.40697197616525],[39.6276,48.406973],[39.629206,48.407142],[39.629323,48.406057],[39.6276,48.405875],[39.6276,48.40587594597458],[39.622107,48.405296],[39.622107,48.40529686164489],[39.620977,48.405177],[39.620928,48.406268],[39.622278,48.406412],[39.622278,48.40641102383475]]]}},{"type":"Feature","properties":{"cadnum":"4421480800:02:004:0006"},"geometry":{"type":"Polygon","coordinates":[[[39.622278,48.405314054025425],[39.627771,48.405894],[39.627771,48.40589306268137],[39.629323,48.406057],[39.629426,48.405037],[39.629434,48.404986],[39.627756760882626,48.40480949664686],[39.622278,48.40423105402542],[39.622278,48.404231],[39.621022,48.404098],[39.620977,48.405177],[39.622278,48.405315],[39.622278,48.405314054025425]]]}},{"type":"Feature","properties":{"cadnum":"4421480800:02:004:0008"},"geometry":{"type":"Polygon","coordinates":[[[39.62088311210762,48.407269],[39.620883,48.407269],[39.620882285714295,48.40728742857125],[39.620878,48.407383],[39.620878581395345,48.407383],[39.620878,48.407398],[39.622278,48.407547],[39.622278,48.4075460842161],[39.6276,48.4081089157839],[39.6276,48.408109],[39.629088,48.408266],[39.62918099398195,48.407383],[39.629181,48.407383],[39.629181394736975,48.40737919473556],[39.629193,48.407269],[39.62919282572614,48.407269],[39.629206,48.407142],[39.627771,48.40699099439602],[39.627771,48.40699],[39.622107,48.406393],[39.622107,48.40639376],[39.620928,48.406268],[39.62088311210762,48.407269]]]}},{"type":"Feature","properties":{"cadnum":"4421480800:02:004:0005"},"geometry":{"type":"Polygon","coordinates":[[[39.621071,48.403024],[39.62104328370786,48.403622],[39.621043,48.403622],[39.621022,48.404098],[39.622107,48.40421289251593],[39.622107,48.404213],[39.6276,48.40479294597458],[39.6276,48.404793],[39.627756760882626,48.40480949664686],[39.627771,48.404811],[39.627771,48.40481099509269],[39.629434,48.404986],[39.629538,48.403915],[39.627771,48.403729],[39.62777099998724,48.403728999998656],[39.6276,48.403711],[39.6276,48.40371103654661],[39.626970857619554,48.40364494549499],[39.626755,48.403622],[39.62675243193277,48.403622],[39.622278,48.40315196345339],[39.622278,48.403151],[39.621071,48.403024]]]}},{"type":"Feature","properties":{"cadnum":"4421480800:12:001:0001"},"geometry":{"type":"Polygon","coordinates":[[[39.696323,48.397954],[39.698574,48.398312],[39.699011,48.39841389490969],[39.699011,48.398414],[39.69906245098132,48.39842589169023],[39.699183,48.398454],[39.699183,48.39845375377468],[39.699872,48.398613],[39.701013,48.398939],[39.701543,48.399189],[39.701965,48.399505],[39.70241422431507,48.399976],[39.702413,48.399976],[39.702656,48.40023],[39.703807,48.401381],[39.704676,48.402264],[39.704676,48.402263758790866],[39.70611422923789,48.40372505648045],[39.70629,48.403904],[39.706748,48.404238],[39.707562,48.404554],[39.708055,48.404616],[39.708352,48.404646],[39.70872,48.404688],[39.708837,48.404693],[39.708881,48.404697],[39.709812,48.404795],[39.709997,48.40484163865546],[39.709997,48.404842],[39.710074240740916,48.40486111111115],[39.710169,48.404885],[39.710169,48.40488455670103],[39.710288,48.404914],[39.710782,48.405082],[39.71181,48.405511],[39.711864,48.405532],[39.713881,48.406346],[39.714801,48.406757],[39.71549,48.40712030545877],[39.71549,48.407121],[39.71577108064516,48.407269],[39.715771,48.407269],[39.715961,48.407369],[39.715989,48.407383],[39.715989313099044,48.407383],[39.71786,48.408308],[39.719954,48.409321],[39.72051,48.409765],[39.720984,48.41002988235294],[39.720984,48.41003],[39.720986,48.410031],[39.721155,48.41012],[39.721155,48.41011914509804],[39.721751,48.41043],[39.722671,48.410872],[39.722774,48.410821],[39.722806,48.4108],[39.72285,48.410759],[39.721898,48.410302],[39.721139,48.409902],[39.720686,48.409652],[39.720124,48.409202],[39.718004,48.408176],[39.716166,48.407269],[39.7161657887324,48.407269],[39.716109,48.407241],[39.715662,48.40700630694669],[39.715662,48.407006],[39.714946,48.406629],[39.714011,48.406209],[39.711986,48.405391],[39.711931,48.405371],[39.711923,48.405383],[39.710908,48.404945],[39.710902,48.404941],[39.710386,48.404766],[39.710169,48.40471188946015],[39.710169,48.404711],[39.709874,48.404637],[39.708841,48.40453],[39.708765,48.404521],[39.708388,48.404485],[39.708095,48.404455],[39.707646,48.404399],[39.706906,48.404109],[39.706478,48.403805],[39.706298,48.403622],[39.70629794017534,48.403622],[39.704665738112965,48.40196153840559],[39.704008,48.401291],[39.702863,48.40014],[39.70277761111116,48.40005192592598],[39.702162,48.399407],[39.701704,48.399067],[39.70113,48.398798],[39.699962,48.398464],[39.69962,48.398384],[39.699183,48.39827923481116],[39.699183,48.398279],[39.698641,48.398148],[39.696373,48.39779],[39.695614,48.397746],[39.695547,48.397743],[39.693689,48.39768714095614],[39.693689,48.397687],[39.693484,48.39768],[39.692928,48.397651],[39.692914,48.397823],[39.693518,48.397844821935486],[39.693518,48.397845],[39.69363711578561,48.39784912547355],[39.693689,48.397851],[39.693689,48.39785092243902],[39.695568,48.397916],[39.696323,48.397954]]]}},{"type":"Feature","properties":{"cadnum":"4421480800:12:004:0012"},"geometry":{"type":"Polygon","coordinates":[[[39.709353,48.402797],[39.709003,48.402732],[39.70868476294821,48.403622],[39.708684,48.403622],[39.70866086577171,48.40368883221504],[39.708644,48.403736],[39.708644538461535,48.403736],[39.708639,48.403752],[39.709066,48.403677],[39.709084,48.403622],[39.709083937500004,48.403622],[39.709353,48.402797]]]}},{"type":"Feature","properties":{"cadnum":"4421480800:12:004:0011"},"geometry":{"type":"Polygon","coordinates":[[[39.709066,48.403677],[39.708724,48.403736],[39.70873009333331,48.403736],[39.708639,48.403752],[39.708639,48.403758],[39.708378,48.404399],[39.708855,48.404408],[39.70904896990424,48.403736],[39.709049,48.403736],[39.709066,48.403677]]]}},{"type":"Feature","properties":{"cadnum":"4421480800:25:004:0013"},"geometry":{"type":"Polygon","coordinates":[[[39.767996,48.344274],[39.767335,48.343865],[39.76528311954332,48.34524],[39.765283,48.34524],[39.76524657687638,48.345264487862764],[39.765113,48.345354],[39.76511343697479,48.345354],[39.7651,48.34536303389831],[39.7651,48.345363],[39.75983802965403,48.348891],[39.759838,48.348891],[39.75982101408987,48.3489024084471],[39.759668,48.349005],[39.75966826666667,48.349005],[39.759607,48.34904614925373],[39.759607,48.349046],[39.75819,48.349996],[39.758419,48.350041],[39.759607,48.350284],[39.759607,48.35028301279708],[39.759983,48.35036],[39.76207400884744,48.348957400914664],[39.764929,48.34704362576687],[39.764929,48.347044],[39.767619,48.34524],[39.767618994572594,48.34524],[39.768548,48.344617],[39.767996,48.344274]]]}},{"type":"Feature","properties":{"cadnum":"4421480800:24:001:0001"},"geometry":{"type":"Polygon","coordinates":[[[39.753942,48.350320308641976],[39.753942,48.350321],[39.754836,48.350516],[39.755872,48.350886],[39.756627,48.351202],[39.757589,48.351773],[39.75801,48.352107],[39.758298,48.352166],[39.757983,48.351892],[39.757696,48.351682],[39.757211,48.351379],[39.756681,48.351098],[39.756187,48.350877],[39.756291,48.350676],[39.759607,48.351368],[39.759607,48.35136765504024],[39.764654,48.35242],[39.7651,48.352513],[39.7651,48.35251271645274],[39.76524020111731,48.352542],[39.765239,48.352542],[39.765760070588435,48.35265058417192],[39.765786,48.352656],[39.76578605990785,48.352656],[39.768363,48.353193],[39.770422,48.35362427702703],[39.770422,48.353625],[39.770583,48.353658],[39.770591,48.353632],[39.768377,48.353166],[39.765381,48.352542],[39.76538047115383,48.352542],[39.764929,48.352448],[39.764929,48.352448062355656],[39.764667,48.352393],[39.759607,48.3513405664309],[39.759607,48.35134],[39.757251,48.35085],[39.755392,48.350461],[39.753942,48.350161],[39.753942,48.35016121636616],[39.753393,48.350047],[39.749436,48.349247],[39.749351,48.34945],[39.753052,48.350366],[39.753142,48.350145],[39.753942,48.350320308641976]]]}},{"type":"Feature","properties":{"cadnum":"4421480800:25:004:0011"},"geometry":{"type":"Polygon","coordinates":[[[39.770594,48.345885513761466],[39.770594,48.345885],[39.77012,48.345591],[39.769774,48.345378],[39.7651,48.34851329411765],[39.7651,48.348513],[39.764364,48.349005],[39.764365053260875,48.349005],[39.761792,48.350731],[39.763715,48.351122],[39.764929,48.35030769963898],[39.764929,48.350308],[39.766870166549054,48.349005],[39.766871,48.349005],[39.770594,48.346509],[39.770594,48.346508281345564],[39.771076,48.346184],[39.770594,48.345885513761466]]]}},{"type":"Feature","properties":{"cadnum":"4421480800:25:004:0010"},"geometry":{"type":"Polygon","coordinates":[[[39.770594,48.34878],[39.770594,48.34877957237661],[39.772833,48.347277],[39.772352,48.346976],[39.771216,48.346273],[39.771076,48.346184],[39.770422,48.346624],[39.770422,48.346624313456886],[39.76704104086538,48.348891],[39.76704,48.348891],[39.7651,48.350193216958786],[39.7651,48.350193],[39.763715,48.351122],[39.764929,48.35137093574007],[39.764929,48.351371],[39.76496912173568,48.35137916286854],[39.7651,48.351406],[39.7651,48.351405790382245],[39.76574,48.351536],[39.766279,48.351674],[39.77025612648222,48.349005],[39.770257,48.349005],[39.770422,48.348894836795246],[39.770422,48.348895],[39.77046951164509,48.34886311537049],[39.770594,48.34878]]]}},{"type":"Feature","properties":{"cadnum":"4421480800:13:001:0023"},"geometry":{"type":"Polygon","coordinates":[[[39.777944,48.445999],[39.77816,48.445892],[39.777432,48.444289],[39.775986,48.444742],[39.776822,48.446568],[39.777944,48.445999]]]}},{"type":"Feature","properties":{"cadnum":"4421480800:13:001:0026"},"geometry":{"type":"Polygon","coordinates":[[[39.775285,48.442692],[39.774414,48.442966],[39.77481,48.443835],[39.77481106821964,48.443835],[39.775308,48.444923],[39.775915,48.44473287419769],[39.775915,48.444734],[39.776382,48.444587],[39.775988,48.443721],[39.775986,48.443721],[39.77598529739777,48.443721],[39.775915,48.443566],[39.775915,48.443567487272716],[39.775487,48.442629],[39.775285,48.442692]]]}},{"type":"Feature","properties":{"cadnum":"4421480800:13:001:0024"},"geometry":{"type":"Polygon","coordinates":[[[39.773206,48.443344],[39.773124,48.443368],[39.772042,48.443708],[39.77204814173228,48.443721],[39.772047,48.443721],[39.772227,48.444095],[39.772918,48.445674],[39.774099,48.445301],[39.773378,48.443721],[39.77337799185336,48.443721],[39.773206,48.443344]]]}},{"type":"Feature","properties":{"cadnum":"4421480800:13:001:0025"},"geometry":{"type":"Polygon","coordinates":[[[39.774414,48.442966],[39.774199,48.443035],[39.773206,48.443344],[39.77343,48.443835],[39.77343002151899,48.443835],[39.774099,48.445301],[39.775308,48.444923],[39.774759,48.443721],[39.77475805063291,48.443721],[39.774414,48.442966]],[[39.773849,48.443675],[39.77409,48.443722],[39.774117,48.443835],[39.77411757738095,48.443835],[39.774131,48.44389],[39.773677,48.444047],[39.773547,48.444029],[39.773493,48.443803],[39.773849,48.443675]]]}},{"type":"Feature","properties":{"cadnum":"4421480800:13:001:0021"},"geometry":{"type":"Polygon","coordinates":[[[39.77564,48.447167],[39.774715,48.445138],[39.773566,48.445501],[39.774465,48.447479],[39.77446602906977,48.447479],[39.774571,48.447709],[39.77502431395349,48.447479],[39.775025,48.447479],[39.77564,48.447167]]]}},{"type":"Feature","properties":{"cadnum":"4421480800:13:001:0022"},"geometry":{"type":"Polygon","coordinates":[[[39.77593916771205,48.447015742946476],[39.776087,48.446941],[39.776087,48.44694076736494],[39.776822,48.446568],[39.776087,48.44496260526314],[39.776087,48.444962],[39.775986,48.444742],[39.775915,48.444764],[39.775915,48.44476412116444],[39.774715,48.445138],[39.77564,48.447167],[39.775915,48.44702796196868],[39.775915,48.447028],[39.77593916771205,48.447015742946476]]]}},{"type":"Feature","properties":{"cadnum":"4421480800:06:001:0060"},"geometry":{"type":"Polygon","coordinates":[[[39.748758,48.445915],[39.748767,48.445892],[39.748785,48.445895],[39.748794,48.44588],[39.748449,48.445762],[39.748449,48.44576209090909],[39.748148,48.445659],[39.747087,48.445251],[39.746782,48.445122],[39.746706,48.445093],[39.745156,48.447479],[39.74515692339261,48.447479],[39.744756,48.448096],[39.744576,48.448377],[39.745892,48.448662],[39.748161,48.44905],[39.748449,48.44910423872679],[39.748449,48.449105],[39.748538,48.449121],[39.748621,48.449126],[39.748621,48.449125179020974],[39.749253,48.449157],[39.749827,48.449127],[39.749863,48.448975],[39.749863,48.448951],[39.749872,48.448466],[39.749769,48.447986],[39.749463,48.447682],[39.74908379867987,48.447479],[39.749084,48.447479],[39.748897,48.447379],[39.748781,48.447354],[39.748621,48.44730725301205],[39.748621,48.447307],[39.748039,48.447134],[39.748621,48.446169],[39.748621,48.44616775776397],[39.748771,48.445919],[39.748758,48.445915]],[[39.748058,48.445677],[39.748093,48.445683],[39.748085,48.445707],[39.748048,48.445701],[39.748058,48.445677]],[[39.74724,48.445338],[39.747276,48.445343],[39.747266,48.445367],[39.74723,48.445361],[39.74724,48.445338]]]}},{"type":"Feature","properties":{"cadnum":"4421480800:17:004:0004"},"geometry":{"type":"Polygon","coordinates":[[[39.704174,48.395485],[39.704504,48.3959214940239],[39.704504,48.395922],[39.70481006153846,48.396328],[39.70481,48.396328],[39.704829705880485,48.396354058821046],[39.704896,48.396442],[39.70489620767495,48.396442],[39.705145,48.396771],[39.710169,48.398606],[39.710169,48.39860578913813],[39.71392245601553,48.399976],[39.71392,48.399976],[39.715189,48.400439],[39.71550573866091,48.400089],[39.715506,48.400089],[39.71558294483724,48.40000460113165],[39.715662,48.399919],[39.715662,48.399917887499996],[39.715826,48.399738],[39.715662,48.399678452380954],[39.715662,48.399678],[39.709997,48.397611],[39.709997,48.39761119153554],[39.7067951872214,48.396442],[39.706796,48.396442],[39.704676,48.3956687364747],[39.704676,48.395668],[39.704174,48.395485]]]}},{"type":"Feature","properties":{"cadnum":"4421480800:17:004:0001"},"geometry":{"type":"Polygon","coordinates":[[[39.706038,48.399108],[39.705631,48.399496],[39.705639,48.399499],[39.705648,48.399508],[39.705881,48.399744],[39.705885,48.399744],[39.70609077391305,48.399976],[39.706089,48.399976],[39.70718,48.401205],[39.707606,48.40144],[39.708321,48.401578],[39.708325,48.401581],[39.708338,48.401584],[39.708742,48.401762],[39.709277,48.401873],[39.709587,48.401828],[39.709997,48.40159975257732],[39.709997,48.4016],[39.710202,48.401486],[39.710216,48.401479],[39.710229,48.401477],[39.71053,48.401431],[39.710543,48.401429],[39.710571,48.401435],[39.710579,48.401435],[39.710984,48.401584],[39.711635,48.401798],[39.712516,48.40184],[39.713122,48.401828],[39.713139,48.401828],[39.713063,48.401673],[39.709997,48.400554],[39.709997,48.40055424985771],[39.70872173634945,48.400089],[39.708724,48.400089],[39.706038,48.399108]]]}},{"type":"Feature","properties":{"cadnum":"4421480800:17:002:0002"},"geometry":{"type":"Polygon","coordinates":[[[39.684744,48.385121],[39.684695,48.385234],[39.68463904568527,48.385385],[39.684638,48.385385],[39.684622,48.385431],[39.684615,48.385499],[39.68461529927007,48.385499],[39.684595,48.385705],[39.684429,48.38589],[39.684241,48.386078],[39.683589,48.386451],[39.682934,48.386824],[39.682531,48.387057],[39.682531,48.38705759311424],[39.681425,48.387698],[39.680634,48.388145],[39.680626,48.388172],[39.680836,48.388354],[39.67962,48.389016],[39.679496,48.389147],[39.67949729211087,48.389147],[39.679165,48.389502],[39.679081,48.390022],[39.679871,48.392434],[39.679951736842106,48.392681],[39.679951,48.392681],[39.68041,48.394074],[39.681385,48.394465],[39.682703,48.394485],[39.682703,48.394484424669606],[39.683666,48.394498],[39.683935,48.394253],[39.684501,48.393066],[39.68433965127014,48.39277436027702],[39.684169,48.392464],[39.682876,48.391256],[39.684043,48.390511],[39.684735,48.390776],[39.685566,48.390663],[39.685872,48.390323],[39.685561,48.389586],[39.6866855384405,48.38911807693183],[39.68752,48.388771],[39.687669813829785,48.389033],[39.687669,48.389033],[39.688196,48.389953],[39.688196,48.38995263513514],[39.688247,48.390042],[39.68827,48.391519],[39.688576,48.392377],[39.690152,48.392449],[39.690593,48.392147],[39.690933,48.391772],[39.691082,48.391408],[39.691194,48.390773],[39.690713,48.390484],[39.689851,48.390018],[39.691392,48.38952],[39.691746924077854,48.38909321475083],[39.692138,48.388625],[39.691463,48.387203],[39.689681,48.386442],[39.688094,48.386257],[39.688025,48.386222],[39.688025,48.3862225],[39.68797,48.386195],[39.687937,48.386304],[39.687866,48.386295],[39.687735,48.386224],[39.687771,48.386093],[39.68659381638848,48.385499],[39.686594,48.385499],[39.686465,48.385434],[39.684924,48.385154],[39.684744,48.385121]]]}},{"type":"Feature","properties":{"cadnum":"4421480800:25:001:0002"},"geometry":{"type":"Polygon","coordinates":[[[39.730563,48.341548],[39.730567,48.341545],[39.730356,48.341177],[39.729399,48.34119],[39.729418,48.341205],[39.729422,48.341232],[39.729323464968154,48.341589],[39.729322,48.341589],[39.729215,48.34198],[39.729198,48.342002],[39.728726,48.342325],[39.727774,48.342739],[39.726898,48.342996],[39.726485,48.343145],[39.726412,48.343237],[39.726477,48.34330062288136],[39.726477,48.343301],[39.72653204624174,48.34335450288916],[39.726648,48.343468],[39.726648,48.34346720560747],[39.726691,48.343509],[39.727328,48.343602],[39.728263,48.343852],[39.728919,48.34402],[39.730617,48.344432],[39.730613,48.344414],[39.730657,48.344387],[39.730711,48.344402],[39.730724,48.344438],[39.730702,48.34445],[39.732141,48.344778],[39.732141,48.3447778954918],[39.732458,48.34485],[39.73197,48.343998],[39.73197,48.34399808573298],[39.730613,48.341626],[39.730571,48.341551],[39.730563,48.341548]],[[39.732141,48.344524],[39.732036,48.344617],[39.731712,48.344516],[39.731806,48.34436],[39.73197,48.344407976119406],[39.73197,48.344409],[39.73210744112425,48.344448182776645],[39.732141,48.344458],[39.732141,48.34445775],[39.732198,48.344474],[39.732141,48.34452431481481],[39.732141,48.344524]],[[39.730477,48.341778],[39.730531,48.341792],[39.730509,48.341832],[39.730454,48.341814],[39.730477,48.341778]],[[39.730078,48.341939],[39.7301,48.341966],[39.73006,48.341978],[39.730041,48.341951],[39.730078,48.341939]],[[39.729611,48.342112],[39.729628,48.342136],[39.729592,48.342148],[39.729571,48.342124],[39.729611,48.342112]],[[39.729143,48.342283],[39.729162,48.342306],[39.729121,48.342321],[39.729103,48.342294],[39.729143,48.342283]],[[39.728653,48.342462],[39.728672,48.342485],[39.728632,48.342497],[39.728613,48.342473],[39.728653,48.342462]],[[39.728164,48.342637],[39.728183,48.342664],[39.728142,48.342677],[39.728124,48.342653],[39.728164,48.342637]],[[39.727634,48.342832],[39.727651,48.342858],[39.727611,48.34287],[39.727594,48.342847],[39.727634,48.342832]],[[39.727131,48.343017],[39.727149,48.34304],[39.727108,48.343055],[39.727091,48.343029],[39.727131,48.343017]],[[39.726628,48.343199],[39.726646,48.343226],[39.726605,48.343237],[39.726588,48.343214],[39.726628,48.343199]]]}},{"type":"Feature","properties":{"cadnum":"4421480800:25:001:0005"},"geometry":{"type":"Polygon","coordinates":[[[39.732827,48.341602],[39.73197,48.341611],[39.73197,48.34161179057592],[39.730613,48.341626],[39.730657,48.341703],[39.73065704941969,48.341703],[39.732141,48.344297],[39.732141,48.34429654918033],[39.732458,48.34485],[39.733424,48.345067],[39.734299247386744,48.34524],[39.734298,48.34524],[39.735418,48.345461],[39.735423,48.345461],[39.735634,48.345516],[39.73554067391304,48.345354],[39.735541,48.345354],[39.73344888667199,48.341703],[39.733449,48.341703],[39.733387,48.341595],[39.732827,48.341602]]]}},{"type":"Feature","properties":{"cadnum":"4421480800:13:003:0119"},"geometry":{"type":"Polygon","coordinates":[[[39.789114,48.424936],[39.789357,48.425082],[39.790036788679245,48.425499],[39.790034,48.425499],[39.790965,48.426069],[39.792566,48.42574],[39.792566,48.42573964459459],[39.793135,48.425622],[39.79311849593496,48.425612],[39.793119,48.425612],[39.792395,48.425169],[39.792395,48.42516928609272],[39.790301,48.423887],[39.789114,48.424936]],[[39.792385,48.425553],[39.792399,48.425586],[39.792395,48.425586],[39.792395,48.425586720000005],[39.792349,48.425595],[39.792336,48.425563],[39.792385,48.425553]],[[39.791095,48.425744],[39.791114,48.425777],[39.791064,48.425786],[39.791047,48.425753],[39.791095,48.425744]]]}},{"type":"Feature","properties":{"cadnum":"4421480800:13:003:0123"},"geometry":{"type":"Polygon","coordinates":[[[39.786478,48.423321],[39.786901,48.42358048739496],[39.786901,48.423581],[39.789114,48.424936],[39.790301,48.423887],[39.787382,48.422099],[39.786901,48.422748],[39.786901,48.422748705882356],[39.786478,48.423321]]]}},{"type":"Feature","properties":{"cadnum":"4421480800:13:003:0122"},"geometry":{"type":"Polygon","coordinates":[[[39.787073,48.423686],[39.786478,48.423321],[39.785841,48.424188],[39.786901,48.42483931493506],[39.786901,48.42484],[39.78797742357513,48.425499],[39.787976,48.425499],[39.788513,48.425828],[39.788885,48.425499],[39.78888413773585,48.425499],[39.789357,48.425082],[39.789114,48.424936],[39.787073,48.42368631405332],[39.787073,48.423686]]]}},{"type":"Feature","properties":{"cadnum":"4421480800:01:001:0006"},"geometry":{"type":"Polygon","coordinates":[[[39.64561398143237,48.48743],[39.645609,48.48743],[39.649744,48.488142],[39.649744,48.48814162679426],[39.650199,48.48822],[39.65033697088607,48.487543],[39.650337,48.487543],[39.65046,48.486942],[39.649596098932896,48.486792179319444],[39.644251,48.485859027890555],[39.644251,48.485858],[39.642384,48.485532],[39.642214,48.486845],[39.644251,48.487196],[39.644251,48.48719558211679],[39.64561398143237,48.48743]]]}},{"type":"Feature","properties":{"cadnum":"4421480800:01:001:0008"},"geometry":{"type":"Polygon","coordinates":[[[39.649744,48.48670118543046],[39.650478,48.48683],[39.6506,48.485845],[39.650613,48.485368],[39.649572,48.485183],[39.649572,48.485183386336395],[39.644738,48.484323],[39.644126,48.485719],[39.644251,48.485742],[39.644251,48.485740871662514],[39.649744,48.486702],[39.649744,48.48670118543046]]]}},{"type":"Feature","properties":{"cadnum":"4421480800:01:001:0009"},"geometry":{"type":"Polygon","coordinates":[[[39.647204,48.483195],[39.647024,48.483189],[39.647001,48.483186],[39.646979,48.483174],[39.646965,48.483162],[39.646961,48.483153],[39.645717,48.48293],[39.645443,48.482939],[39.645281,48.483085],[39.64497251529988,48.483789],[39.644972,48.483789],[39.64494413416838,48.483853769230265],[39.644923,48.483902],[39.64492338372093,48.483902],[39.644824,48.484133],[39.644738,48.484323],[39.649744,48.485214],[39.649744,48.48521356676273],[39.650613,48.485368],[39.65064642368588,48.483902],[39.650647,48.483902],[39.650661,48.483319],[39.649572,48.483285],[39.649572,48.483285281914895],[39.648992,48.483266],[39.647204,48.483195]]]}},{"type":"Feature","properties":{"cadnum":"4421480800:15:002:0004"},"geometry":{"type":"Polygon","coordinates":[[[39.743953,48.390099],[39.743471,48.389836],[39.742956,48.390464],[39.742956,48.390464434324066],[39.74113562362204,48.392681],[39.741135,48.392681],[39.740328,48.393666],[39.740354,48.39383],[39.74162,48.392932],[39.741732984063745,48.392795],[39.741733,48.392795],[39.74174387719405,48.39278179142172],[39.741827,48.392681],[39.741826878394335,48.392681],[39.742956,48.39130986594982],[39.742956,48.39131],[39.743953,48.390099]]]}},{"type":"Feature","properties":{"cadnum":"4421480800:15:002:0002"},"geometry":{"type":"Polygon","coordinates":[[[39.743008,48.38958],[39.742469,48.389284],[39.740175,48.392079],[39.74020106424581,48.392681],[39.7402,48.392681],[39.740215,48.392983],[39.74036876158941,48.392795],[39.740369,48.392795],[39.743008,48.38958]]]}},{"type":"Feature","properties":{"cadnum":"4421480800:15:002:0005"},"geometry":{"type":"Polygon","coordinates":[[[39.744895,48.390621],[39.743953,48.390099],[39.743128,48.39110108124373],[39.743128,48.391101],[39.74174387719405,48.39278179142172],[39.74162,48.392932],[39.741976,48.392681],[39.741975766738655,48.392681],[39.743128,48.391869],[39.743128,48.39186856214543],[39.744895,48.390621]]]}},{"type":"Feature","properties":{"cadnum":"4421480800:15:002:0003"},"geometry":{"type":"Polygon","coordinates":[[[39.743471,48.389836],[39.743008,48.38958],[39.740462575738725,48.392681],[39.740462,48.392681],[39.740215,48.392983],[39.740328,48.393666],[39.74104160101523,48.392795],[39.741042,48.392795],[39.743128,48.390255],[39.743128,48.390254260194176],[39.743471,48.389836]]]}},{"type":"Feature","properties":{"cadnum":"4421480800:15:002:0001"},"geometry":{"type":"Polygon","coordinates":[[[39.741612,48.388811],[39.741414850746274,48.389033],[39.741414,48.389033],[39.741374,48.389079],[39.741328,48.389147],[39.74132919303338,48.389147],[39.74092,48.389768],[39.740628,48.390376],[39.740265,48.391265],[39.740175,48.392079],[39.742469,48.389284],[39.742015,48.389033],[39.742014375,48.389033],[39.741612,48.388811]]]}},{"type":"Feature","properties":{"cadnum":"4421480800:13:001:0027"},"geometry":{"type":"Polygon","coordinates":[[[39.777005,48.443359],[39.776525,48.442304],[39.775915,48.442495],[39.775915,48.44249560666667],[39.775487,48.442629],[39.776037,48.443835],[39.77603986605081,48.443835],[39.776382,48.444587],[39.777419,48.444262],[39.77722246950093,48.443835],[39.777223,48.443835],[39.777005,48.443359]]]}},{"type":"Feature","properties":{"cadnum":"4421480800:13:001:0031"},"geometry":{"type":"Polygon","coordinates":[[[39.775487,48.442629],[39.776087,48.442442],[39.776087,48.4424411442623],[39.776525,48.442304],[39.776087,48.441342554098355],[39.776087,48.441342],[39.77564,48.440361],[39.775514,48.440365],[39.774495,48.440326],[39.774208,48.440323],[39.775285,48.442692],[39.775487,48.442629]],[[39.775178,48.440791],[39.775195,48.440791],[39.775208,48.440802],[39.775195,48.440815],[39.775178,48.440815],[39.775164,48.440802],[39.775178,48.440791]]]}},{"type":"Feature","properties":{"cadnum":"4421480800:13:001:0036"},"geometry":{"type":"Polygon","coordinates":[[[39.776087,48.440355],[39.77564,48.440361],[39.775915,48.44096452348993],[39.775915,48.440965],[39.776525,48.442304],[39.777005,48.443359],[39.77785,48.443097],[39.776596,48.440352],[39.776435,48.44035],[39.776087,48.44035535384616],[39.776087,48.440355]],[[39.776309,48.440794],[39.776332,48.440794],[39.776346,48.440806],[39.776332,48.44082],[39.776309,48.44082],[39.7763,48.440806],[39.776309,48.440794]]]}},{"type":"Feature","properties":{"cadnum":"4421480800:13:001:0045"},"geometry":{"type":"Polygon","coordinates":[[[39.780074,48.442399],[39.780334,48.442317],[39.78081,48.442167],[39.780011,48.440418],[39.779839,48.440415],[39.779157,48.440394],[39.780074,48.442399]],[[39.779466,48.44085],[39.779476,48.440838],[39.779499,48.440838],[39.779512,48.44085],[39.779499,48.440865],[39.779476,48.440865],[39.779466,48.44085]]]}},{"type":"Feature","properties":{"cadnum":"4421480800:13:001:0034"},"geometry":{"type":"Polygon","coordinates":[[[39.780334,48.442317],[39.780074,48.442399],[39.77912,48.442697],[39.779638,48.443835],[39.77963907879296,48.443835],[39.780132,48.444914],[39.781263,48.444354],[39.780994828825605,48.44376662161455],[39.780334,48.442317]]]}},{"type":"Feature","properties":{"cadnum":"4421480800:13:001:0035"},"geometry":{"type":"Polygon","coordinates":[[[39.781992,48.442611],[39.781663,48.441899],[39.781408,48.441979],[39.781408,48.44197983376623],[39.78081,48.442167],[39.780334,48.442317],[39.78097403162055,48.443721],[39.780974,48.443721],[39.780994828825605,48.44376662161455],[39.781026,48.443835],[39.78102604739337,48.443835],[39.781263,48.444354],[39.781408,48.44428264353312],[39.781408,48.444283],[39.781969,48.444006],[39.782503,48.443735],[39.781992,48.442611]]]}},{"type":"Feature","properties":{"cadnum":"4421480800:13:001:0046"},"geometry":{"type":"Polygon","coordinates":[[[39.78158,48.441926],[39.78158,48.44192503921569],[39.781663,48.441899],[39.781497,48.441529],[39.780971,48.440382],[39.780887,48.440394],[39.78064,48.440433],[39.780011,48.440418],[39.78081,48.442167],[39.78158,48.441926]]]}},{"type":"Feature","properties":{"cadnum":"4421480800:13:001:0049"},"geometry":{"type":"Polygon","coordinates":[[[39.782332,48.44127],[39.781875,48.440263],[39.781673,48.440278],[39.781408,48.440318],[39.781408,48.440318136288994],[39.780971,48.440382],[39.781408,48.44133492585551],[39.781408,48.441336],[39.781497,48.441529],[39.78158,48.441504],[39.78158,48.44150325508983],[39.782332,48.44127]],[[39.781659,48.44082],[39.781682,48.44082],[39.781695,48.440835],[39.781682,48.440847],[39.781659,48.440847],[39.78165,48.440835],[39.781659,48.44082]],[[39.781277,48.440838],[39.7813,48.440838],[39.781309,48.44085],[39.7813,48.440862],[39.781277,48.440862],[39.781263,48.44085],[39.781277,48.440838]]]}},{"type":"Feature","properties":{"cadnum":"4421480800:13:001:0038"},"geometry":{"type":"Polygon","coordinates":[[[39.778829,48.442787],[39.77912,48.442697],[39.780074,48.442399],[39.779157,48.440394],[39.778003,48.440356],[39.777724,48.440356],[39.778829,48.442787]]]}},{"type":"Feature","properties":{"cadnum":"4421480800:13:001:0037"},"geometry":{"type":"Polygon","coordinates":[[[39.77785,48.443097],[39.778003,48.443046],[39.778829,48.442787],[39.777724,48.440356],[39.776596,48.440352],[39.77785,48.443097]],[[39.777347,48.44082],[39.777355,48.440809],[39.777378,48.440809],[39.777392,48.44082],[39.777378,48.440835],[39.777355,48.440835],[39.777347,48.44082]]]}},{"type":"Feature","properties":{"cadnum":"4421480800:13:001:0032"},"geometry":{"type":"Polygon","coordinates":[[[39.778003,48.443046],[39.77785,48.443097],[39.777005,48.443359],[39.777170789915964,48.443721],[39.77717,48.443721],[39.777419,48.444262],[39.777432,48.444289],[39.77816,48.445892],[39.77909,48.445429],[39.778362060889926,48.443835],[39.778363,48.443835],[39.778003,48.443046]],[[39.777141,48.443561],[39.777279,48.443526],[39.777298,48.44358],[39.777181,48.443624],[39.777141,48.443561]]]}},{"type":"Feature","properties":{"cadnum":"4421480800:13:001:0033"},"geometry":{"type":"Polygon","coordinates":[[[39.77912,48.442697],[39.778829,48.442787],[39.778003,48.443046],[39.77831098479087,48.443721],[39.77831,48.443721],[39.77909,48.445429],[39.780132,48.444914],[39.779587,48.443721],[39.77958610896309,48.443721],[39.77912,48.442697]]]}},{"type":"Feature","properties":{"cadnum":"4421480800:14:002:0049"},"geometry":{"type":"Polygon","coordinates":[[[39.798039,48.423681],[39.796401,48.423047],[39.793669,48.425362],[39.793682,48.425395],[39.793634,48.425404],[39.793628,48.425395],[39.793584,48.425434],[39.793691,48.425419],[39.796512,48.424975],[39.79654,48.424951],[39.796521,48.424936],[39.796557,48.424912],[39.796575,48.424924],[39.797888,48.423809205601096],[39.797888,48.42381],[39.798039,48.423681]],[[39.795076,48.425157],[39.795112,48.425133],[39.795147,48.425159],[39.795106,48.425183],[39.795076,48.425157]]]}},{"type":"Feature","properties":{"cadnum":"4421480800:14:002:0061"},"geometry":{"type":"Polygon","coordinates":[[[39.797888,48.421736137697515],[39.797888,48.421737],[39.798125,48.421535],[39.797888,48.421439],[39.797888,48.421439113749706],[39.793848,48.419788],[39.793539,48.420051],[39.793152,48.420378],[39.79676106230333,48.421853],[39.796761,48.421853],[39.796777887639855,48.421859876404255],[39.79704,48.421967],[39.79704097058824,48.421967],[39.797429,48.422125],[39.79761546323529,48.421967],[39.797616,48.421967],[39.797888,48.421736137697515]]]}},{"type":"Feature","properties":{"cadnum":"4421480800:14:002:0050"},"geometry":{"type":"Polygon","coordinates":[[[39.798059,48.42163749208443],[39.798059,48.421637],[39.79780503636364,48.421853],[39.797805,48.421853],[39.796401,48.423047],[39.797888,48.42362255433456],[39.797888,48.423623],[39.798039,48.423681],[39.799477,48.422459],[39.799095,48.421853],[39.79909449215923,48.421853],[39.798646,48.421138],[39.798059,48.42163749208443]]]}},{"type":"Feature","properties":{"cadnum":"4421480800:17:008:0039"},"geometry":{"type":"Polygon","coordinates":[[[39.755325,48.370696],[39.75539636363636,48.370791],[39.755396,48.370791],[39.75739,48.373435],[39.759344,48.372764],[39.758146,48.371179],[39.756339348250044,48.370870197850664],[39.755325,48.370696]]]}},{"type":"Feature","properties":{"cadnum":"4421480800:17:008:0026"},"geometry":{"type":"Polygon","coordinates":[[[39.754114,48.367642],[39.753322,48.367506],[39.7528,48.367417],[39.75241,48.369633],[39.752882,48.37023],[39.753942,48.3704124025974],[39.753942,48.370413],[39.756182,48.370798],[39.75643,48.369401],[39.756618,48.368339],[39.756664,48.368079],[39.754114,48.36764244599559],[39.754114,48.367642]],[[39.754525,48.367906],[39.754584,48.367903],[39.754593,48.367941],[39.75453,48.367948],[39.754525,48.367906]]]}},{"type":"Feature","properties":{"cadnum":"4421480800:17:008:0012"},"geometry":{"type":"Polygon","coordinates":[[[39.753039,48.370436],[39.753316036247334,48.370791],[39.753315,48.370791],[39.754114,48.371812],[39.754114,48.37181189665072],[39.754987,48.372928],[39.755945,48.374264],[39.756065,48.374213],[39.75628734017595,48.37444],[39.756287,48.37444],[39.75638214195526,48.37453678864295],[39.756399,48.374554],[39.756399060491496,48.374554],[39.756807,48.374969],[39.757094,48.375303],[39.757687,48.376055],[39.759025,48.375595],[39.758151,48.37444],[39.758150710455766,48.37444],[39.75739,48.373435],[39.755481974281395,48.370905],[39.755482,48.370905],[39.755325,48.370696],[39.753942,48.370459],[39.753942,48.37045941946309],[39.752922,48.370284],[39.753039,48.370436]]]}},{"type":"Feature","properties":{"cadnum":"4421480800:17:008:0025"},"geometry":{"type":"Polygon","coordinates":[[[39.747177,48.365796],[39.747087,48.366438],[39.748449,48.36667151108214],[39.748449,48.366672],[39.751566748941556,48.36720519085741],[39.7528,48.367417],[39.753322,48.367506],[39.753942,48.36761246464646],[39.753942,48.367613],[39.756664,48.368079],[39.75669,48.367918],[39.756668,48.367921],[39.756658,48.367882],[39.756698,48.367879],[39.756771,48.367459],[39.756814329571064,48.367208476298174],[39.756847,48.367026],[39.753942,48.366528],[39.753942,48.36652851862312],[39.748449,48.365587],[39.748449,48.36558745321637],[39.747253,48.365382],[39.747177,48.365796]],[[39.747379,48.365951],[39.747402,48.365984],[39.747352,48.365996],[39.74733,48.365963],[39.747379,48.365951]]]}},{"type":"Feature","properties":{"cadnum":"4421480800:19:002:0004"},"geometry":{"type":"Polygon","coordinates":[[[39.689321,48.352247],[39.689343,48.352525],[39.68932522137405,48.352542],[39.689324,48.352542],[39.688755,48.353089],[39.688674,48.353223],[39.68906,48.353739],[39.693689,48.354582],[39.693689,48.35458104090074],[39.695694,48.354945],[39.695924,48.354396],[39.696296,48.353512],[39.69362074253292,48.35302760312961],[39.69157468674701,48.352656],[39.691576,48.352656],[39.689321,48.352247]]]}},{"type":"Feature","properties":{"cadnum":"4421480800:19:002:0003"},"geometry":{"type":"Polygon","coordinates":[[[39.693008,48.351554],[39.689249,48.35053],[39.689226,48.350519],[39.68897,48.350755],[39.688859,48.351109],[39.689285,48.351814],[39.689321,48.352247],[39.690947466992654,48.352542],[39.690947,48.352542],[39.693518,48.35300894310722],[39.693518,48.353009],[39.69362074253292,48.35302760312961],[39.693689,48.35304],[39.693689,48.35303996220303],[39.696296,48.353512],[39.69665604948453,48.352656],[39.696657,48.352656],[39.696817,48.352277],[39.696593,48.35224],[39.694558,48.351864],[39.693689,48.35169103557693],[39.693689,48.351691],[39.693008,48.351554]]]}},{"type":"Feature","properties":{"cadnum":"4421480800:19:002:0005"},"geometry":{"type":"Polygon","coordinates":[[[39.689218,48.353948],[39.689999,48.354393],[39.690088,48.354611],[39.690614,48.355249],[39.690704,48.355673],[39.69075,48.355877],[39.690815950413224,48.356192],[39.690815,48.356192],[39.690826,48.35624],[39.6912,48.356306],[39.69120091666665,48.356306],[39.693689,48.356744],[39.693689,48.35674305609574],[39.694855,48.356948],[39.695171,48.356192],[39.695170828067596,48.356192],[39.695694,48.354945],[39.693518,48.35455],[39.693518,48.354550858716784],[39.68906,48.353739],[39.689218,48.353948]],[[39.692245,48.354521],[39.692285,48.354682],[39.692083,48.354757],[39.692025,48.354557],[39.692245,48.354521]]]}},{"type":"Feature","properties":{"cadnum":"4421480800:19:002:0006"},"geometry":{"type":"Polygon","coordinates":[[[39.690840182978725,48.356306],[39.69123,48.35812],[39.691599,48.358864],[39.691695018218624,48.359842],[39.691695,48.359842],[39.691696,48.359852],[39.693689,48.360214],[39.693689,48.36021306076277],[39.695065,48.360463],[39.695201,48.360308],[39.695142,48.359896],[39.694886,48.359106],[39.694774,48.358947],[39.694774,48.358792],[39.695016,48.358443],[39.695057,48.358252],[39.695002,48.357718],[39.695052,48.35762],[39.695174,48.357538],[39.695312,48.357219],[39.695389,48.35704],[39.694855,48.356948],[39.693518,48.356713],[39.693518,48.35671389731051],[39.690826,48.35624],[39.690839,48.356306],[39.690840182978725,48.356306]],[[39.694273,48.357519],[39.694312,48.357533],[39.694338,48.357742],[39.694249,48.35784],[39.694064,48.357885],[39.693948,48.357838],[39.693889,48.357813],[39.693794,48.35767],[39.693813,48.357611],[39.693884,48.357542],[39.694037,48.357467],[39.694222,48.3575],[39.694234,48.357505],[39.694855,48.356948],[39.694273,48.357519]],[[39.691828,48.35741],[39.691882,48.357416],[39.691868,48.357449],[39.691819,48.357443],[39.691828,48.35741]],[[39.691751,48.357685],[39.6918,48.357691],[39.691792,48.357727],[39.691738,48.357718],[39.691751,48.357685]],[[39.693777,48.357497],[39.693803,48.357485],[39.69383,48.357494],[39.69383,48.357514],[39.693803,48.357523],[39.693777,48.357514],[39.693777,48.357497]],[[39.693772,48.35793],[39.693822,48.357939],[39.693813,48.357972],[39.693759,48.357965],[39.693772,48.35793]]]}},{"type":"Feature","properties":{"cadnum":"4421480800:25:007:0022"},"geometry":{"type":"Polygon","coordinates":[[[39.7651,48.326473],[39.7651,48.326472870047546],[39.766822,48.325817],[39.765965,48.325113],[39.7651,48.32544363706564],[39.7651,48.325443],[39.760765,48.327096],[39.76076643729905,48.327096],[39.759607,48.32753870718232],[39.759607,48.327538],[39.754799,48.329372],[39.755145,48.329697],[39.755599,48.330154],[39.756528,48.329724],[39.759436,48.32865014615135],[39.759436,48.328651],[39.761146,48.328019],[39.763778,48.326982],[39.763776764705874,48.326982],[39.764308,48.326773],[39.764929,48.32653777272727],[39.764929,48.326538],[39.76503779310394,48.3264965632182],[39.7651,48.326473]]]}},{"type":"Feature","properties":{"cadnum":"4421480800:25:007:0018"},"geometry":{"type":"Polygon","coordinates":[[[39.761838,48.321476],[39.759436,48.322392],[39.759436,48.32239219010239],[39.75697603312445,48.32333],[39.756976,48.32333],[39.75694766632107,48.3233408142387],[39.756677,48.323444],[39.75667731606217,48.323444],[39.754114,48.32442235201055],[39.754114,48.324422],[39.751215,48.325528],[39.751561,48.325943],[39.75196,48.326419],[39.754114,48.325598],[39.754114,48.325597479082084],[39.759607,48.323505],[39.759607,48.32350485714285],[39.75976674999998,48.323444],[39.759767,48.323444],[39.762786,48.322293],[39.761838,48.321476]],[[39.760274,48.322688],[39.760293,48.322607],[39.760373,48.322556],[39.76049,48.322574],[39.760557,48.322628],[39.760535,48.322715],[39.760459,48.32276],[39.760346,48.322747],[39.760274,48.322688]]]}},{"type":"Feature","properties":{"cadnum":"4421480800:25:007:0023"},"geometry":{"type":"Polygon","coordinates":[[[39.766868,48.32585],[39.76497341932338,48.32657207071687],[39.764339,48.326813],[39.763909035335686,48.326982],[39.763908,48.326982],[39.761182,48.328057],[39.759436,48.328703],[39.759436,48.328703106473874],[39.756564,48.329763],[39.755689,48.330166],[39.756025,48.330518],[39.759607,48.329153],[39.759607,48.32915281832627],[39.7651,48.327059],[39.7651,48.32705837297297],[39.76515078467532,48.327038882638114],[39.767272,48.32623],[39.766868,48.32585]]]}},{"type":"Feature","properties":{"cadnum":"4421480800:10:002:0009"},"geometry":{"type":"Polygon","coordinates":[[[39.66059639591837,48.429258],[39.660598,48.429389],[39.660552,48.429624],[39.660552,48.429711],[39.660559,48.429711117977526],[39.660559,48.429712],[39.666052,48.42978278358341],[39.666052,48.429783],[39.666728,48.429791],[39.666739925989674,48.429258],[39.66674,48.429258],[39.666741,48.42921],[39.666743,48.429144],[39.66674266787004,48.429144],[39.666769,48.428102],[39.666224,48.428095158995816],[39.666224,48.428095],[39.660584,48.428021],[39.660596,48.429258],[39.66059639591837,48.429258]]]}},{"type":"Feature","properties":{"cadnum":"4421480800:10:002:0031"},"geometry":{"type":"Polygon","coordinates":[[[39.666684,48.431496],[39.66665183783784,48.432788],[39.666651,48.432788],[39.666647,48.432972],[39.671545,48.43303576094675],[39.671545,48.433036],[39.673331,48.433058],[39.67333273333333,48.432902],[39.673333,48.432902],[39.673339,48.432384],[39.673276,48.431296],[39.671545,48.431274],[39.671545,48.43127470621019],[39.666693,48.43121],[39.666684,48.431496]]]}},{"type":"Feature","properties":{"cadnum":"4421480800:10:002:0030"},"geometry":{"type":"Polygon","coordinates":[[[39.671717,48.431276186019645],[39.673276,48.431296],[39.673215,48.430251],[39.673242,48.429294],[39.671717,48.429275128461995],[39.671717,48.429274],[39.666741,48.42921],[39.666728,48.429791],[39.666693,48.43121],[39.671717,48.431277],[39.671717,48.431276186019645]]]}},{"type":"Feature","properties":{"cadnum":"4421480800:10:002:0008"},"geometry":{"type":"Polygon","coordinates":[[[39.66073,48.43141826390114],[39.666224,48.431491],[39.666224,48.43149017721519],[39.666684,48.431496],[39.666693,48.43121],[39.666728,48.429791],[39.666224,48.42978503550296],[39.666224,48.429785],[39.66073,48.42971420353045],[39.66073,48.429714],[39.660552,48.429711],[39.660521,48.431415],[39.660559,48.43141572727273],[39.660559,48.431416],[39.66060522834624,48.431416612025764],[39.66073,48.431419],[39.66073,48.43141826390114]],[[39.666638,48.43051],[39.666616,48.430865],[39.66649,48.43087],[39.66645,48.430525],[39.666638,48.43051]]]}},{"type":"Feature","properties":{"cadnum":"4421480800:10:002:0033"},"geometry":{"type":"Polygon","coordinates":[[[39.666603,48.434726],[39.666598,48.434828],[39.66655944991212,48.436433],[39.666559,48.436433],[39.666557,48.436535],[39.667561,48.436547],[39.667588999999914,48.436547],[39.671545,48.436592999999995],[39.671545,48.436593],[39.671545000008855,48.4365930000001],[39.671717,48.436595],[39.671717,48.436594903557314],[39.67281,48.436607],[39.672792,48.436433],[39.67279186206897,48.436433],[39.672769,48.436199],[39.672733,48.435784],[39.67271,48.435632],[39.673196,48.435603],[39.673313,48.435522],[39.673318,48.434816],[39.671717,48.434795231246476],[39.671717,48.434795],[39.666603,48.434726]]]}},{"type":"Feature","properties":{"cadnum":"4421480800:10:002:0032"},"geometry":{"type":"Polygon","coordinates":[[[39.671717,48.433038],[39.666647,48.432972],[39.666643,48.433165],[39.666611,48.434378],[39.666751,48.434348],[39.666777,48.434542],[39.666607,48.434556],[39.666603,48.434726],[39.671545,48.43479267931169],[39.671545,48.434793],[39.673318,48.434816],[39.673331,48.433058],[39.671717,48.433038118701006],[39.671717,48.433038]]]}},{"type":"Feature","properties":{"cadnum":"4421480800:10:004:0002"},"geometry":{"type":"Polygon","coordinates":[[[39.654282,48.410386],[39.654197,48.411029],[39.65419811994785,48.411029],[39.654112,48.411683],[39.655237,48.411698],[39.655237,48.41169718815166],[39.659286,48.411749],[39.659297236494595,48.411029],[39.659298,48.411029],[39.659313,48.410213],[39.655066,48.409912],[39.655066,48.40991267567568],[39.654349,48.409861],[39.654282,48.410386]]]}},{"type":"Feature","properties":{"cadnum":"4421480800:14:001:0152"},"geometry":{"type":"Polygon","coordinates":[[[39.776975,48.40252],[39.775915,48.402826],[39.775915,48.402826239215685],[39.775577,48.402923],[39.775915,48.40344060392157],[39.775915,48.403442],[39.77603255102041,48.403622],[39.776032,48.403622],[39.777185,48.405391],[39.777837,48.405174],[39.778569,48.404965],[39.777693,48.403622],[39.77769274999999,48.403622],[39.776975,48.40252]]]}},{"type":"Feature","properties":{"cadnum":"4421480800:14:001:0161"},"geometry":{"type":"Polygon","coordinates":[[[39.770344,48.4017],[39.770422,48.401819496],[39.770422,48.40182],[39.771671,48.403736],[39.771671374331554,48.403736],[39.771841,48.403996],[39.772994,48.403665],[39.773103,48.403635],[39.771606,48.401336],[39.77045333147601,48.40166894986081],[39.770344,48.4017]]]}},{"type":"Feature","properties":{"cadnum":"4421480800:14:001:0160"},"geometry":{"type":"Polygon","coordinates":[[[39.770344,48.4017],[39.769505,48.401941],[39.769857,48.403736],[39.76985757740586,48.403736],[39.769977,48.404339],[39.770093,48.4045],[39.770422,48.404405437125746],[39.770422,48.404406],[39.771746,48.404023],[39.771841,48.403996],[39.771597,48.403622],[39.77159668580375,48.403622],[39.770594,48.402083852682146],[39.770594,48.402083],[39.770344,48.4017]]]}},{"type":"Feature","properties":{"cadnum":"4421480800:14:001:0149"},"geometry":{"type":"Polygon","coordinates":[[[39.772746,48.403736],[39.77274667975829,48.403736],[39.771841,48.403996],[39.771746,48.404023],[39.773283,48.406379],[39.7737,48.406342],[39.774288,48.40628],[39.774629,48.406173],[39.772994,48.403665],[39.772746,48.403736]]]}},{"type":"Feature","properties":{"cadnum":"4421480800:14:001:0151"},"geometry":{"type":"Polygon","coordinates":[[[39.775577,48.402923],[39.774369,48.403269],[39.774203,48.403319],[39.774473,48.403736],[39.774474183060114,48.403736],[39.775829,48.405818],[39.775915,48.40579366666667],[39.775915,48.405794],[39.77599057575757,48.40577228282829],[39.776087,48.405745],[39.776087,48.40574457471264],[39.77635,48.405669],[39.777185,48.405391],[39.77610630299605,48.403736],[39.776107,48.403736],[39.776087,48.403705374999994],[39.776087,48.403705],[39.776087,48.403704],[39.775577,48.402923]]]}},{"type":"Feature","properties":{"cadnum":"4421480800:14:001:0150"},"geometry":{"type":"Polygon","coordinates":[[[39.774203,48.403319],[39.773148253164564,48.403622],[39.773146,48.403622],[39.773103,48.403635],[39.772994,48.403665],[39.77304,48.403736],[39.773040285885166,48.403736],[39.774629,48.406173],[39.774962,48.406068],[39.775497,48.405913],[39.775829,48.405818],[39.7744,48.403622],[39.774399187050356,48.403622],[39.774203,48.403319]]]}},{"type":"Feature","properties":{"cadnum":"4421480800:14:001:0173"},"geometry":{"type":"Polygon","coordinates":[[[39.772034,48.399019],[39.77144,48.399457],[39.770956,48.399603],[39.770488,48.399702],[39.770666418604655,48.399976],[39.770666,48.399976],[39.77073664000094,48.400083840001436],[39.77074,48.400089],[39.77074002002967,48.400089],[39.771549,48.401324],[39.773224,48.400845],[39.772729859608745,48.400089],[39.772731,48.400089],[39.772034,48.399019]]]}},{"type":"Feature","properties":{"cadnum":"4421480800:14:001:0175"},"geometry":{"type":"Polygon","coordinates":[[[39.776087,48.400019759450174],[39.776206,48.399985],[39.776087,48.39980220618556],[39.776087,48.399802],[39.774598,48.397513],[39.774302,48.3976],[39.772887,48.398005],[39.774241,48.400089],[39.77424160756972,48.400089],[39.774495,48.400478],[39.775915,48.40006948241206],[39.775915,48.40007],[39.77603242605354,48.40003570029364],[39.776087,48.40002],[39.776087,48.400019759450174]]]}},{"type":"Feature","properties":{"cadnum":"4421480800:14:001:0172"},"geometry":{"type":"Polygon","coordinates":[[[39.770488,48.399702],[39.770422,48.399716],[39.770422,48.399716138817475],[39.769321,48.399952],[39.76931802189781,48.399976],[39.769317,48.399976],[39.769239,48.400597],[39.769501,48.401915],[39.770594,48.4016],[39.770594,48.40159939929015],[39.771549,48.401324],[39.77073664000094,48.40008384000144],[39.770594,48.399864785714286],[39.770594,48.399864],[39.770488,48.399702]]]}},{"type":"Feature","properties":{"cadnum":"4421480800:14:001:0163"},"geometry":{"type":"Polygon","coordinates":[[[39.774369,48.403269],[39.775577,48.402923],[39.774082,48.400626],[39.772874,48.400973],[39.774369,48.403269]]]}},{"type":"Feature","properties":{"cadnum":"4421480800:14:001:0165"},"geometry":{"type":"Polygon","coordinates":[[[39.776822,48.399837],[39.77633605158729,48.399976],[39.776336,48.399976],[39.776325247545515,48.39997909037291],[39.775941,48.400089],[39.77594283471075,48.400089],[39.775915,48.400097],[39.775915,48.40009705415162],[39.775533,48.400206],[39.775915,48.40079141155234],[39.775915,48.400792],[39.777032,48.402502],[39.778317,48.402132],[39.776912,48.399976],[39.77691190873016,48.399976],[39.776822,48.399837]]]}},{"type":"Feature","properties":{"cadnum":"4421480800:14:001:0174"},"geometry":{"type":"Polygon","coordinates":[[[39.772887,48.398005],[39.772833,48.398023],[39.771929,48.398283],[39.772055,48.398462],[39.772055,48.399004],[39.772034,48.399019],[39.77265739158879,48.399976],[39.772656,48.399976],[39.773224,48.400845],[39.774495,48.400478],[39.774168,48.399976],[39.77416758253359,48.399976],[39.772887,48.398005]]]}},{"type":"Feature","properties":{"cadnum":"4421480800:14:003:0015"},"geometry":{"type":"Polygon","coordinates":[[[39.795938,48.392306],[39.795911,48.392359],[39.795772,48.392434],[39.795588,48.392383],[39.795489,48.392237],[39.795489,48.392202],[39.792987,48.392795],[39.79298830588236,48.392795],[39.792566,48.39289536160298],[39.792566,48.392895],[39.787139,48.394182],[39.787749,48.395118],[39.792395,48.394018469171684],[39.792395,48.394019],[39.796427,48.393064],[39.79625281723238,48.392795],[39.796253,48.392795],[39.795938,48.392306]]]}},{"type":"Feature","properties":{"cadnum":"4421480800:14:003:0009"},"geometry":{"type":"Polygon","coordinates":[[[39.794298,48.389783],[39.794613,48.390263],[39.795215,48.39119],[39.795718,48.391969],[39.795735,48.391972],[39.795987,48.392207],[39.795938,48.392306],[39.79617956441718,48.392681],[39.796179,48.392681],[39.796427,48.393064],[39.797047,48.394021],[39.797649,48.394948],[39.797888,48.39531699268292],[39.797888,48.395317],[39.79788984889645,48.395319847198664],[39.798059,48.395581],[39.798059,48.39558033057852],[39.798251,48.395876],[39.79854567844523,48.396328],[39.798545,48.396328],[39.798714,48.396586],[39.79915124252458,48.3963751428573],[39.799818,48.396055],[39.797888,48.393083],[39.797888,48.39308458891455],[39.79768698591568,48.39277494366226],[39.795852,48.389947],[39.794298,48.389783]]]}},{"type":"Feature","properties":{"cadnum":"4421480800:13:004:0053"},"geometry":{"type":"Polygon","coordinates":[[[39.760822,48.406423],[39.759664,48.4067],[39.759587,48.406718],[39.75982728571429,48.407269],[39.759827,48.407269],[39.75987276642341,48.40737329197093],[39.759877,48.407383],[39.759877026595746,48.407383],[39.760157,48.408021],[39.761392,48.407727],[39.761235455576454,48.40737029678615],[39.760822,48.406423]]]}},{"type":"Feature","properties":{"cadnum":"4421480800:13:004:0038"},"geometry":{"type":"Polygon","coordinates":[[[39.758446,48.40699],[39.757562,48.407199],[39.75759281521739,48.407269],[39.757592,48.407269],[39.758734,48.409879],[39.759436,48.40968879104478],[39.759436,48.40969],[39.759605,48.409643],[39.758617796967144,48.407383],[39.758618,48.407383],[39.758446,48.40699]]]}},{"type":"Feature","properties":{"cadnum":"4421480800:13:004:0040"},"geometry":{"type":"Polygon","coordinates":[[[39.762157,48.406107],[39.760832,48.406423],[39.760822,48.406423],[39.76119124375,48.407269],[39.761191,48.407269],[39.761235455576454,48.40737029678615],[39.761241,48.407383],[39.76124103056768,48.407383],[39.761392,48.407727],[39.76195,48.409014],[39.762731,48.408803],[39.762876,48.408525],[39.763167,48.408424],[39.762711844155845,48.407383],[39.762712,48.407383],[39.762157,48.406107]]]}},{"type":"Feature","properties":{"cadnum":"4421480800:13:004:0041"},"geometry":{"type":"Polygon","coordinates":[[[39.764438,48.405564],[39.762358,48.406059],[39.762157,48.406107],[39.7626624153605,48.407269],[39.762662,48.407269],[39.763167,48.408424],[39.76456,48.40795],[39.764530859030835,48.407383],[39.764531,48.407383],[39.764438,48.405564]]]}},{"type":"Feature","properties":{"cadnum":"4421480800:13:004:0052"},"geometry":{"type":"Polygon","coordinates":[[[39.760733,48.409342],[39.76195,48.409014],[39.761392,48.407727],[39.760157,48.408021],[39.760733,48.409342]]]}},{"type":"Feature","properties":{"cadnum":"4421480800:13:003:0098"},"geometry":{"type":"Polygon","coordinates":[[[39.76518,48.409131],[39.76508273749981,48.40914068750002],[39.763719,48.409274],[39.763576,48.409563],[39.763625,48.409867],[39.763809,48.410156],[39.764243410080184,48.410916],[39.764242,48.410916],[39.764929,48.41211391633467],[39.764929,48.412114],[39.764995,48.412229],[39.7651,48.412416],[39.7651,48.41241487837838],[39.765291,48.412753],[39.767195,48.41252],[39.76633981296758,48.411029],[39.766341,48.411029],[39.765256,48.409133],[39.76518,48.409131]]]}},{"type":"Feature","properties":{"cadnum":"4421480800:04:002:0010"},"geometry":{"type":"Polygon","coordinates":[[[39.695324,48.458409],[39.6953246412178,48.458409],[39.699011,48.460339906771345],[39.699011,48.46034],[39.699436,48.460563],[39.700495,48.459678],[39.700564,48.459622],[39.699011,48.458808],[39.699011,48.45880881944445],[39.698031,48.458295],[39.69803050061957,48.458295],[39.693629,48.455988],[39.692551,48.456956],[39.693689,48.457552],[39.693689,48.457551666112956],[39.695324,48.458409]]]}},{"type":"Feature","properties":{"cadnum":"4421480800:23:001:0010"},"geometry":{"type":"Polygon","coordinates":[[[39.76429,48.353304],[39.762987,48.35305],[39.7623,48.352903],[39.76248,48.355476],[39.762579,48.355551],[39.762484,48.355565],[39.76252715384615,48.356192],[39.762527,48.356192],[39.762691,48.358542],[39.763576,48.358655],[39.763593,48.358616],[39.76336,48.358574],[39.763289,48.358494],[39.763459,48.358127],[39.763648,48.358073],[39.763998,48.358046],[39.764622,48.358034],[39.764494872093174,48.356232695351004],[39.76429,48.353304]],[[39.764268,48.35636],[39.76429,48.356327],[39.764335,48.356342],[39.764312,48.356375],[39.764268,48.35636]],[[39.763459,48.357357],[39.763482,48.357324],[39.763531,48.357339],[39.763509,48.357372],[39.763459,48.357357]]]}},{"type":"Feature","properties":{"cadnum":"4421480800:23:001:0011"},"geometry":{"type":"Polygon","coordinates":[[[39.76429,48.353304],[39.76449202531646,48.356192],[39.764492,48.356192],[39.764494872093174,48.356232695351004],[39.7645,48.356306],[39.7645000456026,48.356306],[39.764622,48.358034],[39.764929,48.35802917801047],[39.764929,48.35803],[39.765004,48.358028],[39.765044,48.35818],[39.764929,48.35821],[39.764929,48.35821032226562],[39.764532,48.358315],[39.764258,48.358521],[39.764052,48.358611],[39.763692,48.358634],[39.763593,48.358616],[39.763576,48.358655],[39.764929,48.35883167125984],[39.764929,48.358832],[39.766581,48.359046],[39.766576,48.35901],[39.766455,48.358899],[39.766415,48.358861],[39.766126,48.358684],[39.766059,48.358598],[39.766069,48.358536],[39.766248,48.358357],[39.766109,48.35833],[39.765526,48.358204],[39.765579,48.358061],[39.765593,48.358052],[39.766459,48.35793],[39.766499,48.357921],[39.76638691208791,48.356306],[39.766387,48.356306],[39.766203,48.353632],[39.764929,48.35342],[39.764929,48.35342035960591],[39.764694,48.353381],[39.76429,48.353304]],[[39.76513,48.35536],[39.765107,48.355393],[39.765058,48.355377],[39.76508,48.355345],[39.7651,48.355352],[39.7651,48.355351],[39.76513,48.35536]],[[39.76587,48.354366],[39.76592,48.354381],[39.765898,48.354411],[39.765849,48.354396],[39.76587,48.354366]]]}},{"type":"Feature","properties":{"cadnum":"4421480800:23:001:0016"},"geometry":{"type":"Polygon","coordinates":[[[39.758675,48.352492],[39.758298,48.352166],[39.75801,48.352107],[39.758383,48.352402],[39.758411,48.352432],[39.758616,48.352656],[39.758616658862884,48.352656],[39.759061,48.35314],[39.759237,48.353536],[39.759607,48.354394],[39.759607,48.35439159701494],[39.759637,48.354461],[39.759929,48.355336],[39.760171,48.356175],[39.76017112977099,48.356192],[39.760171,48.356192],[39.76017125667828,48.35620862485473],[39.760172,48.356306],[39.76017276009501,48.356306],[39.760184,48.357034],[39.760193,48.357724],[39.760247,48.358434],[39.760163,48.359153],[39.759901,48.359729],[39.759888,48.359759],[39.760287,48.359807],[39.760306,48.359777],[39.760467,48.359184],[39.760517,48.358956],[39.760543,48.358739],[39.760557,48.358467],[39.760522,48.356368],[39.760523,48.356192],[39.760522917505035,48.356192],[39.76053,48.355312],[39.760279,48.354515],[39.759839,48.353796],[39.75949963158461,48.35333368421824],[39.759403,48.353202],[39.75908,48.352808],[39.75879262162097,48.352585135134625],[39.758707,48.352518],[39.758675,48.352492]]]}},{"type":"Feature","properties":{"cadnum":"4421480800:23:001:0008"},"geometry":{"type":"Polygon","coordinates":[[[39.759308,48.355336],[39.759232,48.354957],[39.759107,48.354569],[39.758935,48.354262],[39.758901,48.354211],[39.757951,48.356306],[39.757951415200566,48.356306],[39.756717,48.359034],[39.757804,48.359177],[39.75815,48.359222],[39.759044,48.359344],[39.759057,48.359347],[39.759075,48.359356],[39.759436,48.35908824407583],[39.759436,48.359089],[39.759497,48.359043],[39.759607,48.358873],[39.759607,48.35887243319838],[39.759744,48.35866],[39.760046,48.357808],[39.760067,48.356399],[39.76005855192883,48.356264480712916],[39.760036,48.355882],[39.759528,48.355706],[39.759444,48.355655],[39.759308,48.355336]],[[39.759908,48.357841],[39.759924,48.35784],[39.759924,48.35793],[39.759607,48.35793324795082],[39.759607,48.357933],[39.758788,48.357941],[39.758788,48.357897],[39.759436,48.35786456043956],[39.759436,48.357865],[39.759908,48.357841]]]}},{"type":"Feature","properties":{"cadnum":"4421480800:01:002:0010"},"geometry":{"type":"Polygon","coordinates":[[[39.644251,48.462033],[39.644251,48.462032],[39.643026,48.461927],[39.643018872,48.461938],[39.643018,48.461938],[39.64291,48.462106],[39.642061,48.462648],[39.641795,48.462913],[39.641675,48.463726],[39.644079,48.46393224378882],[39.644079,48.463933],[39.648403,48.464304],[39.649157,48.462958],[39.649328,48.462469],[39.644275,48.462035],[39.644251,48.46203304081632],[39.644251,48.462033]]]}},{"type":"Feature","properties":{"cadnum":"4421480800:01:002:0092"},"geometry":{"type":"Polygon","coordinates":[[[39.644251,48.462033],[39.644251,48.462032],[39.643026,48.461927],[39.643018872,48.461938],[39.643018,48.461938],[39.64291,48.462106],[39.642061,48.462648],[39.641904,48.462806],[39.644251,48.463008],[39.644251,48.463007787652785],[39.648906,48.463408],[39.649157,48.462958],[39.649328,48.462469],[39.644275,48.462035],[39.644251,48.46203304081632],[39.644251,48.462033]]]}},{"type":"Feature","properties":{"cadnum":"4421480800:07:002:0004"},"geometry":{"type":"Polygon","coordinates":[[[39.754291,48.457551],[39.753942,48.457609],[39.753942,48.457609489711935],[39.753142,48.457742],[39.753128,48.457745],[39.753039,48.457763],[39.752742,48.457849],[39.75273,48.458409],[39.752730754591425,48.458409],[39.752659,48.462052],[39.75265975211268,48.462052],[39.75262,48.464068],[39.753942,48.464054726907634],[39.753942,48.464055],[39.754557,48.464048],[39.75459578483412,48.462052],[39.754596,48.462052],[39.75466678493479,48.458409],[39.754667,48.458409],[39.754687,48.45745],[39.754291,48.457551]]]}},{"type":"Feature","properties":{"cadnum":"4421480800:07:002:0005"},"geometry":{"type":"Polygon","coordinates":[[[39.752742,48.457849],[39.751993,48.45807],[39.751161,48.458222],[39.751098,48.458225],[39.750645,48.458242],[39.7505679537037,48.458295],[39.750567,48.458295],[39.750488,48.45835],[39.750488,48.458409],[39.750488,48.45981],[39.750434,48.462052],[39.75043440641158,48.462052],[39.750393,48.463872],[39.750375,48.464092],[39.75262,48.464068],[39.752662,48.461938],[39.752661245408575,48.461938],[39.752733,48.458295],[39.752732442857145,48.458295],[39.752742,48.457849]]]}},{"type":"Feature","properties":{"cadnum":"4421480800:02:004:0016"},"geometry":{"type":"Polygon","coordinates":[[[39.622278,48.41757202383475],[39.6276,48.41813297616525],[39.6276,48.418133],[39.627610529903784,48.418134086043885],[39.627771,48.418151],[39.627771,48.4181506367713],[39.628046,48.418179],[39.628172,48.41698],[39.6276,48.41692],[39.6276,48.41692000635594],[39.62225751969495,48.41635783858372],[39.619966,48.416116],[39.619895,48.416742],[39.619773,48.417309],[39.622278,48.417573],[39.622278,48.41757202383475]]]}},{"type":"Feature","properties":{"cadnum":"4421480800:02:004:0015"},"geometry":{"type":"Polygon","coordinates":[[[39.622278,48.416359993644065],[39.627771,48.416938],[39.627771,48.41693793706293],[39.628172,48.41698],[39.628298,48.415773],[39.627654320450574,48.41570568107864],[39.622278,48.41513805402543],[39.622278,48.415138],[39.62011,48.414909],[39.619966,48.416116],[39.622107,48.416341953287194],[39.622107,48.416342],[39.622257519694635,48.416357838583686],[39.622278,48.41636],[39.622278,48.416359993644065]]]}},{"type":"Feature","properties":{"cadnum":"4421480800:02:003:0013"},"geometry":{"type":"Polygon","coordinates":[[[39.633265,48.41749373669903],[39.638243,48.417544],[39.63827,48.416414],[39.633093,48.416361],[39.633093,48.41636124976873],[39.628941,48.416319],[39.628842,48.417296],[39.628828,48.417448],[39.633265,48.417494],[39.633265,48.41749373669903]]]}},{"type":"Feature","properties":{"cadnum":"4421480800:06:001:0052"},"geometry":{"type":"Polygon","coordinates":[[[39.740911,48.442677],[39.738414,48.441634],[39.737754,48.441357],[39.737463,48.441807],[39.737463,48.441807586531986],[39.73615,48.443835],[39.7361504439834,48.443835],[39.735602,48.444685],[39.735913,48.44478],[39.736492,48.444875],[39.736725,48.444921],[39.736725,48.445111],[39.736353,48.446202],[39.73646,48.446332],[39.737635,48.446645],[39.737635,48.446644509727626],[39.738234,48.446803],[39.73898,48.445654],[39.740129,48.443881],[39.740232,48.443721],[39.740231154379885,48.443721],[39.740907,48.442682],[39.740911,48.442677]]]}},{"type":"Feature","properties":{"cadnum":"4421480800:11:002:0028"},"geometry":{"type":"Polygon","coordinates":[[[39.734151390374315,48.432788],[39.734149,48.432788],[39.73388401197854,48.43284153293363],[39.733582,48.432902],[39.73358470000002,48.432902],[39.733357,48.432948],[39.73334634843012,48.436433],[39.733346,48.436433],[39.733338,48.439325],[39.734704,48.439885],[39.73517200000001,48.440077],[39.735172,48.440077],[39.735445,48.440189],[39.735445969648566,48.436547],[39.735446,48.436547],[39.73544890901836,48.432902],[39.735449,48.432902],[39.73545,48.432528],[39.734151390374315,48.432788]]]}},{"type":"Feature","properties":{"cadnum":"4421480800:11:002:0029"},"geometry":{"type":"Polygon","coordinates":[[[39.736909,48.432449],[39.735575,48.432504],[39.73545,48.432528],[39.73544930481284,48.432788],[39.735449,48.432788],[39.73544609098165,48.436433],[39.735446,48.436433],[39.735445029818955,48.440077],[39.735445,48.440077],[39.735445,48.440189],[39.737507,48.441035],[39.73749642797495,48.440191],[39.737497,48.440191],[39.737462,48.437334],[39.737045,48.437337],[39.737057,48.436433],[39.737056667996804,48.436433],[39.737108332003196,48.432902],[39.737109,48.432902],[39.737116,48.432506],[39.736909,48.432449]]]}},{"type":"Feature","properties":{"cadnum":"4421480800:16:002:0019"},"geometry":{"type":"Polygon","coordinates":[[[39.655237,48.37449],[39.655237,48.374489363207545],[39.656974,48.374554],[39.656978221154006,48.374554],[39.657867,48.374587],[39.65784140816327,48.374554],[39.657842,48.374554],[39.657674,48.374336],[39.655237,48.37421732707055],[39.655237,48.374217],[39.654808,48.374196],[39.653747,48.374163],[39.653533,48.374205],[39.65325,48.374264],[39.649629,48.374387],[39.649744,48.374308],[39.649744,48.37430745941375],[39.651403,48.37316],[39.651277,48.373074],[39.649744,48.374133163636365],[39.649744,48.374133],[39.64966366666736,48.374188666666186],[39.649572,48.374252],[39.649572,48.37425218672199],[39.649503,48.3743],[39.649305,48.374438],[39.649135,48.374554],[39.649135459267356,48.374554],[39.646615,48.376269],[39.646705,48.376311],[39.649382,48.374491],[39.649572,48.374491524861874],[39.649572,48.374492],[39.653187,48.374494],[39.653977,48.37453],[39.654561,48.374465],[39.655237,48.37449]]]}},{"type":"Feature","properties":{"cadnum":"4421480800:02:005:0014"},"geometry":{"type":"Polygon","coordinates":[[[39.610435,48.411957],[39.609878,48.413429],[39.609137,48.41337],[39.60870802603369,48.414562],[39.608708,48.414562],[39.608694160804994,48.41460052763547],[39.608667,48.414676],[39.60866705099778,48.414676],[39.60806,48.416366],[39.611292,48.416596],[39.611292,48.41659515951662],[39.612775,48.4167],[39.612947,48.416238],[39.6132564176611,48.414676],[39.613257,48.414676],[39.61375,48.412193],[39.611292,48.41201822965779],[39.611292,48.412018],[39.610435,48.411957]]]}},{"type":"Feature","properties":{"cadnum":"4421480800:02:005:0013"},"geometry":{"type":"Polygon","coordinates":[[[39.607812,48.417046],[39.607601,48.418054],[39.60761657303371,48.418208],[39.607616,48.418208],[39.607731,48.41932],[39.607844,48.420015],[39.610358,48.419317],[39.61112,48.41911793361884],[39.61112,48.419118],[39.61114953898887,48.4191102167952],[39.611292,48.419073],[39.611292,48.419072679856114],[39.612232,48.418825],[39.612361,48.418208],[39.61236077022654,48.418208],[39.612402,48.418012],[39.612681,48.416944],[39.612775,48.4167],[39.61112,48.416583],[39.61112,48.41658375990099],[39.60806,48.416366],[39.607812,48.417046]]]}},{"type":"Feature","properties":{"cadnum":"4421480800:25:007:0016"},"geometry":{"type":"Polygon","coordinates":[[[39.759185,48.319791],[39.759185114173235,48.319791],[39.757813,48.320454],[39.756098,48.321177],[39.754683,48.321777],[39.754114,48.3220042928475],[39.754114,48.322004],[39.75219,48.322771],[39.750771,48.32338],[39.74976,48.323793],[39.750446,48.324611],[39.75371467283379,48.32336555981556],[39.754114,48.323214],[39.754114,48.32321344872021],[39.759436,48.321185170167695],[39.759436,48.321186],[39.760868,48.320639],[39.760576,48.320389],[39.759943,48.319994],[39.759436,48.319717],[39.759436,48.319717160220996],[39.75939,48.319692],[39.759185,48.319791]],[[39.756237,48.321509],[39.756367,48.321449],[39.756501,48.321485],[39.75652,48.32158],[39.756411,48.321649],[39.756277,48.321613],[39.756237,48.321509]]]}},{"type":"Feature","properties":{"cadnum":"4421480800:25:007:0017"},"geometry":{"type":"Polygon","coordinates":[[[39.761707,48.321368],[39.760868,48.320639],[39.759607,48.32112068086592],[39.759607,48.32112],[39.753942,48.323279],[39.753942,48.323279280528055],[39.753808365217395,48.32333],[39.753808,48.32333],[39.75371467283379,48.32336555981556],[39.753508,48.323444],[39.7535088056206,48.323444],[39.750446,48.324611],[39.751215,48.325528],[39.753942,48.32448761986892],[39.753942,48.324488],[39.756947666321096,48.32334081423868],[39.759607,48.322327],[39.759607,48.32232678934221],[39.761838,48.321476],[39.761707,48.321368]]]}},{"type":"Feature","properties":{"cadnum":"4421480800:02:005:0019"},"geometry":{"type":"Polygon","coordinates":[[[39.610008,48.410788],[39.610601,48.410881],[39.61063136764706,48.410916],[39.610631,48.410916],[39.61066,48.410949],[39.610649,48.411029],[39.610650054054055,48.411029],[39.610637,48.411134],[39.610368,48.411951],[39.610435,48.411957],[39.61112,48.41200575729288],[39.61112,48.412006],[39.61375,48.412193],[39.613823,48.411572],[39.613597,48.411542],[39.613637,48.411394],[39.613831,48.411363],[39.61389171900824,48.411019438016666],[39.614258,48.408982],[39.61112,48.408758],[39.61112,48.40875860360361],[39.610737,48.408731],[39.610008,48.410788]],[[39.610404,48.4106],[39.610387,48.410541],[39.610381,48.410469],[39.610395,48.410383],[39.61044,48.410308],[39.61049,48.410299],[39.610611,48.410332],[39.61066,48.41043],[39.610637,48.410571],[39.610574,48.410633],[39.610454,48.410631],[39.610404,48.4106]]]}},{"type":"Feature","properties":{"cadnum":"4421480800:13:003:0027"},"geometry":{"type":"Polygon","coordinates":[[[39.776087,48.417849033149174],[39.776087,48.417849],[39.774885,48.418253],[39.775915,48.4191398968386],[39.775915,48.41914],[39.779065611602405,48.421853],[39.779065,48.421853],[39.780491,48.42308],[39.781344,48.422787],[39.78158,48.422708],[39.78158,48.42270660672269],[39.782598,48.422361],[39.782008,48.421853],[39.782006723809516,48.421853],[39.78158,48.42148523529412],[39.78158,48.421485],[39.777906206896546,48.418321],[39.777907,48.418321],[39.777001,48.417541],[39.776087,48.417849033149174]]]}},{"type":"Feature","properties":{"cadnum":"4421480800:13:003:0028"},"geometry":{"type":"Polygon","coordinates":[[[39.780158,48.418179],[39.779871,48.417782],[39.779157,48.418021],[39.778011,48.417201],[39.777001,48.417541],[39.77777574615384,48.418208],[39.777775,48.418208],[39.781408,48.421336867542706],[39.781408,48.421337],[39.782139,48.421967],[39.78214040157481,48.421967],[39.782598,48.422361],[39.78375362992125,48.421967],[39.783754,48.421967],[39.785984,48.421207],[39.785036,48.420572],[39.783172,48.420131],[39.782948,48.420075],[39.782881,48.420194],[39.782588,48.420149],[39.782674,48.420003],[39.782369,48.419925],[39.78158,48.41924601664932],[39.78158,48.419246],[39.781551219082885,48.419221248888185],[39.781408,48.419098],[39.781408,48.41909808285004],[39.780504397880534,48.418321],[39.780506,48.418321],[39.780288,48.418134],[39.780158,48.418179]],[[39.784542,48.420749],[39.784552,48.42076],[39.784538,48.420772],[39.784516,48.420772],[39.784506,48.420758],[39.78452,48.420745],[39.784542,48.420749]]]}},{"type":"Feature","properties":{"cadnum":"4421480800:25:004:0005"},"geometry":{"type":"Polygon","coordinates":[[[39.780091,48.3389],[39.775915,48.341701],[39.775915,48.341701011428576],[39.775912,48.341703],[39.77591313545816,48.341703],[39.77064286454184,48.34524],[39.770642,48.34524],[39.770422,48.345388],[39.770422,48.34538839240506],[39.77012,48.345591],[39.770422,48.3457783164557],[39.770422,48.345779],[39.771076,48.346184],[39.771216,48.346273],[39.772756,48.34524],[39.77275502896082,48.34524],[39.776087,48.343006],[39.776087,48.343005478737396],[39.778026265013054,48.341703],[39.778027,48.341703],[39.781164,48.339599],[39.780091,48.3389]],[[39.779592,48.340177],[39.779638,48.340196],[39.779606,48.340228],[39.779562,48.340207],[39.779592,48.340177]],[[39.7786,48.341154],[39.778644,48.341175],[39.778613,48.341205],[39.778569,48.341184],[39.7786,48.341154]]]}},{"type":"Feature","properties":{"cadnum":"4421480800:25:004:0006"},"geometry":{"type":"Polygon","coordinates":[[[39.781682,48.339935],[39.78141681029006,48.339763691318765],[39.781164,48.339599],[39.77819697053233,48.341589],[39.778196,48.341589],[39.775915,48.343121],[39.775915,48.34312132153055],[39.772585,48.345354],[39.77258604840271,48.345354],[39.771216,48.346273],[39.772352,48.346976],[39.77485596551684,48.34529442006296],[39.776087,48.34447],[39.776087,48.34446958857783],[39.78038,48.341589],[39.780379069640915,48.341589],[39.78158,48.340784],[39.78158,48.340783654028435],[39.782252,48.340333],[39.781682,48.339935]],[[39.777608,48.342133],[39.777652,48.342151],[39.777625,48.342181],[39.777581,48.342163],[39.777608,48.342133]],[[39.776615,48.343109],[39.776659,48.343127],[39.776633,48.34316],[39.776588,48.343139],[39.776615,48.343109]],[[39.775671,48.344106],[39.77564,48.344136],[39.775595,48.344115],[39.775627,48.344086],[39.775671,48.344106]],[[39.774701,48.345095],[39.774675,48.345124],[39.774629,48.345104],[39.774656,48.345074],[39.774701,48.345095]]]}},{"type":"Feature","properties":{"cadnum":"4421480800:25:004:0008"},"geometry":{"type":"Polygon","coordinates":[[[39.783496,48.341199],[39.7829140952381,48.341589],[39.782914,48.341589],[39.78285607691816,48.34162788461868],[39.782744,48.341703],[39.782744183976256,48.341703],[39.781408,48.3426],[39.781408,48.34260037713351],[39.777472947019874,48.34524],[39.777472,48.34524],[39.775915,48.346286],[39.775915,48.34628637799835],[39.773669,48.347793],[39.775178,48.348727],[39.775915,48.348270530253025],[39.775915,48.348271],[39.776071866815265,48.348173372918595],[39.776087,48.348164],[39.776087,48.348163954682775],[39.776246,48.348065],[39.778267,48.346689],[39.78046,48.345244],[39.78148399999595,48.34455920000271],[39.781978,48.344229],[39.783698,48.343035],[39.784206,48.342641],[39.78403,48.342423],[39.782889,48.342091],[39.78293,48.341969],[39.783061,48.341829],[39.78346799999785,48.341670428572264],[39.783923,48.341494],[39.783496,48.341199]]]}},{"type":"Feature","properties":{"cadnum":"4421480800:25:001:0011"},"geometry":{"type":"Polygon","coordinates":[[[39.742825,48.341121],[39.7422,48.340864],[39.740129,48.340473],[39.740833,48.341703],[39.74083433842795,48.341703],[39.742869,48.345253],[39.743128,48.345186],[39.743128,48.34518525434963],[39.744163,48.344916],[39.744828,48.344605],[39.744819,48.344596],[39.743171,48.341736],[39.743107903061265,48.34162425000007],[39.742825,48.341121]],[[39.742703,48.341372],[39.742725,48.341363],[39.742752,48.341389],[39.742708,48.341411],[39.742681,48.341381],[39.742703,48.341372]],[[39.744406,48.34424],[39.74441,48.344237],[39.744437,48.344268],[39.744392,48.344286],[39.744366,48.344259],[39.744406,48.34424]],[[39.743844,48.343288],[39.743849,48.343285],[39.74388,48.343315],[39.743835,48.343334],[39.743808,48.343306],[39.743844,48.343288]],[[39.743269,48.342321],[39.743283,48.342315],[39.74331,48.342345],[39.743265,48.342363],[39.743238,48.342333],[39.743269,48.342321]]]}},{"type":"Feature","properties":{"cadnum":"4421480800:06:001:0001"},"geometry":{"type":"Polygon","coordinates":[[[39.670771,48.438958],[39.67074649635036,48.440077],[39.670746,48.440077],[39.670665,48.443835],[39.670665759825326,48.443835],[39.670659,48.444179],[39.671545,48.44416978827977],[39.671545,48.44417],[39.672752,48.444157],[39.67276136182645,48.44378593124247],[39.672855,48.440412],[39.672858958208955,48.440191],[39.672859,48.440191],[39.672873,48.439495],[39.672855,48.43911],[39.671565,48.438547],[39.671251,48.438708],[39.670771,48.438958]]]}},{"type":"Feature","properties":{"cadnum":"4421480800:06:001:0009"},"geometry":{"type":"Polygon","coordinates":[[[39.67721,48.44054],[39.675073,48.440561],[39.675083,48.440594],[39.67697,48.442215],[39.677038,48.44226713333334],[39.677038,48.442268],[39.677441,48.442575],[39.681052,48.44254],[39.681083,48.44237],[39.681088,48.442352],[39.681393,48.442001],[39.682117,48.440749],[39.682022,48.440489],[39.67721,48.44054017094703],[39.67721,48.44054]]]}},{"type":"Feature","properties":{"cadnum":"4421480800:06:001:0033"},"geometry":{"type":"Polygon","coordinates":[[[39.707619,48.442927],[39.707638,48.442474],[39.705944,48.44234],[39.705955084949835,48.443721],[39.705955,48.443721],[39.70595575305195,48.44380423438897],[39.705956,48.443835],[39.70595603139969,48.443835],[39.70598796860032,48.447365],[39.705987,48.447365],[39.706002,48.448975],[39.706304,48.449094],[39.706384,48.449101],[39.706717,48.449077],[39.707422,48.448633],[39.70744,48.448606],[39.707575,48.448213],[39.707582,48.447365],[39.70758197072911,48.447365],[39.707613,48.443721],[39.707612004405284,48.443721],[39.707619,48.442927]]]}},{"type":"Feature","properties":{"cadnum":"4421480800:06:001:0032"},"geometry":{"type":"Polygon","coordinates":[[[39.704255,48.443835],[39.70425587972326,48.443835],[39.70428312027674,48.447365],[39.704283,48.447365],[39.70428370172717,48.44744034795547],[39.704284,48.447479],[39.704284061699646,48.447479],[39.704291,48.448224],[39.704504,48.44834626753247],[39.704504,48.448347],[39.70465418696828,48.44843247875322],[39.704676,48.448445],[39.704676,48.448444893617015],[39.704692,48.448454],[39.706002,48.448975],[39.7059880621118,48.447479],[39.705989,48.447479],[39.70595575305195,48.4438042343889],[39.705944,48.44234],[39.704504,48.442224],[39.704504,48.44222412903226],[39.704242,48.442203],[39.704255,48.443835]]]}},{"type":"Feature","properties":{"cadnum":"4421480800:19:002:0007"},"geometry":{"type":"Polygon","coordinates":[[[39.689708,48.361834],[39.688025,48.362113],[39.688025,48.36211337422771],[39.682703,48.36299645984113],[39.682703,48.362996],[39.682517,48.363027],[39.682531,48.36303866666667],[39.682531,48.363039],[39.682610230768816,48.36310469230735],[39.682703,48.363182],[39.682703,48.36318160970874],[39.683046,48.363466],[39.68306,48.363454],[39.68327,48.363517],[39.683243,48.363606],[39.68324421495327,48.363606],[39.683239,48.363624],[39.684308,48.364513],[39.688196,48.363869],[39.688196,48.363868654891306],[39.689780540983634,48.363606],[39.689781,48.363606],[39.690233,48.363531],[39.689708,48.361834]]]}},{"type":"Feature","properties":{"cadnum":"4421480800:19:002:0009"},"geometry":{"type":"Polygon","coordinates":[[[39.689419,48.359115],[39.688025,48.359347],[39.688025,48.359347381188115],[39.684358,48.359956],[39.68435936363638,48.359956],[39.682703,48.3602314017502],[39.682703,48.360231],[39.681142,48.360491],[39.681159,48.360505],[39.681146,48.360523],[39.681115,48.360526],[39.681096,48.360509],[39.681106,48.360496],[39.679421,48.360777],[39.680903,48.361687],[39.681033,48.361797],[39.682703,48.361521],[39.682703,48.361519459841126],[39.688025,48.36063637422771],[39.688025,48.360637],[39.689033,48.360469],[39.688813,48.360201],[39.688805,48.360022],[39.68891931707496,48.35986248780238],[39.689312,48.359317],[39.689419,48.359115]]]}},{"type":"Feature","properties":{"cadnum":"4421480800:19:002:0010"},"geometry":{"type":"Polygon","coordinates":[[[39.689612,48.35875],[39.689582,48.35801],[39.688025,48.358269],[39.688025,48.35826946672893],[39.683913,48.358954],[39.682703,48.3591553748191],[39.682703,48.359155],[39.67855964248704,48.359842],[39.678556,48.359842],[39.678047,48.359927],[39.679421,48.360777],[39.681106,48.360496],[39.68111,48.360491],[39.681142,48.360491],[39.682531,48.36025964830237],[39.682531,48.36026],[39.685045,48.359842],[39.68504486342228,48.359842],[39.688196,48.359319],[39.688196,48.359318540889525],[39.689419,48.359115],[39.689612,48.35875]]]}},{"type":"Feature","properties":{"cadnum":"4421480800:19:002:0008"},"geometry":{"type":"Polygon","coordinates":[[[39.689708,48.361834],[39.689492,48.361138],[39.689492,48.361132],[39.689496,48.361114],[39.689509,48.361099],[39.689528,48.36109],[39.689335,48.360834],[39.689033,48.360469],[39.688196,48.3606085],[39.688196,48.360608],[39.682531,48.361548],[39.682531,48.36154942634731],[39.681033,48.361797],[39.682517,48.363027],[39.682531,48.36302466666667],[39.682531,48.363025],[39.688196,48.362085],[39.688196,48.362084652406416],[39.689708,48.361834]]]}},{"type":"Feature","properties":{"cadnum":"4421480800:19:001:0022"},"geometry":{"type":"Polygon","coordinates":[[[39.674440488636364,48.34524],[39.67444,48.34524],[39.67442355708389,48.345350368638336],[39.674423,48.345354],[39.67442301607717,48.345354],[39.674301,48.346173],[39.67721,48.346303],[39.67721,48.346302636691455],[39.681475,48.346492],[39.681555,48.34591],[39.68164566467075,48.345331473053314],[39.681676,48.345145],[39.677038,48.344939],[39.677038,48.34493930894309],[39.674504,48.344826],[39.674440488636364,48.34524]]]}},{"type":"Feature","properties":{"cadnum":"4421480800:17:007:0073"},"geometry":{"type":"Polygon","coordinates":[[[39.731645,48.385404],[39.731632,48.385145],[39.73042,48.385219],[39.73042948571428,48.385385],[39.730429,48.385385],[39.73043518181813,48.38548468181732],[39.730436,48.385499],[39.73043606976744,48.385499],[39.730437,48.385514],[39.731209,48.385428],[39.731645,48.385404]]]}},{"type":"Feature","properties":{"cadnum":"4421480800:17:007:0074"},"geometry":{"type":"Polygon","coordinates":[[[39.73042,48.385219],[39.729355,48.385282],[39.72936117050691,48.385385],[39.729361,48.385385],[39.729363160583965,48.385418218978536],[39.729368,48.385499],[39.729368414634145,48.385499],[39.729377,48.385631],[39.729404,48.385627],[39.730234,48.385535],[39.730437,48.385514],[39.73043518181813,48.38548468181732],[39.73042,48.385219]]]}},{"type":"Feature","properties":{"cadnum":"4421480800:17:008:0023"},"geometry":{"type":"Polygon","coordinates":[[[39.747587079497904,48.363492],[39.747587,48.363492],[39.747465,48.364223],[39.747433,48.364418],[39.748621,48.364622],[39.748621,48.36462148137688],[39.754114,48.365563],[39.754114,48.36556241222367],[39.757018,48.366059],[39.757067,48.365775],[39.757193,48.365068],[39.754857,48.364668],[39.754114,48.364541324590164],[39.754114,48.364541],[39.751161,48.364035],[39.75122,48.364223],[39.750689,48.36434],[39.750496,48.364176],[39.751048,48.364015],[39.749113,48.363683],[39.748744,48.363725],[39.74859683599095,48.36370803872438],[39.748417,48.363686],[39.74803295623907,48.3635348752746],[39.747608,48.363367],[39.747587079497904,48.363492]],[[39.752819,48.36486],[39.752863,48.364847],[39.752886,48.364877],[39.752836,48.364893],[39.752819,48.364861],[39.752819,48.36486]]]}},{"type":"Feature","properties":{"cadnum":"4421480800:17:008:0024"},"geometry":{"type":"Polygon","coordinates":[[[39.748621,48.365616481376875],[39.754114,48.366558],[39.754114,48.36655748571429],[39.756847,48.367026],[39.756914,48.366641],[39.757018,48.366059],[39.753942,48.365533],[39.753942,48.365533518623124],[39.748449,48.364592],[39.748449,48.364592464646464],[39.747433,48.364418],[39.747253,48.365382],[39.748621,48.365617],[39.748621,48.365616481376875]],[[39.751022,48.365218],[39.75104,48.36525],[39.750995,48.365262],[39.750972,48.365232],[39.751022,48.365218]],[[39.749194,48.365585],[39.749216,48.365617],[39.749167,48.365632],[39.749144,48.365599],[39.749194,48.365585]]]}},{"type":"Feature","properties":{"cadnum":"4421480800:10:001:0001"},"geometry":{"type":"Polygon","coordinates":[[[39.638966,48.438064],[39.638758,48.43818879999999],[39.638758,48.438188],[39.638202,48.43852],[39.637866,48.438746],[39.637614,48.43883],[39.637321,48.438806],[39.636711,48.438699],[39.635876,48.438654],[39.6347,48.438839],[39.633478,48.438866],[39.633093,48.438863],[39.633093,48.43886351082251],[39.632341,48.438857],[39.631608,48.438973],[39.632111,48.439313],[39.63278,48.439581],[39.633093,48.43967070515464],[39.633093,48.439671],[39.633405,48.43976],[39.634331,48.439965],[39.634954766423355,48.440077],[39.634954,48.440077],[39.635094,48.440102],[39.636379,48.440219],[39.637071,48.440326],[39.638758,48.440742],[39.638758,48.44074134790366],[39.639707,48.440975],[39.63969390423162,48.440191],[39.639694,48.440191],[39.639654,48.43756],[39.638966,48.438064]]]}},{"type":"Feature","properties":{"cadnum":"4421480800:10:001:0007"},"geometry":{"type":"Polygon","coordinates":[[[39.641841,48.432161],[39.641832,48.432164],[39.64054003252032,48.432788],[39.64054,48.432788],[39.64053212394556,48.432791819717394],[39.640304,48.432902],[39.640304938053106,48.432902],[39.639375,48.433353],[39.6387486804085,48.43393565979741],[39.638193,48.434452],[39.638184,48.434459],[39.638166,48.434467],[39.638553,48.435022],[39.638758,48.435104],[39.638758,48.4351038],[39.638881,48.435153],[39.640363,48.435331],[39.641661,48.435897],[39.641656,48.435993],[39.640867,48.436547],[39.64086780686696,48.436547],[39.640367,48.436899],[39.640336,48.436929],[39.642084,48.436911],[39.642208,48.436911],[39.642207,48.436433],[39.642206909018356,48.436433],[39.642204,48.432788],[39.642204,48.431923],[39.641841,48.432161]]]}},{"type":"Feature","properties":{"cadnum":"4421480800:10:001:0003"},"geometry":{"type":"Polygon","coordinates":[[[39.643996,48.436893],[39.642208,48.436911],[39.642084,48.436911],[39.642085,48.440191],[39.642085168389954,48.440191],[39.642088,48.442108],[39.642411,48.442331],[39.643426,48.442834],[39.644001,48.443058],[39.643999,48.440077],[39.643998896300786,48.440077],[39.643996,48.436893]]]}},{"type":"Feature","properties":{"cadnum":"4421480800:10:001:0002"},"geometry":{"type":"Polygon","coordinates":[[[39.642084,48.436911],[39.640336,48.436929],[39.63968,48.43754],[39.639654,48.43756],[39.6396922668187,48.440077],[39.639692,48.440077],[39.639707,48.440975],[39.640277,48.441112],[39.640987,48.441348],[39.642088,48.442108],[39.642085,48.440077],[39.6420849652439,48.440077],[39.642084,48.436911]]]}},{"type":"Feature","properties":{"cadnum":"4421480800:04:002:0005"},"geometry":{"type":"Polygon","coordinates":[[[39.699011,48.452743804878054],[39.699011,48.452744],[39.701134,48.453855],[39.7030534489572,48.454652],[39.703053,48.454652],[39.704504,48.45525367775724],[39.704504,48.455254],[39.705482,48.45566],[39.705719,48.455845],[39.706038,48.455984],[39.707013,48.45518],[39.707279,48.454966],[39.706493,48.454652],[39.70649162334803,48.454652],[39.704676,48.453926709194896],[39.704676,48.453926],[39.69922,48.451746],[39.69903044186055,48.451892023255745],[39.698363,48.452404],[39.699011,48.452743804878054]]]}},{"type":"Feature","properties":{"cadnum":"4421480800:04:002:0003"},"geometry":{"type":"Polygon","coordinates":[[[39.701529,48.449964],[39.700357,48.45087],[39.700704225296434,48.451009],[39.700703,48.451009],[39.704676,48.452596],[39.704676,48.452595693084696],[39.708365,48.454069],[39.709183,48.453399],[39.709488,48.453146],[39.704676,48.45122371027287],[39.704676,48.451223],[39.704141,48.451009],[39.704140147540976,48.451009],[39.701529,48.449964]],[[39.704818,48.451723],[39.704929,48.45151],[39.705342,48.451603],[39.705243,48.451952],[39.704749,48.451853],[39.704818,48.451723]]]}},{"type":"Feature","properties":{"cadnum":"4421480800:04:002:0006"},"geometry":{"type":"Polygon","coordinates":[[[39.697864,48.452446],[39.697679,48.452345],[39.696687,48.453239],[39.699011,48.45445593429487],[39.699011,48.454456],[39.69938466451613,48.454652],[39.699384,48.454652],[39.703761,48.456944],[39.704394,48.45641],[39.704504,48.45631872340425],[39.704504,48.456319],[39.70456633333378,48.45626699999963],[39.704676,48.456176],[39.704676,48.45617551336898],[39.705065,48.455851],[39.704504,48.455621],[39.704504,48.455621547065775],[39.7022067423972,48.45468056718909],[39.700694,48.45406],[39.700505,48.453939],[39.699183,48.45319128246319],[39.699183,48.453191],[39.697864,48.452446]]]}},{"type":"Feature","properties":{"cadnum":"4421480800:23:001:0012"},"geometry":{"type":"MultiPolygon","coordinates":[[[[39.769487,48.356001],[39.769105,48.355906],[39.769051,48.355781],[39.769145,48.355694],[39.769536,48.355434],[39.769658,48.355091],[39.769711,48.354757],[39.769545,48.354656],[39.769226,48.354593],[39.769136,48.354503],[39.769172,48.354432],[39.769455,48.35416],[39.769289,48.353942],[39.769285,48.353942],[39.769266,48.353945],[39.768031,48.354034],[39.768023,48.354034],[39.768,48.354032],[39.767987,48.354029],[39.767564,48.353855],[39.766203,48.353632],[39.76637915557218,48.356192],[39.766379,48.356192],[39.766499,48.357921],[39.766788,48.357849],[39.766818,48.357843],[39.769491,48.356235],[39.769487,48.356001]]],[[[39.766576,48.35901],[39.766581,48.359046],[39.766621,48.359052],[39.766578,48.359012],[39.766576,48.35901]]]]}},{"type":"Feature","properties":{"cadnum":"4421480800:25:004:0009"},"geometry":{"type":"Polygon","coordinates":[[[39.773669,48.347793],[39.772833,48.347277],[39.77046951164509,48.34886311537049],[39.77042774666667,48.348891],[39.770427,48.348891],[39.770426,48.348891],[39.766279,48.351674],[39.768139,48.352151],[39.769734,48.352569],[39.769904,48.352417],[39.770422,48.35199959710145],[39.770422,48.352],[39.771602,48.351047],[39.772514,48.350408],[39.773336,48.349871],[39.77472955306123,48.349005],[39.77473,48.349005],[39.775178,48.348727],[39.773669,48.347793]],[[39.771764,48.348041],[39.771809,48.348062],[39.771782,48.348092],[39.771736,48.348071],[39.771764,48.348041]],[[39.770807,48.349035],[39.770852,48.349053],[39.77082,48.349083],[39.770776,48.349065],[39.770807,48.349035]],[[39.769845,48.350026],[39.769895,48.350043],[39.769864,48.350076],[39.769818,48.350056],[39.769845,48.350026]],[[39.768925,48.351032],[39.76897,48.351052],[39.768943,48.351083],[39.768898,48.351062],[39.768925,48.351032]]]}},{"type":"Feature","properties":{"cadnum":"4421480800:17:001:0010"},"geometry":{"type":"Polygon","coordinates":[[[39.735724,48.410275],[39.73609635809019,48.410916],[39.736095,48.410916],[39.737362,48.41309],[39.737463,48.412980490842486],[39.737463,48.412981],[39.737537325308715,48.41289990369457],[39.737635,48.412794],[39.737635,48.412793330890054],[39.738418,48.411939],[39.737635,48.41145608167539],[39.737635,48.411456],[39.73694231111111,48.411029],[39.736944,48.411029],[39.735724,48.410275]]]}},{"type":"Feature","properties":{"cadnum":"4421480800:13:002:0018"},"geometry":{"type":"Polygon","coordinates":[[[39.740544,48.410028],[39.741037,48.409473],[39.741073,48.409431],[39.740894,48.409318],[39.740336,48.409944],[39.739341,48.411029],[39.73934179333333,48.411029],[39.739308,48.411066],[39.73823,48.412246],[39.737463,48.413105],[39.737463,48.413105406779664],[39.737399,48.413177],[39.737463,48.41319951851852],[39.737463,48.4132],[39.737507,48.413215],[39.737611,48.413257],[39.738437,48.41233],[39.739515,48.411149],[39.739728,48.410916],[39.73972785614385,48.410916],[39.740544,48.410028]]]}},{"type":"Feature","properties":{"cadnum":"4421480800:17:001:0015"},"geometry":{"type":"Polygon","coordinates":[[[39.735854,48.409542],[39.735512,48.409915],[39.735724,48.410275],[39.73676116180371,48.410916],[39.736759,48.410916],[39.737463,48.41134997260274],[39.737463,48.41135],[39.738418,48.411939],[39.738894,48.411423],[39.738255984220906,48.411029],[39.738257,48.411029],[39.737635,48.410644362720404],[39.737635,48.410644],[39.735854,48.409542]]]}},{"type":"Feature","properties":{"cadnum":"4421480800:11:001:0014"},"geometry":{"type":"Polygon","coordinates":[[[39.707499,48.425053],[39.707166,48.42488],[39.706927,48.424843],[39.705644,48.424808],[39.705636264925374,48.425499],[39.705636,48.425499],[39.705598,48.429258],[39.705598875,48.429258],[39.705585,48.430664],[39.707512,48.43065],[39.707507,48.430501],[39.707539,48.429765],[39.70755,48.429144],[39.70754914516129,48.429144],[39.707575,48.42777],[39.707593,48.427041],[39.707638,48.425806],[39.707601980456026,48.425612],[39.707602,48.425612],[39.707499,48.425053]]]}},{"type":"Feature","properties":{"cadnum":"4421480800:11:001:0015"},"geometry":{"type":"Polygon","coordinates":[[[39.707539,48.431722],[39.707535,48.431505],[39.707512,48.43065],[39.705585,48.430664],[39.704676,48.43067324976873],[39.704676,48.430673],[39.703694,48.430682],[39.70191,48.430697],[39.700164,48.43071],[39.699011,48.43072],[39.699011,48.430720272189355],[39.698507,48.430724],[39.698497,48.431797],[39.699011,48.431793253644315],[39.699011,48.431794],[39.702679,48.431762],[39.702702,48.431698],[39.703029,48.431698],[39.703048,48.431758],[39.704676,48.431746],[39.704676,48.43174558319605],[39.707539,48.431722]]]}},{"type":"Feature","properties":{"cadnum":"4421480800:26:002:0003"},"geometry":{"type":"Polygon","coordinates":[[[39.72193,48.337129],[39.724099,48.337595],[39.72509379501386,48.337938],[39.725091,48.337938],[39.725146,48.337956],[39.725307,48.338052],[39.72530827522936,48.338052],[39.725883,48.338392],[39.726286,48.338738],[39.726477,48.33895588148148],[39.726477,48.338956],[39.726556,48.339046],[39.726648,48.339186],[39.726648,48.33918485501859],[39.726825,48.339452],[39.726951,48.339774],[39.727032,48.340181],[39.727028,48.340458],[39.727175,48.340494],[39.727198,48.340324],[39.727198,48.340168],[39.727175,48.340026],[39.727158,48.339888],[39.727122,48.339652],[39.727014,48.339393],[39.726871,48.339168],[39.726749,48.339013],[39.726623,48.338867],[39.726439,48.33867],[39.726246,48.338488],[39.726017,48.338309],[39.72563,48.338079],[39.72536,48.337938],[39.72535944171779,48.337938],[39.724953,48.337726],[39.724181,48.33743],[39.724131,48.337508],[39.722864,48.337242],[39.721737,48.337007],[39.720984,48.33684],[39.720984,48.33684099057306],[39.717124,48.335983],[39.716707,48.33609],[39.716913,48.33612],[39.721155,48.336974],[39.721155,48.33697334460888],[39.72193,48.337129]]]}},{"type":"Feature","properties":{"cadnum":"4421480800:25:001:0003"},"geometry":{"type":"MultiPolygon","coordinates":[[[[39.726628,48.337225],[39.726619,48.337228],[39.726596,48.337231],[39.726575,48.337231],[39.726477,48.337213],[39.726477,48.33721300155642],[39.72529,48.336995],[39.725034,48.337189],[39.725024,48.337377],[39.72583433333334,48.337938],[39.725834,48.337938],[39.72595610000336,48.33802230000232],[39.725999,48.338052],[39.725999117437716,48.338052],[39.726477,48.33838193857495],[39.726477,48.338382],[39.726884,48.338663],[39.726888,48.338667],[39.726898,48.338672],[39.727311,48.339222],[39.727311,48.339225],[39.727315,48.339231],[39.727621,48.340067],[39.727625,48.34007],[39.727625,48.340073],[39.72772,48.340849],[39.728191,48.341094],[39.729188,48.341055],[39.729192,48.341055],[39.729219,48.341058],[39.729242,48.341068],[39.729242,48.34107],[39.729399,48.34119],[39.730356,48.341177],[39.729934,48.340437],[39.729894,48.340488],[39.729745,48.340444],[39.729858,48.340309],[39.728564342049765,48.338052],[39.728565,48.338052],[39.72811,48.337258],[39.727657,48.33715],[39.727082,48.337049],[39.726648,48.337217246696035],[39.726648,48.337217],[39.726628,48.337225]],[[39.729198,48.340932],[39.728946,48.341004],[39.72824,48.340971],[39.728366,48.340617],[39.728911,48.340563],[39.729002,48.340554],[39.729053,48.340549],[39.729182,48.340536],[39.729184,48.340535],[39.729386,48.34061],[39.729276,48.340816],[39.729399,48.34119],[39.729198,48.340932]],[[39.728294,48.337932],[39.72830171428571,48.337938],[39.728301,48.337938],[39.728321,48.337953],[39.72829,48.337971],[39.728263,48.33795],[39.728284,48.337938],[39.72828366666666,48.337938],[39.728294,48.337932]],[[39.728775,48.340201],[39.728789,48.340214],[39.728783,48.340225],[39.728762,48.340228],[39.728749,48.340216],[39.728753,48.340205],[39.728775,48.340201]],[[39.727796,48.338222],[39.727764,48.33824],[39.727733,48.338219],[39.727764,48.338201],[39.727796,48.338222]],[[39.727284,48.338479],[39.727252,48.338499],[39.727225,48.338479],[39.727257,48.338457],[39.727284,48.338479]]],[[[39.729215,48.340927],[39.729399,48.34119],[39.729237,48.340888],[39.729225,48.34091],[39.729215,48.340927]]]]}},{"type":"Feature","properties":{"cadnum":"4421480800:13:002:0154"},"geometry":{"type":"Polygon","coordinates":[[[39.75209,48.421189],[39.751897,48.421258],[39.753303,48.421967],[39.75330303824092,48.421967],[39.753942,48.4222892536162],[39.753942,48.42229],[39.755532,48.423091],[39.756497,48.42276],[39.754925863285564,48.421967],[39.754926,48.421967],[39.75482224490402,48.42191470068333],[39.7547,48.421853],[39.75469983870967,48.421853],[39.753942,48.421471],[39.753942,48.42147112175962],[39.752841,48.420915],[39.75209,48.421189]]]}},{"type":"Feature","properties":{"cadnum":"4421480800:13:002:0152"},"geometry":{"type":"Polygon","coordinates":[[[39.751924,48.424328],[39.753478,48.423794],[39.751681,48.422888],[39.750006,48.422042],[39.750509,48.423094],[39.750838,48.42378],[39.751924,48.424328]]]}},{"type":"Feature","properties":{"cadnum":"4421480800:13:002:0160"},"geometry":{"type":"Polygon","coordinates":[[[39.750891,48.421622],[39.750255062499996,48.421853],[39.750254,48.421853],[39.749966,48.421958],[39.74997,48.421967],[39.74997028571429,48.421967],[39.750006,48.422042],[39.751681,48.422888],[39.752706,48.422537],[39.75135,48.421853],[39.7513489826087,48.421853],[39.750891,48.421622]]]}},{"type":"Feature","properties":{"cadnum":"4421480800:13:002:0153"},"geometry":{"type":"Polygon","coordinates":[[[39.751897,48.421258],[39.751268,48.421487],[39.750891,48.421622],[39.751575,48.421967],[39.75157600000001,48.421967],[39.752706,48.422537],[39.753942,48.42316290056819],[39.753942,48.423163],[39.753993366906066,48.423188912360814],[39.754114,48.42325],[39.754114,48.42324976648842],[39.754503,48.423446],[39.755532,48.423091],[39.754114,48.4223766490566],[39.754114,48.422376],[39.753077,48.421853],[39.753076929478134,48.421853],[39.751897,48.421258]],[[39.751736,48.421628],[39.75188,48.421547],[39.751993,48.421655],[39.751907,48.421723],[39.751736,48.421628]]]}},{"type":"Feature","properties":{"cadnum":"4421480800:13:002:0148"},"geometry":{"type":"Polygon","coordinates":[[[39.754114,48.42543265151515],[39.75424569924812,48.425499],[39.754244,48.425499],[39.754808,48.425782],[39.755673,48.425499],[39.7556705,48.425499],[39.756016,48.425386],[39.755989,48.425345],[39.755998,48.425345],[39.753942,48.424308],[39.753942,48.42430807327586],[39.753186,48.423926],[39.75196,48.424346],[39.754114,48.425433],[39.754114,48.42543265151515]]]}},{"type":"Feature","properties":{"cadnum":"4421480800:13:002:0161"},"geometry":{"type":"Polygon","coordinates":[[[39.754114,48.423579],[39.754114,48.423578440285205],[39.754503,48.423446],[39.753993366906066,48.423188912360814],[39.752706,48.422537],[39.751681,48.422888],[39.753478,48.423794],[39.754114,48.423579]]]}},{"type":"Feature","properties":{"cadnum":"4421480800:11:001:0005"},"geometry":{"type":"Polygon","coordinates":[[[39.693518,48.429136],[39.693518,48.42913640682847],[39.69259505000027,48.429144],[39.692556,48.429144],[39.688827,48.429175],[39.688816,48.429258],[39.68881644557477,48.429258],[39.688702,48.430158],[39.691459,48.430138],[39.693689,48.43012],[39.693689,48.43011930693069],[39.694023,48.430116],[39.696346,48.430096],[39.698515,48.430078],[39.69852292483222,48.42915277583868],[39.698524,48.429094],[39.693518,48.429136]]]}},{"type":"Feature","properties":{"cadnum":"4421480800:17:004:0033"},"geometry":{"type":"Polygon","coordinates":[[[39.704534,48.383949],[39.704504,48.383966],[39.704504,48.38396637373737],[39.704237,48.384121],[39.702117,48.384718],[39.702046,48.384703],[39.701906,48.384816],[39.702128,48.385499],[39.7021283968254,48.385499],[39.702153,48.385574],[39.702409,48.386693],[39.702675,48.387003],[39.702629,48.387179],[39.702926,48.387802],[39.703394,48.388399],[39.704346,48.38813],[39.704504,48.388079727272725],[39.704504,48.38808],[39.705545,48.387748],[39.706025,48.387533],[39.70513,48.385385],[39.7051297083871,48.385385],[39.704676,48.384291301710725],[39.704676,48.384291],[39.704534,48.383949]]]}},{"type":"Feature","properties":{"cadnum":"4421480800:13:002:0151"},"geometry":{"type":"Polygon","coordinates":[[[39.758765,48.424805],[39.759184,48.424379],[39.759488,48.424212],[39.759017,48.423977],[39.758954,48.424001],[39.756534,48.422778],[39.755469,48.423142],[39.758765,48.424805]]]}},{"type":"Feature","properties":{"cadnum":"4421480800:13:002:0142"},"geometry":{"type":"Polygon","coordinates":[[[39.757723,48.425234],[39.757306,48.425288],[39.756601,48.425446],[39.756147,48.425547],[39.756016,48.425386],[39.755325,48.425612],[39.75532761130742,48.425612],[39.754808,48.425782],[39.754111,48.426012],[39.754754,48.426137],[39.755589,48.426292],[39.756574,48.42654],[39.757099,48.426597],[39.757306,48.426555],[39.758761,48.426135],[39.759241,48.426],[39.75847042115768,48.425612],[39.758471,48.425612],[39.757723,48.425234]]]}},{"type":"Feature","properties":{"cadnum":"4421480800:13:002:0143"},"geometry":{"type":"Polygon","coordinates":[[[39.759686,48.424313],[39.75960210169372,48.42436501694989],[39.759318,48.42454],[39.758895,48.425077],[39.757723,48.425234],[39.75824739153439,48.425499],[39.758246,48.425499],[39.759241,48.426],[39.759436,48.42594459016394],[39.759436,48.425945],[39.760319,48.425693],[39.760907,48.425499],[39.76090433333333,48.425499],[39.761585,48.425273],[39.759686,48.424313]]]}},{"type":"Feature","properties":{"cadnum":"4421480800:11:004:0017"},"geometry":{"type":"Polygon","coordinates":[[[39.702264371069184,48.414562],[39.702264,48.414562],[39.702346,48.418071],[39.703807,48.418036],[39.704188,48.418024],[39.70439,48.417988],[39.704676,48.417999],[39.704676,48.41799840687679],[39.704853,48.418005],[39.70477371507406,48.414676],[39.704774,48.414676],[39.704763,48.414205],[39.704676,48.414205],[39.702256,48.414199],[39.702264371069184,48.414562]]]}},{"type":"Feature","properties":{"cadnum":"4421480800:11:004:0018"},"geometry":{"type":"Polygon","coordinates":[[[39.707956,48.414231],[39.707929,48.414231],[39.707243,48.414158],[39.705472,48.414208],[39.704763,48.414205],[39.704771337579615,48.414562],[39.704771,48.414562],[39.704853,48.418005],[39.705252,48.418021],[39.706897,48.418056],[39.708046,48.418021],[39.707963,48.414562],[39.707962694382026,48.414562],[39.707956,48.414231]]]}},{"type":"Feature","properties":{"cadnum":"4421480800:13:002:0123"},"geometry":{"type":"Polygon","coordinates":[[[39.752863,48.430244],[39.752693,48.430275],[39.752993,48.431687],[39.753942,48.43215684388939],[39.753942,48.432158],[39.754867,48.432614],[39.755082,48.432902],[39.7550825,48.432902],[39.755159,48.433004],[39.755113,48.433582],[39.755832,48.433335],[39.756277,48.433183],[39.755819,48.432788],[39.75581846180556,48.432788],[39.754077483641375,48.43129053346555],[39.752863,48.430244]]]}},{"type":"Feature","properties":{"cadnum":"4421480800:13:002:0114"},"geometry":{"type":"Polygon","coordinates":[[[39.758446,48.435585],[39.759403,48.435257],[39.756794,48.433007],[39.756277,48.433183],[39.755832,48.433335],[39.758446,48.435585]],[[39.757449,48.434721],[39.757463,48.434709],[39.757486,48.434709],[39.757494,48.434721],[39.757486,48.434735],[39.757463,48.434735],[39.757449,48.434721]]]}},{"type":"Feature","properties":{"cadnum":"4421480800:13:002:0100"},"geometry":{"type":"Polygon","coordinates":[[[39.756788,48.436184],[39.756474,48.436294],[39.75652069960474,48.436433],[39.75652,48.436433],[39.757256,48.438624],[39.758949,48.438043],[39.757077,48.436433],[39.75707678512397,48.436433],[39.756788,48.436184]]]}},{"type":"Feature","properties":{"cadnum":"4421480800:13:002:0124"},"geometry":{"type":"Polygon","coordinates":[[[39.754114,48.43132194225983],[39.755951,48.432902],[39.75595118227848,48.432902],[39.756277,48.433183],[39.756794,48.433007],[39.757121,48.432893],[39.754114,48.43030219377163],[39.754114,48.430302],[39.753861,48.430083],[39.752863,48.430244],[39.753942,48.431173785771385],[39.753942,48.431174],[39.75407748364128,48.43129053346547],[39.754114,48.431322],[39.754114,48.43132194225983]]]}},{"type":"Feature","properties":{"cadnum":"4421480800:13:002:0115"},"geometry":{"type":"Polygon","coordinates":[[[39.75779,48.432665],[39.757429092105255,48.432788],[39.757428,48.432788],[39.757121,48.432893],[39.757094,48.432902],[39.75709518421053,48.432902],[39.756794,48.433007],[39.759403,48.435257],[39.759436,48.435245676470586],[39.759436,48.435246],[39.7604,48.434914],[39.760203,48.434744],[39.759776,48.434816],[39.759664,48.434649],[39.759631,48.434542],[39.759893,48.434479],[39.759436,48.434085],[39.759436,48.43408548059701],[39.75806414532871,48.432902],[39.758065,48.432902],[39.75779,48.432665]]]}},{"type":"Feature","properties":{"cadnum":"4421480800:13:002:0113"},"geometry":{"type":"Polygon","coordinates":[[[39.757503,48.43591],[39.758446,48.435585],[39.755832,48.433335],[39.755113,48.433582],[39.755096,48.433838],[39.757503,48.43591]],[[39.757386,48.434781],[39.757364,48.434774],[39.757364,48.434759],[39.757382,48.43475],[39.7574,48.434757],[39.757404,48.434771],[39.757386,48.434781]]]}},{"type":"Feature","properties":{"cadnum":"4421480800:13:002:0104"},"geometry":{"type":"Polygon","coordinates":[[[39.759607,48.43532730192435],[39.76088974595843,48.436433],[39.760889,48.436433],[39.762327,48.437671],[39.76314,48.437337],[39.76222328539822,48.436547],[39.762224,48.436547],[39.760377,48.434953],[39.759515,48.435248],[39.759607,48.435328],[39.759607,48.43532730192435]],[[39.762654,48.437385],[39.762677,48.437408],[39.762641,48.437423],[39.762619,48.437403],[39.762654,48.437385]]]}},{"type":"Feature","properties":{"cadnum":"4421480800:13:002:0101"},"geometry":{"type":"Polygon","coordinates":[[[39.757853,48.43582],[39.756788,48.436184],[39.757209,48.436547],[39.75720955155279,48.436547],[39.758949,48.438043],[39.759436,48.437876472644376],[39.759436,48.437877],[39.76001,48.43768],[39.759436,48.437185],[39.759436,48.437185444870565],[39.758564,48.436433],[39.758562966987625,48.436433],[39.757853,48.43582]]]}},{"type":"Feature","properties":{"cadnum":"4421480800:13:002:0112"},"geometry":{"type":"Polygon","coordinates":[[[39.755706,48.436351],[39.75656,48.436235],[39.757503,48.43591],[39.755096,48.433838],[39.755064,48.434286],[39.755388,48.435394],[39.755706,48.436351]]]}},{"type":"Feature","properties":{"cadnum":"4421480800:13:002:0116"},"geometry":{"type":"Polygon","coordinates":[[[39.758842,48.432303],[39.758033,48.432581],[39.75779,48.432665],[39.75793272151899,48.432788],[39.757932,48.432788],[39.759607,48.434233],[39.759607,48.43423242669585],[39.759893,48.434479],[39.760769,48.434271],[39.760912,48.434461],[39.760881,48.434629],[39.760203,48.434744],[39.7604,48.434914],[39.761455,48.434554],[39.75946460332128,48.43283963654071],[39.759405,48.432788],[39.75940391986644,48.432788],[39.758842,48.432303]]]}},{"type":"Feature","properties":{"cadnum":"4421480800:13:002:0103"},"geometry":{"type":"Polygon","coordinates":[[[39.759607,48.436345933333335],[39.75970832758621,48.436433],[39.759708,48.436433],[39.761532,48.438002],[39.762327,48.437671],[39.761021416801285,48.436547],[39.761022,48.436547],[39.759515,48.435248],[39.759436,48.435275],[39.759436,48.43527542535545],[39.758671,48.435541],[39.759607,48.436347],[39.759607,48.436345933333335]],[[39.762075,48.437626],[39.762103,48.43765],[39.762067,48.437664],[39.762044,48.437641],[39.762075,48.437626]],[[39.761505,48.437865],[39.761528,48.437889],[39.761496,48.437903],[39.761469,48.437882],[39.761505,48.437865]]]}},{"type":"Feature","properties":{"cadnum":"4421480800:13:002:0125"},"geometry":{"type":"Polygon","coordinates":[[[39.754114,48.430043],[39.753861,48.430083],[39.753942,48.43015311462451],[39.753942,48.430154],[39.75699913253012,48.432788],[39.756999,48.432788],[39.757121,48.432893],[39.75779,48.432665],[39.758033,48.432581],[39.755037,48.430006],[39.754331,48.430009],[39.754114,48.43004358611825],[39.754114,48.430043]]]}},{"type":"Feature","properties":{"cadnum":"4421480800:17:007:0005"},"geometry":{"type":"Polygon","coordinates":[[[39.72659423893901,48.37256583185791],[39.726648,48.372538],[39.726648,48.372537782608696],[39.726799,48.372459],[39.727018,48.372039],[39.727041,48.371176],[39.726648,48.37115509574468],[39.726648,48.371155],[39.722347,48.37092],[39.722451,48.372874],[39.722608,48.373176],[39.724997,48.373223],[39.725433,48.373167],[39.726477,48.372626525925924],[39.726477,48.372627],[39.72659423893901,48.37256583185791]]]}},{"type":"Feature","properties":{"cadnum":"4421480800:17:007:0014"},"geometry":{"type":"Polygon","coordinates":[[[39.727086,48.372471],[39.727077,48.372302],[39.726992,48.372411],[39.72664104440574,48.37258341119485],[39.725447,48.373169],[39.72511,48.373223],[39.72237,48.373196],[39.722374,48.373282],[39.725123,48.37331],[39.725506,48.373244],[39.726648,48.372686],[39.726648,48.37268532512315],[39.727086,48.372471]]]}},{"type":"Feature","properties":{"cadnum":"4421480800:17:007:0013"},"geometry":{"type":"Polygon","coordinates":[[[39.726978,48.373656],[39.726588,48.373041],[39.726286,48.373029],[39.72599,48.373832],[39.726477,48.373745405775075],[39.726477,48.373746],[39.726978,48.373656]]]}},{"type":"Feature","properties":{"cadnum":"4421480800:07:001:0010"},"geometry":{"type":"Polygon","coordinates":[[[39.725883,48.452309],[39.72537,48.452175],[39.725313,48.452118],[39.725091,48.452237],[39.724163,48.454766],[39.72416320566319,48.454766],[39.723713,48.455994],[39.72577,48.456854],[39.72653711716622,48.454766],[39.726538,48.454766],[39.727293,48.452711],[39.726866,48.452562],[39.726477,48.452462],[39.726477,48.45246274117647],[39.725883,48.452309]]]}},{"type":"Feature","properties":{"cadnum":"4421480800:10:001:0025"},"geometry":{"type":"Polygon","coordinates":[[[39.655237,48.432959],[39.653573,48.432926],[39.653554,48.434235],[39.65355,48.434426],[39.655066,48.434456553645525],[39.655066,48.434457],[39.656802,48.434491],[39.656833,48.43299],[39.655237,48.43295929032258],[39.655237,48.432959]],[[39.653766,48.433096],[39.653787,48.433096],[39.653797,48.433109],[39.653787,48.43312],[39.653766,48.43312],[39.653757,48.433109],[39.653766,48.433096]]]}},{"type":"Feature","properties":{"cadnum":"4421480800:10:001:0022"},"geometry":{"type":"Polygon","coordinates":[[[39.65357726744186,48.432788],[39.653577,48.432788],[39.653577,48.432804],[39.653573,48.432902],[39.65357378688525,48.432902],[39.653573,48.432926],[39.655066,48.43295560877404],[39.655066,48.432956],[39.656833,48.43299],[39.660089,48.433054],[39.660096,48.432788],[39.66009505220883,48.432788],[39.660112,48.432155],[39.660116,48.431556],[39.655066,48.431457],[39.655066,48.43145755284056],[39.6536,48.431428],[39.65357726744186,48.432788]],[[39.653787,48.431672],[39.653802,48.431684],[39.653787,48.431696],[39.653766,48.431696],[39.653757,48.431684],[39.653766,48.431672],[39.653787,48.431672]],[[39.653787,48.432146],[39.653802,48.432161],[39.653787,48.432173],[39.653766,48.432173],[39.653757,48.432158],[39.653766,48.432146],[39.653787,48.432146]],[[39.653787,48.432619],[39.653797,48.432634],[39.653787,48.432646],[39.653766,48.432646],[39.653757,48.432632],[39.653766,48.432619],[39.653787,48.432619]]]}},{"type":"Feature","properties":{"cadnum":"4421480800:10:001:0024"},"geometry":{"type":"Polygon","coordinates":[[[39.660054,48.434554],[39.660089,48.433054],[39.656833,48.43299],[39.656802,48.434491],[39.660054,48.434554]]]}},{"type":"Feature","properties":{"cadnum":"4421480800:10:001:0020"},"geometry":{"type":"Polygon","coordinates":[[[39.655237,48.43446],[39.65355,48.434426],[39.653533,48.43565],[39.653527,48.43593],[39.655066,48.4359606],[39.655066,48.435961],[39.660018,48.436058],[39.660026,48.435862],[39.660054,48.434554],[39.656802,48.434491],[39.655237,48.43446034907834],[39.655237,48.43446]],[[39.653766,48.434521],[39.653787,48.434521],[39.653797,48.434536],[39.653783,48.434548],[39.653766,48.434548],[39.653753,48.434533],[39.653766,48.434521]],[[39.653761,48.435475],[39.653783,48.435475],[39.653797,48.435486],[39.653783,48.435501],[39.653761,48.435501],[39.653753,48.435486],[39.653761,48.435475]]]}},{"type":"Feature","properties":{"cadnum":"4421480800:10:001:0019"},"geometry":{"type":"Polygon","coordinates":[[[39.653527,48.43593],[39.653519662884925,48.436433],[39.653519,48.436433],[39.65351,48.437138],[39.653504,48.437445],[39.655066,48.43747564512407],[39.655066,48.437476],[39.659856,48.437569],[39.659865,48.437438],[39.659865,48.437432],[39.659965,48.437101],[39.659986,48.436973],[39.66000098888889,48.436547],[39.660001,48.436547],[39.660001918919086,48.43652056756283],[39.660005,48.436433],[39.66000496319018,48.436433],[39.660018,48.436058],[39.655237,48.43596434955573],[39.655237,48.435964],[39.653527,48.43593]],[[39.653783,48.435948],[39.653797,48.435963],[39.653783,48.435976],[39.653761,48.435976],[39.653753,48.435963],[39.653761,48.435948],[39.653783,48.435948]],[[39.653783,48.436429],[39.653788090909096,48.436433],[39.653787,48.436433],[39.653797,48.43644],[39.653783,48.436452],[39.653761,48.436452],[39.653753,48.43644],[39.653761,48.436429],[39.653783,48.436429]],[[39.653783,48.436899],[39.653793,48.436914],[39.653783,48.436926],[39.653761,48.436926],[39.653753,48.436914],[39.653761,48.436899],[39.653783,48.436899]],[[39.653761,48.437373],[39.653783,48.437373],[39.653793,48.437385],[39.653783,48.437397],[39.653761,48.437397],[39.653757,48.437392],[39.653747,48.437385],[39.653761,48.437373]]]}},{"type":"Feature","properties":{"cadnum":"4421480800:10:003:0003"},"geometry":{"type":"Polygon","coordinates":[[[39.638633420084865,48.414676],[39.63862,48.415269],[39.638612,48.415376],[39.638606,48.415749],[39.638758,48.41575],[39.638758,48.4157494846767],[39.644251,48.415767],[39.644251,48.415766489430894],[39.646539,48.415773],[39.646556,48.41543],[39.646552,48.41532],[39.64657,48.414562],[39.646569886075945,48.414562],[39.646575,48.41436],[39.644079,48.414352],[39.644079,48.41435247869495],[39.638642,48.414336],[39.63863601764706,48.414562],[39.638636,48.414562],[39.63863589599133,48.414566595883],[39.638633,48.414676],[39.638633420084865,48.414676]]]}},{"type":"Feature","properties":{"cadnum":"4421480800:10:003:0005"},"geometry":{"type":"Polygon","coordinates":[[[39.638758,48.41293831888212],[39.644251,48.412958],[39.644251,48.412957544519195],[39.646606,48.412965],[39.646629,48.41184],[39.644251,48.411801765490196],[39.644251,48.411801],[39.638758,48.41171101566157],[39.638758,48.411711],[39.638696,48.41171],[39.638669,48.412938],[39.638758,48.412939],[39.638758,48.41293831888212]]]}},{"type":"Feature","properties":{"cadnum":"4421480800:10:003:0004"},"geometry":{"type":"Polygon","coordinates":[[[39.638758,48.41433635157782],[39.644251,48.414353],[39.644251,48.41435255128205],[39.646575,48.41436],[39.646606,48.412965],[39.644079,48.412957],[39.644079,48.412957383733435],[39.638669,48.412938],[39.638642,48.414336],[39.638758,48.414337],[39.638758,48.41433635157782]]]}},{"type":"Feature","properties":{"cadnum":"4421480800:25:007:0012"},"geometry":{"type":"Polygon","coordinates":[[[39.770422,48.329136],[39.770422,48.32913626728111],[39.77016,48.328896],[39.765306,48.330748],[39.76530745559847,48.330748],[39.7651,48.330827483727816],[39.7651,48.330827],[39.759607,48.332922757944914],[39.759607,48.332922],[39.758698,48.333269],[39.759147,48.333732],[39.759607,48.333557],[39.759607,48.33355678813559],[39.764929,48.331527211864405],[39.764929,48.331528],[39.76720793939694,48.33065732828169],[39.770594,48.329367],[39.770594,48.329366368421056],[39.77065,48.329345],[39.770422,48.329136]]]}},{"type":"Feature","properties":{"cadnum":"4421480800:25:007:0011"},"geometry":{"type":"Polygon","coordinates":[[[39.769635,48.328416],[39.7651,48.33014673948152],[39.7651,48.330146],[39.76381839202657,48.330634],[39.763818,48.330634],[39.76367129096631,48.33069001191542],[39.763519,48.330748],[39.76351940585775,48.330748],[39.759436,48.332307],[39.759436,48.33230713701578],[39.758213,48.332773],[39.758572,48.33314],[39.758698,48.333269],[39.759436,48.33298727722773],[39.759436,48.332988],[39.764929,48.33089224205508],[39.764929,48.330893],[39.765605,48.330634],[39.76560478833692,48.330634],[39.77016,48.328896],[39.769635,48.328416]]]}},{"type":"Feature","properties":{"cadnum":"4421480800:25:006:0001"},"geometry":{"type":"Polygon","coordinates":[[[39.75195479041916,48.334286],[39.751954,48.334286],[39.75187397500014,48.33438747499983],[39.751864,48.3344],[39.751864097560976,48.3344],[39.751857,48.334409],[39.751866,48.334409],[39.751875,48.334424],[39.751861,48.334436],[39.75183,48.334433],[39.751633,48.334585],[39.751633,48.334588],[39.751431,48.334746],[39.75104,48.334982],[39.750676,48.335319],[39.751237,48.335397],[39.752199,48.335335],[39.752809,48.33537],[39.753442,48.335332],[39.754114,48.335226],[39.754114,48.3352254954955],[39.754386,48.335182],[39.755186,48.335122],[39.755553,48.335149],[39.755819,48.335209],[39.756713,48.335475],[39.757526,48.335553],[39.758838,48.335505],[39.759607,48.335516],[39.759607,48.33551531081081],[39.760176,48.335523],[39.760639,48.335562],[39.760356,48.335162],[39.759853,48.33466],[39.75969,48.334606],[39.759574,48.334553],[39.759448,48.334406],[39.757337,48.334382],[39.756465,48.334361],[39.755513,48.334328],[39.754763,48.334308],[39.753973,48.334286],[39.753972,48.334286],[39.753942,48.334286],[39.75393149999995,48.334286],[39.751997,48.334233],[39.75195479041916,48.334286]]]}},{"type":"Feature","properties":{"cadnum":"4421480800:25:007:0024"},"geometry":{"type":"Polygon","coordinates":[[[39.76529995381061,48.326982],[39.765299,48.326982],[39.7651507846762,48.32703888263778],[39.765001,48.327096],[39.765001957746485,48.327096],[39.764929,48.327124],[39.764929,48.327124181673724],[39.759436,48.329218],[39.759436,48.32921816331658],[39.756025,48.330518],[39.75613444347827,48.330634],[39.756134,48.330634],[39.756595,48.331121],[39.757121,48.331662],[39.759436,48.330779208366856],[39.759436,48.33078],[39.75972194299313,48.33066984781795],[39.7651,48.328619],[39.7651,48.328618797167145],[39.768459,48.327338],[39.76809266864501,48.32699749357082],[39.767272,48.32623],[39.76529995381061,48.326982]]]}},{"type":"Feature","properties":{"cadnum":"4421480800:25:007:0025"},"geometry":{"type":"Polygon","coordinates":[[[39.768459,48.327338],[39.764929,48.328684],[39.764929,48.32868420849006],[39.75981594880225,48.330634],[39.759815,48.330634],[39.75972194299327,48.3306698478179],[39.759517,48.330748],[39.75951783966245,48.330748],[39.757121,48.331662],[39.758213,48.332773],[39.759607,48.332242],[39.759607,48.33224171405751],[39.76367129096657,48.33069001191532],[39.764929,48.330211111954455],[39.764929,48.330212],[39.769635,48.328416],[39.768459,48.327338]]]}},{"type":"Feature","properties":{"cadnum":"4421480800:25:007:0013"},"geometry":{"type":"Polygon","coordinates":[[[39.77065,48.329345],[39.770422,48.329432],[39.770422,48.32943254415011],[39.7672691571325,48.330634],[39.767269,48.330634],[39.76720793939694,48.33065732828169],[39.76697,48.330748],[39.76697061073826,48.330748],[39.7651,48.33146266923077],[39.7651,48.331462],[39.759436,48.333622],[39.759436,48.33362205434783],[39.759147,48.333732],[39.759607,48.334208],[39.759607,48.33420673184358],[39.759794,48.3344],[39.75979457736721,48.3344],[39.760104,48.334719],[39.761239,48.334286],[39.76123808827239,48.334286],[39.7651,48.332814],[39.7651,48.3328135631769],[39.765206,48.332773],[39.770273,48.330841],[39.77003493377609,48.330723105960885],[39.769725,48.330569],[39.769765,48.33053],[39.770331,48.330139],[39.770422,48.33009609505704],[39.770422,48.330097],[39.771117,48.329768],[39.77065,48.329345]]]}},{"type":"Feature","properties":{"cadnum":"4421480800:02:002:0016"},"geometry":{"type":"Polygon","coordinates":[[[39.60841,48.425428],[39.60840073913044,48.425499],[39.6084,48.425499],[39.608324,48.426096],[39.608873,48.426116],[39.60908946677472,48.425612],[39.60909,48.425612],[39.609276,48.425181],[39.609443,48.425207],[39.6093593654321,48.425499],[39.609359,48.425499],[39.609347542947965,48.4255402767765],[39.609327,48.425612],[39.609327634980986,48.425612],[39.609286,48.425762],[39.60916,48.4264],[39.61112,48.4264165478424],[39.61112,48.426417],[39.611966,48.426423],[39.614272,48.426444],[39.61364161693122,48.425612],[39.613642,48.425612],[39.613291,48.425148],[39.612282,48.42462],[39.612892,48.424567],[39.612848,48.424388],[39.61112,48.424383],[39.61112,48.42438348828561],[39.608603,48.424376],[39.60841,48.425428]]]}},{"type":"Feature","properties":{"cadnum":"4421480800:25:001:0004"},"geometry":{"type":"Polygon","coordinates":[[[39.730531,48.337592],[39.729238,48.337517],[39.729229,48.337514],[39.729225,48.337514],[39.72811,48.337258],[39.72849967254408,48.337938],[39.728499,48.337938],[39.729858,48.340309],[39.729957,48.340192],[39.7301,48.340214],[39.729934,48.340437],[39.730356,48.341177],[39.730567,48.341545],[39.730684,48.341407],[39.730867,48.341473],[39.730783,48.341595],[39.730571,48.341551],[39.730613,48.341626],[39.732141,48.34161],[39.732141,48.3416092042007],[39.732827,48.341602],[39.73197,48.340108],[39.73197,48.34010877966101],[39.73102,48.338452],[39.730994,48.338473],[39.730957,48.338452],[39.730989,48.338428],[39.731016,48.338443],[39.730728,48.337938],[39.730727317391306,48.337938],[39.730531,48.337592]],[[39.728757,48.3377],[39.728789,48.337682],[39.728816,48.337702],[39.728783,48.33772],[39.728757,48.3377]],[[39.731537,48.339753],[39.731542,48.339745],[39.731578,48.339756],[39.731565,48.33978],[39.731523,48.339771],[39.731537,48.339753]],[[39.731354,48.340099],[39.731358,48.340094],[39.731399,48.340106],[39.73138,48.34013],[39.73134,48.340121],[39.731354,48.340099]],[[39.731177,48.340442],[39.731179,48.34044],[39.731219,48.340449],[39.7312,48.340476],[39.731164,48.340464],[39.731177,48.340442]],[[39.731003,48.340781],[39.731004,48.340781],[39.731043,48.340792],[39.731026,48.34082],[39.730985,48.340807],[39.731003,48.340781]],[[39.730823,48.341124],[39.73083,48.341126],[39.730863,48.341133],[39.730846,48.341159],[39.73081,48.341148],[39.730823,48.341124]]]}},{"type":"Feature","properties":{"cadnum":"4421480800:25:001:0007"},"geometry":{"type":"Polygon","coordinates":[[[39.732141,48.338002],[39.732103,48.337977],[39.731901,48.33789],[39.731254,48.337696],[39.730599,48.337598],[39.730531,48.337592],[39.730792,48.338052],[39.73079301386138,48.338052],[39.731016,48.338443],[39.731026,48.338449],[39.73102,48.338452],[39.732141,48.340407],[39.732141,48.34040610268379],[39.732827,48.341602],[39.733387,48.341595],[39.735683,48.341569],[39.734412,48.339353],[39.73367,48.339174],[39.73367,48.339172],[39.733649,48.339163],[39.73363,48.339147],[39.73363,48.339145],[39.733464,48.338762],[39.73293,48.338506],[39.732925,48.338503],[39.732624,48.33832],[39.73262,48.33832],[39.73262,48.338318],[39.732141,48.33800206382979],[39.732141,48.338002]],[[39.731609,48.338022],[39.731649,48.338039],[39.731637,48.338052],[39.73163767741936,48.338052],[39.731622,48.33807],[39.731578,48.338049],[39.731609,48.338022]],[[39.732072,48.338715],[39.732081,48.338703],[39.732121,48.338712],[39.732103,48.338738],[39.732062,48.338727],[39.732072,48.338715]],[[39.7319,48.339048],[39.731905,48.33904],[39.731942,48.339052],[39.731928,48.339079],[39.731888,48.339067],[39.7319,48.339048]],[[39.731728,48.339383],[39.73173,48.33938],[39.731766,48.339393],[39.731753,48.339419],[39.731712,48.339407],[39.731728,48.339383]],[[39.73275,48.338559],[39.732795,48.338577],[39.732764,48.338607],[39.732724,48.338586],[39.73275,48.338559]],[[39.732328,48.339099],[39.732351,48.339094],[39.732368,48.339103],[39.732364,48.339118],[39.732345,48.339123],[39.732328,48.339114],[39.732328,48.339099]],[[39.732294,48.338268],[39.732305,48.338246],[39.732345,48.338258],[39.732328,48.338282],[39.732292,48.338273],[39.732294,48.338268]]]}},{"type":"Feature","properties":{"cadnum":"4421480800:26:005:0009"},"geometry":{"type":"Polygon","coordinates":[[[39.739523,48.333896],[39.739901,48.333617],[39.739335,48.333254],[39.741392,48.331844],[39.740624,48.3313],[39.739465,48.331964],[39.738517,48.332579],[39.737479,48.332946],[39.736982,48.332979],[39.736699,48.332829],[39.73575,48.33271],[39.73496,48.33305],[39.733387,48.334301],[39.733276,48.3344],[39.73327673448276,48.3344],[39.733064,48.334591],[39.731973,48.334651],[39.732062,48.335651],[39.732947,48.335609],[39.732858,48.335959],[39.732758,48.336311],[39.732141,48.33686536040609],[39.732141,48.336865],[39.731999482994794,48.33699251020264],[39.73197,48.337019],[39.73197,48.33701907508532],[39.731848,48.337129],[39.731586,48.337228],[39.732045,48.337667],[39.732141,48.337713],[39.732141,48.337712856079406],[39.73261234025974,48.337938],[39.732612,48.337938],[39.733527,48.338375],[39.733967,48.338568],[39.73463698095239,48.338052],[39.734637,48.338052],[39.735278,48.337559],[39.73611,48.337556],[39.737358,48.337792],[39.737463,48.33779920216607],[39.737463,48.3378],[39.738387,48.337864],[39.739846,48.337356],[39.741307,48.336792],[39.741531,48.335675],[39.74093,48.335254],[39.73976087719226,48.334302982455554],[39.739492,48.334084],[39.739523,48.333896]],[[39.735852,48.3344],[39.73585293750001,48.3344],[39.736047,48.334535],[39.736016,48.334555],[39.73637,48.334779],[39.736236,48.334875],[39.735917,48.334675],[39.735876,48.334702],[39.735854,48.334686],[39.73572,48.334776],[39.735485,48.334621],[39.73584,48.334391],[39.735852,48.3344]],[[39.735077,48.333922],[39.735207,48.334218],[39.735198,48.33425],[39.735221,48.334254],[39.7352359787234,48.334286],[39.735235,48.334286],[39.735243,48.334301],[39.735041,48.33434],[39.734888,48.333997],[39.734906,48.333952],[39.735077,48.333922]]]}},{"type":"Feature","properties":{"cadnum":"4421480800:17:005:0024"},"geometry":{"type":"Polygon","coordinates":[[[39.719127,48.395497],[39.718602,48.396258],[39.71854645652174,48.396328],[39.718545,48.396328],[39.718233,48.396725],[39.720717,48.397379],[39.720929,48.397173],[39.720984,48.397203000000005],[39.720984,48.397204],[39.721072,48.397251],[39.721216,48.397326],[39.721934,48.397101],[39.726648,48.398337],[39.726648,48.39833674766355],[39.729152,48.398992],[39.728923,48.398464],[39.728563,48.397969],[39.726648,48.39746867641419],[39.726648,48.397468],[39.72273300000001,48.396442],[39.722734,48.396442],[39.72245102128102,48.39636810212882],[39.722298,48.396328],[39.7222974573304,48.396328],[39.721155,48.39602965542858],[39.721155,48.396029],[39.719127,48.395497]],[[39.721814,48.396842],[39.721822,48.396696],[39.721921,48.396603],[39.722091,48.396553],[39.72224,48.396574],[39.722357,48.396663],[39.722401,48.396798],[39.722325,48.396917],[39.722123,48.397018],[39.721975,48.397021],[39.721871,48.396992],[39.721818,48.396913],[39.721814,48.396842]]]}},{"type":"Feature","properties":{"cadnum":"4421480800:18:001:0033"},"geometry":{"type":"Polygon","coordinates":[[[39.693799,48.377188],[39.693763,48.377101],[39.69364975458313,48.377117640142885],[39.690857,48.377519],[39.690889,48.377609],[39.693518,48.37722873392857],[39.693518,48.377229],[39.693799,48.377188]]]}},{"type":"Feature","properties":{"cadnum":"4421480800:25:005:0007"},"geometry":{"type":"Polygon","coordinates":[[[39.758332,48.338052],[39.758332413545816,48.338052],[39.75521158645419,48.341589],[39.755211,48.341589],[39.75513588389514,48.3416747977528],[39.755111,48.341703],[39.75511119277108,48.341703],[39.754993,48.341838],[39.755293,48.341801],[39.75559858073662,48.34160761756369],[39.756035,48.341333],[39.756901,48.341017],[39.758604,48.340026],[39.759094,48.33961],[39.759264,48.339285],[39.759436,48.339150609329444],[39.759436,48.339151],[39.759541426470776,48.33906823529397],[39.759607,48.339017],[39.759607,48.33901675700935],[39.75965,48.338983],[39.759914,48.338539],[39.760287,48.338342],[39.760863,48.338306],[39.76178445110411,48.338052],[39.761785,48.338052],[39.762013,48.337989],[39.762087,48.337938],[39.762086461139894,48.337938],[39.762847,48.33741],[39.763006,48.3372],[39.762987,48.33715],[39.762969,48.33715],[39.759436,48.337014],[39.759436,48.337014198863635],[39.759255,48.337007],[39.758332,48.338052]],[[39.758895,48.338395],[39.758914,48.338386],[39.758927,48.338392],[39.758927,48.338389],[39.758972,48.338389],[39.758994,48.338416],[39.758972,48.33844],[39.758927,48.33844],[39.758905,48.338416],[39.758909,48.338413],[39.758895,48.33841],[39.758895,48.338395]]]}},{"type":"Feature","properties":{"cadnum":"4421480800:25:007:0014"},"geometry":{"type":"Polygon","coordinates":[[[39.764929,48.332879],[39.764929,48.33287917808219],[39.760939,48.3344],[39.76094017782909,48.3344],[39.760104,48.334719],[39.760922,48.335558],[39.760876,48.335595],[39.761761,48.335852],[39.7623,48.33598],[39.762973,48.336066],[39.763994,48.33598],[39.764608,48.335911],[39.764929,48.33591295731708],[39.764929,48.335913],[39.76494144075696,48.33591303317535],[39.7651,48.335914],[39.7651,48.335913456],[39.765304,48.335914],[39.766199,48.335833],[39.766612,48.335753],[39.767174,48.335585],[39.767474,48.335416],[39.767654,48.335305],[39.766668,48.334286],[39.7666678537185,48.334286],[39.765206,48.332773],[39.764929,48.332879]]]}},{"type":"Feature","properties":{"cadnum":"4421480800:07:001:0014"},"geometry":{"type":"Polygon","coordinates":[[[39.745115,48.456458],[39.744434,48.458409],[39.744434250199625,48.458409],[39.74320374980037,48.461938],[39.743203,48.461938],[39.742956,48.462648],[39.742956,48.46264862416107],[39.742532,48.463863],[39.742956,48.464042986577184],[39.742956,48.464044],[39.744207,48.464574],[39.745063293626714,48.462052],[39.745064,48.462052],[39.74634,48.458295],[39.74633979166667,48.458295],[39.74684,48.456825],[39.745115,48.456458]]]}},{"type":"Feature","properties":{"cadnum":"4421480800:07:001:0013"},"geometry":{"type":"Polygon","coordinates":[[[39.74189338095238,48.458295],[39.741893,48.458295],[39.74053,48.462052],[39.74053054545455,48.462052],[39.740224,48.462895],[39.742532,48.463863],[39.743128,48.462156],[39.743128,48.46215358704454],[39.74316334084507,48.462052],[39.743164,48.462052],[39.744474,48.458295],[39.74447379190159,48.458295],[39.745115,48.456458],[39.742956,48.456058],[39.742956,48.4560583046683],[39.742721,48.456015],[39.74189338095238,48.458295]]]}},{"type":"Feature","properties":{"cadnum":"4421480800:07:001:0001"},"geometry":{"type":"Polygon","coordinates":[[[39.741836,48.457454],[39.742371,48.456113],[39.742582,48.455595],[39.740772,48.455154],[39.739574,48.458409],[39.73957506547777,48.458409],[39.738235,48.462052],[39.73823615,48.462052],[39.738234,48.462058],[39.739888,48.462758],[39.740187,48.461938],[39.7401867173913,48.461938],[39.740448,48.461224],[39.741527,48.458295],[39.74152601884817,48.458295],[39.741836,48.457454]]]}},{"type":"Feature","properties":{"cadnum":"4421480800:10:004:0017"},"geometry":{"type":"Polygon","coordinates":[[[39.65352564454977,48.407269],[39.653525,48.407269],[39.653397,48.409014],[39.655237,48.409164],[39.655237,48.40916283495146],[39.655684,48.409199],[39.656963,48.40927],[39.65855,48.409334],[39.659219,48.409416],[39.65806,48.408105],[39.657632,48.4075],[39.65616750243908,48.407383],[39.656172,48.407383],[39.655066,48.407295],[39.655066,48.40729506924644],[39.654746,48.407269],[39.654739481751854,48.407269],[39.653533,48.407172],[39.65352564454977,48.407269]]]}},{"type":"Feature","properties":{"cadnum":"4421480800:18:001:0024"},"geometry":{"type":"Polygon","coordinates":[[[39.694855,48.365575],[39.69397,48.364895],[39.693689,48.36505725884955],[39.693689,48.365057],[39.69295,48.365483],[39.693518,48.36592187415426],[39.693518,48.365922],[39.69383,48.366163],[39.694855,48.365575]]]}},{"type":"Feature","properties":{"cadnum":"4421480800:02:003:0045"},"geometry":{"type":"Polygon","coordinates":[[[39.630889,48.438583],[39.63151,48.438514],[39.631842,48.438428],[39.631883,48.438362],[39.630656,48.438106],[39.630503,48.438371],[39.630889,48.438583]]]}},{"type":"Feature","properties":{"cadnum":"4421480800:02:003:0049"},"geometry":{"type":"Polygon","coordinates":[[[39.632476,48.43734],[39.632534,48.437244],[39.632669,48.437012],[39.631447,48.436756],[39.631254,48.437083],[39.632476,48.43734]]]}},{"type":"Feature","properties":{"cadnum":"4421480800:02:003:0051"},"geometry":{"type":"Polygon","coordinates":[[[39.633222,48.437856],[39.632291,48.437659],[39.632251,48.437728],[39.63204,48.438091],[39.631883,48.438362],[39.631842,48.438428],[39.632453,48.438273],[39.633093,48.43792595188556],[39.633093,48.437926],[39.633222,48.437856]]]}},{"type":"Feature","properties":{"cadnum":"4421480800:02:003:0041"},"geometry":{"type":"Polygon","coordinates":[[[39.630792,48.437802],[39.630948,48.437534],[39.629511,48.43723],[39.62943,48.437373],[39.629534,48.437536],[39.630792,48.437802]]]}},{"type":"Feature","properties":{"cadnum":"4421480800:02:003:0044"},"geometry":{"type":"Polygon","coordinates":[[[39.630117,48.436193],[39.62997686577181,48.436433],[39.629976,48.436433],[39.629943,48.436491],[39.62991,48.436544],[39.629923,48.436547],[39.6299241442623,48.436547],[39.631348,48.436849],[39.631555,48.436497],[39.630117,48.436193]]]}},{"type":"Feature","properties":{"cadnum":"4421480800:02:003:0054"},"geometry":{"type":"Polygon","coordinates":[[[39.633265,48.43706306183575],[39.634128,48.437244],[39.634272,48.437105],[39.634348,48.436994],[39.633415,48.4368],[39.63317544444463,48.43674866666671],[39.632862,48.436681],[39.632709,48.436946],[39.633265,48.437064],[39.633265,48.43706306183575]]]}},{"type":"Feature","properties":{"cadnum":"4421480800:02:003:0047"},"geometry":{"type":"Polygon","coordinates":[[[39.63204,48.438091],[39.632251,48.437728],[39.631029,48.437468],[39.630818,48.437834],[39.63204,48.438091]]]}},{"type":"Feature","properties":{"cadnum":"4421480800:02:003:0052"},"geometry":{"type":"Polygon","coordinates":[[[39.633265,48.437833],[39.633265,48.43783205063291],[39.633459,48.437724],[39.633774,48.437504],[39.63320226492443,48.43738478358189],[39.632534,48.437244],[39.632476,48.43734],[39.632291,48.437659],[39.633093,48.437828703544575],[39.633093,48.437829],[39.633222,48.437856],[39.633265,48.437833]]]}},{"type":"Feature","properties":{"cadnum":"4421480800:02:003:0086"},"geometry":{"type":"Polygon","coordinates":[[[39.631775,48.436193],[39.63164,48.436425],[39.63167809836066,48.436433],[39.631678,48.436433],[39.63171746666815,48.436441266666975],[39.632221,48.436547],[39.6322222580645,48.436547],[39.632862,48.436681],[39.633093,48.43673086848635],[39.633093,48.436731],[39.63317544444463,48.43674866666671],[39.633265,48.436768],[39.633265,48.436767857142854],[39.633415,48.4368],[39.633549,48.436568],[39.633265,48.43650821052632],[39.633265,48.436508],[39.631775,48.436193]]]}},{"type":"Feature","properties":{"cadnum":"4421480800:02:003:0042"},"geometry":{"type":"Polygon","coordinates":[[[39.630948,48.437534],[39.631142,48.437203],[39.629704,48.436899],[39.629511,48.43723],[39.630948,48.437534]]]}},{"type":"Feature","properties":{"cadnum":"4421480800:02:003:0046"},"geometry":{"type":"Polygon","coordinates":[[[39.631883,48.438362],[39.63204,48.438091],[39.630818,48.437834],[39.630656,48.438106],[39.631883,48.438362]]]}},{"type":"Feature","properties":{"cadnum":"4421480800:02:003:0040"},"geometry":{"type":"Polygon","coordinates":[[[39.630472,48.438353],[39.630792,48.437802],[39.629534,48.437536],[39.629606,48.437653],[39.630446,48.438338],[39.630472,48.438353]]]}},{"type":"Feature","properties":{"cadnum":"4421480800:02:003:0053"},"geometry":{"type":"Polygon","coordinates":[[[39.633265,48.437397864904554],[39.633774,48.437504],[39.634097,48.43728],[39.634128,48.437244],[39.633093,48.437027],[39.633093,48.43702749640288],[39.632709,48.436946],[39.632669,48.437012],[39.632534,48.437244],[39.633093,48.437361764705884],[39.633093,48.437362],[39.63320226492443,48.43738478358189],[39.633265,48.437398],[39.633265,48.437397864904554]]]}},{"type":"Feature","properties":{"cadnum":"4421480800:02:003:0043"},"geometry":{"type":"Polygon","coordinates":[[[39.631142,48.437203],[39.631348,48.436849],[39.62991,48.436544],[39.629704,48.436899],[39.631142,48.437203]]]}},{"type":"Feature","properties":{"cadnum":"4421480800:02:003:0050"},"geometry":{"type":"Polygon","coordinates":[[[39.63164,48.436425],[39.63163527868852,48.436433],[39.631635,48.436433],[39.63161502500038,48.43646731874936],[39.631568,48.436547],[39.63156864705883,48.436547],[39.631447,48.436756],[39.632669,48.437012],[39.632709,48.436946],[39.632862,48.436681],[39.63171746666815,48.436441266666975],[39.63164,48.436425]]]}},{"type":"Feature","properties":{"cadnum":"4421480800:02:003:0071"},"geometry":{"type":"Polygon","coordinates":[[[39.631703,48.436237],[39.629996,48.435877],[39.629847,48.436136],[39.630117,48.436193],[39.63125226315788,48.436433],[39.631252,48.436433],[39.631555,48.436497],[39.631703,48.436237]]]}},{"type":"Feature","properties":{"cadnum":"4421480800:02:003:0039"},"geometry":{"type":"Polygon","coordinates":[[[39.630117,48.436193],[39.629847,48.436136],[39.628847,48.435925],[39.628901,48.43625],[39.628909,48.436273],[39.629943,48.436491],[39.630117,48.436193]]]}},{"type":"Feature","properties":{"cadnum":"4421480800:06:001:0050"},"geometry":{"type":"Polygon","coordinates":[[[39.720349,48.439858],[39.718413,48.439945],[39.718508,48.439769],[39.71954,48.439256],[39.719487,48.43908],[39.719473,48.439084],[39.71946,48.439084],[39.718602,48.438961],[39.717093,48.438726],[39.716998,48.440191],[39.716998682790695,48.440191],[39.716868,48.442227],[39.717887,48.44214],[39.718548,48.441708],[39.719554,48.441705],[39.720875,48.441491],[39.720984,48.440986246153834],[39.720984,48.440988],[39.721005,48.440889],[39.721155,48.440872],[39.721155,48.44087164659271],[39.722267,48.440743],[39.722793,48.440356],[39.722656,48.440077],[39.72265519025522,48.440077],[39.7225,48.43976],[39.721155,48.43982121701847],[39.721155,48.439821],[39.720349,48.439858]]]}},{"type":"Feature","properties":{"cadnum":"4421480800:06:001:0049"},"geometry":{"type":"Polygon","coordinates":[[[39.721055,48.442761],[39.720984,48.442709],[39.720984,48.442709376218325],[39.720542,48.442388],[39.719347,48.442284],[39.718688,48.442164],[39.718608,48.443835],[39.71860862264151,48.443835],[39.718489,48.446371],[39.720682,48.446991],[39.721155,48.447145],[39.721155,48.44714439112903],[39.721728,48.44733],[39.722047,48.446308],[39.722181,48.445972],[39.722613,48.445692],[39.722676,48.444208],[39.7222578110883,48.443835],[39.722258,48.443835],[39.721155,48.44285027680798],[39.721155,48.44285],[39.721055,48.442761]]]}},{"type":"Feature","properties":{"cadnum":"4421480800:13:003:0105"},"geometry":{"type":"Polygon","coordinates":[[[39.792034,48.434572],[39.791347,48.434887],[39.791294,48.434911],[39.792395,48.43613750707547],[39.792395,48.436138],[39.792762,48.436547],[39.7927625201401,48.436547],[39.793687,48.437575],[39.794181,48.437313],[39.794357,48.437161],[39.793704,48.436433],[39.793702813096,48.436433],[39.792395,48.434974],[39.792395,48.434975071428575],[39.792034,48.434572]],[[39.792566,48.43565391216217],[39.792627,48.435623],[39.792682,48.435683],[39.792489,48.435769],[39.792479,48.435698],[39.792566,48.435654],[39.792566,48.43565391216217]],[[39.79168,48.435102],[39.791837,48.435024],[39.791904,48.435087],[39.791729,48.435165],[39.79168,48.435102]]]}},{"type":"Feature","properties":{"cadnum":"4421480800:13:003:0106"},"geometry":{"type":"Polygon","coordinates":[[[39.792566,48.43516476808511],[39.793805,48.436547],[39.7938062554945,48.436547],[39.794357,48.437161],[39.794414,48.437111],[39.7945,48.436964],[39.79467,48.436941],[39.794932,48.436831],[39.7952,48.436687],[39.794971,48.436433],[39.79497061996645,48.436433],[39.792932,48.434163],[39.792566,48.434331346368715],[39.792566,48.434331],[39.792151,48.434521],[39.792034,48.434572],[39.792566,48.435166],[39.792566,48.43516476808511]]]}},{"type":"Feature","properties":{"cadnum":"4421480800:13:003:0005"},"geometry":{"type":"Polygon","coordinates":[[[39.786636,48.430021],[39.78646,48.430072],[39.786128,48.43017],[39.786901,48.43103052486772],[39.786901,48.431031],[39.78848051576698,48.432788],[39.78848,48.432788],[39.790651,48.435203],[39.791294,48.434911],[39.792034,48.434572],[39.792151,48.434521],[39.79069735660704,48.432902],[39.790698,48.432902],[39.789546,48.431618],[39.78951,48.431579],[39.787858,48.429741],[39.787548,48.429717],[39.787552,48.429726],[39.787548,48.429743],[39.787533,48.429758],[39.787512,48.429767],[39.787229,48.429851],[39.787009,48.429913],[39.786901,48.429944],[39.786901,48.42994427077748],[39.786636,48.430021]]]}},{"type":"Feature","properties":{"cadnum":"4421480800:13:003:0007"},"geometry":{"type":"Polygon","coordinates":[[[39.784502,48.430596],[39.783384,48.43093],[39.782957,48.431165],[39.784516,48.432902],[39.7845163037462,48.432902],[39.787073,48.435751],[39.787073,48.435750545454546],[39.787561,48.436294],[39.788208,48.435972],[39.788994,48.435665],[39.78902,48.43563],[39.787073,48.43346064322794],[39.787073,48.43346],[39.78647,48.432788],[39.78646966695577,48.432788],[39.784502,48.430596]]]}},{"type":"Feature","properties":{"cadnum":"4421480800:13:003:0004"},"geometry":{"type":"Polygon","coordinates":[[[39.789546,48.431618],[39.79059571962617,48.432788],[39.790595,48.432788],[39.792151,48.434521],[39.792395,48.434409289156626],[39.792395,48.43441],[39.792932,48.434163],[39.793925,48.43371],[39.794716,48.43335],[39.794212,48.432788],[39.79421167726848,48.432788],[39.792395,48.430764],[39.792395,48.430764499999995],[39.79211,48.430447],[39.789546,48.431618]]]}},{"type":"Feature","properties":{"cadnum":"4421480800:13:003:0006"},"geometry":{"type":"Polygon","coordinates":[[[39.786128,48.43017],[39.785485,48.430355],[39.785477,48.430364],[39.785454,48.430372],[39.785445,48.430375],[39.784732,48.430527],[39.784502,48.430596],[39.786572,48.432902],[39.78657229464285,48.432902],[39.786901,48.43326831840796],[39.786901,48.433269],[39.78902,48.43563],[39.788994,48.435665],[39.789007,48.435662],[39.78899,48.435764],[39.788908,48.435999],[39.789087,48.435919],[39.789838,48.435573],[39.790571,48.435239],[39.790651,48.435203],[39.788582481987575,48.432902],[39.788583,48.432902],[39.787073,48.43122232699167],[39.787073,48.431222],[39.786128,48.43017]]]}},{"type":"Feature","properties":{"cadnum":"4421480800:02:005:0007"},"geometry":{"type":"Polygon","coordinates":[[[39.615165,48.406015],[39.615111,48.406474],[39.615111,48.406477],[39.61496326490066,48.407269],[39.614962,48.407269],[39.614865,48.407801],[39.616613,48.40801494791667],[39.616613,48.408016],[39.620259,48.408463],[39.620335,48.407625],[39.620377,48.407269],[39.62037649582172,48.407269],[39.620448,48.406665],[39.616785,48.4062151243807],[39.616785,48.406214],[39.615165,48.406015]]]}},{"type":"Feature","properties":{"cadnum":"4421480800:02:005:0005"},"geometry":{"type":"Polygon","coordinates":[[[39.614492,48.410123],[39.614492,48.410127],[39.614313,48.411029],[39.61431390786517,48.411029],[39.614249,48.411361],[39.616613,48.41165183911672],[39.616613,48.411652],[39.619922,48.412058],[39.620028,48.410916],[39.62002774029451,48.410916],[39.620088,48.410282],[39.616613,48.409854],[39.616613,48.409854815473544],[39.614536,48.409599],[39.614492,48.410123]]]}},{"type":"Feature","properties":{"cadnum":"4421480800:02:004:0009"},"geometry":{"type":"Polygon","coordinates":[[[39.620878,48.407398],[39.620865,48.407652],[39.620901,48.408132],[39.620847,48.408567],[39.622107,48.40869995597484],[39.622107,48.408701],[39.627771,48.409297],[39.627771,48.409296999999995],[39.628968,48.409423],[39.629088,48.408266],[39.627771,48.40812704233871],[39.627771,48.408127],[39.622107,48.407528],[39.622107,48.40752880071429],[39.620878,48.407398]]]}},{"type":"Feature","properties":{"cadnum":"4421480800:02:004:0010"},"geometry":{"type":"Polygon","coordinates":[[[39.622278,48.408718],[39.620847,48.408567],[39.620712,48.409748],[39.622107,48.40989498275862],[39.622107,48.409895],[39.6276,48.4104759157839],[39.6276,48.410476],[39.628842,48.410607],[39.628968,48.409423],[39.6276,48.409279],[39.6276,48.40927900635594],[39.622278,48.40871899364407],[39.622278,48.408718]]]}},{"type":"Feature","properties":{"cadnum":"4421480800:02:005:0006"},"geometry":{"type":"Polygon","coordinates":[[[39.616785,48.40987518446043],[39.620088,48.410282],[39.620259,48.408463],[39.616785,48.40803708721887],[39.616785,48.408036],[39.614865,48.407801],[39.61454,48.409563],[39.614536,48.409599],[39.616785,48.409876],[39.616785,48.40987518446043]]]}},{"type":"Feature","properties":{"cadnum":"4421480800:06:001:0149"},"geometry":{"type":"Polygon","coordinates":[[[39.689046,48.435475],[39.688297,48.435517],[39.688196,48.43558829411765],[39.688196,48.435588],[39.687951,48.43576],[39.687555,48.436547],[39.68755585421995,48.436547],[39.687025,48.437606],[39.686788,48.438076],[39.686209,48.438746],[39.685741,48.439289],[39.685396,48.439694],[39.685063,48.440191],[39.685064000000004,48.440191],[39.685054,48.440206],[39.683836,48.441625],[39.688196,48.443509],[39.688196,48.44350783508246],[39.688692,48.443722],[39.688989,48.443439],[39.689065,48.44332],[39.688993,48.442936],[39.688957,48.440356],[39.688957,48.440191],[39.688957,48.440126],[39.689016,48.440076],[39.689012,48.439959],[39.689006,48.43959],[39.689029,48.439373],[39.689025,48.439116],[39.689029,48.438854],[39.689052,48.43843],[39.68905388582874,48.436547],[39.689054,48.436547],[39.689056,48.436309],[39.689046,48.435475]]]}},{"type":"Feature","properties":{"cadnum":"4421480800:06:001:0037"},"geometry":{"type":"Polygon","coordinates":[[[39.717764,48.451123],[39.71776447312542,48.451123],[39.720984,48.45244574454744],[39.720984,48.452446],[39.721476,48.452648],[39.721476,48.452601],[39.721531,48.451263],[39.721155,48.45110902559415],[39.721155,48.451109],[39.721155,48.451108],[39.715662,48.44885068243601],[39.715662,48.44885],[39.714411,48.448335],[39.714397,48.448785],[39.714361,48.449723],[39.715662,48.450259],[39.715662,48.45025872119613],[39.717764,48.451123]]]}},{"type":"Feature","properties":{"cadnum":"4421480800:06:001:0038"},"geometry":{"type":"Polygon","coordinates":[[[39.714344,48.450301],[39.71431643795621,48.451009],[39.714316,48.451009],[39.714307,48.451239],[39.715662,48.451797],[39.715662,48.451796743159754],[39.720984,48.45398566813769],[39.720984,48.453986],[39.721413,48.454162],[39.721476,48.452648],[39.721155,48.452516207317075],[39.721155,48.452516],[39.717487,48.451009],[39.71748674224599,48.451009],[39.71549,48.450188],[39.71549,48.45018813758647],[39.714361,48.449723],[39.714344,48.450301]]]}},{"type":"Feature","properties":{"cadnum":"4421480800:02:002:0005"},"geometry":{"type":"Polygon","coordinates":[[[39.611292,48.41957835714285],[39.611729,48.420546],[39.616613,48.42049866693038],[39.616613,48.420499],[39.617559,48.420489],[39.617446,48.419523],[39.617146,48.41876],[39.616613,48.418816],[39.616613,48.418816793103446],[39.616176,48.418862],[39.61265,48.418849],[39.612582,48.418831],[39.611127,48.419213],[39.611292,48.419579],[39.611292,48.41957835714285]]]}},{"type":"Feature","properties":{"cadnum":"4421480800:02:002:0018"},"geometry":{"type":"Polygon","coordinates":[[[39.60788,48.420104],[39.607857,48.420108],[39.608026,48.421967],[39.60802748275862,48.421967],[39.608041,48.422114],[39.61112,48.42212441802523],[39.61112,48.422125],[39.612443,48.422128],[39.612318,48.421853],[39.61231765587614,48.421853],[39.611729,48.420546],[39.611127,48.419213],[39.610408,48.419401],[39.60788,48.420104]],[[39.610813,48.421189],[39.61112,48.42123062711864],[39.61112,48.421231],[39.611167,48.421237],[39.611199,48.421395],[39.610907,48.421535],[39.610574,48.421284],[39.610813,48.421189]]]}},{"type":"Feature","properties":{"cadnum":"4421480800:14:001:0153"},"geometry":{"type":"Polygon","coordinates":[[[39.778403,48.402109],[39.778317,48.402132],[39.777032,48.402502],[39.776975,48.40252],[39.777767,48.403736],[39.77776735889799,48.403736],[39.778569,48.404965],[39.779997,48.404554],[39.77939,48.403622],[39.779389658266744,48.403622],[39.778403,48.402109]]]}},{"type":"Feature","properties":{"cadnum":"4421480800:14:001:0166"},"geometry":{"type":"Polygon","coordinates":[[[39.778263,48.399422],[39.776822,48.399837],[39.776985,48.400089],[39.776985638682746,48.400089],[39.778317,48.402132],[39.778403,48.402109],[39.779759,48.401718],[39.778696690011486,48.400089],[39.778698,48.400089],[39.778263,48.399422]]]}},{"type":"Feature","properties":{"cadnum":"4421480800:14:001:0168"},"geometry":{"type":"Polygon","coordinates":[[[39.78116,48.398586],[39.779894,48.398953],[39.780559490316904,48.399976],[39.780559,48.399976],[39.78139,48.40125],[39.78158,48.401195],[39.78158,48.401194671698114],[39.782468,48.40094],[39.782656,48.400883],[39.782137755237045,48.400089],[39.782138,48.400089],[39.78158,48.3992321260274],[39.78158,48.399231],[39.78116,48.398586]]]}},{"type":"Feature","properties":{"cadnum":"4421480800:14:001:0167"},"geometry":{"type":"Polygon","coordinates":[[[39.779894,48.398953],[39.778874,48.399245],[39.778263,48.399422],[39.77862430434783,48.399976],[39.778623,48.399976],[39.779759,48.401718],[39.779934,48.401667],[39.781331,48.401265],[39.78139,48.40125],[39.78063270722134,48.400089],[39.780633,48.400089],[39.779894,48.398953]]]}},{"type":"Feature","properties":{"cadnum":"4421480800:10:004:0010"},"geometry":{"type":"Polygon","coordinates":[[[39.644059,48.403793],[39.643893,48.406107],[39.64380739811912,48.407269],[39.643807,48.407269],[39.643732,48.408296],[39.644079,48.408306697495185],[39.644079,48.408307],[39.644998,48.408335],[39.646,48.408415],[39.64607294240838,48.407383],[39.646073,48.407383],[39.646319,48.403981],[39.644251,48.40380928214286],[39.644251,48.403809],[39.644059,48.403793]]]}},{"type":"Feature","properties":{"cadnum":"4421480800:02:005:0015"},"geometry":{"type":"Polygon","coordinates":[[[39.621494,48.384022],[39.620725,48.383823],[39.619648372525496,48.385385],[39.619648,48.385385],[39.619576,48.38549],[39.619571,48.385499],[39.619571465505224,48.385499],[39.618853,48.386925],[39.618543,48.387659],[39.619163,48.387763],[39.620303,48.38782],[39.621233,48.387826],[39.6214,48.385385],[39.62139987271496,48.385385],[39.621494,48.384022]],[[39.620297,48.385803],[39.620295,48.385806],[39.620151,48.385804],[39.620083,48.385723],[39.620155,48.38564],[39.620299,48.38564],[39.620366,48.385723],[39.621233,48.387826],[39.620297,48.385803]],[[39.621238,48.384915],[39.621247,48.384906],[39.621264,48.384906],[39.62127,48.384915],[39.621264,48.384924],[39.621247,48.384926],[39.621238,48.384915]],[[39.621207,48.38456],[39.621224,48.38456],[39.621233,48.384568],[39.621224,48.384577],[39.621211,48.384577],[39.621201,48.384568],[39.621207,48.38456]],[[39.620075,48.385061],[39.620106,48.38501],[39.620182,48.385034],[39.620151,48.385081],[39.620075,48.385061]],[[39.619953,48.385392],[39.619998,48.385329],[39.620092,48.385359],[39.62007384126984,48.385385],[39.620073,48.385385],[39.620048,48.385422],[39.619953,48.385392]],[[39.619908,48.385917],[39.619913,48.385824],[39.620165,48.385839],[39.620155,48.385935],[39.619908,48.385917]],[[39.619536,48.385875],[39.61954,48.385813],[39.619589,48.385786],[39.619697,48.385777],[39.619769,48.385798],[39.6198,48.38586],[39.619756,48.385908],[39.619689,48.38591],[39.619634,48.385911],[39.619536,48.385875]],[[39.61923,48.387614],[39.619257,48.387614],[39.61927,48.38763],[39.619257,48.387644],[39.61923,48.387644],[39.619216,48.38763],[39.61923,48.387614]]]}},{"type":"Feature","properties":{"cadnum":"4421480800:10:004:0016"},"geometry":{"type":"Polygon","coordinates":[[[39.655237,48.40992411937838],[39.659313,48.410213],[39.659317,48.409831],[39.65933,48.409593],[39.658657,48.409566],[39.655066,48.409313],[39.655066,48.40931377065351],[39.654426,48.409268],[39.654349,48.409861],[39.655237,48.409925],[39.655237,48.40992411937838]]]}},{"type":"Feature","properties":{"cadnum":"4421480800:14:001:0190"},"geometry":{"type":"Polygon","coordinates":[[[39.770594,48.404356],[39.770093,48.4045],[39.770422,48.40495639720559],[39.770422,48.404957],[39.770897,48.405615],[39.772168,48.406477],[39.773283,48.406379],[39.771746,48.404023],[39.770594,48.40435624471299],[39.770594,48.404356]]]}},{"type":"Feature","properties":{"cadnum":"4421480800:14:001:0179"},"geometry":{"type":"Polygon","coordinates":[[[39.780923,48.395694],[39.779489,48.396106],[39.779135,48.396207],[39.7792137787234,48.396328],[39.779213,48.396328],[39.780747,48.398679],[39.78158,48.398439],[39.78158,48.39843822261799],[39.782531,48.398163],[39.78158,48.39670474354408],[39.78158,48.396704],[39.7814092819149,48.396442],[39.78141,48.396442],[39.780923,48.395694]]]}},{"type":"Feature","properties":{"cadnum":"4421480800:14:001:0178"},"geometry":{"type":"Polygon","coordinates":[[[39.779135,48.396207],[39.7787143319149,48.396328],[39.778714,48.396328],[39.77863769565112,48.39635004347856],[39.778318,48.396442],[39.77831938461537,48.396442],[39.777769,48.396601],[39.777252,48.396749],[39.77886,48.399222],[39.780747,48.398679],[39.77928738366653,48.396442],[39.779288,48.396442],[39.779135,48.396207]]]}},{"type":"Feature","properties":{"cadnum":"4421480800:14:001:0187"},"geometry":{"type":"Polygon","coordinates":[[[39.780923,48.395694],[39.781214,48.395611],[39.779328,48.392721],[39.777608,48.393215],[39.779489,48.396106],[39.780923,48.395694]]]}},{"type":"Feature","properties":{"cadnum":"4421480800:14:001:0191"},"geometry":{"type":"Polygon","coordinates":[[[39.775541,48.390424],[39.775915,48.390998699633705],[39.775915,48.391],[39.77701069359332,48.392681],[39.777009,48.392681],[39.777382,48.393252],[39.77896056175299,48.392795],[39.778962,48.392795],[39.779116,48.39275],[39.779071,48.392681],[39.77907097619048,48.392681],[39.777225,48.389852],[39.776287,48.390173],[39.77601419999889,48.390265400000374],[39.775541,48.390424]]]}},{"type":"Feature","properties":{"cadnum":"4421480800:14:001:0180"},"geometry":{"type":"Polygon","coordinates":[[[39.781408,48.395555],[39.781408,48.39555534426229],[39.781214,48.395611],[39.780923,48.395694],[39.78133577807486,48.396328],[39.781335,48.396328],[39.781408,48.39644003265306],[39.781408,48.396441],[39.782531,48.398163],[39.783613,48.397853],[39.78269330557377,48.396442],[39.782694,48.396442],[39.782005,48.395384],[39.781408,48.395555]]]}},{"type":"Feature","properties":{"cadnum":"4421480800:14:001:0192"},"geometry":{"type":"Polygon","coordinates":[[[39.780805,48.392264],[39.77887,48.389291],[39.777225,48.389852],[39.779116,48.39275],[39.779356,48.392681],[39.77935579629629,48.392681],[39.780805,48.392264]]]}},{"type":"Feature","properties":{"cadnum":"4421480800:14:001:0186"},"geometry":{"type":"Polygon","coordinates":[[[39.775887,48.39371],[39.775915,48.39375312],[39.775915,48.393754],[39.77759078125,48.396328],[39.77759,48.396328],[39.777769,48.396601],[39.77863769565112,48.39635004347856],[39.779135,48.396207],[39.779489,48.396106],[39.777608,48.393215],[39.775915,48.393702],[39.775915,48.39370202],[39.775887,48.39371]]]}},{"type":"Feature","properties":{"cadnum":"4421480800:14:001:0188"},"geometry":{"type":"Polygon","coordinates":[[[39.780824,48.392291],[39.779467162790695,48.392681],[39.779466,48.392681],[39.779328,48.392721],[39.779375,48.392795],[39.77937629204152,48.392795],[39.781214,48.395611],[39.78158,48.395506],[39.78158,48.395505733668344],[39.782005,48.395384],[39.782705,48.395181],[39.78158,48.393453166538166],[39.78158,48.393453],[39.781422994220456,48.39321202890297],[39.781408,48.393189],[39.781408,48.393189015904575],[39.78108547752822,48.39269401123616],[39.780824,48.392291]]]}},{"type":"Feature","properties":{"cadnum":"4421480800:14:001:0182"},"geometry":{"type":"Polygon","coordinates":[[[39.77050439757234,48.396314065250294],[39.770461439490454,48.396328],[39.770461,48.396328],[39.77046,48.396328],[39.77026934156273,48.396390312757546],[39.77011,48.396442],[39.770111194029845,48.396442],[39.769845,48.396529],[39.770233,48.39726],[39.770422,48.39732439612189],[39.770422,48.397325],[39.771198,48.397591],[39.771723,48.397981],[39.771929,48.398283],[39.772833,48.398023],[39.771804184070795,48.396442],[39.771805,48.396442],[39.771508,48.395986],[39.77050439757234,48.396314065250294]]]}},{"type":"Feature","properties":{"cadnum":"4421480800:07:001:0015"},"geometry":{"type":"Polygon","coordinates":[[[39.748461,48.457075],[39.746899,48.456834],[39.74684,48.456825],[39.746301,48.458409],[39.74630128187383,48.458409],[39.74510271812616,48.461938],[39.745102,48.461938],[39.744207,48.464574],[39.745758,48.465236],[39.746811288053365,48.462052],[39.746812,48.462052],[39.74801825286132,48.458409],[39.748019,48.458409],[39.748461,48.457075]]]}},{"type":"Feature","properties":{"cadnum":"4421480800:25:005:0005"},"geometry":{"type":"Polygon","coordinates":[[[39.755432,48.336855],[39.75447657142857,48.337938],[39.754476,48.337938],[39.753942,48.338544],[39.753942,48.338544836486484],[39.751154,48.341703],[39.75115451481888,48.341703],[39.750452,48.3425],[39.751718,48.342431],[39.752436,48.342407],[39.753157,48.341589],[39.75315647272728,48.341589],[39.753942,48.34069771226927],[39.753942,48.340699],[39.753977,48.340658],[39.753892,48.340646],[39.753964,48.340518],[39.754063,48.34053],[39.754063,48.340566],[39.754114,48.340509],[39.754114,48.34050817946506],[39.756381,48.337938],[39.756380498664285,48.337938],[39.75727,48.336929],[39.755432,48.336855]]]}},{"type":"Feature","properties":{"cadnum":"4421480800:25:005:0006"},"geometry":{"type":"Polygon","coordinates":[[[39.75727,48.336929],[39.75628,48.338052],[39.756280447488585,48.338052],[39.754063,48.340566],[39.754063,48.34067],[39.753977,48.340658],[39.753056,48.341703],[39.75305651833741,48.341703],[39.752436,48.342407],[39.752773,48.342396],[39.754114,48.34196],[39.754114,48.341958946428576],[39.754166,48.341942],[39.754993,48.341838],[39.75513588389514,48.3416747977528],[39.758433,48.337938],[39.75843269090909,48.337938],[39.759255,48.337007],[39.75727,48.336929]]]}},{"type":"Feature","properties":{"cadnum":"4421480800:13:002:0132"},"geometry":{"type":"Polygon","coordinates":[[[39.750896,48.426921],[39.750182,48.427046],[39.751893,48.428519],[39.751924,48.428492],[39.752275,48.42865],[39.752329,48.428813],[39.752275,48.42885],[39.75261655882353,48.429144],[39.752616,48.429144],[39.75273718110311,48.4292478267723],[39.752749,48.429258],[39.75274905475504,48.429258],[39.753021,48.429491],[39.753739,48.429371],[39.75355030933271,48.42920997450573],[39.750896,48.426921]]]}},{"type":"Feature","properties":{"cadnum":"4421480800:13:002:0133"},"geometry":{"type":"Polygon","coordinates":[[[39.751777,48.426767],[39.750896,48.426921],[39.75347380487805,48.429144],[39.753473,48.429144],[39.75355030933271,48.42920997450573],[39.753606,48.429258],[39.75360658590308,48.429258],[39.753739,48.429371],[39.753942,48.429335865384616],[39.753942,48.429337],[39.754103,48.429308],[39.754669,48.429258],[39.75458406085245,48.42918573833716],[39.754114,48.428781071625345],[39.754114,48.428781],[39.751777,48.426767]]]}},{"type":"Feature","properties":{"cadnum":"4421480800:13:002:0131"},"geometry":{"type":"Polygon","coordinates":[[[39.752275,48.42885],[39.752144,48.428936],[39.751924,48.428942],[39.75162,48.42879],[39.751893,48.428519],[39.750182,48.427046],[39.750043,48.427067],[39.750025,48.427189],[39.750362,48.427932],[39.75143902088167,48.429144],[39.751437,48.429144],[39.751511,48.429225],[39.751565,48.429258],[39.75156660049627,48.429258],[39.75219,48.429628],[39.753021,48.429491],[39.75273718110311,48.4292478267723],[39.752275,48.42885]]]}},{"type":"Feature","properties":{"cadnum":"4421480800:02:002:0020"},"geometry":{"type":"Polygon","coordinates":[[[39.609888,48.432643],[39.60713482389937,48.432788],[39.607122,48.432788],[39.606869,48.432802],[39.606882,48.432902],[39.60688256475301,48.432902],[39.607377,48.436547],[39.607377609958505,48.436547],[39.607494,48.437397],[39.610503,48.437167],[39.61041853133515,48.436547],[39.610419,48.436547],[39.60992252753392,48.432902],[39.609923,48.432902],[39.609888,48.432643]]]}},{"type":"Feature","properties":{"cadnum":"4421480800:13:002:0163"},"geometry":{"type":"Polygon","coordinates":[[[39.773853,48.425338],[39.773047,48.425612],[39.7730495078534,48.425612],[39.772258,48.425881],[39.772029,48.425959],[39.775857,48.429258],[39.77585769453376,48.429258],[39.77600980882201,48.429388683822225],[39.776529,48.429836],[39.77744862138729,48.429258],[39.777449,48.429258],[39.7779,48.428975],[39.778254,48.428835],[39.776087,48.42697095382642],[39.776087,48.42697],[39.774508359619304,48.425612],[39.77451,48.425612],[39.774095,48.425256],[39.773853,48.425338]]]}},{"type":"Feature","properties":{"cadnum":"4421480800:13:002:0169"},"geometry":{"type":"Polygon","coordinates":[[[39.776772,48.432473],[39.77595011229061,48.43274728224607],[39.7758270229885,48.432788],[39.775825,48.432788],[39.775824,48.432789],[39.775717,48.432902],[39.775717550724636,48.432902],[39.775304,48.433341],[39.775915,48.43417361430396],[39.775915,48.434174],[39.777657,48.436547],[39.77765772183709,48.436547],[39.779269,48.438741],[39.780172,48.438585],[39.781263,48.438163],[39.781294,48.438121],[39.780054,48.436433],[39.78005320590583,48.436433],[39.777457794094175,48.432902],[39.777459,48.432902],[39.777019,48.432303],[39.776772,48.432473]]]}},{"type":"Feature","properties":{"cadnum":"4421480800:13:002:0167"},"geometry":{"type":"Polygon","coordinates":[[[39.780936,48.430838],[39.778596,48.431163],[39.779874,48.432902],[39.77987479046836,48.432902],[39.781408,48.434987987702634],[39.781408,48.434989],[39.78247014634147,48.436433],[39.782469,48.436433],[39.782894,48.43701],[39.78358488908146,48.436547],[39.783585,48.436547],[39.78399,48.436276],[39.784483,48.435815],[39.78452,48.435513],[39.784399,48.43529],[39.78399,48.434783],[39.783594,48.434295],[39.782921,48.433636],[39.782158,48.432788],[39.78215742379959,48.432788],[39.781829,48.432423],[39.781717,48.432155],[39.78158,48.431924449838185],[39.78158,48.431924],[39.780936,48.430838]]]}},{"type":"Feature","properties":{"cadnum":"4421480800:13:002:0168"},"geometry":{"type":"Polygon","coordinates":[[[39.77834,48.431198],[39.778021,48.43163],[39.777019,48.432303],[39.77737526043406,48.432788],[39.777374,48.432788],[39.780137,48.436547],[39.78013774407583,48.436547],[39.781294,48.438121],[39.781408,48.437961559440566],[39.781408,48.437962],[39.781490295202296,48.43784646125553],[39.78158,48.437721],[39.78158,48.43772051977401],[39.781762,48.437465],[39.782875,48.437021],[39.782894,48.43701],[39.782552968804154,48.436547],[39.782554,48.436547],[39.78158,48.43522283595114],[39.78158,48.435222],[39.779791,48.432788],[39.779790220816565,48.432788],[39.778596,48.431163],[39.77834,48.431198]]]}},{"type":"Feature","properties":{"cadnum":"4421480800:02:001:0005"},"geometry":{"type":"Polygon","coordinates":[[[39.622123349999995,48.454652],[39.622123,48.454652],[39.62210936842118,48.45470284210481],[39.622092,48.454766],[39.622092434782616,48.454766],[39.622086,48.45479],[39.62222207766922,48.45495938834866],[39.622985,48.45591],[39.622985,48.455913],[39.622989,48.455916],[39.623098,48.456151],[39.623775,48.457605],[39.6276,48.455413952702706],[39.6276,48.455415],[39.62873,48.454767],[39.62870994117652,48.45472505882362],[39.628675,48.45465],[39.627863,48.454712],[39.6276,48.45471],[39.6276,48.45471078291815],[39.62749,48.45471],[39.627287,48.454698],[39.622136,48.454599],[39.622136,48.454606],[39.622123349999995,48.454652]]]}},{"type":"Feature","properties":{"cadnum":"4421480800:02:001:0006"},"geometry":{"type":"Polygon","coordinates":[[[39.628721,48.454612],[39.629682,48.454498],[39.630342,48.454409],[39.632476,48.45429],[39.632983,48.45429],[39.633265,48.454302],[39.633265,48.454300647343],[39.634128,48.454334],[39.634168,48.454135],[39.633589,48.454036],[39.633105,48.453855],[39.632794,48.4537],[39.631968,48.453506],[39.630413,48.453426],[39.630346,48.452928],[39.630333,48.452839],[39.630365,48.452842],[39.630503,48.452091],[39.627863,48.451963],[39.627771,48.45239676425854],[39.627771,48.452394],[39.627369,48.45429],[39.62731,48.454606],[39.627301,48.454617],[39.627503,48.454674],[39.6276,48.454674],[39.627771,48.454674],[39.627859,48.454674],[39.628721,48.454612]]]}},{"type":"Feature","properties":{"cadnum":"4421480800:02:001:0009"},"geometry":{"type":"Polygon","coordinates":[[[39.630396,48.447306],[39.63036,48.447295],[39.630346,48.44728],[39.630302,48.447211],[39.630297,48.447193],[39.630302,48.447178],[39.630482,48.446857],[39.630589,48.446032],[39.628923,48.445963],[39.628682,48.447479],[39.62868293467742,48.447479],[39.628308,48.449845],[39.62806208450704,48.451009],[39.628062,48.451009],[39.628055403315116,48.451040624308455],[39.628038,48.451123],[39.62803822012579,48.451123],[39.627863,48.451963],[39.630503,48.452091],[39.63068640110905,48.451123],[39.630687,48.451123],[39.63138,48.44748],[39.631357,48.447435],[39.630836,48.447365],[39.63083552713178,48.447365],[39.630396,48.447306]]]}},{"type":"Feature","properties":{"cadnum":"4421480800:02:001:0042"},"geometry":{"type":"Polygon","coordinates":[[[39.627863,48.454712],[39.6276,48.45471],[39.6276,48.45471078291815],[39.62749,48.45471],[39.627287,48.454698],[39.626857,48.454689],[39.623354,48.456699],[39.623775,48.457605],[39.6276,48.455413952702706],[39.6276,48.455415],[39.62873,48.454767],[39.62870994117652,48.45472505882362],[39.628675,48.45465],[39.627863,48.454712]]]}},{"type":"Feature","properties":{"cadnum":"4421480800:10:003:0018"},"geometry":{"type":"Polygon","coordinates":[[[39.649744,48.416253],[39.64657,48.41625],[39.646472,48.417994],[39.649572,48.41799684229829],[39.649572,48.417997],[39.65307,48.418],[39.653105,48.417025],[39.653128,48.416256],[39.649744,48.41625314510686],[39.649744,48.416253]],[[39.646763,48.416995],[39.646768,48.41698],[39.646786,48.416971],[39.646804,48.41698],[39.646804,48.416995],[39.646786,48.417001],[39.646763,48.416995]],[[39.646749,48.417636],[39.646749,48.417621],[39.646768,48.417612],[39.646786,48.417621],[39.646786,48.417636],[39.646768,48.417642],[39.646749,48.417636]]]}},{"type":"Feature","properties":{"cadnum":"4421480800:10:003:0017"},"geometry":{"type":"Polygon","coordinates":[[[39.649744,48.414646],[39.646638,48.414644],[39.646619,48.41532],[39.64657,48.41625],[39.649572,48.416252837429106],[39.649572,48.416253],[39.653128,48.416256],[39.65315,48.41566],[39.653181,48.414649],[39.649744,48.41464614297589],[39.649744,48.414646]]]}},{"type":"Feature","properties":{"cadnum":"4421480800:10:003:0016"},"geometry":{"type":"Polygon","coordinates":[[[39.646665,48.413263],[39.6466396031861,48.414562],[39.646639,48.414562],[39.646638,48.414644],[39.649572,48.414645889246614],[39.649572,48.414646],[39.653181,48.414649],[39.653187,48.41447],[39.653227,48.413281],[39.653227,48.413269],[39.649744,48.41326614117647],[39.649744,48.413266],[39.646665,48.413263]]]}},{"type":"Feature","properties":{"cadnum":"4421480800:10:003:0002"},"geometry":{"type":"Polygon","coordinates":[[[39.638758,48.417156524920465],[39.644251,48.417174],[39.644251,48.417173505245486],[39.646462,48.41718],[39.646539,48.415773],[39.644079,48.415766],[39.644079,48.41576645155005],[39.638606,48.415749],[39.638593,48.417156],[39.638758,48.417157],[39.638758,48.417156524920465]]]}},{"type":"Feature","properties":{"cadnum":"4421480800:19:002:0029"},"geometry":{"type":"Polygon","coordinates":[[[39.693689,48.350528],[39.69360600000035,48.35051300000006],[39.693518,48.350497],[39.693518,48.35049709638554],[39.693274,48.350453],[39.693134,48.351447],[39.693518,48.351524491891894],[39.693518,48.351525],[39.694608,48.351742],[39.696637,48.352118],[39.697918,48.352319],[39.698929,48.352408],[39.699011,48.35240767716535],[39.699011,48.352408],[39.6991210614748,48.35240724385246],[39.699183,48.352407],[39.699183,48.35240681832061],[39.700321,48.352399],[39.701323,48.352226],[39.701987,48.352061],[39.702023,48.352043],[39.699183,48.35152723638778],[39.699183,48.351527],[39.693689,48.35052809090909],[39.693689,48.350528]]]}},{"type":"Feature","properties":{"cadnum":"4421480800:25:007:0009"},"geometry":{"type":"Polygon","coordinates":[[[39.747878,48.326534],[39.745722,48.325629],[39.74428,48.326236],[39.74358,48.326481],[39.743986,48.327096],[39.74398641873805,48.327096],[39.744603,48.328028],[39.744603,48.329004],[39.744594,48.329073],[39.745429,48.329422],[39.747400380327875,48.327096],[39.747401,48.327096],[39.747878,48.326534]]]}},{"type":"Feature","properties":{"cadnum":"4421480800:13:003:0012"},"geometry":{"type":"Polygon","coordinates":[[[39.776087,48.42457635243553],[39.776087,48.424576],[39.775321,48.424838],[39.774095,48.425256],[39.774378272471914,48.425499],[39.774377,48.425499],[39.775915,48.42682203976608],[39.775915,48.426823],[39.778254,48.428835],[39.778776,48.428629],[39.778807,48.428594],[39.778906,48.428563],[39.779535,48.428263],[39.78028,48.428119],[39.780397,48.428072],[39.778317,48.426281],[39.77753764066496,48.425612],[39.777539,48.425612],[39.776264,48.424516],[39.776087,48.42457635243553]]]}},{"type":"Feature","properties":{"cadnum":"4421480800:13:003:0022"},"geometry":{"type":"Polygon","coordinates":[[[39.766666,48.421065],[39.76758067405765,48.421853],[39.76758,48.421853],[39.770422,48.42429991108162],[39.770422,48.424301],[39.77181372692601,48.425499],[39.771813,48.425499],[39.772258,48.425881],[39.773382,48.425499],[39.773379401459856,48.425499],[39.773853,48.425338],[39.770594,48.422533037306906],[39.770594,48.422533],[39.769804,48.421853],[39.76980264802182,48.421853],[39.768233,48.420501],[39.766666,48.421065]]]}},{"type":"Feature","properties":{"cadnum":"4421480800:10:002:0057"},"geometry":{"type":"Polygon","coordinates":[[[39.679731,48.421991],[39.679741,48.422128],[39.679844,48.423404],[39.682531,48.423441593564185],[39.682531,48.423443],[39.686671,48.4235],[39.686599,48.422086],[39.682531,48.42203],[39.682531,48.42203056931359],[39.679731,48.421991]]]}},{"type":"Feature","properties":{"cadnum":"4421480800:10:002:0056"},"geometry":{"type":"Polygon","coordinates":[[[39.679821,48.420685],[39.679624,48.420659],[39.679728,48.421967],[39.679728913043476,48.421967],[39.679731,48.421991],[39.682703,48.422033],[39.682703,48.42203236774828],[39.686599,48.422086],[39.686587,48.421853],[39.68658634418605,48.421853],[39.686528,48.420677],[39.682531,48.420621],[39.682531,48.420621548111185],[39.679897,48.420584],[39.679821,48.420685]]]}},{"type":"Feature","properties":{"cadnum":"4421480800:11:004:0002"},"geometry":{"type":"Polygon","coordinates":[[[39.688196,48.423185],[39.687066,48.423184],[39.687151,48.424752],[39.687708,48.424775],[39.687708,48.424772],[39.687763,48.424775],[39.687763,48.424779],[39.687861,48.42479],[39.688025,48.42481594626866],[39.688025,48.424817],[39.688863,48.424948],[39.690371,48.424892],[39.691247,48.424892],[39.691989,48.424793],[39.692151,48.424635],[39.692442,48.42454],[39.692878,48.424787],[39.693008,48.424779],[39.693044,48.42319],[39.688196,48.42318517035265],[39.688196,48.423185]],[[39.687744,48.424358],[39.687744,48.424388],[39.687704,48.424388],[39.687704,48.424358],[39.687744,48.424358]],[[39.687695,48.423941],[39.687735,48.423941],[39.687735,48.423968],[39.687695,48.42397],[39.687695,48.423941]],[[39.687687,48.423533],[39.687727,48.423533],[39.687727,48.423559],[39.687687,48.423562],[39.687687,48.423533]],[[39.687488,48.424584],[39.687534,48.424584],[39.687534,48.424611],[39.687488,48.424615],[39.687488,48.424584]],[[39.687524,48.424063],[39.687524,48.424092],[39.68748,48.424092],[39.68748,48.424066],[39.687524,48.424063]],[[39.687511,48.423548],[39.687511,48.423574],[39.687465,48.423574],[39.687465,48.423548],[39.687511,48.423548]],[[39.691122,48.42468],[39.691131,48.424647],[39.691176,48.424633],[39.69122,48.424653],[39.691212,48.424689],[39.691167,48.424701],[39.691122,48.42468]],[[39.688413,48.424761],[39.688409,48.424692],[39.688494,48.424653],[39.688553,48.424673],[39.688553,48.424665],[39.688576,48.424659],[39.688593,48.424668],[39.688593,48.424683],[39.688589,48.424686],[39.688593,48.424754],[39.688509,48.424793],[39.688413,48.424761]]]}},{"type":"Feature","properties":{"cadnum":"4421480800:10:002:0059"},"geometry":{"type":"Polygon","coordinates":[[[39.686052,48.425011],[39.683505,48.425064],[39.683253,48.425133],[39.682674,48.425103],[39.680526,48.425121],[39.679934,48.425112],[39.679923164,48.425499],[39.679923,48.425499],[39.679920050359705,48.425610201439305],[39.67992,48.425612],[39.67992000265252,48.425612],[39.679893,48.42663],[39.682531,48.426602775088966],[39.682531,48.426603],[39.686653,48.426561],[39.68667265913371,48.425612],[39.686674,48.425612],[39.686689,48.424966],[39.686052,48.425011]]]}},{"type":"Feature","properties":{"cadnum":"4421480800:10:002:0058"},"geometry":{"type":"Polygon","coordinates":[[[39.683276,48.424772],[39.683576,48.42477],[39.684052,48.424803],[39.68527,48.424772],[39.686734,48.424656],[39.686734,48.42465],[39.686671,48.4235],[39.682703,48.42344536811594],[39.682703,48.423444],[39.679844,48.423404],[39.679861,48.423628],[39.679983,48.425086],[39.680526,48.425094],[39.682345,48.424993],[39.682531,48.42494883798883],[39.682531,48.424949],[39.683276,48.424772]]]}},{"type":"Feature","properties":{"cadnum":"4421480800:11:004:0003"},"geometry":{"type":"Polygon","coordinates":[[[39.686981,48.421574],[39.686995198473284,48.421853],[39.686995,48.421853],[39.686999316445814,48.42193391816018],[39.687001,48.421967],[39.687001081142,48.421967],[39.687066,48.423184],[39.688025,48.42318484867256],[39.688025,48.423185],[39.693044,48.42319],[39.693074,48.421853],[39.693073671875005,48.421853],[39.69308,48.421583],[39.688196,48.421575270623144],[39.688196,48.421575],[39.686981,48.421574]],[[39.687687,48.421794],[39.687691,48.421821],[39.687645,48.421825],[39.687645,48.421794],[39.687687,48.421794]],[[39.687457,48.421672],[39.687417,48.421672],[39.687417,48.421642],[39.687457,48.421642],[39.687457,48.421672]],[[39.687717,48.423121],[39.687677,48.423121],[39.687673,48.423091],[39.687717,48.423091],[39.687717,48.423121]],[[39.687708,48.422674],[39.687664,48.422674],[39.687664,48.422647],[39.687708,48.422647],[39.687708,48.422674]],[[39.687695,48.422206],[39.6877,48.422233],[39.687654,48.422236],[39.687654,48.422206],[39.687695,48.422206]],[[39.687497,48.423118],[39.687457,48.423118],[39.687452,48.423091],[39.687497,48.423088],[39.687497,48.423118]],[[39.687484,48.422614],[39.687438,48.422614],[39.687438,48.422587],[39.687484,48.422585],[39.687484,48.422614]],[[39.687471,48.422123],[39.68743,48.422123],[39.687425,48.422095],[39.687471,48.422093],[39.687471,48.422123]]]}},{"type":"Feature","properties":{"cadnum":"4421480800:10:002:0034"},"geometry":{"type":"Polygon","coordinates":[[[39.676561,48.432788],[39.676561,48.432495],[39.673402,48.432539],[39.673400628099174,48.432788],[39.6734,48.432788],[39.673381,48.435541],[39.673263,48.435621],[39.673306,48.436547],[39.673306309589044,48.436547],[39.673318,48.436798],[39.674093,48.436433],[39.67409239529411,48.436433],[39.676561,48.435272],[39.676561,48.432902],[39.676561,48.432788]]]}},{"type":"Feature","properties":{"cadnum":"4421480800:10:002:0037"},"geometry":{"type":"Polygon","coordinates":[[[39.682264,48.431329],[39.682234,48.430337],[39.681335,48.430355],[39.680876,48.430196],[39.680343,48.430146],[39.67721,48.43017064689864],[39.67721,48.43017],[39.676111,48.430179],[39.673282,48.430251],[39.673353,48.431451],[39.677038,48.431400363494944],[39.677038,48.431401],[39.682264,48.431329]]]}},{"type":"Feature","properties":{"cadnum":"4421480800:11:002:0027"},"geometry":{"type":"Polygon","coordinates":[[[39.73208547758317,48.433201021043295],[39.730544,48.433507],[39.73055555,48.436433],[39.730555,48.436433],[39.730563,48.438187],[39.73197,48.4387638878327],[39.73197,48.438764],[39.733338,48.439325],[39.7333456846473,48.436547],[39.733346,48.436547],[39.733357,48.432948],[39.73208547758317,48.433201021043295]]]}},{"type":"Feature","properties":{"cadnum":"4421480800:06:001:0055"},"geometry":{"type":"Polygon","coordinates":[[[39.726648,48.43900107476166],[39.72847,48.439492],[39.728636,48.439131],[39.728529,48.438386],[39.728722,48.438618],[39.728802,48.439057],[39.729099,48.439342],[39.73072,48.440058],[39.73197,48.43942992118227],[39.73197,48.43943],[39.73202347368602,48.43940305263067],[39.732141,48.439344],[39.732141,48.439343826771655],[39.732351,48.439238],[39.73197,48.439081],[39.73197,48.43908117976728],[39.72793,48.437408],[39.727217,48.437301],[39.726648,48.43730023108108],[39.726648,48.4373],[39.723017,48.437286],[39.72299,48.437284],[39.722954,48.437331],[39.723412,48.437752],[39.723668,48.438088],[39.723938,48.438344],[39.725317,48.438699],[39.725936,48.438809],[39.726648,48.439002],[39.726648,48.43900107476166]]]}},{"type":"Feature","properties":{"cadnum":"4421480800:25:003:0002"},"geometry":{"type":"Polygon","coordinates":[[[39.75011,48.345253],[39.750595,48.344897],[39.750442,48.344746],[39.749962,48.345104],[39.75011,48.345253]]]}},{"type":"Feature","properties":{"cadnum":"4421480800:25:003:0010"},"geometry":{"type":"Polygon","coordinates":[[[39.751637,48.344754],[39.751934,48.344483],[39.751807,48.344384],[39.751282,48.344414],[39.751637,48.344754]]]}},{"type":"Feature","properties":{"cadnum":"4421480800:25:003:0015"},"geometry":{"type":"Polygon","coordinates":[[[39.749939,48.345142],[39.74971896226416,48.34524],[39.749718,48.34524],[39.749588216417656,48.3452982313434],[39.749463,48.345354],[39.749463921568626,48.345354],[39.749377,48.345393],[39.749526,48.345549],[39.750083,48.345295],[39.749939,48.345142]]]}},{"type":"Feature","properties":{"cadnum":"4421480800:25:003:0003"},"geometry":{"type":"Polygon","coordinates":[[[39.750909,48.345202],[39.750752,48.345049],[39.750336,48.345354],[39.750258,48.345411],[39.750402,48.34556],[39.75069297499999,48.345354],[39.750693,48.345354],[39.750909,48.345202]]]}},{"type":"Feature","properties":{"cadnum":"4421480800:25:003:0001"},"geometry":{"type":"Polygon","coordinates":[[[39.750047,48.345286],[39.749896,48.345354],[39.749897984375,48.345354],[39.749486,48.345542],[39.749639,48.345691],[39.750199,48.345438],[39.750115,48.345354],[39.750047,48.345286]]]}},{"type":"Feature","properties":{"cadnum":"4421480800:25:003:0011"},"geometry":{"type":"Polygon","coordinates":[[[39.751578,48.344978],[39.751417,48.345071],[39.75159495759717,48.34524],[39.751594,48.34524],[39.752086,48.345706],[39.752172,48.345602],[39.751828,48.34524],[39.75182745744681,48.34524],[39.751578,48.344978]]]}},{"type":"Feature","properties":{"cadnum":"4421480800:25:005:0001"},"geometry":{"type":"Polygon","coordinates":[[[39.754561,48.342936],[39.754773,48.342825],[39.75474,48.34267],[39.75410093775972,48.34277410788375],[39.75254,48.343026],[39.751524,48.343002],[39.74997,48.342661],[39.748621,48.34271421499014],[39.748621,48.342714],[39.744442,48.342876],[39.744513,48.343071],[39.745385,48.344593],[39.745389,48.344608],[39.745385,48.344626],[39.745376,48.344631],[39.745547,48.344706],[39.74715,48.344638],[39.747262,48.344626],[39.748449,48.344301081677706],[39.748449,48.344302],[39.748866,48.344187],[39.749629,48.34402],[39.750123,48.343876],[39.750811,48.343677],[39.751993,48.343399],[39.753937,48.343169],[39.754114,48.343103],[39.754114,48.34310281260097],[39.754561,48.342936]]]}},{"type":"Feature","properties":{"cadnum":"4421480800:25:002:0001"},"geometry":{"type":"Polygon","coordinates":[[[39.751295,48.344951],[39.751215,48.345047],[39.75138914006514,48.34524],[39.751389,48.34524],[39.751440062499384,48.34529643749932],[39.751492,48.345354],[39.75149231378299,48.345354],[39.751799,48.345686],[39.751916,48.345605],[39.751569,48.34524],[39.751568940446646,48.34524],[39.751295,48.344951]]]}},{"type":"Feature","properties":{"cadnum":"4421480800:25:003:0007"},"geometry":{"type":"Polygon","coordinates":[[[39.749962,48.345104],[39.750442,48.344746],[39.750289,48.344599],[39.750173,48.34468],[39.749809,48.344945],[39.749962,48.345104]]]}},{"type":"Feature","properties":{"cadnum":"4421480800:25:003:0013"},"geometry":{"type":"Polygon","coordinates":[[[39.751893,48.344802],[39.75174,48.344888],[39.752035347639485,48.34524],[39.752035,48.34524],[39.75209598507401,48.34531226865598],[39.752131,48.345354],[39.7521312007435,48.345354],[39.752262,48.345509],[39.752383,48.345396],[39.75226418420902,48.34525231578765],[39.751893,48.344802]]]}},{"type":"Feature","properties":{"cadnum":"4421480800:10:002:0041"},"geometry":{"type":"Polygon","coordinates":[[[39.677038,48.425072],[39.677068,48.42507],[39.67721,48.42507],[39.67721,48.42506834533898],[39.678012,48.425059],[39.679983,48.425086],[39.679861,48.423628],[39.67721,48.42359137619554],[39.67721,48.423591],[39.673402,48.423538],[39.673408,48.423598],[39.673456,48.424176],[39.673538,48.424814],[39.674001,48.425106],[39.674521,48.425166],[39.677038,48.42507113074205],[39.677038,48.425072]],[[39.677038,48.424899],[39.67705,48.424883],[39.677077,48.424883],[39.67709,48.4249],[39.677077,48.424916],[39.67705,48.424916],[39.677037,48.4249],[39.677038,48.424898692307686],[39.677038,48.424899]],[[39.679673,48.424775],[39.6797,48.424779],[39.679714,48.424793],[39.6797,48.424808],[39.679673,48.424808],[39.67966,48.424793],[39.679673,48.424775]]]}},{"type":"Feature","properties":{"cadnum":"4421480800:10:002:0042"},"geometry":{"type":"Polygon","coordinates":[[[39.673282,48.422036],[39.673402,48.423538],[39.677038,48.42358860609244],[39.677038,48.423589],[39.679861,48.423628],[39.679844,48.423404],[39.679741,48.422128],[39.677038,48.42209],[39.677038,48.42209050407332],[39.673282,48.422036]]]}},{"type":"Feature","properties":{"cadnum":"4421480800:10:002:0043"},"geometry":{"type":"Polygon","coordinates":[[[39.673246,48.421577],[39.673275,48.421967],[39.6732763442623,48.421967],[39.673282,48.422036],[39.67721,48.422093],[39.67721,48.422092418054014],[39.679741,48.422128],[39.679731,48.421991],[39.679719,48.421853],[39.67971893577981,48.421853],[39.679624,48.420659],[39.679488,48.420641],[39.67948,48.420623],[39.677038,48.420589],[39.677038,48.42058953130413],[39.673169,48.420534],[39.673246,48.421577]]]}},{"type":"Feature","properties":{"cadnum":"4421480800:19:001:0025"},"geometry":{"type":"Polygon","coordinates":[[[39.66057477012738,48.35363672228725],[39.66073,48.353605],[39.66073,48.353604458823526],[39.660814,48.353587],[39.660777,48.353488],[39.661154,48.353402],[39.661204,48.35351],[39.661774,48.35339],[39.661734,48.353318],[39.661554,48.35314],[39.661366,48.353032],[39.660732,48.35316],[39.660638,48.353154],[39.659619,48.353295],[39.659609,48.353256],[39.65942,48.353282],[39.659344,48.353384],[39.659766,48.353802],[39.660559,48.353639945020745],[39.660559,48.35364],[39.66057477012738,48.35363672228725]]]}},{"type":"Feature","properties":{"cadnum":"4421480800:18:001:0032"},"geometry":{"type":"Polygon","coordinates":[[[39.663827,48.354417],[39.662546,48.354581],[39.662615,48.355945],[39.66354,48.355817],[39.66369720858896,48.356192],[39.663697,48.356192],[39.663917,48.356715],[39.664181,48.357335],[39.665345,48.357735],[39.666052,48.3579947963595],[39.666052,48.357995],[39.66621089363984,48.35805318389723],[39.666224,48.358058],[39.666224,48.35805798320269],[39.667838,48.358649],[39.6691,48.35929],[39.670924,48.357106],[39.66971973914838,48.35623173914346],[39.669234,48.355879],[39.666052,48.354774],[39.666052,48.354774199320495],[39.665341,48.354527],[39.663827,48.354417]]]}},{"type":"Feature","properties":{"cadnum":"4421480800:06:001:0040"},"geometry":{"type":"Polygon","coordinates":[[[39.70980182734749,48.447394182842324],[39.709706,48.447365],[39.70970542899407,48.447365],[39.707849,48.446803],[39.707849,48.447365],[39.707849,48.447479],[39.707849,48.448079],[39.707804,48.448322],[39.709997,48.44898592727273],[39.709997,48.448986],[39.714344,48.450301],[39.714361,48.449723],[39.714397,48.448785],[39.709997,48.447453],[39.709997,48.447453267801166],[39.70980182734749,48.447394182842324]]]}},{"type":"Feature","properties":{"cadnum":"4421480800:06:001:0039"},"geometry":{"type":"Polygon","coordinates":[[[39.710169,48.450485821138216],[39.710243,48.450515],[39.710665,48.450551],[39.710881,48.450757],[39.71144627868852,48.451009],[39.711446,48.451009],[39.711495105606666,48.45103076693306],[39.711702,48.451123],[39.71170318088738,48.451123],[39.712107,48.451302],[39.713975,48.452056],[39.714277,48.452172],[39.714307,48.451239],[39.714311539130435,48.451123],[39.714312,48.451123],[39.714344,48.450301],[39.710169,48.449038031285944],[39.710169,48.449038],[39.707804,48.448322],[39.707579,48.449446],[39.707562,48.449485],[39.707988,48.449622],[39.710169,48.450487],[39.710169,48.450485821138216]]]}},{"type":"Feature","properties":{"cadnum":"4421480800:17:006:0015"},"geometry":{"type":"Polygon","coordinates":[[[39.702994,48.381335],[39.703797,48.38107],[39.704098,48.380968],[39.704504,48.380826110726645],[39.704504,48.380827],[39.704916,48.380681],[39.705132,48.380637],[39.705126,48.380625],[39.705132,48.380607],[39.705145,48.380592],[39.705153,48.380589],[39.705311,48.380511],[39.704676,48.38034811895911],[39.704676,48.380347],[39.703209,48.379969],[39.702535,48.379796],[39.702562,48.379858],[39.702428,48.380016],[39.702297,48.380049],[39.702063,48.379768],[39.702172,48.3797],[39.701183,48.379447],[39.69917,48.378925],[39.699011,48.378884],[39.699011,48.380436],[39.702765,48.381406],[39.702994,48.381335]]]}},{"type":"Feature","properties":{"cadnum":"4421480800:19:001:0015"},"geometry":{"type":"Polygon","coordinates":[[[39.6651284778157,48.341589],[39.665128,48.341589],[39.665106,48.341626],[39.665102,48.341626],[39.665054,48.341703],[39.66505421271929,48.341703],[39.664819,48.342082],[39.666224,48.342139],[39.666224,48.342138892144746],[39.671717,48.342359],[39.671717,48.34235890492001],[39.674858,48.342485],[39.674907,48.342169],[39.6749769,48.341703],[39.674977,48.341703],[39.67502,48.341422],[39.671717,48.341290830503596],[39.671717,48.34129],[39.666052,48.341064],[39.666052,48.34106400262467],[39.665462,48.34104],[39.6651284778157,48.341589]]]}},{"type":"Feature","properties":{"cadnum":"4421480800:19:001:0014"},"geometry":{"type":"Polygon","coordinates":[[[39.666224,48.343170890485524],[39.670645,48.343348],[39.671717,48.343391],[39.671717,48.34339080164505],[39.674706,48.343509],[39.674706,48.343498],[39.674858,48.342485],[39.671545,48.342352],[39.671545,48.342352107855255],[39.666052,48.342132],[39.666052,48.34213202206406],[39.664819,48.342082],[39.66432,48.342885],[39.664231,48.343091],[39.666224,48.343171],[39.666224,48.343170890485524]]]}},{"type":"Feature","properties":{"cadnum":"4421480800:17:004:0017"},"geometry":{"type":"Polygon","coordinates":[[[39.721634,48.391146],[39.722145,48.389735],[39.720984,48.389885],[39.720984,48.38988506548985],[39.71549,48.390594],[39.71549,48.390594225023634],[39.712489,48.390982],[39.713562,48.392187],[39.715662,48.391916],[39.715662,48.39191583583407],[39.721155,48.391208],[39.721155,48.39120790153846],[39.721634,48.391146]]]}},{"type":"Feature","properties":{"cadnum":"4421480800:17:004:0018"},"geometry":{"type":"Polygon","coordinates":[[[39.72098791189982,48.388647494543264],[39.717991180422295,48.389033],[39.71799,48.389033],[39.71771787610005,48.38906815840787],[39.717105,48.389147],[39.7171076470588,48.389147],[39.715662,48.3893337776],[39.715662,48.389333],[39.711497,48.389869],[39.712489,48.390982],[39.715662,48.390572],[39.715662,48.3905718054722],[39.721155,48.389863],[39.721155,48.389862906976745],[39.722145,48.389735],[39.7224,48.389033],[39.7223995859155,48.389033],[39.722617,48.388437],[39.72098791189982,48.388647494543264]]]}},{"type":"Feature","properties":{"cadnum":"4421480800:23:001:0007"},"geometry":{"type":"Polygon","coordinates":[[[39.758901,48.354211],[39.758329,48.353459],[39.757526,48.35328],[39.757063,48.354309],[39.756601,48.355333],[39.75620990339157,48.356192],[39.756209,48.356192],[39.75616222239868,48.3562967259731],[39.756158,48.356306],[39.75615808,48.356306],[39.756142,48.356342],[39.755679,48.357366],[39.755023,48.358816],[39.756717,48.359034],[39.758003,48.356192],[39.758002694510736,48.356192],[39.758901,48.354211]]]}},{"type":"Feature","properties":{"cadnum":"4421480800:11:002:0008"},"geometry":{"type":"Polygon","coordinates":[[[39.714546,48.435451],[39.71453883211679,48.436433],[39.714538,48.436433],[39.714537,48.436744],[39.714896,48.436836],[39.71549,48.436904240208875],[39.71549,48.436905],[39.716284,48.436994],[39.720919,48.43701],[39.720984,48.436932881355936],[39.720984,48.436934],[39.721135333333216,48.43675333333348],[39.721155,48.43673],[39.721155,48.43672985462555],[39.721211,48.436663],[39.72124807462694,48.43650508955192],[39.721288,48.436339],[39.721265,48.43574],[39.721288,48.435508],[39.721155,48.435507125],[39.721155,48.435507],[39.715662,48.435460457369814],[39.715662,48.43546],[39.714546,48.435451]]]}},{"type":"Feature","properties":{"cadnum":"4421480800:17:006:0029"},"geometry":{"type":"Polygon","coordinates":[[[39.715512,48.367506],[39.713791,48.367533],[39.713768,48.370905],[39.71376926546392,48.370905],[39.713755,48.373119],[39.715476,48.373062],[39.71549,48.370791],[39.715489771403355,48.370791],[39.715512,48.367506]]]}},{"type":"Feature","properties":{"cadnum":"4421480800:17:006:0028"},"geometry":{"type":"Polygon","coordinates":[[[39.713791,48.367533],[39.712044,48.36756],[39.712021,48.370905],[39.71202128301886,48.370905],[39.712007,48.373176],[39.713755,48.373119],[39.71377,48.370791],[39.71376877758007,48.370791],[39.713791,48.367533]]]}},{"type":"Feature","properties":{"cadnum":"4421480800:13:002:0144"},"geometry":{"type":"Polygon","coordinates":[[[39.761585,48.425273],[39.76191,48.425166],[39.762327,48.424993],[39.762601,48.424832],[39.76291,48.424593],[39.761088,48.423676],[39.760876,48.423744],[39.759853,48.424212],[39.759686,48.424313],[39.761585,48.425273]]]}},{"type":"Feature","properties":{"cadnum":"4421480800:10:002:0046"},"geometry":{"type":"Polygon","coordinates":[[[39.674243,48.412335],[39.672635,48.412249],[39.672527,48.412261],[39.672545,48.412395],[39.672662,48.413004],[39.672767,48.414676],[39.67276720361083,48.414676],[39.672823,48.415559],[39.672976,48.41772],[39.674656,48.417744],[39.6744207416719,48.414676],[39.674422,48.414676],[39.674243,48.412335]]]}},{"type":"Feature","properties":{"cadnum":"4421480800:10:002:0021"},"geometry":{"type":"Polygon","coordinates":[[[39.667115183908045,48.414562],[39.667114,48.414562],[39.667106,48.415004],[39.667083,48.415848],[39.671717,48.41591],[39.671717,48.41590929078801],[39.672446,48.415919],[39.672359896831246,48.414676],[39.67236,48.414676],[39.67233,48.41422],[39.671545,48.41421],[39.671545,48.41421079103178],[39.667123,48.414154],[39.667115183908045,48.414562]]]}},{"type":"Feature","properties":{"cadnum":"4421480800:10:002:0048"},"geometry":{"type":"Polygon","coordinates":[[[39.675913,48.412353],[39.676091,48.414676],[39.67609182121685,48.414676],[39.676331,48.417767],[39.677038,48.41777665187713],[39.677038,48.417778],[39.678033,48.417791],[39.67779279095696,48.414676],[39.677793,48.414676],[39.677616,48.412368],[39.677454,48.412366],[39.67721,48.41236424038461],[39.67721,48.412364],[39.675913,48.412353]]]}},{"type":"Feature","properties":{"cadnum":"4421480800:10:002:0047"},"geometry":{"type":"Polygon","coordinates":[[[39.675913,48.412353],[39.674324,48.412342],[39.674243,48.412335],[39.6744132832123,48.414562],[39.674412,48.414562],[39.674656,48.417744],[39.676331,48.417767],[39.676083,48.414562],[39.67608226474386,48.414562],[39.675913,48.412353]]]}},{"type":"Feature","properties":{"cadnum":"4421480800:10:002:0045"},"geometry":{"type":"Polygon","coordinates":[[[39.676331,48.417767],[39.674656,48.417744],[39.672976,48.41772],[39.673010103161396,48.418208],[39.67301,48.418208],[39.67307,48.419061],[39.677038,48.419118507246374],[39.677038,48.419119],[39.679502,48.419154],[39.679423,48.418208],[39.67942273046875,48.418208],[39.67939,48.417809],[39.678033,48.417791],[39.67721,48.41778024723618],[39.67721,48.417779],[39.676331,48.417767]]]}},{"type":"Feature","properties":{"cadnum":"4421480800:19:002:0002"},"geometry":{"type":"Polygon","coordinates":[[[39.695924,48.354396],[39.695694,48.354945],[39.695123,48.356306],[39.695123349206355,48.356306],[39.694855,48.356948],[39.695389,48.35704],[39.695591,48.356563],[39.699011,48.35718568374165],[39.699011,48.357186],[39.699952,48.357357],[39.700025,48.357147],[39.700298,48.35656],[39.70038772826087,48.356306],[39.700388,48.356306],[39.700461,48.356103],[39.700465,48.355868],[39.700276,48.355488],[39.700052,48.355172],[39.700038,48.355142],[39.699183,48.35498798344693],[39.699183,48.354987],[39.695924,48.354396]]]}},{"type":"Feature","properties":{"cadnum":"4421480800:19:003:0004"},"geometry":{"type":"Polygon","coordinates":[[[39.707273,48.35541],[39.707121,48.35539],[39.706124,48.35541],[39.705415,48.355354],[39.705095,48.355414],[39.704939,48.355539],[39.704696,48.355721],[39.70456014035123,48.35579883625711],[39.703914,48.356166],[39.703677,48.356306],[39.70367716862746,48.356306],[39.702576,48.356957],[39.704676,48.357113],[39.704676,48.357112766721045],[39.706956,48.357282],[39.706956,48.357276],[39.70708,48.356996],[39.707076,48.356784],[39.70712040878378,48.356306],[39.707121,48.356306],[39.707175,48.355739],[39.707273,48.35541]]]}},{"type":"Feature","properties":{"cadnum":"4421480800:19:004:0007"},"geometry":{"type":"Polygon","coordinates":[[[39.704676,48.35496619704434],[39.704719,48.35502],[39.704875,48.355112],[39.705252,48.355249],[39.705409,48.355309],[39.706124,48.355366],[39.707126,48.355345],[39.707355,48.355375],[39.707449,48.355384],[39.708176,48.354121],[39.704552,48.353245],[39.704417,48.353193],[39.70387,48.35308],[39.70391,48.353196],[39.703937,48.35379],[39.704008,48.354121],[39.70412,48.354393],[39.704269,48.354574],[39.704504,48.354756672064774],[39.704504,48.354757],[39.704516,48.354766],[39.704676,48.354967],[39.704676,48.35496619704434]]]}},{"type":"Feature","properties":{"cadnum":"4421480800:13:001:0001"},"geometry":{"type":"Polygon","coordinates":[[[39.769832,48.460724],[39.770594,48.460458],[39.770594,48.46045668119022],[39.771363,48.460187],[39.770594,48.4600202879915],[39.770594,48.46002],[39.768247,48.459509],[39.768287,48.460744],[39.768912,48.460813],[39.769832,48.460724]]]}},{"type":"Feature","properties":{"cadnum":"4421480800:13:001:0002"},"geometry":{"type":"Polygon","coordinates":[[[39.769761,48.459231],[39.768176,48.458889],[39.768243,48.459214],[39.768247,48.459509],[39.770422,48.45998255134214],[39.770422,48.459983],[39.771363,48.460187],[39.771516,48.460134],[39.77282,48.460012],[39.773386,48.460021],[39.772407,48.45981],[39.771086,48.45952],[39.770422,48.459376],[39.770422,48.45937621368547],[39.769761,48.459231]]]}},{"type":"Feature","properties":{"cadnum":"4421480800:17:008:0086"},"geometry":{"type":"Polygon","coordinates":[[[39.749253,48.373456],[39.748587,48.374554],[39.74858806976744,48.374554],[39.748449,48.374784],[39.748449,48.37478417391304],[39.748345,48.374956],[39.748449,48.37508939130435],[39.748449,48.375091],[39.749446,48.376365],[39.750226,48.37507],[39.750209,48.375046],[39.750245,48.375031],[39.750249,48.375037],[39.750352,48.374864],[39.75010926415094,48.374554],[39.75011,48.374554],[39.749253,48.373456]],[[39.749503,48.374319],[39.74954,48.374303],[39.749562,48.374327],[39.749526,48.374342],[39.749503,48.374319]],[[39.749149,48.373952],[39.749184,48.373936],[39.749207,48.37396],[39.749171,48.373975],[39.749149,48.373952]],[[39.749886,48.374662],[39.749908,48.374685],[39.749872,48.3747],[39.749849,48.374676],[39.749886,48.374662]]]}},{"type":"Feature","properties":{"cadnum":"4421480800:13:004:0044"},"geometry":{"type":"Polygon","coordinates":[[[39.753968,48.405794],[39.753052,48.406072],[39.75357517391304,48.407269],[39.753575,48.407269],[39.753924,48.408066],[39.754114,48.40802],[39.754114,48.408019879177374],[39.754331,48.407968],[39.755203,48.407762],[39.755036947261665,48.407383],[39.755037,48.407383],[39.754291,48.405672],[39.753968,48.405794]]]}},{"type":"Feature","properties":{"cadnum":"4421480800:13:004:0049"},"geometry":{"type":"Polygon","coordinates":[[[39.759607,48.40656975],[39.759664,48.4067],[39.760822,48.406423],[39.760832,48.406423],[39.759646,48.403707],[39.75948165217346,48.40370934782609],[39.759421,48.40371],[39.758509,48.404059],[39.759607,48.406572],[39.759607,48.40656975]]]}},{"type":"Feature","properties":{"cadnum":"4421480800:13:004:0037"},"geometry":{"type":"Polygon","coordinates":[[[39.757562,48.407199],[39.75749,48.407217],[39.75727197590363,48.407269],[39.75727,48.407269],[39.756668,48.407413],[39.757692,48.40976],[39.758658,48.4099],[39.758734,48.409879],[39.75764188045977,48.407383],[39.757643,48.407383],[39.757562,48.407199]]]}},{"type":"Feature","properties":{"cadnum":"4421480800:13:004:0048"},"geometry":{"type":"Polygon","coordinates":[[[39.759436,48.40675387375745],[39.759436,48.406755],[39.759587,48.406718],[39.759607,48.406714],[39.759607,48.40671332467532],[39.759664,48.4067],[39.759436,48.406179],[39.759436,48.406180631147535],[39.758509,48.404059],[39.757486,48.40445],[39.758581,48.406957],[39.759436,48.40675387375745]]]}},{"type":"Feature","properties":{"cadnum":"4421480800:13:004:0045"},"geometry":{"type":"Polygon","coordinates":[[[39.755423,48.405237],[39.754291,48.405672],[39.75498729573349,48.407269],[39.754987,48.407269],[39.755203,48.407762],[39.755622,48.407661],[39.756402,48.407476],[39.75634089999984,48.40733701428536],[39.755423,48.405237]]]}},{"type":"Feature","properties":{"cadnum":"4421480800:13:004:0046"},"geometry":{"type":"Polygon","coordinates":[[[39.75749,48.407217],[39.756457,48.404843],[39.755423,48.405237],[39.756311171481826,48.407269],[39.756311,48.407269],[39.75634089999984,48.40733701428536],[39.756361,48.407383],[39.75636111594203,48.407383],[39.756402,48.407476],[39.756668,48.407413],[39.756793416666646,48.407383],[39.756794,48.407383],[39.75749,48.407217]]]}},{"type":"Feature","properties":{"cadnum":"4421480800:13:004:0047"},"geometry":{"type":"Polygon","coordinates":[[[39.75749,48.407217],[39.757562,48.407199],[39.758446,48.40699],[39.758581,48.406957],[39.757486,48.40445],[39.756457,48.404843],[39.75749,48.407217]]]}},{"type":"Feature","properties":{"cadnum":"4421480800:15:001:0011"},"geometry":{"type":"Polygon","coordinates":[[[39.747721,48.403292],[39.74692,48.403033],[39.74638127027027,48.403622],[39.746381,48.403622],[39.745318,48.404786],[39.745807,48.40532],[39.747047,48.406671],[39.747427,48.407383],[39.74742821643836,48.407383],[39.747563,48.407634],[39.747802,48.407661],[39.748439,48.407356],[39.748621,48.40723],[39.748621,48.40722878443114],[39.749117,48.406885],[39.750743,48.405356],[39.751498,48.404512],[39.74909588764046,48.403736],[39.749096,48.403736],[39.74907281003733,48.40372854480335],[39.748743,48.403622],[39.74874139423076,48.403622],[39.748621,48.403583295208655],[39.748621,48.403583],[39.747721,48.403292]]]}},{"type":"Feature","properties":{"cadnum":"4421480800:13:004:0030"},"geometry":{"type":"Polygon","coordinates":[[[39.748621,48.40926824897959],[39.749184,48.410562],[39.750102,48.41024],[39.74901,48.407736],[39.748621,48.408011031476995],[39.748621,48.408011],[39.748597,48.408028],[39.748449,48.40811],[39.748449,48.408110737349396],[39.748182,48.40826],[39.748621,48.409269],[39.748621,48.40926824897959]]]}},{"type":"Feature","properties":{"cadnum":"4421480800:02:005:0011"},"geometry":{"type":"Polygon","coordinates":[[[39.61588,48.400089],[39.61588072265023,48.400089],[39.615731,48.401274],[39.616785,48.401404],[39.616785,48.40140315654952],[39.620995,48.401921],[39.621166,48.400319],[39.619292472303194,48.400089],[39.619298,48.400089],[39.616613,48.399759],[39.616613,48.399759600938964],[39.615933,48.399675],[39.61588,48.400089]]]}},{"type":"Feature","properties":{"cadnum":"4421480800:02:005:0012"},"geometry":{"type":"Polygon","coordinates":[[[39.616785,48.399780139664806],[39.618378590909096,48.399976],[39.618372,48.399976],[39.621166,48.400319],[39.621201,48.399976],[39.62120073379484,48.399976],[39.621354,48.3985],[39.621345,48.3985],[39.616613,48.398004],[39.616613,48.39800460427808],[39.616224,48.397963],[39.616045,48.398739],[39.615933,48.399675],[39.616785,48.399781],[39.616785,48.399780139664806]]]}},{"type":"Feature","properties":{"cadnum":"4421480800:02:002:0017"},"geometry":{"type":"Polygon","coordinates":[[[39.611292,48.424383497685184],[39.612848,48.424388],[39.612561,48.423228],[39.612861,48.423056],[39.612511,48.42228],[39.612443,48.422128],[39.611292,48.42212539002268],[39.611292,48.422125],[39.608041,48.422114],[39.608104,48.422832],[39.608653,48.423297],[39.608683,48.423955],[39.608603,48.424376],[39.611292,48.424384],[39.611292,48.424383497685184]]]}},{"type":"Feature","properties":{"cadnum":"4421480800:10:004:0008"},"geometry":{"type":"Polygon","coordinates":[[[39.643893,48.406107],[39.639545,48.405749],[39.63955,48.405809],[39.639436836086404,48.407269],[39.639436,48.407269],[39.639379,48.408033],[39.642788,48.408266],[39.643732,48.408296],[39.64379867478092,48.407383],[39.643799,48.407383],[39.643893,48.406107]]]}},{"type":"Feature","properties":{"cadnum":"4421480800:14:003:0007"},"geometry":{"type":"Polygon","coordinates":[[[39.797554,48.398536],[39.797393,48.398256],[39.797249,48.398005],[39.797091,48.39774],[39.79694,48.397477],[39.796934,48.397463],[39.796944,48.397445],[39.796953,48.39743],[39.796781,48.397385],[39.796454,48.397382],[39.792566,48.39830443015521],[39.792566,48.398304],[39.790179,48.39887],[39.79089576784249,48.399976],[39.790895,48.399976],[39.79094426315771,48.40005083011299],[39.790969,48.400089],[39.790969391666664,48.400089],[39.790974,48.400096],[39.791481,48.399976],[39.79147826486486,48.399976],[39.792566,48.399719],[39.792566,48.399718462492736],[39.797554,48.398536]]]}},{"type":"Feature","properties":{"cadnum":"4421480800:19:003:0046"},"geometry":{"type":"Polygon","coordinates":[[[39.721155,48.36244995880682],[39.721688,48.362481],[39.721678,48.362078],[39.721655,48.361344],[39.721661,48.361261],[39.721655,48.36118],[39.721661,48.36098],[39.72111322328925,48.360971099639855],[39.720923,48.360967],[39.72056,48.360962],[39.72046,48.360962],[39.72007,48.360953],[39.720057,48.361126],[39.720007,48.361753],[39.71998,48.36206],[39.719963,48.362227],[39.719954,48.362385],[39.720151,48.362391],[39.720506,48.362412],[39.720798,48.36243],[39.721155,48.36245],[39.721155,48.36244995880682]]]}},{"type":"Feature","properties":{"cadnum":"4421480800:17:008:0038"},"geometry":{"type":"Polygon","coordinates":[[[39.752872,48.370493],[39.751274,48.368458],[39.75126,48.368423],[39.751268,48.36839],[39.751295,48.368366],[39.751085,48.368237],[39.750658,48.368154],[39.750232,48.368213],[39.749351,48.368542],[39.751110797291574,48.370791],[39.75111,48.370791],[39.753627,48.374005],[39.754114,48.373823],[39.754114,48.37382253589316],[39.75514,48.373438],[39.754817,48.372984],[39.754114,48.37208335657142],[39.754114,48.372083],[39.753775,48.371648],[39.75314064501844,48.37083780295202],[39.752872,48.370493]]]}},{"type":"Feature","properties":{"cadnum":"4421480800:17:008:0037"},"geometry":{"type":"Polygon","coordinates":[[[39.748125,48.369004],[39.747815,48.369091],[39.748449,48.36990198511167],[39.748449,48.369902],[39.749233,48.370905],[39.74923312782355,48.370905],[39.752086,48.374554],[39.752087511111114,48.374554],[39.752104,48.374575],[39.752466,48.37444],[39.752464655172425,48.37444],[39.753245,48.374148],[39.753627,48.374005],[39.75119927753578,48.370905],[39.7512,48.370905],[39.749351,48.368542],[39.748621,48.36881716629712],[39.748621,48.368817],[39.748125,48.369004]]]}},{"type":"Feature","properties":{"cadnum":"4421480800:17:008:0035"},"geometry":{"type":"Polygon","coordinates":[[[39.750356,48.37743],[39.750012,48.377999],[39.750081709359605,48.378088],[39.750081,48.378088],[39.75011711960117,48.37813320930212],[39.750171,48.378202],[39.75017207936508,48.378202],[39.750232,48.378277],[39.750878,48.37927],[39.751008,48.380121],[39.751524,48.380351],[39.75187,48.380699],[39.752675,48.380398],[39.75087,48.378088],[39.75086995595855,48.378088],[39.750356,48.37743]]]}},{"type":"Feature","properties":{"cadnum":"4421480800:17:008:0034"},"geometry":{"type":"Polygon","coordinates":[[[39.751323,48.37487],[39.750572,48.375151],[39.751211,48.375965],[39.751228,48.375989],[39.751125,48.376168],[39.750536,48.377137],[39.750356,48.37743],[39.750959,48.378202],[39.75095907792208,48.378202],[39.752675,48.380398],[39.754114,48.379861],[39.754114,48.379860666666666],[39.754974,48.379539],[39.754114,48.37844066666667],[39.754114,48.37844],[39.753839,48.378088],[39.75383887334934,48.378088],[39.751323,48.37487]],[[39.753173,48.378116],[39.753214,48.378101],[39.753232,48.378125],[39.753195,48.37814],[39.753173,48.378116]],[[39.752773,48.377698],[39.752809,48.377683],[39.752832,48.377711],[39.752796,48.377722],[39.752773,48.377698]],[[39.752406,48.37732],[39.75244,48.377305],[39.752463,48.377329],[39.752427,48.377344],[39.752406,48.37732]],[[39.75205,48.376953],[39.752086,48.376938],[39.752109,48.376962],[39.752073,48.376977],[39.75205,48.376953]],[[39.751668,48.376559],[39.751704,48.376544],[39.751727,48.376568],[39.751691,48.376583],[39.751668,48.376559]],[[39.751309,48.376188],[39.75135,48.376174],[39.751368,48.376198],[39.751331,48.376212],[39.751309,48.376188]],[[39.753981,48.378895],[39.754,48.378919],[39.753964,48.378934],[39.753941,48.37891],[39.753942,48.378909625],[39.753942,48.37891],[39.753981,48.378895]],[[39.75453,48.379465],[39.754553,48.379489],[39.754511,48.379503],[39.754494,48.37948],[39.75453,48.379465]],[[39.754354,48.379283],[39.754377,48.379306],[39.754337,48.379321],[39.754318,48.379297],[39.754354,48.379283]],[[39.753578,48.37848],[39.753601,48.378507],[39.753564,48.378519],[39.753541,48.378495],[39.753578,48.37848]]]}},{"type":"Feature","properties":{"cadnum":"4421480800:01:001:0004"},"geometry":{"type":"Polygon","coordinates":[[[39.644251,48.490051662646266],[39.649572,48.490969307650765],[39.649572,48.49097],[39.649634,48.49098],[39.649744,48.49044],[39.649744,48.49043932862192],[39.649917,48.489589],[39.64972295131401,48.48955637732236],[39.644079,48.488585],[39.644079,48.48858535283529],[39.642029,48.488232],[39.641845,48.489637],[39.644251,48.490052],[39.644251,48.490051662646266]]]}},{"type":"Feature","properties":{"cadnum":"4421480800:01:001:0003"},"geometry":{"type":"Polygon","coordinates":[[[39.641728,48.490515],[39.641621,48.490971],[39.642857,48.491184],[39.64285913559319,48.491184],[39.644079,48.49139434193863],[39.644079,48.491395],[39.649378,48.492307],[39.649391,48.492161],[39.64961389564494,48.49107537880075],[39.649634,48.49098],[39.644079,48.490022],[39.644079,48.49002233250208],[39.641845,48.489637],[39.641728,48.490515]]]}},{"type":"Feature","properties":{"cadnum":"4421480800:13:001:0013"},"geometry":{"type":"Polygon","coordinates":[[[39.776087,48.457330391304346],[39.776444,48.457408],[39.776174,48.456607],[39.77613,48.456479],[39.77603140964559,48.45645790624975],[39.772281,48.455642],[39.772595,48.456571],[39.776087,48.457331],[39.776087,48.457330391304346]]]}},{"type":"Feature","properties":{"cadnum":"4421480800:13:001:0012"},"geometry":{"type":"Polygon","coordinates":[[[39.772595,48.456571],[39.772896,48.457454],[39.775915,48.45811059229082],[39.775915,48.458111],[39.776745,48.458291],[39.776444,48.457408],[39.775915,48.457293],[39.775915,48.45729356586484],[39.772595,48.456571]]]}},{"type":"Feature","properties":{"cadnum":"4421480800:13:003:0111"},"geometry":{"type":"Polygon","coordinates":[[[39.798928,48.430843],[39.798059,48.431040196153845],[39.798059,48.43104],[39.797833,48.431091],[39.796634,48.431362],[39.797339,48.432152],[39.797286,48.432175],[39.796733,48.432429],[39.79705556871036,48.432788],[39.797055,48.432788],[39.798059,48.433906],[39.798059,48.43390531450828],[39.798915,48.434858],[39.79919,48.434724],[39.800357,48.434342],[39.800299,48.434196],[39.800227,48.433743],[39.799816,48.432788],[39.799815957264954,48.432788],[39.799714,48.432551],[39.798928,48.430843]]]}},{"type":"Feature","properties":{"cadnum":"4421480800:13:003:0001"},"geometry":{"type":"Polygon","coordinates":[[[39.792566,48.43095451485149],[39.794314,48.432902],[39.79431423487544,48.432902],[39.794716,48.43335],[39.794945,48.433246],[39.795911,48.432802],[39.796733,48.432429],[39.797286,48.432175],[39.79728,48.432173],[39.79468,48.429276],[39.792566,48.43024002100656],[39.792566,48.43024],[39.79211,48.430447],[39.792566,48.430955],[39.792566,48.43095451485149]]]}},{"type":"Feature","properties":{"cadnum":"4421480800:13:003:0109"},"geometry":{"type":"Polygon","coordinates":[[[39.795911,48.432802],[39.795691,48.432902],[39.79569343243244,48.432902],[39.794945,48.433246],[39.79715,48.435704],[39.79781,48.4354],[39.797888,48.43536146987952],[39.797888,48.435362],[39.798112,48.435251],[39.797888,48.435002],[39.797888,48.435003575418996],[39.7960007993311,48.432902],[39.796001,48.432902],[39.795911,48.432802]]]}},{"type":"Feature","properties":{"cadnum":"4421480800:13:003:0002"},"geometry":{"type":"Polygon","coordinates":[[[39.792699,48.427067],[39.792462452887705,48.42710201519755],[39.78898,48.427607],[39.79036060024228,48.429144],[39.79036,48.429144],[39.791666,48.430596],[39.792395,48.4302639],[39.792395,48.430264],[39.79248658823627,48.430222176470146],[39.792566,48.430186],[39.792566,48.4301859132948],[39.794644,48.429237],[39.792699,48.427067]],[[39.792825,48.428605],[39.792848,48.428599],[39.792865,48.428608],[39.792861,48.428623],[39.792843,48.428629],[39.792825,48.42862],[39.792825,48.428605]],[[39.792349,48.428927],[39.792366,48.428921],[39.792385,48.42893],[39.792385,48.428945],[39.792362,48.428951],[39.792344,48.428942],[39.792349,48.428927]]]}},{"type":"Feature","properties":{"cadnum":"4421480800:17:005:0023"},"geometry":{"type":"Polygon","coordinates":[[[39.726648,48.399602],[39.726648,48.399600774373255],[39.727913,48.399932],[39.728187,48.399893],[39.728216691056915,48.399976],[39.728216,48.399976],[39.728231,48.400016],[39.729781,48.400421],[39.729634024719104,48.400089],[39.729635,48.400089],[39.729152,48.398992],[39.726477,48.398292],[39.726477,48.398292164191766],[39.721934,48.397101],[39.721216,48.397326],[39.721225,48.397328],[39.721158,48.397436],[39.721089,48.397477],[39.720493,48.39785],[39.720376,48.397958],[39.721155,48.398163],[39.721155,48.39816183315678],[39.726648,48.399602]]]}},{"type":"Feature","properties":{"cadnum":"4421480800:17:005:0022"},"geometry":{"type":"Polygon","coordinates":[[[39.72334186867306,48.399976],[39.723338,48.399976],[39.726648,48.400843],[39.726648,48.400842802],[39.730477,48.401846],[39.730051,48.401044],[39.729781,48.400421],[39.72851038271605,48.400089],[39.728512,48.400089],[39.728231,48.400016],[39.72825,48.400057],[39.72822,48.400089],[39.72822171014492,48.400089],[39.728128,48.400195],[39.72793,48.400266],[39.727804,48.400191],[39.727787,48.400042],[39.727857,48.399976],[39.727856700934574,48.399976],[39.7279,48.399935],[39.727913,48.399932],[39.726477,48.399556],[39.726477,48.39955716684322],[39.720984,48.398117],[39.720984,48.398118],[39.720376,48.397958],[39.719347,48.398929],[39.721155,48.399404],[39.721155,48.39940281929007],[39.72334186867306,48.399976]]]}},{"type":"Feature","properties":{"cadnum":"4421480800:17:005:0021"},"geometry":{"type":"Polygon","coordinates":[[[39.718435,48.399795],[39.71912698639456,48.399976],[39.719125,48.399976],[39.721155,48.400508],[39.721155,48.400507802966104],[39.726648,48.401947],[39.726648,48.40194679078456],[39.731295,48.403164],[39.73112,48.402971],[39.73093,48.402705],[39.730477,48.401846],[39.726477,48.400798],[39.726477,48.40079820936556],[39.72376940715109,48.400089],[39.723773,48.400089],[39.720984,48.399358],[39.720984,48.39935907466814],[39.719347,48.398929],[39.718435,48.399795]]]}},{"type":"Feature","properties":{"cadnum":"4421480800:14:001:0072"},"geometry":{"type":"Polygon","coordinates":[[[39.795991,48.408821],[39.795974,48.408806],[39.795974,48.408799],[39.795546,48.40775],[39.792566,48.409908159314504],[39.792566,48.409907],[39.791015,48.411029],[39.791015904207704,48.411029],[39.788086,48.41315],[39.788607,48.41354],[39.79133,48.412723],[39.791724,48.41261],[39.79202,48.412532],[39.791806,48.412091],[39.791877,48.411817],[39.792232,48.411542],[39.792395,48.411424386227544],[39.792395,48.411426],[39.793099,48.410916],[39.79309645468873,48.410916],[39.794697,48.40976],[39.795991,48.408821]]]}},{"type":"Feature","properties":{"cadnum":"4421480800:14:001:0073"},"geometry":{"type":"Polygon","coordinates":[[[39.79437036956522,48.407269],[39.79437,48.407269],[39.792566,48.40857701417721],[39.792566,48.408576],[39.789176,48.411029],[39.78917790064102,48.411029],[39.787179,48.412476],[39.788086,48.41315],[39.791172,48.410916],[39.79117120588235,48.410916],[39.792395,48.410030702127656],[39.792395,48.410032],[39.795546,48.40775],[39.795533,48.407712],[39.795282,48.407306],[39.795102,48.406739],[39.79437036956522,48.407269]]]}},{"type":"Feature","properties":{"cadnum":"4421480800:14:001:0129"},"geometry":{"type":"Polygon","coordinates":[[[39.794697,48.40976],[39.79294,48.411029],[39.79294301568627,48.411029],[39.792566,48.411302122159086],[39.792566,48.411301],[39.792232,48.411542],[39.791877,48.411817],[39.791806,48.412091],[39.79202,48.412532],[39.792566,48.412388],[39.792566,48.41238778974359],[39.79415,48.411969],[39.795395,48.411617],[39.795582,48.411566],[39.795263,48.410916],[39.79526270212766,48.410916],[39.794697,48.40976]]]}},{"type":"Feature","properties":{"cadnum":"4421480800:11:001:0002"},"geometry":{"type":"Polygon","coordinates":[[[39.693809,48.431174],[39.693844,48.430799],[39.694015,48.430829],[39.694023,48.430116],[39.693518,48.430121],[39.693518,48.43012138026906],[39.691459,48.430138],[39.691431196092616,48.432788],[39.691431,48.432788],[39.691423,48.433681],[39.693518,48.43403047484554],[39.693518,48.434031],[39.693979,48.434107],[39.69399087642153,48.432902],[39.693991,48.432902],[39.69401,48.431172],[39.693809,48.431174]]]}},{"type":"Feature","properties":{"cadnum":"4421480800:14:002:0020"},"geometry":{"type":"Polygon","coordinates":[[[39.808069,48.428352],[39.807656,48.42848],[39.807022,48.428671],[39.807392,48.429258],[39.80739319084337,48.429258],[39.808635,48.431219],[39.808874,48.43115794160584],[39.808874,48.431158],[39.80890416470762,48.43115023529368],[39.809046,48.431114],[39.809046,48.43111372542902],[39.809515,48.430993],[39.809691,48.430921],[39.809046,48.42989942105263],[39.809046,48.429899],[39.80894910430117,48.4297459534464],[39.808874,48.429627],[39.808874,48.429627326359835],[39.80864017483444,48.429258],[39.808641,48.429258],[39.808069,48.428352]]]}},{"type":"Feature","properties":{"cadnum":"4421480800:14:002:0018"},"geometry":{"type":"Polygon","coordinates":[[[39.806022,48.428978],[39.805967,48.428996],[39.805123,48.429252],[39.805028,48.429282],[39.80581,48.430512],[39.806596,48.431755],[39.807194,48.431594],[39.807607,48.431487],[39.80618806382963,48.429243702127415],[39.806022,48.428978]]]}},{"type":"Feature","properties":{"cadnum":"4421480800:14:002:0019"},"geometry":{"type":"Polygon","coordinates":[[[39.807022,48.428671],[39.806812,48.428736],[39.806022,48.428978],[39.80612575,48.429144],[39.806125,48.429144],[39.80618806382963,48.429243702127415],[39.806197,48.429258],[39.80619710755442,48.429258],[39.807607,48.431487],[39.808582,48.431231],[39.808635,48.431219],[39.807321,48.429144],[39.80732014310051,48.429144],[39.807022,48.428671]]]}},{"type":"Feature","properties":{"cadnum":"4421480800:11:001:0003"},"geometry":{"type":"Polygon","coordinates":[[[39.696346,48.430096],[39.694023,48.430116],[39.694015,48.430829],[39.694279,48.430876],[39.694266,48.431165],[39.69401,48.431172],[39.693992252023115,48.432788],[39.693992,48.432788],[39.693979,48.434107],[39.694815,48.434244],[39.6963,48.434408],[39.696317,48.432788],[39.696316259444046,48.432788],[39.696346,48.430096]]]}},{"type":"Feature","properties":{"cadnum":"4421480800:11:001:0004"},"geometry":{"type":"Polygon","coordinates":[[[39.698497,48.431797],[39.698507,48.430724],[39.698515,48.430078],[39.696346,48.430096],[39.696315,48.432902],[39.696315803703705,48.432902],[39.6963,48.434408],[39.696769,48.434459],[39.698466,48.434598],[39.698474,48.433958],[39.698484,48.432906],[39.69848412121212,48.43289169696978],[39.698497,48.431797]]]}},{"type":"Feature","properties":{"cadnum":"4421480800:02:004:0002"},"geometry":{"type":"Polygon","coordinates":[[[39.62136,48.399631],[39.621314,48.400089],[39.621315120667525,48.400089],[39.621251,48.400755],[39.62214888661488,48.40084942235093],[39.6276,48.401424945974576],[39.6276,48.401425],[39.629704,48.401647],[39.629717,48.400513],[39.6276,48.40029],[39.6276,48.40029091711654],[39.62569057957958,48.400089],[39.625702,48.400089],[39.622278,48.399728027538245],[39.622278,48.399728],[39.62136,48.399631]]]}},{"type":"Feature","properties":{"cadnum":"4421480800:02:005:0010"},"geometry":{"type":"Polygon","coordinates":[[[39.615731,48.401274],[39.615659,48.401873],[39.615542,48.402839],[39.616613,48.402970828640385],[39.616613,48.402972],[39.62082,48.403489],[39.620951,48.402389],[39.620995,48.401921],[39.616613,48.401382],[39.616613,48.40138278557875],[39.615731,48.401274]]]}},{"type":"Feature","properties":{"cadnum":"4421480800:02:005:0009"},"geometry":{"type":"Polygon","coordinates":[[[39.615542,48.402839],[39.615433,48.403736],[39.61543345977012,48.403736],[39.615354,48.404405],[39.616613,48.404559845562545],[39.616613,48.404561],[39.620635,48.405055],[39.62079055547802,48.403736],[39.620791,48.403736],[39.62082,48.403489],[39.616785,48.402993137152365],[39.616785,48.402992],[39.615542,48.402839]]]}},{"type":"Feature","properties":{"cadnum":"4421480800:13:001:0007"},"geometry":{"type":"Polygon","coordinates":[[[39.770594,48.45695345903664],[39.772851,48.457445],[39.772523,48.456482],[39.770594,48.45606333079486],[39.770594,48.456063],[39.76853,48.455615],[39.768858,48.456575],[39.770594,48.456954],[39.770594,48.45695345903664]]]}},{"type":"Feature","properties":{"cadnum":"4421480800:13:002:0136"},"geometry":{"type":"Polygon","coordinates":[[[39.754114,48.426493],[39.753752,48.426469],[39.753627,48.426477],[39.753942,48.426748663244354],[39.753942,48.42675],[39.75672068181819,48.429144],[39.75672,48.429144],[39.756981,48.429368],[39.75704,48.429368],[39.757539,48.429327],[39.758023210526325,48.429258],[39.758026,48.429258],[39.758339,48.429213],[39.758424,48.429204],[39.75563,48.426799],[39.754494,48.426519],[39.754114,48.42649352898551],[39.754114,48.426493]]]}},{"type":"Feature","properties":{"cadnum":"4421480800:13:002:0134"},"geometry":{"type":"Polygon","coordinates":[[[39.754114,48.427808],[39.752715,48.426602],[39.751777,48.426767],[39.753942,48.42863277235772],[39.753942,48.428633],[39.75453557760001,48.429144],[39.754535,48.429144],[39.7545840608525,48.4291857383372],[39.754668,48.429258],[39.754669,48.429258],[39.754679,48.429258],[39.754849,48.429243],[39.755423,48.429243],[39.75553,48.429258],[39.75553630357141,48.429258],[39.755846,48.429299],[39.755664,48.429144],[39.75566373717147,48.429144],[39.754114,48.42780825026969],[39.754114,48.427808]]]}},{"type":"Feature","properties":{"cadnum":"4421480800:02:005:0003"},"geometry":{"type":"Polygon","coordinates":[[[39.613894,48.413179],[39.61362331262525,48.414562],[39.613623,48.414562],[39.61360289951351,48.41466629497705],[39.613601,48.414676],[39.61360102909091,48.414676],[39.61357,48.414837],[39.616613,48.415210867807154],[39.616613,48.415211],[39.619599,48.415576],[39.619691,48.414562],[39.61969059096774,48.414562],[39.619752,48.413901],[39.616785,48.413536150684926],[39.616785,48.413536],[39.613894,48.413179]]]}},{"type":"Feature","properties":{"cadnum":"4421480800:02:005:0001"},"geometry":{"type":"Polygon","coordinates":[[[39.613238,48.416456],[39.612704,48.418045],[39.612673880434784,48.418208],[39.612673,48.418208],[39.612578,48.418734],[39.616153,48.418751],[39.616785,48.418684],[39.616785,48.41868367826087],[39.617073,48.418653],[39.61712732380939,48.41826309523905],[39.617142,48.418161],[39.617348,48.417163],[39.618129,48.417245],[39.618484,48.418321],[39.618485420000006,48.418321],[39.618498,48.418358],[39.618964,48.418265],[39.619179,48.418208],[39.61917761682243,48.418208],[39.619365,48.418158],[39.6194,48.417696],[39.619446,48.417219],[39.616785,48.41689212813272],[39.616785,48.416892],[39.613238,48.416456]]]}},{"type":"Feature","properties":{"cadnum":"4421480800:02:005:0002"},"geometry":{"type":"Polygon","coordinates":[[[39.616785,48.415232],[39.61357,48.414837],[39.613283,48.416312],[39.613238,48.416456],[39.616613,48.41687085762616],[39.616613,48.416871],[39.619446,48.417219],[39.619599,48.415576],[39.616785,48.41523202478232],[39.616785,48.415232]]]}},{"type":"Feature","properties":{"cadnum":"4421480800:04:002:0018"},"geometry":{"type":"Polygon","coordinates":[[[39.704504,48.456467730496456],[39.704504,48.456468],[39.708208,48.458409],[39.70820841856393,48.458409],[39.710169,48.459437],[39.710169,48.45943608057296],[39.711114,48.459931],[39.712363,48.45888],[39.710905,48.458295],[39.710903953974885,48.458295],[39.710169,48.458000031066334],[39.710169,48.458],[39.707822,48.457057],[39.705262,48.455934],[39.705065,48.455851],[39.70456633333378,48.45626699999963],[39.704394,48.45641],[39.704504,48.456467730496456]]]}},{"type":"Feature","properties":{"cadnum":"4421480800:04:002:0016"},"geometry":{"type":"Polygon","coordinates":[[[39.703447,48.457206],[39.702688,48.45784],[39.702486,48.458013],[39.703023651515146,48.458295],[39.703023,48.458295],[39.704504,48.459070889897156],[39.704504,48.459071],[39.709183,48.461522],[39.709997,48.460858494382016],[39.709997,48.460859],[39.710162,48.460724],[39.709997,48.460637],[39.709997,48.46063756803968],[39.705525,48.458295],[39.70552453929121,48.458295],[39.704676,48.457850168012925],[39.704676,48.45785],[39.703447,48.457206]]]}},{"type":"Feature","properties":{"cadnum":"4421480800:04:002:0017"},"geometry":{"type":"Polygon","coordinates":[[[39.704394,48.45641],[39.703761,48.456944],[39.703447,48.457206],[39.704504,48.457759871440196],[39.704504,48.45776],[39.705742,48.458409],[39.70574262783039,48.458409],[39.710162,48.460724],[39.710512,48.460435],[39.711114,48.459931],[39.709997,48.459346],[39.709997,48.45934681450873],[39.707991,48.458295],[39.707990454404936,48.458295],[39.704676,48.45655813282937],[39.704676,48.456558],[39.704394,48.45641]]]}},{"type":"Feature","properties":{"cadnum":"4421480800:04:002:0015"},"geometry":{"type":"Polygon","coordinates":[[[39.702012,48.458409],[39.702013147806,48.458409],[39.701633,48.458728],[39.701507,48.458832],[39.704504,48.46040284790155],[39.704504,48.460403],[39.70765,48.462052],[39.707651374670185,48.462052],[39.708159,48.462317],[39.70850091292876,48.462052],[39.708501,48.462052],[39.70864799999509,48.461938000003805],[39.708648,48.461938],[39.709138,48.461558],[39.709183,48.461522],[39.704676,48.459161098739045],[39.704676,48.459161],[39.7032406004619,48.458409],[39.703241,48.458409],[39.702486,48.458013],[39.702012,48.458409]]]}},{"type":"Feature","properties":{"cadnum":"4421480800:16:001:0004"},"geometry":{"type":"Polygon","coordinates":[[[39.633265,48.398388],[39.6297,48.398261],[39.629929,48.398846],[39.63,48.399433],[39.630006,48.399621],[39.633093,48.3997365612151],[39.633093,48.399737],[39.638586,48.39994256328332],[39.638586,48.399943],[39.63982,48.399988],[39.639967,48.398626],[39.638758,48.39858310282404],[39.638758,48.398583],[39.634937,48.398447],[39.633265,48.398388062906726],[39.633265,48.398388]]]}},{"type":"Feature","properties":{"cadnum":"4421480800:16:001:0006"},"geometry":{"type":"Polygon","coordinates":[[[39.640331,48.395372],[39.640403,48.395175],[39.64004,48.394961],[39.638758,48.395191125171934],[39.638758,48.395191],[39.637101,48.395489],[39.635287,48.395781],[39.63521500453857,48.396328],[39.635215,48.396328],[39.63521359832063,48.39633868402369],[39.6352,48.396442],[39.63520004388863,48.396442],[39.634937,48.398447],[39.638586,48.3985768780424],[39.638586,48.398577],[39.639967,48.398626],[39.640093,48.397489],[39.640233,48.396347],[39.640331,48.395372]],[[39.639667,48.397936],[39.639765,48.397892],[39.63986,48.397996],[39.639757,48.398082],[39.639658,48.397985],[39.639667,48.397936]]]}},{"type":"Feature","properties":{"cadnum":"4421480800:14:003:0050"},"geometry":{"type":"Polygon","coordinates":[[[39.821989,48.399577],[39.821198,48.399136],[39.820268,48.399147],[39.82067369957537,48.399976],[39.820673,48.399976],[39.821234,48.401119],[39.821553,48.401062],[39.823031,48.400799],[39.822788,48.400299],[39.82255524458204,48.400089],[39.822556,48.400089],[39.821989,48.399577]]]}},{"type":"Feature","properties":{"cadnum":"4421480800:02:003:0003"},"geometry":{"type":"Polygon","coordinates":[[[39.63022,48.428232],[39.630256,48.428435],[39.630706,48.429091],[39.63073234131737,48.429144],[39.630731,48.429144],[39.630780427230185,48.42924075117398],[39.630789,48.429258],[39.63078923913043,48.429258],[39.630966,48.429604],[39.633265,48.429628],[39.633265,48.429627735227506],[39.63795,48.429675],[39.637959423728816,48.429258],[39.63796,48.429258],[39.637983,48.42831],[39.633265,48.428263688343556],[39.633265,48.428263],[39.63022,48.428232]],[[39.632449,48.429449],[39.632574,48.429371],[39.632723,48.429434],[39.632696,48.429464],[39.632646,48.429484],[39.632574,48.429493],[39.632497,48.429482],[39.632449,48.429449]]]}},{"type":"Feature","properties":{"cadnum":"4421480800:02:003:0005"},"geometry":{"type":"Polygon","coordinates":[[[39.633265,48.42698971300813],[39.638013,48.427037],[39.638046,48.425789],[39.633265,48.425741701594994],[39.633265,48.425741],[39.630289,48.425711],[39.630014,48.426164],[39.630046,48.426957],[39.633265,48.42699],[39.633265,48.42698971300813]]]}},{"type":"Feature","properties":{"cadnum":"4421480800:02:003:0004"},"geometry":{"type":"Polygon","coordinates":[[[39.630046,48.426957],[39.630059,48.427362],[39.63022,48.428232],[39.633093,48.42826124893268],[39.633093,48.428262],[39.637983,48.42831],[39.638013,48.427037],[39.633093,48.426988],[39.633093,48.42698823671948],[39.630046,48.426957]]]}},{"type":"Feature","properties":{"cadnum":"4421480800:10:003:0008"},"geometry":{"type":"Polygon","coordinates":[[[39.638306,48.429258],[39.63830631267345,48.429258],[39.63826,48.432387],[39.638758,48.432398],[39.638758,48.4323971778291],[39.639019,48.432402],[39.640273,48.432027],[39.64078,48.43166],[39.641382,48.430975],[39.641629,48.430569],[39.64199,48.429144],[39.641989301204816,48.429144],[39.642088,48.42876],[39.638586,48.428708],[39.638586,48.428708282167044],[39.638315,48.428704],[39.638306,48.429258]]]}},{"type":"Feature","properties":{"cadnum":"4421480800:10:003:0009"},"geometry":{"type":"Polygon","coordinates":[[[39.638758,48.42871055396916],[39.642088,48.42876],[39.642222,48.428232],[39.642119,48.427592],[39.641822,48.426969],[39.641598,48.426739],[39.641185,48.42631],[39.641166,48.426194],[39.641229,48.426206],[39.641042,48.425928],[39.638758,48.42581919381108],[39.638758,48.425819],[39.638382,48.4258],[39.638329,48.428053],[39.638315,48.428704],[39.638758,48.428711],[39.638758,48.42871055396916]]]}},{"type":"Feature","properties":{"cadnum":"4421480800:03:001:0004"},"geometry":{"type":"Polygon","coordinates":[[[39.628335,48.428724],[39.627771,48.42873013877551],[39.627771,48.42873],[39.626004,48.428745],[39.626343,48.429258],[39.626343999999996,48.429258],[39.626354,48.429273],[39.626362,48.42938],[39.6276,48.42936682044002],[39.6276,48.429367],[39.628329,48.429359],[39.628351,48.429144],[39.62835052808989,48.429144],[39.628357,48.42908],[39.628335,48.428724]]]}},{"type":"Feature","properties":{"cadnum":"4421480800:02:003:0084"},"geometry":{"type":"Polygon","coordinates":[[[39.63268941089635,48.43283777614096],[39.632455,48.432788],[39.63245334177216,48.432788],[39.63187,48.432665],[39.631799199999996,48.432788],[39.631799,48.432788],[39.631752,48.43287],[39.631903,48.432902],[39.63190329999998,48.432902],[39.633093,48.43315362194316],[39.633093,48.433154],[39.633459,48.433231],[39.633576,48.433025],[39.63325476303284,48.43295782622426],[39.6329918604651,48.432902],[39.632994,48.432902],[39.63268941089635,48.43283777614096]]]}},{"type":"Feature","properties":{"cadnum":"4421480800:02:003:0133"},"geometry":{"type":"Polygon","coordinates":[[[39.629623,48.430608],[39.630041,48.430596],[39.631317,48.430563],[39.631339,48.430456],[39.631268,48.430319],[39.629839,48.430357],[39.629843,48.430447],[39.629623,48.430608]]]}},{"type":"Feature","properties":{"cadnum":"4421480800:02:003:0132"},"geometry":{"type":"Polygon","coordinates":[[[39.630055,48.430894],[39.631254,48.430865],[39.631317,48.430563],[39.630041,48.430596],[39.630055,48.430894]]]}},{"type":"Feature","properties":{"cadnum":"4421480800:02:003:0136"},"geometry":{"type":"Polygon","coordinates":[[[39.630446,48.430045],[39.631115,48.430027],[39.630958,48.429723],[39.630289,48.429741],[39.630446,48.430045]]]}},{"type":"Feature","properties":{"cadnum":"4421480800:02:003:0085"},"geometry":{"type":"Polygon","coordinates":[[[39.633265,48.43264602824859],[39.633265,48.432646],[39.631878,48.432652],[39.63187,48.432665],[39.632689410897505,48.4328377761412],[39.633093,48.43292347654321],[39.633093,48.432924],[39.63325476303284,48.43295782622426],[39.633265,48.43296],[39.633265,48.4329599668737],[39.633576,48.433025],[39.63366741923105,48.4328691269226],[39.633801,48.432643],[39.633265,48.43264602824859]]]}},{"type":"Feature","properties":{"cadnum":"4421480800:02:003:0069"},"geometry":{"type":"Polygon","coordinates":[[[39.630144,48.432718],[39.630096,48.432754],[39.63003851798561,48.432788],[39.630037,48.432788],[39.629861,48.432893],[39.629902,48.432902],[39.62990360339943,48.432902],[39.631532,48.433246],[39.631618,48.4331],[39.631654,48.433037],[39.63101532530119,48.432902],[39.631017,48.432902],[39.630144,48.432718]]]}},{"type":"Feature","properties":{"cadnum":"4421480800:02:003:0070"},"geometry":{"type":"Polygon","coordinates":[[[39.63187,48.432665],[39.631878,48.432652],[39.630226,48.432661],[39.630144,48.432718],[39.63047611956523,48.432788],[39.630476,48.432788],[39.631654,48.433037],[39.631752,48.43287],[39.63187,48.432665]]]}},{"type":"Feature","properties":{"cadnum":"4421480800:02:003:0124"},"geometry":{"type":"Polygon","coordinates":[[[39.62895,48.432184],[39.630733,48.432137],[39.630881,48.431934],[39.6301,48.431955],[39.628909,48.431988],[39.62895,48.432184]]]}},{"type":"Feature","properties":{"cadnum":"4421480800:02:003:0130"},"geometry":{"type":"Polygon","coordinates":[[[39.630082,48.431559],[39.631111,48.431532],[39.631182,48.431186],[39.630069,48.431216],[39.630073,48.431362],[39.630082,48.431559]]]}},{"type":"Feature","properties":{"cadnum":"4421480800:02:003:0123"},"geometry":{"type":"Polygon","coordinates":[[[39.628998,48.432405],[39.630562,48.432363],[39.630733,48.432137],[39.62895,48.432184],[39.628998,48.432405]]]}},{"type":"Feature","properties":{"cadnum":"4421480800:02:003:0125"},"geometry":{"type":"Polygon","coordinates":[[[39.628909,48.431988],[39.6301,48.431955],[39.630086,48.431654],[39.628842,48.431687],[39.628909,48.431988]]]}},{"type":"Feature","properties":{"cadnum":"4421480800:02:003:0122"},"geometry":{"type":"Polygon","coordinates":[[[39.629053,48.432665],[39.630262,48.432632],[39.630476,48.43248],[39.630562,48.432363],[39.628998,48.432405],[39.629053,48.432665]]]}},{"type":"Feature","properties":{"cadnum":"4421480800:02:003:0127"},"geometry":{"type":"Polygon","coordinates":[[[39.628779,48.431398],[39.630073,48.431362],[39.630069,48.431216],[39.630063,48.431073],[39.628931,48.431103],[39.628744,48.431237],[39.628779,48.431398]]]}},{"type":"Feature","properties":{"cadnum":"4421480800:02:003:0131"},"geometry":{"type":"Polygon","coordinates":[[[39.630069,48.431216],[39.631182,48.431186],[39.631254,48.430865],[39.630055,48.430894],[39.630063,48.431073],[39.630069,48.431216]]]}},{"type":"Feature","properties":{"cadnum":"4421480800:02:003:0134"},"geometry":{"type":"Polygon","coordinates":[[[39.629839,48.430357],[39.631268,48.430319],[39.631115,48.430027],[39.630446,48.430045],[39.62983,48.430063],[39.629839,48.430357]]]}},{"type":"Feature","properties":{"cadnum":"4421480800:02:003:0135"},"geometry":{"type":"Polygon","coordinates":[[[39.62983,48.430063],[39.630446,48.430045],[39.630289,48.429741],[39.629367,48.429765],[39.629821,48.429928],[39.62983,48.430063]]]}},{"type":"Feature","properties":{"cadnum":"4421480800:02:003:0128"},"geometry":{"type":"Polygon","coordinates":[[[39.628931,48.431103],[39.630063,48.431073],[39.630055,48.430894],[39.630041,48.430596],[39.629623,48.430608],[39.628931,48.431103]]]}},{"type":"Feature","properties":{"cadnum":"4421480800:02:003:0129"},"geometry":{"type":"Polygon","coordinates":[[[39.6301,48.431955],[39.630881,48.431934],[39.631079,48.431672],[39.631111,48.431532],[39.630082,48.431559],[39.630086,48.431654],[39.6301,48.431955]]]}},{"type":"Feature","properties":{"cadnum":"4421480800:02:003:0137"},"geometry":{"type":"Polygon","coordinates":[[[39.629367,48.429765],[39.630289,48.429741],[39.630958,48.429723],[39.630863,48.429538],[39.630041,48.429637],[39.629929,48.429395],[39.62922,48.429416],[39.629295,48.429741],[39.629367,48.429765]]]}},{"type":"Feature","properties":{"cadnum":"4421480800:02:003:0138"},"geometry":{"type":"Polygon","coordinates":[[[39.629786,48.429085],[39.630472,48.42891],[39.629111,48.428945],[39.629182,48.429258],[39.62918340441176,48.429258],[39.62922,48.429416],[39.629929,48.429395],[39.629813,48.429144],[39.62981294219654,48.429144],[39.629786,48.429085]]]}},{"type":"Feature","properties":{"cadnum":"4421480800:02:003:0126"},"geometry":{"type":"Polygon","coordinates":[[[39.628842,48.431687],[39.630086,48.431654],[39.630082,48.431559],[39.630073,48.431362],[39.628779,48.431398],[39.628842,48.431687]]]}},{"type":"Feature","properties":{"cadnum":"4421480800:02:003:0002"},"geometry":{"type":"Polygon","coordinates":[[[39.630966,48.429604],[39.631138,48.42994],[39.631402,48.430441],[39.631407,48.430465],[39.631276,48.431079],[39.633093,48.431098184012065],[39.633093,48.431099],[39.637915,48.431148],[39.63795,48.429675],[39.633093,48.429626],[39.633093,48.429626204436715],[39.630966,48.429604]]]}},{"type":"Feature","properties":{"cadnum":"4421480800:14:001:0083"},"geometry":{"type":"Polygon","coordinates":[[[39.788531,48.402046],[39.788508,48.402052],[39.789624,48.403736],[39.78962456554108,48.403736],[39.792042,48.407383],[39.79204245414365,48.407383],[39.792566,48.408174],[39.792566,48.4081725621118],[39.792717,48.4084],[39.793804,48.407613],[39.793576,48.407269],[39.79357544116095,48.407269],[39.792395,48.405488],[39.792395,48.40548892116477],[39.791158,48.403622],[39.791157455854126,48.403622],[39.789852,48.401652],[39.788531,48.402046]]]}},{"type":"Feature","properties":{"cadnum":"4421480800:14:001:0082"},"geometry":{"type":"Polygon","coordinates":[[[39.788005,48.402147],[39.787192,48.402416],[39.788067,48.403736],[39.788067565541084,48.403736],[39.790485,48.407383],[39.79048555883905,48.407383],[39.791666,48.409164],[39.792395,48.40863345],[39.792395,48.408634],[39.792717,48.4084],[39.792395,48.407915],[39.792395,48.407915644407346],[39.791967,48.407269],[39.79196643445892,48.407269],[39.789549,48.403622],[39.789548451306416,48.403622],[39.788508,48.402052],[39.788005,48.402147]],[[39.790894,48.406421],[39.79106,48.406632],[39.790894,48.406691],[39.790718,48.406527],[39.790894,48.406421]]]}},{"type":"Feature","properties":{"cadnum":"4421480800:11:004:0021"},"geometry":{"type":"Polygon","coordinates":[[[39.721252,48.414012],[39.721155,48.4140130858209],[39.721155,48.414013],[39.719518,48.414029],[39.716032,48.414068],[39.716043375,48.414562],[39.716043,48.414562],[39.716099,48.41692],[39.719536,48.416664],[39.720984,48.416553991352686],[39.720984,48.416555],[39.721405,48.416522],[39.721409,48.416522],[39.721382,48.414571],[39.721252,48.414012]]]}},{"type":"Feature","properties":{"cadnum":"4421480800:19:002:0024"},"geometry":{"type":"Polygon","coordinates":[[[39.693689,48.345155337104075],[39.69396,48.345205],[39.694042,48.344638],[39.694105,48.344301],[39.693689,48.34414721465077],[39.693689,48.344147],[39.692918,48.343861],[39.692308,48.343372],[39.692228,48.34327],[39.691895,48.342874],[39.691895,48.342834],[39.68879,48.34227],[39.688576,48.34379],[39.688517,48.344214],[39.693689,48.345156],[39.693689,48.345155337104075]]]}},{"type":"Feature","properties":{"cadnum":"4421480800:10:003:0015"},"geometry":{"type":"Polygon","coordinates":[[[39.646696,48.411844],[39.646665,48.413263],[39.649572,48.413265832413124],[39.649572,48.413266],[39.653227,48.413269],[39.653271,48.411981],[39.649572,48.411904],[39.649572,48.41190438845144],[39.646696,48.411844]]]}},{"type":"Feature","properties":{"cadnum":"4421480800:10:004:0003"},"geometry":{"type":"Polygon","coordinates":[[[39.647734,48.410293],[39.647637,48.411029],[39.64763721029412,48.411029],[39.647563,48.411596],[39.649744,48.411626],[39.649744,48.411625273127754],[39.654112,48.411683],[39.654213,48.410916],[39.65421193779161,48.410916],[39.654282,48.410386],[39.649744,48.41032241019108],[39.649744,48.410322],[39.647734,48.410293]]]}},{"type":"Feature","properties":{"cadnum":"4421480800:10:005:0015"},"geometry":{"type":"Polygon","coordinates":[[[39.677652,48.410028],[39.677328,48.409661],[39.677038,48.409756],[39.677038,48.40975638827839],[39.676664,48.409879],[39.675882,48.410136],[39.676179,48.410478],[39.677038,48.410215550921436],[39.677038,48.410216],[39.677652,48.410028]]]}},{"type":"Feature","properties":{"cadnum":"4421480800:10:005:0004"},"geometry":{"type":"Polygon","coordinates":[[[39.67029,48.408931],[39.669144,48.409029],[39.667672,48.409098],[39.66759009114449,48.410916],[39.66759,48.410916],[39.66758602668013,48.41100621242164],[39.667585,48.411029],[39.66758502302302,48.411029],[39.667546,48.411915],[39.670309,48.411957],[39.671561,48.411546],[39.671583157142855,48.411029],[39.671584,48.411029],[39.671585,48.411029],[39.671678,48.408912],[39.67029,48.408931]]]}},{"type":"Feature","properties":{"cadnum":"4421480800:10:005:0006"},"geometry":{"type":"Polygon","coordinates":[[[39.677328,48.409661],[39.677949,48.409458],[39.678846,48.409369],[39.680221,48.409232],[39.681798,48.409074],[39.681865,48.409068],[39.681788,48.408552],[39.680917,48.407953],[39.679938,48.407875],[39.679337,48.408004],[39.679094,48.408001],[39.678591,48.407997],[39.678322,48.407968],[39.677119441293655,48.40800452631584],[39.676744,48.408015],[39.676664,48.409879],[39.67721,48.4097],[39.67721,48.40969965517242],[39.677328,48.409661]],[[39.680882,48.408081],[39.680895,48.408054],[39.680935,48.408061],[39.680926,48.408087],[39.680882,48.408081]],[[39.680217,48.407953],[39.68023,48.407926],[39.68027,48.407932],[39.680261,48.407962],[39.680217,48.407953]]]}},{"type":"Feature","properties":{"cadnum":"4421480800:10:005:0005"},"geometry":{"type":"Polygon","coordinates":[[[39.675882,48.410136],[39.676664,48.409879],[39.676744,48.408015],[39.676659,48.408019],[39.67423,48.408427],[39.673659,48.408525],[39.672815,48.408582],[39.671727,48.408912],[39.671717,48.408912],[39.671678,48.408912],[39.671589017477565,48.410916],[39.671589,48.410916],[39.671588,48.410916],[39.671561,48.411546],[39.671717,48.411495],[39.671717,48.41149495643756],[39.672594,48.411208],[39.673491,48.410916],[39.67348841469816,48.410916],[39.67431,48.410648],[39.675882,48.410136]]]}},{"type":"Feature","properties":{"cadnum":"4421480800:10:005:0009"},"geometry":{"type":"Polygon","coordinates":[[[39.677038,48.410245],[39.677038,48.410245459686244],[39.674469,48.411029],[39.67447077335984,48.411029],[39.671545,48.411922],[39.671545,48.41192270238095],[39.671381,48.411972],[39.671545,48.41197444047619],[39.671545,48.411975],[39.672244,48.411984],[39.672635,48.41222],[39.674324,48.412309],[39.677038,48.412332510048515],[39.677038,48.412333],[39.677165101122576,48.41233361106309],[39.67721,48.412334],[39.67721,48.412333826923074],[39.677454,48.412335],[39.678977,48.412353],[39.679978,48.412371],[39.678647990378,48.411029],[39.678649,48.411029],[39.677679,48.410049],[39.677038,48.410245]]]}},{"type":"Feature","properties":{"cadnum":"4421480800:10:005:0014"},"geometry":{"type":"Polygon","coordinates":[[[39.674584,48.410964],[39.676179,48.410478],[39.675882,48.410136],[39.67431,48.410648],[39.674584,48.410964]]]}},{"type":"Feature","properties":{"cadnum":"4421480800:15:003:0089"},"geometry":{"type":"Polygon","coordinates":[[[39.754114,48.39636175510204],[39.754138,48.396374],[39.75428,48.396442],[39.7542803255814,48.396442],[39.754318,48.39646],[39.754736,48.396684],[39.754939,48.39652],[39.75479721875,48.396442],[39.754798,48.396442],[39.754516,48.396287],[39.754114,48.39605518466899],[39.754114,48.396055],[39.753924,48.395945],[39.753685,48.396141],[39.753942,48.396273393939396],[39.753942,48.396274],[39.75406449999961,48.396336499999805],[39.754114,48.396362],[39.754114,48.39636175510204]]]}},{"type":"Feature","properties":{"cadnum":"4421480800:15:003:0085"},"geometry":{"type":"Polygon","coordinates":[[[39.755702,48.395635],[39.756025,48.395363],[39.755859,48.395277],[39.755532,48.395557],[39.755702,48.395635]]]}},{"type":"Feature","properties":{"cadnum":"4421480800:15:005:0003"},"geometry":{"type":"Polygon","coordinates":[[[39.759607,48.3949956740413],[39.760122,48.395279],[39.76048,48.394996],[39.759727,48.394659],[39.759444,48.394906],[39.759607,48.394997],[39.759607,48.3949956740413]]]}},{"type":"Feature","properties":{"cadnum":"4421480800:15:003:0084"},"geometry":{"type":"Polygon","coordinates":[[[39.755532,48.395557],[39.755859,48.395277],[39.755213,48.394943],[39.754853,48.395244],[39.755532,48.395557]]]}},{"type":"Feature","properties":{"cadnum":"4421480800:18:001:0023"},"geometry":{"type":"Polygon","coordinates":[[[39.691041,48.363585],[39.690794,48.363132],[39.69014235443038,48.363492],[39.690142,48.363492],[39.689168,48.36403],[39.688196,48.36438121259843],[39.688196,48.364381],[39.686415,48.365023],[39.686396,48.365522],[39.686756,48.365581],[39.688025,48.3649905625],[39.688025,48.364991],[39.69099595305833,48.363606],[39.690996,48.363606],[39.691041,48.363585]]]}},{"type":"Feature","properties":{"cadnum":"4421480800:19:004:0002"},"geometry":{"type":"Polygon","coordinates":[[[39.710336,48.354584],[39.710169,48.3545431120944],[39.710169,48.354543],[39.709799,48.354452],[39.70912,48.354282],[39.708495,48.35413],[39.708468,48.354187],[39.707755,48.355419],[39.708459,48.355512],[39.70943,48.355598],[39.709757,48.355593],[39.710169,48.354877],[39.710169,48.35487514159292],[39.710336,48.354584]]]}},{"type":"Feature","properties":{"cadnum":"4421480800:14:003:0019"},"geometry":{"type":"Polygon","coordinates":[[[39.7896,48.388789],[39.788088,48.389147],[39.788089530303026,48.389147],[39.787073,48.389388189934095],[39.787073,48.389388],[39.784439,48.390012],[39.785306,48.391355],[39.786901,48.39097678551217],[39.786901,48.390977],[39.792566,48.389635],[39.792566,48.38963425631769],[39.792672,48.389609],[39.792395,48.38958],[39.792395,48.389580477044476],[39.791172,48.389448],[39.79020506298952,48.38904389238736],[39.789869,48.388903],[39.7896,48.388789]]]}},{"type":"Feature","properties":{"cadnum":"4421480800:14:003:0033"},"geometry":{"type":"Polygon","coordinates":[[[39.789869,48.388903],[39.79017908196721,48.389033],[39.790179,48.389033],[39.79020506298952,48.38904389238736],[39.790451,48.389147],[39.79045177590362,48.389147],[39.791172,48.389448],[39.792566,48.389599],[39.792566,48.38959790252708],[39.792672,48.389609],[39.79375,48.389723],[39.79420719770738,48.38908440401195],[39.794401,48.388816],[39.792395,48.388603],[39.792395,48.38860379439655],[39.790246,48.388375],[39.789869,48.388903]]]}},{"type":"Feature","properties":{"cadnum":"4421480800:11:002:0058"},"geometry":{"type":"Polygon","coordinates":[[[39.734588,48.4282],[39.734991,48.428027],[39.733953,48.426924],[39.73355,48.4271],[39.734588,48.4282]]]}},{"type":"Feature","properties":{"cadnum":"4421480800:11:002:0086"},"geometry":{"type":"Polygon","coordinates":[[[39.735005,48.426474],[39.735162,48.426405],[39.735333,48.426334],[39.734745,48.425709],[39.734502,48.425732],[39.734322,48.425756],[39.735005,48.426474]]]}},{"type":"Feature","properties":{"cadnum":"4421480800:11:002:0064"},"geometry":{"type":"Polygon","coordinates":[[[39.737039,48.427148],[39.737488,48.426957],[39.736573,48.425983],[39.736092,48.426144],[39.737039,48.427148]]]}},{"type":"Feature","properties":{"cadnum":"4421480800:11:002:0072"},"geometry":{"type":"Polygon","coordinates":[[[39.733967,48.426921],[39.734358,48.426752],[39.734443,48.426716],[39.733626,48.425846],[39.733096,48.425914],[39.733024,48.425919],[39.733967,48.426921]]]}},{"type":"Feature","properties":{"cadnum":"4421480800:11:002:0051"},"geometry":{"type":"Polygon","coordinates":[[[39.737463,48.42851324],[39.737463,48.428514],[39.73755166666664,48.42847600000001],[39.737635,48.428441],[39.737635,48.42844028571429],[39.737848,48.428349],[39.737463,48.42794],[39.737463,48.42794006234414],[39.736833,48.42727],[39.73642,48.427446],[39.737435,48.428525],[39.737463,48.42851324]]]}},{"type":"Feature","properties":{"cadnum":"4421480800:11:002:0061"},"geometry":{"type":"Polygon","coordinates":[[[39.7358,48.427681],[39.736204,48.427509],[39.735162,48.426405],[39.735005,48.426474],[39.734762,48.426579],[39.7358,48.427681]]]}},{"type":"Feature","properties":{"cadnum":"4421480800:11:002:0060"},"geometry":{"type":"Polygon","coordinates":[[[39.735395,48.427854],[39.7358,48.427681],[39.734762,48.426579],[39.734708,48.426602],[39.734443,48.426716],[39.734358,48.426752],[39.735395,48.427854]]]}},{"type":"Feature","properties":{"cadnum":"4421480800:11:002:0050"},"geometry":{"type":"Polygon","coordinates":[[[39.737022,48.4287],[39.737435,48.428525],[39.73642,48.427446],[39.736007,48.427625],[39.737022,48.4287]]]}},{"type":"Feature","properties":{"cadnum":"4421480800:11:002:0059"},"geometry":{"type":"Polygon","coordinates":[[[39.734991,48.428027],[39.735395,48.427854],[39.734358,48.426752],[39.733967,48.426921],[39.733953,48.426924],[39.734991,48.428027]]]}},{"type":"Feature","properties":{"cadnum":"4421480800:11:002:0065"},"geometry":{"type":"Polygon","coordinates":[[[39.737635,48.426892],[39.737635,48.42689166666667],[39.737641,48.426889],[39.737635,48.42684779245279],[39.737635,48.426843],[39.737588,48.426525],[39.737362,48.42572],[39.736573,48.425983],[39.737488,48.426957],[39.737635,48.426892]]]}},{"type":"Feature","properties":{"cadnum":"4421480800:11:002:0057"},"geometry":{"type":"Polygon","coordinates":[[[39.734049,48.428433],[39.734588,48.4282],[39.73355,48.4271],[39.73342,48.427154],[39.733011,48.42733],[39.734049,48.428433]]]}},{"type":"Feature","properties":{"cadnum":"4421480800:11:002:0074"},"geometry":{"type":"Polygon","coordinates":[[[39.734708,48.426602],[39.734762,48.426579],[39.735005,48.426474],[39.734322,48.425756],[39.733959,48.425804],[39.734708,48.426602]]]}},{"type":"Feature","properties":{"cadnum":"4421480800:11:002:0046"},"geometry":{"type":"Polygon","coordinates":[[[39.735787,48.429231],[39.734771,48.428155],[39.734236,48.428385],[39.73495239862543,48.429144],[39.734952,48.429144],[39.73502086543533,48.42921653825855],[39.73506,48.429258],[39.7350602278481,48.429258],[39.735252,48.42946],[39.735624,48.429303],[39.73572587500001,48.429258],[39.735726,48.429258],[39.735787,48.429231]]]}},{"type":"Feature","properties":{"cadnum":"4421480800:11:002:0084"},"geometry":{"type":"Polygon","coordinates":[[[39.732817,48.428992],[39.732211,48.429252],[39.732215,48.429258],[39.73221664411492,48.429258],[39.733226,48.430331],[39.733806,48.430081],[39.733833,48.430068],[39.73296,48.429144],[39.73295985714286,48.429144],[39.732817,48.428992]]]}},{"type":"Feature","properties":{"cadnum":"4421480800:11:002:0071"},"geometry":{"type":"Polygon","coordinates":[[[39.73342,48.427154],[39.73355,48.4271],[39.733953,48.426924],[39.733967,48.426921],[39.733024,48.425919],[39.732355,48.425979],[39.732324,48.425988],[39.73342,48.427154]]]}},{"type":"Feature","properties":{"cadnum":"4421480800:11:002:0056"},"geometry":{"type":"Polygon","coordinates":[[[39.73333,48.42874],[39.734049,48.428433],[39.733011,48.42733],[39.732758,48.427437],[39.732292,48.42764],[39.73333,48.42874]]]}},{"type":"Feature","properties":{"cadnum":"4421480800:11:002:0087"},"geometry":{"type":"Polygon","coordinates":[[[39.735333,48.426334],[39.735567,48.426233],[39.735616,48.426212],[39.735387,48.425649],[39.734745,48.425709],[39.735333,48.426334]]]}},{"type":"Feature","properties":{"cadnum":"4421480800:11:002:0073"},"geometry":{"type":"Polygon","coordinates":[[[39.734443,48.426716],[39.734708,48.426602],[39.733959,48.425804],[39.733626,48.425846],[39.734443,48.426716]]]}},{"type":"Feature","properties":{"cadnum":"4421480800:11:002:0063"},"geometry":{"type":"Polygon","coordinates":[[[39.736603,48.427335],[39.737039,48.427148],[39.736092,48.426144],[39.735647,48.42629],[39.735616,48.426212],[39.735567,48.426233],[39.736603,48.427335]]]}},{"type":"Feature","properties":{"cadnum":"4421480800:11:002:0052"},"geometry":{"type":"Polygon","coordinates":[[[39.737635,48.428122722077916],[39.737848,48.428349],[39.737857,48.428343],[39.737645,48.426921],[39.737463,48.427],[39.737463,48.42700056109726],[39.736833,48.42727],[39.737635,48.428123],[39.737635,48.428122722077916]]]}},{"type":"Feature","properties":{"cadnum":"4421480800:11:002:0049"},"geometry":{"type":"Polygon","coordinates":[[[39.736609,48.428879],[39.737003,48.428709],[39.737022,48.4287],[39.736007,48.427625],[39.735593,48.427801],[39.736609,48.428879]]]}},{"type":"Feature","properties":{"cadnum":"4421480800:11:002:0062"},"geometry":{"type":"Polygon","coordinates":[[[39.736204,48.427509],[39.736603,48.427335],[39.735567,48.426233],[39.735333,48.426334],[39.735162,48.426405],[39.736204,48.427509]]]}},{"type":"Feature","properties":{"cadnum":"4421480800:11:002:0037"},"geometry":{"type":"Polygon","coordinates":[[[39.736087,48.429103],[39.735990906249995,48.429144],[39.73599,48.429144],[39.735787,48.429231],[39.735624,48.429303],[39.736919,48.430677],[39.737295,48.430572],[39.737372,48.430465],[39.73616441666682,48.429185755747284],[39.736087,48.429103]]]}},{"type":"Feature","properties":{"cadnum":"4421480800:17:005:0005"},"geometry":{"type":"Polygon","coordinates":[[[39.750729,48.384389],[39.749544,48.385287],[39.749655867924524,48.385385],[39.749655,48.385385],[39.753942,48.38912518877551],[39.753942,48.389126],[39.75406552500024,48.38923265000021],[39.754114,48.389275],[39.754114,48.38927450273224],[39.754125,48.389284],[39.75448196414342,48.389147],[39.754482,48.389147],[39.755509,48.388754],[39.756016,48.388652],[39.753942,48.38684],[39.753942,48.38684062874252],[39.752277,48.385385],[39.75227652238805,48.385385],[39.75095,48.384226],[39.750729,48.384389]]]}},{"type":"Feature","properties":{"cadnum":"4421480800:13:001:0039"},"geometry":{"type":"Polygon","coordinates":[[[39.783298,48.443386],[39.784097,48.443037],[39.784233,48.442989],[39.782952,48.440183],[39.781875,48.440263],[39.782332,48.44127],[39.782827,48.442349],[39.783298,48.443386]]]}},{"type":"Feature","properties":{"cadnum":"4421480800:13:001:0040"},"geometry":{"type":"Polygon","coordinates":[[[39.784233,48.442989],[39.784493,48.442894],[39.785189,48.442549],[39.785162,48.442507],[39.785198,48.442495],[39.785328,48.442456],[39.784273,48.440138],[39.783581,48.440135],[39.782952,48.440183],[39.784233,48.442989]],[[39.78328,48.440773],[39.783294,48.440761],[39.783317,48.440761],[39.783325,48.440773],[39.783311,48.440787],[39.783294,48.440787],[39.78328,48.440773]],[[39.784013,48.441419],[39.783994,48.441416],[39.783986,48.441401],[39.783999,48.441392],[39.784021,48.441396],[39.78403,48.441407],[39.784013,48.441419]],[[39.784659,48.442084],[39.784493,48.442015],[39.784569,48.441896],[39.784749,48.441902],[39.784848,48.441995],[39.784659,48.442084]]]}},{"type":"Feature","properties":{"cadnum":"4421480800:13:001:0047"},"geometry":{"type":"Polygon","coordinates":[[[39.782503,48.443735],[39.783298,48.443386],[39.782827,48.442349],[39.781992,48.442611],[39.782503,48.443735]]]}},{"type":"Feature","properties":{"cadnum":"4421480800:13:001:0048"},"geometry":{"type":"Polygon","coordinates":[[[39.781992,48.442611],[39.782827,48.442349],[39.782332,48.44127],[39.781497,48.441529],[39.781663,48.441899],[39.781992,48.442611]]]}},{"type":"Feature","properties":{"cadnum":"4421480800:14:002:0024"},"geometry":{"type":"Polygon","coordinates":[[[39.814096,48.429169],[39.814182,48.429144],[39.81418185271318,48.429144],[39.81441030726267,48.42907747486031],[39.814775,48.428972],[39.814539,48.42859949019609],[39.814539,48.428599],[39.81336,48.426736],[39.81328,48.42676],[39.811955,48.427165],[39.81320783086479,48.429144],[39.813207,48.429144],[39.813365,48.429392],[39.813473,48.429356],[39.81379949197862,48.429258],[39.8138,48.429258],[39.814096,48.429169]]]}},{"type":"Feature","properties":{"cadnum":"4421480800:14:002:0023"},"geometry":{"type":"Polygon","coordinates":[[[39.811955,48.427165],[39.811865,48.427193],[39.810517,48.427604],[39.811564,48.429258],[39.811564369109945,48.429258],[39.811977,48.429908],[39.812205,48.429767],[39.813365,48.429392],[39.81327962903225,48.429258],[39.81328,48.429258],[39.811955,48.427165]],[[39.81244,48.428724],[39.812758,48.428653],[39.813006,48.428945],[39.812597,48.429031],[39.81244,48.428724]]]}},{"type":"Feature","properties":{"cadnum":"4421480800:14:002:0022"},"geometry":{"type":"Polygon","coordinates":[[[39.810517,48.427604],[39.810414,48.427637],[39.809448,48.427932],[39.809251,48.427991],[39.809979928966065,48.429144],[39.809979,48.429144],[39.810809,48.430453],[39.811339,48.430215],[39.811398,48.430187],[39.811802,48.429997],[39.811951,48.429926],[39.811977,48.429908],[39.811492,48.429144],[39.81149183675937,48.429144],[39.810517,48.427604]]]}},{"type":"Feature","properties":{"cadnum":"4421480800:02:003:0121"},"geometry":{"type":"Polygon","coordinates":[[[39.637803,48.432626],[39.635845,48.432634],[39.63656902985076,48.432788],[39.636569,48.432788],[39.63659141305313,48.43279276087162],[39.637105,48.432902],[39.637105684931484,48.432902],[39.6376,48.433007],[39.63765,48.432912],[39.637716,48.432788],[39.63771554347826,48.432788],[39.637803,48.432626]]]}},{"type":"Feature","properties":{"cadnum":"4421480800:02:003:0081"},"geometry":{"type":"Polygon","coordinates":[[[39.633093,48.43385318705035],[39.633093,48.433854],[39.633185,48.433695],[39.631478,48.433338],[39.631421,48.433439],[39.631339,48.433576],[39.633046,48.433934],[39.633093,48.43385318705035]]]}},{"type":"Feature","properties":{"cadnum":"4421480800:02:003:0095"},"geometry":{"type":"Polygon","coordinates":[[[39.633265,48.43444820459017],[39.634618,48.434733],[39.634748,48.434515],[39.634753,48.434503],[39.633093,48.434154],[39.633093,48.434154314685316],[39.632979,48.43413],[39.632843,48.43436],[39.633265,48.434449],[39.633265,48.43444820459017]]]}},{"type":"Feature","properties":{"cadnum":"4421480800:02:003:0118"},"geometry":{"type":"Polygon","coordinates":[[[39.637287,48.433597],[39.637394,48.433397],[39.63562,48.433022],[39.635516,48.433198],[39.635503,48.433219],[39.637287,48.433597]]]}},{"type":"Feature","properties":{"cadnum":"4421480800:02:003:0105"},"geometry":{"type":"Polygon","coordinates":[[[39.63504,48.436312],[39.633845,48.436058],[39.633822,48.436104],[39.633684,48.436336],[39.633648,48.436405],[39.634323,48.436547],[39.63432349999999,48.436547],[39.634694,48.436625],[39.63484240000274,48.43649059999752],[39.63504,48.436312]]]}},{"type":"Feature","properties":{"cadnum":"4421480800:02:003:0101"},"geometry":{"type":"Polygon","coordinates":[[[39.633738,48.432825],[39.633692,48.432902],[39.633692445026185,48.432902],[39.633625,48.433016],[39.635404,48.433392],[39.635503,48.433219],[39.635516,48.433198],[39.63410504021447,48.432902],[39.634107,48.432902],[39.633738,48.432825]]]}},{"type":"Feature","properties":{"cadnum":"4421480800:02:003:0104"},"geometry":{"type":"Polygon","coordinates":[[[39.633648,48.436405],[39.633561,48.436547],[39.63356175555556,48.436547],[39.633549,48.436568],[39.633415,48.4368],[39.634348,48.436994],[39.634451,48.436845],[39.634694,48.436625],[39.633782,48.436433],[39.633781098591555,48.436433],[39.633648,48.436405]]]}},{"type":"Feature","properties":{"cadnum":"4421480800:02:003:0120"},"geometry":{"type":"Polygon","coordinates":[[[39.635845,48.432634],[39.63575529896907,48.432788],[39.635755,48.432788],[39.635732,48.432828],[39.636082,48.432902],[39.63608310215053,48.432902],[39.637497,48.4332],[39.6376,48.433007],[39.63659141305313,48.43279276087162],[39.635845,48.432634]]]}},{"type":"Feature","properties":{"cadnum":"4421480800:02:003:0083"},"geometry":{"type":"Polygon","coordinates":[[[39.633265,48.43319],[39.631752,48.43287],[39.631654,48.433037],[39.631618,48.4331],[39.633093,48.433408075288405],[39.633093,48.433409],[39.633325,48.433457],[39.633459,48.433231],[39.633265,48.43319018579235],[39.633265,48.43319]]]}},{"type":"Feature","properties":{"cadnum":"4421480800:02:003:0107"},"geometry":{"type":"Polygon","coordinates":[[[39.63535,48.436032],[39.635629,48.435778],[39.634187,48.435475],[39.634092,48.435641],[39.634025,48.435755],[39.63535,48.436032]]]}},{"type":"Feature","properties":{"cadnum":"4421480800:02:003:0082"},"geometry":{"type":"Polygon","coordinates":[[[39.633265,48.43356],[39.633265,48.433558999999995],[39.633325,48.433457],[39.633265,48.433444586206896],[39.633265,48.433444],[39.631618,48.4331],[39.631532,48.433246],[39.631478,48.433338],[39.633093,48.433675759226716],[39.633093,48.433676],[39.633185,48.433695],[39.633265,48.43356]]]}},{"type":"Feature","properties":{"cadnum":"4421480800:02:003:0088"},"geometry":{"type":"Polygon","coordinates":[[[39.633265,48.43624737901861],[39.633684,48.436336],[39.633822,48.436104],[39.633265,48.43598633470507],[39.633265,48.435986],[39.632044,48.435728],[39.63191,48.435961],[39.633265,48.436248],[39.633265,48.43624737901861]]]}},{"type":"Feature","properties":{"cadnum":"4421480800:02:003:0103"},"geometry":{"type":"Polygon","coordinates":[[[39.635845,48.432634],[39.633872,48.432643],[39.6346388749876,48.43280487499738],[39.635624,48.433013],[39.635732,48.432828],[39.635845,48.432634]]]}},{"type":"Feature","properties":{"cadnum":"4421480800:02:003:0117"},"geometry":{"type":"Polygon","coordinates":[[[39.63717,48.433797],[39.637232,48.433701],[39.637287,48.433597],[39.635503,48.433219],[39.635404,48.433392],[39.635386,48.433421],[39.63717,48.433797]]]}},{"type":"Feature","properties":{"cadnum":"4421480800:02:003:0090"},"geometry":{"type":"Polygon","coordinates":[[[39.632314,48.435266],[39.63218,48.435499],[39.633093,48.43569169769585],[39.633093,48.435692],[39.633958,48.435874],[39.634025,48.435755],[39.634092,48.435641],[39.633093,48.43543],[39.633093,48.4354306466877],[39.632314,48.435266]]]}},{"type":"Feature","properties":{"cadnum":"4421480800:02:003:0092"},"geometry":{"type":"Polygon","coordinates":[[[39.633265,48.434957],[39.632579,48.434813],[39.632449,48.435037],[39.633093,48.435173534313726],[39.633093,48.435174],[39.634223,48.435412],[39.63434,48.435215],[39.634358,48.435186],[39.633265,48.434957031620556],[39.633265,48.434957]]]}},{"type":"Feature","properties":{"cadnum":"4421480800:02:003:0109"},"geometry":{"type":"Polygon","coordinates":[[[39.635889,48.435543],[39.636132,48.435323],[39.634478,48.434974],[39.634358,48.435186],[39.63434,48.435215],[39.635889,48.435543]]]}},{"type":"Feature","properties":{"cadnum":"4421480800:02:003:0119"},"geometry":{"type":"Polygon","coordinates":[[[39.635688,48.432902],[39.6356888,48.432902],[39.635624,48.433013],[39.63562,48.433022],[39.637394,48.433397],[39.637497,48.4332],[39.635732,48.432828],[39.635688,48.432902]]]}},{"type":"Feature","properties":{"cadnum":"4421480800:02:003:0098"},"geometry":{"type":"Polygon","coordinates":[[[39.635027,48.434039],[39.635139,48.433845],[39.635162,48.433805],[39.633383,48.433434],[39.633248,48.433666],[39.635027,48.434039]]]}},{"type":"Feature","properties":{"cadnum":"4421480800:02:003:0093"},"geometry":{"type":"Polygon","coordinates":[[[39.633265,48.434704],[39.632709,48.434587],[39.632579,48.434813],[39.633093,48.43492089504373],[39.633093,48.434921],[39.634358,48.435186],[39.634478,48.434974],[39.634488,48.434962],[39.633265,48.43470512616487],[39.633265,48.434704]]]}},{"type":"Feature","properties":{"cadnum":"4421480800:02:003:0112"},"geometry":{"type":"Polygon","coordinates":[[[39.636442,48.434872],[39.63659,48.434649],[39.634879,48.434289],[39.634753,48.434503],[39.634748,48.434515],[39.636442,48.434872]]]}},{"type":"Feature","properties":{"cadnum":"4421480800:02:003:0099"},"geometry":{"type":"Polygon","coordinates":[[[39.635162,48.433805],[39.635265,48.433627],[39.635287,48.433595],[39.633509,48.433219],[39.633383,48.433434],[39.635162,48.433805]]]}},{"type":"Feature","properties":{"cadnum":"4421480800:02:003:0110"},"geometry":{"type":"Polygon","coordinates":[[[39.636132,48.435323],[39.636149,48.435305],[39.636289,48.435097],[39.634614,48.434744],[39.634488,48.434962],[39.634478,48.434974],[39.636132,48.435323]]]}},{"type":"Feature","properties":{"cadnum":"4421480800:02:003:0096"},"geometry":{"type":"Polygon","coordinates":[[[39.633265,48.434190161445784],[39.634753,48.434503],[39.634879,48.434289],[39.634887,48.434273],[39.633113,48.433898],[39.632979,48.43413],[39.633265,48.434191],[39.633265,48.434190161445784]]]}},{"type":"Feature","properties":{"cadnum":"4421480800:02:003:0097"},"geometry":{"type":"Polygon","coordinates":[[[39.633265,48.4339301307779],[39.634887,48.434273],[39.635009,48.434065],[39.635027,48.434039],[39.633265,48.433669564362006],[39.633265,48.433669],[39.633248,48.433666],[39.633113,48.433898],[39.633265,48.433931],[39.633265,48.4339301307779]]]}},{"type":"Feature","properties":{"cadnum":"4421480800:02:003:0111"},"geometry":{"type":"Polygon","coordinates":[[[39.636289,48.435097],[39.636442,48.434872],[39.634748,48.434515],[39.634618,48.434733],[39.634614,48.434744],[39.636289,48.435097]]]}},{"type":"Feature","properties":{"cadnum":"4421480800:02:003:0089"},"geometry":{"type":"Polygon","coordinates":[[[39.633265,48.435728],[39.63218,48.435499],[39.632044,48.435728],[39.633093,48.43594965601966],[39.633093,48.43595],[39.633822,48.436104],[39.633845,48.436058],[39.633958,48.435874],[39.633265,48.43572818959538],[39.633265,48.435728]]]}},{"type":"Feature","properties":{"cadnum":"4421480800:02:003:0100"},"geometry":{"type":"Polygon","coordinates":[[[39.635287,48.433595],[39.635386,48.433421],[39.635404,48.433392],[39.633625,48.433016],[39.633509,48.433219],[39.635287,48.433595]]]}},{"type":"Feature","properties":{"cadnum":"4421480800:02:003:0113"},"geometry":{"type":"Polygon","coordinates":[[[39.63659,48.434649],[39.636742,48.434428],[39.635009,48.434065],[39.634887,48.434273],[39.634879,48.434289],[39.63659,48.434649]]]}},{"type":"Feature","properties":{"cadnum":"4421480800:02:003:0091"},"geometry":{"type":"Polygon","coordinates":[[[39.633265,48.435466328328324],[39.634092,48.435641],[39.634187,48.435475],[39.634223,48.435412],[39.633265,48.435210226548676],[39.633265,48.43521],[39.632449,48.435037],[39.632314,48.435266],[39.633265,48.435467],[39.633265,48.435466328328324]]]}},{"type":"Feature","properties":{"cadnum":"4421480800:02:003:0115"},"geometry":{"type":"Polygon","coordinates":[[[39.636887,48.434211],[39.63703,48.433999],[39.635265,48.433627],[39.635162,48.433805],[39.635139,48.433845],[39.636887,48.434211]]]}},{"type":"Feature","properties":{"cadnum":"4421480800:02:003:0102"},"geometry":{"type":"Polygon","coordinates":[[[39.6346388749876,48.43280487499738],[39.634559,48.432788],[39.634558930501946,48.432788],[39.633872,48.432643],[39.633841,48.432643],[39.63375893956044,48.432788],[39.633758,48.432788],[39.633738,48.432825],[39.635516,48.433198],[39.63562,48.433022],[39.635624,48.433013],[39.635098599999985,48.432902],[39.635099,48.432902],[39.6346388749876,48.43280487499738]]]}},{"type":"Feature","properties":{"cadnum":"4421480800:02:003:0094"},"geometry":{"type":"Polygon","coordinates":[[[39.632843,48.43436],[39.632709,48.434587],[39.633093,48.434667805755396],[39.633093,48.434669],[39.634488,48.434962],[39.634614,48.434744],[39.634618,48.434733],[39.633093,48.434412],[39.633093,48.434412725118484],[39.632843,48.43436]]]}},{"type":"Feature","properties":{"cadnum":"4421480800:02:003:0114"},"geometry":{"type":"Polygon","coordinates":[[[39.636742,48.434428],[39.636887,48.434211],[39.635139,48.433845],[39.635027,48.434039],[39.635009,48.434065],[39.636742,48.434428]]]}},{"type":"Feature","properties":{"cadnum":"4421480800:02:003:0087"},"geometry":{"type":"Polygon","coordinates":[[[39.63191,48.435961],[39.631775,48.436193],[39.633093,48.4364716375839],[39.633093,48.436472],[39.633447,48.436547],[39.633449249999984,48.436547],[39.633549,48.436568],[39.633631,48.436433],[39.63363084507042,48.436433],[39.633648,48.436405],[39.633684,48.436336],[39.633093,48.436211],[39.633093,48.43621156900369],[39.63191,48.435961]]]}},{"type":"Feature","properties":{"cadnum":"4421480800:02:003:0108"},"geometry":{"type":"Polygon","coordinates":[[[39.635629,48.435778],[39.635889,48.435543],[39.63434,48.435215],[39.634223,48.435412],[39.634187,48.435475],[39.635629,48.435778]]]}},{"type":"Feature","properties":{"cadnum":"4421480800:13:003:0117"},"geometry":{"type":"Polygon","coordinates":[[[39.794001,48.426802],[39.795515,48.426456],[39.794657,48.426158],[39.793368,48.425735],[39.793202,48.425658],[39.792395,48.425823],[39.792395,48.42582390430042],[39.790915,48.426126],[39.790404,48.426218],[39.791307,48.427225],[39.792395,48.42706599126291],[39.792395,48.427067],[39.79273,48.427017],[39.792785,48.427076],[39.794001,48.426802]],[[39.793131,48.425759],[39.793144,48.425732],[39.793185,48.425741],[39.793171,48.425768],[39.793131,48.425759]]]}},{"type":"Feature","properties":{"cadnum":"4421480800:17:005:0016"},"geometry":{"type":"Polygon","coordinates":[[[39.720816,48.402201],[39.718741,48.400776],[39.718009,48.400275],[39.717218,48.40102],[39.720984,48.403602727965456],[39.720984,48.403603],[39.721178,48.403736],[39.7211791954023,48.403736],[39.72634,48.407276],[39.726336,48.40716],[39.726309,48.406024],[39.726309,48.405967],[39.723273,48.403882],[39.722892,48.403622],[39.72289149577465,48.403622],[39.720984,48.402316],[39.720984,48.402316469026545],[39.720816,48.402201]]]}},{"type":"Feature","properties":{"cadnum":"4421480800:17:005:0011"},"geometry":{"type":"Polygon","coordinates":[[[39.726875146094955,48.407301010075365],[39.732141,48.408681],[39.732141,48.408680699088144],[39.734273,48.409238],[39.734502,48.40911],[39.734083,48.408872],[39.73385,48.408573],[39.733536,48.407917],[39.73197,48.407507],[39.73197,48.40750715013902],[39.731062,48.407269],[39.73106089277565,48.407269],[39.726477,48.406068],[39.726477,48.40606810619469],[39.726309,48.406024],[39.726336,48.40716],[39.726648,48.407242],[39.726648,48.40724167134831],[39.726875146094955,48.407301010075365]]]}},{"type":"Feature","properties":{"cadnum":"4421480800:17:005:0014"},"geometry":{"type":"Polygon","coordinates":[[[39.716382,48.402389],[39.716567,48.402275],[39.717586,48.402607],[39.717586,48.402493],[39.716468,48.40173],[39.715835,48.402425],[39.715839,48.402476],[39.715848,48.402496],[39.716105,48.403006],[39.716342,48.403355],[39.71671411811023,48.403622],[39.716713,48.403622],[39.720403,48.406268],[39.720984,48.40668829787234],[39.720984,48.406689],[39.72178767278798,48.407269],[39.721787,48.407269],[39.721814,48.407288],[39.722007,48.407383],[39.72200732500001,48.407383],[39.722221,48.407488],[39.724427,48.40812],[39.726017,48.408821],[39.726389,48.409414],[39.726372,48.408582],[39.726372,48.408516],[39.724602,48.4073],[39.724554,48.407297],[39.724461,48.407383],[39.724462669421484,48.407383],[39.724297,48.407539],[39.723835,48.407269],[39.7238348094435,48.407269],[39.720984,48.405604],[39.720984,48.405604050420166],[39.720084,48.405078],[39.719944,48.405004],[39.719495,48.404524],[39.71834794456763,48.403736],[39.718348,48.403736],[39.717074,48.40286],[39.716382,48.402389]]]}},{"type":"Feature","properties":{"cadnum":"4421480800:17:005:0015"},"geometry":{"type":"Polygon","coordinates":[[[39.717218,48.40102],[39.716468,48.40173],[39.717586,48.402493],[39.717586,48.402607],[39.718004,48.402806],[39.719343,48.403707],[39.720066,48.404107],[39.721155,48.404807],[39.721155,48.40480584951457],[39.721602,48.405093],[39.724516497277676,48.407269],[39.724516,48.407269],[39.724554,48.407297],[39.724602,48.4073],[39.724721,48.407383],[39.72472281414474,48.407383],[39.726372,48.408516],[39.726342761290326,48.407383],[39.726343,48.407383],[39.72634,48.407276],[39.721013,48.403622],[39.721012101481485,48.403622],[39.717218,48.40102]]]}},{"type":"Feature","properties":{"cadnum":"4421480800:02:001:0043"},"geometry":{"type":"Polygon","coordinates":[[[39.62209208695653,48.454766],[39.622086,48.45479],[39.62222207766922,48.45495938834866],[39.622985,48.45591],[39.623098,48.456151],[39.623354,48.456699],[39.62672280547264,48.454766],[39.626723,48.454766],[39.626857,48.454689],[39.622136,48.454599],[39.62212203592814,48.454652],[39.622121,48.454652],[39.62209432599123,48.45475717180604],[39.622092,48.454766],[39.62209208695653,48.454766]]]}},{"type":"Feature","properties":{"cadnum":"4421480800:02:001:0007"},"geometry":{"type":"Polygon","coordinates":[[[39.622278,48.45455894588523],[39.627004,48.454668],[39.627018,48.454263],[39.627023,48.454182],[39.622107,48.453758],[39.622107,48.4537580375],[39.621238,48.453682],[39.62148,48.454367],[39.622023,48.454552],[39.622107,48.454554305882354],[39.622107,48.454555],[39.62226563268578,48.4545586605051],[39.622278,48.454559],[39.622278,48.45455894588523]]]}},{"type":"Feature","properties":{"cadnum":"4421480800:16:003:0005"},"geometry":{"type":"Polygon","coordinates":[[[39.667829,48.384661],[39.667559,48.385037],[39.667393,48.385499],[39.66739423492723,48.385499],[39.667263,48.385866],[39.671717,48.386433],[39.671717,48.386432869174165],[39.673991,48.386722],[39.67442672674415,48.38544163372104],[39.674494,48.385246],[39.671545,48.384871],[39.671545,48.384871048319326],[39.667909,48.384407],[39.667829,48.384661]]]}},{"type":"Feature","properties":{"cadnum":"4421480800:13:001:0028"},"geometry":{"type":"Polygon","coordinates":[[[39.772042,48.443708],[39.773124,48.443368],[39.772011,48.440931],[39.771373,48.44116],[39.770893,48.441354],[39.771373,48.442286],[39.772042,48.443708]]]}},{"type":"Feature","properties":{"cadnum":"4421480800:13:001:0029"},"geometry":{"type":"Polygon","coordinates":[[[39.773124,48.443368],[39.773206,48.443344],[39.774199,48.443035],[39.773071,48.440561],[39.773004,48.440576],[39.772011,48.440931],[39.773124,48.443368]]]}},{"type":"Feature","properties":{"cadnum":"4421480800:23:001:0001"},"geometry":{"type":"Polygon","coordinates":[[[39.749184,48.355924],[39.74953611678832,48.356192],[39.749534,48.356192],[39.749544,48.356198],[39.749553,48.356211],[39.749557,48.356222],[39.74958,48.356306],[39.74958000735294,48.356306],[39.749706,48.356766],[39.750326,48.357423],[39.75033,48.357428],[39.750335,48.357434],[39.750582,48.358031],[39.75206,48.358428],[39.752054,48.358419],[39.752073,48.358404],[39.752104,48.358407],[39.752113,48.358425],[39.752096,48.358437],[39.753469,48.358616],[39.754114,48.3587],[39.754114,48.35869911655874],[39.755023,48.358816],[39.755679,48.357366],[39.754114,48.35701912320092],[39.754114,48.357019],[39.750904206771445,48.356306],[39.750906,48.356306],[39.749184,48.355924]],[[39.752234,48.357849],[39.752369,48.357858],[39.752343,48.357954],[39.752221,48.357945],[39.752234,48.357849]]]}},{"type":"Feature","properties":{"cadnum":"4421480800:17:006:0018"},"geometry":{"type":"Polygon","coordinates":[[[39.697954,48.367864],[39.696494,48.368082],[39.695331,48.367781],[39.694312,48.367793],[39.694312,48.367802],[39.69397,48.369257],[39.69628,48.370905],[39.69628109642302,48.370905],[39.697927,48.372077],[39.697935,48.370791],[39.697934749753365,48.370791],[39.697954,48.367864]]]}},{"type":"Feature","properties":{"cadnum":"4421480800:18:001:0003"},"geometry":{"type":"Polygon","coordinates":[[[39.693836,48.370687],[39.693836,48.37067],[39.693809,48.37067],[39.693809,48.370687],[39.693836,48.370687]]]}},{"type":"Feature","properties":{"cadnum":"4421480800:13:003:0031"},"geometry":{"type":"Polygon","coordinates":[[[39.767838,48.412488],[39.765386,48.412786],[39.765593,48.413153],[39.765597,48.413155],[39.766271360946746,48.414562],[39.766271,48.414562],[39.767128,48.416345],[39.769549,48.416045],[39.768835,48.414562],[39.76883424040219,48.414562],[39.767838,48.412488]]]}},{"type":"Feature","properties":{"cadnum":"4421480800:13:003:0032"},"geometry":{"type":"Polygon","coordinates":[[[39.769675,48.416029],[39.769549,48.416045],[39.767128,48.416345],[39.76802555870445,48.418208],[39.768025,48.418208],[39.768853,48.41992],[39.768988,48.420185],[39.770594,48.419643],[39.770594,48.419642950000004],[39.771302,48.419404],[39.77077861036789,48.418321],[39.770779,48.418321],[39.770594,48.417936490196084],[39.770594,48.417935],[39.769675,48.416029]]]}},{"type":"Feature","properties":{"cadnum":"4421480800:13:003:0029"},"geometry":{"type":"Polygon","coordinates":[[[39.770594,48.415916],[39.769675,48.416029],[39.770422,48.41757827312296],[39.770422,48.417579],[39.77072463207547,48.418208],[39.770724,48.418208],[39.771302,48.419404],[39.773965,48.418504],[39.77387720945946,48.418321],[39.773878,48.418321],[39.77268,48.415802],[39.772613,48.415665],[39.770594,48.41591656869009],[39.770594,48.415916]]]}},{"type":"Feature","properties":{"cadnum":"4421480800:01:002:0024"},"geometry":{"type":"Polygon","coordinates":[[[39.649584,48.462574],[39.649661,48.46372],[39.649625,48.464075],[39.655237,48.464531],[39.655237,48.46453076917178],[39.65637,48.464622],[39.656501,48.463008],[39.655237,48.46290670383275],[39.655237,48.462906],[39.649598,48.462448],[39.649584,48.462574]]]}},{"type":"Feature","properties":{"cadnum":"4421480800:18:001:0007"},"geometry":{"type":"Polygon","coordinates":[[[39.695713,48.371531],[39.695713,48.371513],[39.695685,48.371513],[39.695685,48.371531],[39.695713,48.371531]]]}},{"type":"Feature","properties":{"cadnum":"4421480800:18:001:0014"},"geometry":{"type":"Polygon","coordinates":[[[39.698704,48.373539],[39.698704,48.373521],[39.698677,48.373521],[39.698677,48.373539],[39.698704,48.373539]]]}},{"type":"Feature","properties":{"cadnum":"4421480800:18:001:0006"},"geometry":{"type":"Polygon","coordinates":[[[39.695214,48.371323],[39.695241,48.37132],[39.695241,48.371302],[39.695214,48.371305],[39.695214,48.371323]]]}},{"type":"Feature","properties":{"cadnum":"4421480800:18:001:0013"},"geometry":{"type":"Polygon","coordinates":[[[39.698277,48.373253],[39.698277,48.373235],[39.69825,48.373235],[39.69825,48.373253],[39.698277,48.373253]]]}},{"type":"Feature","properties":{"cadnum":"4421480800:18:001:0005"},"geometry":{"type":"Polygon","coordinates":[[[39.694774,48.371111],[39.694774,48.37109],[39.694746,48.371093],[39.694746,48.371111],[39.694774,48.371111]]]}},{"type":"Feature","properties":{"cadnum":"4421480800:18:001:0012"},"geometry":{"type":"Polygon","coordinates":[[[39.697851,48.372966],[39.697851,48.372948],[39.697824,48.372948],[39.697824,48.372966],[39.697851,48.372966]]]}},{"type":"Feature","properties":{"cadnum":"4421480800:18:001:0008"},"geometry":{"type":"Polygon","coordinates":[[[39.696113,48.371821],[39.69614,48.371818],[39.69614,48.3718],[39.696113,48.371803],[39.696113,48.371821]]]}},{"type":"Feature","properties":{"cadnum":"4421480800:18:001:0010"},"geometry":{"type":"Polygon","coordinates":[[[39.696997,48.372393],[39.696992,48.372373],[39.696966,48.372373],[39.69697,48.372393],[39.696997,48.372393]]]}},{"type":"Feature","properties":{"cadnum":"4421480800:18:001:0011"},"geometry":{"type":"Polygon","coordinates":[[[39.697424,48.37268],[39.697424,48.372662],[39.697396,48.372662],[39.697396,48.37268],[39.697424,48.37268]]]}},{"type":"Feature","properties":{"cadnum":"4421480800:18:001:0009"},"geometry":{"type":"Polygon","coordinates":[[[39.696539,48.372107],[39.696566,48.372104],[39.696566,48.372086],[39.696539,48.37209],[39.696539,48.372107]]]}},{"type":"Feature","properties":{"cadnum":"4421480800:18:001:0004"},"geometry":{"type":"Polygon","coordinates":[[[39.694302,48.370898],[39.694302,48.370881],[39.694275,48.370881],[39.694275,48.370898],[39.694302,48.370898]]]}},{"type":"Feature","properties":{"cadnum":"4421480800:10:002:0020"},"geometry":{"type":"Polygon","coordinates":[[[39.671717,48.414212191082804],[39.67233,48.41422],[39.672208,48.412422],[39.672177,48.412243],[39.672177,48.412237],[39.671545,48.412238],[39.671545,48.41223818926056],[39.667173,48.412243],[39.667137,48.413639],[39.667123,48.414154],[39.671717,48.414213],[39.671717,48.414212191082804]]]}},{"type":"Feature","properties":{"cadnum":"4421480800:09:001:0027"},"geometry":{"type":"Polygon","coordinates":[[[39.75714,48.449711],[39.757251,48.449675],[39.75736,48.44964],[39.756444,48.448326],[39.756245,48.448048],[39.755895,48.447489],[39.755675,48.447563],[39.756025,48.448114],[39.75714,48.449711]]]}},{"type":"Feature","properties":{"cadnum":"4421480800:13:002:0027"},"geometry":{"type":"Polygon","coordinates":[[[39.759273,48.447313],[39.758626,48.44728],[39.758253,48.447152],[39.758052,48.446926],[39.757943,48.446568],[39.757867,48.446535],[39.757652,48.446553],[39.757314,48.446541],[39.756981,48.446425],[39.756505,48.446089],[39.756285,48.446017],[39.756084,48.446017],[39.756071,48.446038],[39.756312,48.446213],[39.756444,48.446404],[39.756627,48.446511],[39.756784,48.446702],[39.756825,48.44711],[39.756955,48.447298],[39.757264,48.447479],[39.757264956521745,48.447479],[39.757306,48.447503],[39.757472,48.447661],[39.757513,48.447876],[39.75761,48.448099],[39.759363,48.447724],[39.759436,48.447616748815165],[39.759436,48.447618],[39.759574,48.447414],[39.759428,48.447365],[39.75942797029702,48.447365],[39.759273,48.447313]]]}},{"type":"Feature","properties":{"cadnum":"4421480800:14:001:0134"},"geometry":{"type":"Polygon","coordinates":[[[39.780604,48.412306],[39.780087,48.412467],[39.779696,48.412589],[39.781077,48.414676],[39.78107756422018,48.414676],[39.781408,48.415174512110724],[39.781408,48.415175],[39.781613,48.415484],[39.782606,48.415329],[39.782098,48.414562],[39.78209749350649,48.414562],[39.78158,48.413780686274514],[39.78158,48.41378],[39.780604,48.412306]]]}},{"type":"Feature","properties":{"cadnum":"4421480800:14:001:0074"},"geometry":{"type":"Polygon","coordinates":[[[39.780734,48.409414],[39.781408,48.410430576832155],[39.781408,48.410431],[39.78172917056856,48.410916],[39.781729,48.410916],[39.782301,48.411778],[39.784166,48.414589],[39.785552,48.413585],[39.783855980517046,48.411029],[39.783856,48.411029],[39.782458,48.408922],[39.78141079999759,48.40922120000069],[39.780734,48.409414]]]}},{"type":"Feature","properties":{"cadnum":"4421480800:14:001:0135"},"geometry":{"type":"Polygon","coordinates":[[[39.780828,48.412237],[39.780604,48.412306],[39.781408,48.41352023770492],[39.781408,48.413521],[39.782173,48.414676],[39.78217350456323,48.414676],[39.782606,48.415329],[39.783558,48.415183],[39.783146,48.414562],[39.783145618470854,48.414562],[39.781474,48.412034],[39.780828,48.412237]]]}},{"type":"Feature","properties":{"cadnum":"4421480800:14:001:0142"},"geometry":{"type":"Polygon","coordinates":[[[39.779283,48.408564],[39.778906,48.40868],[39.778541,48.408794],[39.779949020581654,48.410916],[39.779949,48.410916],[39.779956322345576,48.410927004344146],[39.780024,48.411029],[39.78002419076457,48.411029],[39.780828,48.412237],[39.781408,48.41205473993808],[39.781408,48.412056],[39.781474,48.412034],[39.781564,48.412008],[39.78091491941392,48.411029],[39.780915,48.411029],[39.779283,48.408564]]]}},{"type":"Feature","properties":{"cadnum":"4421480800:14:001:0136"},"geometry":{"type":"Polygon","coordinates":[[[39.78158,48.41219430452203],[39.783221,48.414676],[39.78322163285024,48.414676],[39.783558,48.415183],[39.783667,48.415165],[39.78439,48.414927],[39.784196,48.414635],[39.784166,48.414589],[39.782301,48.411778],[39.78158,48.41200300678426],[39.78158,48.412003],[39.781564,48.412008],[39.781474,48.412034],[39.78158,48.412195],[39.78158,48.41219430452203]]]}},{"type":"Feature","properties":{"cadnum":"4421480800:14:001:0143"},"geometry":{"type":"Polygon","coordinates":[[[39.780734,48.409414],[39.780019,48.408335],[39.779283,48.408564],[39.780840186206895,48.410916],[39.78084,48.410916],[39.781408,48.411772707182315],[39.781408,48.411774],[39.781564,48.412008],[39.782301,48.411778],[39.7818039837587,48.411029],[39.781804,48.411029],[39.78158,48.410690737373734],[39.78158,48.41069],[39.780734,48.409414]]]}},{"type":"Feature","properties":{"cadnum":"4421480800:02:004:0019"},"geometry":{"type":"Polygon","coordinates":[[[39.622278,48.420045],[39.619176,48.419717],[39.619383,48.420879],[39.619733,48.42107],[39.622107,48.42132185854617],[39.622107,48.421322],[39.627176,48.421858],[39.627297,48.421028],[39.62731,48.420575],[39.622278,48.42004501037862],[39.622278,48.420045]]]}},{"type":"Feature","properties":{"cadnum":"4421480800:17:001:0014"},"geometry":{"type":"Polygon","coordinates":[[[39.737635,48.408258],[39.737238,48.408012],[39.736775,48.408519],[39.737463,48.4089438],[39.737463,48.408945],[39.739829,48.410406],[39.740295,48.4099],[39.737635,48.40825816384181],[39.737635,48.408258]]]}},{"type":"Feature","properties":{"cadnum":"4421480800:17:001:0013"},"geometry":{"type":"Polygon","coordinates":[[[39.737635,48.409845],[39.736316,48.409032],[39.735854,48.409542],[39.737463,48.41053757439641],[39.737463,48.410538],[39.73807426680244,48.410916],[39.738073,48.410916],[39.738894,48.411423],[39.73925846942801,48.411029],[39.739259,48.411029],[39.739366,48.410914],[39.737635,48.40984611035208],[39.737635,48.409845]]]}},{"type":"Feature","properties":{"cadnum":"4421480800:17:001:0012"},"geometry":{"type":"Polygon","coordinates":[[[39.737635,48.40905],[39.736775,48.408519],[39.736316,48.409032],[39.737463,48.40973898332069],[39.737463,48.40974],[39.739366,48.410914],[39.739829,48.410406],[39.737635,48.409051209636516],[39.737635,48.40905]]]}},{"type":"Feature","properties":{"cadnum":"4421480800:17:001:0011"},"geometry":{"type":"Polygon","coordinates":[[[39.737238,48.408012],[39.737463,48.40815142065491],[39.737463,48.408152],[39.740295,48.4099],[39.740745,48.409414],[39.73929,48.408457],[39.737682,48.40752],[39.737463,48.407763],[39.737463,48.40776319647355],[39.737238,48.408012]]]}},{"type":"Feature","properties":{"cadnum":"4421480800:01:002:0028"},"geometry":{"type":"Polygon","coordinates":[[[39.655237,48.45816882594048],[39.656847,48.458299],[39.656865,48.457891],[39.656869,48.456825],[39.656883,48.456649],[39.655066,48.456502],[39.655066,48.45650210998834],[39.650091,48.456098],[39.650051,48.456423],[39.650024,48.457513],[39.650137,48.457754],[39.653474,48.458025],[39.655237,48.45817],[39.655237,48.45816882594048]]]}},{"type":"Feature","properties":{"cadnum":"4421480800:02:003:0142"},"geometry":{"type":"Polygon","coordinates":[[[39.628905,48.428062],[39.630117,48.42803],[39.630059,48.427726],[39.628838,48.427759],[39.628905,48.428062]]]}},{"type":"Feature","properties":{"cadnum":"4421480800:02:003:0143"},"geometry":{"type":"Polygon","coordinates":[[[39.628838,48.427759],[39.630059,48.427726],[39.630006,48.427428],[39.628771,48.427461],[39.628838,48.427759]]]}},{"type":"Feature","properties":{"cadnum":"4421480800:02:003:0146"},"geometry":{"type":"Polygon","coordinates":[[[39.62864,48.426889],[39.629973,48.426853],[39.629965,48.426561],[39.629461,48.426573],[39.628765,48.42659],[39.62864,48.426889]]]}},{"type":"Feature","properties":{"cadnum":"4421480800:02:003:0141"},"geometry":{"type":"Polygon","coordinates":[[[39.628977,48.428367],[39.630172,48.428337],[39.630117,48.42803],[39.628905,48.428062],[39.628977,48.428367]]]}},{"type":"Feature","properties":{"cadnum":"4421480800:02:003:0148"},"geometry":{"type":"Polygon","coordinates":[[[39.629461,48.426573],[39.629965,48.426561],[39.629947,48.426155],[39.629453,48.426239],[39.629461,48.426573]]]}},{"type":"Feature","properties":{"cadnum":"4421480800:02:003:0147"},"geometry":{"type":"Polygon","coordinates":[[[39.628765,48.42659],[39.629461,48.426573],[39.629453,48.426239],[39.628878,48.426334],[39.628765,48.42659]]]}},{"type":"Feature","properties":{"cadnum":"4421480800:02:003:0144"},"geometry":{"type":"Polygon","coordinates":[[[39.628771,48.427461],[39.630006,48.427428],[39.629992,48.427368],[39.629983,48.427133],[39.628702,48.427169],[39.628771,48.427461]]]}},{"type":"Feature","properties":{"cadnum":"4421480800:02:003:0145"},"geometry":{"type":"Polygon","coordinates":[[[39.628702,48.427169],[39.629983,48.427133],[39.629973,48.426853],[39.62864,48.426889],[39.628635,48.426895],[39.628702,48.427169]]]}},{"type":"Feature","properties":{"cadnum":"4421480800:02:003:0139"},"geometry":{"type":"Polygon","coordinates":[[[39.629111,48.428945],[39.630472,48.42891],[39.630503,48.428901],[39.630319,48.428635],[39.629048,48.428671],[39.629111,48.428945]]]}},{"type":"Feature","properties":{"cadnum":"4421480800:02:003:0140"},"geometry":{"type":"Polygon","coordinates":[[[39.629048,48.428671],[39.630319,48.428635],[39.630193,48.428448],[39.630172,48.428337],[39.628977,48.428367],[39.629048,48.428671]]]}},{"type":"Feature","properties":{"cadnum":"4421480800:10:003:0013"},"geometry":{"type":"Polygon","coordinates":[[[39.638562,48.418629],[39.638526,48.419973],[39.638586,48.419973258620686],[39.638586,48.419974],[39.644079,48.419990483848196],[39.644079,48.419991],[39.646313,48.419997],[39.646332,48.419085],[39.646328,48.418745],[39.644251,48.41871452378835],[39.644251,48.418714],[39.638586,48.418629],[39.638586,48.418629367346945],[39.638562,48.418629]]]}},{"type":"Feature","properties":{"cadnum":"4421480800:10:003:0014"},"geometry":{"type":"Polygon","coordinates":[[[39.638758,48.419974],[39.638526,48.419973],[39.638495,48.421243],[39.638586,48.4212433460076],[39.638586,48.421244],[39.644251,48.421261],[39.644251,48.42126054405784],[39.646292,48.421267],[39.646313,48.419997],[39.644251,48.41999146195166],[39.644251,48.419991],[39.638758,48.41997451615181],[39.638758,48.419974]]]}},{"type":"Feature","properties":{"cadnum":"4421480800:13:002:0004"},"geometry":{"type":"Polygon","coordinates":[[[39.76231,48.415583],[39.761658,48.415391],[39.760759,48.415284],[39.761522,48.416927],[39.76279932424677,48.418208],[39.762799,48.418208],[39.764929,48.420343554106914],[39.764929,48.420344],[39.76588,48.421297],[39.767443,48.420733],[39.76503865107058,48.418321],[39.765039,48.418321],[39.76231,48.415583]]]}},{"type":"Feature","properties":{"cadnum":"4421480800:07:001:0011"},"geometry":{"type":"Polygon","coordinates":[[[39.725091,48.452237],[39.725313,48.452118],[39.725276,48.452085],[39.725326,48.451966],[39.721975,48.451928],[39.721971,48.452199],[39.721971,48.452201],[39.721867,48.454102],[39.721836,48.454766],[39.72183679847909,48.454766],[39.721818,48.455178],[39.721814,48.455193],[39.721804,48.455198],[39.723713,48.455994],[39.724205,48.454652],[39.72420483155397,48.454652],[39.725091,48.452237]]]}},{"type":"Feature","properties":{"cadnum":"4421480800:01:002:0033"},"geometry":{"type":"MultiPolygon","coordinates":[[[[39.633181,48.461614],[39.633243,48.461391],[39.633093,48.461152],[39.633093,48.461724],[39.633181,48.461614]]],[[[39.631195,48.463375],[39.631721,48.463294],[39.63196,48.463169],[39.63278,48.462112],[39.63292,48.461938],[39.628679,48.461938],[39.627771,48.462446278035216],[39.627771,48.462446],[39.626776,48.463002],[39.626987,48.463205],[39.627535,48.463419],[39.627771,48.463441],[39.627771,48.463440032967036],[39.628419,48.463497],[39.62922,48.463508],[39.630427,48.463419],[39.631195,48.463375]]]]}},{"type":"Feature","properties":{"cadnum":"4421480800:14:001:0141"},"geometry":{"type":"Polygon","coordinates":[[[39.778541,48.408794],[39.777805,48.409023],[39.779059136091725,48.410916],[39.779059,48.410916],[39.780087,48.412467],[39.780604,48.412306],[39.780828,48.412237],[39.779956322345576,48.410927004344146],[39.778541,48.408794]]]}},{"type":"Feature","properties":{"cadnum":"4421480800:14:001:0140"},"geometry":{"type":"Polygon","coordinates":[[[39.777805,48.409023],[39.777068,48.40925],[39.778173984260825,48.410916],[39.778172,48.410916],[39.779355,48.412697],[39.779696,48.412589],[39.780087,48.412467],[39.779133896196,48.411029],[39.779134,48.411029],[39.777805,48.409023]]]}},{"type":"Feature","properties":{"cadnum":"4421480800:14:001:0147"},"geometry":{"type":"Polygon","coordinates":[[[39.776087,48.405794],[39.775743,48.405893],[39.775915,48.406152],[39.776656339561335,48.407269],[39.776655,48.407269],[39.777801,48.408993],[39.778896,48.408653],[39.77805178034683,48.407383],[39.778052,48.407383],[39.776839,48.405555],[39.776376,48.40571],[39.776087,48.4057940043384],[39.776087,48.405794]]]}},{"type":"Feature","properties":{"cadnum":"4421480800:07:002:0003"},"geometry":{"type":"Polygon","coordinates":[[[39.756748,48.456917],[39.756601,48.456956],[39.754767,48.45743],[39.754687,48.45745],[39.75466937747654,48.458295],[39.754669,48.458295],[39.75459821506521,48.461938],[39.754598,48.461938],[39.754557,48.464048],[39.756609,48.464024],[39.756649,48.461938],[39.75664824540858,48.461938],[39.75671775459143,48.458409],[39.756719,48.458409],[39.756748,48.456917]]]}},{"type":"Feature","properties":{"cadnum":"4421480800:13:003:0039"},"geometry":{"type":"Polygon","coordinates":[[[39.774428,48.414575],[39.775353,48.414264],[39.775474,48.414222],[39.773996,48.411119],[39.77295,48.411474],[39.774428,48.414575]]]}},{"type":"Feature","properties":{"cadnum":"4421480800:13:003:0035"},"geometry":{"type":"Polygon","coordinates":[[[39.775353,48.414264],[39.774428,48.414575],[39.774325,48.414611],[39.774355,48.414676],[39.77435601817621,48.414676],[39.775874,48.417857],[39.776087,48.417786],[39.776087,48.41778490844354],[39.776898,48.417511],[39.776087,48.415807322482195],[39.776087,48.415806],[39.77550014861713,48.414574898616706],[39.775353,48.414264]]]}},{"type":"Feature","properties":{"cadnum":"4421480800:13:003:0036"},"geometry":{"type":"Polygon","coordinates":[[[39.776008196540104,48.41404248207624],[39.775474,48.414222],[39.775353,48.414264],[39.77549404368932,48.414562],[39.775494,48.414562],[39.775500148617134,48.414574898616706],[39.775548,48.414676],[39.775548342443734,48.414676],[39.775915,48.41544517706577],[39.775915,48.415446],[39.776898,48.417511],[39.77772,48.417234],[39.777231,48.416363],[39.777292,48.415579],[39.776842,48.414562],[39.776840676942044,48.414562],[39.776533,48.413865],[39.776008196540104,48.41404248207624]]]}},{"type":"Feature","properties":{"cadnum":"4421480800:13:003:0037"},"geometry":{"type":"Polygon","coordinates":[[[39.771935,48.411817],[39.770937,48.412154],[39.77214,48.414676],[39.77214079354839,48.414676],[39.772235,48.414872],[39.77242,48.415254],[39.773304,48.414956],[39.773413,48.414918],[39.773242,48.414562],[39.773241731374604,48.414562],[39.771935,48.411817]]]}},{"type":"Feature","properties":{"cadnum":"4421480800:13:003:0038"},"geometry":{"type":"Polygon","coordinates":[[[39.774428,48.414575],[39.77295,48.411474],[39.771935,48.411817],[39.773296,48.414676],[39.773296758426966,48.414676],[39.773413,48.414918],[39.774325,48.414611],[39.774428,48.414575]]]}},{"type":"Feature","properties":{"cadnum":"4421480800:13:003:0034"},"geometry":{"type":"Polygon","coordinates":[[[39.774131,48.414676],[39.77413190553746,48.414676],[39.773413,48.414918],[39.773304,48.414956],[39.774854,48.418202],[39.775874,48.417857],[39.774325,48.414611],[39.774131,48.414676]]]}},{"type":"Feature","properties":{"cadnum":"4421480800:13:003:0093"},"geometry":{"type":"Polygon","coordinates":[[[39.768948,48.40834],[39.768916,48.408359],[39.76843,48.408853],[39.768193,48.409334],[39.76909833333333,48.410916],[39.769097,48.410916],[39.769832,48.412198],[39.770422,48.41212599212598],[39.770422,48.412126],[39.77042563984861,48.41212554789249],[39.770594,48.412105],[39.770594,48.412104635789476],[39.770897,48.412067],[39.77092,48.412109],[39.771072,48.412058],[39.770594,48.41122186769231],[39.770594,48.411221],[39.77048383606558,48.411029],[39.770484,48.411029],[39.768948,48.40834]]]}},{"type":"Feature","properties":{"cadnum":"4421480800:17:006:0024"},"geometry":{"type":"Polygon","coordinates":[[[39.706807,48.369106],[39.704776,48.369177],[39.704753,48.370905],[39.704753909090904,48.370905],[39.704753,48.371],[39.704759,48.372716],[39.704525324041214,48.37309721254453],[39.704107,48.373778],[39.704676,48.373758],[39.704676,48.37375780316344],[39.70678,48.373682],[39.70679536907644,48.370905],[39.706796,48.370905],[39.706807,48.369106]]]}},{"type":"Feature","properties":{"cadnum":"4421480800:17:006:0023"},"geometry":{"type":"Polygon","coordinates":[[[39.704723,48.368061],[39.70454748936159,48.367946397163045],[39.704436,48.367873],[39.703671,48.367784],[39.703411,48.367786],[39.703407,48.368766],[39.703428,48.368762],[39.703457,48.368888],[39.703407,48.368894],[39.7033947369468,48.370791],[39.703394,48.370791],[39.703375,48.373936],[39.703981,48.373784],[39.704004,48.373781],[39.704031,48.373784],[39.704676,48.372734],[39.704676,48.37273304255319],[39.704692,48.372707],[39.704686,48.371],[39.704688,48.370791],[39.70468748312236,48.370791],[39.704723,48.368061]],[[39.703797,48.370836],[39.703878,48.370905],[39.70387930714286,48.370905],[39.703964,48.370976],[39.703793,48.371137],[39.703677,48.371009],[39.703752,48.370901],[39.703797,48.370836]]]}},{"type":"Feature","properties":{"cadnum":"4421480800:11:004:0077"},"geometry":{"type":"Polygon","coordinates":[[[39.705549,48.413588],[39.705581,48.413469],[39.705608,48.413347],[39.704676,48.4133486884058],[39.704676,48.413348],[39.704067,48.413349],[39.704008,48.41359],[39.704504,48.41359],[39.704676,48.41359],[39.704676,48.413589670813394],[39.705549,48.413588]]]}},{"type":"Feature","properties":{"cadnum":"4421480800:11:004:0079"},"geometry":{"type":"Polygon","coordinates":[[[39.705665,48.413104],[39.705751,48.41275],[39.704504,48.412753],[39.70421,48.412753],[39.704126,48.413108],[39.704504,48.41310731272727],[39.704504,48.413108],[39.705665,48.413104]]]}},{"type":"Feature","properties":{"cadnum":"4421480800:11:004:0090"},"geometry":{"type":"Polygon","coordinates":[[[39.705581,48.413469],[39.707961,48.413466],[39.708042,48.413135],[39.705657,48.413137],[39.705608,48.413347],[39.705581,48.413469]]]}},{"type":"Feature","properties":{"cadnum":"4421480800:11:004:0078"},"geometry":{"type":"Polygon","coordinates":[[[39.705608,48.413347],[39.705657,48.413137],[39.705665,48.413104],[39.704676,48.41310740740741],[39.704676,48.413107],[39.704126,48.413108],[39.704067,48.413349],[39.704504,48.41334828243021],[39.704504,48.413349],[39.705608,48.413347]]]}},{"type":"Feature","properties":{"cadnum":"4421480800:11:004:0075"},"geometry":{"type":"Polygon","coordinates":[[[39.705491,48.413829],[39.704504,48.413832],[39.704504,48.413832238227144],[39.703954,48.413833],[39.703896,48.414074],[39.704504,48.414074],[39.704676,48.414074],[39.705436,48.414074],[39.705491,48.413829]]]}},{"type":"Feature","properties":{"cadnum":"4421480800:11:004:0093"},"geometry":{"type":"Polygon","coordinates":[[[39.705845,48.412348],[39.708231,48.412344],[39.708325,48.411948],[39.70594,48.411954],[39.705927,48.412026],[39.705845,48.412348]]]}},{"type":"Feature","properties":{"cadnum":"4421480800:11:004:0095"},"geometry":{"type":"Polygon","coordinates":[[[39.706038,48.411557],[39.708419,48.411555],[39.708514,48.411158],[39.706133,48.411161],[39.706115,48.411235],[39.706038,48.411557]]]}},{"type":"Feature","properties":{"cadnum":"4421480800:11:004:0094"},"geometry":{"type":"Polygon","coordinates":[[[39.70594,48.411954],[39.708325,48.411948],[39.708419,48.411555],[39.706038,48.411557],[39.706011,48.411653],[39.70594,48.411954]]]}},{"type":"Feature","properties":{"cadnum":"4421480800:11:004:0089"},"geometry":{"type":"Polygon","coordinates":[[[39.705509,48.413767],[39.707889,48.413764],[39.707961,48.413466],[39.705581,48.413469],[39.705549,48.413588],[39.705509,48.413767]]]}},{"type":"Feature","properties":{"cadnum":"4421480800:11:004:0092"},"geometry":{"type":"Polygon","coordinates":[[[39.705751,48.412744],[39.708136,48.412741],[39.708231,48.412344],[39.705845,48.412348],[39.705837,48.412392],[39.705751,48.412744]]]}},{"type":"Feature","properties":{"cadnum":"4421480800:11:004:0088"},"geometry":{"type":"Polygon","coordinates":[[[39.705436,48.414074],[39.707535,48.414068],[39.707831,48.414017],[39.707889,48.413764],[39.705509,48.413767],[39.705491,48.413829],[39.705436,48.414074]]]}},{"type":"Feature","properties":{"cadnum":"4421480800:13:003:0025"},"geometry":{"type":"Polygon","coordinates":[[[39.773013,48.418882],[39.771256,48.419472],[39.77415,48.421967],[39.7741512962963,48.421967],[39.775915,48.42348678723404],[39.775915,48.423487],[39.776871,48.42431],[39.778627,48.423714],[39.776464,48.421853],[39.77646351877132,48.421853],[39.776087,48.421529005873715],[39.776087,48.421528],[39.773013,48.418882]]]}},{"type":"Feature","properties":{"cadnum":"4421480800:13:003:0024"},"geometry":{"type":"Polygon","coordinates":[[[39.769698,48.419994],[39.770422,48.42061780357143],[39.770422,48.420618],[39.771987,48.421967],[39.77198833165829,48.421967],[39.775321,48.424838],[39.775915,48.42463483028721],[39.775915,48.424635],[39.776264,48.424516],[39.776871,48.42431],[39.776087,48.42363507112971],[39.776087,48.423635],[39.774019,48.421853],[39.77401776913827,48.421853],[39.771256,48.419472],[39.771103,48.419523],[39.770594,48.41969416152717],[39.770594,48.419694],[39.769698,48.419994]],[[39.771795,48.420325],[39.772047,48.420515],[39.772029,48.420629],[39.771868,48.420692],[39.771696,48.420426],[39.771795,48.420325]]]}},{"type":"Feature","properties":{"cadnum":"4421480800:13:003:0051"},"geometry":{"type":"Polygon","coordinates":[[[39.780675,48.425479],[39.780563,48.42538],[39.778627,48.423714],[39.776871,48.42431],[39.776264,48.424516],[39.777407544708026,48.425499],[39.777406,48.425499],[39.778317,48.426281],[39.780617,48.425499],[39.78061590225564,48.425499],[39.780675,48.425479]]]}},{"type":"Feature","properties":{"cadnum":"4421480800:13:003:0026"},"geometry":{"type":"Polygon","coordinates":[[[39.77468,48.418321],[39.77468262162162,48.418321],[39.773013,48.418882],[39.775915,48.421379947950555],[39.775915,48.421381],[39.776596,48.421967],[39.776596499731326,48.421967],[39.778627,48.423714],[39.780491,48.42308],[39.77919748899756,48.421967],[39.779198,48.421967],[39.776087,48.4192881096558],[39.776087,48.419288],[39.774963971980675,48.418321],[39.774964,48.418321],[39.774885,48.418253],[39.77468,48.418321]]]}},{"type":"Feature","properties":{"cadnum":"4421480800:11:004:0132"},"geometry":{"type":"Polygon","coordinates":[[[39.711185,48.408912],[39.712978,48.408901],[39.71309,48.408439],[39.711833,48.408114],[39.711365,48.408161],[39.711222,48.408764],[39.711185,48.408912]]]}},{"type":"Feature","properties":{"cadnum":"4421480800:11:004:0125"},"geometry":{"type":"Polygon","coordinates":[[[39.711222,48.408764],[39.711365,48.408161],[39.710169,48.40827727777778],[39.710169,48.408277],[39.709223,48.408368],[39.709124,48.408779],[39.710169,48.408772],[39.710169,48.40877173632653],[39.711222,48.408764]]]}},{"type":"Feature","properties":{"cadnum":"4421480800:11:004:0124"},"geometry":{"type":"Polygon","coordinates":[[[39.711101,48.409274],[39.711185,48.408912],[39.711222,48.408764],[39.709997,48.408773],[39.709997,48.40877315215311],[39.709124,48.408779],[39.708998,48.409288],[39.710169,48.409281],[39.710169,48.409280753623186],[39.711101,48.409274]]]}},{"type":"Feature","properties":{"cadnum":"4421480800:11:004:0122"},"geometry":{"type":"Polygon","coordinates":[[[39.710845,48.410347],[39.710889,48.410153],[39.710971,48.409807],[39.709997,48.409814],[39.709997,48.409814194444444],[39.708873,48.409822],[39.708742,48.410362],[39.710169,48.410352],[39.710169,48.41035178301887],[39.710845,48.410347]]]}},{"type":"Feature","properties":{"cadnum":"4421480800:11:004:0123"},"geometry":{"type":"Polygon","coordinates":[[[39.710971,48.409807],[39.711042,48.409512],[39.711101,48.409274],[39.709997,48.409282],[39.709997,48.40928202818104],[39.708998,48.409288],[39.708873,48.409822],[39.710169,48.409813],[39.710169,48.409812763860366],[39.710971,48.409807]]]}},{"type":"Feature","properties":{"cadnum":"4421480800:11:004:0121"},"geometry":{"type":"Polygon","coordinates":[[[39.70999802629615,48.41087499147122],[39.710169,48.410874],[39.710169,48.410873570637115],[39.710719,48.410869],[39.710755,48.410726],[39.710845,48.410347],[39.709997,48.410353],[39.709997,48.41035320532586],[39.708742,48.410362],[39.708617,48.410883],[39.709997,48.41087499742268],[39.709997,48.410875],[39.70999802629615,48.41087499147122]]]}},{"type":"Feature","properties":{"cadnum":"4421480800:11:004:0131"},"geometry":{"type":"Polygon","coordinates":[[[39.711042,48.409512],[39.712835,48.4095],[39.712978,48.408901],[39.711185,48.408912],[39.711101,48.409274],[39.711042,48.409512]]]}},{"type":"Feature","properties":{"cadnum":"4421480800:01:002:0091"},"geometry":{"type":"Polygon","coordinates":[[[39.641904,48.462806],[39.641795,48.462913],[39.641675,48.463726],[39.644079,48.46393224378882],[39.644079,48.463933],[39.648403,48.464304],[39.648906,48.463408],[39.644079,48.462993],[39.644079,48.46299319642097],[39.641904,48.462806]]]}},{"type":"Feature","properties":{"cadnum":"4421480800:10:002:0053"},"geometry":{"type":"Polygon","coordinates":[[[39.686878,48.414399],[39.687048,48.41374],[39.686846,48.413352],[39.686842,48.41332],[39.686873,48.413301],[39.686146,48.412577],[39.686087,48.412512],[39.684727,48.412488],[39.684894,48.414676],[39.68489483774039,48.414676],[39.685144,48.41789],[39.686586,48.41791],[39.686811,48.414876],[39.68684551926031,48.41462392912235],[39.686878,48.414399]],[[39.686765,48.41337],[39.686796,48.413352],[39.686824,48.413373],[39.686792,48.413391],[39.686765,48.41337]],[[39.686442,48.413042],[39.686473,48.413024],[39.6865,48.413045],[39.686469,48.413063],[39.686442,48.413042]]]}},{"type":"Feature","properties":{"cadnum":"4421480800:10:004:0018"},"geometry":{"type":"Polygon","coordinates":[[[39.682004,48.40845],[39.681075,48.407804],[39.679934,48.40769],[39.679075,48.407834],[39.678618,48.407831],[39.678389,48.407785],[39.678226,48.407908],[39.678259,48.407929],[39.678582,48.407992],[39.679102,48.407997],[39.679943,48.407858],[39.680962,48.407955],[39.681794,48.408537],[39.681888,48.409217],[39.682435,48.409709],[39.682531,48.40981180597015],[39.682531,48.409813],[39.683329,48.410663],[39.683570248633885,48.410916],[39.683569,48.410916],[39.68363926705231,48.41098838034711],[39.683678,48.411029],[39.68367870072992,48.411029],[39.683702,48.411053],[39.68501,48.411829],[39.685786,48.4123],[39.686056,48.412464],[39.687066,48.413495],[39.687161,48.413865],[39.687012,48.414676],[39.68701240041068,48.414676],[39.686945,48.415049],[39.687188,48.415066],[39.687283,48.414562],[39.687282707253885,48.414562],[39.687408,48.413904],[39.687287,48.413427],[39.686258,48.412371],[39.685966,48.412189],[39.685167,48.411707],[39.68402664659685,48.411029],[39.684027,48.411029],[39.683882,48.410943],[39.683532,48.410576],[39.682656,48.409637],[39.682117,48.409151],[39.682004,48.40845]]]}},{"type":"Feature","properties":{"cadnum":"4421480800:10:002:0052"},"geometry":{"type":"Polygon","coordinates":[[[39.684727,48.412488],[39.682934,48.412458],[39.68309431379622,48.414562],[39.683093,48.414562],[39.683347,48.417866],[39.685144,48.41789],[39.684886,48.414562],[39.684885298903104,48.414562],[39.684727,48.412488]]]}},{"type":"Feature","properties":{"cadnum":"4421480800:11:004:0006"},"geometry":{"type":"Polygon","coordinates":[[[39.68697840177354,48.418208],[39.686978,48.418208],[39.686970677544686,48.418311887334816],[39.68697,48.418321],[39.6869700352423,48.418321],[39.686962,48.418435],[39.688025,48.41843672285251],[39.688025,48.418437],[39.693148,48.418441],[39.69315022862631,48.418311182517414],[39.693184,48.416861],[39.688025,48.416856],[39.688025,48.41685669382274],[39.687079,48.416855],[39.68697840177354,48.418208]],[[39.68761,48.417985],[39.687565,48.417985],[39.687565,48.417955],[39.687605,48.417955],[39.68761,48.417985]],[[39.687601,48.417579],[39.687555,48.417579],[39.687555,48.417552],[39.687601,48.417552],[39.687601,48.417579]],[[39.687591,48.417141],[39.687551,48.417141],[39.687547,48.417112],[39.687591,48.417112],[39.687591,48.417141]],[[39.687362,48.418042],[39.687322,48.418042],[39.687322,48.418012],[39.687362,48.418012],[39.687362,48.418042]],[[39.687354,48.417556],[39.687308,48.417556],[39.687308,48.417526],[39.687349,48.417526],[39.687354,48.417556]],[[39.687341,48.417019],[39.687295,48.417019],[39.687295,48.416993],[39.687335,48.416989],[39.687341,48.417019]],[[39.687614,48.418378],[39.687614,48.418405],[39.687574,48.418409],[39.687574,48.418378],[39.687614,48.418378]],[[39.687377,48.418435],[39.687331,48.418435],[39.687331,48.418405],[39.687371,48.418405],[39.687377,48.418435]]]}},{"type":"Feature","properties":{"cadnum":"4421480800:10:002:0054"},"geometry":{"type":"Polygon","coordinates":[[[39.679771,48.417815],[39.67939,48.417809],[39.679432,48.418321],[39.679432436575055,48.418321],[39.679502,48.419154],[39.679502,48.419178],[39.682703,48.419223],[39.682703,48.419222423754405],[39.686505,48.419276],[39.6865,48.41905],[39.686563,48.418208],[39.6865620729927,48.418208],[39.686586,48.41791],[39.685144,48.41789],[39.683347,48.417866],[39.682531,48.417854],[39.682531,48.41785429370629],[39.681559,48.417839],[39.679771,48.417815]]]}},{"type":"Feature","properties":{"cadnum":"4421480800:10:002:0051"},"geometry":{"type":"Polygon","coordinates":[[[39.68130623856064,48.414562],[39.681306,48.414562],[39.681559,48.417839],[39.682703,48.417857],[39.682703,48.417856529411765],[39.683347,48.417866],[39.683101763922515,48.414676],[39.683103,48.414676],[39.682934,48.412458],[39.682531,48.412451],[39.682531,48.41245169442665],[39.681142,48.412425],[39.68130623856064,48.414562]]]}},{"type":"Feature","properties":{"cadnum":"4421480800:01:002:0035"},"geometry":{"type":"Polygon","coordinates":[[[39.653474,48.458025],[39.650137,48.457754],[39.650271,48.458049],[39.6501931,48.458295],[39.650193,48.458295],[39.65018676666674,48.45831499999976],[39.650157,48.458409],[39.650157469999996,48.458409],[39.650006,48.458895],[39.649998,48.458964],[39.649998,48.459375],[39.65338,48.459618],[39.653458,48.458295],[39.653457828125,48.458295],[39.653474,48.458025]]]}},{"type":"Feature","properties":{"cadnum":"4421480800:12:001:0004"},"geometry":{"type":"Polygon","coordinates":[[[39.732301,48.414956],[39.731973,48.414748],[39.73197,48.414749],[39.73197,48.41474986206897],[39.731335,48.415144],[39.731299,48.41517],[39.731533,48.4154],[39.731479,48.415436],[39.731496,48.415451],[39.731959,48.415174],[39.73197,48.41516698901099],[39.73197,48.415168],[39.732301,48.414956]]]}},{"type":"Feature","properties":{"cadnum":"4421480800:06:001:0030"},"geometry":{"type":"Polygon","coordinates":[[[39.701929,48.442021],[39.699732,48.441845],[39.699747,48.443835],[39.699747939759035,48.443835],[39.699773,48.446875],[39.701283,48.447242],[39.701816,48.447479],[39.70181727868854,48.447479],[39.701973,48.447548],[39.701971409234936,48.447402444996825],[39.701943,48.443721],[39.701942120176405,48.443721],[39.701929,48.442021]]]}},{"type":"Feature","properties":{"cadnum":"4421480800:06:001:0031"},"geometry":{"type":"Polygon","coordinates":[[[39.704242,48.442203],[39.701929,48.442021],[39.701943,48.443835],[39.70194387972326,48.443835],[39.70197112027674,48.447365],[39.701971,48.447365],[39.701971409234936,48.447402444996825],[39.701972,48.447479],[39.70197224590164,48.447479],[39.701973,48.447548],[39.702109,48.447611],[39.70399,48.448052],[39.704291,48.448224],[39.70428370172717,48.44744034795546],[39.704255,48.443721],[39.70425409191177,48.443721],[39.704242,48.442203]]]}},{"type":"Feature","properties":{"cadnum":"4421480800:03:001:0002"},"geometry":{"type":"Polygon","coordinates":[[[39.664223,48.441931],[39.662955,48.442587],[39.66078477514794,48.443721],[39.660784,48.443721],[39.660691,48.44377],[39.660282,48.443978],[39.659519,48.444429],[39.659529,48.444438],[39.659016,48.44481],[39.658661,48.445031],[39.658536,48.445117],[39.658135,48.445415],[39.658055,48.445588],[39.658028,48.445972],[39.65806,48.445975],[39.658000266030015,48.447365],[39.658,48.447365],[39.657997,48.447441],[39.65797,48.447441],[39.65797,48.447479],[39.65797,48.447578],[39.657961,48.447887],[39.657948,48.448153],[39.657885,48.448192],[39.657839,48.4482],[39.655351,48.448171],[39.655237,48.4481694],[39.655237,48.448169],[39.652751,48.448126],[39.652571,48.448129],[39.652499,48.448094],[39.652373,48.448129],[39.652315,48.448129],[39.651619,48.448281],[39.649744,48.44875664338235],[39.649744,48.448756],[39.649715,48.448764],[39.648533,48.44916],[39.648363,48.44905],[39.647904,48.449324],[39.647581,48.449472],[39.647073,48.449741],[39.646619,48.450015],[39.646202,48.450268],[39.644868200000005,48.451009],[39.644868,48.451009],[39.644512,48.451206],[39.64418356931144,48.45139941761104],[39.642424,48.452428],[39.642317,48.452488],[39.642294,48.452499],[39.642447,48.452634],[39.642491,48.452601],[39.642587,48.45255],[39.644079,48.45167757451923],[39.644079,48.451678],[39.644675,48.451329],[39.64525,48.451009],[39.64524992119566,48.451009],[39.646368,48.450387],[39.646782,48.450137],[39.646889,48.450071],[39.648214,48.449448],[39.648322,48.449408],[39.648322,48.449404],[39.648326,48.449401],[39.648398,48.449366],[39.648636,48.449306],[39.649572,48.44899343682311],[39.649572,48.448994],[39.649729974682,48.44894068354482],[39.649744,48.448936],[39.649744,48.44893595],[39.649812,48.448913],[39.651703,48.448433],[39.652355,48.44829],[39.652751,48.448287],[39.655066,48.44832611102172],[39.655066,48.448327],[39.655342,48.448331],[39.657867,48.448361],[39.657938,48.448353],[39.658185,48.448207],[39.658204,48.447891],[39.658212,48.447581],[39.658212,48.447479],[39.658212,48.447365],[39.658212,48.447304],[39.658198,48.447304],[39.658198,48.447209],[39.658235,48.446827],[39.658271,48.445978],[39.658298,48.445614],[39.658351,48.445498],[39.658716,48.445227],[39.659151,48.444914],[39.659124,48.444897],[39.659609,48.444563],[39.660185,48.444241],[39.660206,48.444252],[39.660441,48.444101],[39.660559,48.44404097923876],[39.660559,48.444042],[39.66084,48.443898],[39.66104690774836,48.44379153874576],[39.661257,48.443684],[39.664334,48.44209],[39.664223,48.441931]]]}},{"type":"Feature","properties":{"cadnum":"4421480800:16:002:0018"},"geometry":{"type":"Polygon","coordinates":[[[39.649744,48.387401],[39.649744,48.38740018367347],[39.649768,48.387385],[39.649744,48.387148247058796],[39.649744,48.387148],[39.649598,48.385708],[39.646875,48.385571],[39.646732,48.387334],[39.647162,48.387584],[39.649365,48.387641],[39.649744,48.387401]]]}},{"type":"Feature","properties":{"cadnum":"4421480800:15:005:0004"},"geometry":{"type":"Polygon","coordinates":[[[39.76075,48.39256],[39.760673,48.392521],[39.760939,48.392318],[39.760683,48.392171],[39.760616,48.39222],[39.760136,48.392589],[39.76033515909092,48.392681],[39.760333,48.392681],[39.760517,48.392765],[39.76075,48.39256]]]}},{"type":"Feature","properties":{"cadnum":"4421480800:03:003:0032"},"geometry":{"type":"Polygon","coordinates":[[[39.650145,48.448644],[39.650254,48.448611],[39.650262,48.448624],[39.650344,48.448597],[39.650185,48.448337],[39.649917,48.447855],[39.649795,48.447878],[39.650015,48.448382],[39.650047,48.448457],[39.650015,48.448466],[39.650128,48.448635],[39.650132,48.448644],[39.650145,48.448644]]]}},{"type":"Feature","properties":{"cadnum":"4421480800:03:005:0050"},"geometry":{"type":"Polygon","coordinates":[[[39.651044,48.449285],[39.651259,48.449279],[39.651084,48.448907],[39.650994,48.448761],[39.650909,48.448635],[39.65072,48.448692],[39.651044,48.449285]]]}},{"type":"Feature","properties":{"cadnum":"4421480800:03:005:0049"},"geometry":{"type":"Polygon","coordinates":[[[39.655351,48.45076],[39.655078,48.450855],[39.655261,48.451123],[39.65526248809524,48.451123],[39.655531,48.451513],[39.655796,48.451403],[39.655634,48.451171],[39.655594,48.451188],[39.655581,48.451174],[39.655625,48.451155],[39.6555399105261,48.45103320526285],[39.655351,48.45076]]]}},{"type":"Feature","properties":{"cadnum":"4421480800:03:005:0052"},"geometry":{"type":"Polygon","coordinates":[[[39.651044,48.449285],[39.65072,48.448692],[39.650491,48.448755],[39.650747,48.449225],[39.651044,48.449285]]]}},{"type":"Feature","properties":{"cadnum":"4421480800:03:005:0053"},"geometry":{"type":"Polygon","coordinates":[[[39.651852,48.450667],[39.652395,48.450501],[39.652198,48.450223],[39.652171,48.450229],[39.652032,48.450048],[39.652001,48.45],[39.651897,48.450039],[39.651925,48.450084],[39.651529,48.450208],[39.651852,48.450667]]]}},{"type":"Feature","properties":{"cadnum":"4421480800:03:003:0007"},"geometry":{"type":"Polygon","coordinates":[[[39.65514606532693,48.44887329145729],[39.655237,48.448873],[39.655237,48.44887248672566],[39.655405,48.448871],[39.655441,48.448245],[39.65514217187564,48.44824898437499],[39.654948,48.448251],[39.654925,48.448874],[39.655066,48.448873548076925],[39.655066,48.448874],[39.65514606532693,48.44887329145729]]]}},{"type":"Feature","properties":{"cadnum":"4421480800:03:003:0008"},"geometry":{"type":"Polygon","coordinates":[[[39.655382,48.449279],[39.655405,48.448871],[39.65514606532693,48.44887329145729],[39.654925,48.448874],[39.654906,48.449419],[39.655066,48.44937211178248],[39.655066,48.449373],[39.655382,48.449279]]]}},{"type":"Feature","properties":{"cadnum":"4421480800:03:003:0005"},"geometry":{"type":"Polygon","coordinates":[[[39.649552,48.448266],[39.649328,48.447974],[39.649305,48.447944],[39.648996,48.448055],[39.649233,48.448379],[39.649454,48.448666],[39.649572,48.448786831999996],[39.649572,48.448788],[39.649579,48.448794],[39.649885,48.448707],[39.649782,48.448543],[39.64967199999977,48.448410999999716],[39.649552,48.448266]]]}},{"type":"Feature","properties":{"cadnum":"4421480800:25:004:0001"},"geometry":{"type":"Polygon","coordinates":[[[39.775915,48.336383],[39.775915,48.33638348701754],[39.773237,48.337045],[39.770422,48.337702],[39.770422,48.33770210019268],[39.770075,48.337783],[39.769658,48.337923],[39.769468,48.338052],[39.76946882550336,48.338052],[39.767451,48.339428],[39.7651,48.341045361221255],[39.7651,48.341045],[39.764447,48.341494],[39.76429881818182,48.341589],[39.764298,48.341589],[39.76424208571398,48.34162537142877],[39.764121,48.341703],[39.764122746268654,48.341703],[39.763989,48.34179],[39.764923,48.342369],[39.764929,48.34237276271186],[39.764929,48.342373],[39.76495929136729,48.342391758993045],[39.7651,48.34248],[39.7651,48.34247889775561],[39.766132,48.343118],[39.766539,48.343369],[39.769076576132534,48.34166644232344],[39.770594,48.34065],[39.770594,48.340649612244896],[39.774636,48.337938],[39.77463510855565,48.337938],[39.776087,48.336965],[39.776087,48.336964589622646],[39.776763,48.336511],[39.776422,48.336257],[39.775915,48.336383]]]}},{"type":"Feature","properties":{"cadnum":"4421480800:10:004:0006"},"geometry":{"type":"Polygon","coordinates":[[[39.641854,48.410958],[39.641782,48.411524],[39.644079,48.411553770757386],[39.644079,48.411554],[39.647495,48.411596],[39.647584,48.410916],[39.647581910577976,48.410916],[39.647688,48.410112],[39.644079,48.410059],[39.644079,48.41005943057997],[39.641975,48.410028],[39.641854,48.410958]]]}},{"type":"Feature","properties":{"cadnum":"4421480800:19:003:0003"},"geometry":{"type":"Polygon","coordinates":[[[39.702482,48.357014],[39.702216,48.357235],[39.702073,48.357482],[39.702036,48.357817],[39.701969,48.358103],[39.701947,48.358133],[39.701812,48.35841],[39.701767,48.358804],[39.701803,48.359102],[39.701902,48.359282],[39.702289,48.359449],[39.702688,48.359496],[39.703348,48.35944],[39.703483,48.359413],[39.703402,48.359628],[39.703285,48.359819],[39.703598656862745,48.359842],[39.703597,48.359842],[39.704504,48.35990924745134],[39.704504,48.35991],[39.706667,48.360069],[39.70668292951542,48.359956],[39.706683,48.359956],[39.70677,48.35935],[39.70612,48.359368],[39.706048,48.359571],[39.705927,48.359642],[39.705751,48.359631],[39.705558,48.359568],[39.705509,48.359386],[39.705702,48.359094],[39.705895,48.358936],[39.706537,48.358724],[39.706956,48.357282],[39.704504,48.3571],[39.704504,48.35710022285714],[39.702576,48.356957],[39.702482,48.357014]]]}},{"type":"Feature","properties":{"cadnum":"4421480800:01:001:0001"},"geometry":{"type":"Polygon","coordinates":[[[39.641495,48.492233],[39.641463,48.492602],[39.64127,48.493852],[39.642919,48.494007],[39.644079,48.494079282282286],[39.644079,48.49408],[39.645003,48.494137],[39.64556,48.494224],[39.64873,48.494355],[39.649202,48.49437],[39.649269,48.493569],[39.644079,48.492677],[39.644079,48.4926774179971],[39.641495,48.492233]],[[39.644079,48.493881],[39.644086,48.493881],[39.644086,48.493917],[39.644079,48.493917],[39.644036,48.493917],[39.644036,48.493881],[39.644079,48.493881]],[[39.642218,48.493775],[39.642218,48.493808],[39.642164,48.493808],[39.642164,48.493775],[39.642218,48.493775]],[[39.647487,48.494114],[39.647487,48.494081],[39.647535,48.494081],[39.647535,48.494117],[39.647487,48.494114]],[[39.645803,48.49398],[39.645803,48.494016],[39.645748,48.494016],[39.645748,48.49398],[39.645803,48.49398]]]}},{"type":"Feature","properties":{"cadnum":"4421480800:01:001:0002"},"geometry":{"type":"Polygon","coordinates":[[[39.641621,48.490971],[39.641595783018865,48.49107],[39.641595,48.49107],[39.641594,48.491077],[39.641495,48.492233],[39.644251,48.492707],[39.644251,48.49270656146435],[39.649269,48.493569],[39.649292,48.493307],[39.649378,48.492307],[39.644251,48.49142460256652],[39.644251,48.491424],[39.642198,48.49107],[39.64219547887325,48.49107],[39.641621,48.490971]]]}},{"type":"Feature","properties":{"cadnum":"4421480800:10:003:0025"},"geometry":{"type":"Polygon","coordinates":[[[39.64969657107386,48.42758725694447],[39.646606,48.427604],[39.64656317049577,48.429144],[39.646563,48.429144],[39.64656193527507,48.4291884142397],[39.64656,48.429258],[39.646560267123284,48.429258],[39.646556,48.429436],[39.649572,48.42945586700125],[39.649572,48.429456],[39.651359,48.429467],[39.652409,48.429458],[39.65240963694268,48.429258],[39.65241,48.429258],[39.652422,48.427571],[39.64969657107386,48.42758725694447]]]}},{"type":"Feature","properties":{"cadnum":"4421480800:10:003:0010"},"geometry":{"type":"Polygon","coordinates":[[[39.642271,48.427067],[39.642864,48.428215],[39.643476,48.428513],[39.643556,48.428731],[39.643174,48.428963],[39.643055583050845,48.429144],[39.643055,48.429144],[39.642959,48.42929],[39.64286,48.429785],[39.642577,48.430313],[39.642357,48.431115],[39.643529,48.431064],[39.644154,48.430912],[39.644251,48.430852],[39.644251,48.43085163669065],[39.644432,48.430739],[39.645533,48.429854],[39.646206,48.429451],[39.646189,48.429422],[39.64619,48.429144],[39.64618969544814,48.429144],[39.646202,48.427127],[39.644079,48.427096],[39.644079,48.42709636968085],[39.642747,48.427076],[39.642271,48.427067]]]}},{"type":"Feature","properties":{"cadnum":"4421480800:10:001:0010"},"geometry":{"type":"Polygon","coordinates":[[[39.6465353670886,48.432788],[39.646535,48.432788],[39.64653324464061,48.43285986002515],[39.646532,48.432902],[39.64653221526718,48.432902],[39.646503,48.434098],[39.649572,48.43415765658747],[39.649572,48.434159],[39.653554,48.434235],[39.653573,48.432926],[39.653577,48.432804],[39.65277,48.432788],[39.652765860759736,48.432788],[39.649572,48.432725],[39.649572,48.43272556536662],[39.646539,48.432665],[39.6465353670886,48.432788]]]}},{"type":"Feature","properties":{"cadnum":"4421480800:10:001:0009"},"geometry":{"type":"Polygon","coordinates":[[[39.649744,48.432728392759046],[39.653577,48.432804],[39.6536,48.431428],[39.6536,48.431342],[39.649572,48.431261],[39.649572,48.43126152634901],[39.646575,48.431201],[39.646566,48.431579],[39.646539,48.432665],[39.649744,48.432729],[39.649744,48.432728392759046]]]}},{"type":"Feature","properties":{"cadnum":"4421480800:10:001:0008"},"geometry":{"type":"Polygon","coordinates":[[[39.649744,48.43126445878848],[39.6536,48.431342],[39.653623,48.429985],[39.653519,48.429985],[39.651353,48.42972],[39.651323,48.429708],[39.651304,48.429693],[39.6513,48.429675],[39.649572,48.429671],[39.649572,48.4296716142056],[39.647069,48.429666],[39.646611,48.43009],[39.646575,48.431201],[39.649744,48.431265],[39.649744,48.43126445878848]]]}},{"type":"Feature","properties":{"cadnum":"4421480800:11:002:0025"},"geometry":{"type":"Polygon","coordinates":[[[39.726485,48.434304],[39.721399,48.435299],[39.72124452884616,48.436433],[39.721244,48.436433],[39.721166,48.437015],[39.722617,48.437033],[39.726534,48.437087],[39.72652234042544,48.43645155318631],[39.726485,48.434304]]]}},{"type":"Feature","properties":{"cadnum":"4421480800:02:001:0039"},"geometry":{"type":"Polygon","coordinates":[[[39.619572,48.455019],[39.619513,48.45501],[39.6191,48.454969],[39.617667,48.454891],[39.61817401989767,48.458295],[39.618174,48.458295],[39.61818029122128,48.458337104039025],[39.618191,48.458409],[39.618191033976835,48.458409],[39.618561,48.460885],[39.620456,48.460932],[39.620061,48.458295],[39.62006001769912,48.458295],[39.619572,48.455019]]]}},{"type":"Feature","properties":{"cadnum":"4421480800:02:001:0038"},"geometry":{"type":"Polygon","coordinates":[[[39.615781,48.454763],[39.616324,48.458409],[39.6163250169358,48.458409],[39.616613,48.46033825857521],[39.616613,48.46034],[39.616687,48.460834],[39.616785,48.460837],[39.616785,48.46083666702241],[39.618561,48.460885],[39.61818029122128,48.458337104039025],[39.617667,48.454891],[39.617366,48.454873],[39.616673240000054,48.454841720000005],[39.616404,48.454829],[39.615781,48.454763]]]}},{"type":"Feature","properties":{"cadnum":"4421480800:13:002:0099"},"geometry":{"type":"Polygon","coordinates":[[[39.760755,48.43832],[39.76001,48.43768],[39.759607,48.43781831184669],[39.759607,48.437818],[39.758949,48.438043],[39.757256,48.438624],[39.757373,48.438967],[39.757386,48.439],[39.75744,48.439166],[39.759331,48.438907],[39.759436,48.43886363043478],[39.759436,48.438865],[39.760755,48.43832]],[[39.760293,48.438374],[39.760329,48.438356],[39.76035,48.43838],[39.760319,48.438395],[39.760293,48.438374]],[[39.759713,48.438616],[39.759749,48.4386],[39.759771,48.438624],[39.759736,48.43864],[39.759713,48.438616]],[[39.759098,48.438887],[39.759115,48.438848],[39.759174,48.43886],[39.759155,48.438898],[39.759098,48.438887]],[[39.758438,48.438952],[39.758473,48.438938],[39.758496,48.438961],[39.758459,48.438976],[39.758438,48.438952]],[[39.757769,48.439035],[39.757804,48.43902],[39.757826,48.439044],[39.75779,48.439059],[39.757769,48.439035]]]}},{"type":"Feature","properties":{"cadnum":"4421480800:14:001:0169"},"geometry":{"type":"Polygon","coordinates":[[[39.78116,48.398586],[39.781408,48.39896685714286],[39.781408,48.398968],[39.78206441391615,48.399976],[39.782064,48.399976],[39.782656,48.400883],[39.783761,48.400567],[39.78412,48.400463],[39.783873482546205,48.400089],[39.783875,48.400089],[39.78364,48.399732],[39.783631,48.399735],[39.783518,48.399693],[39.783478,48.39961],[39.783483,48.399607],[39.783523,48.399553],[39.782619,48.398166],[39.781408,48.398515],[39.781408,48.39851514285714],[39.78116,48.398586]],[[39.782296,48.400003],[39.78222,48.400024],[39.782175,48.399959],[39.782252,48.399935],[39.782045,48.399616],[39.782108,48.399598],[39.782696,48.399448],[39.782902,48.399764],[39.783002,48.399917],[39.782875,48.399985],[39.782808,48.400009],[39.782737,48.400016],[39.782391,48.400036],[39.782319,48.400039],[39.782301,48.400007],[39.782296,48.400003]]]}},{"type":"Feature","properties":{"cadnum":"4421480800:14:001:0158"},"geometry":{"type":"Polygon","coordinates":[[[39.785332,48.402982],[39.786519,48.402589],[39.784973,48.400218],[39.78412,48.400463],[39.783761,48.400567],[39.785332,48.402982]]]}},{"type":"Feature","properties":{"cadnum":"4421480800:14:001:0159"},"geometry":{"type":"Polygon","coordinates":[[[39.785827,48.39997],[39.785414,48.400089],[39.785415698113205,48.400089],[39.785072,48.400188],[39.784973,48.400218],[39.786519,48.402589],[39.787073,48.402405],[39.787073,48.40240479295154],[39.787355,48.402311],[39.78704436842158,48.40183615789555],[39.786657,48.401243],[39.78590375769534,48.400089],[39.785905,48.400089],[39.785827,48.39997]]]}},{"type":"Feature","properties":{"cadnum":"4421480800:14:001:0170"},"geometry":{"type":"Polygon","coordinates":[[[39.783577,48.397892],[39.782619,48.398166],[39.783523,48.399553],[39.783541,48.399532],[39.783667,48.399508],[39.783783,48.39955],[39.78381,48.399612],[39.78382,48.399634],[39.783757,48.399708],[39.78364,48.399732],[39.7838006162465,48.399976],[39.783799,48.399976],[39.78412,48.400463],[39.784973,48.400218],[39.785072,48.400188],[39.785007089622646,48.400089],[39.785008,48.400089],[39.783577,48.397892]]]}},{"type":"Feature","properties":{"cadnum":"4421480800:14:001:0157"},"geometry":{"type":"Polygon","coordinates":[[[39.784066,48.403391],[39.7843,48.403322],[39.784493,48.403259],[39.785332,48.402982],[39.783761,48.400567],[39.782656,48.400883],[39.782468,48.40094],[39.784066,48.403391]]]}},{"type":"Feature","properties":{"cadnum":"4421480800:19:002:0035"},"geometry":{"type":"Polygon","coordinates":[[[39.686792,48.340336],[39.685193,48.339783],[39.682871,48.339616],[39.682678,48.340962],[39.682651,48.341151],[39.68559345716039,48.34168722857463],[39.688025,48.342130805157595],[39.688025,48.342131],[39.68879,48.34227],[39.691895,48.342834],[39.691899,48.34265],[39.691918,48.341996],[39.69211,48.341589],[39.69210908522728,48.341589],[39.692222,48.341351],[39.691993,48.3411],[39.689891,48.341192],[39.688562,48.341013],[39.688196,48.34087327932961],[39.688196,48.340873],[39.686792,48.340336]]]}},{"type":"Feature","properties":{"cadnum":"4421480800:19:002:0023"},"geometry":{"type":"Polygon","coordinates":[[[39.682651,48.341151],[39.68258910869565,48.341589],[39.682589,48.341589],[39.682584681159476,48.341620333332926],[39.682573,48.341703],[39.68257328677151,48.341703],[39.68244,48.34267],[39.682531,48.342686954372624],[39.682531,48.342687],[39.68254304678317,48.34268919883032],[39.682703,48.342719],[39.682703,48.34271839417475],[39.688025,48.343689788349515],[39.688025,48.34369],[39.688576,48.34379],[39.68879,48.34227],[39.688196,48.34216207058824],[39.688196,48.342162],[39.68567991099478,48.341703],[39.68568,48.341703],[39.685593457159776,48.341687228574514],[39.685055,48.341589],[39.68505444565215,48.341589],[39.682703,48.341160476394855],[39.682703,48.34116],[39.682651,48.341151]]]}},{"type":"Feature","properties":{"cadnum":"4421480800:25:003:0005"},"geometry":{"type":"Polygon","coordinates":[[[39.747972,48.34747],[39.748439,48.347178],[39.748287,48.347026],[39.747815,48.347324],[39.747972,48.34747]]]}},{"type":"Feature","properties":{"cadnum":"4421480800:25:003:0024"},"geometry":{"type":"Polygon","coordinates":[[[39.747873,48.346503],[39.748448,48.346238],[39.748304,48.346085],[39.747725,48.346348],[39.747873,48.346503]]]}},{"type":"Feature","properties":{"cadnum":"4421480800:25:003:0022"},"geometry":{"type":"Polygon","coordinates":[[[39.747213,48.346724],[39.747702,48.346414],[39.747563,48.346268],[39.74706,48.346575],[39.747213,48.346724]]]}},{"type":"Feature","properties":{"cadnum":"4421480800:25:003:0016"},"geometry":{"type":"Polygon","coordinates":[[[39.748574,48.345521],[39.748421,48.345366],[39.747855,48.345644],[39.748008,48.345796],[39.748449,48.345581733215546],[39.748449,48.345583],[39.748574,48.345521]]]}},{"type":"Feature","properties":{"cadnum":"4421480800:14:001:0177"},"geometry":{"type":"Polygon","coordinates":[[[39.776087,48.397086],[39.77591,48.397138],[39.775915,48.39714568361581],[39.775915,48.397147],[39.777518,48.399607],[39.77886,48.399222],[39.777252,48.396749],[39.776187,48.397057],[39.776087,48.397086411764704],[39.776087,48.397086]]]}},{"type":"Feature","properties":{"cadnum":"4421480800:14:001:0183"},"geometry":{"type":"Polygon","coordinates":[[[39.772945,48.395515],[39.771508,48.395986],[39.771730749999996,48.396328],[39.77173,48.396328],[39.772833,48.398023],[39.772887,48.398005],[39.774302,48.3976],[39.77354729716981,48.396442],[39.773548,48.396442],[39.772945,48.395515]]]}},{"type":"Feature","properties":{"cadnum":"4421480800:14:001:0176"},"geometry":{"type":"Polygon","coordinates":[[[39.776087,48.39741],[39.77591,48.397138],[39.774598,48.397513],[39.775915,48.3995375889859],[39.775915,48.399538],[39.776206,48.399985],[39.777518,48.399607],[39.776087,48.39741095508421],[39.776087,48.39741]]]}},{"type":"Feature","properties":{"cadnum":"4421480800:17:004:0031"},"geometry":{"type":"Polygon","coordinates":[[[39.7077,48.380736],[39.706793,48.380789],[39.706223,48.380822],[39.706223,48.380825],[39.706218,48.380843],[39.706214,48.380852],[39.705877,48.381186],[39.706154,48.381851],[39.706154454545455,48.381851],[39.70762554545454,48.385385],[39.707625,48.385385],[39.708101,48.386525],[39.708252,48.386505],[39.708698,48.386397],[39.709933,48.386102],[39.709634,48.385385],[39.70963357575758,48.385385],[39.708116,48.381737],[39.70811566188341,48.381737],[39.7077,48.380736]],[[39.708231,48.385947],[39.708239,48.385949],[39.708262,48.385956],[39.708252,48.385977],[39.708218,48.38597],[39.708231,48.385947]]]}},{"type":"Feature","properties":{"cadnum":"4421480800:03:002:0012"},"geometry":{"type":"Polygon","coordinates":[[[39.637627,48.453664],[39.638117,48.453527],[39.637969,48.453271],[39.637776,48.453],[39.637291,48.453137],[39.637578,48.453566],[39.637627,48.453664]]]}},{"type":"Feature","properties":{"cadnum":"4421480800:03:002:0013"},"geometry":{"type":"Polygon","coordinates":[[[39.63735,48.453164],[39.63783,48.453018],[39.636864,48.451751],[39.636415,48.451897],[39.63735,48.453164]]]}},{"type":"Feature","properties":{"cadnum":"4421480800:11:002:0081"},"geometry":{"type":"Polygon","coordinates":[[[39.731254,48.425142],[39.73197,48.42508599518652],[39.73197,48.425086],[39.732085,48.425077],[39.731875,48.424147],[39.731012,48.424215],[39.731007,48.425159],[39.731254,48.425142]]]}},{"type":"Feature","properties":{"cadnum":"4421480800:14:001:0131"},"geometry":{"type":"Polygon","coordinates":[[[39.777747,48.413194],[39.77683,48.41348],[39.77735652508361,48.414562],[39.777355,48.414562],[39.777751,48.415371],[39.778474,48.415967],[39.779485,48.415811],[39.778655,48.414562],[39.778654384615386,48.414562],[39.777747,48.413194]],[[39.778218,48.415442],[39.778273,48.415421],[39.778304,48.415457],[39.77825,48.415478],[39.778218,48.415442]]]}},{"type":"Feature","properties":{"cadnum":"4421480800:14:001:0133"},"geometry":{"type":"Polygon","coordinates":[[[39.779696,48.412589],[39.779355,48.412697],[39.778749,48.412885],[39.779860445561134,48.414562],[39.779859,48.414562],[39.780577,48.415642],[39.781408,48.41551523728813],[39.781408,48.415516],[39.781613,48.415484],[39.78158,48.41543425853658],[39.78158,48.415434],[39.781002,48.414562],[39.781001564446576,48.414562],[39.779696,48.412589]]]}},{"type":"Feature","properties":{"cadnum":"4421480800:14:001:0132"},"geometry":{"type":"Polygon","coordinates":[[[39.778749,48.412885],[39.778609,48.412926],[39.777841,48.413164],[39.777747,48.413194],[39.77873,48.414676],[39.778730756605285,48.414676],[39.779485,48.415811],[39.780577,48.415642],[39.779934788888895,48.414676],[39.779936,48.414676],[39.778749,48.412885]]]}},{"type":"Feature","properties":{"cadnum":"4421480800:14:002:0012"},"geometry":{"type":"Polygon","coordinates":[[[39.800299,48.430728],[39.79932,48.431026],[39.799944,48.432414],[39.80010340983606,48.432788],[39.800103,48.432788],[39.80037,48.433412],[39.800433,48.433588],[39.800496,48.433931],[39.801385,48.433588],[39.801961,48.433356],[39.80167325352112,48.432902],[39.801674,48.432902],[39.800299,48.430728]]]}},{"type":"Feature","properties":{"cadnum":"4421480800:14:002:0013"},"geometry":{"type":"Polygon","coordinates":[[[39.801198,48.430453],[39.801148,48.430468],[39.800299,48.430728],[39.80160189788408,48.432788],[39.801601,48.432788],[39.801961,48.433356],[39.802393,48.43318],[39.802819,48.433019],[39.802673,48.432788],[39.80267298775011,48.432788],[39.801198,48.430453]]]}},{"type":"Feature","properties":{"cadnum":"4421480800:17:007:0066"},"geometry":{"type":"Polygon","coordinates":[[[39.725406,48.376917],[39.725437,48.376466],[39.725464,48.376019],[39.722697,48.37601],[39.72276,48.376908],[39.725406,48.376917]]]}},{"type":"Feature","properties":{"cadnum":"4421480800:03:003:0037"},"geometry":{"type":"Polygon","coordinates":[[[39.651304,48.446928],[39.651546,48.446863],[39.651416,48.446639],[39.651286,48.44641],[39.651026,48.446484],[39.651143,48.446696],[39.651152,48.446693],[39.651304,48.446928]]]}},{"type":"Feature","properties":{"cadnum":"4421480800:03:003:0036"},"geometry":{"type":"Polygon","coordinates":[[[39.650213,48.447193],[39.650482,48.447122],[39.650384,48.446976],[39.650348,48.446926],[39.650303,48.446812],[39.650177,48.446604],[39.649912,48.446654],[39.650105,48.446991],[39.650128,48.447048],[39.650181,48.447131],[39.650172,48.447134],[39.650213,48.447193]]]}},{"type":"Feature","properties":{"cadnum":"4421480800:03:003:0011"},"geometry":{"type":"Polygon","coordinates":[[[39.65385,48.445433],[39.654269,48.445409],[39.654229,48.44501],[39.654183,48.444682],[39.653779,48.444706],[39.653806,48.444989],[39.65385,48.445433]]]}},{"type":"Feature","properties":{"cadnum":"4421480800:03:003:0012"},"geometry":{"type":"Polygon","coordinates":[[[39.653779,48.444706],[39.654183,48.444682],[39.654116,48.444247],[39.654066,48.444051],[39.653703,48.444077],[39.653743,48.444274],[39.653779,48.444706]]]}},{"type":"Feature","properties":{"cadnum":"4421480800:26:005:0008"},"geometry":{"type":"Polygon","coordinates":[[[39.737322,48.32284],[39.737431,48.322751],[39.737345,48.322706],[39.737431,48.322634],[39.737251,48.322536],[39.737134,48.322548],[39.737016,48.322647],[39.736963,48.322619],[39.736886,48.322685],[39.736923,48.322727],[39.736892,48.322766],[39.736823,48.322775],[39.736775,48.322738],[39.736739,48.322789],[39.736796,48.32282],[39.736873,48.322822],[39.736941,48.322802],[39.737058,48.3227],[39.737322,48.32284]]]}},{"type":"Feature","properties":{"cadnum":"4421480800:14:001:0181"},"geometry":{"type":"Polygon","coordinates":[[[39.782705,48.395181],[39.782005,48.395384],[39.78261975992438,48.396328],[39.782619,48.396328],[39.783613,48.397853],[39.784317,48.397651],[39.783453,48.396328],[39.78345268754956,48.396328],[39.782705,48.395181]]]}},{"type":"Feature","properties":{"cadnum":"4421480800:09:002:0001"},"geometry":{"type":"Polygon","coordinates":[[[39.763369,48.446029],[39.762627,48.446321],[39.762021,48.446863],[39.761683,48.447479],[39.76168407407407,48.447479],[39.761658,48.447527],[39.762151,48.448633],[39.762669,48.449166],[39.763063,48.450748],[39.764631,48.450524],[39.764929,48.45042360767591],[39.764929,48.450424],[39.765126,48.450358],[39.764929,48.449847],[39.764929,48.4498480909091],[39.764308,48.448236],[39.763984688863374,48.447479],[39.763985,48.447479],[39.763369,48.446029]]]}},{"type":"Feature","properties":{"cadnum":"4421480800:13:002:0022"},"geometry":{"type":"Polygon","coordinates":[[[39.759973,48.447805],[39.7604,48.4477],[39.76027,48.447438],[39.759794,48.447587],[39.759973,48.447805]]]}},{"type":"Feature","properties":{"cadnum":"4421480800:13:002:0021"},"geometry":{"type":"Polygon","coordinates":[[[39.76036,48.447113],[39.76014,48.447173],[39.76023418867924,48.447365],[39.760234,48.447365],[39.76027,48.447438],[39.76029,48.447479],[39.76029034351145,48.447479],[39.7604,48.4477],[39.760633,48.44764],[39.7605089090907,48.447401363635976],[39.76036,48.447113]]]}},{"type":"Feature","properties":{"cadnum":"4421480800:13:002:0023"},"geometry":{"type":"Polygon","coordinates":[[[39.7604,48.448034],[39.760836,48.447915],[39.760692,48.447661],[39.760117,48.447825],[39.7604,48.448034]]]}},{"type":"Feature","properties":{"cadnum":"4421480800:13:002:0024"},"geometry":{"type":"Polygon","coordinates":[[[39.760576,48.447059],[39.76036,48.447113],[39.760490131147534,48.447365],[39.76049,48.447365],[39.7605089090907,48.447401363635976],[39.760549,48.447479],[39.76054928,48.447479],[39.760633,48.44764],[39.760908,48.447572],[39.76084779710145,48.447479],[39.760848,48.447479],[39.760576,48.447059]]]}},{"type":"Feature","properties":{"cadnum":"4421480800:11:004:0087"},"geometry":{"type":"Polygon","coordinates":[[[39.706488,48.409674],[39.706555,48.40939],[39.706663,48.408937],[39.706744,48.408603],[39.706707,48.408606],[39.704516,48.409688],[39.704676,48.409687],[39.704676,48.40968686409737],[39.706488,48.409674]]]}},{"type":"Feature","properties":{"cadnum":"4421480800:11:004:0097"},"geometry":{"type":"Polygon","coordinates":[[[39.706231,48.410741],[39.708612,48.410735],[39.70872,48.410287],[39.70634,48.410293],[39.706237,48.410713],[39.706231,48.410741]]]}},{"type":"Feature","properties":{"cadnum":"4421480800:11:004:0101"},"geometry":{"type":"Polygon","coordinates":[[[39.706663,48.408937],[39.709044,48.408934],[39.709178,48.40837],[39.706744,48.408603],[39.706663,48.408937]]]}},{"type":"Feature","properties":{"cadnum":"4421480800:11:004:0100"},"geometry":{"type":"Polygon","coordinates":[[[39.706555,48.40939],[39.708935,48.409387],[39.709044,48.408934],[39.706663,48.408937],[39.706555,48.40939]]]}},{"type":"Feature","properties":{"cadnum":"4421480800:11:004:0098"},"geometry":{"type":"Polygon","coordinates":[[[39.70634,48.410293],[39.70872,48.410287],[39.708828,48.40984],[39.706447,48.409843],[39.706367,48.410183],[39.70634,48.410293]]]}},{"type":"Feature","properties":{"cadnum":"4421480800:11:004:0016"},"geometry":{"type":"Polygon","coordinates":[[[39.702256,48.414199],[39.700308,48.414193],[39.699912,48.414187],[39.699860619631906,48.414562],[39.69986,48.414562],[39.699702,48.415729],[39.699979,48.416297],[39.699746,48.417845],[39.700038,48.418125],[39.702346,48.418071],[39.70226666400684,48.414676],[39.702267,48.414676],[39.702256,48.414199]]]}},{"type":"Feature","properties":{"cadnum":"4421480800:01:001:0027"},"geometry":{"type":"Polygon","coordinates":[[[39.65095,48.482575],[39.651152,48.481938],[39.650137,48.481867],[39.6505,48.482557],[39.65095,48.482575]]]}},{"type":"Feature","properties":{"cadnum":"4421480800:01:001:0026"},"geometry":{"type":"Polygon","coordinates":[[[39.649744,48.48252887719298],[39.650061,48.48254],[39.6505,48.482557],[39.650137,48.481867],[39.649744,48.48183917699115],[39.649744,48.481839],[39.649336,48.48181],[39.649572,48.48225242297651],[39.649572,48.482253],[39.649719,48.482528],[39.649744,48.482529],[39.649744,48.48252887719298]]]}},{"type":"Feature","properties":{"cadnum":"4421480800:01:001:0025"},"geometry":{"type":"Polygon","coordinates":[[[39.649336,48.48181],[39.648443,48.481748],[39.648583,48.482006],[39.648736,48.482304],[39.648839,48.482492],[39.649476,48.482519],[39.649572,48.48252255555556],[39.649572,48.482523],[39.649719,48.482528],[39.649336,48.48181]]]}},{"type":"Feature","properties":{"cadnum":"4421480800:01:001:0022"},"geometry":{"type":"Polygon","coordinates":[[[39.649744,48.48324474482759],[39.649862,48.483248],[39.649641493086975,48.48283207833991],[39.649476,48.482519],[39.648839,48.482492],[39.648892,48.482599],[39.649049,48.482894],[39.649225,48.48323],[39.649744,48.483246],[39.649744,48.48324474482759]]]}},{"type":"Feature","properties":{"cadnum":"4421480800:01:001:0023"},"geometry":{"type":"Polygon","coordinates":[[[39.649744,48.483025427586206],[39.649862,48.483248],[39.650441,48.48327],[39.650061,48.48254],[39.649719,48.482528],[39.649476,48.482519],[39.649572,48.4827006119403],[39.649572,48.482701],[39.649641493086975,48.48283207833991],[39.649744,48.483026],[39.649744,48.483025427586206]]]}},{"type":"Feature","properties":{"cadnum":"4421480800:10:003:0029"},"geometry":{"type":"Polygon","coordinates":[[[39.652571,48.425142],[39.652568721276594,48.425499],[39.652568,48.425499],[39.652562,48.42727],[39.655237,48.427296],[39.655237,48.42729560201249],[39.657948,48.427321],[39.65793486827662,48.425612],[39.657936,48.425612],[39.657934,48.425404],[39.657938,48.425192],[39.655237,48.42516754805013],[39.655237,48.425167],[39.652571,48.425142]]]}},{"type":"Feature","properties":{"cadnum":"4421480800:10:003:0028"},"geometry":{"type":"Polygon","coordinates":[[[39.652548,48.429258],[39.6525492137931,48.429258],[39.652548,48.429434],[39.65369,48.429436],[39.655066,48.42941643180349],[39.655066,48.429417],[39.657961,48.429374],[39.65795948695652,48.429258],[39.65796,48.429258],[39.657948,48.427321],[39.655066,48.427294],[39.655066,48.42729433794393],[39.652562,48.42727],[39.652548,48.429258]]]}},{"type":"Feature","properties":{"cadnum":"4421480800:10:004:0004"},"geometry":{"type":"Polygon","coordinates":[[[39.649744,48.408937],[39.647927,48.408808],[39.647734,48.410293],[39.649572,48.41031951840796],[39.649572,48.41032],[39.654282,48.410386],[39.654349,48.409861],[39.654426,48.409268],[39.649744,48.40893715409972],[39.649744,48.408937]]]}},{"type":"Feature","properties":{"cadnum":"4421480800:10:004:0005"},"geometry":{"type":"Polygon","coordinates":[[[39.644251,48.41006152590745],[39.647688,48.410112],[39.64786,48.408806],[39.645021,48.408603],[39.644079,48.408499],[39.644079,48.40849913031915],[39.642747,48.408353],[39.642195,48.40832],[39.641975,48.410028],[39.644251,48.410062],[39.644251,48.41006152590745]]]}},{"type":"Feature","properties":{"cadnum":"4421480800:17:002:0003"},"geometry":{"type":"Polygon","coordinates":[[[39.681276,48.38509],[39.681016,48.384196],[39.680958,48.384151],[39.680683,48.384283],[39.680939,48.385174],[39.68120128923076,48.385385],[39.681201,48.385385],[39.682531,48.38645466711052],[39.682531,48.386455],[39.68259713891738,48.38650786006138],[39.682703,48.386593],[39.682703,48.386592467181465],[39.68279,48.386662],[39.683064,48.386507],[39.682703,48.38622185741088],[39.682703,48.386221],[39.681648,48.385385],[39.68164745476772,48.385385],[39.681276,48.38509]]]}},{"type":"Feature","properties":{"cadnum":"4421480800:17:002:0004"},"geometry":{"type":"Polygon","coordinates":[[[39.687937,48.386304],[39.688054,48.385908],[39.687838,48.385866],[39.687735,48.386224],[39.687866,48.386295],[39.687937,48.386304]]]}},{"type":"Feature","properties":{"cadnum":"4421480800:16:003:0011"},"geometry":{"type":"Polygon","coordinates":[[[39.684429,48.38518],[39.684165,48.385127],[39.684274153846154,48.385385],[39.684273,48.385385],[39.684286,48.385413],[39.684292,48.385499],[39.68429372244898,48.385499],[39.684308,48.385658],[39.684222,48.385804],[39.684056,48.38597],[39.683859,48.386084],[39.683639,48.386209],[39.683433,48.386328],[39.683056,48.386543],[39.682777,48.386702],[39.682606,48.386799],[39.682071,48.38711],[39.681838,48.387244],[39.681578,48.387394],[39.681605,48.387418],[39.681469,48.387492],[39.681412,48.387531],[39.681303,48.387606],[39.681263,48.387575],[39.68041,48.388059],[39.680369,48.388216],[39.680504,48.38833],[39.680113,48.38855],[39.679435,48.388906],[39.67931537759336,48.389033],[39.679315,48.389033],[39.67927745522376,48.38907326119416],[39.679208,48.389147],[39.67920869156627,48.389147],[39.678928,48.389448],[39.678833,48.390031],[39.679637,48.392467],[39.679743,48.392795],[39.679744295276734,48.392795],[39.680836,48.396132],[39.68091187096774,48.396328],[39.680911,48.396328],[39.681062,48.396711],[39.681083,48.3968],[39.681159,48.397075],[39.6812,48.397293],[39.681088,48.397415],[39.680886,48.397516],[39.680123,48.397644],[39.680064,48.397704],[39.680064,48.397707],[39.680289,48.397784],[39.680993,48.397662],[39.681268,48.397528],[39.681416,48.397367],[39.681524,48.39728],[39.681475,48.397075],[39.681412,48.397015],[39.681398,48.396973],[39.681335,48.396771],[39.681165,48.396328],[39.68116455587392,48.396328],[39.681075,48.396093],[39.68031,48.393767],[39.679988685082876,48.392795],[39.679989,48.392795],[39.679871,48.392434],[39.679081,48.390022],[39.679165,48.389502],[39.679604,48.389033],[39.67960390839695,48.389033],[39.67962,48.389016],[39.680266,48.388676],[39.680836,48.388354],[39.680626,48.388172],[39.680634,48.388145],[39.681425,48.387698],[39.682,48.387367],[39.682234,48.38723],[39.682531,48.38705775266525],[39.682531,48.387058],[39.682934,48.386824],[39.683589,48.386451],[39.683796,48.386332],[39.684016,48.386206],[39.684241,48.386078],[39.684429,48.38589],[39.684595,48.385705],[39.684622,48.385431],[39.684695,48.385234],[39.684429,48.38518]]]}},{"type":"Feature","properties":{"cadnum":"4421480800:14:003:0034"},"geometry":{"type":"Polygon","coordinates":[[[39.795678,48.387033],[39.793714,48.387385],[39.792798,48.387776],[39.792483,48.387829],[39.791441,48.38759],[39.791261,48.38754],[39.790915,48.387444],[39.790246,48.388375],[39.792566,48.388622],[39.792566,48.388621157028915],[39.794401,48.388816],[39.795678,48.387033]]]}},{"type":"Feature","properties":{"cadnum":"4421480800:14:003:0035"},"geometry":{"type":"Polygon","coordinates":[[[39.787073,48.38773382067432],[39.7896,48.388789],[39.789869,48.388903],[39.790246,48.388375],[39.790915,48.387444],[39.790556,48.387345],[39.790211,48.387292],[39.789973,48.387263],[39.789479,48.387268],[39.788841,48.387241],[39.787651,48.387247],[39.786901,48.387316],[39.786901,48.38731622123894],[39.786734,48.387331],[39.786577,48.387352],[39.786267,48.387396],[39.786901,48.38766187096775],[39.786901,48.387662],[39.78697297333158,48.3876920533326],[39.787073,48.387734],[39.787073,48.38773382067432]]]}},{"type":"Feature","properties":{"cadnum":"4421480800:14:003:0029"},"geometry":{"type":"Polygon","coordinates":[[[39.803538,48.388981],[39.803079,48.388813],[39.802963,48.388614],[39.80294,48.388393],[39.802729,48.388143],[39.802351,48.387889],[39.801764,48.387679],[39.801175,48.387602],[39.801156,48.387606],[39.800492,48.388536],[39.801887,48.389147],[39.80188714691944,48.389147],[39.803553,48.389877],[39.803553,48.38987633164557],[39.805356,48.390666],[39.806655,48.390042],[39.805603,48.389687],[39.80402428440368,48.389147],[39.804025,48.389147],[39.803818927668665,48.38907675768583],[39.803691,48.389033],[39.803690554216864,48.389033],[39.803553,48.388986112936344],[39.803553,48.388986],[39.803538,48.388981]]]}},{"type":"Feature","properties":{"cadnum":"4421480800:14:003:0030"},"geometry":{"type":"Polygon","coordinates":[[[39.794267,48.389061],[39.794205,48.389147],[39.79420571856287,48.389147],[39.793791,48.389729],[39.794298,48.389783],[39.795852,48.389947],[39.79768,48.39014],[39.798059,48.390181],[39.798059,48.390180289454],[39.799225,48.390305],[39.79968,48.389673],[39.799706,48.38964],[39.797888,48.389446],[39.797888,48.38944678164557],[39.79507420792082,48.389147],[39.795078,48.389147],[39.794267,48.389061]]]}},{"type":"Feature","properties":{"cadnum":"4421480800:14:003:0024"},"geometry":{"type":"Polygon","coordinates":[[[39.80347596296188,48.39160407407459],[39.802433,48.392106],[39.80280437155298,48.392681],[39.802804,48.392681],[39.803381,48.39357076635514],[39.803381,48.393571],[39.803789,48.3942],[39.805383,48.393436],[39.80490773531179,48.39270519584603],[39.804022,48.39134],[39.80347596296188,48.39160407407459]]]}},{"type":"Feature","properties":{"cadnum":"4421480800:14:003:0028"},"geometry":{"type":"Polygon","coordinates":[[[39.800492,48.388536],[39.800389,48.388685],[39.800058,48.389147],[39.800058490939044,48.389147],[39.799706,48.38964],[39.79968,48.389673],[39.802261,48.390805],[39.80228,48.390796],[39.802576,48.390812],[39.80271,48.390925],[39.802684,48.390991],[39.803465703194675,48.39133102739653],[39.803731,48.391447],[39.805356,48.390666],[39.803381,48.389801],[39.803381,48.389801627206644],[39.801627,48.389033],[39.80162672176758,48.389033],[39.800492,48.388536]],[[39.799913,48.389556],[39.799967,48.389452],[39.80011,48.389434],[39.800236,48.389499],[39.800259,48.389624],[39.800119,48.389717],[39.799984,48.389664],[39.799913,48.389556]]]}},{"type":"Feature","properties":{"cadnum":"4421480800:14:003:0023"},"geometry":{"type":"Polygon","coordinates":[[[39.802433,48.392106],[39.801515,48.392545],[39.801676,48.392795],[39.80167688008342,48.392795],[39.802846,48.394599],[39.802873,48.394641],[39.803381,48.394396711764706],[39.803381,48.394397],[39.80352799999849,48.39432602205955],[39.803553,48.394314],[39.803553,48.39431395098039],[39.803789,48.3942],[39.803553,48.39383616666667],[39.803553,48.393836],[39.802877927272725,48.392795],[39.802878,48.392795],[39.802433,48.392106]]]}},{"type":"Feature","properties":{"cadnum":"4421480800:14:003:0027"},"geometry":{"type":"Polygon","coordinates":[[[39.803381,48.391615693917274],[39.803381,48.391616],[39.80352825752341,48.39154489565298],[39.803553,48.391533],[39.803553,48.39153294857143],[39.803731,48.391447],[39.803553,48.39136918857143],[39.803553,48.391369],[39.803465703194675,48.39133102739653],[39.803381,48.391294],[39.803381,48.39129418296893],[39.802684,48.390991],[39.802603,48.391179],[39.802446,48.391187],[39.802217,48.391017],[39.80219,48.390842],[39.802261,48.390805],[39.79968,48.389673],[39.799225,48.390305],[39.800123,48.3904],[39.801498,48.392521],[39.803381,48.391615693917274]]]}},{"type":"Feature","properties":{"cadnum":"4421480800:14:003:0031"},"geometry":{"type":"Polygon","coordinates":[[[39.794953,48.388106],[39.794287113089005,48.389033],[39.794286,48.389033],[39.794267,48.389061],[39.798059,48.389465],[39.798059,48.38946424752475],[39.799706,48.38964],[39.80014,48.389033],[39.80013967532468,48.389033],[39.800389,48.388685],[39.798059,48.38843718712515],[39.798059,48.388437],[39.794953,48.388106]]]}},{"type":"Feature","properties":{"cadnum":"4421480800:02:001:0041"},"geometry":{"type":"Polygon","coordinates":[[[39.6157,48.454758],[39.615259,48.45471],[39.614646,48.454652],[39.614641580645205,48.454652],[39.614599,48.454648],[39.61393,48.45465],[39.613930275862074,48.454652],[39.61393,48.454652],[39.61393386828422,48.45467804506058],[39.613946,48.454766],[39.61394693159436,48.454766],[39.61447106840564,48.458295],[39.61447,48.458295],[39.614842,48.460786],[39.616687,48.460834],[39.616308,48.458295],[39.61630702194185,48.458295],[39.615781,48.454763],[39.6157,48.454758]]]}},{"type":"Feature","properties":{"cadnum":"4421480800:13:002:0137"},"geometry":{"type":"Polygon","coordinates":[[[39.759344,48.429124],[39.759607,48.429093],[39.759607,48.42909277715205],[39.760679,48.428966],[39.759436,48.427895],[39.759436,48.42789555089821],[39.758438,48.427035],[39.757404,48.427148],[39.756991,48.427165],[39.756627,48.427106],[39.755719,48.42682],[39.75563,48.426799],[39.7583542952183,48.429144],[39.758353,48.429144],[39.758424,48.429204],[39.759119,48.429144],[39.759114,48.429144],[39.759344,48.429124]]]}},{"type":"Feature","properties":{"cadnum":"4421480800:13:002:0139"},"geometry":{"type":"Polygon","coordinates":[[[39.76221,48.428468],[39.763117,48.42817],[39.763373,48.42815],[39.76345,48.428134],[39.761402,48.426373],[39.761033,48.426427],[39.760903,48.426465],[39.760149,48.42659],[39.760059,48.426614],[39.76221,48.428468]]]}},{"type":"Feature","properties":{"cadnum":"4421480800:13:002:0138"},"geometry":{"type":"Polygon","coordinates":[[[39.759607,48.4280423378922],[39.760679,48.428966],[39.761083,48.428918],[39.761375,48.428787],[39.761667,48.428647],[39.76221,48.428468],[39.760059,48.426614],[39.759744,48.426703],[39.759436,48.426826],[39.759436,48.42682639739414],[39.7593,48.42688],[39.758949,48.426978],[39.758438,48.427035],[39.759607,48.428043],[39.759607,48.4280423378922]]]}},{"type":"Feature","properties":{"cadnum":"4421480800:13:002:0140"},"geometry":{"type":"Polygon","coordinates":[[[39.76345,48.428134],[39.763545,48.428113],[39.764807,48.427759],[39.763104,48.426292],[39.762606,48.426394],[39.762121,48.426266],[39.761402,48.426373],[39.76345,48.428134]]]}},{"type":"Feature","properties":{"cadnum":"4421480800:11:002:0007"},"geometry":{"type":"Polygon","coordinates":[[[39.707458,48.424876],[39.707503,48.424916],[39.707617757183904,48.425499],[39.707617,48.425499],[39.707678,48.425804],[39.7077,48.427043],[39.707898,48.427434],[39.709218,48.427756],[39.709997,48.42771304972973],[39.709997,48.427714],[39.710143,48.427705],[39.710169,48.427689],[39.710169,48.427687832061075],[39.710405,48.427532],[39.710522,48.427481],[39.710692,48.427461],[39.71469,48.427768],[39.714717,48.426606],[39.713346,48.4271],[39.712673,48.427127],[39.711734,48.4273],[39.71159,48.427324],[39.711541,48.427216],[39.71169,48.426796],[39.71178,48.426257],[39.711707,48.425532],[39.710868,48.425303],[39.710346,48.425094],[39.709997,48.425067],[39.709997,48.42506713379073],[39.709003,48.424987],[39.707458,48.424876]]]}},{"type":"Feature","properties":{"cadnum":"4421480800:02:004:0001"},"geometry":{"type":"Polygon","coordinates":[[[39.621467,48.398416],[39.62136,48.399607],[39.62136,48.399631],[39.622107,48.39970993137255],[39.622107,48.39971],[39.624630139841706,48.399976],[39.624622,48.399976],[39.627771,48.400309],[39.627771,48.4003080127539],[39.629717,48.400513],[39.629725,48.399976],[39.62972480688807,48.399976],[39.629736,48.399276],[39.6276,48.399009],[39.6276,48.39900906650831],[39.62735,48.398977],[39.622278,48.39849427484265],[39.622278,48.398494],[39.621467,48.398416]]]}},{"type":"Feature","properties":{"cadnum":"4421480800:16:001:0005"},"geometry":{"type":"Polygon","coordinates":[[[39.633093,48.396133],[39.633093,48.39613349381542],[39.63187617857147,48.396328],[39.631874,48.396328],[39.63145651468362,48.39639508233412],[39.631163,48.396442],[39.63116452370202,48.396442],[39.629117,48.396771],[39.6297,48.398261],[39.633093,48.398381872650766],[39.633093,48.398382],[39.634937,48.398447],[39.63521359832063,48.39633868402369],[39.635287,48.395781],[39.633093,48.396133]]]}},{"type":"Feature","properties":{"cadnum":"4421480800:25:004:0003"},"geometry":{"type":"Polygon","coordinates":[[[39.777268,48.338052],[39.77726917008798,48.338052],[39.775915,48.338961],[39.775915,48.33896135305164],[39.77199698249913,48.341589],[39.771996,48.341589],[39.770422,48.342646],[39.770422,48.34264639491917],[39.767996,48.344274],[39.768548,48.344617],[39.769065,48.344936],[39.770594,48.343911],[39.770594,48.34391062317644],[39.773922091190826,48.341678154629214],[39.776087,48.340228],[39.776087,48.340227628193],[39.779086,48.338216],[39.778703,48.337938],[39.77870276258993,48.337938],[39.778097,48.337496],[39.777268,48.338052]],[[39.772711,48.341637],[39.772765,48.34165],[39.772788,48.341682],[39.772777,48.341703],[39.7727775,48.341703],[39.77277,48.341718],[39.772721,48.341733],[39.772667,48.341721],[39.772644,48.341688],[39.772662,48.341652],[39.772711,48.341637]]]}},{"type":"Feature","properties":{"cadnum":"4421480800:25:004:0002"},"geometry":{"type":"Polygon","coordinates":[[[39.777954,48.337392],[39.776763,48.336511],[39.775915,48.33708],[39.775915,48.3370802675709],[39.774465,48.338052],[39.77446606862399,48.338052],[39.770422,48.340765],[39.770422,48.340765213740454],[39.76919218803419,48.341589],[39.769192,48.341589],[39.76907657613255,48.34166644232343],[39.769022,48.341703],[39.76902208876404,48.341703],[39.766539,48.343369],[39.767335,48.343865],[39.767996,48.344274],[39.770594,48.342531],[39.770594,48.34253049555274],[39.771826240302744,48.341703],[39.771827,48.341703],[39.776087,48.338846],[39.776087,48.33884554330709],[39.777439,48.337938],[39.77743797482014,48.337938],[39.778097,48.337496],[39.777954,48.337392]]]}},{"type":"Feature","properties":{"cadnum":"4421480800:11:004:0004"},"geometry":{"type":"Polygon","coordinates":[[[39.688196,48.419999],[39.686895,48.419997],[39.686981,48.421574],[39.688025,48.42157485925926],[39.688025,48.421575],[39.69308,48.421583],[39.693111,48.420003],[39.688196,48.41999913448682],[39.688196,48.419999]],[[39.687677,48.421354],[39.687677,48.421381],[39.687637,48.421381],[39.687637,48.421354],[39.687677,48.421354]],[[39.687668,48.420879],[39.687668,48.420909],[39.687624,48.420909],[39.687624,48.420879],[39.687668,48.420879]],[[39.68766,48.420459],[39.68766,48.420489],[39.687614,48.420489],[39.687614,48.420462],[39.68766,48.420459]],[[39.687645,48.420027],[39.68765,48.420057],[39.687605,48.420057],[39.687605,48.420027],[39.687645,48.420027]],[[39.687404,48.421142],[39.687444,48.421142],[39.687444,48.421169],[39.687404,48.421171],[39.687404,48.421142]],[[39.68743,48.420668],[39.687434,48.420694],[39.68739,48.420694],[39.68739,48.420668],[39.68743,48.420668]],[[39.687377,48.420241],[39.687421,48.420241],[39.687421,48.420268],[39.687377,48.420272],[39.687377,48.420241]]]}},{"type":"Feature","properties":{"cadnum":"4421480800:10:002:0055"},"geometry":{"type":"Polygon","coordinates":[[[39.682703,48.420623409807355],[39.686528,48.420677],[39.686513,48.420474],[39.686505,48.419276],[39.682531,48.41922],[39.682531,48.41922058200563],[39.679502,48.419178],[39.679592,48.420289],[39.679605,48.420283],[39.679947,48.420522],[39.679897,48.420584],[39.682703,48.420624],[39.682703,48.420623409807355]]]}},{"type":"Feature","properties":{"cadnum":"4421480800:11:004:0005"},"geometry":{"type":"Polygon","coordinates":[[[39.688196,48.418437],[39.686962,48.418435],[39.686878,48.419598],[39.686895,48.419997],[39.688025,48.41999873712528],[39.688025,48.419999],[39.693111,48.420003],[39.693148,48.418441],[39.688196,48.41843713351552],[39.688196,48.418437]],[[39.687637,48.419618],[39.687641,48.419649],[39.687597,48.419649],[39.687597,48.419618],[39.687637,48.419618]],[[39.687632,48.419216],[39.687632,48.419243],[39.687587,48.419243],[39.687587,48.419216],[39.687632,48.419216]],[[39.687578,48.418814],[39.687624,48.418814],[39.687624,48.41884],[39.687583,48.418844],[39.687578,48.418814]],[[39.687408,48.419786],[39.687408,48.419812],[39.687367,48.419812],[39.687367,48.419786],[39.687408,48.419786]],[[39.687394,48.419311],[39.687398,48.419338],[39.687354,48.419338],[39.687354,48.419311],[39.687394,48.419311]],[[39.687341,48.418855],[39.687385,48.418855],[39.687385,48.418882],[39.687345,48.418885],[39.687341,48.418855]]]}},{"type":"Feature","properties":{"cadnum":"4421480800:02:001:0025"},"geometry":{"type":"Polygon","coordinates":[[[39.613202,48.445042],[39.613341,48.443937],[39.61335,48.443914],[39.613368,48.443892],[39.61335,48.443896],[39.61112,48.444031],[39.61112,48.4440314141218],[39.605627,48.444364],[39.605627,48.444364198994975],[39.604804,48.444413],[39.604529,48.445517],[39.604708,48.445507],[39.604727,48.445438],[39.604978,48.445451],[39.604982,48.445493],[39.605627,48.44545747368421],[39.605627,48.445458],[39.61112,48.44515644254192],[39.61112,48.445157],[39.613202,48.445042]]]}},{"type":"Feature","properties":{"cadnum":"4421480800:26:005:0002"},"geometry":{"type":"Polygon","coordinates":[[[39.735041,48.33434],[39.735243,48.334301],[39.735221,48.334254],[39.735198,48.33425],[39.735207,48.334218],[39.735077,48.333922],[39.734906,48.333952],[39.734888,48.333997],[39.735041,48.33434]]]}},{"type":"Feature","properties":{"cadnum":"4421480800:13:001:0003"},"geometry":{"type":"Polygon","coordinates":[[[39.769191,48.45756],[39.769118,48.457349],[39.76769,48.457036],[39.76795,48.457811],[39.76805117056856,48.458295],[39.768051,48.458295],[39.768176,48.458889],[39.769761,48.459231],[39.769509,48.458502],[39.769471423398386,48.45839244568263],[39.769191,48.45756]]]}},{"type":"Feature","properties":{"cadnum":"4421480800:26:007:0001"},"geometry":{"type":"Polygon","coordinates":[[[39.723906,48.326083],[39.723906,48.325722],[39.723525,48.325707],[39.723529,48.326069],[39.723906,48.326083]]]}},{"type":"Feature","properties":{"cadnum":"4421480800:19:001:0018"},"geometry":{"type":"Polygon","coordinates":[[[39.67721,48.340927627567666],[39.682247,48.341151],[39.682301,48.340736],[39.682283,48.340333],[39.682391,48.339619],[39.67721,48.33938961516906],[39.67721,48.339389],[39.676749,48.339369],[39.675339,48.339303],[39.675177,48.34038],[39.67511,48.340834],[39.67721,48.340928],[39.67721,48.340927627567666]]]}},{"type":"Feature","properties":{"cadnum":"4421480800:25:004:0004"},"geometry":{"type":"Polygon","coordinates":[[[39.779426,48.338464],[39.779086,48.338216],[39.775915,48.340343],[39.775915,48.34034321344233],[39.774055188474584,48.341589],[39.774055,48.341589],[39.7739220911907,48.34167815462931],[39.773885,48.341703],[39.77388505252359,48.341703],[39.770422,48.344026],[39.770422,48.34402630412034],[39.769065,48.344936],[39.76955227272727,48.34524],[39.769552,48.34524],[39.769627321427116,48.34528682142766],[39.769735,48.345354],[39.76973539130435,48.345354],[39.769774,48.345378],[39.77012,48.345591],[39.770594,48.345273],[39.770594,48.34527279411765],[39.7760041903883,48.34164189094261],[39.776087,48.341587],[39.776087,48.34158563314176],[39.780091,48.3389],[39.779426,48.338464]]]}},{"type":"Feature","properties":{"cadnum":"4421480800:16:003:0008"},"geometry":{"type":"Polygon","coordinates":[[[39.673381,48.388512],[39.673164,48.389147],[39.67316437577002,48.389147],[39.672873,48.390007],[39.672554,48.390928],[39.67721,48.391522],[39.67721,48.39152194482759],[39.679358,48.391796],[39.678861,48.390668],[39.678752,48.389938],[39.678851,48.389508],[39.678941,48.389219],[39.677477,48.389033],[39.67747279289938,48.389033],[39.67721,48.38899975748503],[39.67721,48.388999],[39.673381,48.388512]]]}},{"type":"Feature","properties":{"cadnum":"4421480800:10:006:0001"},"geometry":{"type":"Polygon","coordinates":[[[39.688004,48.410794],[39.686459,48.41077],[39.68522,48.4108],[39.684847,48.410881],[39.684398,48.411029],[39.68440064940239,48.411029],[39.683985,48.411167],[39.686109,48.412449],[39.686203,48.412553],[39.686985,48.41332],[39.687853,48.414163],[39.688025,48.41406170553935],[39.688025,48.414062],[39.68812370752391,48.414003574577755],[39.688196,48.413961],[39.688196,48.41396078433975],[39.689532,48.41317],[39.689038,48.412404],[39.689586,48.412335],[39.68821774100789,48.41100334052826],[39.688196,48.41098209589041],[39.688196,48.410981],[39.688196,48.41098],[39.688004,48.410794]],[[39.685629,48.411849],[39.685656,48.411871],[39.685624,48.411888],[39.685597,48.411867],[39.685629,48.411849]],[[39.685409,48.411921],[39.68544,48.411942],[39.685404,48.411963],[39.685377,48.411939],[39.685409,48.411921]],[[39.684928,48.411093],[39.684955,48.411113],[39.684924,48.411134],[39.684897,48.41111],[39.684928,48.411093]],[[39.684637,48.411134],[39.684664,48.411158],[39.684632,48.411175],[39.684605,48.411155],[39.684637,48.411134]]]}},{"type":"Feature","properties":{"cadnum":"4421480800:10:005:0007"},"geometry":{"type":"Polygon","coordinates":[[[39.681083,48.409536],[39.68245283255191,48.410916],[39.682452,48.410916],[39.682531,48.41099531474104],[39.682531,48.410996],[39.683962,48.412437],[39.686052,48.412472],[39.685777,48.412309],[39.68575,48.41233],[39.685719,48.412309],[39.685746,48.412288],[39.683698,48.411053],[39.68362600000031,48.410978834586786],[39.682876,48.410195],[39.682531,48.409862],[39.682531,48.40986249520767],[39.682077,48.409423],[39.681083,48.409536]]]}},{"type":"Feature","properties":{"cadnum":"4421480800:13:003:0033"},"geometry":{"type":"Polygon","coordinates":[[[39.774854,48.418202],[39.773304,48.414956],[39.77242,48.415254],[39.772613,48.415665],[39.77382418034639,48.418208],[39.773823,48.418208],[39.773965,48.418504],[39.774838,48.418208],[39.77483625210084,48.418208],[39.774854,48.418202]]]}},{"type":"Feature","properties":{"cadnum":"4421480800:13:003:0023"},"geometry":{"type":"Polygon","coordinates":[[[39.769698,48.419994],[39.768759,48.42031],[39.768233,48.420501],[39.769935,48.421967],[39.769936441176476,48.421967],[39.770422,48.42238494936709],[39.770422,48.422385],[39.773853,48.425338],[39.774095,48.425256],[39.775321,48.424838],[39.771856,48.421853],[39.77185474647887,48.421853],[39.770594,48.42076626070287],[39.770594,48.420766],[39.769698,48.419994]]]}},{"type":"Feature","properties":{"cadnum":"4421480800:10:005:0008"},"geometry":{"type":"Polygon","coordinates":[[[39.681083,48.409536],[39.678343,48.409846],[39.677679,48.410049],[39.67853715306123,48.410916],[39.678536,48.410916],[39.679978,48.412371],[39.682531,48.412413159633026],[39.682531,48.412414],[39.683962,48.412437],[39.682703,48.41116920195667],[39.682703,48.411168],[39.6825645515873,48.411029],[39.682565,48.411029],[39.681083,48.409536]]]}},{"type":"Feature","properties":{"cadnum":"4421480800:10:002:0050"},"geometry":{"type":"Polygon","coordinates":[[[39.681142,48.412425],[39.679354,48.412392],[39.679529,48.414676],[39.67952976114356,48.414676],[39.679771,48.417815],[39.681559,48.417839],[39.681314801342694,48.414676],[39.681315,48.414676],[39.681142,48.412425]]]}},{"type":"Feature","properties":{"cadnum":"4421480800:10:002:0049"},"geometry":{"type":"Polygon","coordinates":[[[39.679354,48.412392],[39.678977,48.412386],[39.677616,48.412368],[39.67778425736569,48.414562],[39.677784,48.414562],[39.678033,48.417791],[39.67939,48.417809],[39.679771,48.417815],[39.679521,48.414562],[39.679520265323994,48.414562],[39.679354,48.412392]]]}},{"type":"Feature","properties":{"cadnum":"4421480800:03:002:0014"},"geometry":{"type":"Polygon","coordinates":[[[39.646719,48.449779],[39.646975,48.449673],[39.647221,48.449571],[39.647204,48.449541],[39.646912,48.449112],[39.646386,48.449303],[39.646719,48.449779]]]}},{"type":"Feature","properties":{"cadnum":"4421480800:03:003:0014"},"geometry":{"type":"Polygon","coordinates":[[[39.64817,48.449949],[39.648516,48.449768],[39.649053,48.449717],[39.648753,48.44927],[39.64847,48.449353],[39.648573,48.449512],[39.647976,48.44975],[39.64817,48.449949]]]}},{"type":"Feature","properties":{"cadnum":"4421480800:03:002:0015"},"geometry":{"type":"Polygon","coordinates":[[[39.646386,48.449303],[39.646912,48.449112],[39.646782,48.448916],[39.64626,48.449121],[39.646386,48.449303]]]}},{"type":"Feature","properties":{"cadnum":"4421480800:14:003:0026"},"geometry":{"type":"Polygon","coordinates":[[[39.809046,48.391676],[39.809046,48.391675238493725],[39.80983,48.391298],[39.810032,48.391199],[39.809754,48.391083],[39.809046,48.39084565909091],[39.809046,48.390845],[39.806695,48.390054],[39.806232,48.390278],[39.807593,48.392375],[39.809046,48.391676]]]}},{"type":"Feature","properties":{"cadnum":"4421480800:25:007:0015"},"geometry":{"type":"Polygon","coordinates":[[[39.770803,48.333367],[39.772371,48.333214],[39.772721,48.333057],[39.772128,48.332632],[39.772088,48.332495],[39.772218,48.332238],[39.772118,48.332074],[39.771679,48.33168],[39.77091,48.33116],[39.770594,48.331002],[39.770273,48.330841],[39.765206,48.332773],[39.766778,48.3344],[39.76677830814525,48.3344],[39.767654,48.335305],[39.768036,48.335075],[39.76843,48.334717],[39.768359,48.334621],[39.767721,48.334606],[39.767591,48.334562],[39.767596,48.334439],[39.767776,48.334352],[39.768094,48.334376],[39.768198,48.3344],[39.76819872727274,48.3344],[39.768526,48.334475],[39.769271,48.334489],[39.769455,48.334447],[39.769714,48.334286],[39.76971341899442,48.334286],[39.769818,48.334221],[39.769931,48.334108],[39.769908,48.334018],[39.769159,48.333424],[39.76861,48.333167],[39.768076,48.332934],[39.767717,48.332836],[39.767044,48.332901],[39.766935,48.332749],[39.767268,48.332277],[39.767663,48.332435],[39.7683,48.332537],[39.769625,48.333125],[39.770228,48.333528],[39.770443,48.333567],[39.770594,48.333484],[39.770594,48.333483111111114],[39.770803,48.333367]]]}},{"type":"Feature","properties":{"cadnum":"4421480800:25:003:0008"},"geometry":{"type":"Polygon","coordinates":[[[39.750102,48.34616],[39.750681,48.345907],[39.750532,48.345755],[39.749953,48.346005],[39.750102,48.34616]]]}},{"type":"Feature","properties":{"cadnum":"4421480800:25:003:0020"},"geometry":{"type":"Polygon","coordinates":[[[39.75174,48.345963],[39.751964,48.345796],[39.751637,48.345465],[39.751381,48.345608],[39.75174,48.345963]]]}},{"type":"Feature","properties":{"cadnum":"4421480800:25:003:0012"},"geometry":{"type":"Polygon","coordinates":[[[39.751054,48.346178],[39.751655,48.345978],[39.75162,48.345907],[39.751511,48.345781],[39.750887,48.346038],[39.751054,48.346178]]]}},{"type":"Feature","properties":{"cadnum":"4421480800:25:003:0000"},"geometry":{"type":"Polygon","coordinates":[[[39.749953,48.346005],[39.750532,48.345755],[39.750385,48.345602],[39.749805,48.345853],[39.749953,48.346005]]]}},{"type":"Feature","properties":{"cadnum":"4421480800:25:005:0011"},"geometry":{"type":"Polygon","coordinates":[[[39.749832,48.347083],[39.750033,48.346793],[39.749863,48.346826],[39.749687,48.347008],[39.749832,48.347083]]]}},{"type":"Feature","properties":{"cadnum":"4421480800:25:003:0006"},"geometry":{"type":"Polygon","coordinates":[[[39.750735,48.345894],[39.751318,48.345605],[39.751138,48.345423],[39.750582,48.345739],[39.750735,48.345894]]]}},{"type":"Feature","properties":{"cadnum":"4421480800:25:003:0009"},"geometry":{"type":"Polygon","coordinates":[[[39.750253,48.346312],[39.750828,48.346062],[39.750681,48.345907],[39.750102,48.34616],[39.750253,48.346312]]]}},{"type":"Feature","properties":{"cadnum":"4421480800:25:005:0010"},"geometry":{"type":"Polygon","coordinates":[[[39.750128,48.34748],[39.750218,48.34731],[39.750182,48.347259],[39.749922,48.347205],[39.749872,48.347328],[39.749957,48.347426],[39.750128,48.34748]]]}},{"type":"Feature","properties":{"cadnum":"4421480800:25:005:0009"},"geometry":{"type":"Polygon","coordinates":[[[39.750474,48.34779],[39.751165,48.347405],[39.751301,48.346916],[39.750918,48.346763],[39.750729,48.346596],[39.750425,48.346892],[39.750371,48.346981],[39.750474,48.347154],[39.750326,48.347346],[39.75002,48.347784],[39.750474,48.34779]]]}},{"type":"Feature","properties":{"cadnum":"4421480800:25:003:0017"},"geometry":{"type":"Polygon","coordinates":[[[39.750425,48.346485],[39.750918,48.346238],[39.750945,48.346184],[39.750828,48.346062],[39.750253,48.346312],[39.750425,48.346485]]]}},{"type":"Feature","properties":{"cadnum":"4421480800:25:005:0008"},"geometry":{"type":"Polygon","coordinates":[[[39.74957,48.348835],[39.750025,48.347784],[39.750326,48.347346],[39.750474,48.347154],[39.750375,48.346981],[39.750429,48.346892],[39.750729,48.346596],[39.75046,48.346638],[39.750343,48.346733],[39.750033,48.346793],[39.749836,48.347083],[39.74979,48.347178],[39.749922,48.347205],[39.750186,48.347259],[39.750218,48.34731],[39.750128,48.34748],[39.749943,48.347769],[39.749494,48.348817],[39.74957,48.348835]]]}},{"type":"Feature","properties":{"cadnum":"4421480800:25:003:0014"},"geometry":{"type":"Polygon","coordinates":[[[39.753021,48.34599],[39.753322,48.345814],[39.753106,48.345531],[39.752903,48.345653],[39.752949,48.345677],[39.752863,48.345737],[39.753021,48.34599]]]}},{"type":"Feature","properties":{"cadnum":"4421480800:17:007:0008"},"geometry":{"type":"Polygon","coordinates":[[[39.7259,48.367802],[39.725263,48.367778],[39.722186,48.367607],[39.722235,48.367771],[39.722158,48.36881],[39.726477,48.36904855501114],[39.726477,48.369049],[39.727024,48.369078],[39.727014,48.368401],[39.726992,48.367897],[39.726871,48.367826],[39.726605,48.36779],[39.7259,48.367802]]]}},{"type":"Feature","properties":{"cadnum":"4421480800:14:001:0130"},"geometry":{"type":"Polygon","coordinates":[[[39.796665,48.410821],[39.796705,48.410543],[39.796701,48.41035],[39.796898,48.410291],[39.796602,48.410138],[39.796332,48.409849],[39.796257,48.409438],[39.796154,48.409071],[39.796036,48.408788],[39.795991,48.408821],[39.794697,48.40976],[39.795318,48.411029],[39.79531845692308,48.411029],[39.795582,48.411566],[39.79667,48.411263],[39.796705,48.411254],[39.796858,48.411119],[39.796867,48.41106],[39.796805820312805,48.410988375000365],[39.796665,48.410821]]]}},{"type":"Feature","properties":{"cadnum":"4421480800:14:003:0041"},"geometry":{"type":"Polygon","coordinates":[[[39.798022,48.407014],[39.79914,48.406748],[39.800276,48.40648],[39.801251,48.406251],[39.800946,48.405687],[39.800519,48.405789],[39.800492,48.405982],[39.800156,48.406096],[39.799831,48.406065],[39.7998,48.405958],[39.798059,48.40637230700837],[39.798059,48.406372],[39.795533,48.406972],[39.795605,48.407067],[39.79569321518987,48.407269],[39.795692,48.407269],[39.795812,48.407539],[39.796921,48.407276],[39.797888,48.40704588737511],[39.797888,48.407046],[39.798022,48.407014]]]}},{"type":"Feature","properties":{"cadnum":"4421480800:17:007:0007"},"geometry":{"type":"Polygon","coordinates":[[[39.729929,48.366814],[39.729907,48.366826],[39.729318118881125,48.367141],[39.729317,48.367141],[39.72916995950162,48.367220252336416],[39.729105,48.367255],[39.729105490566035,48.367255],[39.729022,48.3673],[39.728982,48.367321],[39.729009,48.367339],[39.728963,48.367366],[39.728936,48.367345],[39.727908,48.367888],[39.727804,48.368007],[39.727804,48.368019],[39.727796,48.368019],[39.727657,48.368184],[39.727554,48.368359],[39.727315,48.368377],[39.727307,48.368479],[39.727324,48.36933],[39.727504,48.369458],[39.728959,48.369735],[39.72966,48.367629],[39.72981999999975,48.36714100000075],[39.729929,48.366814]],[[39.728333,48.368414],[39.728286,48.368405],[39.72828,48.368303],[39.72847,48.368326],[39.728407,48.368428],[39.728333,48.368414]],[[39.727804,48.368348],[39.7278,48.368374],[39.72776,48.368374],[39.72776,48.368345],[39.727804,48.368348]],[[39.727778,48.368909],[39.727778,48.368947],[39.727715,48.368947],[39.72772,48.368905],[39.727778,48.368909]],[[39.727454,48.369321],[39.727454,48.36935],[39.727414,48.36935],[39.727414,48.369321],[39.727454,48.369321]],[[39.727374,48.369046],[39.727374,48.369031],[39.727397,48.369025],[39.727414,48.369034],[39.72741,48.369049],[39.727387,48.369055],[39.727374,48.369046]]]}},{"type":"Feature","properties":{"cadnum":"4421480800:17:002:0001"},"geometry":{"type":"Polygon","coordinates":[[[39.682703,48.397198],[39.681582,48.397123],[39.681475,48.397075],[39.681524,48.39728],[39.681551,48.397286],[39.682531,48.39735065277778],[39.682531,48.397351],[39.684685,48.397492],[39.685063,48.397516],[39.687501,48.397665],[39.688025,48.39767932517986],[39.688025,48.39768],[39.691725,48.397781],[39.692914,48.397823],[39.692928,48.397651],[39.691738,48.397618],[39.690071,48.397573],[39.688196,48.39751343255132],[39.688196,48.397513],[39.687534,48.397492],[39.685098,48.397349],[39.68367,48.397262],[39.682703,48.39719832572432],[39.682703,48.397198]]]}},{"type":"Feature","properties":{"cadnum":"4421480800:26:005:0005"},"geometry":{"type":"Polygon","coordinates":[[[39.758779,48.319665],[39.759607,48.319447],[39.759607,48.319446735294115],[39.759776,48.319402],[39.759485081859175,48.31939087665932],[39.758203,48.319337],[39.757889,48.31897],[39.757813,48.318757],[39.757553,48.318802],[39.756318,48.318751],[39.756367,48.3194],[39.756398,48.319791],[39.75639809202454,48.319791],[39.756415,48.320003],[39.756444,48.320033],[39.757893,48.32],[39.758109,48.319994],[39.758182,48.319979],[39.758815,48.319734],[39.758779,48.319665]]]}},{"type":"Feature","properties":{"cadnum":"4421480800:26:005:0007"},"geometry":{"type":"Polygon","coordinates":[[[39.75713,48.318106],[39.757148,48.318098],[39.757134,48.318082],[39.757113,48.318094],[39.75713,48.318106]]]}},{"type":"Feature","properties":{"cadnum":"4421480800:26:005:0006"},"geometry":{"type":"Polygon","coordinates":[[[39.757647,48.318539],[39.7577,48.318525],[39.757706,48.31851],[39.757656,48.318489],[39.757637,48.318492],[39.757629,48.31853],[39.757647,48.318539]]]}},{"type":"Feature","properties":{"cadnum":"4421480800:13:004:0034"},"geometry":{"type":"Polygon","coordinates":[[[39.754993,48.409488],[39.754331,48.407968],[39.753942,48.408061],[39.753942,48.40806164210526],[39.753924,48.408066],[39.752863,48.408317],[39.753474,48.409715],[39.753942,48.409644799999995],[39.753942,48.409645],[39.754993,48.409488]]]}},{"type":"Feature","properties":{"cadnum":"4421480800:13:004:0036"},"geometry":{"type":"Polygon","coordinates":[[[39.757692,48.40976],[39.756668,48.407413],[39.756402,48.407476],[39.755622,48.407661],[39.756457,48.409581],[39.757692,48.40976]]]}},{"type":"Feature","properties":{"cadnum":"4421480800:10:001:0023"},"geometry":{"type":"Polygon","coordinates":[[[39.660135,48.429791],[39.657471,48.429973],[39.657466,48.429973],[39.655066,48.429981],[39.655066,48.42998142379182],[39.653623,48.429985],[39.6536,48.431342],[39.6536,48.431428],[39.655237,48.431461],[39.655237,48.43146035227723],[39.660116,48.431556],[39.660135,48.429791]],[[39.65377,48.430244],[39.653793,48.430244],[39.653802,48.430259],[39.653793,48.430271],[39.65377,48.430271],[39.653757,48.430259],[39.65377,48.430244]],[[39.65377,48.431195],[39.653787,48.431195],[39.653802,48.43121],[39.653787,48.431222],[39.653766,48.431222],[39.653757,48.43121],[39.65377,48.431195]],[[39.653766,48.430748],[39.653757,48.430736],[39.65377,48.430724],[39.653793,48.430724],[39.653802,48.430736],[39.653787,48.430751],[39.653766,48.430748]]]}},{"type":"Feature","properties":{"cadnum":"4421480800:19:001:0017"},"geometry":{"type":"Polygon","coordinates":[[[39.666764,48.338939],[39.66676,48.338953],[39.666095,48.340019],[39.666224,48.340025],[39.666224,48.340024139807895],[39.671545,48.340236146922805],[39.671545,48.340237],[39.675177,48.34038],[39.675339,48.339303],[39.671993,48.339147],[39.671545,48.33913],[39.671545,48.33913012416717],[39.666764,48.338939]]]}},{"type":"Feature","properties":{"cadnum":"4421480800:19:001:0016"},"geometry":{"type":"Polygon","coordinates":[[[39.666224,48.34107086178288],[39.671545,48.34128313821712],[39.671545,48.341284],[39.67502,48.341422],[39.67511,48.340834],[39.675177,48.34038],[39.671717,48.34024377202643],[39.671717,48.340243],[39.666095,48.340019],[39.665898,48.340333],[39.665462,48.34104],[39.666224,48.341071],[39.666224,48.34107086178288]]]}},{"type":"Feature","properties":{"cadnum":"4421480800:11:002:0032"},"geometry":{"type":"Polygon","coordinates":[[[39.733963,48.431183],[39.733177,48.430352],[39.732628,48.430587],[39.73315,48.431139],[39.733963,48.431183]]]}},{"type":"Feature","properties":{"cadnum":"4421480800:11:002:0034"},"geometry":{"type":"Polygon","coordinates":[[[39.7354,48.431261],[39.735328,48.43093],[39.735347,48.430906],[39.734349,48.429848],[39.733833,48.430068],[39.733806,48.430081],[39.734892,48.431234],[39.7354,48.431261]]]}},{"type":"Feature","properties":{"cadnum":"4421480800:11:002:0035"},"geometry":{"type":"Polygon","coordinates":[[[39.735347,48.430906],[39.735643,48.430873],[39.736222,48.430825],[39.735028,48.429556],[39.734515,48.429776],[39.734349,48.429848],[39.735347,48.430906]]]}},{"type":"Feature","properties":{"cadnum":"4421480800:11:002:0036"},"geometry":{"type":"Polygon","coordinates":[[[39.736222,48.430825],[39.736622,48.430757],[39.736919,48.430677],[39.735624,48.429303],[39.735252,48.42946],[39.735028,48.429556],[39.736222,48.430825]]]}},{"type":"Feature","properties":{"cadnum":"4421480800:15:003:0090"},"geometry":{"type":"Polygon","coordinates":[[[39.755023,48.396836],[39.755132,48.396744],[39.755203,48.396669],[39.754939,48.39652],[39.754736,48.396684],[39.755023,48.396836]]]}},{"type":"Feature","properties":{"cadnum":"4421480800:05:002:0005"},"geometry":{"type":"Polygon","coordinates":[[[39.688196,48.44682293667546],[39.688404,48.446863],[39.688589,48.446425],[39.688853,48.446005],[39.689109,48.445519],[39.6880984671094,48.445320435880355],[39.687857,48.445272],[39.687704,48.445379],[39.687094,48.445767],[39.686972,48.445888],[39.686645,48.446396],[39.686622,48.446484],[39.686729,48.446541],[39.688196,48.446823],[39.688196,48.44682293667546]]]}},{"type":"Feature","properties":{"cadnum":"4421480800:06:001:0014"},"geometry":{"type":"Polygon","coordinates":[[[39.691159,48.443711],[39.691144,48.443717],[39.691131,48.44372],[39.69112360000002,48.443721],[39.691117,48.443721],[39.69031624489667,48.44383010204099],[39.69028,48.443835],[39.69028029629629,48.443835],[39.689928,48.443883],[39.689748,48.444134],[39.689654,48.444724],[39.689654,48.444727],[39.689649,48.444733],[39.689398,48.445343],[39.689398,48.445349],[39.690664,48.445683],[39.691463,48.445799],[39.693035,48.445838],[39.693689,48.445811],[39.693689,48.44581085579515],[39.695744,48.445725],[39.69652,48.445599],[39.69653,48.445314],[39.696553,48.444816],[39.693518,48.444396],[39.693518,48.44439626717902],[39.691477,48.444113],[39.691302,48.44397],[39.69120999999965,48.44380399999937],[39.691159,48.443711]]]}},{"type":"Feature","properties":{"cadnum":"4421480800:02:005:0004"},"geometry":{"type":"Polygon","coordinates":[[[39.616785,48.411673],[39.614249,48.411361],[39.613894,48.413179],[39.616613,48.41351476029056],[39.616613,48.413515],[39.619752,48.413901],[39.619922,48.412058],[39.616785,48.41167310365669],[39.616785,48.411673]]]}},{"type":"Feature","properties":{"cadnum":"4421480800:10:003:0030"},"geometry":{"type":"Polygon","coordinates":[[[39.652584,48.423011],[39.652571,48.425142],[39.655066,48.42516539647412],[39.655066,48.425166],[39.657938,48.425192],[39.657957,48.423064],[39.655066,48.423036],[39.655066,48.423036259705995],[39.652584,48.423011]]]}},{"type":"Feature","properties":{"cadnum":"4421480800:13:002:0026"},"geometry":{"type":"Polygon","coordinates":[[[39.759717,48.445978],[39.75961,48.445773],[39.75956491596679,48.44578388235285],[39.758981,48.445921],[39.75908,48.446109],[39.759165,48.446109],[39.759607,48.446005],[39.759607,48.446004227758],[39.759717,48.445978]]]}},{"type":"Feature","properties":{"cadnum":"4421480800:02:001:0021"},"geometry":{"type":"Polygon","coordinates":[[[39.611183883445214,48.44948851182436],[39.611292,48.449483],[39.611292,48.44948260842433],[39.612402,48.449422],[39.612542,48.448695],[39.612622,48.448337],[39.611292,48.448410495339544],[39.611292,48.44841],[39.605627,48.44872],[39.605627,48.448720324298165],[39.603733,48.448823],[39.603707,48.448942],[39.60346,48.449911],[39.605799,48.449785],[39.605799,48.44978454295533],[39.606209,48.449762],[39.608693,48.449625],[39.611037,48.449496],[39.61112,48.44949176862745],[39.61112,48.449492],[39.611183883445214,48.44948851182436]]]}},{"type":"Feature","properties":{"cadnum":"4421480800:10:005:0010"},"geometry":{"type":"Polygon","coordinates":[[[39.67713263344134,48.39884682098435],[39.67721,48.398802],[39.67721,48.39880170996979],[39.677369,48.398709],[39.677926,48.398029],[39.67721,48.39799916666667],[39.67721,48.397999],[39.676111,48.397952],[39.676466,48.398628],[39.675527,48.399165],[39.675981,48.399514],[39.677038,48.39890164524004],[39.677038,48.398902],[39.67713263344134,48.39884682098435]]]}},{"type":"Feature","properties":{"cadnum":"4421480800:10:005:0011"},"geometry":{"type":"Polygon","coordinates":[[[39.680064,48.397704],[39.680171,48.3976],[39.677886,48.397943],[39.677038,48.397904],[39.677038,48.39790413893967],[39.676116,48.397862],[39.676111,48.397952],[39.677038,48.39799164422202],[39.677038,48.397992],[39.677926,48.398029],[39.680064,48.397704]]]}},{"type":"Feature","properties":{"cadnum":"4421480800:10:006:0002"},"geometry":{"type":"Polygon","coordinates":[[[39.683333,48.397853],[39.684358,48.397862],[39.684434,48.397403],[39.682703,48.39727929217025],[39.682703,48.397279],[39.681448,48.397188],[39.681618,48.397945],[39.682045,48.398065],[39.682703,48.397957],[39.682703,48.397956690773064],[39.683333,48.397853]]]}},{"type":"Feature","properties":{"cadnum":"4421480800:10:006:0004"},"geometry":{"type":"Polygon","coordinates":[[[39.682703,48.398069],[39.682703,48.398068990206745],[39.68345,48.397943],[39.684475,48.397945],[39.684542,48.397483],[39.682531,48.397351],[39.682531,48.39735150347222],[39.681551,48.397286],[39.681731,48.398044],[39.682165,48.39816],[39.682703,48.398069]]]}},{"type":"Feature","properties":{"cadnum":"4421480800:03:004:0070"},"geometry":{"type":"Polygon","coordinates":[[[39.6589,48.447363],[39.6589,48.447324],[39.658904,48.447289],[39.658315,48.447304],[39.658315,48.447365],[39.658315,48.447399],[39.658311,48.447679],[39.658894,48.447679],[39.6588965477707,48.447479],[39.658897,48.447479],[39.6589,48.447363]],[[39.658563,48.447403],[39.658567,48.44742],[39.65854,48.44742],[39.658536,48.447403],[39.658563,48.447403]]]}},{"type":"Feature","properties":{"cadnum":"4421480800:03:005:0051"},"geometry":{"type":"Polygon","coordinates":[[[39.656856,48.450101],[39.657175,48.449997],[39.65704,48.449803],[39.656982,48.449664],[39.656963,48.449368],[39.656596,48.449386],[39.656686,48.449883],[39.656726,48.449875],[39.656856,48.450101]]]}},{"type":"Feature","properties":{"cadnum":"4421480800:03:005:0055"},"geometry":{"type":"Polygon","coordinates":[[[39.655783,48.450459],[39.655845,48.450444],[39.655886,48.450432],[39.656101,48.450364],[39.656043,48.450197],[39.656057,48.450167],[39.656038,48.450143],[39.655961,48.450164],[39.655917,48.450071],[39.655904,48.449529],[39.655562,48.449541],[39.655625,48.450214],[39.655774,48.450459],[39.655783,48.450459]]]}},{"type":"Feature","properties":{"cadnum":"4421480800:13:002:0119"},"geometry":{"type":"Polygon","coordinates":[[[39.761801,48.431287],[39.761555,48.431374],[39.760773,48.431642],[39.762236,48.432902],[39.76223648369565,48.432902],[39.763387,48.433892],[39.764415,48.433538],[39.763545,48.432788],[39.763543647058825,48.432788],[39.761801,48.431287]],[[39.762987,48.43332],[39.76331,48.4332],[39.76345,48.433379],[39.763193,48.433505],[39.762987,48.43332]]]}},{"type":"Feature","properties":{"cadnum":"4421480800:13:002:0118"},"geometry":{"type":"Polygon","coordinates":[[[39.760773,48.431642],[39.760306,48.431803],[39.759798,48.431976],[39.76073977969763,48.432788],[39.760739,48.432788],[39.762408,48.434226],[39.763387,48.433892],[39.762104,48.432788],[39.76210363333334,48.432788],[39.760773,48.431642]]]}},{"type":"Feature","properties":{"cadnum":"4421480800:13:002:0105"},"geometry":{"type":"Polygon","coordinates":[[[39.761226,48.434661],[39.760377,48.434953],[39.76209190589712,48.436433],[39.762091,48.436433],[39.76314,48.437337],[39.763773,48.437075],[39.763922,48.436983],[39.763845,48.436914],[39.763832,48.436944],[39.763773,48.436932],[39.763792,48.436893],[39.763832,48.436902],[39.76341871641791,48.436547],[39.763419,48.436547],[39.761226,48.434661]],[[39.763203,48.437158],[39.763239,48.43714],[39.763262,48.437164],[39.763226,48.437182],[39.763203,48.437158]]]}},{"type":"Feature","properties":{"cadnum":"4421480800:13:002:0106"},"geometry":{"type":"Polygon","coordinates":[[[39.762084,48.434369],[39.761226,48.434661],[39.763286443266175,48.436433],[39.763286,48.436433],[39.763832,48.436902],[39.763849,48.436905],[39.763845,48.436914],[39.763922,48.436983],[39.764618,48.43655],[39.764481,48.436433],[39.76447968044077,48.436433],[39.762084,48.434369]],[[39.764272,48.436595],[39.764308,48.43658],[39.764331,48.436604],[39.764294,48.436619],[39.764272,48.436595]]]}},{"type":"Feature","properties":{"cadnum":"4421480800:14:003:0045"},"geometry":{"type":"Polygon","coordinates":[[[39.79981,48.403575],[39.7996109068323,48.403622],[39.79961,48.403622],[39.799461761791996,48.40365720872652],[39.799128,48.403736],[39.79913002933984,48.403736],[39.798059,48.40399038501742],[39.798059,48.40399],[39.794083,48.404932],[39.794263,48.405201],[39.79441,48.405422],[39.797888,48.40459658262537],[39.797888,48.404597],[39.800079,48.404076],[39.79989,48.403725],[39.79981,48.403575]]]}},{"type":"Feature","properties":{"cadnum":"4421480800:17:006:0022"},"geometry":{"type":"Polygon","coordinates":[[[39.704776,48.369177],[39.706807,48.369106],[39.706816,48.367745],[39.705761,48.36779],[39.705581,48.36804],[39.70479,48.368058],[39.704776,48.369177]]]}},{"type":"Feature","properties":{"cadnum":"4421480800:16:003:0007"},"geometry":{"type":"Polygon","coordinates":[[[39.674494,48.385246],[39.674446201581034,48.385385],[39.674446,48.385385],[39.67442672674415,48.38544163372104],[39.674407,48.385499],[39.67440720418848,48.385499],[39.673991,48.386722],[39.673429,48.388363],[39.673381,48.388512],[39.677038,48.38897712379211],[39.677038,48.388978],[39.678374,48.389147],[39.678374290322616,48.389147],[39.678941,48.389219],[39.67896229032258,48.389147],[39.678963,48.389147],[39.679175,48.38844],[39.678922,48.388143],[39.678416,48.387626],[39.677351,48.386836],[39.677149860156376,48.386694623752085],[39.675568,48.38558],[39.67532285017373,48.38539179442471],[39.67463,48.384858],[39.674494,48.385246]]]}},{"type":"Feature","properties":{"cadnum":"4421480800:13:004:0032"},"geometry":{"type":"Polygon","coordinates":[[[39.750389,48.406874],[39.750102,48.406954],[39.749706,48.407237],[39.74971980821918,48.407269],[39.749719,48.407269],[39.750941,48.410072],[39.751723,48.40993],[39.751188,48.408713],[39.75060957894737,48.407383],[39.75061,48.407383],[39.750389,48.406874]]]}},{"type":"Feature","properties":{"cadnum":"4421480800:13:004:0043"},"geometry":{"type":"Polygon","coordinates":[[[39.753052,48.406072],[39.751763,48.406459],[39.752117155844154,48.407269],[39.752117,48.407269],[39.752603,48.408379],[39.752863,48.408317],[39.753924,48.408066],[39.75362491969887,48.407383],[39.753625,48.407383],[39.753052,48.406072]]]}},{"type":"Feature","properties":{"cadnum":"4421480800:13:004:0033"},"geometry":{"type":"Polygon","coordinates":[[[39.751723,48.40993],[39.751997,48.409879],[39.753191,48.409756],[39.753474,48.409715],[39.752863,48.408317],[39.752603,48.408379],[39.751188,48.408713],[39.751723,48.40993]]]}},{"type":"Feature","properties":{"cadnum":"4421480800:13:004:0031"},"geometry":{"type":"Polygon","coordinates":[[[39.749706,48.407237],[39.74966128767124,48.407269],[39.74966,48.407269],[39.74901,48.407736],[39.750102,48.41024],[39.750182,48.41021],[39.750941,48.410072],[39.749768699607564,48.407383],[39.749769,48.407383],[39.749706,48.407237]]]}},{"type":"Feature","properties":{"cadnum":"4421480800:13:004:0042"},"geometry":{"type":"Polygon","coordinates":[[[39.751763,48.406459],[39.750389,48.406874],[39.75056050294695,48.407269],[39.75056,48.407269],[39.751188,48.408713],[39.752603,48.408379],[39.75216691351351,48.407383],[39.752167,48.407383],[39.751763,48.406459]]]}},{"type":"Feature","properties":{"cadnum":"4421480800:11:002:0082"},"geometry":{"type":"Polygon","coordinates":[[[39.724701,48.424536],[39.72356,48.424397],[39.723538,48.424578],[39.72352,48.424605],[39.723479,48.42462],[39.723129,48.424659],[39.72312106715635,48.425499],[39.723121,48.425499],[39.72312038053997,48.425571705046025],[39.72312,48.425612],[39.72312003721973,48.425612],[39.723102,48.427729],[39.724674,48.427714],[39.72469108171558,48.425612],[39.724692,48.425612],[39.724701,48.424536]]]}},{"type":"Feature","properties":{"cadnum":"4421480800:11:002:0083"},"geometry":{"type":"Polygon","coordinates":[[[39.726286,48.424486],[39.724718,48.42454],[39.724701,48.424536],[39.724692945167284,48.425499],[39.724692,48.425499],[39.724674,48.427714],[39.724988,48.427711],[39.726259,48.427697],[39.72627695794398,48.42550413550784],[39.726286,48.424486]]]}},{"type":"Feature","properties":{"cadnum":"4421480800:11:002:0016"},"geometry":{"type":"Polygon","coordinates":[[[39.726286,48.424486],[39.724718,48.42454],[39.724701,48.424536],[39.72356,48.424397],[39.723538,48.424578],[39.72352,48.424605],[39.723479,48.42462],[39.723129,48.424659],[39.72312106715635,48.425499],[39.723121,48.425499],[39.72312038053997,48.425571705046025],[39.72312,48.425612],[39.72312003721973,48.425612],[39.723102,48.427729],[39.724988,48.427711],[39.726259,48.427697],[39.72627695794398,48.42550413550784],[39.726286,48.424486]]]}},{"type":"Feature","properties":{"cadnum":"4421480800:26:005:0011"},"geometry":{"type":"Polygon","coordinates":[[[39.753115,48.321257],[39.753276,48.320914],[39.752972,48.320845],[39.7528,48.321189],[39.753115,48.321257]]]}},{"type":"Feature","properties":{"cadnum":"4421480800:16:002:0050"},"geometry":{"type":"Polygon","coordinates":[[[39.632413,48.375909],[39.631394,48.375446],[39.628289,48.378202],[39.62828964748201,48.378202],[39.628105,48.378366],[39.627706,48.378799],[39.625738,48.37993],[39.627593,48.379879],[39.6276,48.37987325842697],[39.6276,48.379874],[39.6277709999994,48.3797330000005],[39.627771,48.379733],[39.629766,48.378088],[39.62976551024859,48.378088],[39.632413,48.375909]]]}},{"type":"Feature","properties":{"cadnum":"4421480800:13:003:0107"},"geometry":{"type":"Polygon","coordinates":[[[39.796154,48.436193],[39.793925,48.43371],[39.792932,48.434163],[39.795073,48.436547],[39.795073779527556,48.436547],[39.7952,48.436687],[39.795470078740166,48.436547],[39.795471,48.436547],[39.796154,48.436193]]]}},{"type":"Feature","properties":{"cadnum":"4421480800:07:003:0032"},"geometry":{"type":"Polygon","coordinates":[[[39.750155,48.457799],[39.751026,48.457679],[39.750757,48.457066],[39.750398,48.457116],[39.749886,48.457185],[39.750155,48.457799]]]}},{"type":"Feature","properties":{"cadnum":"4421480800:10:003:0024"},"geometry":{"type":"Polygon","coordinates":[[[39.64969657107386,48.42758725694447],[39.649744,48.427587],[39.649744,48.42758697403509],[39.652422,48.427571],[39.652432,48.425649],[39.649687968012,48.42566531067965],[39.646678,48.425682],[39.646625,48.426814],[39.646606,48.427604],[39.649572,48.4275879318037],[39.649572,48.427588],[39.64969657107386,48.42758725694447]]]}},{"type":"Feature","properties":{"cadnum":"4421480800:03:004:0021"},"geometry":{"type":"Polygon","coordinates":[[[39.658294,48.447271],[39.65886,48.447256],[39.65886,48.447242],[39.658881,48.447242],[39.658886,48.447256],[39.659299,48.447247],[39.659309,48.447105],[39.659362,48.447107],[39.659506,48.447105],[39.65951,48.44708],[39.659592,48.447087],[39.659586,48.447105],[39.659946,48.447101],[39.659942,48.447068],[39.659942,48.447054],[39.659965,48.44705],[39.659969,48.447068],[39.659946,48.447068],[39.659951,48.447101],[39.659999,48.447101],[39.660045,48.446186],[39.658343,48.446139],[39.658294,48.447271]]]}},{"type":"Feature","properties":{"cadnum":"4421480800:13:003:0091"},"geometry":{"type":"Polygon","coordinates":[[[39.766648,48.409307],[39.765619,48.409146],[39.765256,48.409133],[39.76627633491561,48.410916],[39.766275,48.410916],[39.767195,48.41252],[39.7684,48.412374],[39.76762971536351,48.411029],[39.767631,48.411029],[39.766648,48.409307]]]}},{"type":"Feature","properties":{"cadnum":"4421480800:13:003:0092"},"geometry":{"type":"Polygon","coordinates":[[[39.768193,48.409334],[39.768153,48.409416],[39.767946,48.409495],[39.767174,48.40939],[39.766648,48.409307],[39.7675664941928,48.410916],[39.767565,48.410916],[39.7684,48.412374],[39.769832,48.412198],[39.76916178549142,48.411029],[39.769163,48.411029],[39.768193,48.409334]]]}},{"type":"Feature","properties":{"cadnum":"4421480800:10:001:0018"},"geometry":{"type":"Polygon","coordinates":[[[39.655237,48.437479],[39.653504,48.437445],[39.653483,48.43866],[39.653478,48.439011],[39.655066,48.43904259749858],[39.655066,48.439043],[39.659785,48.439134],[39.659785,48.43855],[39.659856,48.437569],[39.655237,48.43747932004175],[39.655237,48.437479]],[[39.653761,48.437849],[39.653783,48.437852],[39.653793,48.437865],[39.653783,48.437876],[39.653761,48.437876],[39.653747,48.437865],[39.653761,48.437849]],[[39.653761,48.43832],[39.653783,48.43832],[39.653793,48.438335],[39.653783,48.438347],[39.653761,48.438347],[39.653747,48.438333],[39.653761,48.43832]]]}},{"type":"Feature","properties":{"cadnum":"4421480800:17:007:0067"},"geometry":{"type":"Polygon","coordinates":[[[39.722428,48.373704],[39.723552,48.373435],[39.723546,48.373348],[39.722483,48.373339],[39.722428,48.373704]]]}},{"type":"Feature","properties":{"cadnum":"4421480800:10:002:0060"},"geometry":{"type":"Polygon","coordinates":[[[39.686618,48.428134],[39.686653,48.426561],[39.682703,48.426601247452695],[39.682703,48.426601],[39.679893,48.42663],[39.679888,48.426743],[39.679848,48.428206],[39.682531,48.42817780735552],[39.682531,48.428178],[39.686618,48.428134]]]}},{"type":"Feature","properties":{"cadnum":"4421480800:19:004:0006"},"geometry":{"type":"Polygon","coordinates":[[[39.707692,48.35541],[39.707956,48.354945],[39.708401,48.354172],[39.708176,48.354121],[39.707449,48.355384],[39.707692,48.35541]]]}},{"type":"Feature","properties":{"cadnum":"4421480800:03:002:0009"},"geometry":{"type":"Polygon","coordinates":[[[39.645313,48.446396],[39.646149,48.446327],[39.646149,48.446321],[39.646583,48.446299],[39.646543,48.446067],[39.64612,48.446085],[39.6453,48.446151],[39.645313,48.446396]]]}},{"type":"Feature","properties":{"cadnum":"4421480800:03:003:0035"},"geometry":{"type":"Polygon","coordinates":[[[39.64777,48.446538],[39.64798,48.446529],[39.647921,48.446258],[39.647846,48.445981],[39.647598,48.446014],[39.647604,48.446025],[39.647625,48.446109],[39.647634,48.446109],[39.64768,48.446282],[39.64777,48.446538]]]}},{"type":"Feature","properties":{"cadnum":"4421480800:03:002:0010"},"geometry":{"type":"Polygon","coordinates":[[[39.644258,48.446482],[39.645128,48.44641],[39.645313,48.446396],[39.6453,48.446151],[39.644189,48.44624],[39.644258,48.446482]]]}},{"type":"Feature","properties":{"cadnum":"4421480800:10:002:0044"},"geometry":{"type":"Polygon","coordinates":[[[39.67721,48.4205913947584],[39.67948,48.420623],[39.679381,48.420373],[39.679592,48.420289],[39.679502,48.419178],[39.679502,48.419154],[39.67721,48.41912144318182],[39.67721,48.419121],[39.67307,48.419061],[39.673169,48.420534],[39.67721,48.420592],[39.67721,48.4205913947584]]]}},{"type":"Feature","properties":{"cadnum":"4421480800:14:003:0025"},"geometry":{"type":"Polygon","coordinates":[[[39.807593,48.392375],[39.806232,48.390278],[39.804351,48.391181],[39.804297,48.391208],[39.804022,48.39134],[39.804892037113405,48.392681],[39.804892,48.392681],[39.80490773531179,48.39270519584603],[39.804966,48.392795],[39.804966137748345,48.392795],[39.805383,48.393436],[39.8067176384106,48.392795],[39.806718,48.392795],[39.807593,48.392375]]]}},{"type":"Feature","properties":{"cadnum":"4421480800:17:006:0020"},"geometry":{"type":"Polygon","coordinates":[[[39.701767,48.367795],[39.700096,48.367808],[39.700073,48.370905],[39.70007326923077,48.370905],[39.700056,48.373599],[39.70109,48.374336],[39.70148,48.374414],[39.701723,48.374351],[39.70174429550562,48.370905],[39.701745,48.370905],[39.701767,48.367795]]]}},{"type":"Feature","properties":{"cadnum":"4421480800:17:006:0021"},"geometry":{"type":"Polygon","coordinates":[[[39.703407,48.368894],[39.703312,48.368899],[39.703294,48.368786],[39.703407,48.368766],[39.703411,48.367786],[39.701767,48.367795],[39.70174580643087,48.370791],[39.701745,48.370791],[39.701723,48.374351],[39.703375,48.373936],[39.70339331128776,48.370905],[39.703394,48.370905],[39.703407,48.368894]]]}},{"type":"Feature","properties":{"cadnum":"4421480800:10:005:0018"},"geometry":{"type":"Polygon","coordinates":[[[39.680297,48.409599],[39.682014,48.409405],[39.681794,48.409238],[39.681798,48.409074],[39.680221,48.409232],[39.680297,48.409599]]]}},{"type":"Feature","properties":{"cadnum":"4421480800:10:005:0016"},"geometry":{"type":"Polygon","coordinates":[[[39.677652,48.410028],[39.67833,48.40982],[39.678936,48.409754],[39.678846,48.409369],[39.677949,48.409458],[39.677328,48.409661],[39.677652,48.410028]]]}},{"type":"Feature","properties":{"cadnum":"4421480800:10:005:0017"},"geometry":{"type":"Polygon","coordinates":[[[39.678936,48.409754],[39.680297,48.409599],[39.680221,48.409232],[39.678846,48.409369],[39.678936,48.409754]]]}},{"type":"Feature","properties":{"cadnum":"4421480800:01:002:0032"},"geometry":{"type":"Polygon","coordinates":[[[39.632539,48.458326],[39.6324,48.458409],[39.633093,48.458409],[39.633093,48.459716],[39.633311,48.459413],[39.633373,48.458295],[39.633372996389895,48.458295],[39.633383,48.458132],[39.633118,48.457989],[39.632539,48.458326]]]}},{"type":"Feature","properties":{"cadnum":"4421480800:15:005:0002"},"geometry":{"type":"Polygon","coordinates":[[[39.764362,48.390361],[39.764474,48.390263],[39.764048,48.390027],[39.763926,48.390122],[39.764362,48.390361]]]}},{"type":"Feature","properties":{"cadnum":"4421480800:15:004:0032"},"geometry":{"type":"Polygon","coordinates":[[[39.761752,48.392383],[39.761918,48.392273],[39.761931,48.392279],[39.761968,48.392255],[39.761972,48.392258],[39.762004,48.392235],[39.761985,48.392226],[39.762021,48.392198],[39.761505,48.391897],[39.761268,48.392079],[39.761522,48.392228],[39.761505,48.392237],[39.761752,48.392383]]]}},{"type":"Feature","properties":{"cadnum":"4421480800:15:005:0001"},"geometry":{"type":"Polygon","coordinates":[[[39.764474,48.390263],[39.764981,48.38983],[39.764573,48.389592],[39.764164,48.389932],[39.764048,48.390027],[39.764474,48.390263]]]}},{"type":"Feature","properties":{"cadnum":"4421480800:15:005:0011"},"geometry":{"type":"Polygon","coordinates":[[[39.760585,48.390131],[39.761092,48.389706],[39.76066,48.389458],[39.760503,48.389616],[39.760423,48.389666],[39.760153,48.389884],[39.760585,48.390131]]]}},{"type":"Feature","properties":{"cadnum":"4421480800:10:001:0026"},"geometry":{"type":"Polygon","coordinates":[[[39.649744,48.434161],[39.646503,48.434098],[39.646503,48.434235],[39.646476,48.43551],[39.649572,48.43557157894737],[39.649572,48.435572],[39.653533,48.43565],[39.65355,48.434426],[39.653554,48.434235],[39.649744,48.434162282772476],[39.649744,48.434161]]]}},{"type":"Feature","properties":{"cadnum":"4421480800:14:003:0044"},"geometry":{"type":"Polygon","coordinates":[[[39.800376,48.404625],[39.800079,48.404076],[39.798059,48.404556337745326],[39.798059,48.404556],[39.79441,48.405422],[39.794793,48.405946],[39.797888,48.40521347244336],[39.797888,48.405214],[39.800376,48.404625]],[[39.798947,48.404799],[39.798808,48.404622],[39.798938,48.404393],[39.799418,48.404384],[39.799527,48.404646],[39.799334,48.40481],[39.798947,48.404799]]]}},{"type":"Feature","properties":{"cadnum":"4421480800:14:003:0042"},"geometry":{"type":"Polygon","coordinates":[[[39.7998,48.405958],[39.79976,48.405815],[39.800204,48.405657],[39.800528,48.405749],[39.800519,48.405789],[39.800946,48.405687],[39.800653,48.405141],[39.798059,48.40575643001808],[39.798059,48.405756],[39.795152,48.406444],[39.795533,48.406972],[39.797888,48.406412617577196],[39.797888,48.406413],[39.7998,48.405958]]]}},{"type":"Feature","properties":{"cadnum":"4421480800:14:003:0043"},"geometry":{"type":"Polygon","coordinates":[[[39.800653,48.405141],[39.800376,48.404625],[39.798059,48.40517351808682],[39.798059,48.405173],[39.794793,48.405946],[39.795152,48.406444],[39.797888,48.405796470588236],[39.797888,48.405797],[39.800653,48.405141]]]}},{"type":"Feature","properties":{"cadnum":"4421480800:13:003:0108"},"geometry":{"type":"Polygon","coordinates":[[[39.796154,48.436193],[39.796683,48.435919],[39.79715,48.435704],[39.794945,48.433246],[39.794716,48.43335],[39.793925,48.43371],[39.796154,48.436193]]]}},{"type":"Feature","properties":{"cadnum":"4421480800:14:004:0019"},"geometry":{"type":"Polygon","coordinates":[[[39.784179,48.38047],[39.784663,48.380073],[39.783563,48.378934],[39.782179,48.379471],[39.782889,48.379849],[39.782948,48.379847],[39.784179,48.38047]]]}},{"type":"Feature","properties":{"cadnum":"4421480800:16:003:0081"},"geometry":{"type":"Polygon","coordinates":[[[39.680593,48.3957],[39.680459,48.395301],[39.67948,48.395184],[39.67939,48.395557],[39.680593,48.3957]]]}},{"type":"Feature","properties":{"cadnum":"4421480800:16:003:0080"},"geometry":{"type":"Polygon","coordinates":[[[39.680706,48.396034],[39.680593,48.3957],[39.67939,48.395557],[39.679318,48.39587],[39.680706,48.396034]]]}},{"type":"Feature","properties":{"cadnum":"4421480800:16:003:0082"},"geometry":{"type":"Polygon","coordinates":[[[39.680459,48.395301],[39.680284,48.394778],[39.679597,48.394695],[39.67948,48.395184],[39.680459,48.395301]]]}},{"type":"Feature","properties":{"cadnum":"4421480800:16:003:0083"},"geometry":{"type":"Polygon","coordinates":[[[39.680284,48.394778],[39.680091,48.394194],[39.680087,48.394194],[39.679947,48.39363],[39.679853,48.39363],[39.679597,48.394695],[39.680284,48.394778]]]}},{"type":"Feature","properties":{"cadnum":"4421480800:07:001:0012"},"geometry":{"type":"Polygon","coordinates":[[[39.724961,48.450608],[39.724615,48.449994],[39.724229,48.449595],[39.724194,48.449216],[39.724319,48.448803],[39.724081,48.448326],[39.723596,48.448147],[39.722141,48.447551],[39.722114,48.447947],[39.722091,48.448978],[39.722097,48.449008],[39.721988,48.450786],[39.72198535311573,48.451009],[39.721985,48.451009],[39.721975,48.451928],[39.725326,48.451966],[39.725478,48.451612],[39.725406,48.451162],[39.725283,48.451009],[39.72528257864077,48.451009],[39.724961,48.450608]]]}},{"type":"Feature","properties":{"cadnum":"4421480800:17:007:0011"},"geometry":{"type":"Polygon","coordinates":[[[39.737635,48.370012],[39.737635,48.370011669039144],[39.740835,48.370359],[39.741104,48.370296],[39.740354,48.369646],[39.7388,48.368326],[39.738324,48.368007],[39.737955,48.367718],[39.737804,48.367611],[39.737463,48.367574],[39.737463,48.36757441855204],[39.735867,48.367402],[39.735091,48.369735],[39.737635,48.370012]],[[39.736876,48.36881],[39.736842,48.368774],[39.736982,48.368649],[39.737228,48.368627],[39.737251,48.368625],[39.737463,48.36866195412844],[39.737463,48.368662],[39.737578,48.368682],[39.737515,48.36901],[39.737463,48.369015],[39.737463,48.369015229050284],[39.737336,48.369028],[39.735091,48.369735],[39.736876,48.36881]],[[39.736527,48.368023],[39.736523,48.368061],[39.736465,48.368061],[39.736465,48.368019],[39.736527,48.368023]],[[39.738018,48.36816],[39.738032,48.368097],[39.738127,48.368106],[39.738113,48.368169],[39.738018,48.36816]],[[39.737794,48.367859],[39.737798,48.36781],[39.737875,48.367817],[39.737865,48.367864],[39.737794,48.367859]]]}},{"type":"Feature","properties":{"cadnum":"4421480800:13:002:0127"},"geometry":{"type":"Polygon","coordinates":[[[39.759436,48.43210061989343],[39.759436,48.432101],[39.759588196463035,48.43204844597271],[39.759607,48.432042],[39.759607,48.43204195303868],[39.759798,48.431976],[39.760306,48.431803],[39.759436,48.431054],[39.759436,48.43105472727272],[39.757935,48.429762],[39.757602,48.4298],[39.756354,48.429913],[39.759044,48.432235],[39.759436,48.43210061989343]]]}},{"type":"Feature","properties":{"cadnum":"4421480800:13:002:0128"},"geometry":{"type":"Polygon","coordinates":[[[39.759607,48.43120121724139],[39.760306,48.431803],[39.760773,48.431642],[39.761555,48.431374],[39.761289,48.431145],[39.761231,48.431338],[39.760966,48.431318],[39.760859,48.431234],[39.760813,48.431108],[39.760702,48.431088],[39.760926,48.431002],[39.761105,48.430986],[39.759461,48.429571],[39.759436,48.429574],[39.759436,48.42957434507043],[39.759035,48.429628],[39.757935,48.429762],[39.759607,48.431202],[39.759607,48.43120121724139]]]}},{"type":"Feature","properties":{"cadnum":"4421480800:13:002:0130"},"geometry":{"type":"Polygon","coordinates":[[[39.762794,48.430947],[39.763526,48.430695],[39.764304,48.430429],[39.762902,48.429225],[39.762813,48.42927],[39.761788,48.429347],[39.761096,48.429455],[39.761061,48.429458],[39.762794,48.430947]],[[39.762952,48.430381],[39.762623,48.430116],[39.763055,48.429964],[39.763163,48.43028],[39.762952,48.430381]]]}},{"type":"Feature","properties":{"cadnum":"4421480800:13:002:0129"},"geometry":{"type":"Polygon","coordinates":[[[39.759607,48.42969666301703],[39.761105,48.430986],[39.761348,48.430962],[39.761289,48.431145],[39.761555,48.431374],[39.761801,48.431287],[39.76275,48.430962],[39.762794,48.430947],[39.761061,48.429458],[39.760696,48.429482],[39.759708,48.429538],[39.759461,48.429571],[39.759607,48.429697],[39.759607,48.42969666301703]]]}},{"type":"Feature","properties":{"cadnum":"4421480800:13:002:0126"},"geometry":{"type":"Polygon","coordinates":[[[39.758033,48.432581],[39.758842,48.432303],[39.759044,48.432235],[39.756354,48.429913],[39.755809,48.429964],[39.755037,48.430006],[39.758033,48.432581]]]}},{"type":"Feature","properties":{"cadnum":"4421480800:09:001:0028"},"geometry":{"type":"Polygon","coordinates":[[[39.766612,48.455913],[39.766405,48.455323],[39.765822,48.455142],[39.764929,48.4552],[39.764929,48.45520001909308],[39.764681,48.455216],[39.763751,48.455889],[39.763958,48.456473],[39.764929,48.45626808669002],[39.764929,48.456269],[39.766612,48.455913]]]}},{"type":"Feature","properties":{"cadnum":"4421480800:06:001:0174"},"geometry":{"type":"Polygon","coordinates":[[[39.683505,48.434068],[39.684721,48.434011],[39.684637,48.433654],[39.683496,48.433708],[39.683505,48.434039],[39.683505,48.434068]]]}},{"type":"Feature","properties":{"cadnum":"4421480800:06:001:0172"},"geometry":{"type":"Polygon","coordinates":[[[39.683518,48.434733],[39.684884,48.434693],[39.684802,48.434354],[39.683513,48.434417],[39.683518,48.434709],[39.683518,48.434733]]]}},{"type":"Feature","properties":{"cadnum":"4421480800:06:001:0173"},"geometry":{"type":"Polygon","coordinates":[[[39.683513,48.434417],[39.684802,48.434354],[39.684721,48.434011],[39.683505,48.434068],[39.683509,48.434375],[39.683513,48.434417]]]}},{"type":"Feature","properties":{"cadnum":"4421480800:13:004:0050"},"geometry":{"type":"Polygon","coordinates":[[[39.760832,48.406423],[39.762157,48.406107],[39.762358,48.406059],[39.761325,48.403689],[39.759646,48.403707],[39.760832,48.406423]]]}},{"type":"Feature","properties":{"cadnum":"4421480800:13:004:0051"},"geometry":{"type":"Polygon","coordinates":[[[39.762358,48.406059],[39.764438,48.405564],[39.764371,48.404253],[39.763931,48.403906],[39.762174,48.40368],[39.761325,48.403689],[39.762358,48.406059]]]}},{"type":"Feature","properties":{"cadnum":"4421480800:02:003:0080"},"geometry":{"type":"Polygon","coordinates":[[[39.632906,48.434176],[39.633046,48.433934],[39.631339,48.433576],[39.631308,48.433633],[39.631201,48.433814],[39.632906,48.434176]]]}},{"type":"Feature","properties":{"cadnum":"4421480800:02:003:0062"},"geometry":{"type":"Polygon","coordinates":[[[39.630746,48.434593],[39.630859,48.434402],[39.62913,48.434035],[39.629044,48.434181],[39.629017,48.434229],[39.630746,48.434593]]]}},{"type":"Feature","properties":{"cadnum":"4421480800:02:003:0059"},"geometry":{"type":"Polygon","coordinates":[[[39.630409,48.435168],[39.630436,48.435126],[39.630522,48.434977],[39.628797,48.434613],[39.628689,48.434807],[39.630409,48.435168]]]}},{"type":"Feature","properties":{"cadnum":"4421480800:02:003:0057"},"geometry":{"type":"Polygon","coordinates":[[[39.630167,48.43559],[39.630289,48.435376],[39.630293,48.435371],[39.628707,48.435033],[39.62873,48.435225],[39.628738,48.43529],[39.630167,48.43559]]]}},{"type":"Feature","properties":{"cadnum":"4421480800:02:003:0061"},"geometry":{"type":"Polygon","coordinates":[[[39.630635,48.434783],[39.630733,48.434616],[39.630746,48.434593],[39.629017,48.434229],[39.628909,48.434419],[39.630635,48.434783]]]}},{"type":"Feature","properties":{"cadnum":"4421480800:02:003:0067"},"geometry":{"type":"Polygon","coordinates":[[[39.631308,48.433633],[39.631339,48.433576],[39.631421,48.433439],[39.629696,48.433076],[39.629583,48.433269],[39.631308,48.433633]]]}},{"type":"Feature","properties":{"cadnum":"4421480800:02:003:0058"},"geometry":{"type":"Polygon","coordinates":[[[39.630293,48.435371],[39.630409,48.435168],[39.628689,48.434807],[39.628685,48.434813],[39.628707,48.435033],[39.630293,48.435371]]]}},{"type":"Feature","properties":{"cadnum":"4421480800:02:003:0060"},"geometry":{"type":"Polygon","coordinates":[[[39.630522,48.434977],[39.63058,48.434872],[39.630635,48.434783],[39.628909,48.434419],[39.628797,48.434613],[39.630522,48.434977]]]}},{"type":"Feature","properties":{"cadnum":"4421480800:02:003:0073"},"geometry":{"type":"Polygon","coordinates":[[[39.631851,48.435985],[39.631995,48.435737],[39.630289,48.435376],[39.630167,48.43559],[39.630144,48.435623],[39.631851,48.435985]]]}},{"type":"Feature","properties":{"cadnum":"4421480800:02:003:0079"},"geometry":{"type":"Polygon","coordinates":[[[39.632754,48.434437],[39.632906,48.434176],[39.631201,48.433814],[39.631195,48.433823],[39.631083,48.434017],[39.631048,48.434077],[39.632754,48.434437]]]}},{"type":"Feature","properties":{"cadnum":"4421480800:02:003:0065"},"geometry":{"type":"Polygon","coordinates":[[[39.631083,48.434017],[39.631195,48.433823],[39.629471,48.43346],[39.629354,48.433651],[39.631083,48.434017]]]}},{"type":"Feature","properties":{"cadnum":"4421480800:02:003:0072"},"geometry":{"type":"Polygon","coordinates":[[[39.631703,48.436237],[39.631851,48.435985],[39.630144,48.435623],[39.630019,48.435838],[39.629996,48.435877],[39.631703,48.436237]]]}},{"type":"Feature","properties":{"cadnum":"4421480800:02:003:0055"},"geometry":{"type":"Polygon","coordinates":[[[39.629847,48.436136],[39.629996,48.435877],[39.630019,48.435838],[39.628788,48.435579],[39.628847,48.435925],[39.629847,48.436136]]]}},{"type":"Feature","properties":{"cadnum":"4421480800:02:003:0077"},"geometry":{"type":"Polygon","coordinates":[[[39.63244,48.434977],[39.632593,48.434711],[39.630885,48.434351],[39.630859,48.434402],[39.630746,48.434593],[39.630733,48.434616],[39.63244,48.434977]]]}},{"type":"Feature","properties":{"cadnum":"4421480800:02:003:0056"},"geometry":{"type":"Polygon","coordinates":[[[39.630019,48.435838],[39.630144,48.435623],[39.630167,48.43559],[39.628738,48.43529],[39.628788,48.435579],[39.630019,48.435838]]]}},{"type":"Feature","properties":{"cadnum":"4421480800:02:003:0064"},"geometry":{"type":"Polygon","coordinates":[[[39.630971,48.434208],[39.631048,48.434077],[39.631083,48.434017],[39.629354,48.433651],[39.629241,48.433845],[39.630971,48.434208]]]}},{"type":"Feature","properties":{"cadnum":"4421480800:02:003:0068"},"geometry":{"type":"Polygon","coordinates":[[[39.631421,48.433439],[39.631478,48.433338],[39.631532,48.433246],[39.629861,48.432893],[39.629772,48.43295],[39.629696,48.433076],[39.631421,48.433439]]]}},{"type":"Feature","properties":{"cadnum":"4421480800:02:003:0066"},"geometry":{"type":"Polygon","coordinates":[[[39.631195,48.433823],[39.631201,48.433814],[39.631308,48.433633],[39.629583,48.433269],[39.629471,48.43346],[39.631195,48.433823]]]}},{"type":"Feature","properties":{"cadnum":"4421480800:02:003:0075"},"geometry":{"type":"Polygon","coordinates":[[[39.632143,48.435486],[39.632287,48.435234],[39.63058,48.434872],[39.630522,48.434977],[39.630436,48.435126],[39.632143,48.435486]]]}},{"type":"Feature","properties":{"cadnum":"4421480800:02:003:0063"},"geometry":{"type":"Polygon","coordinates":[[[39.630859,48.434402],[39.630885,48.434351],[39.630971,48.434208],[39.629241,48.433845],[39.62913,48.434035],[39.630859,48.434402]]]}},{"type":"Feature","properties":{"cadnum":"4421480800:02:003:0078"},"geometry":{"type":"Polygon","coordinates":[[[39.632593,48.434711],[39.632754,48.434437],[39.631048,48.434077],[39.630971,48.434208],[39.630885,48.434351],[39.632593,48.434711]]]}},{"type":"Feature","properties":{"cadnum":"4421480800:26:004:0001"},"geometry":{"type":"Polygon","coordinates":[[[39.736186,48.330007],[39.736257,48.329784],[39.735728,48.329703],[39.735643,48.329918],[39.736186,48.330007]]]}},{"type":"Feature","properties":{"cadnum":"4421480800:01:001:0019"},"geometry":{"type":"Polygon","coordinates":[[[39.648892,48.482599],[39.648839,48.482492],[39.648736,48.482304],[39.646539,48.482215],[39.646696,48.482509],[39.648892,48.482599]]]}},{"type":"Feature","properties":{"cadnum":"4421480800:01:001:0021"},"geometry":{"type":"Polygon","coordinates":[[[39.648583,48.482006],[39.648443,48.481748],[39.64621,48.48159],[39.646386,48.48192],[39.648583,48.482006]]]}},{"type":"Feature","properties":{"cadnum":"4421480800:01:001:0020"},"geometry":{"type":"Polygon","coordinates":[[[39.648736,48.482304],[39.648583,48.482006],[39.646386,48.48192],[39.646539,48.482215],[39.648736,48.482304]]]}},{"type":"Feature","properties":{"cadnum":"4421480800:01:001:0018"},"geometry":{"type":"Polygon","coordinates":[[[39.649049,48.482894],[39.648892,48.482599],[39.646696,48.482509],[39.646853,48.482807],[39.647958,48.482853],[39.649049,48.482894]]]}},{"type":"Feature","properties":{"cadnum":"4421480800:01:001:0017"},"geometry":{"type":"Polygon","coordinates":[[[39.649225,48.48323],[39.649049,48.482894],[39.647958,48.482853],[39.648137,48.483189],[39.648996,48.483222],[39.649225,48.48323]]]}},{"type":"Feature","properties":{"cadnum":"4421480800:18:001:0016"},"geometry":{"type":"Polygon","coordinates":[[[39.699553,48.374115],[39.69957,48.374103],[39.699535,48.374076],[39.699512,48.374089],[39.699553,48.374115]]]}},{"type":"Feature","properties":{"cadnum":"4421480800:18:001:0015"},"geometry":{"type":"Polygon","coordinates":[[[39.69913,48.373826],[39.69913,48.373808],[39.699103,48.373808],[39.699103,48.373826],[39.69913,48.373826]]]}},{"type":"Feature","properties":{"cadnum":"4421480800:18:001:0018"},"geometry":{"type":"Polygon","coordinates":[[[39.700554,48.374392],[39.700554,48.374375],[39.700528,48.374375],[39.700528,48.374392],[39.700554,48.374392]]]}},{"type":"Feature","properties":{"cadnum":"4421480800:18:001:0017"},"geometry":{"type":"Polygon","coordinates":[[[39.699984,48.374231],[39.699979,48.374213],[39.699952,48.374213],[39.699958,48.374231],[39.699984,48.374231]]]}},{"type":"Feature","properties":{"cadnum":"4421480800:12:001:0002"},"geometry":{"type":"Polygon","coordinates":[[[39.738301,48.420119],[39.738742,48.419827],[39.738714,48.419786],[39.738341,48.419467],[39.738252,48.419517],[39.737865,48.41977],[39.737898,48.419792],[39.737857,48.419819],[39.738301,48.420119]]]}},{"type":"Feature","properties":{"cadnum":"4421480800:12:001:0003"},"geometry":{"type":"Polygon","coordinates":[[[39.738714,48.419786],[39.739263,48.419454],[39.739536,48.419297],[39.739159,48.419008],[39.738341,48.419467],[39.738714,48.419786]]]}},{"type":"Feature","properties":{"cadnum":"4421480800:16:001:0020"},"geometry":{"type":"Polygon","coordinates":[[[39.627,48.388079],[39.626421,48.386224],[39.624997,48.38635],[39.625886,48.388008],[39.627,48.388079]]]}},{"type":"Feature","properties":{"cadnum":"4421480800:02:004:0055"},"geometry":{"type":"Polygon","coordinates":[[[39.626237,48.429088],[39.626241,48.428805],[39.624799,48.42879],[39.624795,48.428903],[39.62479,48.429073],[39.626237,48.429088]]]}},{"type":"Feature","properties":{"cadnum":"4421480800:02:004:0064"},"geometry":{"type":"Polygon","coordinates":[[[39.625182,48.426444],[39.625186,48.426429],[39.625195,48.42606],[39.624085,48.426054],[39.624085,48.42614],[39.62413,48.426173],[39.624054,48.426436],[39.625182,48.426444]]]}},{"type":"Feature","properties":{"cadnum":"4421480800:02:004:0066"},"geometry":{"type":"Polygon","coordinates":[[[39.626344,48.426793],[39.626354,48.426442],[39.625186,48.426429],[39.625182,48.426444],[39.625176,48.426781],[39.626344,48.426793]]]}},{"type":"Feature","properties":{"cadnum":"4421480800:02:004:0045"},"geometry":{"type":"Polygon","coordinates":[[[39.62483,48.427494],[39.62483,48.427401],[39.62484,48.427127],[39.62387,48.427118],[39.623857,48.427163],[39.623524,48.427481],[39.62483,48.427494]]]}},{"type":"Feature","properties":{"cadnum":"4421480800:02:004:0040"},"geometry":{"type":"Polygon","coordinates":[[[39.624799,48.42868],[39.624804,48.428507],[39.624804,48.428457],[39.622958,48.428438],[39.622962,48.428662],[39.624799,48.42868]]]}},{"type":"Feature","properties":{"cadnum":"4421480800:02:004:0061"},"geometry":{"type":"Polygon","coordinates":[[[39.626335,48.427416],[39.62634,48.427142],[39.625168,48.42713],[39.62484,48.427127],[39.62483,48.427401],[39.626335,48.427416]]]}},{"type":"Feature","properties":{"cadnum":"4421480800:02:004:0067"},"geometry":{"type":"Polygon","coordinates":[[[39.626354,48.426442],[39.626354,48.426343],[39.626147,48.426144],[39.626161,48.426063],[39.625195,48.42606],[39.625186,48.426429],[39.626354,48.426442]]]}},{"type":"Feature","properties":{"cadnum":"4421480800:02:004:0057"},"geometry":{"type":"Polygon","coordinates":[[[39.626264,48.428522],[39.626314,48.428245],[39.624813,48.42823],[39.624813,48.428236],[39.624804,48.428457],[39.624804,48.428507],[39.626264,48.428522]]]}},{"type":"Feature","properties":{"cadnum":"4421480800:02:004:0062"},"geometry":{"type":"Polygon","coordinates":[[[39.625168,48.42713],[39.625172,48.426799],[39.62396,48.426787],[39.62387,48.427118],[39.62484,48.427127],[39.625168,48.42713]]]}},{"type":"Feature","properties":{"cadnum":"4421480800:02:004:0065"},"geometry":{"type":"Polygon","coordinates":[[[39.62634,48.427142],[39.626344,48.426793],[39.625176,48.426781],[39.625172,48.426799],[39.625168,48.42713],[39.62634,48.427142]]]}},{"type":"Feature","properties":{"cadnum":"4421480800:02:004:0063"},"geometry":{"type":"Polygon","coordinates":[[[39.625172,48.426799],[39.625176,48.426781],[39.625182,48.426444],[39.624054,48.426436],[39.62396,48.426787],[39.625172,48.426799]]]}},{"type":"Feature","properties":{"cadnum":"4421480800:02:004:0044"},"geometry":{"type":"Polygon","coordinates":[[[39.624822,48.427777],[39.624826,48.427673],[39.62483,48.427494],[39.623524,48.427481],[39.623228,48.427762],[39.624822,48.427777]]]}},{"type":"Feature","properties":{"cadnum":"4421480800:02:004:0054"},"geometry":{"type":"Polygon","coordinates":[[[39.626237,48.429088],[39.62479,48.429073],[39.62479,48.429129],[39.62478941860465,48.429144],[39.624789,48.429144],[39.62478659235669,48.42921691719745],[39.624785,48.429258],[39.62478523584906,48.429258],[39.624782,48.429356],[39.626232,48.429371],[39.626236,48.429144],[39.62623568235294,48.429144],[39.626237,48.429088]]]}},{"type":"Feature","properties":{"cadnum":"4421480800:02:004:0056"},"geometry":{"type":"Polygon","coordinates":[[[39.626241,48.428805],[39.626245,48.428623],[39.626264,48.428522],[39.624804,48.428507],[39.624799,48.42868],[39.624799,48.42879],[39.626241,48.428805]]]}},{"type":"Feature","properties":{"cadnum":"4421480800:02:004:0041"},"geometry":{"type":"Polygon","coordinates":[[[39.624804,48.428457],[39.624813,48.428236],[39.622949,48.428218],[39.622958,48.428438],[39.624804,48.428457]]]}},{"type":"Feature","properties":{"cadnum":"4421480800:02:004:0042"},"geometry":{"type":"Polygon","coordinates":[[[39.624813,48.428236],[39.624813,48.42823],[39.624817,48.428015],[39.622981,48.428],[39.622945,48.428036],[39.622949,48.428218],[39.624813,48.428236]]]}},{"type":"Feature","properties":{"cadnum":"4421480800:02:004:0058"},"geometry":{"type":"Polygon","coordinates":[[[39.626314,48.428245],[39.626358,48.427973],[39.624817,48.427958],[39.624817,48.428015],[39.624813,48.42823],[39.626314,48.428245]]]}},{"type":"Feature","properties":{"cadnum":"4421480800:02:004:0038"},"geometry":{"type":"Polygon","coordinates":[[[39.62479,48.429129],[39.62479,48.429073],[39.624795,48.428903],[39.622972,48.428886],[39.622981,48.429112],[39.62479,48.429129]]]}},{"type":"Feature","properties":{"cadnum":"4421480800:02:004:0043"},"geometry":{"type":"Polygon","coordinates":[[[39.624817,48.428015],[39.624817,48.427958],[39.624822,48.427777],[39.623228,48.427762],[39.622981,48.428],[39.624817,48.428015]]]}},{"type":"Feature","properties":{"cadnum":"4421480800:02:004:0037"},"geometry":{"type":"Polygon","coordinates":[[[39.62479,48.429129],[39.622981,48.429112],[39.62298121917809,48.429144],[39.622981,48.429144],[39.62298132820513,48.429159917948674],[39.622982,48.429258],[39.62298335051546,48.429258],[39.622985,48.429338],[39.624782,48.429356],[39.62478659235669,48.42921691719745],[39.62479,48.429129]]]}},{"type":"Feature","properties":{"cadnum":"4421480800:02:004:0039"},"geometry":{"type":"Polygon","coordinates":[[[39.624795,48.428903],[39.624799,48.42879],[39.624799,48.42868],[39.622962,48.428662],[39.622972,48.428886],[39.624795,48.428903]]]}},{"type":"Feature","properties":{"cadnum":"4421480800:04:001:0037"},"geometry":{"type":"Polygon","coordinates":[[[39.676651,48.457298],[39.676672,48.457271],[39.676848,48.45706],[39.6718,48.455756],[39.671727,48.456026],[39.676651,48.457298]]]}},{"type":"Feature","properties":{"cadnum":"4421480800:02:004:0036"},"geometry":{"type":"Polygon","coordinates":[[[39.624777,48.429586],[39.624782,48.429356],[39.622985,48.429338],[39.622994,48.429568],[39.624777,48.429586]]]}},{"type":"Feature","properties":{"cadnum":"4421480800:02:004:0052"},"geometry":{"type":"Polygon","coordinates":[[[39.626218,48.429937],[39.626224,48.429654],[39.624777,48.429639],[39.624773,48.429815],[39.624769,48.429922],[39.626218,48.429937]]]}},{"type":"Feature","properties":{"cadnum":"4421480800:02:004:0031"},"geometry":{"type":"Polygon","coordinates":[[[39.624746,48.43081],[39.62475,48.430772],[39.624754,48.430531],[39.623182,48.430512],[39.623407,48.430799],[39.624746,48.43081]]]}},{"type":"Feature","properties":{"cadnum":"4421480800:02:004:0046"},"geometry":{"type":"Polygon","coordinates":[[[39.624723,48.431753],[39.625023,48.43174],[39.625774,48.431625],[39.626134,48.431353],[39.624732,48.431338],[39.624723,48.431753]]]}},{"type":"Feature","properties":{"cadnum":"4421480800:02:004:0048"},"geometry":{"type":"Polygon","coordinates":[[[39.626192,48.43107],[39.626197,48.430787],[39.62475,48.430772],[39.624746,48.43081],[39.62474,48.431055],[39.626192,48.43107]]]}},{"type":"Feature","properties":{"cadnum":"4421480800:02:004:0050"},"geometry":{"type":"Polygon","coordinates":[[[39.626205,48.430503],[39.62621,48.43022],[39.624763,48.430206],[39.624759,48.430284],[39.624754,48.430489],[39.626205,48.430503]]]}},{"type":"Feature","properties":{"cadnum":"4421480800:02:004:0032"},"geometry":{"type":"Polygon","coordinates":[[[39.624754,48.430531],[39.624754,48.430489],[39.624759,48.430284],[39.623016,48.430266],[39.623021,48.430307],[39.623182,48.430512],[39.624754,48.430531]]]}},{"type":"Feature","properties":{"cadnum":"4421480800:02:004:0033"},"geometry":{"type":"Polygon","coordinates":[[[39.624759,48.430284],[39.624763,48.430206],[39.624769,48.430048],[39.623012,48.430033],[39.623016,48.430266],[39.624759,48.430284]]]}},{"type":"Feature","properties":{"cadnum":"4421480800:02:004:0034"},"geometry":{"type":"Polygon","coordinates":[[[39.624769,48.430048],[39.624769,48.429922],[39.624773,48.429815],[39.623002,48.4298],[39.623012,48.430033],[39.624769,48.430048]]]}},{"type":"Feature","properties":{"cadnum":"4421480800:02:004:0053"},"geometry":{"type":"Polygon","coordinates":[[[39.626224,48.429654],[39.626232,48.429371],[39.624782,48.429356],[39.624777,48.429586],[39.624777,48.429639],[39.626224,48.429654]]]}},{"type":"Feature","properties":{"cadnum":"4421480800:02:004:0047"},"geometry":{"type":"Polygon","coordinates":[[[39.626134,48.431353],[39.626184,48.431314],[39.626192,48.43107],[39.62474,48.431055],[39.624736,48.43115],[39.624732,48.431338],[39.626134,48.431353]]]}},{"type":"Feature","properties":{"cadnum":"4421480800:02:004:0030"},"geometry":{"type":"Polygon","coordinates":[[[39.624736,48.43115],[39.62474,48.431055],[39.624746,48.43081],[39.623407,48.430799],[39.623677,48.431141],[39.624736,48.43115]]]}},{"type":"Feature","properties":{"cadnum":"4421480800:02:004:0051"},"geometry":{"type":"Polygon","coordinates":[[[39.62621,48.43022],[39.626218,48.429937],[39.624769,48.429922],[39.624769,48.430048],[39.624763,48.430206],[39.62621,48.43022]]]}},{"type":"Feature","properties":{"cadnum":"4421480800:02:004:0035"},"geometry":{"type":"Polygon","coordinates":[[[39.624773,48.429815],[39.624777,48.429639],[39.624777,48.429586],[39.622994,48.429568],[39.623002,48.4298],[39.624773,48.429815]]]}},{"type":"Feature","properties":{"cadnum":"4421480800:02:004:0029"},"geometry":{"type":"Polygon","coordinates":[[[39.624377,48.431764],[39.624723,48.431753],[39.624732,48.431338],[39.624736,48.43115],[39.623677,48.431141],[39.623721,48.431198],[39.624377,48.431764]]]}},{"type":"Feature","properties":{"cadnum":"4421480800:14:003:0032"},"geometry":{"type":"Polygon","coordinates":[[[39.797523,48.386946],[39.796171,48.386943],[39.795726,48.387024],[39.794953,48.388106],[39.797888,48.388418776883455],[39.797888,48.388419],[39.800389,48.388685],[39.800492,48.388536],[39.801156,48.387606],[39.800785,48.387686],[39.800056,48.388083],[39.799706,48.388053],[39.799598,48.387542],[39.799068,48.387161],[39.798709,48.387033],[39.797888,48.386973],[39.797888,48.38697323880597],[39.797523,48.386946]]]}},{"type":"Feature","properties":{"cadnum":"4421480800:26:003:0001"},"geometry":{"type":"Polygon","coordinates":[[[39.725177,48.336508],[39.725374,48.336434],[39.724149,48.334535],[39.723938,48.334588],[39.725177,48.336508]]]}},{"type":"Feature","properties":{"cadnum":"4421480800:13:002:0025"},"geometry":{"type":"Polygon","coordinates":[[[39.760467,48.445787],[39.761101,48.445647],[39.761002,48.445442],[39.76035,48.445585],[39.760467,48.445787]]]}},{"type":"Feature","properties":{"cadnum":"4421480800:26:005:0001"},"geometry":{"type":"Polygon","coordinates":[[[39.736236,48.334875],[39.73637,48.334779],[39.736016,48.334555],[39.736047,48.334535],[39.73584,48.334391],[39.735485,48.334621],[39.73572,48.334776],[39.735854,48.334686],[39.735876,48.334702],[39.735917,48.334675],[39.736236,48.334875]]]}},{"type":"Feature","properties":{"cadnum":"4421480800:11:002:0079"},"geometry":{"type":"Polygon","coordinates":[[[39.730051,48.425234],[39.730495,48.425199],[39.730531,48.425196],[39.730531,48.424251],[39.730055,48.424286],[39.730051,48.425234]]]}},{"type":"Feature","properties":{"cadnum":"4421480800:11:002:0080"},"geometry":{"type":"Polygon","coordinates":[[[39.730531,48.425196],[39.731007,48.425159],[39.731012,48.424215],[39.730531,48.424251],[39.730531,48.425196]]]}},{"type":"Feature","properties":{"cadnum":"4421480800:26:009:0003"},"geometry":{"type":"Polygon","coordinates":[[[39.730531,48.323145],[39.730702,48.322802],[39.730374,48.322729],[39.730212,48.323073],[39.730531,48.323145]]]}},{"type":"Feature","properties":{"cadnum":"4421480800:26:009:0004"},"geometry":{"type":"Polygon","coordinates":[[[39.728959,48.322288],[39.729192,48.322138],[39.729368,48.322243],[39.729445,48.322177],[39.728797,48.321768],[39.729022,48.321613],[39.728533,48.321284],[39.728456,48.321338],[39.728101,48.321093],[39.728209,48.321036],[39.728133,48.320974],[39.728074,48.320998],[39.727747,48.321129],[39.727657,48.321173],[39.72794,48.32141],[39.727783,48.321509],[39.728133,48.321747],[39.72816,48.321729],[39.728959,48.322288]]]}},{"type":"Feature","properties":{"cadnum":"4421480800:26:009:0001"},"geometry":{"type":"Polygon","coordinates":[[[39.73046,48.322344],[39.730702,48.322195],[39.730693,48.322189],[39.730909,48.322022],[39.73068,48.321992],[39.728712,48.320508],[39.728649,48.320546],[39.728622,48.320529],[39.728366,48.320686],[39.728353,48.320675],[39.727963,48.320914],[39.728074,48.320998],[39.728133,48.320974],[39.728209,48.321036],[39.728101,48.321093],[39.728456,48.321338],[39.728533,48.321284],[39.729022,48.321613],[39.728797,48.321768],[39.729445,48.322177],[39.729579,48.322249],[39.73046,48.322344]]]}},{"type":"Feature","properties":{"cadnum":"4421480800:26:009:0002"},"geometry":{"type":"Polygon","coordinates":[[[39.727837,48.32037],[39.727913,48.320329],[39.727584,48.320081],[39.727513,48.320123],[39.727607,48.320192],[39.727513,48.320245],[39.727617,48.320316],[39.727701,48.320266],[39.727837,48.32037]]]}}]}