{"type":"FeatureCollection","features":[{"type":"Feature","properties":{"cadnum":"4423656400:04:001:0028"},"geometry":{"type":"Polygon","coordinates":[[[38.870372,48.511744],[38.870188,48.512089],[38.869896,48.512666],[38.869763,48.513022],[38.86976430689655,48.513022],[38.869699,48.513199],[38.869573,48.51355],[38.869543,48.513686],[38.869543,48.51368761904762],[38.86951,48.513839],[38.869543,48.514011857142854],[38.869543,48.514015],[38.869573,48.514169],[38.869543,48.514275],[38.869543,48.51427580000001],[38.869523,48.514347],[38.869326,48.514466],[38.869154,48.51455],[38.869543,48.51501042067736],[38.869543,48.515011],[38.870202,48.515791],[38.871008,48.516661],[38.87100868012422,48.516661],[38.872097,48.517835],[38.872739,48.518552],[38.873485,48.519372],[38.87423220568928,48.520186],[38.874232,48.520186],[38.874324,48.520286],[38.874336,48.5203],[38.87433616912488,48.5203],[38.875208,48.521303],[38.875208,48.5213024489796],[38.875232,48.52133],[38.876035,48.522146],[38.876984,48.523401],[38.877154,48.523683],[38.877482,48.5236],[38.877213,48.52324],[38.877041,48.522913],[38.877014,48.522794],[38.87675,48.521767],[38.877194,48.521446],[38.877324,48.521351],[38.877419,48.521072],[38.8775,48.520967],[38.877653,48.520827],[38.877787,48.520678],[38.877863,48.520541],[38.877873,48.520408],[38.877836,48.520254],[38.877702,48.519888],[38.877563,48.519513],[38.87719,48.518439],[38.877056,48.518007],[38.876951,48.517817],[38.876481,48.516547],[38.87647987254509,48.516547],[38.8756,48.514166],[38.875339,48.513854],[38.875036,48.513934],[38.875036,48.51393426315789],[38.874334,48.514119],[38.873574,48.514243],[38.87273,48.514434],[38.871301,48.51391],[38.871784,48.512909],[38.8717836076555,48.512909],[38.872335,48.511768],[38.870519,48.511479],[38.870372,48.511744]]]}},{"type":"Feature","properties":{"cadnum":"4423656400:04:001:0027"},"geometry":{"type":"Polygon","coordinates":[[[38.863791,48.515463],[38.863657,48.51544],[38.863302,48.515466],[38.862844,48.515573],[38.862341,48.515704],[38.861865,48.515806],[38.861204,48.515984],[38.86143186115214,48.516547],[38.861431,48.516547],[38.8616,48.516962],[38.86172,48.517251],[38.861846,48.517582],[38.861905,48.517846],[38.861905,48.518036],[38.861873,48.518236],[38.862372,48.51842],[38.862817,48.518292],[38.863167,48.518548],[38.864065562394615,48.51956665461987],[38.864712,48.5203],[38.86471257237464,48.5203],[38.866477,48.5223],[38.866504,48.522505],[38.866518,48.522702],[38.8665,48.522883],[38.867425,48.523938],[38.86742613863637,48.523938],[38.868099,48.524704],[38.868364,48.52484],[38.868678,48.525016],[38.868871,48.525182],[38.868957,48.525319],[38.868993,48.525498],[38.869051,48.525879],[38.869119,48.526051],[38.869257,48.526104],[38.869543,48.52601033187773],[38.869543,48.526011],[38.872949,48.524888],[38.872043,48.523824],[38.87204200098328,48.523824],[38.869715,48.52108914637905],[38.869715,48.521089],[38.86957112013979,48.520920048746724],[38.869543,48.520887],[38.869543,48.520887028608584],[38.86901220529803,48.52026374172188],[38.868733,48.519935],[38.867906,48.518929],[38.86594,48.516547],[38.86593880983607,48.516547],[38.865781,48.516356],[38.865144,48.51549],[38.864695,48.515624],[38.864542,48.515627],[38.864412,48.515618],[38.864344,48.515597],[38.864222,48.51556115463917],[38.864222,48.515561],[38.86415,48.51554],[38.863791,48.515463]]]}},{"type":"Feature","properties":{"cadnum":"4423656400:06:003:0032"},"geometry":{"type":"Polygon","coordinates":[[[38.840906,48.481194],[38.840983,48.480849],[38.840983,48.480831],[38.840782,48.480821],[38.840489,48.480821],[38.840445,48.481028],[38.840507,48.481033],[38.840556,48.481101],[38.840755,48.48111],[38.840768,48.481156],[38.840906,48.481194]]]}},{"type":"Feature","properties":{"cadnum":"4423656400:06:003:0035"},"geometry":{"type":"Polygon","coordinates":[[[38.841086,48.480181],[38.841047,48.480261],[38.84104768067227,48.480261],[38.841029,48.4803],[38.841006,48.480295],[38.840956,48.480328],[38.841069,48.48036],[38.841522,48.480461],[38.841612,48.480262],[38.841096,48.480158],[38.841086,48.480181]]]}},{"type":"Feature","properties":{"cadnum":"4423656400:06:003:0034"},"geometry":{"type":"Polygon","coordinates":[[[38.840983,48.480831],[38.840983,48.480816],[38.841078,48.480408],[38.841069,48.48036],[38.840956,48.480328],[38.840799,48.480307],[38.840799,48.480355],[38.840782,48.480821],[38.840983,48.480831]]]}},{"type":"Feature","properties":{"cadnum":"4423656400:06:003:0036"},"geometry":{"type":"Polygon","coordinates":[[[38.840189,48.482754],[38.840292,48.48231],[38.839933,48.482144],[38.839457,48.481924],[38.839317,48.481861],[38.839075,48.482117],[38.839111,48.482125],[38.839285,48.482182],[38.839237,48.48229],[38.838855,48.482251],[38.838809,48.482373],[38.839573,48.482575],[38.84009,48.482725],[38.840189,48.482754]],[[38.83943,48.481992],[38.839407,48.481983],[38.839425,48.481968],[38.839447,48.481977],[38.83943,48.481992]],[[38.839874,48.482213],[38.839856,48.482204],[38.83987,48.482189],[38.839893,48.482197],[38.839874,48.482213]]]}},{"type":"Feature","properties":{"cadnum":"4423656400:06:003:0039"},"geometry":{"type":"Polygon","coordinates":[[[38.840526,48.480137],[38.839941,48.480092],[38.83993834911243,48.480148],[38.839938,48.480148],[38.839923,48.480485],[38.840548,48.480542],[38.840589,48.480307],[38.84048,48.480304],[38.84050350000001,48.48021671428566],[38.840526,48.480137]]]}},{"type":"Feature","properties":{"cadnum":"4423656400:06:003:0033"},"geometry":{"type":"Polygon","coordinates":[[[38.841342,48.480878],[38.841522,48.480461],[38.841069,48.48036],[38.841078,48.480408],[38.840983,48.480816],[38.841086,48.480831],[38.841342,48.480878]]]}},{"type":"Feature","properties":{"cadnum":"4423656400:16:002:0001"},"geometry":{"type":"Polygon","coordinates":[[[38.933079,48.504569],[38.933137,48.504549],[38.933093,48.504498],[38.933034,48.504519],[38.933079,48.504569]]]}},{"type":"Feature","properties":{"cadnum":"4423656400:08:001:0002"},"geometry":{"type":"Polygon","coordinates":[[[38.931133,48.502293],[38.931188,48.502272],[38.931147,48.502218],[38.931089,48.502239],[38.931133,48.502293]]]}},{"type":"Feature","properties":{"cadnum":"4423656400:04:001:0030"},"geometry":{"type":"Polygon","coordinates":[[[38.876848,48.523938],[38.87685008547009,48.523938],[38.875036,48.524555],[38.875036,48.52455544660194],[38.869543,48.526422],[38.869543,48.526423061705984],[38.869164,48.526551],[38.86937,48.526849],[38.869543,48.52707057307692],[38.869543,48.527071],[38.86963,48.527182],[38.869715,48.527287],[38.869715,48.52728698432602],[38.869949,48.527576],[38.86994945669292,48.527576],[38.870372,48.528097],[38.870502,48.528148],[38.871059,48.528133],[38.872636,48.528035],[38.873943,48.527993],[38.874334,48.527949],[38.875036,48.52768710965435],[38.875036,48.527688],[38.875173,48.527636],[38.875208,48.527652],[38.875208,48.52765195854923],[38.875559,48.527812],[38.876171,48.528476],[38.876368,48.528615],[38.876647,48.528624],[38.877014,48.528437],[38.878794,48.527898],[38.8796494516129,48.527576],[38.87965,48.527576],[38.879947,48.527464],[38.880016,48.527187],[38.879844,48.52678],[38.878372,48.52487],[38.87781,48.524109],[38.877662,48.523992],[38.877401,48.523864],[38.8771,48.523853],[38.876848,48.523938]]]}},{"type":"Feature","properties":{"cadnum":"4423656400:02:001:0004"},"geometry":{"type":"Polygon","coordinates":[[[38.884111,48.469132],[38.883748,48.468821],[38.883352,48.468565],[38.882706,48.468095],[38.881515,48.467229],[38.880968,48.467106],[38.880949,48.467097],[38.880532,48.467223],[38.880529,48.467223],[38.880529,48.46722378056426],[38.880213,48.467306],[38.879588,48.467574],[38.879121,48.467812],[38.878546,48.467285],[38.877859,48.467371],[38.877456,48.467419],[38.877419,48.467338],[38.87524,48.467633],[38.875036,48.467665],[38.875036,48.467665426746805],[38.872546,48.468048],[38.870619,48.468324],[38.870202,48.468426],[38.870133,48.468443],[38.871159,48.469336],[38.871160134268536,48.469336],[38.871603,48.469721],[38.872563,48.470578],[38.873507,48.471421],[38.873561,48.471395],[38.87415,48.471132],[38.874481,48.471034],[38.875003,48.470814],[38.875036,48.47080160487805],[38.875036,48.470802],[38.875152703948125,48.47075776973656],[38.875208,48.470737],[38.875208,48.47073681278539],[38.875255,48.470719],[38.875295,48.47043],[38.875613,48.470638],[38.875748,48.47071],[38.87644,48.471106],[38.877643,48.47185],[38.877657,48.471841],[38.877676,48.47186],[38.877666,48.471865],[38.87776,48.471925],[38.878156,48.472184],[38.878443,48.472333],[38.879037,48.47255],[38.879288,48.472624],[38.87966,48.472663],[38.880529,48.4726780259366],[38.880529,48.472679],[38.881907,48.472702],[38.882117,48.472728],[38.882536,48.472836],[38.882756,48.472904],[38.882918,48.472978],[38.882919712328764,48.472978],[38.883402,48.473196],[38.883968,48.473348],[38.885054,48.473378],[38.885266,48.473301],[38.8851787826087,48.472978],[38.885179,48.472978],[38.885136,48.472818],[38.88496,48.472571],[38.884763,48.472401],[38.884228,48.472029],[38.883438,48.471475],[38.883322,48.471359],[38.883411,48.471287],[38.884364,48.471428],[38.885046,48.471957],[38.885689,48.472035],[38.886023,48.47198936435644],[38.886023,48.47199],[38.886874,48.471874],[38.887238,48.471779],[38.887242,48.471779],[38.88806,48.471562],[38.886546,48.470647],[38.886023,48.470268],[38.886023,48.470268832865166],[38.885482,48.469876],[38.885469,48.469867],[38.884624,48.469516],[38.884614,48.469516],[38.88437767346939,48.469336],[38.884378,48.469336],[38.884125,48.469143],[38.884107,48.469134],[38.884111,48.469132]],[[38.882976,48.469295],[38.882953,48.469307],[38.88293,48.469289],[38.882957,48.469278],[38.882976,48.469295]],[[38.880698,48.470403],[38.880672,48.470415],[38.880653,48.470397],[38.88068,48.470385],[38.880698,48.470403]],[[38.880509,48.470906],[38.880482,48.470922],[38.88046,48.470903],[38.880486,48.470891],[38.880509,48.470906]],[[38.87997,48.470752],[38.879943,48.470766],[38.879926,48.470748],[38.879953,48.470737],[38.87997,48.470752]],[[38.879733,48.471278],[38.879706,48.471291],[38.879687,48.471273],[38.879714,48.47126],[38.879733,48.471278]],[[38.879198,48.471127],[38.879171,48.471139],[38.879153,48.471121],[38.87918,48.471109],[38.879198,48.471127]],[[38.878932,48.47166],[38.878905,48.471675],[38.878888,48.471657],[38.878915,48.471642],[38.878932,48.47166]],[[38.878429,48.471496],[38.878402,48.471511],[38.878381,48.471493],[38.878408,48.471478],[38.878429,48.471496]],[[38.878173,48.472044],[38.878152,48.472056],[38.878111,48.472026],[38.878138,48.472011],[38.878173,48.472044]],[[38.883618,48.469399],[38.883595,48.469412],[38.883572,48.469393],[38.883599,48.469382],[38.883618,48.469399]],[[38.882886,48.469799],[38.882854,48.469807],[38.882817,48.469754],[38.882845,48.469745],[38.882886,48.469799]],[[38.882364,48.469662],[38.882257,48.469706],[38.882238,48.469688],[38.882351,48.469644],[38.882364,48.469662]],[[38.882077,48.470174],[38.88205,48.470189],[38.882005,48.47015],[38.882031,48.470135],[38.882077,48.470174]],[[38.881938,48.469658],[38.881865,48.469682],[38.881825,48.469635],[38.881901,48.469611],[38.881938,48.469658]],[[38.881618,48.469977],[38.881592,48.469989],[38.881542,48.469947],[38.881569,48.469936],[38.881618,48.469977]],[[38.881259,48.470549],[38.881232,48.470561],[38.881215,48.470543],[38.881242,48.470531],[38.881259,48.470549]]]}},{"type":"Feature","properties":{"cadnum":"4423656400:01:016:0004"},"geometry":{"type":"Polygon","coordinates":[[[38.937925,48.486446],[38.937669,48.486443],[38.937534,48.486437],[38.937192,48.486383],[38.937049,48.486368],[38.937534,48.486663],[38.937856,48.487543],[38.93785667926689,48.487543],[38.938137,48.488303],[38.938096,48.488925],[38.936936,48.491184],[38.93693652784504,48.491184],[38.935724,48.493548],[38.935558,48.493876],[38.935461,48.494042],[38.935461,48.49404228571429],[38.935005,48.494824],[38.935005807692306,48.494824],[38.934921,48.494971],[38.934116,48.496141],[38.934152,48.496162],[38.933959,48.496421],[38.934026,48.496438],[38.934215,48.496182],[38.935014,48.494998],[38.935181,48.494711],[38.93517974775784,48.494711],[38.935461,48.494227614643556],[38.935461,48.494228],[38.93553414285581,48.4941019047642],[38.935633,48.493932],[38.935633,48.49393147916666],[38.935653,48.493897],[38.935846,48.493524],[38.9370455599022,48.491184],[38.937046,48.491184],[38.938361,48.488622],[38.93796090100671,48.487543],[38.937962,48.487543],[38.937642,48.486675],[38.937925,48.486446]]]}},{"type":"Feature","properties":{"cadnum":"4423656400:09:003:0408"},"geometry":{"type":"Polygon","coordinates":[[[38.903717,48.454615],[38.90374,48.454456],[38.903466,48.454528],[38.903205,48.454588],[38.903138,48.454597],[38.903098,48.454606],[38.902857302325565,48.454652],[38.902856,48.454652],[38.902648,48.454692],[38.902707,48.454766],[38.90270823671497,48.454766],[38.902985,48.455106],[38.903025,48.455154],[38.903218,48.455392],[38.903327,48.455535],[38.903627,48.455452],[38.903731,48.455421],[38.904359,48.455255],[38.904333,48.455154],[38.904302,48.455154],[38.90422,48.454921],[38.90395,48.454811],[38.903761,48.454652],[38.90376061589404,48.454652],[38.903717,48.454615]]]}},{"type":"Feature","properties":{"cadnum":"4423656400:09:002:0004"},"geometry":{"type":"Polygon","coordinates":[[[38.902958,48.45323],[38.903052,48.45322],[38.903317,48.453122],[38.903403,48.453038],[38.903376,48.45295],[38.90335,48.452884],[38.903308,48.452785],[38.90321,48.452804],[38.903044,48.452827],[38.902981,48.452842],[38.902891,48.45283],[38.902895,48.452854],[38.902904,48.452908],[38.902908,48.452958],[38.902922,48.453014],[38.902931,48.45306],[38.902922,48.45306],[38.902931,48.453113],[38.902958,48.45323]]]}},{"type":"Feature","properties":{"cadnum":"4423656400:09:003:0271"},"geometry":{"type":"Polygon","coordinates":[[[38.901992,48.453864],[38.902059,48.453851],[38.902128,48.453837],[38.902176,48.453855],[38.902212,48.453864],[38.902253,48.45387],[38.902293,48.453873],[38.902334,48.45387],[38.902383,48.453864],[38.902438,48.453851],[38.902495,48.453834],[38.902549,48.453804],[38.902585,48.453778],[38.902608,48.453754],[38.902674,48.453737],[38.902674,48.45373689416847],[38.903071,48.453634],[38.902945,48.453256],[38.902958,48.45323],[38.902931,48.453113],[38.902922,48.45306],[38.902931,48.45306],[38.902922,48.453014],[38.902908,48.452958],[38.902908,48.452934],[38.902742,48.452973],[38.902502,48.453],[38.902502,48.4530002038835],[38.902262,48.453027],[38.902069,48.453038],[38.901907,48.45303],[38.901746,48.453042],[38.90157,48.452982],[38.90152,48.452809],[38.901467,48.452806],[38.901499,48.453304],[38.901526,48.453417],[38.901742,48.453714],[38.901768,48.453754],[38.901876,48.453891],[38.901992,48.453864]]]}},{"type":"Feature","properties":{"cadnum":"4423656400:09:003:0014"},"geometry":{"type":"Polygon","coordinates":[[[38.902837,48.454135],[38.902891,48.454123],[38.903488,48.453998],[38.903398,48.453915],[38.903354,48.45384],[38.903273,48.453714],[38.903115,48.453745],[38.902671,48.453828],[38.902612,48.453837],[38.902528,48.453851],[38.902674,48.454165],[38.902674,48.45416485034013],[38.902675,48.454167],[38.902837,48.454135]]]}},{"type":"Feature","properties":{"cadnum":"4423656400:09:003:0043"},"geometry":{"type":"Polygon","coordinates":[[[38.92004,48.454421],[38.920309,48.454358],[38.92043,48.454323],[38.920673,48.454263],[38.920619,48.454129],[38.919981,48.454286],[38.92004,48.454421]]]}},{"type":"Feature","properties":{"cadnum":"4423656400:09:003:0052"},"geometry":{"type":"Polygon","coordinates":[[[38.919353,48.452577],[38.919478,48.452574],[38.919415,48.452049],[38.91933,48.452053],[38.919334,48.45208],[38.919294,48.452082],[38.919353,48.452577]]]}},{"type":"Feature","properties":{"cadnum":"4423656400:09:003:0022"},"geometry":{"type":"Polygon","coordinates":[[[38.919114,48.454394],[38.919024,48.454367],[38.919002,48.4544],[38.919087,48.454427],[38.919114,48.454394]]]}},{"type":"Feature","properties":{"cadnum":"4423656400:09:003:0053"},"geometry":{"type":"Polygon","coordinates":[[[38.919816,48.452592],[38.920013,48.452574],[38.919995,48.452458],[38.92003,48.452455],[38.920022,48.452416],[38.919986,48.452419],[38.91995,48.452222],[38.919747,48.452241],[38.919761,48.452306],[38.919793,48.452488],[38.919816,48.452592]]]}},{"type":"Feature","properties":{"cadnum":"4423656400:02:003:0143"},"geometry":{"type":"Polygon","coordinates":[[[38.858995,48.457912],[38.859498,48.457957],[38.860091,48.457864],[38.859264,48.455425],[38.858728,48.4555061202263],[38.858728,48.455506],[38.857001,48.455765],[38.857745,48.457962],[38.857988,48.458186],[38.858557,48.458031447297294],[38.858557,48.458032],[38.858995,48.457912]]]}},{"type":"Feature","properties":{"cadnum":"4423656400:02:003:0139"},"geometry":{"type":"Polygon","coordinates":[[[38.861087,48.453855],[38.858728,48.454210248616604],[38.858728,48.45421],[38.85577947841725,48.454652],[38.855778,48.454652],[38.85525773228452,48.454730212685305],[38.855019,48.454766],[38.85501967647061,48.454766],[38.853235,48.455034293294034],[38.853235,48.455034],[38.851625,48.455275],[38.851705,48.455323],[38.852437,48.455776],[38.853064,48.4556825],[38.853064,48.455683],[38.858728,48.454833],[38.858728,48.454832268809355],[38.85958131119375,48.45470386697888],[38.86129,48.454447],[38.861087,48.453855]],[[38.858437,48.454838],[38.858437,48.454793],[38.858504,48.454793],[38.858504,48.454838],[38.858437,48.454838]]]}},{"type":"Feature","properties":{"cadnum":"4423656400:02:003:0137"},"geometry":{"type":"Polygon","coordinates":[[[38.861392,48.454652],[38.861391971428574,48.454652],[38.861321,48.454445],[38.86129,48.454447],[38.85992633228838,48.454652],[38.859926,48.454652],[38.859581311186844,48.45470386697992],[38.859168,48.454766],[38.85916839805827,48.454766],[38.858557,48.454858],[38.858557,48.45485866207627],[38.853235,48.45565733792373],[38.853235,48.455657],[38.852437,48.455776],[38.853064,48.45616492857143],[38.853064,48.456165],[38.85310309917106,48.45618918181664],[38.853235,48.456271],[38.853235,48.456270759036144],[38.853313,48.456319],[38.857001,48.455765],[38.858557,48.45553164504922],[38.858557,48.455532],[38.859264,48.455425],[38.861537,48.455085],[38.861430993846156,48.454766],[38.861431,48.454766],[38.861429,48.45476],[38.861392,48.454652]],[[38.860068,48.455193],[38.860001,48.455193],[38.860001,48.455147],[38.860068,48.455147],[38.860068,48.455193]],[[38.856703,48.455628],[38.85669,48.455621],[38.856682,48.455615],[38.856677,48.455609],[38.856668,48.4556],[38.856668,48.455591],[38.856663,48.455582],[38.856663,48.455573],[38.856668,48.455564],[38.856672,48.455556],[38.856677,48.45555],[38.856686,48.45554],[38.856695,48.455535],[38.856709,48.455529],[38.856718,48.455526],[38.856732,48.455523],[38.856745,48.45552],[38.856758,48.45552],[38.856772,48.455523],[38.856785,48.455526],[38.856799,48.455529],[38.856825,48.455547],[38.856835,48.455556],[38.856839,48.455564],[38.856839,48.455591],[38.856835,48.4556],[38.856829,48.455606],[38.856825,48.455615],[38.856816,48.455621],[38.856803,48.455628],[38.856793,48.455633],[38.85678,48.455637],[38.856766,48.455639],[38.85674,48.455639],[38.856726,48.455637],[38.856713,48.455633],[38.856703,48.455628]]]}},{"type":"Feature","properties":{"cadnum":"4423656400:02:003:0142"},"geometry":{"type":"Polygon","coordinates":[[[38.856304,48.458168],[38.857414,48.457712],[38.857422,48.457668],[38.857499,48.457677],[38.857485,48.457724],[38.857745,48.457962],[38.857001,48.455765],[38.853313,48.456319],[38.856304,48.458168]],[[38.855451,48.457277],[38.855378,48.457266],[38.855397,48.457215],[38.855474,48.457229],[38.855451,48.457277]],[[38.8566,48.457465],[38.856592,48.457462],[38.856587,48.457459],[38.856583,48.457454],[38.856583,48.457436],[38.856587,48.457432],[38.856596,48.457426],[38.856605,48.457423],[38.856628,48.457423],[38.856636,48.457426],[38.856646,48.457432],[38.85665,48.457436],[38.85665,48.457454],[38.856646,48.457459],[38.856642,48.457462],[38.856632,48.457465],[38.856628,48.457468],[38.856609,48.457468],[38.8566,48.457465]],[[38.855824,48.457531],[38.855751,48.457519],[38.85577,48.457471],[38.855841,48.457483],[38.855824,48.457531]],[[38.856749,48.457712],[38.856672,48.457701],[38.85669,48.457653],[38.856766,48.457664],[38.856749,48.457712]]]}},{"type":"Feature","properties":{"cadnum":"4423656400:02:003:0141"},"geometry":{"type":"Polygon","coordinates":[[[38.860904,48.45331],[38.858728,48.45363635364295],[38.858728,48.453636],[38.854189,48.454317],[38.85440435714286,48.454652],[38.854403,48.454652],[38.854405,48.454653],[38.854296,48.45471],[38.854122,48.454597],[38.853776,48.454337],[38.853304,48.453986],[38.853143,48.453974],[38.852954,48.454016],[38.852756,48.454123],[38.852008,48.454766],[38.85200842222223,48.454766],[38.851984,48.454787],[38.851714,48.455023],[38.851665,48.455145],[38.851638,48.455162],[38.851539,48.455225],[38.851625,48.455275],[38.853064,48.45505959689441],[38.853064,48.45506],[38.85525773228545,48.45473021268517],[38.858557,48.454235633863576],[38.858557,48.454236],[38.861087,48.453855],[38.860904,48.45331]],[[38.856821,48.454454],[38.856753,48.454454],[38.856753,48.454409],[38.856821,48.454409],[38.856821,48.454454]],[[38.85316,48.454652],[38.85316,48.454674],[38.853093,48.454674],[38.853093,48.454652],[38.853093,48.45463],[38.85316,48.45463],[38.85316,48.454652]]]}},{"type":"Feature","properties":{"cadnum":"4423656400:01:016:0005"},"geometry":{"type":"Polygon","coordinates":[[[38.936749,48.486229],[38.936685,48.48615],[38.936268,48.486106],[38.936227,48.48613],[38.935896,48.486127],[38.935837,48.486127],[38.936749,48.486229]]]}},{"type":"Feature","properties":{"cadnum":"4423656400:01:016:0006"},"geometry":{"type":"Polygon","coordinates":[[[38.936685,48.48615],[38.936659,48.486121],[38.936303,48.486082],[38.936268,48.486106],[38.936685,48.48615]]]}},{"type":"Feature","properties":{"cadnum":"4423656400:01:022:0003"},"geometry":{"type":"Polygon","coordinates":[[[38.935461,48.486019],[38.935461,48.48601924161074],[38.935037,48.485973],[38.929993,48.486993],[38.928493,48.487425],[38.92849239393939,48.48743],[38.928491,48.48743],[38.928489,48.487458],[38.928497,48.487496],[38.928727,48.48743],[38.92872604999999,48.48743],[38.929968,48.487072136214806],[38.929968,48.487073],[38.930024,48.487056],[38.93014,48.487033],[38.93014,48.48703252711828],[38.934615,48.486127],[38.935461,48.48608916284404],[38.935461,48.48609],[38.935487,48.486088],[38.935633,48.486105],[38.935633,48.48610426857143],[38.935837,48.486127],[38.935896,48.486127],[38.936227,48.48613],[38.936268,48.486106],[38.935461,48.486019]]]}},{"type":"Feature","properties":{"cadnum":"4423656400:01:022:0006"},"geometry":{"type":"Polygon","coordinates":[[[38.936303,48.486082],[38.935633,48.48600879334917],[38.935633,48.486008],[38.935037,48.485942],[38.92998,48.48697],[38.928493,48.487392],[38.928493,48.487425],[38.929968,48.4870002],[38.929968,48.487001],[38.929993,48.486993],[38.93014,48.486964],[38.93014,48.48696327359239],[38.935037,48.485973],[38.935633,48.486038],[38.935633,48.48603754275093],[38.936268,48.486106],[38.936303,48.486082]]]}},{"type":"Feature","properties":{"cadnum":"4423656400:10:017:0002"},"geometry":{"type":"Polygon","coordinates":[[[38.856529,48.505412],[38.856579,48.505403],[38.856579,48.5054],[38.856646,48.505385],[38.856686,48.505361],[38.856852,48.505313],[38.857238,48.505236],[38.857841,48.505111],[38.857774,48.504953],[38.857171,48.50507],[38.856843,48.505141],[38.856785,48.505165],[38.856623,48.505191],[38.856596,48.505209],[38.856538,48.505224],[38.856542,48.50523],[38.856449,48.505248],[38.856407,48.505257],[38.856439,48.505325],[38.856479,48.505319],[38.856529,48.505412]]]}},{"type":"Feature","properties":{"cadnum":"4423656400:10:015:0006"},"geometry":{"type":"Polygon","coordinates":[[[38.853235,48.50308],[38.853235,48.503079916666685],[38.85325,48.503036],[38.853064,48.503008],[38.853064,48.503008622340424],[38.852671,48.502948],[38.852132,48.502867],[38.851948,48.503394],[38.853064,48.50356209625669],[38.853064,48.503563],[38.85307,48.503563],[38.853235,48.50308]]]}},{"type":"Feature","properties":{"cadnum":"4423656400:10:021:0002"},"geometry":{"type":"Polygon","coordinates":[[[38.853969,48.504855],[38.854674,48.504783],[38.854625,48.504531],[38.853919,48.504602],[38.853969,48.504855]]]}},{"type":"Feature","properties":{"cadnum":"4423656400:06:003:0051"},"geometry":{"type":"Polygon","coordinates":[[[38.86584,48.484567],[38.865705,48.484124],[38.865687,48.484106],[38.864222,48.484134637751986],[38.864222,48.484134],[38.858728,48.4842416494263],[38.858728,48.484241],[38.858015,48.484254],[38.858133,48.484719],[38.858728,48.484708],[38.858728,48.48470761924095],[38.86405,48.48460240052957],[38.86405,48.484603],[38.86584,48.484567]],[[38.860005,48.484285],[38.860015,48.484305],[38.859982,48.484311],[38.859974,48.48429],[38.860005,48.484285]]]}},{"type":"Feature","properties":{"cadnum":"4423656400:06:003:0046"},"geometry":{"type":"Polygon","coordinates":[[[38.866581,48.48697],[38.8665,48.486642],[38.866446,48.486478],[38.864222,48.48652255425709],[38.864222,48.486522],[38.858557,48.486631],[38.858557,48.486631152073734],[38.858294,48.486636],[38.85833,48.487127],[38.858557,48.48712300753769],[38.858557,48.487124],[38.86405,48.487018309443954],[38.86405,48.487019],[38.866581,48.48697]]]}},{"type":"Feature","properties":{"cadnum":"4423656400:06:003:0045"},"geometry":{"type":"Polygon","coordinates":[[[38.866581,48.48697],[38.864222,48.48701567009087],[38.864222,48.487015],[38.858728,48.487120709797],[38.858728,48.48712],[38.85833,48.487127],[38.858334,48.487172],[38.858318,48.487543],[38.85831923333333,48.487543],[38.858317,48.48761],[38.858557,48.48760591240876],[38.858557,48.487606],[38.85859664619,48.48760523716951],[38.858728,48.487603],[38.858728,48.487602709796995],[38.86405,48.48750030944395],[38.86405,48.487501],[38.866703,48.487449],[38.866581,48.48697]],[[38.861061,48.487198],[38.86103,48.487205],[38.861024,48.487184],[38.861051,48.487178],[38.861061,48.487198]]]}},{"type":"Feature","properties":{"cadnum":"4423656400:06:003:0048"},"geometry":{"type":"Polygon","coordinates":[[[38.86629,48.48599],[38.866131,48.48551],[38.86405,48.485552],[38.86405,48.485552370167696],[38.858728,48.4856566494263],[38.858728,48.485656],[38.858217,48.485666],[38.858254,48.486145],[38.858557,48.48613924683544],[38.858557,48.48614],[38.86405,48.48603333980582],[38.86405,48.486034],[38.86629,48.48599]],[[38.860517,48.485702],[38.860527,48.485719],[38.860495,48.485726],[38.860491,48.485707],[38.860517,48.485702]]]}},{"type":"Feature","properties":{"cadnum":"4423656400:06:003:0049"},"geometry":{"type":"Polygon","coordinates":[[[38.866131,48.48551],[38.866131,48.485505],[38.865988,48.485038],[38.864222,48.48507262745098],[38.864222,48.485072],[38.858557,48.485182],[38.858557,48.485183126142594],[38.858181,48.48519],[38.858217,48.485666],[38.858557,48.48565934637965],[38.858557,48.48566],[38.864222,48.485549],[38.864222,48.48554852859202],[38.866131,48.48551]]]}},{"type":"Feature","properties":{"cadnum":"4423656400:06:003:0047"},"geometry":{"type":"Polygon","coordinates":[[[38.866446,48.486478],[38.866357,48.486205],[38.86629,48.48599],[38.864222,48.48603062142857],[38.864222,48.48603],[38.858728,48.48613667961165],[38.858728,48.486136],[38.858254,48.486145],[38.858294,48.486636],[38.858728,48.486628],[38.858728,48.486627709797],[38.86405,48.486525309443955],[38.86405,48.486526],[38.866446,48.486478]],[[38.861514,48.486311],[38.861523,48.486333],[38.861492,48.486338],[38.861487,48.486318],[38.861514,48.486311]]]}},{"type":"Feature","properties":{"cadnum":"4423656400:06:003:0050"},"geometry":{"type":"Polygon","coordinates":[[[38.865988,48.485038],[38.86584,48.484567],[38.864222,48.48459954078212],[38.864222,48.484599],[38.858557,48.484711],[38.858557,48.484711161344535],[38.858133,48.484719],[38.85815,48.484797],[38.858181,48.48519],[38.858728,48.48518],[38.858728,48.48517867961165],[38.86405,48.485075339805825],[38.86405,48.485076],[38.865988,48.485038]],[[38.86102,48.48493],[38.861024,48.484948],[38.860998,48.484954],[38.86099,48.484934],[38.86102,48.48493]]]}},{"type":"Feature","properties":{"cadnum":"4423656400:06:003:0052"},"geometry":{"type":"Polygon","coordinates":[[[38.864222,48.483664577854675],[38.864222,48.483664],[38.858728,48.483770679611645],[38.858728,48.48377],[38.858303,48.483778],[38.8583085,48.483789],[38.858307,48.483789],[38.858321,48.483814],[38.858244,48.483873],[38.858128,48.483855],[38.858091,48.483782],[38.857898,48.483784],[38.857899186440676,48.483789],[38.857898,48.483789],[38.857918839694655,48.48387182442748],[38.857926,48.483902],[38.85792643225806,48.483902],[38.858015,48.484254],[38.858557,48.48424411781206],[38.858557,48.484245],[38.86405,48.484137370167694],[38.86405,48.484138],[38.865687,48.484106],[38.86547399053628,48.483902],[38.865474,48.483902],[38.865206,48.483645],[38.864222,48.483664577854675]]]}},{"type":"Feature","properties":{"cadnum":"4423656400:08:001:0020"},"geometry":{"type":"Polygon","coordinates":[[[38.913065,48.502046],[38.912979,48.500763],[38.911721,48.500799],[38.911245,48.500799],[38.911327,48.502001],[38.913065,48.502046]]]}},{"type":"Feature","properties":{"cadnum":"4423656400:08:001:0013"},"geometry":{"type":"Polygon","coordinates":[[[38.910598,48.50198],[38.910459,48.501558],[38.908037,48.502104],[38.908038571428555,48.502104],[38.907702,48.50218],[38.907971,48.502769],[38.907995,48.5027636122449],[38.907995,48.502764],[38.910657,48.502162],[38.91063800584796,48.502104],[38.910639,48.502104],[38.910598,48.50198]]]}},{"type":"Feature","properties":{"cadnum":"4423656400:08:001:0021"},"geometry":{"type":"Polygon","coordinates":[[[38.913488,48.500748],[38.913488,48.500748798825256],[38.912979,48.500763],[38.91306131332814,48.501991],[38.913061,48.501991],[38.913065,48.502046],[38.91366,48.502062],[38.91366,48.502061325230514],[38.914681,48.502087],[38.914591,48.500715],[38.913488,48.500748]]]}},{"type":"Feature","properties":{"cadnum":"4423656400:08:001:0012"},"geometry":{"type":"Polygon","coordinates":[[[38.911327,48.502001],[38.911245,48.500799],[38.910203,48.500795],[38.910598,48.50198],[38.911327,48.502001]]]}},{"type":"Feature","properties":{"cadnum":"4423656400:08:001:0019"},"geometry":{"type":"Polygon","coordinates":[[[38.908204,48.498117],[38.907995,48.498179],[38.907995,48.49817982522522],[38.907612,48.498293],[38.90739719767442,48.498351],[38.907397,48.498351],[38.90643,48.498611],[38.906614,48.499153],[38.908167,48.498802],[38.908167,48.49880115285171],[38.90931,48.498543],[38.909253790035706,48.49837696441316],[38.909067,48.497814],[38.908204,48.498117]]]}},{"type":"Feature","properties":{"cadnum":"4423656400:08:001:0018"},"geometry":{"type":"Polygon","coordinates":[[[38.909507,48.499162],[38.90931,48.498543],[38.907995,48.49884],[38.907995,48.498840874436574],[38.906614,48.499153],[38.906826,48.499766],[38.907995,48.49950273527219],[38.907995,48.499503],[38.909507,48.499162]]]}},{"type":"Feature","properties":{"cadnum":"4423656400:08:001:0014"},"geometry":{"type":"Polygon","coordinates":[[[38.910258,48.50096],[38.908167,48.50143308528502],[38.908167,48.501433],[38.907482,48.501587],[38.90763125338491,48.501991],[38.90763,48.501991],[38.90767147200008,48.502099864000215],[38.907673,48.502104],[38.90767304761905,48.502104],[38.907702,48.50218],[38.907995,48.502113838709676],[38.907995,48.502114],[38.90854,48.501991],[38.90853825641028,48.501991],[38.910459,48.501558],[38.910258,48.50096]]]}},{"type":"Feature","properties":{"cadnum":"4423656400:08:001:0017"},"geometry":{"type":"Polygon","coordinates":[[[38.909713,48.499778],[38.909507,48.499162],[38.908167,48.49946420899471],[38.908167,48.499464],[38.906826,48.499766],[38.907046,48.500382],[38.908167,48.500129],[38.908167,48.500128054714786],[38.909713,48.499778]]]}},{"type":"Feature","properties":{"cadnum":"4423656400:08:001:0015"},"geometry":{"type":"Polygon","coordinates":[[[38.910258,48.50096],[38.910006,48.500373],[38.907995,48.500827],[38.907995,48.50082775249722],[38.907266,48.500992],[38.907482,48.501587],[38.907995,48.501471668613135],[38.907995,48.501472],[38.910258,48.50096]]]}},{"type":"Feature","properties":{"cadnum":"4423656400:08:001:0016"},"geometry":{"type":"Polygon","coordinates":[[[38.910006,48.500373],[38.909835,48.500108],[38.909713,48.499778],[38.907995,48.500167],[38.907995,48.500167818911684],[38.907046,48.500382],[38.907266,48.500992],[38.908167,48.500789],[38.908167,48.50078816956738],[38.910006,48.500373]]]}},{"type":"Feature","properties":{"cadnum":"4423656400:02:003:0116"},"geometry":{"type":"Polygon","coordinates":[[[38.869715,48.467359344110854],[38.869976,48.467589],[38.870299,48.467425],[38.869715,48.466911296296296],[38.869715,48.466911],[38.869483,48.466707],[38.86916,48.466871],[38.869715,48.46736],[38.869715,48.467359344110854]]]}},{"type":"Feature","properties":{"cadnum":"4423656400:02:003:0044"},"geometry":{"type":"Polygon","coordinates":[[[38.86916,48.466871],[38.869483,48.466707],[38.868661,48.465993],[38.868234,48.466213],[38.869543,48.467355833896015],[38.869543,48.467357],[38.870075,48.467821],[38.870506,48.467604],[38.870299,48.467425],[38.869976,48.467589],[38.869543,48.467208],[38.869543,48.46720845405405],[38.86916,48.466871]]]}},{"type":"Feature","properties":{"cadnum":"4423656400:02:003:0015"},"geometry":{"type":"Polygon","coordinates":[[[38.869715,48.467383269521406],[38.86994,48.467589],[38.870269,48.467428],[38.869715,48.46692283746556],[38.869715,48.466922],[38.869473,48.466701],[38.869146,48.466862],[38.869715,48.467384],[38.869715,48.467383269521406]]]}},{"type":"Feature","properties":{"cadnum":"4423656400:01:027:0002"},"geometry":{"type":"Polygon","coordinates":[[[38.938626,48.505537],[38.938653,48.505414],[38.938613,48.505405],[38.938532,48.505394],[38.938433,48.505381],[38.938352,48.505373],[38.93833,48.50537],[38.938308,48.505744],[38.938308920000004,48.505744],[38.938307,48.50578],[38.938297,48.505983],[38.938424,48.505983],[38.938424,48.506019],[38.93858,48.506022],[38.938594,48.505778],[38.938605165876766,48.50569102369674],[38.938626,48.505537]]]}},{"type":"Feature","properties":{"cadnum":"4423656400:16:002:0006"},"geometry":{"type":"Polygon","coordinates":[[[38.940678,48.505412],[38.94072,48.504843],[38.940414,48.504805],[38.940378,48.505385],[38.940678,48.505412]]]}},{"type":"Feature","properties":{"cadnum":"4423656400:01:027:0006"},"geometry":{"type":"Polygon","coordinates":[[[38.938127,48.505189],[38.938159,48.504626],[38.93789,48.504599],[38.93788,48.50498],[38.93788,48.505167],[38.938028,48.505174],[38.938024,48.505176],[38.938127,48.505189]]]}},{"type":"Feature","properties":{"cadnum":"4423656400:14:002:0002"},"geometry":{"type":"Polygon","coordinates":[[[38.939309,48.505221],[38.939326,48.5047],[38.939022,48.50464],[38.939003,48.505191],[38.939129,48.505203],[38.939133,48.505171],[38.939187,48.505174],[38.939183,48.505209],[38.939309,48.505221]]]}},{"type":"Feature","properties":{"cadnum":"4423656400:09:003:0210"},"geometry":{"type":"Polygon","coordinates":[[[38.91261,48.45446],[38.912908,48.454409],[38.912822,48.454209],[38.912516,48.454257],[38.91261,48.45446]]]}},{"type":"Feature","properties":{"cadnum":"4423656400:09:003:0044"},"geometry":{"type":"Polygon","coordinates":[[[38.91366,48.45455449074074],[38.913671,48.454599],[38.913881,48.454575],[38.91377,48.454138],[38.913563,48.454162],[38.91366,48.454556],[38.91366,48.45455449074074]]]}},{"type":"Feature","properties":{"cadnum":"4423656400:09:003:0406"},"geometry":{"type":"Polygon","coordinates":[[[38.910864,48.454502],[38.911164,48.454447],[38.910975,48.454093],[38.910644,48.454173],[38.910864,48.454502]]]}},{"type":"Feature","properties":{"cadnum":"4423656400:12:007:0005"},"geometry":{"type":"Polygon","coordinates":[[[38.846805,48.490708],[38.846602,48.490676],[38.846362,48.491184],[38.84636251851852,48.491184],[38.846302,48.491313],[38.846225,48.491489],[38.846432,48.491524],[38.846605821897676,48.49114091678861],[38.846805,48.490708]]]}},{"type":"Feature","properties":{"cadnum":"4423656400:09:003:0051"},"geometry":{"type":"Polygon","coordinates":[[[38.914677,48.455875],[38.91491,48.455827],[38.914839,48.455675],[38.914807,48.455609],[38.914757,48.455508],[38.914524,48.45554],[38.914577,48.455654],[38.91461,48.455728],[38.914677,48.455875]]]}},{"type":"Feature","properties":{"cadnum":"4423656400:01:010:0025"},"geometry":{"type":"Polygon","coordinates":[[[38.928489,48.487458],[38.928493,48.487425],[38.92807,48.487543],[38.92807253174602,48.487543],[38.928026,48.487556],[38.927793,48.48775],[38.9272,48.488241],[38.92728,48.488282],[38.928089,48.487613],[38.928497,48.487496],[38.928489,48.487458]]]}},{"type":"Feature","properties":{"cadnum":"4423656400:01:010:0026"},"geometry":{"type":"Polygon","coordinates":[[[38.928493,48.487425],[38.928493,48.487392],[38.927999,48.487535],[38.927988,48.487543],[38.927989525139665,48.487543],[38.927787,48.487714],[38.927469,48.487544],[38.926827,48.488077],[38.927047,48.488196],[38.927074,48.488175],[38.926881,48.488071],[38.927473,48.487582],[38.927793,48.48775],[38.928026,48.487556],[38.928477,48.48743],[38.928475076271184,48.48743],[38.928493,48.487425]]]}},{"type":"Feature","properties":{"cadnum":"4423656400:01:010:0029"},"geometry":{"type":"Polygon","coordinates":[[[38.919271,48.482566],[38.91925,48.482575],[38.919325,48.482665],[38.91969,48.482939],[38.920134,48.483278],[38.919784,48.483543],[38.919519,48.483412],[38.91909379863479,48.483273433447096],[38.918917,48.483215],[38.918982,48.48332271428571],[38.918982,48.483323],[38.919057,48.483447],[38.919153,48.48353],[38.919153,48.4835292278481],[38.919294,48.48365],[38.919856,48.483694],[38.92007020673077,48.483789],[38.920068,48.483789],[38.920408,48.483939],[38.920568,48.483789],[38.92056794054054,48.483789],[38.921239,48.483162],[38.919397,48.482117],[38.919034,48.482277],[38.919141,48.482409],[38.919153,48.482424],[38.919153,48.48242349230769],[38.919271,48.482566]]]}},{"type":"Feature","properties":{"cadnum":"4423656400:01:012:0026"},"geometry":{"type":"Polygon","coordinates":[[[38.908111,48.47981],[38.908128,48.479806],[38.908227,48.479801],[38.908277,48.479801],[38.90847,48.479783],[38.908887,48.479715],[38.909017,48.479697],[38.908973,48.47958],[38.908725,48.479622],[38.908711,48.479622],[38.908092,48.479717],[38.908111,48.47981]]]}},{"type":"Feature","properties":{"cadnum":"4423656400:01:012:0025"},"geometry":{"type":"Polygon","coordinates":[[[38.908711,48.479622],[38.908725,48.479622],[38.908973,48.47958],[38.909017,48.479697],[38.909237,48.479664],[38.909143,48.479479],[38.908384,48.47958],[38.908384,48.479583],[38.908187,48.479607],[38.908065,48.479625],[38.908002,48.479631],[38.908025,48.479699],[38.908084,48.479691],[38.908092,48.479717],[38.908167,48.479707],[38.908167,48.479705489499196],[38.908711,48.479622]]]}},{"type":"Feature","properties":{"cadnum":"4423656400:01:012:0022"},"geometry":{"type":"Polygon","coordinates":[[[38.91151,48.479435],[38.911577,48.479426],[38.911577,48.479419],[38.911555,48.479342],[38.911506,48.479348],[38.911487,48.479362],[38.91151,48.479435]]]}},{"type":"Feature","properties":{"cadnum":"4423656400:01:012:0013"},"geometry":{"type":"Polygon","coordinates":[[[38.908837,48.477704],[38.90974,48.477579],[38.909736,48.477526],[38.909732,48.477383],[38.908797,48.477511],[38.908837,48.477704]]]}},{"type":"Feature","properties":{"cadnum":"4423656400:01:012:0002"},"geometry":{"type":"Polygon","coordinates":[[[38.911076,48.47662],[38.91107688549619,48.47662],[38.910675,48.476689],[38.910738,48.476864],[38.911506,48.476755],[38.911438,48.476558],[38.911076,48.47662]]]}},{"type":"Feature","properties":{"cadnum":"4423656400:01:012:0015"},"geometry":{"type":"Polygon","coordinates":[[[38.910621,48.479655],[38.911434,48.479571],[38.911394,48.479393],[38.910558,48.479482],[38.910585,48.479559],[38.910621,48.479655]]]}},{"type":"Feature","properties":{"cadnum":"4423656400:01:012:0014"},"geometry":{"type":"Polygon","coordinates":[[[38.910558,48.479482],[38.911394,48.479393],[38.911371,48.479327],[38.911321,48.47933],[38.911313,48.479294],[38.911361,48.479289],[38.91134,48.479211],[38.910495,48.479306],[38.910535,48.479422],[38.910558,48.479482]]]}},{"type":"Feature","properties":{"cadnum":"4423656400:01:012:0027"},"geometry":{"type":"Polygon","coordinates":[[[38.911631,48.479803],[38.911677,48.479801],[38.91182,48.479786],[38.911847,48.479783],[38.912112,48.47975],[38.912189,48.479738],[38.912453,48.479706],[38.912409,48.479523],[38.911627,48.479601],[38.911587,48.479604],[38.9116,48.479667],[38.911614,48.479738],[38.911631,48.479803]]]}},{"type":"Feature","properties":{"cadnum":"4423656400:01:012:0016"},"geometry":{"type":"Polygon","coordinates":[[[38.908923,48.478073],[38.909853,48.47794],[38.909803,48.477764],[38.908874,48.477898],[38.908923,48.478073]]]}},{"type":"Feature","properties":{"cadnum":"4423656400:01:012:0017"},"geometry":{"type":"Polygon","coordinates":[[[38.911713,48.480137],[38.912692,48.480053],[38.912673,48.479866],[38.911694,48.479955],[38.911713,48.480137]]]}},{"type":"Feature","properties":{"cadnum":"4423656400:01:012:0024"},"geometry":{"type":"Polygon","coordinates":[[[38.909107,48.478547],[38.909533,48.478479],[38.910002,48.478389],[38.909906,48.478196],[38.90904,48.478362],[38.909107,48.478547]]]}},{"type":"Feature","properties":{"cadnum":"4423656400:01:012:0023"},"geometry":{"type":"Polygon","coordinates":[[[38.908335,48.477162],[38.908367,48.477157],[38.908528,48.477127],[38.908505,48.477076],[38.908352,48.47682],[38.908304,48.476832],[38.908048,48.476945],[38.907984,48.476966],[38.908074,48.477213],[38.908167,48.477195],[38.908167,48.4771948275862],[38.908335,48.477162]]]}},{"type":"Feature","properties":{"cadnum":"4423656400:01:012:0012"},"geometry":{"type":"Polygon","coordinates":[[[38.908973,48.478237],[38.909943,48.478115],[38.909929,48.478091],[38.909862,48.47794],[38.908923,48.478073],[38.908973,48.478237]]]}},{"type":"Feature","properties":{"cadnum":"4423656400:01:013:0005"},"geometry":{"type":"Polygon","coordinates":[[[38.898408,48.472125],[38.898094,48.472136],[38.89847362626263,48.472864],[38.898473,48.472864],[38.898507,48.472928],[38.89853,48.472978],[38.89853036448598,48.472978],[38.898557,48.473035],[38.898597,48.473119],[38.898822,48.473083],[38.89879,48.473017],[38.898759,48.472937],[38.898408,48.472125]]]}},{"type":"Feature","properties":{"cadnum":"4423656400:01:013:0015"},"geometry":{"type":"Polygon","coordinates":[[[38.89769,48.475418],[38.897811,48.475403],[38.897901,48.475376],[38.898013,48.475218],[38.897928,48.475191],[38.897937,48.475176],[38.897631,48.475102],[38.897622,48.475111],[38.897371,48.475025],[38.897205,48.475251],[38.897379,48.475319],[38.897591,48.475388],[38.89769,48.475418]]]}},{"type":"Feature","properties":{"cadnum":"4423656400:01:013:0003"},"geometry":{"type":"Polygon","coordinates":[[[38.899851,48.473697],[38.899882,48.473628],[38.899836,48.473619],[38.899836,48.473625],[38.899774,48.47361],[38.899755,48.473643],[38.899788,48.473652],[38.899769,48.473679],[38.899851,48.473697]]]}},{"type":"Feature","properties":{"cadnum":"4423656400:01:013:0007"},"geometry":{"type":"Polygon","coordinates":[[[38.899167,48.475442],[38.899746,48.475254],[38.899585,48.475028],[38.899436,48.47501],[38.898996,48.475224],[38.899167,48.475442]]]}},{"type":"Feature","properties":{"cadnum":"4423656400:01:013:0010"},"geometry":{"type":"Polygon","coordinates":[[[38.902639,48.474328],[38.902321,48.47425],[38.901956,48.474709],[38.902109,48.474727],[38.902334,48.474739],[38.902502,48.47451261311476],[38.902502,48.474513],[38.902639,48.474328]]]}},{"type":"Feature","properties":{"cadnum":"4423656400:01:013:0009"},"geometry":{"type":"Polygon","coordinates":[[[38.899379,48.474843],[38.899473,48.47414],[38.899365,48.474149],[38.899275,48.474194],[38.899126,48.474399],[38.899149,48.47459],[38.899105,48.474655],[38.899019,48.474765],[38.899379,48.474843]]]}},{"type":"Feature","properties":{"cadnum":"4423656400:01:013:0004"},"geometry":{"type":"Polygon","coordinates":[[[38.900264,48.474215],[38.900937,48.47392],[38.900838,48.473845],[38.900784,48.473822],[38.900627,48.47378],[38.900591,48.47378],[38.900537,48.473792],[38.900044,48.474072],[38.900264,48.474215]]]}},{"type":"Feature","properties":{"cadnum":"4423656400:06:003:0054"},"geometry":{"type":"Polygon","coordinates":[[[38.858557,48.483261200534756],[38.858557,48.483262],[38.86405,48.48315340052957],[38.86405,48.483154],[38.864686,48.483141],[38.864222,48.48269552777778],[38.864222,48.482695],[38.86411,48.482588],[38.86405,48.482589],[38.86405,48.48258912522686],[38.860804,48.48265],[38.860194,48.482685],[38.859439,48.482769],[38.859206,48.482707],[38.858864,48.482504],[38.858723358638706,48.48247193193716],[38.858137,48.482337],[38.85798,48.483272],[38.858557,48.483261200534756]]]}},{"type":"Feature","properties":{"cadnum":"4423656400:06:003:0053"},"geometry":{"type":"Polygon","coordinates":[[[38.865206,48.483645],[38.864686,48.483141],[38.864222,48.48315048427673],[38.864222,48.48315],[38.858728,48.48325861924096],[38.858728,48.483258],[38.85798,48.483272],[38.857894,48.483758],[38.857898,48.483784],[38.858091,48.483782],[38.858168,48.483725],[38.858285,48.48374],[38.858303,48.483778],[38.858557,48.48377321882353],[38.858557,48.483774],[38.86405,48.48366733980582],[38.86405,48.483668],[38.865206,48.483645]],[[38.860531,48.483579],[38.86054,48.483599],[38.860508,48.483603],[38.860504,48.483585],[38.860531,48.483579]]]}},{"type":"Feature","properties":{"cadnum":"4423656400:01:019:0001"},"geometry":{"type":"Polygon","coordinates":[[[38.887669,48.509161],[38.887691,48.509152],[38.887741,48.509128],[38.887714,48.509122],[38.88753,48.508959],[38.887368,48.508777],[38.887049,48.50856],[38.886888,48.508465],[38.886622,48.508354],[38.886434,48.508218],[38.886375,48.508188],[38.886255,48.508191],[38.886023,48.5081],[38.886023,48.50810065637066],[38.885935,48.508066],[38.885752,48.507979],[38.885446,48.507869],[38.885171,48.507765],[38.884834,48.507655],[38.884584,48.50762],[38.884354,48.507599],[38.884278,48.507613],[38.883869,48.507635],[38.883263,48.507691],[38.882589,48.507772],[38.882247,48.507783],[38.881907,48.507846],[38.881327,48.507906],[38.880918,48.507974],[38.88056575590516,48.50804462992133],[38.880249,48.508107],[38.878655,48.508477],[38.878056,48.508608],[38.877527,48.508744],[38.87723,48.508804],[38.876853,48.508917],[38.876741,48.508902],[38.87658,48.508819],[38.876404,48.508673],[38.876292,48.508527],[38.876125,48.508244],[38.875502,48.50731],[38.875492,48.50728],[38.875492,48.507251],[38.875506,48.507209],[38.875528,48.507185],[38.87551,48.507185],[38.875313,48.507191],[38.875295,48.507191],[38.875406,48.507334],[38.876049,48.508266],[38.876228,48.508542],[38.876337,48.5087],[38.876359,48.508861],[38.876341,48.50908],[38.876341,48.509143],[38.8762854744186,48.50927],[38.876285,48.50927],[38.876247,48.509358],[38.876237,48.509383],[38.87623707142857,48.509383],[38.876108,48.509708],[38.875815,48.510396],[38.875789,48.510458],[38.875605,48.510895],[38.875393,48.511407],[38.87538,48.511444],[38.875232,48.511792],[38.8752,48.512029],[38.875272,48.512423],[38.875313,48.512672],[38.87535159714285,48.512909],[38.875351,48.512909],[38.875362573289806,48.51297639739358],[38.87537,48.513022],[38.8753704040404,48.513022],[38.875385,48.513107],[38.875433,48.513422],[38.875506,48.513645],[38.875542,48.513722],[38.875622,48.513785],[38.875752,48.513794],[38.875991,48.513735],[38.876098,48.513711],[38.87631,48.513663],[38.877297,48.513431],[38.878978,48.513026],[38.879471,48.512909],[38.8794693275862,48.512909],[38.880217,48.512732],[38.880701,48.512619],[38.880701,48.512618656370655],[38.881565,48.512416],[38.881655,48.512372],[38.881754,48.512324],[38.881942,48.512229],[38.881991,48.512006],[38.88223,48.510959],[38.882544,48.510893],[38.882517,48.510831],[38.882563,48.510759],[38.882607,48.510762],[38.882714,48.510747],[38.88293,48.510708],[38.883142,48.51067],[38.883186,48.510753],[38.883339,48.51072],[38.883393,48.510836],[38.883509,48.510807],[38.883833,48.510738],[38.884867,48.510524],[38.88541,48.510408],[38.885607,48.510369],[38.885796,48.510708],[38.885612,48.511422],[38.88563,48.511453],[38.88602,48.511354],[38.886023,48.51135322413793],[38.886023,48.511354],[38.886168062111956,48.51131570807449],[38.886194,48.511309],[38.886194,48.51130886127167],[38.886542,48.511217],[38.887004,48.511045],[38.887112,48.511009],[38.887134,48.511047],[38.887161,48.511092],[38.888505,48.510736],[38.88854,48.510774],[38.888553,48.510795],[38.888689,48.510776],[38.888832,48.51072],[38.888796,48.510657],[38.890184,48.510292],[38.890337,48.510265],[38.890381,48.510256],[38.891516,48.509986589586525],[38.891516,48.509987],[38.894533,48.50927],[38.894532422885575,48.50927],[38.894905,48.509182],[38.897181,48.508638],[38.897181,48.50863773289597],[38.898076,48.508423],[38.89843,48.508513],[38.898484,48.508643],[38.89866,48.508991],[38.898677,48.509018],[38.898727,48.509117],[38.898746,48.509146],[38.898799,48.509256],[38.89880671653543,48.50927],[38.898806,48.50927],[38.899316,48.510191],[38.899832,48.510465],[38.899872,48.510485],[38.899912,48.510506],[38.900124,48.510449],[38.900124,48.510378],[38.900169,48.510357],[38.900254,48.510328],[38.900407,48.510271],[38.900537,48.510205],[38.90069,48.510164],[38.900928,48.510077],[38.901266,48.509964],[38.901768,48.509867],[38.901845,48.509836],[38.901858,48.509768],[38.901822,48.509548],[38.90181784532374,48.509383],[38.901818,48.509383],[38.901813,48.509089],[38.901822,48.508486],[38.901759,48.508248],[38.90153,48.508096],[38.901404,48.508078],[38.900937,48.508102],[38.900757,48.508111],[38.900713,48.508105],[38.9006,48.508102],[38.900555,48.508099],[38.900097,48.508105],[38.900025,48.508111],[38.899491,48.508259],[38.899388,48.508286],[38.899059,48.508376],[38.899082,48.508426],[38.898776,48.508486],[38.898727,48.5085],[38.898646,48.50853],[38.898516,48.508551],[38.898484,48.5085],[38.89839,48.508411],[38.898363,48.50842],[38.898201,48.508295],[38.898021,48.508253],[38.897618,48.508316],[38.897195,48.508409],[38.89715228888869,48.50842369629637],[38.896953,48.508491],[38.896679,48.508527],[38.896436,48.508513],[38.896136,48.508441],[38.895951,48.508418],[38.89557,48.508409],[38.895331,48.508432],[38.894109,48.508712],[38.893081,48.508917],[38.892538,48.509031],[38.891687,48.50921835322897],[38.891687,48.509218],[38.8915,48.509259],[38.891159,48.509316],[38.891029,48.509334],[38.890553,48.509375],[38.890467,48.509375],[38.890323,48.509364],[38.890188,48.50934],[38.890157,48.509327],[38.889955,48.509277],[38.889874,48.509259],[38.889699,48.509197],[38.889515,48.509161],[38.889155,48.509182],[38.888356,48.509292],[38.888087,48.509318],[38.88796,48.509378],[38.887955,48.509383],[38.887955454545455,48.509383],[38.88793,48.509411],[38.887821,48.509304],[38.887669,48.509161]],[[38.879161,48.50925],[38.878699,48.509331],[38.878394,48.509036],[38.878282,48.508914],[38.878268,48.508703],[38.88059,48.508164],[38.880701,48.508145],[38.880701,48.50814400120919],[38.881417,48.508015],[38.881538,48.508043],[38.881578,48.508194],[38.881605,48.508281],[38.881461,48.508358],[38.881404,48.508409],[38.881372,48.508482],[38.881362,48.50856],[38.881471,48.508944],[38.881561,48.509131],[38.881624070484584,48.50927],[38.881624,48.50927],[38.881664,48.509358],[38.881676,48.509383],[38.88167644680851,48.509383],[38.881781,48.509593],[38.880529,48.51004],[38.880529,48.510040220338986],[38.880347,48.510105],[38.880343,48.510059],[38.880209,48.510012],[38.880167,48.509967],[38.88023,48.509812],[38.880043,48.509455],[38.879925699472736,48.50934965729348],[38.879827,48.509259],[38.879534,48.509274],[38.879161,48.50925]],[[38.885752,48.508608],[38.885729,48.508599],[38.885746,48.508584],[38.885769,48.508596],[38.885752,48.508608]],[[38.885742,48.508768],[38.885724,48.508756],[38.885742,48.508744],[38.88576,48.508756],[38.885742,48.508768]],[[38.88505,48.508253],[38.885033,48.508242],[38.885046,48.508226],[38.885068,48.508239],[38.88505,48.508253]],[[38.885041,48.508385],[38.885019,48.508372],[38.885037,48.508361],[38.88506,48.50837],[38.885041,48.508385]],[[38.884467,48.507955],[38.884404,48.50792],[38.88435,48.507968],[38.884327,48.507959],[38.884398,48.507893],[38.88448,48.507941],[38.884467,48.507955]],[[38.884417,48.508045],[38.884381,48.508021],[38.88435,48.50806],[38.884322,48.508051],[38.884377,48.507992],[38.884435,48.50803],[38.884417,48.508045]],[[38.883949,48.508277],[38.883932,48.508266],[38.884012,48.508218],[38.884031,48.508233],[38.883949,48.508277]],[[38.883698,48.50833],[38.883676,48.508259],[38.883702,48.508257],[38.883725,48.508328],[38.883698,48.50833]],[[38.883582,48.508043],[38.883563,48.507988],[38.883591,48.507986],[38.883609,48.508039],[38.883582,48.508043]],[[38.883478,48.508081],[38.883505,48.508081],[38.883509,48.508099],[38.883483,48.508099],[38.883478,48.508081]],[[38.882683,48.508096],[38.882679,48.508078],[38.882706,48.508075],[38.88271,48.508093],[38.882683,48.508096]],[[38.882656,48.508182],[38.882656,48.508164],[38.882683,48.508162],[38.882683,48.508179],[38.882656,48.508182]],[[38.881987,48.508164],[38.881983,48.508147],[38.88201,48.508143],[38.882014,48.508162],[38.881987,48.508164]],[[38.881928,48.50825],[38.881924,48.508233],[38.881951,48.50823],[38.881955,48.508248],[38.881928,48.50825]],[[38.881785,48.509325],[38.881811,48.509325],[38.881825,48.509382],[38.881798,48.509382],[38.881785,48.509325]],[[38.881758,48.509113],[38.881767,48.509131],[38.881687,48.509176],[38.881659,48.509111],[38.881687,48.509104],[38.8817,48.509143],[38.881758,48.509113]],[[38.881488,48.508738],[38.881479,48.508724],[38.881507,48.508718],[38.881511,48.508736],[38.881488,48.508738]],[[38.887207,48.509289],[38.88722,48.509307],[38.887157,48.509331],[38.887098,48.509283],[38.887121,48.509271],[38.887161,48.509307],[38.887207,48.509289]],[[38.886425,48.50895],[38.886402,48.508938],[38.886416,48.508926],[38.886438,48.508935],[38.886425,48.50895]],[[38.886406,48.509137],[38.886385,48.509126],[38.886402,48.509111],[38.886425,48.509122],[38.886406,48.509137]],[[38.88253,48.510589],[38.88245,48.510604],[38.882446,48.510586],[38.882526,48.510571],[38.88253,48.510589]],[[38.882284,48.510161],[38.882261,48.51017],[38.882247,48.510152],[38.882274,48.510146],[38.882284,48.510161]],[[38.882054,48.510545],[38.882031,48.510551],[38.882023,48.510533],[38.882045,48.510527],[38.882054,48.510545]],[[38.88205,48.509753],[38.882023,48.509759],[38.882014,48.509741],[38.882041,48.509735],[38.88205,48.509753]],[[38.881803,48.510077],[38.881781,48.510083],[38.881771,48.510068],[38.881794,48.510063],[38.881803,48.510077]],[[38.878731,48.509429],[38.878758,48.509429],[38.878754,48.509494],[38.878726,48.509494],[38.878731,48.509429]],[[38.878551,48.509492],[38.878515,48.509429],[38.878542,48.509423],[38.878574,48.509485],[38.878551,48.509492]],[[38.888073,48.509373],[38.888096,48.509364],[38.888113,48.509383],[38.888114321428574,48.509383],[38.88815,48.50942],[38.888127,48.509429],[38.88808264285714,48.509383],[38.888083,48.509383],[38.888073,48.509373]],[[38.88837,48.509298],[38.888396,48.509298],[38.888392,48.50936],[38.888365,48.50936],[38.88837,48.509298]],[[38.887138,48.50947],[38.887157,48.509485],[38.887085,48.509515],[38.887022,48.50945],[38.887044,48.509441],[38.887094,48.509492],[38.887138,48.50947]]]}},{"type":"Feature","properties":{"cadnum":"4423656400:09:002:0125"},"geometry":{"type":"Polygon","coordinates":[[[38.911784,48.470638],[38.909543,48.470898],[38.908388,48.471169],[38.90856415257048,48.472864],[38.908564,48.472864],[38.908617,48.473378],[38.910751,48.472961],[38.910766,48.472978],[38.91076713349514,48.472978],[38.911533,48.473785],[38.91366,48.473176],[38.91366,48.47317564228935],[38.914348736842115,48.472978],[38.914349,48.472978],[38.915948,48.47252],[38.91366,48.4714866796748],[38.91366,48.471486],[38.911784,48.470638]]]}},{"type":"Feature","properties":{"cadnum":"4423656400:01:008:0006"},"geometry":{"type":"Polygon","coordinates":[[[38.899338,48.493078],[38.900088,48.492542],[38.899967,48.492467],[38.899216,48.493003],[38.899338,48.493078]]]}},{"type":"Feature","properties":{"cadnum":"4423656400:01:007:0009"},"geometry":{"type":"Polygon","coordinates":[[[38.899298,48.493486],[38.899375,48.493435],[38.899401,48.493459],[38.899769,48.493239],[38.899562,48.493102],[38.899383,48.493209],[38.89914,48.493354],[38.899298,48.493486]]]}},{"type":"Feature","properties":{"cadnum":"4423656400:01:007:0015"},"geometry":{"type":"Polygon","coordinates":[[[38.901459,48.493206],[38.901624,48.493098],[38.902059,48.492979],[38.902149,48.492822],[38.901606,48.492983],[38.901409,48.493096],[38.901346,48.493126],[38.901459,48.493206]]]}},{"type":"Feature","properties":{"cadnum":"4423656400:01:008:0013"},"geometry":{"type":"Polygon","coordinates":[[[38.899042,48.490884],[38.898713,48.490798],[38.898496,48.491184],[38.898496515151514,48.491184],[38.898449,48.491268],[38.898534,48.491328],[38.898709,48.491417],[38.898809,48.491331],[38.89887,48.491274],[38.89892,48.491185],[38.89894440000017,48.49112399999957],[38.899042,48.490884]]]}},{"type":"Feature","properties":{"cadnum":"4423656400:01:007:0008"},"geometry":{"type":"Polygon","coordinates":[[[38.899769,48.493239],[38.90038,48.492875],[38.900452,48.492831],[38.900375,48.49278],[38.900317,48.492819],[38.900272,48.492789],[38.900354,48.492738],[38.900241,48.492664],[38.90016,48.492721],[38.899981,48.492855],[38.899562,48.493102],[38.899769,48.493239]]]}},{"type":"Feature","properties":{"cadnum":"4423656400:01:007:0022"},"geometry":{"type":"Polygon","coordinates":[[[38.897681,48.492691],[38.897717,48.492646],[38.89778,48.492667],[38.897828,48.492604],[38.897842,48.492602],[38.897847,48.492604],[38.897855,48.492595],[38.897865,48.49259],[38.897847,48.492578],[38.898027,48.492275],[38.897734,48.49228],[38.8976,48.492482],[38.897501,48.492626],[38.8976,48.492661],[38.897681,48.492691]]]}},{"type":"Feature","properties":{"cadnum":"4423656400:01:003:0060"},"geometry":{"type":"Polygon","coordinates":[[[38.902819,48.494373],[38.902891,48.494358],[38.902882,48.494331],[38.902895,48.494331],[38.902878,48.494265],[38.902729,48.494272],[38.902674,48.49427356398105],[38.902674,48.494273],[38.902518,48.494278],[38.902451,48.494474],[38.902302,48.49456],[38.902105,48.494599],[38.901903,48.49456],[38.9017,48.494572],[38.901817,48.49476],[38.902245,48.494715],[38.902482,48.494599],[38.902671,48.49443],[38.902674,48.494429],[38.902674,48.494428844594594],[38.902819,48.494373]]]}},{"type":"Feature","properties":{"cadnum":"4423656400:01:009:0017"},"geometry":{"type":"Polygon","coordinates":[[[38.902375,48.491072],[38.902415,48.491184],[38.90241548920863,48.491184],[38.902502,48.49142330348258],[38.902502,48.491425],[38.902576,48.491628],[38.902674,48.491628],[38.902674,48.49162738557993],[38.902895,48.491626],[38.902891,48.491518],[38.902675,48.491072],[38.902674,48.491072],[38.902502,48.491072],[38.902375,48.491072]]]}},{"type":"Feature","properties":{"cadnum":"4423656400:01:007:0014"},"geometry":{"type":"Polygon","coordinates":[[[38.900335,48.494218],[38.901444,48.493489],[38.901426,48.493477],[38.90149,48.493438],[38.901417,48.493387],[38.900874,48.493721],[38.900551,48.493921],[38.900195,48.494141],[38.900335,48.494218]]]}},{"type":"Feature","properties":{"cadnum":"4423656400:06:003:0009"},"geometry":{"type":"Polygon","coordinates":[[[38.874873,48.486984],[38.874873,48.486982],[38.87428,48.485854],[38.873458,48.484299],[38.869715,48.48485256245211],[38.869715,48.484852],[38.868557,48.485022],[38.868557,48.485026],[38.86849,48.485029],[38.868724,48.486806],[38.868714,48.487116],[38.868844159250585,48.48743],[38.868844,48.48743],[38.8688721319788,48.48749748223135],[38.868891,48.487543],[38.868891107416886,48.487543],[38.869007,48.487821],[38.869016,48.487827],[38.86902,48.487833],[38.869424,48.488182],[38.86951,48.488211],[38.869519,48.488208],[38.869543,48.488237490196084],[38.869543,48.488238],[38.869672,48.488396],[38.869662,48.488529],[38.869662,48.48875],[38.8688,48.490277],[38.868917,48.490628],[38.869249,48.490923],[38.869543,48.49107946351931],[38.869543,48.49108],[38.869729,48.491179],[38.870403,48.49167],[38.870556,48.49186],[38.870762,48.491968],[38.870924,48.492143],[38.871032,48.492486],[38.870924,48.492703],[38.870987,48.492718],[38.871427,48.49256],[38.871818,48.492167],[38.872213,48.49162],[38.872509480000005,48.491184],[38.87251,48.491184],[38.872662,48.490962],[38.873242,48.490492],[38.873781,48.490051],[38.873884,48.490131],[38.873287,48.490762],[38.87302312121212,48.49107],[38.873023,48.49107],[38.872976,48.491125],[38.875208,48.49098],[38.875208,48.49097959668508],[38.875398,48.490967],[38.876255,48.490867],[38.876247,48.490509],[38.876081,48.490053],[38.876022,48.489726],[38.875919,48.489437],[38.875559,48.489018],[38.875443,48.488854],[38.875259,48.488383],[38.875223,48.488045],[38.87509833333325,48.4877429999998],[38.87502,48.487553],[38.87502292682927,48.487543],[38.875023,48.487543],[38.875036,48.48749924999999],[38.875036,48.4875],[38.875058,48.48743],[38.87505657714286,48.48743],[38.875075,48.487368],[38.874967,48.487134],[38.874873,48.486984]]]}},{"type":"Feature","properties":{"cadnum":"4423656400:01:009:0041"},"geometry":{"type":"Polygon","coordinates":[[[38.902262,48.49067],[38.902275,48.490601],[38.902501,48.490357],[38.902502,48.49035591549296],[38.902502,48.490357],[38.902572,48.49028],[38.902658,48.490098],[38.900623,48.489175],[38.900595,48.48927],[38.900618,48.489316],[38.900663,48.489568],[38.900524,48.489717],[38.900084,48.489848],[38.901117,48.490325],[38.902195,48.490768],[38.902262,48.49067]]]}},{"type":"Feature","properties":{"cadnum":"4423656400:14:006:0001"},"geometry":{"type":"Polygon","coordinates":[[[38.907486,48.48933],[38.907571,48.489256],[38.907463,48.489199],[38.907378,48.489274],[38.907486,48.48933]]]}},{"type":"Feature","properties":{"cadnum":"4423656400:01:006:0013"},"geometry":{"type":"Polygon","coordinates":[[[38.902674,48.49089051196172],[38.902711,48.490896],[38.902792,48.490839],[38.902698,48.490587],[38.902675,48.490565],[38.90250844894648,48.49058232901135],[38.902015,48.490631],[38.902199,48.49089],[38.902415,48.490852],[38.902674,48.490891],[38.902674,48.49089051196172]]]}},{"type":"Feature","properties":{"cadnum":"4423656400:02:003:0125"},"geometry":{"type":"Polygon","coordinates":[[[38.869154,48.452821],[38.868885,48.452089],[38.86405,48.452814],[38.86405,48.452814739343765],[38.860961,48.453277],[38.861209,48.454012],[38.86405,48.45358674576834],[38.86405,48.453587],[38.869154,48.452821]],[[38.861533,48.453619],[38.861577,48.45359],[38.861609,48.453614],[38.861564,48.453643],[38.861533,48.453619]]]}},{"type":"Feature","properties":{"cadnum":"4423656400:02:003:0140"},"geometry":{"type":"Polygon","coordinates":[[[38.866882,48.454686],[38.86678,48.454652],[38.86677983653846,48.454652],[38.866257,48.454478],[38.865602,48.454224],[38.8657457195572,48.454652],[38.865745,48.454652],[38.866276,48.456217],[38.866567,48.456178],[38.867429,48.45611],[38.867462,48.456143],[38.867448,48.456184],[38.866617,48.456354],[38.866338,48.456393],[38.866509,48.456905],[38.867079,48.456789],[38.867416,48.456703],[38.868009,48.456494],[38.868678,48.456107],[38.869276,48.455949],[38.869715,48.455787],[38.869715,48.455786122186495],[38.870165,48.455619],[38.870219,48.455449],[38.870012,48.455037],[38.869919,48.45479],[38.86968097502368,48.454826083573536],[38.86845,48.45501],[38.868948,48.455308],[38.868948,48.455356],[38.868881,48.455368],[38.867955,48.454966],[38.867462,48.454712],[38.866882,48.454686]],[[38.866514,48.45667],[38.866446,48.45667],[38.866446,48.456626],[38.866514,48.456626],[38.866514,48.45667]]]}},{"type":"Feature","properties":{"cadnum":"4423656400:02:003:0138"},"geometry":{"type":"Polygon","coordinates":[[[38.865427,48.454158],[38.864222,48.454339143790854],[38.864222,48.454339],[38.863437,48.454456],[38.86350338709678,48.454652],[38.863503,48.454652],[38.86406776101259,48.4563164347506],[38.864385,48.457253],[38.86451,48.457238],[38.865248,48.457116],[38.866091,48.456992],[38.866509,48.456905],[38.866338,48.456393],[38.865705,48.456482],[38.864959,48.456536],[38.864915,48.456503],[38.864928,48.456461],[38.865642,48.456306],[38.866276,48.456217],[38.8657836798722,48.454766],[38.865784,48.454766],[38.865602,48.454224],[38.865427,48.454158]],[[38.86394,48.455363],[38.863873,48.455363],[38.863873,48.455317],[38.86394,48.455317],[38.86394,48.455363]],[[38.864883,48.456151],[38.865049,48.456119],[38.865229,48.45614],[38.865315,48.45622],[38.865112,48.45633],[38.864758,48.456354],[38.864762,48.456226],[38.864883,48.456151]]]}},{"type":"Feature","properties":{"cadnum":"4423656400:02:003:0136"},"geometry":{"type":"Polygon","coordinates":[[[38.86836,48.450658],[38.866023019354856,48.451009],[38.866023,48.451009],[38.864222,48.451279195641156],[38.864222,48.451279],[38.860472,48.451841],[38.860715,48.45255],[38.86405,48.452049797547765],[38.86405,48.45205],[38.86862,48.451364],[38.86851145714271,48.45106985714246],[38.86836,48.450658]]]}},{"type":"Feature","properties":{"cadnum":"4423656400:02:001:0018"},"geometry":{"type":"Polygon","coordinates":[[[38.868885,48.452089],[38.86862,48.451364],[38.864222,48.45202418118162],[38.864222,48.452024],[38.860715,48.45255],[38.860961,48.453277],[38.864222,48.452789],[38.864222,48.45278820889348],[38.868885,48.452089]]]}},{"type":"Feature","properties":{"cadnum":"4423656400:02:003:0124"},"geometry":{"type":"Polygon","coordinates":[[[38.865427,48.454158],[38.864959,48.45398],[38.864936,48.45393],[38.865013,48.453911],[38.865705,48.454117],[38.868054,48.453765],[38.869437,48.453557],[38.869253,48.45308],[38.869154,48.452821],[38.864222,48.453561186520375],[38.864222,48.453561],[38.861209,48.454012],[38.861353,48.454438],[38.861321,48.454445],[38.861429,48.45476],[38.862146,48.454652],[38.86214236842103,48.454652],[38.863437,48.454456],[38.86405,48.45436463566879],[38.86405,48.454365],[38.865427,48.454158]],[[38.862749,48.45446],[38.862781,48.454484],[38.862736,48.454511],[38.862701,48.454487],[38.862749,48.45446]]]}},{"type":"Feature","properties":{"cadnum":"4423656400:02:003:0133"},"geometry":{"type":"Polygon","coordinates":[[[38.868332,48.450587],[38.868185,48.450128],[38.867623,48.450334],[38.867196,48.450396],[38.867093,48.450318],[38.864682,48.450694],[38.864222,48.45052805063291],[38.864222,48.450528],[38.8638,48.450375],[38.860567,48.450819],[38.860395,48.450861],[38.860162,48.45093],[38.860226,48.451123],[38.86022777644231,48.451123],[38.860472,48.451841],[38.86405,48.45130477706667],[38.86405,48.451305],[38.86526312837835,48.451123],[38.865264,48.451123],[38.86836,48.450658],[38.868332,48.450587]]]}},{"type":"Feature","properties":{"cadnum":"4423656400:02:003:0128"},"geometry":{"type":"Polygon","coordinates":[[[38.868054,48.453765],[38.865705,48.454117],[38.866414,48.454328],[38.866953,48.454511],[38.86756,48.454537],[38.86778598253275,48.454652],[38.867785,48.454652],[38.868158,48.454841],[38.86845,48.45501],[38.869543,48.454846698023715],[38.869543,48.454847],[38.86968097502368,48.454826083573536],[38.869715,48.454821],[38.869715,48.45482092553192],[38.869919,48.45479],[38.86988870425139,48.454713985212564],[38.869543,48.453828],[38.869543,48.453828482014394],[38.869437,48.453557],[38.868054,48.453765]]]}},{"type":"Feature","properties":{"cadnum":"4423656400:09:003:0411"},"geometry":{"type":"Polygon","coordinates":[[[38.910162,48.45538],[38.910491,48.45533],[38.910661,48.455303],[38.910612,48.455151],[38.910216,48.455213],[38.910091,48.455198],[38.910162,48.45538]]]}},{"type":"Feature","properties":{"cadnum":"4423656400:09:003:0136"},"geometry":{"type":"Polygon","coordinates":[[[38.909885,48.455684],[38.909992,48.455663],[38.910042,48.455654],[38.910065,48.455651],[38.909933,48.455317],[38.909499,48.455371],[38.909619,48.455642],[38.909759,48.455672],[38.909782,48.455678],[38.909816,48.455681],[38.909885,48.455684]]]}},{"type":"Feature","properties":{"cadnum":"4423656400:09:003:0137"},"geometry":{"type":"Polygon","coordinates":[[[38.910065,48.455651],[38.910275,48.455619],[38.910185,48.455434],[38.910136,48.455306],[38.910082,48.455178],[38.909449,48.455255],[38.909499,48.455371],[38.909933,48.455317],[38.910065,48.455651]]]}},{"type":"Feature","properties":{"cadnum":"4423656400:04:001:0029"},"geometry":{"type":"Polygon","coordinates":[[[38.88514,48.520938],[38.884462,48.520929],[38.883375,48.521083],[38.882377,48.521336],[38.880796,48.521648],[38.880701,48.521654048689136],[38.880701,48.521654],[38.878911,48.521767],[38.878259,48.522115],[38.877146,48.522651],[38.87719,48.522942],[38.877284,48.523097],[38.87782699503722,48.523824],[38.877826,48.523824],[38.877886,48.523903],[38.877914,48.523938],[38.877915013157896,48.523938],[38.878012,48.524055],[38.878555,48.524834],[38.879153,48.525656],[38.87998,48.526753],[38.880622,48.526593],[38.880701,48.526564],[38.880701,48.52656308959538],[38.881314,48.526331],[38.881502,48.52609],[38.881718,48.525875],[38.881934,48.525751],[38.882652,48.525515],[38.883626,48.5252],[38.885666,48.524475],[38.886012,48.524335],[38.886023,48.52432272789115],[38.886023,48.524324],[38.886159,48.524171],[38.886194,48.524172],[38.886194,48.524171762711866],[38.886572,48.52418],[38.887171,48.52402],[38.887601,48.523838],[38.887884,48.52371],[38.888029,48.523561],[38.887943,48.523344],[38.887049,48.521684],[38.886977,48.521566],[38.886842,48.521482],[38.88605427722452,48.521192495048325],[38.88541,48.520955],[38.88514,48.520938]]]}},{"type":"Feature","properties":{"cadnum":"4423656400:01:022:0005"},"geometry":{"type":"Polygon","coordinates":[[[38.935633,48.476097776203964],[38.935814,48.476147],[38.936196,48.476517],[38.936349,48.476073],[38.936303,48.475849],[38.935814,48.476073],[38.935633,48.47602428895184],[38.935633,48.476024],[38.934422,48.475694],[38.933335,48.475694],[38.933335,48.475763],[38.934404,48.475763],[38.935633,48.476098],[38.935633,48.476097776203964]]]}},{"type":"Feature","properties":{"cadnum":"4423656400:01:022:0008"},"geometry":{"type":"Polygon","coordinates":[[[38.935633,48.475995],[38.934431,48.475668],[38.934318,48.475668],[38.934322,48.4754],[38.933294,48.475396],[38.933294,48.475584],[38.933335,48.475584],[38.933335,48.475427],[38.934278,48.475427],[38.934278,48.475694],[38.934422,48.475694],[38.935461,48.475977129644924],[38.935461,48.475978],[38.935814,48.476073],[38.936303,48.475849],[38.936299,48.47582],[38.93581,48.476043],[38.935633,48.47599532664756],[38.935633,48.475995]]]}},{"type":"Feature","properties":{"cadnum":"4423656400:04:001:0026"},"geometry":{"type":"Polygon","coordinates":[[[38.901777,48.50823],[38.901507,48.508063],[38.900071,48.508093],[38.898476,48.508623],[38.89880716184211,48.50927],[38.898807,48.50927],[38.89884155991943,48.50933720446984],[38.898865,48.509383],[38.898865110285,48.509383],[38.899222,48.510077],[38.899312,48.510182],[38.899845,48.510399],[38.901736,48.509798],[38.90175,48.50927],[38.90174903816132,48.50927],[38.901777,48.50823]]]}},{"type":"Feature","properties":{"cadnum":"4423656400:04:001:0019"},"geometry":{"type":"Polygon","coordinates":[[[38.885796,48.508304],[38.885167,48.508081],[38.883914,48.508271],[38.881771,48.508257],[38.880701,48.508257],[38.880529,48.508257],[38.879844,48.508257],[38.87737,48.508325],[38.875762,48.508387],[38.876211,48.50872],[38.879858,48.50831],[38.880529,48.508312387900354],[38.880529,48.508313],[38.883047,48.508319],[38.885369,48.508539],[38.886023,48.50868734854772],[38.886023,48.508688],[38.886092,48.508703],[38.886194,48.508745],[38.886194,48.50874485878093],[38.88747364558824,48.50927],[38.887472,48.50927],[38.88797,48.509474],[38.88805135638294,48.509299297872424],[38.888119,48.509159],[38.886023,48.508387],[38.886023,48.50838727135679],[38.885796,48.508304]]]}},{"type":"Feature","properties":{"cadnum":"4423656400:06:003:0044"},"geometry":{"type":"Polygon","coordinates":[[[38.86405,48.48750030944395],[38.85859664619,48.48760523716951],[38.858317,48.48761],[38.858303,48.48808],[38.858557,48.48807521882353],[38.858557,48.488076],[38.864222,48.487965],[38.864222,48.48796458360419],[38.866819,48.487913],[38.866703,48.487449],[38.86405,48.4875],[38.86405,48.48750030944395]],[[38.861995,48.487642],[38.862003,48.487663],[38.861973,48.48767],[38.861969,48.487648],[38.861995,48.487642]]]}},{"type":"Feature","properties":{"cadnum":"4423656400:06:003:0041"},"geometry":{"type":"Polygon","coordinates":[[[38.867232,48.48942],[38.86707,48.488827],[38.86405,48.488886],[38.86405,48.48888636234582],[38.859925,48.488967],[38.862206,48.489517],[38.86405,48.48948132738095],[38.86405,48.489482],[38.867232,48.48942]],[[38.862543,48.489244],[38.862569,48.489238],[38.862579,48.489259],[38.862548,48.489265],[38.862543,48.489244]]]}},{"type":"Feature","properties":{"cadnum":"4423656400:06:003:0042"},"geometry":{"type":"Polygon","coordinates":[[[38.858728,48.488676500000004],[38.859925,48.488967],[38.864222,48.488883],[38.864222,48.4888826397351],[38.86707,48.488827],[38.86694,48.488363],[38.864222,48.48841566712803],[38.864222,48.488415],[38.858728,48.48852167961165],[38.858728,48.488521],[38.858285,48.488529],[38.858285,48.488568],[38.858557,48.4886349255079],[38.858557,48.488635],[38.85857917288824,48.48864038113955],[38.858728,48.488677],[38.858728,48.488676500000004]],[[38.861586,48.488648],[38.86159,48.488667],[38.861564,48.488672],[38.861555,48.488652],[38.861586,48.488648]]]}},{"type":"Feature","properties":{"cadnum":"4423656400:06:003:0043"},"geometry":{"type":"Polygon","coordinates":[[[38.86694,48.488363],[38.866842,48.488014],[38.866819,48.487913],[38.86405,48.487968],[38.86405,48.4879683701677],[38.858728,48.4880726494263],[38.858728,48.488072],[38.858303,48.48808],[38.858285,48.488529],[38.858557,48.488524088036115],[38.858557,48.488525],[38.86405,48.488418339805825],[38.86405,48.488419],[38.86694,48.488363]]]}},{"type":"Feature","properties":{"cadnum":"4423656400:02:003:0072"},"geometry":{"type":"Polygon","coordinates":[[[38.896172,48.459416],[38.896369,48.459399],[38.896279,48.458996],[38.896082,48.459017],[38.896172,48.459416]]]}},{"type":"Feature","properties":{"cadnum":"4423656400:02:003:0068"},"geometry":{"type":"Polygon","coordinates":[[[38.895147,48.45952],[38.89535,48.459496],[38.895278,48.459101],[38.895075,48.459118],[38.895147,48.45952]]]}},{"type":"Feature","properties":{"cadnum":"4423656400:02:003:0067"},"geometry":{"type":"Polygon","coordinates":[[[38.896226,48.460485],[38.89636,48.460477],[38.896346,48.459801],[38.896194,48.459801],[38.896144,48.45983],[38.89613,48.459985],[38.896136,48.460292],[38.896203,48.460295],[38.896226,48.460485]]]}},{"type":"Feature","properties":{"cadnum":"4423656400:01:024:0001"},"geometry":{"type":"Polygon","coordinates":[[[38.903344,48.456399],[38.903591,48.456423],[38.903677,48.456425],[38.903744,48.456465],[38.903317,48.456792],[38.903224,48.456867],[38.90312,48.456858],[38.903008,48.45686],[38.902631,48.456935],[38.902486,48.456964],[38.901144,48.457373],[38.898002436293446,48.458295],[38.898001,48.458295],[38.8977766010927,48.45836127911274],[38.897614,48.458409],[38.89761503412967,48.458409],[38.897181,48.45853719758064],[38.897181,48.458537],[38.896679,48.458684],[38.896553,48.458799],[38.896675,48.458889],[38.897009,48.458997913043476],[38.897009,48.458998],[38.897094111112196,48.45902566666702],[38.897181,48.459054],[38.897181,48.45905391122716],[38.897775,48.459247],[38.898471,48.459485],[38.899532,48.459768],[38.899675,48.459818],[38.899855,48.459869],[38.899975,48.459896],[38.900277,48.459944],[38.90038,48.459962],[38.90052,48.459768],[38.9006,48.459664],[38.901,48.459125],[38.900968,48.458889],[38.90127,48.458886],[38.901499,48.458856],[38.901549,48.458845],[38.901872,48.45877],[38.902002,48.458728],[38.902033,48.458699],[38.902059,48.458677],[38.902352,48.45863],[38.902502,48.458606315789474],[38.902502,48.458607],[38.902599,48.458591],[38.902671,48.458606],[38.902674,48.458606],[38.902674,48.45860588113208],[38.903201,48.458585],[38.903537,48.458552],[38.90379,48.458797],[38.904136,48.458937],[38.904329,48.458964],[38.904405,48.45899],[38.904952,48.459342],[38.905352,48.45986],[38.905627,48.459761],[38.905847,48.459869],[38.90608,48.460057],[38.906566,48.460012],[38.906583,48.459964],[38.90656,48.459637],[38.906924,48.459628],[38.906753,48.459375],[38.906524,48.459041],[38.906377,48.458841],[38.906067,48.458475],[38.90590946153795,48.4582977692302],[38.905581,48.457927],[38.904836,48.45717],[38.904656,48.456649],[38.90457,48.456336],[38.904302,48.456271],[38.903973,48.456232],[38.903681,48.456131],[38.903407,48.45611],[38.902674,48.456131058563535],[38.902674,48.456131],[38.901646,48.45616],[38.901354,48.45555],[38.900348,48.454817],[38.900151,48.454951],[38.900331,48.45507],[38.900537,48.455255],[38.900533,48.455472],[38.900272,48.455958],[38.900295,48.456044],[38.90038,48.456063],[38.90083,48.456074],[38.901449,48.456107],[38.901575,48.45614],[38.902069,48.456291],[38.902235,48.456321],[38.902502,48.45634647349823],[38.902502,48.456347],[38.902518,48.456348],[38.902674,48.456358],[38.902674,48.456357631961254],[38.903344,48.456399]]]}},{"type":"Feature","properties":{"cadnum":"4423656400:02:003:0042"},"geometry":{"type":"Polygon","coordinates":[[[38.89614,48.458955],[38.896297,48.458937],[38.896463,48.458877],[38.896257,48.45854],[38.896096,48.458556],[38.895916,48.458573],[38.896033,48.45879],[38.89614,48.458955]]]}},{"type":"Feature","properties":{"cadnum":"4423656400:02:003:0070"},"geometry":{"type":"Polygon","coordinates":[[[38.89575,48.459455],[38.89597,48.459437],[38.89588,48.459038],[38.895677,48.459059],[38.89575,48.459455]]]}},{"type":"Feature","properties":{"cadnum":"4423656400:02:003:0049"},"geometry":{"type":"Polygon","coordinates":[[[38.894213,48.458662],[38.894366,48.458653],[38.894505,48.458644],[38.894649,48.458633],[38.894945,48.458644],[38.894932,48.458514],[38.894662,48.458499],[38.894388,48.458514],[38.894155,48.458543],[38.894213,48.458662]]]}},{"type":"Feature","properties":{"cadnum":"4423656400:09:003:0145"},"geometry":{"type":"Polygon","coordinates":[[[38.895363,48.46187],[38.89561,48.461819],[38.895488,48.461561],[38.895237,48.461602],[38.895363,48.46187]]]}},{"type":"Feature","properties":{"cadnum":"4423656400:02:001:0007"},"geometry":{"type":"Polygon","coordinates":[[[38.896881,48.460951],[38.897009,48.46103676],[38.897009,48.461037],[38.897447,48.461331],[38.897568,48.46126],[38.897012,48.460885],[38.896881,48.460951]]]}},{"type":"Feature","properties":{"cadnum":"4423656400:09:003:0138"},"geometry":{"type":"Polygon","coordinates":[[[38.896656,48.461761],[38.896872,48.46162],[38.896455,48.461465],[38.896369,48.461596],[38.896656,48.461761]]]}},{"type":"Feature","properties":{"cadnum":"4423656400:02:001:0009"},"geometry":{"type":"Polygon","coordinates":[[[38.897505,48.461691],[38.897371,48.461578],[38.897009,48.461771],[38.897009,48.46177185327314],[38.896738,48.461915],[38.89675189583334,48.461938],[38.896751,48.461938],[38.896796,48.462011],[38.897181,48.461838],[38.897181,48.46183732258064],[38.897505,48.461691]]]}},{"type":"Feature","properties":{"cadnum":"4423656400:09:003:0139"},"geometry":{"type":"Polygon","coordinates":[[[38.896908,48.461647],[38.897069,48.461573],[38.896589,48.461263],[38.896499,48.4614],[38.896455,48.461465],[38.896872,48.46162],[38.896908,48.461647]]]}},{"type":"Feature","properties":{"cadnum":"4423656400:01:012:0020"},"geometry":{"type":"Polygon","coordinates":[[[38.90809451938056,48.476465209301956],[38.908167,48.476428],[38.908167,48.476427489795924],[38.908191,48.476415],[38.908088,48.476317],[38.907995,48.476369],[38.907995,48.47636962634989],[38.9077540038168,48.476506],[38.907752,48.476506],[38.907625,48.476579],[38.907543,48.47662],[38.90754316599191,48.47662],[38.907132,48.476826],[38.907158,48.476919],[38.907176,48.476963],[38.907333,48.476933],[38.907423,48.476912],[38.907738,48.476808],[38.907629,48.476704],[38.90779233333334,48.47662],[38.907793,48.47662],[38.907995,48.47651629946524],[38.907995,48.476517],[38.90809451938056,48.476465209301956]]]}},{"type":"Feature","properties":{"cadnum":"4423656400:01:011:0006"},"geometry":{"type":"Polygon","coordinates":[[[38.905537,48.477252],[38.905774,48.477199],[38.90608,48.47712],[38.906503,48.477014],[38.906444,48.476859],[38.905455,48.477071],[38.905537,48.477252]]]}},{"type":"Feature","properties":{"cadnum":"4423656400:01:012:0009"},"geometry":{"type":"Polygon","coordinates":[[[38.907679,48.479333],[38.907786,48.479322],[38.907759,48.479226],[38.907656,48.479238],[38.907679,48.479333]]]}},{"type":"Feature","properties":{"cadnum":"4423656400:09:003:0298"},"geometry":{"type":"Polygon","coordinates":[[[38.927504,48.451091],[38.927441,48.450903],[38.927123,48.450954],[38.927138295857986,48.451009],[38.927138,48.451009],[38.92714592682923,48.45103643902427],[38.92717,48.451123],[38.927170933333336,48.451123],[38.927177,48.451144],[38.927306566037714,48.451123],[38.927307,48.451123],[38.927504,48.451091]]]}},{"type":"Feature","properties":{"cadnum":"4423656400:09:003:0335"},"geometry":{"type":"Polygon","coordinates":[[[38.927123,48.450954],[38.926795,48.451004],[38.926796974789916,48.451009],[38.926796,48.451009],[38.92682285185179,48.45107451851837],[38.926842,48.451123],[38.92684272131148,48.451123],[38.926871,48.451192],[38.927177,48.451144],[38.92714592682923,48.45103643902427],[38.927123,48.450954]]]}},{"type":"Feature","properties":{"cadnum":"4423656400:09:003:0309"},"geometry":{"type":"Polygon","coordinates":[[[38.926938,48.450638],[38.927177,48.45059],[38.927087,48.450307],[38.926835,48.450351],[38.926938,48.450638]]]}},{"type":"Feature","properties":{"cadnum":"4423656400:09:003:0283"},"geometry":{"type":"Polygon","coordinates":[[[38.92719,48.450245],[38.927397,48.450205],[38.927325,48.449955],[38.927114,48.449988],[38.92719,48.450245]]]}},{"type":"Feature","properties":{"cadnum":"4423656400:09:003:0287"},"geometry":{"type":"Polygon","coordinates":[[[38.926898,48.450044],[38.927114,48.449988],[38.927091,48.449938],[38.927101,48.449934],[38.927078,48.449899],[38.927068,48.449901],[38.927007,48.449773],[38.927001,48.449773],[38.926975,48.44972],[38.926764,48.449762],[38.926898,48.450044]]]}},{"type":"Feature","properties":{"cadnum":"4423656400:09:003:0410"},"geometry":{"type":"Polygon","coordinates":[[[38.92711,48.45],[38.927131,48.449994],[38.927325,48.449955],[38.927194,48.449675],[38.926965,48.449723],[38.926993,48.449779],[38.927001,48.449786],[38.92706,48.449899],[38.927078,48.449916],[38.927091,48.449934],[38.927097,48.44998],[38.92711,48.45]]]}},{"type":"Feature","properties":{"cadnum":"4423656400:09:003:0325"},"geometry":{"type":"Polygon","coordinates":[[[38.926525,48.450364],[38.926755,48.450318],[38.926647,48.45006],[38.926422,48.450092],[38.926525,48.450364]]]}},{"type":"Feature","properties":{"cadnum":"4423656400:09:003:0072"},"geometry":{"type":"Polygon","coordinates":[[[38.926764,48.447873],[38.927051,48.447834],[38.926979,48.447622],[38.926692,48.447668],[38.926764,48.447873]]]}},{"type":"Feature","properties":{"cadnum":"4423656400:09:003:0319"},"geometry":{"type":"Polygon","coordinates":[[[38.926642,48.448496],[38.926912,48.448445],[38.926808,48.448236],[38.926508,48.448311],[38.926368,48.448382],[38.926351,48.44843],[38.926462,48.448469],[38.926642,48.448496]]]}},{"type":"Feature","properties":{"cadnum":"4423656400:09:003:0311"},"geometry":{"type":"Polygon","coordinates":[[[38.927177,48.45059],[38.92741,48.450554],[38.927303,48.450271],[38.927087,48.450307],[38.927177,48.45059]]]}},{"type":"Feature","properties":{"cadnum":"4423656400:09:003:0362"},"geometry":{"type":"Polygon","coordinates":[[[38.926584,48.450989],[38.926814,48.450954],[38.926696,48.450673],[38.926472,48.450694],[38.926584,48.450989]]]}},{"type":"Feature","properties":{"cadnum":"4423656400:09:003:0334"},"geometry":{"type":"Polygon","coordinates":[[[38.926814,48.450954],[38.927055,48.450914],[38.926938,48.450638],[38.926696,48.450673],[38.926814,48.450954]]]}},{"type":"Feature","properties":{"cadnum":"4423656400:09:003:0304"},"geometry":{"type":"Polygon","coordinates":[[[38.926696,48.450673],[38.926938,48.450638],[38.926835,48.450351],[38.926602,48.450399],[38.926696,48.450673]]]}},{"type":"Feature","properties":{"cadnum":"4423656400:09:003:0294"},"geometry":{"type":"Polygon","coordinates":[[[38.927325,48.449955],[38.927545,48.44992],[38.92741,48.449631],[38.927194,48.449675],[38.927325,48.449955]]]}},{"type":"Feature","properties":{"cadnum":"4423656400:09:003:0366"},"geometry":{"type":"Polygon","coordinates":[[[38.927114,48.449988],[38.927325,48.449955],[38.927194,48.449675],[38.926975,48.44972],[38.927001,48.449773],[38.927007,48.449773],[38.927068,48.449901],[38.927078,48.449899],[38.927101,48.449934],[38.927091,48.449938],[38.927114,48.449988]]]}},{"type":"Feature","properties":{"cadnum":"4423656400:09:003:0274"},"geometry":{"type":"Polygon","coordinates":[[[38.926319,48.451031],[38.926584,48.450989],[38.926472,48.450694],[38.926198,48.45073],[38.926319,48.451031]]]}},{"type":"Feature","properties":{"cadnum":"4423656400:09:003:0314"},"geometry":{"type":"Polygon","coordinates":[[[38.926889,48.448719],[38.92719,48.448657],[38.927118,48.448409],[38.926912,48.448445],[38.926642,48.448496],[38.926889,48.448719]]]}},{"type":"Feature","properties":{"cadnum":"4423656400:09:003:0278"},"geometry":{"type":"Polygon","coordinates":[[[38.925676,48.450265],[38.925965,48.450223],[38.925852,48.449947],[38.925609,48.449997],[38.925676,48.450265]]]}},{"type":"Feature","properties":{"cadnum":"4423656400:09:003:0152"},"geometry":{"type":"Polygon","coordinates":[[[38.926346,48.450053],[38.926561,48.450015],[38.926449,48.449729],[38.926233,48.449768],[38.926346,48.450053]]]}},{"type":"Feature","properties":{"cadnum":"4423656400:09:003:0290"},"geometry":{"type":"Polygon","coordinates":[[[38.925281,48.449794],[38.925632,48.449726],[38.92556,48.44949],[38.925196,48.449577],[38.925281,48.449794]]]}},{"type":"Feature","properties":{"cadnum":"4423656400:09:003:0301"},"geometry":{"type":"Polygon","coordinates":[[[38.926971,48.45028],[38.92719,48.450245],[38.927114,48.449988],[38.926898,48.450044],[38.926971,48.45028]]]}},{"type":"Feature","properties":{"cadnum":"4423656400:09:003:0189"},"geometry":{"type":"Polygon","coordinates":[[[38.92472,48.447873],[38.924648,48.447682],[38.92456046407219,48.447703251496925],[38.924325,48.447759],[38.924397,48.447947],[38.924475,48.44792914457831],[38.924475,48.44793],[38.92472,48.447873]]]}},{"type":"Feature","properties":{"cadnum":"4423656400:09:003:0363"},"geometry":{"type":"Polygon","coordinates":[[[38.926795,48.451004],[38.926427,48.451067],[38.926512,48.451252],[38.926871,48.451192],[38.92682285185179,48.45107451851837],[38.926795,48.451004]]]}},{"type":"Feature","properties":{"cadnum":"4423656400:09:003:0074"},"geometry":{"type":"Polygon","coordinates":[[[38.92473,48.447876],[38.925066,48.447801],[38.925012,48.447679],[38.925021,48.447655],[38.924994,48.44762],[38.924671,48.44767],[38.924693,48.447741],[38.92472,48.447843],[38.92473,48.447876]]]}},{"type":"Feature","properties":{"cadnum":"4423656400:09:003:0347"},"geometry":{"type":"Polygon","coordinates":[[[38.92472,48.449059],[38.925047,48.449008],[38.92498,48.448826],[38.924648,48.448876],[38.92472,48.449059]]]}},{"type":"Feature","properties":{"cadnum":"4423656400:09:003:0330"},"geometry":{"type":"Polygon","coordinates":[[[38.92719,48.448657],[38.927477,48.448597],[38.927397,48.448368],[38.927118,48.448409],[38.92719,48.448657]]]}},{"type":"Feature","properties":{"cadnum":"4423656400:09:003:0275"},"geometry":{"type":"Polygon","coordinates":[[[38.92489,48.448105],[38.92481,48.447933],[38.924487,48.447992],[38.924567,48.448185],[38.924646,48.448166],[38.924646,48.448165433436536],[38.92489,48.448105]]]}},{"type":"Feature","properties":{"cadnum":"4423656400:09:003:0182"},"geometry":{"type":"Polygon","coordinates":[[[38.924625,48.449238],[38.92464,48.449225],[38.92455,48.448978],[38.924288,48.44905],[38.924374,48.449279],[38.924475,48.44926250199203],[38.924475,48.449263],[38.924625,48.449238]]]}},{"type":"Feature","properties":{"cadnum":"4423656400:09:003:0312"},"geometry":{"type":"Polygon","coordinates":[[[38.92498,48.448826],[38.925326,48.448785],[38.92529,48.448546],[38.92494,48.448606],[38.92498,48.448826]]]}},{"type":"Feature","properties":{"cadnum":"4423656400:09:003:0374"},"geometry":{"type":"Polygon","coordinates":[[[38.924944,48.449801],[38.925281,48.449794],[38.925196,48.449577],[38.92489,48.449618],[38.924944,48.449801]]]}},{"type":"Feature","properties":{"cadnum":"4423656400:09:003:0299"},"geometry":{"type":"Polygon","coordinates":[[[38.9256,48.449488],[38.925942,48.449434],[38.925875,48.449249],[38.925537,48.449303],[38.9256,48.449488]]]}},{"type":"Feature","properties":{"cadnum":"4423656400:09:003:0158"},"geometry":{"type":"Polygon","coordinates":[[[38.926108,48.448689],[38.926588,48.44862],[38.926642,48.4486],[38.926525,48.448514],[38.926351,48.448448],[38.926189,48.448355],[38.926026,48.448397],[38.926108,48.448689]]]}},{"type":"Feature","properties":{"cadnum":"4423656400:09:003:0297"},"geometry":{"type":"Polygon","coordinates":[[[38.92542,48.449973],[38.925703,48.449923],[38.925632,48.449726],[38.925281,48.449794],[38.92542,48.449973]]]}},{"type":"Feature","properties":{"cadnum":"4423656400:09:003:0324"},"geometry":{"type":"Polygon","coordinates":[[[38.92542,48.448945],[38.925762,48.448913],[38.925726,48.448725],[38.925389,48.448752],[38.92542,48.448945]]]}},{"type":"Feature","properties":{"cadnum":"4423656400:09:003:0352"},"geometry":{"type":"Polygon","coordinates":[[[38.925007,48.450015],[38.92542,48.449973],[38.925281,48.449794],[38.924944,48.449801],[38.925007,48.450015]]]}},{"type":"Feature","properties":{"cadnum":"4423656400:09:003:0161"},"geometry":{"type":"Polygon","coordinates":[[[38.925789,48.449086],[38.926135,48.449037],[38.926095,48.448862],[38.925743,48.448909],[38.925789,48.449086]]]}},{"type":"Feature","properties":{"cadnum":"4423656400:09:003:0281"},"geometry":{"type":"Polygon","coordinates":[[[38.926288,48.450402],[38.926525,48.450364],[38.926422,48.450092],[38.926215,48.450143],[38.926288,48.450402]]]}},{"type":"Feature","properties":{"cadnum":"4423656400:09:003:0315"},"geometry":{"type":"Polygon","coordinates":[[[38.925856,48.450479],[38.926103,48.450438],[38.926288,48.450402],[38.926215,48.450143],[38.926018,48.450208],[38.926099,48.450375],[38.925843,48.450435],[38.925856,48.450479]]]}},{"type":"Feature","properties":{"cadnum":"4423656400:09:003:0183"},"geometry":{"type":"Polygon","coordinates":[[[38.92573,48.448841],[38.926076,48.448794],[38.926022,48.448603],[38.925676,48.448657],[38.92573,48.448841]]]}},{"type":"Feature","properties":{"cadnum":"4423656400:09:003:0192"},"geometry":{"type":"Polygon","coordinates":[[[38.925676,48.448657],[38.926022,48.448603],[38.925969,48.448415],[38.925955,48.448391],[38.925932,48.448373],[38.925888,48.448361],[38.925596,48.448412],[38.925676,48.448657]]]}},{"type":"Feature","properties":{"cadnum":"4423656400:09:003:0380"},"geometry":{"type":"Polygon","coordinates":[[[38.929059,48.450265],[38.929292,48.450238],[38.929194,48.449952],[38.928973,48.449991],[38.929059,48.450265]]]}},{"type":"Feature","properties":{"cadnum":"4423656400:09:003:0289"},"geometry":{"type":"Polygon","coordinates":[[[38.928089,48.450089],[38.928286,48.450053],[38.928228,48.449779],[38.92812,48.449655],[38.928035,48.44969],[38.928076,48.449794],[38.928013,48.449803],[38.928089,48.450089]]]}},{"type":"Feature","properties":{"cadnum":"4423656400:09:003:0186"},"geometry":{"type":"Polygon","coordinates":[[[38.929657,48.449133],[38.929984,48.449073],[38.92994,48.448876],[38.929598,48.448936],[38.929657,48.449133]]]}},{"type":"Feature","properties":{"cadnum":"4423656400:09:003:0385"},"geometry":{"type":"Polygon","coordinates":[[[38.92776,48.450801],[38.927994,48.450757],[38.927882,48.45045],[38.927634,48.45051],[38.92776,48.450801]]]}},{"type":"Feature","properties":{"cadnum":"4423656400:09:003:0316"},"geometry":{"type":"Polygon","coordinates":[[[38.929139,48.448108],[38.929508,48.448066],[38.929435,48.447861],[38.929091,48.447915],[38.929139,48.448108]]]}},{"type":"Feature","properties":{"cadnum":"4423656400:09:003:0070"},"geometry":{"type":"Polygon","coordinates":[[[38.927648,48.447754],[38.927869,48.447715],[38.927945,48.447706],[38.927904,48.447584],[38.927873,48.447485],[38.927573,48.447527],[38.927648,48.447754]]]}},{"type":"Feature","properties":{"cadnum":"4423656400:09:003:0364"},"geometry":{"type":"Polygon","coordinates":[[[38.928745,48.449982],[38.928965,48.449947],[38.928892,48.449673],[38.928676,48.449708],[38.928745,48.449982]]]}},{"type":"Feature","properties":{"cadnum":"4423656400:09:003:0354"},"geometry":{"type":"Polygon","coordinates":[[[38.929091,48.447915],[38.929435,48.447861],[38.929418,48.447664],[38.929045,48.447739],[38.929091,48.447915]]]}},{"type":"Feature","properties":{"cadnum":"4423656400:09:003:0280"},"geometry":{"type":"Polygon","coordinates":[[[38.927774,48.449866],[38.928013,48.449803],[38.928076,48.449794],[38.928035,48.44969],[38.92812,48.449655],[38.928003,48.449523],[38.927657,48.449583],[38.927774,48.449866]]]}},{"type":"Feature","properties":{"cadnum":"4423656400:09:003:0383"},"geometry":{"type":"Polygon","coordinates":[[[38.928601,48.450331],[38.928762,48.450313],[38.928816,48.450307],[38.928713,48.450033],[38.928497,48.450068],[38.928601,48.450331]]]}},{"type":"Feature","properties":{"cadnum":"4423656400:09:003:0386"},"geometry":{"type":"Polygon","coordinates":[[[38.928808,48.450888],[38.929148,48.450834],[38.929072,48.450649],[38.928726,48.450706],[38.928808,48.450888]]]}},{"type":"Feature","properties":{"cadnum":"4423656400:09:003:0291"},"geometry":{"type":"Polygon","coordinates":[[[38.929814,48.450962],[38.929777,48.45095],[38.929418,48.451022],[38.929458,48.451123],[38.92945897169811,48.451123],[38.929504,48.451234],[38.929844,48.451153],[38.92983899999998,48.45112299999986],[38.929814,48.450962]]]}},{"type":"Feature","properties":{"cadnum":"4423656400:09:003:0288"},"geometry":{"type":"Polygon","coordinates":[[[38.928497,48.448746],[38.928726,48.44871],[38.928632,48.44843],[38.928399,48.448472],[38.928497,48.448746]]]}},{"type":"Feature","properties":{"cadnum":"4423656400:09:003:0185"},"geometry":{"type":"Polygon","coordinates":[[[38.929598,48.448936],[38.92994,48.448876],[38.929898,48.448689],[38.929553,48.448755],[38.929598,48.448936]]]}},{"type":"Feature","properties":{"cadnum":"4423656400:09:003:0282"},"geometry":{"type":"Polygon","coordinates":[[[38.928228,48.449779],[38.928452,48.449738],[38.928376,48.449448],[38.928003,48.449523],[38.92812,48.449655],[38.928228,48.449779]]]}},{"type":"Feature","properties":{"cadnum":"4423656400:09:003:0322"},"geometry":{"type":"Polygon","coordinates":[[[38.926584,48.448171],[38.926885,48.44812],[38.926818,48.447915],[38.926502,48.447966],[38.926584,48.448171]]]}},{"type":"Feature","properties":{"cadnum":"4423656400:09:003:0293"},"geometry":{"type":"Polygon","coordinates":[[[38.928026,48.448841],[38.928263,48.448788],[38.928147,48.44851],[38.927923,48.448555],[38.928026,48.448841]]]}},{"type":"Feature","properties":{"cadnum":"4423656400:09:003:0305"},"geometry":{"type":"Polygon","coordinates":[[[38.928263,48.448788],[38.928497,48.448746],[38.928399,48.448472],[38.928147,48.44851],[38.928263,48.448788]]]}},{"type":"Feature","properties":{"cadnum":"4423656400:09:003:0178"},"geometry":{"type":"Polygon","coordinates":[[[38.929477,48.448388],[38.929827,48.448326],[38.929773,48.448147],[38.929435,48.448207],[38.929477,48.448388]]]}},{"type":"Feature","properties":{"cadnum":"4423656400:09:003:0273"},"geometry":{"type":"Polygon","coordinates":[[[38.92936,48.450543],[38.929621,48.450474],[38.929531,48.450199],[38.929292,48.450238],[38.92936,48.450543]]]}},{"type":"Feature","properties":{"cadnum":"4423656400:09:003:0373"},"geometry":{"type":"Polygon","coordinates":[[[38.928552,48.449017],[38.928785,48.448981],[38.928726,48.44871],[38.928497,48.448746],[38.928552,48.449017]]]}},{"type":"Feature","properties":{"cadnum":"4423656400:09:003:0188"},"geometry":{"type":"Polygon","coordinates":[[[38.929221,48.448812],[38.929553,48.448755],[38.929521,48.448573],[38.929194,48.448635],[38.929221,48.448812]]]}},{"type":"Feature","properties":{"cadnum":"4423656400:09:003:0187"},"geometry":{"type":"Polygon","coordinates":[[[38.929265,48.448993],[38.929598,48.448936],[38.929553,48.448755],[38.929221,48.448812],[38.929265,48.448993]]]}},{"type":"Feature","properties":{"cadnum":"4423656400:09:003:0306"},"geometry":{"type":"Polygon","coordinates":[[[38.928519,48.450024],[38.928745,48.449982],[38.928676,48.449708],[38.928452,48.449738],[38.928519,48.450024]]]}},{"type":"Feature","properties":{"cadnum":"4423656400:09:003:0318"},"geometry":{"type":"Polygon","coordinates":[[[38.928892,48.450634],[38.929118,48.45059],[38.929059,48.450265],[38.928816,48.450307],[38.928762,48.450313],[38.928892,48.450634]]]}},{"type":"Feature","properties":{"cadnum":"4423656400:09:003:0332"},"geometry":{"type":"Polygon","coordinates":[[[38.928856,48.451075],[38.928808,48.450888],[38.928475,48.450947],[38.92849648863636,48.451009],[38.928495,48.451009],[38.928538,48.451129],[38.92857333333333,48.451123],[38.928574,48.451123],[38.928856,48.451075]]]}},{"type":"Feature","properties":{"cadnum":"4423656400:09:003:0358"},"geometry":{"type":"Polygon","coordinates":[[[38.93007914285707,48.45086614285716],[38.93014,48.450856],[38.93014,48.45085581748072],[38.930357,48.450819],[38.930267,48.450616],[38.930070897755996,48.45064026683287],[38.929814,48.450671],[38.929912,48.450894],[38.929968,48.45088466666667],[38.929968,48.450885],[38.93007914285707,48.45086614285716]]]}},{"type":"Feature","properties":{"cadnum":"4423656400:09:003:0177"},"geometry":{"type":"Polygon","coordinates":[[[38.929553,48.448755],[38.929898,48.448689],[38.929867,48.448507],[38.929521,48.448573],[38.929553,48.448755]]]}},{"type":"Feature","properties":{"cadnum":"4423656400:09:003:0368"},"geometry":{"type":"Polygon","coordinates":[[[38.927504,48.451091],[38.927512,48.451123],[38.92751242105263,48.451123],[38.927554,48.451281],[38.927891,48.451228],[38.927823,48.45104],[38.927504,48.451091]]]}},{"type":"Feature","properties":{"cadnum":"4423656400:09:003:0295"},"geometry":{"type":"Polygon","coordinates":[[[38.928892,48.449673],[38.929112,48.44964],[38.929009,48.449342],[38.928798,48.44938],[38.928892,48.449673]]]}},{"type":"Feature","properties":{"cadnum":"4423656400:09:003:0382"},"geometry":{"type":"Polygon","coordinates":[[[38.930070897755996,48.45064026683287],[38.93014,48.450632],[38.93014,48.45063171571906],[38.930267,48.450616],[38.93016,48.450406],[38.93014,48.45041027083333],[38.93014,48.45041],[38.93008547708864,48.450421913746695],[38.929968,48.450447],[38.929968,48.45044758354756],[38.929751,48.450495],[38.929814,48.450671],[38.929968,48.45065257668712],[38.929968,48.450653],[38.930070897755996,48.45064026683287]]]}},{"type":"Feature","properties":{"cadnum":"4423656400:09:003:0180"},"geometry":{"type":"Polygon","coordinates":[[[38.928919,48.44812],[38.929198,48.448085],[38.929158,48.447849],[38.92887,48.447882],[38.928919,48.44812]]]}},{"type":"Feature","properties":{"cadnum":"4423656400:09:003:0345"},"geometry":{"type":"Polygon","coordinates":[[[38.93024,48.451097],[38.930263,48.450867],[38.93014,48.45088951525424],[38.93014,48.450889],[38.92993,48.450927],[38.929938367346935,48.451009],[38.929938,48.451009],[38.929943999999985,48.45106419999985],[38.92995,48.451123],[38.929950391304345,48.451123],[38.929953,48.451147],[38.929968,48.45114435294118],[38.929968,48.451145],[38.93007514814807,48.45112544444446],[38.93014,48.451114],[38.93014,48.45111360836501],[38.930231,48.451097],[38.93024,48.451097]]]}},{"type":"Feature","properties":{"cadnum":"4423656400:09:003:0307"},"geometry":{"type":"Polygon","coordinates":[[[38.93037,48.449448],[38.9302,48.449136],[38.93002,48.449196],[38.930191,48.449517],[38.93037,48.449448]]]}},{"type":"Feature","properties":{"cadnum":"4423656400:09:003:0302"},"geometry":{"type":"Polygon","coordinates":[[[38.929126,48.451075],[38.929146,48.451123],[38.92914759999999,48.451123],[38.929216,48.451275],[38.929504,48.451234],[38.929418,48.451022],[38.929126,48.451075]]]}},{"type":"Feature","properties":{"cadnum":"4423656400:09:003:0172"},"geometry":{"type":"Polygon","coordinates":[[[38.930231,48.447864],[38.930154,48.44754],[38.93014,48.447542408602146],[38.93014,48.447542],[38.92993,48.447578],[38.930011,48.4479],[38.93014,48.447879],[38.93014,48.44787889090909],[38.930231,48.447864]]]}},{"type":"Feature","properties":{"cadnum":"4423656400:09:003:0175"},"geometry":{"type":"Polygon","coordinates":[[[38.928794,48.449279],[38.929014,48.449243],[38.928951,48.448957],[38.928722,48.44899],[38.928794,48.449279]]]}},{"type":"Feature","properties":{"cadnum":"4423656400:09:003:0279"},"geometry":{"type":"Polygon","coordinates":[[[38.92808,48.449457],[38.928246,48.449431],[38.928152,48.449151],[38.927917,48.449201],[38.92808,48.449457]]]}},{"type":"Feature","properties":{"cadnum":"4423656400:09:003:0308"},"geometry":{"type":"Polygon","coordinates":[[[38.930339,48.448683],[38.93033,48.448501],[38.929993,48.448531],[38.929997,48.448713],[38.93014,48.448701],[38.93014,48.44870045614035],[38.930339,48.448683]]]}},{"type":"Feature","properties":{"cadnum":"4423656400:09:003:0360"},"geometry":{"type":"Polygon","coordinates":[[[38.928452,48.449395],[38.928655,48.449357],[38.928569,48.449079],[38.928345,48.449101],[38.928452,48.449395]]]}},{"type":"Feature","properties":{"cadnum":"4423656400:09:003:0071"},"geometry":{"type":"Polygon","coordinates":[[[38.927343,48.447796],[38.927648,48.447754],[38.927573,48.447527],[38.927258,48.447578],[38.927343,48.447796]]]}},{"type":"Feature","properties":{"cadnum":"4423656400:09:003:0167"},"geometry":{"type":"Polygon","coordinates":[[[38.929028,48.450557],[38.929271,48.450506],[38.929198,48.450188],[38.928969,48.450214],[38.929028,48.450557]]]}},{"type":"Feature","properties":{"cadnum":"4423656400:09:003:0327"},"geometry":{"type":"Polygon","coordinates":[[[38.928286,48.450053],[38.928519,48.450024],[38.928452,48.449738],[38.928228,48.449779],[38.928286,48.450053]]]}},{"type":"Feature","properties":{"cadnum":"4423656400:01:004:0010"},"geometry":{"type":"Polygon","coordinates":[[[38.897048,48.496629],[38.897075,48.496599],[38.897181,48.496509],[38.897181,48.49650852866242],[38.897232,48.496465],[38.897138,48.4964],[38.897083,48.496367],[38.897016,48.496429],[38.897009,48.496437],[38.897009,48.49643705228758],[38.896863,48.496605],[38.896352,48.49726],[38.896486,48.497314],[38.896733,48.497043],[38.897009,48.496680257142856],[38.897009,48.496681],[38.897048,48.496629]]]}},{"type":"Feature","properties":{"cadnum":"4423656400:01:003:0066"},"geometry":{"type":"Polygon","coordinates":[[[38.901593,48.496483],[38.901736,48.496418],[38.901543,48.49623],[38.90126,48.495939],[38.901134,48.495995],[38.901279,48.496147],[38.901413,48.496319],[38.901516,48.496414],[38.901593,48.496483]]]}},{"type":"Feature","properties":{"cadnum":"4423656400:01:003:0046"},"geometry":{"type":"Polygon","coordinates":[[[38.902562,48.496888],[38.902258,48.496998],[38.901983,48.497099],[38.901616,48.49723],[38.90166,48.497283],[38.901709,48.497334],[38.901665,48.497361],[38.9017,48.497427],[38.901266,48.497638],[38.900941,48.497888],[38.901726,48.498465],[38.90172643171807,48.498465],[38.90219,48.498805],[38.902502,48.49906728571428],[38.902502,48.499068],[38.902554,48.499111],[38.902522,48.499129],[38.902581,48.49918],[38.902778,48.499255],[38.903061,48.499108],[38.903071,48.49912],[38.903398,48.498998],[38.903453,48.499043],[38.903623,48.498935],[38.903507,48.498834],[38.904193,48.498465],[38.904189,48.498463],[38.904476,48.498311],[38.902674,48.49697126854754],[38.902674,48.496971],[38.902562,48.496888]]]}},{"type":"Feature","properties":{"cadnum":"4423656400:01:003:0065"},"geometry":{"type":"Polygon","coordinates":[[[38.901323,48.495742],[38.901507,48.495644],[38.901386,48.495486],[38.901382,48.495477],[38.901373,48.495468],[38.901369,48.495468],[38.901251,48.495311],[38.901197,48.495322],[38.901117,48.49534],[38.90105,48.495352],[38.90104,48.495349],[38.900973,48.495361],[38.900946,48.495373],[38.900973,48.495388],[38.901054,48.495462],[38.901099,48.495513],[38.901121,48.495536],[38.901319,48.495739],[38.901323,48.495742]]]}},{"type":"Feature","properties":{"cadnum":"4423656400:01:003:0049"},"geometry":{"type":"Polygon","coordinates":[[[38.901203,48.496605],[38.901279,48.49657],[38.901319,48.496551],[38.901197,48.496418],[38.901126,48.496337],[38.900501,48.495483],[38.90038,48.495542],[38.900983,48.496379],[38.901058,48.496474],[38.901203,48.496605]]]}},{"type":"Feature","properties":{"cadnum":"4423656400:01:003:0070"},"geometry":{"type":"Polygon","coordinates":[[[38.901134,48.495995],[38.90126,48.495939],[38.901327,48.495906],[38.901216,48.495792],[38.901058,48.495638],[38.901013,48.495584],[38.900847,48.495426],[38.900811,48.495394],[38.900798,48.495379],[38.90073,48.495414],[38.900623,48.495474],[38.900667,48.495516],[38.900761,48.495611],[38.900775,48.495626],[38.900811,48.495655],[38.90105,48.495902],[38.901134,48.495995]]]}},{"type":"Feature","properties":{"cadnum":"4423656400:01:004:0011"},"geometry":{"type":"Polygon","coordinates":[[[38.897092,48.496956],[38.897168,48.496885],[38.897181,48.496878],[38.897181,48.4968772],[38.897218,48.496855],[38.897325,48.496796],[38.897331,48.496798],[38.897497,48.496733],[38.897455,48.496692],[38.897469,48.496685],[38.897442,48.496656],[38.897394,48.496674],[38.897241,48.49673],[38.897151,48.496775],[38.897124,48.496787],[38.897101,48.496804],[38.897042,48.496867],[38.896939,48.497016],[38.896463,48.497557],[38.896535,48.497665],[38.896755,48.497418],[38.896715,48.497403],[38.896985,48.497069],[38.897009,48.49704365420561],[38.897009,48.497044],[38.897092,48.496956]]]}},{"type":"Feature","properties":{"cadnum":"4423656400:01:003:0064"},"geometry":{"type":"Polygon","coordinates":[[[38.903205,48.494656],[38.903102,48.494578],[38.902954,48.494667],[38.902683,48.494824],[38.90268381818182,48.494824],[38.902518,48.49492],[38.902505,48.494911],[38.902486,48.494873],[38.902473,48.494799],[38.902235,48.494894],[38.902502,48.49507075958188],[38.902502,48.495071],[38.902522,48.495084],[38.902674,48.494989],[38.902674,48.49498855218855],[38.90305000000002,48.49475244444443],[38.903205,48.494656]]]}},{"type":"Feature","properties":{"cadnum":"4423656400:01:003:0057"},"geometry":{"type":"Polygon","coordinates":[[[38.902308,48.496965],[38.902442,48.496924],[38.902352,48.496793],[38.902275,48.496813],[38.902231,48.496748],[38.902168,48.496769],[38.902308,48.496965]]]}},{"type":"Feature","properties":{"cadnum":"4423656400:01:003:0067"},"geometry":{"type":"Polygon","coordinates":[[[38.902119,48.496242],[38.902182,48.496215],[38.902226,48.496191],[38.902113,48.496093],[38.902155,48.496072],[38.902266,48.496019],[38.901858,48.495653],[38.901683,48.495787],[38.901975,48.496076],[38.902038,48.496132],[38.902059,48.496156],[38.902038,48.496162],[38.902059,48.496189],[38.902119,48.496242]]]}},{"type":"Feature","properties":{"cadnum":"4423656400:01:003:0063"},"geometry":{"type":"Polygon","coordinates":[[[38.897828,48.496932],[38.898417,48.496721],[38.898278,48.49657],[38.897924,48.496707],[38.897878,48.496724],[38.897828,48.496745],[38.897721,48.496784],[38.89778,48.496855],[38.897788,48.496882],[38.89782,48.496926],[38.897828,48.496932]]]}},{"type":"Feature","properties":{"cadnum":"4423656400:01:003:0071"},"geometry":{"type":"Polygon","coordinates":[[[38.902226,48.496191],[38.902258,48.496176],[38.902411,48.496099],[38.902501,48.496054],[38.902469,48.496028],[38.902455,48.496016],[38.902392,48.495962],[38.902321,48.495998],[38.902316,48.495995],[38.902245,48.496028],[38.902113,48.496093],[38.902226,48.496191]]]}},{"type":"Feature","properties":{"cadnum":"4423656400:02:003:0064"},"geometry":{"type":"Polygon","coordinates":[[[38.867035,48.465358],[38.867771,48.464521],[38.866361,48.463574],[38.865476,48.464152],[38.86698,48.465316],[38.86674667605634,48.46558],[38.866746,48.46558],[38.866729,48.4656],[38.866783,48.465641],[38.867035,48.465358]]]}},{"type":"Feature","properties":{"cadnum":"4423656400:02:003:0134"},"geometry":{"type":"Polygon","coordinates":[[[38.875208,48.44834724528302],[38.875208,48.448347],[38.873777,48.448677],[38.874627426819295,48.451009],[38.874627,48.451009],[38.874899,48.451751],[38.875036,48.451725284789646],[38.875036,48.451726],[38.876337,48.451477],[38.876821,48.45138],[38.87671636220461,48.45109663779497],[38.875672,48.44824],[38.875208,48.44834724528302]]]}},{"type":"Feature","properties":{"cadnum":"4423656400:09:002:0139"},"geometry":{"type":"Polygon","coordinates":[[[38.903273,48.465504],[38.903048,48.46554],[38.90307267532468,48.46558],[38.903072,48.46558],[38.90313968253972,48.46568862222228],[38.903143,48.465694],[38.90314303343465,48.465694],[38.903277,48.465909],[38.903493,48.465856],[38.9033417682119,48.465614728476794],[38.903273,48.465504]]]}},{"type":"Feature","properties":{"cadnum":"4423656400:01:015:0029"},"geometry":{"type":"Polygon","coordinates":[[[38.902595,48.467526],[38.902509,48.467547],[38.902747,48.468],[38.903034,48.4685],[38.903385,48.468411],[38.902935,48.467589],[38.902851,48.46747],[38.902639,48.467514],[38.902595,48.467526]]]}},{"type":"Feature","properties":{"cadnum":"4423656400:09:003:0106"},"geometry":{"type":"Polygon","coordinates":[[[38.904966,48.465596],[38.904952,48.465561],[38.904899,48.465298],[38.904826,48.465114],[38.904566,48.465192],[38.90457,48.465281],[38.904696994623656,48.46558],[38.904696,48.46558],[38.904728,48.465653],[38.904966,48.465596]]]}},{"type":"Feature","properties":{"cadnum":"4423656400:09:003:0107"},"geometry":{"type":"Polygon","coordinates":[[[38.90457,48.465281],[38.904566,48.46523],[38.904296,48.465331],[38.904329,48.465388],[38.904346,48.465424],[38.904414177777774,48.46558],[38.904414,48.46558],[38.90442280473353,48.46559973964452],[38.904464,48.465694],[38.90446484892087,48.465694],[38.904476,48.465719],[38.904728,48.465653],[38.90457,48.465281]]]}},{"type":"Feature","properties":{"cadnum":"4423656400:09:002:0144"},"geometry":{"type":"Polygon","coordinates":[[[38.904476,48.467163],[38.904642,48.467095],[38.905047,48.466936],[38.904921,48.466785],[38.904482,48.466942],[38.904463,48.467086],[38.904476,48.467163]]]}},{"type":"Feature","properties":{"cadnum":"4423656400:09:002:0147"},"geometry":{"type":"Polygon","coordinates":[[[38.907292,48.466421],[38.907476,48.466353],[38.907248,48.466002],[38.907,48.466097],[38.907136,48.466245],[38.907292,48.466421]]]}},{"type":"Feature","properties":{"cadnum":"4423656400:09:002:0143"},"geometry":{"type":"Polygon","coordinates":[[[38.906417,48.466523],[38.906767,48.466388],[38.906646,48.466219],[38.9063,48.466317],[38.906417,48.466523]]]}},{"type":"Feature","properties":{"cadnum":"4423656400:09:003:0104"},"geometry":{"type":"Polygon","coordinates":[[[38.905474,48.46558],[38.905474,48.465501],[38.905402,48.465519],[38.90529,48.465694],[38.905290827338135,48.465694],[38.905275,48.465719],[38.905011,48.465784],[38.904988,48.465984],[38.905312,48.465975],[38.905474,48.465724],[38.905474,48.465694],[38.905474,48.46558]]]}},{"type":"Feature","properties":{"cadnum":"4423656400:09:003:0103"},"geometry":{"type":"Polygon","coordinates":[[[38.904346,48.465424],[38.904329,48.465388],[38.904296,48.465331],[38.903991,48.465448],[38.904021124481325,48.46558],[38.90402,48.46558],[38.904046,48.465689],[38.904476,48.465719],[38.90442280473353,48.46559973964452],[38.904346,48.465424]]]}},{"type":"Feature","properties":{"cadnum":"4423656400:09:002:0137"},"geometry":{"type":"Polygon","coordinates":[[[38.90749,48.46635],[38.907746,48.466311],[38.907665,48.466159],[38.907495,48.465933],[38.907262,48.466007],[38.90749,48.46635]]]}},{"type":"Feature","properties":{"cadnum":"4423656400:09:002:0135"},"geometry":{"type":"Polygon","coordinates":[[[38.905029,48.466677],[38.905329,48.466573],[38.905002,48.466254],[38.904701,48.466287],[38.905029,48.466677]]]}},{"type":"Feature","properties":{"cadnum":"4423656400:09:002:0138"},"geometry":{"type":"Polygon","coordinates":[[[38.90692,48.466573],[38.907297,48.46643],[38.907292,48.466421],[38.907136,48.466245],[38.906767,48.466388],[38.90692,48.466573]]]}},{"type":"Feature","properties":{"cadnum":"4423656400:09:002:0154"},"geometry":{"type":"Polygon","coordinates":[[[38.907805,48.465433],[38.907539,48.465507],[38.907636,48.465694],[38.90763605405405,48.465694],[38.907692,48.465802],[38.907971,48.465728],[38.907888,48.46558],[38.90788722988506,48.46558],[38.907805,48.465433]]]}},{"type":"Feature","properties":{"cadnum":"4423656400:09:002:0130"},"geometry":{"type":"Polygon","coordinates":[[[38.906178,48.466594],[38.906417,48.466523],[38.9063,48.466317],[38.906004,48.466401],[38.906178,48.466594]]]}},{"type":"Feature","properties":{"cadnum":"4423656400:09:002:0041"},"geometry":{"type":"Polygon","coordinates":[[[38.908352,48.46596],[38.908254,48.465674],[38.908167,48.46569415444015],[38.908167,48.465694],[38.90798,48.465737],[38.908097,48.466011],[38.908352,48.46596]]]}},{"type":"Feature","properties":{"cadnum":"4423656400:09:002:0134"},"geometry":{"type":"Polygon","coordinates":[[[38.907539,48.465507],[38.90728860215054,48.46558],[38.907287,48.46558],[38.90722,48.4656],[38.90729,48.465694],[38.907290078853045,48.465694],[38.907428,48.465879],[38.907692,48.465802],[38.907577,48.46558],[38.90757686631016,48.46558],[38.907539,48.465507]]]}},{"type":"Feature","properties":{"cadnum":"4423656400:09:002:0128"},"geometry":{"type":"Polygon","coordinates":[[[38.906979,48.465677],[38.906989,48.465694],[38.90699023630137,48.465694],[38.907172,48.465969],[38.907428,48.465879],[38.90722,48.4656],[38.906979,48.465677]]]}},{"type":"Feature","properties":{"cadnum":"4423656400:10:015:0004"},"geometry":{"type":"Polygon","coordinates":[[[38.854629,48.507688],[38.854454,48.50756],[38.854315,48.507512],[38.854157,48.507489],[38.854053,48.507477],[38.85395,48.507471],[38.853613,48.507468],[38.853605,48.507664],[38.85377,48.507661],[38.854629,48.507688]]]}},{"type":"Feature","properties":{"cadnum":"4423656400:10:011:0002"},"geometry":{"type":"Polygon","coordinates":[[[38.857512,48.508087],[38.857732,48.508045],[38.857642,48.507834],[38.857418,48.507876],[38.857512,48.508087]]]}},{"type":"Feature","properties":{"cadnum":"4423656400:10:015:0001"},"geometry":{"type":"Polygon","coordinates":[[[38.853883,48.506259],[38.854525,48.50617],[38.854822,48.506108],[38.854944,48.50609],[38.854917,48.50595],[38.854503,48.506022],[38.854225,48.506067],[38.853843,48.506122],[38.853883,48.506259]]]}},{"type":"Feature","properties":{"cadnum":"4423656400:10:015:0002"},"geometry":{"type":"Polygon","coordinates":[[[38.853946,48.506328],[38.854112,48.506316],[38.854602,48.506239],[38.854719,48.506221],[38.854957,48.506186],[38.855078,48.50617],[38.855065,48.506036],[38.854709,48.50609],[38.853915,48.506177],[38.853946,48.506328]]]}},{"type":"Feature","properties":{"cadnum":"4423656400:10:010:0002"},"geometry":{"type":"Polygon","coordinates":[[[38.855828,48.508756],[38.857288,48.508449],[38.857216,48.508274],[38.855765,48.508566],[38.855828,48.508756]]]}},{"type":"Feature","properties":{"cadnum":"4423656400:10:015:0005"},"geometry":{"type":"Polygon","coordinates":[[[38.853915,48.506781],[38.854449,48.506733],[38.854584,48.506715],[38.854674,48.5067],[38.854764,48.506682],[38.854822,48.506673],[38.85493,48.506653],[38.855047,48.506632],[38.855024,48.506501],[38.854786,48.506537],[38.854705,48.506552],[38.854709,48.506554],[38.854108,48.506653],[38.853906,48.506673],[38.853915,48.506781]]]}},{"type":"Feature","properties":{"cadnum":"4423656400:10:010:0003"},"geometry":{"type":"Polygon","coordinates":[[[38.856277,48.508054],[38.856542,48.507997],[38.856636,48.507971],[38.857063,48.507896],[38.856982,48.507679],[38.856183,48.507836],[38.856277,48.508054]]]}},{"type":"Feature","properties":{"cadnum":"4423656400:10:015:0003"},"geometry":{"type":"Polygon","coordinates":[[[38.855028,48.507644],[38.855042,48.50745],[38.855271,48.507441],[38.855262,48.507364],[38.855118,48.50737],[38.855006,48.507373],[38.85493,48.507373],[38.854875,48.507388],[38.854867,48.507373],[38.854845,48.50737],[38.854782,48.507373],[38.854745,48.507375],[38.854745,48.507381],[38.854665,48.507384],[38.854665,48.507435],[38.854472,48.507438],[38.854495,48.507503],[38.854629,48.507622],[38.854682,48.507644],[38.855028,48.507644]],[[38.854992,48.507516],[38.85502,48.507516],[38.85502,48.507569],[38.854992,48.507569],[38.854992,48.507516]]]}},{"type":"Feature","properties":{"cadnum":"4423656400:10:017:0003"},"geometry":{"type":"Polygon","coordinates":[[[38.856986,48.506453],[38.857086,48.506433],[38.857158,48.506387],[38.857401,48.506346],[38.858437,48.506131],[38.858393,48.505965],[38.85709,48.506212],[38.857009,48.506263],[38.856911,48.506281],[38.856986,48.506453]]]}},{"type":"Feature","properties":{"cadnum":"4423656400:16:002:0002"},"geometry":{"type":"Polygon","coordinates":[[[38.934862,48.506706],[38.934978,48.506658],[38.934911,48.506581],[38.93479,48.506625],[38.934862,48.506706]]]}},{"type":"Feature","properties":{"cadnum":"4423656400:09:003:0202"},"geometry":{"type":"Polygon","coordinates":[[[38.927158,48.454692],[38.927123,48.454567],[38.92666442857142,48.454652],[38.926662,48.454652],[38.926481,48.454686],[38.926521,48.454793],[38.92669128712873,48.454766],[38.926694,48.454766],[38.927158,48.454692]]]}},{"type":"Feature","properties":{"cadnum":"4423656400:09:003:0201"},"geometry":{"type":"Polygon","coordinates":[[[38.927208,48.454826],[38.927158,48.454692],[38.926521,48.454793],[38.926579,48.454948],[38.927208,48.454826]]]}},{"type":"Feature","properties":{"cadnum":"4423656400:09:003:0058"},"geometry":{"type":"Polygon","coordinates":[[[38.927923,48.454573],[38.928273,48.454454],[38.928865,48.454323],[38.929705,48.454215],[38.929827,48.454215],[38.93014,48.454194],[38.93014,48.45419282300885],[38.93042,48.454173],[38.930173,48.453875],[38.930127,48.453828],[38.930034,48.453632],[38.930001,48.453524],[38.92994,48.453352],[38.929808,48.453003],[38.929808,48.452932],[38.929773,48.452762],[38.929732,48.452747],[38.929728,48.452499],[38.92976,48.452449],[38.929791,48.452425],[38.929777,48.452181],[38.929724,48.452181],[38.929718,48.451957],[38.929152,48.452025],[38.928632,48.452115],[38.928326,48.452172],[38.927797,48.452264],[38.927325,48.452338],[38.927325,48.452345],[38.927298,48.452314],[38.927267,48.452276],[38.927186,48.45219],[38.926993,48.45196],[38.926948,48.451868],[38.926768,48.451888],[38.926751,48.451877],[38.926584,48.451469],[38.926103,48.451475],[38.925965,48.451102],[38.924819,48.451308],[38.9249,48.451555],[38.924923,48.451621],[38.924949,48.451636],[38.925206,48.451638],[38.925313,48.451892],[38.925439,48.452029],[38.925623,48.452097],[38.925919,48.452073],[38.926175,48.452491],[38.926152,48.45261],[38.926862,48.453217],[38.927181,48.453408],[38.927671,48.453802],[38.927793,48.453939],[38.92755,48.453998],[38.92741,48.453884],[38.927186,48.453843],[38.926799,48.453652],[38.926565,48.453473],[38.926248,48.453262],[38.926045,48.45314],[38.925367,48.45323],[38.924783,48.453402],[38.925156,48.45378],[38.925439,48.45387],[38.925672,48.453983],[38.925973,48.454221],[38.926238,48.454421],[38.926316,48.454766],[38.92631674193548,48.454766],[38.926368,48.454993],[38.92724,48.45482],[38.927657,48.454728],[38.927923,48.454573]]]}},{"type":"Feature","properties":{"cadnum":"4423656400:09:003:0135"},"geometry":{"type":"Polygon","coordinates":[[[38.923328,48.448222],[38.923651,48.448135],[38.923579,48.447959],[38.923256,48.448037],[38.923328,48.448222]]]}},{"type":"Feature","properties":{"cadnum":"4423656400:09:003:0340"},"geometry":{"type":"Polygon","coordinates":[[[38.92455,48.450539],[38.924447,48.45017],[38.924217,48.450208],[38.924347,48.450536],[38.92455,48.450539]]]}},{"type":"Feature","properties":{"cadnum":"4423656400:09:003:0323"},"geometry":{"type":"Polygon","coordinates":[[[38.923543,48.449192],[38.923822,48.449148],[38.923709,48.448862],[38.923579,48.448889],[38.923445,48.448913],[38.923449,48.448922],[38.923439,48.448922],[38.923543,48.449192]]]}},{"type":"Feature","properties":{"cadnum":"4423656400:09:003:0134"},"geometry":{"type":"Polygon","coordinates":[[[38.923256,48.448037],[38.923579,48.447959],[38.923525,48.447843],[38.923529,48.447843],[38.923543,48.447783],[38.923494,48.447712],[38.923103,48.447819],[38.923256,48.448037]]]}},{"type":"Feature","properties":{"cadnum":"4423656400:09:003:0367"},"geometry":{"type":"Polygon","coordinates":[[[38.923714,48.448004],[38.924028,48.447944],[38.924005,48.447798],[38.923763,48.447825],[38.923759,48.447807],[38.923682,48.447813],[38.923687,48.447834],[38.923678,48.447834],[38.923714,48.448004]]]}},{"type":"Feature","properties":{"cadnum":"4423656400:09:003:0176"},"geometry":{"type":"Polygon","coordinates":[[[38.922596,48.448385],[38.922919,48.44832],[38.922839,48.448138],[38.922707,48.448165],[38.922645,48.448057],[38.922497,48.448111],[38.922533,48.448218],[38.922596,48.448385]]]}},{"type":"Feature","properties":{"cadnum":"4423656400:09:003:0160"},"geometry":{"type":"Polygon","coordinates":[[[38.923093,48.448505],[38.923405,48.448421],[38.923328,48.448222],[38.922995,48.448308],[38.923093,48.448505]]]}},{"type":"Feature","properties":{"cadnum":"4423656400:08:001:0001"},"geometry":{"type":"Polygon","coordinates":[[[38.91366,48.50307117966101],[38.91366,48.503071],[38.913136,48.503153],[38.913445744500194,48.50563],[38.913445,48.50563],[38.913541,48.506382],[38.91366,48.506388],[38.91366,48.506387950000004],[38.914201,48.506415],[38.914103,48.50563],[38.91410189821694,48.50563],[38.913783,48.503052],[38.91366,48.50307117966101]]]}},{"type":"Feature","properties":{"cadnum":"4423656400:08:001:0011"},"geometry":{"type":"Polygon","coordinates":[[[38.90922,48.502846],[38.909503,48.502748],[38.910388,48.502626],[38.910801,48.502588],[38.910657,48.502162],[38.908167,48.50272510293013],[38.908167,48.502725],[38.907971,48.502769],[38.907984,48.502798],[38.907995,48.50280232786885],[38.907995,48.502803],[38.90847,48.502989],[38.90922,48.502846]]]}},{"type":"Feature","properties":{"cadnum":"4423656400:08:001:0296"},"geometry":{"type":"Polygon","coordinates":[[[38.88002,48.422376],[38.880069,48.422221],[38.879687,48.422164],[38.879638,48.422316],[38.88002,48.422376]]]}},{"type":"Feature","properties":{"cadnum":"4423656400:13:001:0010"},"geometry":{"type":"Polygon","coordinates":[[[38.869599,48.497171],[38.869543,48.497172],[38.869543,48.49717254305396],[38.868728,48.497195],[38.868961,48.497519],[38.868378,48.498465],[38.868378428571425,48.498465],[38.868345,48.498519],[38.867286,48.499403],[38.865303,48.502104],[38.86530349206349,48.502104],[38.865248,48.50218],[38.865211,48.50306],[38.865408,48.503914],[38.866104,48.504783],[38.866567,48.505614],[38.869361,48.50376],[38.869715,48.503765],[38.869715,48.50376431670914],[38.87229,48.503799],[38.8722365625,48.502104],[38.872237,48.502104],[38.8722,48.500882],[38.870426,48.498351],[38.87042518238022,48.498351],[38.869715,48.49733667770419],[38.869715,48.497336],[38.869599,48.497171]]]}},{"type":"Feature","properties":{"cadnum":"4423656400:02:003:0056"},"geometry":{"type":"Polygon","coordinates":[[[38.909925,48.464366],[38.910302,48.464298],[38.910195,48.464053],[38.909843,48.464164],[38.909925,48.464366]]]}},{"type":"Feature","properties":{"cadnum":"4423656400:02:003:0054"},"geometry":{"type":"Polygon","coordinates":[[[38.910801,48.463711],[38.911052,48.463669],[38.910962,48.463408],[38.910692,48.46344],[38.910801,48.463711]]]}},{"type":"Feature","properties":{"cadnum":"4423656400:02:003:0053"},"geometry":{"type":"Polygon","coordinates":[[[38.910015,48.464053],[38.910258,48.463979],[38.910158,48.463711],[38.909898,48.463792],[38.910015,48.464053]]]}},{"type":"Feature","properties":{"cadnum":"4423656400:09:003:0199"},"geometry":{"type":"Polygon","coordinates":[[[38.913185,48.463934],[38.913415,48.463896],[38.913325,48.463649],[38.913262,48.463658],[38.913091,48.463687],[38.913185,48.463934]]]}},{"type":"Feature","properties":{"cadnum":"4423656400:09:003:0169"},"geometry":{"type":"Polygon","coordinates":[[[38.911833,48.463565],[38.912099,48.46353],[38.912031,48.463258],[38.911766,48.463294],[38.911833,48.463565]]]}},{"type":"Feature","properties":{"cadnum":"4423656400:09:003:0114"},"geometry":{"type":"Polygon","coordinates":[[[38.908178,48.465251],[38.908317,48.465227],[38.908267,48.465037],[38.908263,48.465007],[38.908218,48.465013],[38.908167,48.4650233030303],[38.908167,48.465023],[38.908119,48.465033],[38.907925,48.465064],[38.907952,48.46515],[38.907984,48.465284],[38.908167,48.465254],[38.908167,48.46525286338798],[38.908178,48.465251]]]}},{"type":"Feature","properties":{"cadnum":"4423656400:02:003:0055"},"geometry":{"type":"Polygon","coordinates":[[[38.912638,48.463428],[38.912902,48.46339],[38.912826,48.463124],[38.912562,48.463166],[38.912638,48.463428]]]}},{"type":"Feature","properties":{"cadnum":"4423656400:09:002:0149"},"geometry":{"type":"Polygon","coordinates":[[[38.908994,48.464941],[38.908994,48.464757],[38.908532,48.464775],[38.908537,48.464935],[38.908994,48.464941]]]}},{"type":"Feature","properties":{"cadnum":"4423656400:09:002:0042"},"geometry":{"type":"Polygon","coordinates":[[[38.909547,48.465037],[38.909866,48.465022],[38.910032,48.46498],[38.910023,48.464929],[38.910099,48.464881],[38.910065,48.464744],[38.90966,48.464783],[38.909462,48.464816],[38.909516,48.465033],[38.909547,48.465037]]]}},{"type":"Feature","properties":{"cadnum":"4423656400:09:002:0045"},"geometry":{"type":"Polygon","coordinates":[[[38.9089,48.464991],[38.909305,48.464968],[38.909314,48.464834],[38.909283,48.464724],[38.909017,48.464721],[38.909013,48.464753],[38.908887,48.464757],[38.9089,48.464991]]]}},{"type":"Feature","properties":{"cadnum":"4423656400:02:003:0059"},"geometry":{"type":"Polygon","coordinates":[[[38.91125,48.463362],[38.911604,48.463309],[38.911514,48.46302],[38.91116,48.463064],[38.91125,48.463362]]]}},{"type":"Feature","properties":{"cadnum":"4423656400:02:003:0058"},"geometry":{"type":"Polygon","coordinates":[[[38.908874,48.463896],[38.909134,48.46386],[38.909126,48.463714],[38.909116,48.463589],[38.908851,48.463636],[38.908874,48.463896]]]}},{"type":"Feature","properties":{"cadnum":"4423656400:09:003:0404"},"geometry":{"type":"Polygon","coordinates":[[[38.912099,48.46353],[38.912359,48.463488],[38.912287,48.46322],[38.912031,48.463258],[38.912099,48.46353]]]}},{"type":"Feature","properties":{"cadnum":"4423656400:09:002:0040"},"geometry":{"type":"Polygon","coordinates":[[[38.909507,48.464744],[38.909835,48.464685],[38.909782,48.464444],[38.90943,48.464497],[38.909507,48.464744]]]}},{"type":"Feature","properties":{"cadnum":"4423656400:09:002:0132"},"geometry":{"type":"Polygon","coordinates":[[[38.908537,48.464935],[38.908532,48.464775],[38.908074,48.464801],[38.908061,48.464959],[38.908167,48.464954],[38.908167,48.46495365546218],[38.908537,48.464935]]]}},{"type":"Feature","properties":{"cadnum":"4423656400:02:003:0057"},"geometry":{"type":"Polygon","coordinates":[[[38.908847,48.464227],[38.909111,48.464188],[38.909094,48.463916],[38.908833,48.463958],[38.908847,48.464227]]]}},{"type":"Feature","properties":{"cadnum":"4423656400:09:002:0127"},"geometry":{"type":"Polygon","coordinates":[[[38.908505,48.465609],[38.908904,48.465507],[38.908711,48.465265],[38.908447,48.465278],[38.908357,48.465302],[38.908505,48.465609]]]}},{"type":"Feature","properties":{"cadnum":"4423656400:09:003:0111"},"geometry":{"type":"Polygon","coordinates":[[[38.908097,48.463124],[38.908348,48.463121],[38.908394,48.463086],[38.908411,48.463038],[38.908415,48.46291],[38.908411,48.462845],[38.908111,48.462841],[38.908097,48.463124]]]}},{"type":"Feature","properties":{"cadnum":"4423656400:09:003:0405"},"geometry":{"type":"Polygon","coordinates":[[[38.912652,48.46255],[38.912908,48.462508],[38.912831,48.462245],[38.912562,48.462285],[38.912652,48.46255]]]}},{"type":"Feature","properties":{"cadnum":"4423656400:09:002:0123"},"geometry":{"type":"Polygon","coordinates":[[[38.909417,48.46537],[38.909166,48.465441],[38.90923774193549,48.46558],[38.909237,48.46558],[38.909246,48.465596],[38.909216,48.465647],[38.909099,48.465694],[38.90910045833333,48.465694],[38.909098,48.465695],[38.909143,48.465781],[38.909314,48.465742],[38.90956,48.465686],[38.909417,48.46537]]]}},{"type":"Feature","properties":{"cadnum":"4423656400:09:002:0151"},"geometry":{"type":"Polygon","coordinates":[[[38.912709,48.465567],[38.91263408474575,48.46558],[38.912633,48.46558],[38.912369,48.465626],[38.912393,48.465694],[38.91239337735849,48.465694],[38.912445,48.465838],[38.912795,48.465784],[38.912845,48.465769],[38.912776643979164,48.46566806806299],[38.912709,48.465567]]]}},{"type":"Feature","properties":{"cadnum":"4423656400:09:003:0412"},"geometry":{"type":"Polygon","coordinates":[[[38.911011,48.462815],[38.911038,48.462808],[38.911155,48.462782],[38.911258,48.462758],[38.911178,48.46249],[38.910917,48.462556],[38.910998,48.462785],[38.911011,48.462815]]]}},{"type":"Feature","properties":{"cadnum":"4423656400:09:003:0110"},"geometry":{"type":"Polygon","coordinates":[[[38.908271,48.463455],[38.908312,48.463362],[38.908331,48.46328],[38.908331,48.463232],[38.908312,48.463187],[38.90829,48.463172],[38.908042,48.463175],[38.908042,48.463458],[38.908167,48.463457],[38.908167,48.46345636244542],[38.908271,48.463455]]]}},{"type":"Feature","properties":{"cadnum":"4423656400:01:014:0020"},"geometry":{"type":"Polygon","coordinates":[[[38.902361,48.472884],[38.902491,48.472863],[38.902473,48.472788],[38.902396,48.472598],[38.902302,48.472383],[38.902231,48.472229],[38.902218,48.472196],[38.902172,48.472068],[38.902163,48.472032],[38.902073,48.472041],[38.902082,48.472074],[38.902033,48.472079],[38.902123,48.47233],[38.902361,48.472884]]]}},{"type":"Feature","properties":{"cadnum":"4423656400:01:013:0025"},"geometry":{"type":"Polygon","coordinates":[[[38.897608,48.472088],[38.89796,48.472065],[38.898143,48.472044],[38.898117,48.471951],[38.898044,48.471809],[38.898027,48.471814],[38.89795,48.471829],[38.897945,48.471821],[38.897488,48.471838],[38.8976,48.472077],[38.897608,48.472088]]]}},{"type":"Feature","properties":{"cadnum":"4423656400:01:015:0012"},"geometry":{"type":"Polygon","coordinates":[[[38.901233,48.471618],[38.901243,48.471567],[38.901266,48.47099],[38.900933,48.470984],[38.900968,48.471308],[38.900973,48.471564],[38.900987,48.471585],[38.901023,48.471612],[38.901233,48.471618]]]}},{"type":"Feature","properties":{"cadnum":"4423656400:01:015:0013"},"geometry":{"type":"Polygon","coordinates":[[[38.901266,48.47099],[38.901279,48.470754],[38.90091,48.470752],[38.900933,48.470984],[38.901266,48.47099]]]}},{"type":"Feature","properties":{"cadnum":"4423656400:01:015:0008"},"geometry":{"type":"Polygon","coordinates":[[[38.899203,48.471154],[38.899702,48.470692],[38.899751,48.470629],[38.899581,48.470558],[38.899572,48.470567],[38.899536,48.470549],[38.899356,48.470724],[38.899388,48.470739],[38.899063,48.471059],[38.899203,48.471154]]]}},{"type":"Feature","properties":{"cadnum":"4423656400:01:015:0021"},"geometry":{"type":"Polygon","coordinates":[[[38.899671,48.469214],[38.898939,48.469119],[38.89875,48.469161],[38.898736,48.469134],[38.898687,48.469141],[38.898624,48.469077],[38.897455,48.469072],[38.897468068181816,48.469222],[38.897468,48.469222],[38.89746870935958,48.469229359605606],[38.897478,48.469336],[38.89747898795181,48.469336],[38.897484,48.469388],[38.897807,48.469459],[38.897784,48.469631],[38.898063,48.469777],[38.899055,48.469543],[38.899379,48.469545],[38.899719,48.469631],[38.89968026159557,48.46930091651227],[38.899671,48.469214]]]}},{"type":"Feature","properties":{"cadnum":"4423656400:01:015:0030"},"geometry":{"type":"Polygon","coordinates":[[[38.89773,48.470156],[38.897941,48.470001],[38.89795,48.470004],[38.89809,48.4699],[38.897897,48.469783],[38.897865,48.469805],[38.897734,48.469733],[38.897407,48.469956],[38.89773,48.470156]]]}},{"type":"Feature","properties":{"cadnum":"4423656400:09:002:0065"},"geometry":{"type":"Polygon","coordinates":[[[38.919114,48.466201],[38.919011,48.465987],[38.918746,48.466049],[38.918841,48.466263],[38.918982,48.466230978021976],[38.918982,48.466231],[38.919114,48.466201]]]}},{"type":"Feature","properties":{"cadnum":"4423656400:09:002:0066"},"geometry":{"type":"Polygon","coordinates":[[[38.91937,48.466141],[38.91964,48.466079],[38.919546,48.465865],[38.919277,48.465927],[38.91937,48.466141]]]}},{"type":"Feature","properties":{"cadnum":"4423656400:09:002:0079"},"geometry":{"type":"Polygon","coordinates":[[[38.919407,48.465609],[38.919303,48.465397],[38.919038,48.465457],[38.919100649532716,48.46558],[38.9191,48.46558],[38.919147,48.465671],[38.919407,48.465609]]]}},{"type":"Feature","properties":{"cadnum":"4423656400:09:002:0051"},"geometry":{"type":"Polygon","coordinates":[[[38.919623,48.466603],[38.919896,48.466541],[38.919788,48.466329],[38.919514,48.466388],[38.919623,48.466603]]]}},{"type":"Feature","properties":{"cadnum":"4423656400:09:002:0052"},"geometry":{"type":"Polygon","coordinates":[[[38.919896,48.466541],[38.92016,48.466478],[38.920049,48.466267],[38.919788,48.466329],[38.919896,48.466541]]]}},{"type":"Feature","properties":{"cadnum":"4423656400:09:002:0073"},"geometry":{"type":"Polygon","coordinates":[[[38.920206,48.465468],[38.919936,48.465531],[38.91996245398773,48.46558],[38.919962,48.46558],[38.920053,48.465748],[38.920319,48.465689],[38.920206,48.465468]]]}},{"type":"Feature","properties":{"cadnum":"4423656400:09:002:0062"},"geometry":{"type":"Polygon","coordinates":[[[38.9203,48.466207],[38.920561,48.466144],[38.920569,48.466141],[38.920525,48.466055],[38.920543,48.466046],[38.920462,48.465936],[38.920443,48.465936],[38.920183,48.465993],[38.9203,48.466207]]]}},{"type":"Feature","properties":{"cadnum":"4423656400:09:002:0053"},"geometry":{"type":"Polygon","coordinates":[[[38.92016,48.466478],[38.920413,48.466419],[38.9203,48.466207],[38.920049,48.466267],[38.92016,48.466478]]]}},{"type":"Feature","properties":{"cadnum":"4423656400:09:002:0050"},"geometry":{"type":"Polygon","coordinates":[[[38.919357,48.466666],[38.919623,48.466603],[38.919514,48.466388],[38.91925,48.466451],[38.919357,48.466666]]]}},{"type":"Feature","properties":{"cadnum":"4423656400:09:002:0061"},"geometry":{"type":"Polygon","coordinates":[[[38.920049,48.466267],[38.9203,48.466207],[38.920183,48.465993],[38.919932,48.466052],[38.920049,48.466267]]]}},{"type":"Feature","properties":{"cadnum":"4423656400:09:002:0060"},"geometry":{"type":"Polygon","coordinates":[[[38.919788,48.466329],[38.920049,48.466267],[38.919932,48.466052],[38.919657,48.466121],[38.919788,48.466329]]]}},{"type":"Feature","properties":{"cadnum":"4423656400:09:002:0058"},"geometry":{"type":"Polygon","coordinates":[[[38.918982,48.466516514450866],[38.918982,48.466517],[38.91912096296238,48.46648277777792],[38.919153,48.466475],[38.919153,48.4664748880597],[38.91925,48.466451],[38.919132,48.46624],[38.918982,48.466276],[38.918982,48.466276380597016],[38.918864,48.466305],[38.91898,48.466517],[38.918982,48.466516514450866]]]}},{"type":"Feature","properties":{"cadnum":"4423656400:09:002:0054"},"geometry":{"type":"Polygon","coordinates":[[[38.920413,48.466419],[38.920669,48.466362],[38.920561,48.466144],[38.9203,48.466207],[38.920413,48.466419]]]}},{"type":"Feature","properties":{"cadnum":"4423656400:09:002:0072"},"geometry":{"type":"Polygon","coordinates":[[[38.919277,48.465927],[38.919173,48.465706],[38.918982,48.465751],[38.918982,48.46575114457831],[38.918904,48.465769],[38.919011,48.465987],[38.919153,48.465955],[38.919153,48.46595496992481],[38.919277,48.465927]]]}},{"type":"Feature","properties":{"cadnum":"4423656400:09:002:0059"},"geometry":{"type":"Polygon","coordinates":[[[38.919514,48.466388],[38.919788,48.466329],[38.919657,48.466121],[38.919397,48.466183],[38.919514,48.466388]]]}},{"type":"Feature","properties":{"cadnum":"4423656400:09:002:0067"},"geometry":{"type":"Polygon","coordinates":[[[38.91991,48.466013],[38.920166,48.465956],[38.920053,48.465748],[38.919797,48.465805],[38.91991,48.466013]]]}},{"type":"Feature","properties":{"cadnum":"4423656400:01:006:0021"},"geometry":{"type":"Polygon","coordinates":[[[38.905545,48.493691],[38.906098,48.493289],[38.906124,48.493272],[38.906044,48.493226],[38.906021,48.493245],[38.905945,48.4932],[38.90582,48.493298],[38.905352,48.493629],[38.905545,48.493691]]]}},{"type":"Feature","properties":{"cadnum":"4423656400:01:006:0012"},"geometry":{"type":"Polygon","coordinates":[[[38.90682,48.494292],[38.907086,48.494111],[38.907499,48.493927],[38.907306,48.49376],[38.906614,48.494096],[38.90682,48.494292]]]}},{"type":"Feature","properties":{"cadnum":"4423656400:01:003:0020"},"geometry":{"type":"Polygon","coordinates":[[[38.903627,48.494653],[38.903731,48.494593],[38.903677,48.494552],[38.904903,48.494137],[38.904885,48.494096],[38.903736,48.494459],[38.903694,48.494483],[38.903673,48.494465],[38.903587,48.494516],[38.90361,48.49453],[38.903528,48.494578],[38.903627,48.494653]]]}},{"type":"Feature","properties":{"cadnum":"4423656400:01:006:0019"},"geometry":{"type":"Polygon","coordinates":[[[38.905545,48.493691],[38.906098,48.493289],[38.906124,48.493272],[38.906044,48.493226],[38.906021,48.493245],[38.905945,48.4932],[38.90582,48.493298],[38.905352,48.493629],[38.905545,48.493691]]]}},{"type":"Feature","properties":{"cadnum":"4423656400:11:024:0001"},"geometry":{"type":"Polygon","coordinates":[[[38.86405,48.50880672519954],[38.86405,48.508808],[38.864192,48.508786],[38.864133,48.508572],[38.863931,48.508596],[38.863894,48.508456],[38.863217,48.508533],[38.863253,48.508676],[38.863315,48.508914],[38.86405,48.50880672519954]]]}},{"type":"Feature","properties":{"cadnum":"4423656400:01:002:0016"},"geometry":{"type":"Polygon","coordinates":[[[38.904302,48.501948],[38.904266,48.501938],[38.90378,48.502104],[38.903780124183,48.502104],[38.903663,48.502144],[38.903839,48.502379],[38.904463,48.502156],[38.904413,48.502087],[38.904302,48.501948]]]}},{"type":"Feature","properties":{"cadnum":"4423656400:01:002:0011"},"geometry":{"type":"Polygon","coordinates":[[[38.903317,48.503195],[38.903983,48.50282],[38.903816,48.502608],[38.90312,48.50301],[38.903317,48.503195]]]}},{"type":"Feature","properties":{"cadnum":"4423656400:01:002:0012"},"geometry":{"type":"Polygon","coordinates":[[[38.903304,48.502087],[38.903299,48.502104],[38.903299520958086,48.502104],[38.90326,48.502254],[38.903174,48.5024],[38.903025,48.502569],[38.90317,48.502665],[38.903677,48.502414],[38.90338,48.502034],[38.903304,48.502087]]]}},{"type":"Feature","properties":{"cadnum":"4423656400:01:002:0020"},"geometry":{"type":"Polygon","coordinates":[[[38.903098,48.502094],[38.903315,48.501991],[38.90331456410256,48.501991],[38.903344,48.501977],[38.903183,48.501778],[38.902639,48.502043],[38.902707,48.502104],[38.902707514492754,48.502104],[38.902949,48.502319],[38.902958,48.502313],[38.903151,48.502218],[38.903178,48.5022],[38.903105547169815,48.502104],[38.903106,48.502104],[38.903098,48.502094]]]}},{"type":"Feature","properties":{"cadnum":"4423656400:01:002:0021"},"geometry":{"type":"Polygon","coordinates":[[[38.902855,48.503722],[38.903493,48.503433],[38.903331,48.503245],[38.902662,48.503498],[38.902855,48.503722]]]}},{"type":"Feature","properties":{"cadnum":"4423656400:01:013:0006"},"geometry":{"type":"Polygon","coordinates":[[[38.90802684334767,48.47590448712445],[38.908167,48.475859],[38.908167,48.475858215311],[38.908204,48.475846],[38.908167,48.47579725396825],[38.908167,48.475797],[38.908141,48.475763],[38.906772,48.476222],[38.906637,48.476242],[38.906497,48.476281],[38.906574,48.476376],[38.907995,48.475914821720025],[38.907995,48.475915],[38.90802684334767,48.47590448712445]]]}},{"type":"Feature","properties":{"cadnum":"4423656400:01:001:0054"},"geometry":{"type":"Polygon","coordinates":[[[38.898719,48.500804],[38.898754,48.500772],[38.899199,48.500605],[38.89887,48.500409],[38.898646,48.500557],[38.898493,48.500674],[38.898719,48.500804]]]}},{"type":"Feature","properties":{"cadnum":"4423656400:01:001:0048"},"geometry":{"type":"Polygon","coordinates":[[[38.902674,48.501636],[38.902674,48.50163538181818],[38.902742,48.501602],[38.902674,48.50154561666666],[38.902674,48.501545],[38.902159,48.501117],[38.901916,48.501216],[38.902502,48.50169369636964],[38.902502,48.501694],[38.902522,48.50171],[38.902674,48.501636]]]}},{"type":"Feature","properties":{"cadnum":"4423656400:01:001:0038"},"geometry":{"type":"Polygon","coordinates":[[[38.897249,48.501444],[38.897209,48.501108],[38.897009,48.501262],[38.897009,48.501262044247795],[38.896729,48.501477],[38.896476,48.501558],[38.896566,48.501704],[38.897181,48.501471],[38.897181,48.50147006666666],[38.897249,48.501444]]]}},{"type":"Feature","properties":{"cadnum":"4423656400:01:001:0024"},"geometry":{"type":"Polygon","coordinates":[[[38.902105,48.500572],[38.902258,48.500451],[38.902033,48.50029],[38.901862,48.500406],[38.902105,48.500572]]]}},{"type":"Feature","properties":{"cadnum":"4423656400:01:001:0052"},"geometry":{"type":"Polygon","coordinates":[[[38.900555,48.499983],[38.900771,48.499846],[38.900205,48.49946],[38.900169,48.499474],[38.899958,48.499575],[38.900555,48.499983]]]}},{"type":"Feature","properties":{"cadnum":"4423656400:01:003:0034"},"geometry":{"type":"Polygon","coordinates":[[[38.901803,48.499081],[38.901979,48.498971],[38.901642,48.498775],[38.901306,48.49856],[38.901126,48.498704],[38.901467,48.498906],[38.901803,48.499081]]]}},{"type":"Feature","properties":{"cadnum":"4423656400:01:001:0025"},"geometry":{"type":"Polygon","coordinates":[[[38.902674,48.499654],[38.902674,48.499653825174825],[38.902774,48.499579],[38.902502,48.499418],[38.902502,48.499418135922326],[38.902365,48.499337],[38.902082,48.499176],[38.90192,48.499295],[38.902249,48.499474],[38.902631,48.499686],[38.902674,48.499654]]]}},{"type":"Feature","properties":{"cadnum":"4423656400:01:001:0023"},"geometry":{"type":"Polygon","coordinates":[[[38.901862,48.500406],[38.902033,48.50029],[38.901444,48.499867],[38.9013,48.499757],[38.901117,48.499885],[38.901862,48.500406]]]}},{"type":"Feature","properties":{"cadnum":"4423656400:01:001:0053"},"geometry":{"type":"Polygon","coordinates":[[[38.899145,48.501055],[38.899513,48.50079],[38.899199,48.500605],[38.898754,48.500772],[38.898719,48.500804],[38.899145,48.501055]]]}},{"type":"Feature","properties":{"cadnum":"4423656400:01:001:0017"},"geometry":{"type":"Polygon","coordinates":[[[38.899118,48.500201],[38.899203,48.500135],[38.899289,48.500076],[38.89901,48.499924],[38.898939,48.499888],[38.898772,48.499793],[38.89862,48.49993],[38.899118,48.500201]]]}},{"type":"Feature","properties":{"cadnum":"4423656400:01:024:0004"},"geometry":{"type":"Polygon","coordinates":[[[38.902502,48.46302273084112],[38.902502,48.463024],[38.902648,48.463017],[38.902639,48.462743],[38.902502,48.462743],[38.902495,48.462743],[38.902482,48.462726],[38.902455,48.462728],[38.902428,48.462728],[38.902432,48.462758],[38.902361,48.462764],[38.902356,48.462737],[38.902258,48.462746],[38.902199,48.462749],[38.902109,48.462758],[38.902109,48.462749],[38.901988,48.462758],[38.901948,48.462761],[38.90197,48.462889],[38.901996,48.462925],[38.902025,48.462955],[38.902113,48.463038],[38.902502,48.46302273084112]]]}},{"type":"Feature","properties":{"cadnum":"4423656400:09:002:0028"},"geometry":{"type":"Polygon","coordinates":[[[38.902927,48.462543],[38.9029,48.462329],[38.902502,48.46236],[38.902502,48.46236011864407],[38.901966,48.462401],[38.901988,48.462582],[38.902674,48.462554],[38.902674,48.46255371529411],[38.902927,48.462543]]]}},{"type":"Feature","properties":{"cadnum":"4423656400:09:002:0029"},"geometry":{"type":"Polygon","coordinates":[[[38.900677,48.462445],[38.900663,48.462296],[38.900568,48.462302],[38.900587,48.462445],[38.900677,48.462445]]]}},{"type":"Feature","properties":{"cadnum":"4423656400:01:024:0005"},"geometry":{"type":"Polygon","coordinates":[[[38.899971,48.462296],[38.900358,48.462287],[38.900348,48.46224],[38.900348,48.462174],[38.900371,48.46204],[38.899975,48.46204],[38.899971,48.462296]]]}},{"type":"Feature","properties":{"cadnum":"4423656400:09:002:0022"},"geometry":{"type":"Polygon","coordinates":[[[38.899562,48.464602],[38.900694,48.464572],[38.900753,48.46453],[38.901211,48.464188],[38.90166,48.463857],[38.901862,48.463592],[38.901786,48.463351],[38.901553,48.463154],[38.90091,48.463234],[38.900704,48.463136],[38.900398,48.463143],[38.900402,48.46268],[38.900348,48.462684],[38.900321,48.462561],[38.899904,48.462532],[38.899208,48.462719],[38.898817,48.46283],[38.898849,48.463771],[38.899553,48.464441],[38.899562,48.464602]]]}},{"type":"Feature","properties":{"cadnum":"4423656400:09:002:0031"},"geometry":{"type":"Polygon","coordinates":[[[38.900803,48.462639],[38.901369,48.462612],[38.901772,48.462591],[38.901772,48.462585],[38.901768,48.462552],[38.901772,48.462415],[38.901723,48.462419],[38.90161,48.462421],[38.901431,48.462428],[38.901363,48.462428],[38.901086,48.462437],[38.900771,48.462442],[38.900803,48.462639]]]}},{"type":"Feature","properties":{"cadnum":"4423656400:01:015:0019"},"geometry":{"type":"Polygon","coordinates":[[[38.898457,48.465543],[38.89833879220778,48.46558],[38.898338,48.46558],[38.898211,48.46562],[38.898264,48.465694],[38.89826484053156,48.465694],[38.89843,48.465921],[38.898673,48.465841],[38.898484,48.46558],[38.89848370860928,48.46558],[38.898457,48.465543]]]}},{"type":"Feature","properties":{"cadnum":"4423656400:09:002:0032"},"geometry":{"type":"Polygon","coordinates":[[[38.900761,48.462642],[38.900803,48.462639],[38.900771,48.462442],[38.900734,48.462442],[38.900761,48.462642]]]}},{"type":"Feature","properties":{"cadnum":"4423656400:09:002:0030"},"geometry":{"type":"Polygon","coordinates":[[[38.900677,48.462445],[38.900734,48.462442],[38.901086,48.462437],[38.901337,48.46243],[38.901409,48.462428],[38.90161,48.462421],[38.901723,48.462419],[38.901772,48.462415],[38.901736,48.462245],[38.901333,48.462258],[38.901063,48.462264],[38.900663,48.462296],[38.900677,48.462445]]]}},{"type":"Feature","properties":{"cadnum":"4423656400:06:003:0022"},"geometry":{"type":"Polygon","coordinates":[[[38.869472,48.469222],[38.869471852534566,48.469222],[38.869056,48.468902],[38.86871,48.468804],[38.868189,48.468777],[38.866864,48.46883],[38.865961,48.46892],[38.865768,48.469066],[38.865741,48.469197],[38.86574171942446,48.469222],[38.865741,48.469222],[38.865764,48.469977],[38.865791,48.470537],[38.866114,48.472532],[38.866213,48.472978],[38.86621351358344,48.472978],[38.866361,48.473637],[38.866433,48.474072],[38.867655,48.474783],[38.868382,48.474879],[38.868804,48.474712],[38.869715,48.473689],[38.869715,48.47368852375691],[38.87042551552858,48.47288929192476],[38.870519,48.472785],[38.870322,48.47261],[38.870206,48.471547],[38.870515,48.471359],[38.870865,48.471452],[38.871647,48.471469],[38.871844,48.471392],[38.87136,48.47096],[38.870695,48.470385],[38.869756,48.469441],[38.8696703103447,48.46937542528726],[38.869619351063825,48.469336],[38.86962,48.469336],[38.869499284210306,48.469243108771764],[38.869472,48.469222]]]}},{"type":"Feature","properties":{"cadnum":"4423656400:01:011:0007"},"geometry":{"type":"Polygon","coordinates":[[[38.907881,48.48139],[38.907881,48.481236],[38.907862,48.481236],[38.907862,48.481125],[38.907891,48.481125],[38.907899,48.481],[38.907778,48.481004],[38.907669,48.481028],[38.907199,48.481128],[38.907392,48.481307],[38.907441,48.481334],[38.907549,48.481366],[38.907881,48.48139]]]}},{"type":"Feature","properties":{"cadnum":"4423656400:01:011:0005"},"geometry":{"type":"Polygon","coordinates":[[[38.905442,48.483754],[38.90534,48.483902],[38.90534116,48.483902],[38.905231,48.484064],[38.905694,48.48421],[38.905874,48.483948],[38.90577100628931,48.483902],[38.905772,48.483902],[38.905442,48.483754]]]}},{"type":"Feature","properties":{"cadnum":"4423656400:01:018:0032"},"geometry":{"type":"Polygon","coordinates":[[[38.941236,48.500909],[38.941285,48.500731],[38.941127,48.500709],[38.941083,48.500879],[38.941236,48.500909]]]}},{"type":"Feature","properties":{"cadnum":"4423656400:01:018:0023"},"geometry":{"type":"Polygon","coordinates":[[[38.944438,48.501177],[38.944658,48.501159],[38.944609,48.500804],[38.944389,48.500813],[38.944402,48.50096],[38.944438,48.501177]]]}},{"type":"Feature","properties":{"cadnum":"4423656400:01:018:0031"},"geometry":{"type":"Polygon","coordinates":[[[38.941285,48.500731],[38.941572,48.499707],[38.941519,48.499701],[38.941536,48.499644],[38.94141,48.49963],[38.9412,48.500448],[38.941167,48.500563],[38.941127,48.500709],[38.941285,48.500731]]]}},{"type":"Feature","properties":{"cadnum":"4423656400:01:018:0006"},"geometry":{"type":"Polygon","coordinates":[[[38.94446,48.501236],[38.944605,48.501234],[38.944676,48.500444],[38.944685,48.500397],[38.944743,48.50012],[38.944618,48.5001],[38.94455,48.50037],[38.94446,48.501236]]]}},{"type":"Feature","properties":{"cadnum":"4423656400:01:018:0030"},"geometry":{"type":"Polygon","coordinates":[[[38.941126,48.500719],[38.941126,48.50071723809525],[38.941167,48.500563],[38.9412,48.500448],[38.94097,48.50042],[38.940858,48.500835],[38.940954,48.50085377333333],[38.940954,48.500854],[38.941083,48.500879],[38.941126,48.500719]]]}},{"type":"Feature","properties":{"cadnum":"4423656400:01:018:0029"},"geometry":{"type":"Polygon","coordinates":[[[38.94141,48.49963],[38.941257,48.499611],[38.941249,48.499656],[38.94119,48.499647],[38.940974,48.500397],[38.94097,48.50042],[38.941126,48.50044],[38.941126,48.50043899130434],[38.9412,48.500448],[38.94141,48.49963]]]}},{"type":"Feature","properties":{"cadnum":"4423656400:02:003:0092"},"geometry":{"type":"Polygon","coordinates":[[[38.889664,48.455964],[38.889775,48.455937],[38.889897,48.455907],[38.889825,48.455701],[38.889555,48.455752],[38.889574,48.455785],[38.889664,48.455964]]]}},{"type":"Feature","properties":{"cadnum":"4423656400:02:003:0066"},"geometry":{"type":"Polygon","coordinates":[[[38.886379,48.455838],[38.886299,48.455654],[38.886255,48.455496],[38.886096,48.455511],[38.886056,48.455564],[38.886096,48.45583],[38.886123,48.455871],[38.886146,48.455886],[38.886194,48.455877],[38.886194,48.45587611158798],[38.886379,48.455838]]]}},{"type":"Feature","properties":{"cadnum":"4423656400:02:003:0079"},"geometry":{"type":"Polygon","coordinates":[[[38.888545,48.455213],[38.889205,48.455094],[38.889142,48.454942],[38.888553,48.45507],[38.888545,48.455121],[38.888536,48.455189],[38.888545,48.455213]]]}},{"type":"Feature","properties":{"cadnum":"4423656400:02:003:0078"},"geometry":{"type":"Polygon","coordinates":[[[38.888698,48.455517],[38.889285,48.455416],[38.889245,48.455261],[38.888589,48.455356],[38.888608,48.455416],[38.888698,48.455517]]]}},{"type":"Feature","properties":{"cadnum":"4423656400:02:003:0107"},"geometry":{"type":"Polygon","coordinates":[[[38.886479,48.45754],[38.886834,48.457495],[38.886748,48.457284],[38.886599,48.457304],[38.886595,48.457284],[38.886542,48.457289],[38.886551,48.45731],[38.886406,48.457337],[38.886479,48.45754]],[[38.886627,48.457421],[38.886618,48.457403],[38.886645,48.457397],[38.886654,48.457414],[38.886627,48.457421]]]}},{"type":"Feature","properties":{"cadnum":"4423656400:02:003:0065"},"geometry":{"type":"Polygon","coordinates":[[[38.888096,48.455469],[38.888473,48.455407],[38.888505,48.455395],[38.888518,48.45538],[38.888522,48.455365],[38.888589,48.455356],[38.888545,48.455213],[38.888536,48.455189],[38.887997,48.455279],[38.888006,48.455312],[38.888096,48.455469]]]}},{"type":"Feature","properties":{"cadnum":"4423656400:02:003:0091"},"geometry":{"type":"Polygon","coordinates":[[[38.889884,48.45622],[38.890041,48.456214],[38.89014,48.456202],[38.889982,48.455884],[38.889897,48.455907],[38.889775,48.455937],[38.889884,48.45622]]]}},{"type":"Feature","properties":{"cadnum":"4423656400:02:003:0108"},"geometry":{"type":"Polygon","coordinates":[[[38.888446,48.456637],[38.888612,48.456602],[38.888595,48.456554],[38.888423,48.456172],[38.888257,48.456208],[38.888325,48.456321],[38.888446,48.456637]]]}},{"type":"Feature","properties":{"cadnum":"4423656400:02:003:0077"},"geometry":{"type":"Polygon","coordinates":[[[38.888981,48.455818],[38.889385,48.455725],[38.889367,48.455657],[38.889331,48.455568],[38.888935,48.45566],[38.888949,48.455785],[38.888981,48.455818]]]}},{"type":"Feature","properties":{"cadnum":"4423656400:02:003:0095"},"geometry":{"type":"Polygon","coordinates":[[[38.888429,48.457066],[38.888626,48.457028],[38.888603,48.456941],[38.888536,48.456699],[38.888329,48.456735],[38.888429,48.457066]]]}},{"type":"Feature","properties":{"cadnum":"4423656400:02:003:0080"},"geometry":{"type":"Polygon","coordinates":[[[38.88849,48.455085],[38.888553,48.45507],[38.889142,48.454942],[38.889111,48.454853],[38.88863,48.454913],[38.888652,48.454954],[38.888496,48.455001],[38.88849,48.455085]]]}},{"type":"Feature","properties":{"cadnum":"4423656400:02:003:0075"},"geometry":{"type":"Polygon","coordinates":[[[38.888985,48.456288],[38.889402,48.456247],[38.889326,48.456021],[38.889052,48.456092],[38.889029,48.456095],[38.888931,48.45611],[38.888985,48.456288]]]}},{"type":"Feature","properties":{"cadnum":"4423656400:02:003:0076"},"geometry":{"type":"Polygon","coordinates":[[[38.888549,48.456256],[38.888868,48.456202],[38.888788,48.455952],[38.88876,48.455922],[38.888729,48.455916],[38.888347,48.455982],[38.888392,48.456041],[38.888446,48.456059],[38.888549,48.456256]]]}},{"type":"Feature","properties":{"cadnum":"4423656400:02:003:0087"},"geometry":{"type":"Polygon","coordinates":[[[38.889394,48.455564],[38.889744,48.455514],[38.889721,48.455347],[38.889349,48.455404],[38.889394,48.455564]]]}},{"type":"Feature","properties":{"cadnum":"4423656400:02:003:0106"},"geometry":{"type":"Polygon","coordinates":[[[38.888773,48.45656],[38.888899,48.456527],[38.888926,48.456497],[38.888931,48.456456],[38.888868,48.456202],[38.888635,48.456244],[38.888773,48.45656]]]}},{"type":"Feature","properties":{"cadnum":"4423656400:02:003:0111"},"geometry":{"type":"Polygon","coordinates":[[[38.889807,48.455684],[38.89005,48.455645],[38.889937,48.45535],[38.889721,48.455347],[38.889744,48.455514],[38.889807,48.455684]]]}},{"type":"Feature","properties":{"cadnum":"4423656400:08:008:0001"},"geometry":{"type":"Polygon","coordinates":[[[38.934632,48.501435],[38.934624,48.498739],[38.934584,48.49856],[38.934498,48.49856],[38.934542,48.498739],[38.934552,48.501435],[38.934632,48.501435]]]}},{"type":"Feature","properties":{"cadnum":"4423656400:08:001:0031"},"geometry":{"type":"Polygon","coordinates":[[[38.930111119866424,48.50025425733411],[38.93014,48.500236],[38.93014,48.50023594638695],[38.930397,48.500073],[38.929968,48.49997],[38.929968,48.499970323962515],[38.928646,48.49965],[38.927864,48.499626],[38.927451,48.499692],[38.926732,48.499844],[38.928642,48.501183],[38.929968,48.500344734312414],[38.929968,48.500345],[38.930111119866424,48.50025425733411]]]}},{"type":"Feature","properties":{"cadnum":"4423656400:08:001:0033"},"geometry":{"type":"Polygon","coordinates":[[[38.93010933668329,48.501007429145815],[38.93014,48.500988],[38.93014,48.50098777959184],[38.930213,48.500941],[38.93014,48.50089511428571],[38.93014,48.500895],[38.929917,48.500754],[38.928322,48.501781],[38.927764,48.502104],[38.92776578124999,48.502104],[38.92741,48.502311],[38.926674,48.502656],[38.926265,48.502826],[38.926063,48.502912],[38.926346,48.503129],[38.926359,48.503191],[38.926315,48.503197],[38.926315,48.503204],[38.926288,48.503206],[38.926288,48.5032],[38.926269,48.503204],[38.926252,48.50312],[38.925717,48.503301],[38.925371,48.503453],[38.925474,48.503635],[38.925533,48.503757],[38.925523,48.503974],[38.92555,48.503974],[38.925619,48.503969],[38.926516,48.503998],[38.926422,48.503507],[38.927559,48.502665],[38.928589,48.501991],[38.92858877968339,48.501991],[38.929575,48.501346],[38.929968,48.50109698407079],[38.929968,48.501098],[38.93010933668329,48.501007429145815]],[[38.926059,48.503257],[38.926026,48.503257],[38.926032,48.503239],[38.926059,48.503239],[38.926059,48.503257]]]}},{"type":"Feature","properties":{"cadnum":"4423656400:09:003:0048"},"geometry":{"type":"Polygon","coordinates":[[[38.917349,48.453879],[38.917682,48.453825],[38.917655,48.453754],[38.917606,48.453619],[38.917277,48.453674],[38.917349,48.453879]]]}},{"type":"Feature","properties":{"cadnum":"4423656400:09:003:0045"},"geometry":{"type":"Polygon","coordinates":[[[38.915988,48.454314],[38.916275,48.454263],[38.916204,48.454063],[38.915912,48.454114],[38.915988,48.454314]]]}},{"type":"Feature","properties":{"cadnum":"4423656400:09:003:0151"},"geometry":{"type":"Polygon","coordinates":[[[38.91469,48.454186],[38.914977,48.454132],[38.914942,48.453935],[38.914659,48.453965],[38.91469,48.454186]]]}},{"type":"Feature","properties":{"cadnum":"4423656400:09:003:0050"},"geometry":{"type":"Polygon","coordinates":[[[38.915336,48.454182],[38.915872,48.45412],[38.915808,48.453926],[38.915642,48.453962],[38.915382,48.454016],[38.915269,48.454043],[38.915336,48.454182]]]}},{"type":"Feature","properties":{"cadnum":"4423656400:09:003:0409"},"geometry":{"type":"Polygon","coordinates":[[[38.916505,48.453179],[38.916568,48.453107],[38.91664,48.453078],[38.916657,48.453069],[38.916694,48.453042],[38.916724,48.452997],[38.91677,48.452917],[38.916747,48.452875],[38.916716,48.452821],[38.916365,48.452895],[38.916407,48.453],[38.91642,48.453027],[38.916505,48.453179]]]}},{"type":"Feature","properties":{"cadnum":"4423656400:09:003:0047"},"geometry":{"type":"Polygon","coordinates":[[[38.916568,48.454215],[38.91686,48.45418],[38.916783,48.453977],[38.916703,48.453762],[38.91642,48.453811],[38.916496,48.454016],[38.916568,48.454215]]]}},{"type":"Feature","properties":{"cadnum":"4423656400:09:003:0049"},"geometry":{"type":"Polygon","coordinates":[[[38.915872,48.45412],[38.915912,48.454114],[38.916204,48.454063],[38.916128,48.453858],[38.915808,48.453926],[38.915872,48.45412]]]}},{"type":"Feature","properties":{"cadnum":"4423656400:09:003:0065"},"geometry":{"type":"Polygon","coordinates":[[[38.915916,48.45336],[38.916195,48.453298],[38.916101,48.453095],[38.915818,48.453155],[38.915916,48.45336]]]}},{"type":"Feature","properties":{"cadnum":"4423656400:09:003:0046"},"geometry":{"type":"Polygon","coordinates":[[[38.916275,48.454263],[38.916568,48.454215],[38.916496,48.454016],[38.91642,48.453811],[38.916128,48.453858],[38.916204,48.454063],[38.916275,48.454263]]]}},{"type":"Feature","properties":{"cadnum":"4423656400:02:003:0129"},"geometry":{"type":"Polygon","coordinates":[[[38.871418,48.453345],[38.869747,48.453617],[38.87012,48.454766],[38.87012118716577,48.454766],[38.870206,48.455026],[38.870506,48.455392],[38.870961,48.455288],[38.871651,48.455186],[38.87185,48.455189],[38.871976,48.455222],[38.872043,48.455249],[38.871846,48.454652],[38.87184569528501,48.454652],[38.871418,48.453345]]]}},{"type":"Feature","properties":{"cadnum":"4423656400:02:003:0126"},"geometry":{"type":"Polygon","coordinates":[[[38.872577,48.452338],[38.872793,48.452985],[38.873377,48.453771],[38.87375,48.454147],[38.87410488691438,48.454652],[38.874104,48.454652],[38.874284,48.454906],[38.874517,48.454972],[38.874953,48.455079],[38.875036,48.45510503921569],[38.875036,48.455106],[38.875429,48.455228],[38.87528141666667,48.454766],[38.875282,48.454766],[38.87514984042526,48.4543512553183],[38.874427,48.45208],[38.872577,48.452338]]]}},{"type":"Feature","properties":{"cadnum":"4423656400:02:003:0130"},"geometry":{"type":"Polygon","coordinates":[[[38.875208,48.45453377235773],[38.87524567357513,48.454652],[38.875245,48.454652],[38.875429,48.455228],[38.875825,48.455353],[38.875946,48.45535],[38.876574,48.455234],[38.877226,48.455085],[38.877752,48.454999],[38.877641,48.454652],[38.87764084441489,48.454652],[38.876723,48.451758],[38.875208,48.451970836395965],[38.875208,48.45197],[38.874427,48.45208],[38.875036,48.45399355441742],[38.875036,48.453994],[38.875149840425294,48.45435125531839],[38.875208,48.454534],[38.875208,48.45453377235773]]]}},{"type":"Feature","properties":{"cadnum":"4423656400:02:003:0135"},"geometry":{"type":"Polygon","coordinates":[[[38.873777,48.448677],[38.87219,48.449044],[38.871859,48.449115],[38.872555167768176,48.451009],[38.872555,48.451009],[38.872582,48.451082],[38.872959,48.452118],[38.874899,48.451751],[38.87466878975741,48.451123],[38.874669,48.451123],[38.873777,48.448677]]]}},{"type":"Feature","properties":{"cadnum":"4423656400:02:003:0127"},"geometry":{"type":"Polygon","coordinates":[[[38.873102,48.454436],[38.87268,48.453765],[38.872528,48.453495],[38.872397,48.453184],[38.871418,48.453345],[38.871883,48.454766],[38.87188361809045,48.454766],[38.872043,48.455249],[38.872326,48.455356],[38.872506,48.455401],[38.872703,48.455431],[38.872873,48.455421],[38.873565,48.455288],[38.873274607143465,48.454754214286844],[38.873102,48.454436]]]}},{"type":"Feature","properties":{"cadnum":"4423656400:02:003:0029"},"geometry":{"type":"Polygon","coordinates":[[[38.903977,48.459136],[38.904482,48.459041],[38.904549,48.459026],[38.904233,48.458904],[38.904157,48.458937],[38.903929,48.459032],[38.903977,48.459136]]]}},{"type":"Feature","properties":{"cadnum":"4423656400:02:003:0030"},"geometry":{"type":"Polygon","coordinates":[[[38.90404,48.459285],[38.904543,48.459183],[38.904482,48.459041],[38.903977,48.459136],[38.90404,48.459285]]]}},{"type":"Feature","properties":{"cadnum":"4423656400:02:003:0037"},"geometry":{"type":"Polygon","coordinates":[[[38.903084,48.459353],[38.90361,48.459255],[38.903583,48.459181],[38.90356,48.459118],[38.903025,48.459216],[38.903084,48.459353]]]}},{"type":"Feature","properties":{"cadnum":"4423656400:02:003:0028"},"geometry":{"type":"Polygon","coordinates":[[[38.903461,48.458856],[38.903861,48.458803],[38.903906,48.458797],[38.903776,48.458514],[38.903493,48.458558],[38.903524,48.458651],[38.903385,48.458668],[38.903403,48.458713],[38.903461,48.458856]]]}},{"type":"Feature","properties":{"cadnum":"4423656400:02:003:0034"},"geometry":{"type":"Polygon","coordinates":[[[38.902859,48.458823],[38.903403,48.458713],[38.903385,48.458668],[38.903524,48.458651],[38.903493,48.458558],[38.903461,48.458552],[38.903008,48.45863],[38.902922,48.45862],[38.902841,48.458588],[38.902761,48.4586],[38.902859,48.458823]]]}},{"type":"Feature","properties":{"cadnum":"4423656400:09:003:0131"},"geometry":{"type":"Polygon","coordinates":[[[38.9074,48.459384],[38.907562,48.459353],[38.907585,48.459023],[38.907539,48.458964],[38.907512,48.458996],[38.907351,48.459035],[38.907288,48.459055],[38.907216,48.459079],[38.907149,48.459106],[38.907203,48.459169],[38.907235,48.459202],[38.907396,48.459375],[38.9074,48.459384]]]}},{"type":"Feature","properties":{"cadnum":"4423656400:02:003:0031"},"geometry":{"type":"Polygon","coordinates":[[[38.904109,48.459431],[38.904625,48.459333],[38.904557,48.459181],[38.904543,48.459183],[38.90404,48.459285],[38.904109,48.459431]]]}},{"type":"Feature","properties":{"cadnum":"4423656400:09:003:0132"},"geometry":{"type":"Polygon","coordinates":[[[38.907117,48.459121],[38.907149,48.459106],[38.907216,48.459079],[38.907292,48.459055],[38.907351,48.459035],[38.907325,48.458999],[38.907122,48.458734],[38.907032,48.458764],[38.906979,48.458781],[38.906866,48.458821],[38.906772,48.458853],[38.907117,48.459121]],[[38.906933,48.458913],[38.906916,48.458898],[38.906937,48.458889],[38.906956,48.458904],[38.906933,48.458913]]]}},{"type":"Feature","properties":{"cadnum":"4423656400:02:003:0038"},"geometry":{"type":"Polygon","coordinates":[[[38.903138,48.459485],[38.903663,48.459408],[38.90361,48.459255],[38.903084,48.459353],[38.903138,48.459485]]]}},{"type":"Feature","properties":{"cadnum":"4423656400:09:003:0130"},"geometry":{"type":"Polygon","coordinates":[[[38.90798,48.459711],[38.908002,48.45949],[38.907854,48.459434],[38.907791,48.459413],[38.907711,48.459386],[38.907643,48.459371],[38.907575,48.459357],[38.907562,48.459353],[38.9074,48.459384],[38.907329,48.459413],[38.907346,48.459437],[38.907459,48.459559],[38.907436,48.459571],[38.907495,48.459618],[38.907575,48.459577],[38.907638,48.45964],[38.90798,48.459711]],[[38.907463,48.459476],[38.907449,48.459461],[38.907463,48.459452],[38.907472,48.459449],[38.907486,48.459464],[38.907476,48.459467],[38.907463,48.459476]]]}},{"type":"Feature","properties":{"cadnum":"4423656400:02:003:0036"},"geometry":{"type":"Polygon","coordinates":[[[38.903025,48.459216],[38.90356,48.459118],[38.903511,48.458987],[38.902971,48.459088],[38.903025,48.459216]]]}},{"type":"Feature","properties":{"cadnum":"4423656400:02:003:0032"},"geometry":{"type":"Polygon","coordinates":[[[38.903929,48.459032],[38.904157,48.458937],[38.903969,48.458818],[38.903883,48.458927],[38.903929,48.459032]]]}},{"type":"Feature","properties":{"cadnum":"4423656400:09:002:0157"},"geometry":{"type":"Polygon","coordinates":[[[38.907216,48.460149],[38.907203,48.460101],[38.907153,48.460009],[38.907117,48.459953],[38.907086,48.459922],[38.907,48.459938],[38.90678,48.459949],[38.906633,48.459953],[38.906623,48.459967],[38.9066,48.460075],[38.907086,48.460137],[38.907216,48.460149]]]}},{"type":"Feature","properties":{"cadnum":"4423656400:02:003:0026"},"geometry":{"type":"Polygon","coordinates":[[[38.903583,48.459181],[38.90392,48.459134],[38.903834,48.458958],[38.903511,48.458987],[38.90356,48.459118],[38.903583,48.459181]]]}},{"type":"Feature","properties":{"cadnum":"4423656400:02:003:0035"},"geometry":{"type":"Polygon","coordinates":[[[38.902918,48.45896],[38.903461,48.458856],[38.903403,48.458713],[38.902859,48.458823],[38.902918,48.45896]]]}},{"type":"Feature","properties":{"cadnum":"4423656400:01:024:0003"},"geometry":{"type":"Polygon","coordinates":[[[38.902694,48.458836],[38.902674,48.45878199999999],[38.902674,48.458781],[38.902644,48.458701],[38.902109,48.458799],[38.902159,48.458934],[38.902674,48.45884],[38.902674,48.45883964583333],[38.902694,48.458836]]]}},{"type":"Feature","properties":{"cadnum":"4423656400:02:003:0024"},"geometry":{"type":"Polygon","coordinates":[[[38.902652380403005,48.46035176945251],[38.902674,48.460349],[38.902674,48.46034886098654],[38.902725,48.460342],[38.902688,48.460209],[38.902674,48.46016986363636],[38.902674,48.460168],[38.902644,48.460086],[38.9021,48.460149],[38.902145,48.460277],[38.90219,48.460411],[38.902502,48.460371033057854],[38.902502,48.460372],[38.902652380403005,48.46035176945251]]]}},{"type":"Feature","properties":{"cadnum":"4423656400:02:003:0023"},"geometry":{"type":"Polygon","coordinates":[[[38.902545,48.45981],[38.902545,48.459803],[38.902025,48.459878],[38.902015,48.459914],[38.902051,48.460018],[38.902595,48.459953],[38.902545,48.45981]]]}},{"type":"Feature","properties":{"cadnum":"4423656400:02:003:0039"},"geometry":{"type":"Polygon","coordinates":[[[38.903124,48.459881],[38.903075,48.459761],[38.90303,48.459753],[38.902545,48.45981],[38.902595,48.459953],[38.903124,48.459881]]]}},{"type":"Feature","properties":{"cadnum":"4423656400:02:003:0027"},"geometry":{"type":"Polygon","coordinates":[[[38.903511,48.458987],[38.903834,48.458958],[38.903861,48.458803],[38.903461,48.458856],[38.903511,48.458987]]]}},{"type":"Feature","properties":{"cadnum":"4423656400:02:003:0033"},"geometry":{"type":"Polygon","coordinates":[[[38.902644,48.458701],[38.902581,48.458582],[38.902051,48.45868],[38.9021,48.458803],[38.902369,48.458752],[38.902502,48.45872733454545],[38.902502,48.458728],[38.902644,48.458701]]]}},{"type":"Feature","properties":{"cadnum":"4423656400:09:003:0133"},"geometry":{"type":"Polygon","coordinates":[[[38.907351,48.459035],[38.907512,48.458996],[38.907539,48.458964],[38.907476,48.45888],[38.907319,48.458668],[38.907207,48.458704],[38.907172,48.458717],[38.907122,48.458734],[38.907325,48.458999],[38.907351,48.459035]]]}},{"type":"Feature","properties":{"cadnum":"4423656400:02:003:0060"},"geometry":{"type":"Polygon","coordinates":[[[38.903604,48.459327],[38.903977,48.459273],[38.90392,48.459134],[38.90357,48.459181],[38.903604,48.459327]]]}},{"type":"Feature","properties":{"cadnum":"4423656400:09:002:0034"},"geometry":{"type":"Polygon","coordinates":[[[38.902958,48.461079],[38.903488,48.461022],[38.903444,48.460887],[38.902914,48.460959],[38.902958,48.461079]]]}},{"type":"Feature","properties":{"cadnum":"4423656400:02:003:0025"},"geometry":{"type":"Polygon","coordinates":[[[38.9025325052631,48.460503800000005],[38.902674,48.460485],[38.902674,48.46048431884058],[38.902778,48.46047],[38.902725,48.460342],[38.902652380403005,48.46035176945251],[38.90219,48.460411],[38.902245,48.460542],[38.902502,48.46050785314685],[38.902502,48.460508],[38.9025325052631,48.460503800000005]]]}},{"type":"Feature","properties":{"cadnum":"4423656400:09:002:0131"},"geometry":{"type":"Polygon","coordinates":[[[38.906843,48.460709],[38.906862,48.460461],[38.90657,48.460465],[38.906551,48.460703],[38.906551,48.460706],[38.906843,48.460709]]]}},{"type":"Feature","properties":{"cadnum":"4423656400:09:003:0101"},"geometry":{"type":"Polygon","coordinates":[[[38.907252,48.461903],[38.907566,48.461891],[38.907526,48.461605],[38.90727,48.461623],[38.907252,48.461903]]]}},{"type":"Feature","properties":{"cadnum":"4423656400:09:003:0100"},"geometry":{"type":"Polygon","coordinates":[[[38.90701,48.461912],[38.907252,48.461903],[38.90727,48.461623],[38.906992,48.461642],[38.906992,48.46165],[38.90701,48.461912]]]}},{"type":"Feature","properties":{"cadnum":"4423656400:09:002:0155"},"geometry":{"type":"Polygon","coordinates":[[[38.907103,48.46168],[38.907338,48.461653],[38.907266,48.461364],[38.907036,48.461373],[38.907103,48.46168]]]}},{"type":"Feature","properties":{"cadnum":"4423656400:09:003:0098"},"geometry":{"type":"Polygon","coordinates":[[[38.906736,48.461963],[38.906741,48.462052],[38.90674136524823,48.462052],[38.906753,48.462245],[38.907027,48.46224],[38.907014,48.461957],[38.906736,48.461963]]]}},{"type":"Feature","properties":{"cadnum":"4423656400:09:003:0096"},"geometry":{"type":"Polygon","coordinates":[[[38.905847,48.461957],[38.906161,48.461945],[38.906147,48.461704],[38.9059,48.461722],[38.905847,48.461957]]]}},{"type":"Feature","properties":{"cadnum":"4423656400:09:003:0102"},"geometry":{"type":"Polygon","coordinates":[[[38.907566,48.461891],[38.907925,48.461883],[38.907782,48.461594],[38.907526,48.461605],[38.907566,48.461891]]]}},{"type":"Feature","properties":{"cadnum":"4423656400:09:002:0110"},"geometry":{"type":"Polygon","coordinates":[[[38.90626,48.461042],[38.906511,48.461039],[38.906543,48.460739],[38.906309,48.460726],[38.90626,48.461042]]]}},{"type":"Feature","properties":{"cadnum":"4423656400:09:003:0099"},"geometry":{"type":"Polygon","coordinates":[[[38.907292,48.46196],[38.907014,48.461957],[38.907018,48.462052],[38.9070183639576,48.462052],[38.907027,48.46224],[38.907306,48.462228],[38.90729680597015,48.462052],[38.907297,48.462052],[38.907292,48.46196]]]}},{"type":"Feature","properties":{"cadnum":"4423656400:09:002:0136"},"geometry":{"type":"Polygon","coordinates":[[[38.906883,48.461329],[38.907172,48.46132],[38.907158,48.461051],[38.907042,48.461055],[38.906853,48.46106],[38.906883,48.461329]]]}},{"type":"Feature","properties":{"cadnum":"4423656400:09:002:0111"},"geometry":{"type":"Polygon","coordinates":[[[38.90626,48.461042],[38.906309,48.460726],[38.906107,48.460718],[38.906031,48.460786],[38.905945,48.461024],[38.90626,48.461042]]]}},{"type":"Feature","properties":{"cadnum":"4423656400:09:002:0108"},"geometry":{"type":"Polygon","coordinates":[[[38.920309,48.464822],[38.920502,48.464775],[38.920413,48.464506],[38.92017,48.464441],[38.920309,48.464822]]]}},{"type":"Feature","properties":{"cadnum":"4423656400:09:002:0096"},"geometry":{"type":"Polygon","coordinates":[[[38.91924,48.464881],[38.919541,48.464816],[38.919447,48.464593],[38.919128,48.46467],[38.91924,48.464881]]]}},{"type":"Feature","properties":{"cadnum":"4423656400:09:002:0105"},"geometry":{"type":"Polygon","coordinates":[[[38.919523,48.464534],[38.919721,48.464488],[38.91999,48.464432],[38.919977,48.464397],[38.919739,48.464333],[38.919527,48.464295],[38.919407,48.464298],[38.919523,48.464534]]]}},{"type":"Feature","properties":{"cadnum":"4423656400:09:002:0106"},"geometry":{"type":"Polygon","coordinates":[[[38.920003,48.46492],[38.920147,48.46489],[38.920139,48.464863],[38.920009,48.464474],[38.91982,48.464515],[38.919837,48.464536],[38.919977,48.464905],[38.920003,48.46492]]]}},{"type":"Feature","properties":{"cadnum":"4423656400:09:002:0095"},"geometry":{"type":"Polygon","coordinates":[[[38.919231,48.464885],[38.91924,48.464881],[38.919128,48.46467],[38.918791,48.46475],[38.918898,48.464962],[38.918982,48.46494256470588],[38.918982,48.464943],[38.919231,48.464885]]]}},{"type":"Feature","properties":{"cadnum":"4423656400:09:002:0021"},"geometry":{"type":"Polygon","coordinates":[[[38.920718,48.463979],[38.920736,48.463711],[38.920462,48.463711],[38.920443,48.463979],[38.920718,48.463979]]]}},{"type":"Feature","properties":{"cadnum":"4423656400:09:002:0091"},"geometry":{"type":"Polygon","coordinates":[[[38.919344,48.465072],[38.919623,48.465],[38.919541,48.464816],[38.91924,48.464881],[38.919231,48.464885],[38.919344,48.465072]]]}},{"type":"Feature","properties":{"cadnum":"4423656400:09:002:0107"},"geometry":{"type":"Polygon","coordinates":[[[38.920139,48.464863],[38.920309,48.464822],[38.92017,48.464441],[38.920009,48.464474],[38.920139,48.464863]]]}},{"type":"Feature","properties":{"cadnum":"4423656400:09:002:0087"},"geometry":{"type":"Polygon","coordinates":[[[38.919806,48.465275],[38.920067,48.465212],[38.91994,48.464971],[38.91968,48.46504],[38.919806,48.465275]]]}},{"type":"Feature","properties":{"cadnum":"4423656400:09:002:0080"},"geometry":{"type":"Polygon","coordinates":[[[38.919923,48.465489],[38.920183,48.46543],[38.920067,48.465212],[38.919806,48.465275],[38.919923,48.465489]]]}},{"type":"Feature","properties":{"cadnum":"4423656400:09:002:0104"},"geometry":{"type":"Polygon","coordinates":[[[38.918957,48.464295],[38.919124,48.464629],[38.919298,48.464587],[38.919124,48.464256],[38.918957,48.464295]]]}},{"type":"Feature","properties":{"cadnum":"4423656400:09:002:0085"},"geometry":{"type":"Polygon","coordinates":[[[38.919303,48.465397],[38.91955,48.465337],[38.919434,48.465105],[38.919177,48.46517],[38.919303,48.465397]]]}},{"type":"Feature","properties":{"cadnum":"4423656400:09:002:0086"},"geometry":{"type":"Polygon","coordinates":[[[38.91955,48.465337],[38.919806,48.465275],[38.91968,48.46504],[38.919434,48.465105],[38.91955,48.465337]]]}},{"type":"Feature","properties":{"cadnum":"4423656400:09:002:0103"},"geometry":{"type":"Polygon","coordinates":[[[38.918982,48.46466304678363],[38.918982,48.464664],[38.919124,48.464629],[38.918982,48.464344],[38.918982,48.464345],[38.918957,48.464295],[38.918787,48.464333],[38.918953,48.46467],[38.918982,48.46466304678363]]]}},{"type":"Feature","properties":{"cadnum":"4423656400:09:002:0092"},"geometry":{"type":"Polygon","coordinates":[[[38.919627,48.465004],[38.919932,48.464927],[38.919856,48.464742],[38.919541,48.464816],[38.919623,48.465],[38.919627,48.465004]]]}},{"type":"Feature","properties":{"cadnum":"4423656400:09:002:0158"},"geometry":{"type":"Polygon","coordinates":[[[38.921858,48.464566],[38.921472,48.46414],[38.921176,48.464256],[38.921441,48.464551],[38.921858,48.464566]]]}},{"type":"Feature","properties":{"cadnum":"4423656400:08:001:0004"},"geometry":{"type":"Polygon","coordinates":[[[38.940498,48.513276],[38.94058,48.513246],[38.940548,48.513211],[38.940467,48.513241],[38.940498,48.513276]]]}},{"type":"Feature","properties":{"cadnum":"4423656400:01:028:0001"},"geometry":{"type":"Polygon","coordinates":[[[38.941672,48.515749],[38.941878,48.515594],[38.942093,48.515433],[38.942327,48.515266],[38.942408,48.515204],[38.942551,48.515145],[38.943018,48.514942],[38.944546,48.514282],[38.944213,48.513907],[38.943783,48.513419],[38.943387,48.513464],[38.943144,48.51346],[38.942884,48.513482],[38.942714,48.513473],[38.942515,48.51346],[38.942389,48.513446],[38.942106,48.513419],[38.942022,48.513389],[38.941972,48.51335],[38.941892,48.513336],[38.941775,48.513356],[38.941563,48.513392],[38.941406,48.513434],[38.941078,48.513538],[38.940567,48.513735],[38.940045,48.513922],[38.939183,48.51413],[38.938918,48.514205],[38.938536,48.514344],[38.938204,48.514481],[38.937821,48.514672],[38.937628,48.514773],[38.937471,48.514874],[38.937305,48.514957],[38.937095,48.515056],[38.936802,48.515171],[38.93559,48.515639],[38.93519,48.515874],[38.934821,48.516124],[38.934548,48.516302],[38.934485,48.516371],[38.934385,48.516472],[38.934385,48.516514],[38.934533,48.516661],[38.934533754966886,48.516661],[38.934571,48.516698],[38.934646,48.51677],[38.93466,48.516834],[38.934624,48.516936],[38.934467,48.517323],[38.934385,48.517638],[38.934412,48.517712],[38.934475,48.51778],[38.935633,48.518239],[38.935633,48.51823813961606],[38.936034,48.518397],[38.936097,48.51842],[38.936142,48.51843],[38.936205,48.518415],[38.936295,48.518385],[38.937036,48.518132],[38.937418,48.517998],[38.938307,48.517692],[38.940324,48.516715],[38.940402428571424,48.516661],[38.940403,48.516661],[38.940601,48.516525],[38.940831,48.516356],[38.941126,48.516145],[38.941126,48.516144548387096],[38.94145,48.515912],[38.941672,48.515749]],[[38.942196,48.51516],[38.942232,48.515198],[38.942175,48.515222],[38.942138,48.51518],[38.942196,48.51516]]]}},{"type":"Feature","properties":{"cadnum":"4423656400:01:028:0002"},"geometry":{"type":"Polygon","coordinates":[[[38.942641,48.512624],[38.943203,48.512476],[38.942327,48.511042],[38.941126,48.511394514930814],[38.941126,48.511394],[38.939083,48.511991],[38.937772,48.51239],[38.936559,48.512946],[38.936531,48.513022],[38.93653181751825,48.513022],[38.93651,48.513083],[38.936433,48.513213],[38.936106,48.51363],[38.93585,48.513967],[38.935461,48.5146],[38.935461,48.514600240963865],[38.935301,48.51486],[38.9351,48.515156],[38.93497,48.515317],[38.935108,48.51535],[38.935633,48.515214],[38.935633,48.5152132470024],[38.936295,48.515041],[38.938662,48.513961],[38.940054,48.51361],[38.939682,48.513237],[38.940355,48.513008],[38.940211,48.512824],[38.940831,48.512624],[38.940954,48.51276901851852],[38.940954,48.51277],[38.940993,48.512815],[38.941126,48.512867],[38.941126,48.51286667515924],[38.941307,48.512937],[38.941766,48.512847],[38.942641,48.512624]]]}},{"type":"Feature","properties":{"cadnum":"4423656400:09:002:0088"},"geometry":{"type":"Polygon","coordinates":[[[38.917309,48.465572],[38.91761,48.465501],[38.917497,48.465287],[38.917219,48.465358],[38.917309,48.465572]]]}},{"type":"Feature","properties":{"cadnum":"4423656400:09:002:0090"},"geometry":{"type":"Polygon","coordinates":[[[38.918145,48.46537],[38.918405,48.465307],[38.918302,48.465102],[38.918032,48.465161],[38.918145,48.46537]]]}},{"type":"Feature","properties":{"cadnum":"4423656400:09:002:0038"},"geometry":{"type":"Polygon","coordinates":[[[38.916779,48.465618],[38.91703,48.465549],[38.916927,48.465346],[38.916667,48.465424],[38.916779,48.465618]]]}},{"type":"Feature","properties":{"cadnum":"4423656400:09:002:0093"},"geometry":{"type":"Polygon","coordinates":[[[38.916581,48.465513],[38.916657,48.465495],[38.916927,48.465426],[38.916936,48.465424],[38.916837,48.4652],[38.916564,48.465265],[38.91655,48.465272],[38.916558,48.465293],[38.916428,48.465331],[38.916487,48.46543],[38.916581,48.465513]]]}},{"type":"Feature","properties":{"cadnum":"4423656400:09:002:0150"},"geometry":{"type":"Polygon","coordinates":[[[38.913805,48.465316],[38.914124,48.465256],[38.914577,48.465147],[38.914542,48.465051],[38.913805,48.465147],[38.913805,48.465316]]]}},{"type":"Feature","properties":{"cadnum":"4423656400:09:002:0100"},"geometry":{"type":"Polygon","coordinates":[[[38.918252,48.464828],[38.918476,48.464775],[38.918306,48.464441],[38.918076,48.464488],[38.918252,48.464828]]]}},{"type":"Feature","properties":{"cadnum":"4423656400:09:002:0084"},"geometry":{"type":"Polygon","coordinates":[[[38.918768,48.465519],[38.919038,48.465457],[38.918967,48.46523],[38.918688,48.465293],[38.918768,48.465519]]]}},{"type":"Feature","properties":{"cadnum":"4423656400:09:002:0099"},"geometry":{"type":"Polygon","coordinates":[[[38.918023,48.464885],[38.918252,48.464828],[38.918076,48.464488],[38.917843,48.464542],[38.918023,48.464885]]]}},{"type":"Feature","properties":{"cadnum":"4423656400:09:002:0094"},"geometry":{"type":"Polygon","coordinates":[[[38.917497,48.465287],[38.917762,48.465224],[38.917663,48.465015],[38.91739,48.465072],[38.917497,48.465287]]]}},{"type":"Feature","properties":{"cadnum":"4423656400:09:002:0102"},"geometry":{"type":"Polygon","coordinates":[[[38.918778,48.464709],[38.918953,48.46467],[38.918787,48.464333],[38.918611,48.464375],[38.918778,48.464709]]]}},{"type":"Feature","properties":{"cadnum":"4423656400:09:002:0089"},"geometry":{"type":"Polygon","coordinates":[[[38.91761,48.465501],[38.917866,48.465441],[38.918145,48.46537],[38.918032,48.465161],[38.917762,48.465224],[38.917497,48.465287],[38.91761,48.465501]]]}},{"type":"Feature","properties":{"cadnum":"4423656400:09:002:0078"},"geometry":{"type":"Polygon","coordinates":[[[38.918768,48.465519],[38.91851219354838,48.46558],[38.918511,48.46558],[38.918508,48.465581],[38.918563,48.465694],[38.918563688995214,48.465694],[38.918611,48.46579],[38.918877,48.46573],[38.91883280000005,48.465645000000094],[38.918768,48.465519]]]}},{"type":"Feature","properties":{"cadnum":"4423656400:09:002:0101"},"geometry":{"type":"Polygon","coordinates":[[[38.918476,48.464775],[38.918711,48.464721],[38.918548,48.46439],[38.918306,48.464441],[38.918476,48.464775]]]}},{"type":"Feature","properties":{"cadnum":"4423656400:09:002:0097"},"geometry":{"type":"Polygon","coordinates":[[[38.916847,48.465152],[38.917103,48.465099],[38.916918,48.464739],[38.916675,48.46479],[38.916847,48.465152]]]}},{"type":"Feature","properties":{"cadnum":"4423656400:09:002:0098"},"geometry":{"type":"Polygon","coordinates":[[[38.91756,48.464991],[38.917789,48.464938],[38.917619,48.464598],[38.917386,48.464653],[38.91756,48.464991]]]}},{"type":"Feature","properties":{"cadnum":"4423656400:09:002:0083"},"geometry":{"type":"Polygon","coordinates":[[[38.918508,48.465581],[38.918432,48.465355],[38.918158,48.465415],[38.91821348034935,48.46558],[38.918213,48.46558],[38.918235,48.465644],[38.918508,48.465581]]]}},{"type":"Feature","properties":{"cadnum":"4423656400:09:002:0082"},"geometry":{"type":"Polygon","coordinates":[[[38.917883,48.465481],[38.917596,48.465549],[38.917666,48.465694],[38.917666492063496,48.465694],[38.917703,48.465769],[38.917969,48.465704],[38.91794157142941,48.46563314285932],[38.917883,48.465481]]]}},{"type":"Feature","properties":{"cadnum":"4423656400:01:005:0002"},"geometry":{"type":"Polygon","coordinates":[[[38.743372,48.39939597365119],[38.743997,48.399603],[38.744083,48.399496],[38.743768,48.399392],[38.74326626666669,48.39924448333334],[38.742748,48.39909],[38.742532,48.399055],[38.742519,48.399094],[38.742492,48.399154],[38.742654,48.399183],[38.742811,48.39921],[38.7432,48.39933897326203],[38.7432,48.399339],[38.74328663042094,48.399367695647584],[38.743372,48.399396],[38.743372,48.39939597365119]]]}},{"type":"Feature","properties":{"cadnum":"4423656400:11:024:0002"},"geometry":{"type":"Polygon","coordinates":[[[38.860208,48.51095],[38.860472,48.510881],[38.860185,48.510378],[38.859925,48.510441],[38.860208,48.51095]]]}},{"type":"Feature","properties":{"cadnum":"4423656400:11:014:0004"},"geometry":{"type":"Polygon","coordinates":[[[38.858972,48.511318],[38.859125,48.511289],[38.85908,48.511146],[38.859057,48.51108],[38.859093,48.511074],[38.859062,48.511014],[38.858999,48.511023],[38.858864,48.511056],[38.858909,48.511173],[38.858972,48.511318]]]}},{"type":"Feature","properties":{"cadnum":"4423656400:01:011:0001"},"geometry":{"type":"Polygon","coordinates":[[[38.86142,48.508824],[38.860957,48.508884],[38.860961,48.508914],[38.861024,48.508983],[38.86103,48.509012],[38.860944,48.509024],[38.860967,48.509152],[38.861141,48.509128],[38.86118667832168,48.50927],[38.861185,48.50927],[38.861187,48.509271],[38.861209,48.509346],[38.86115,48.509384],[38.861267,48.509515],[38.861676,48.50942],[38.86165972,48.509383],[38.86166,48.509383],[38.86142,48.508824]]]}},{"type":"Feature","properties":{"cadnum":"4423656400:11:009:0002"},"geometry":{"type":"Polygon","coordinates":[[[38.859116,48.511714],[38.860015,48.511429],[38.859892,48.511083],[38.859862,48.511089],[38.859412,48.511179],[38.85943,48.51123],[38.859125,48.511289],[38.858972,48.511318],[38.859116,48.511714]]]}},{"type":"Feature","properties":{"cadnum":"4423656400:10:008:0001"},"geometry":{"type":"Polygon","coordinates":[[[38.860028,48.510122],[38.860225,48.510086],[38.860464,48.510036],[38.860445,48.509986],[38.860387,48.509858],[38.860374,48.509828],[38.860374,48.509825],[38.860248,48.509852],[38.860252,48.509858],[38.860198,48.509863],[38.859942,48.509905],[38.860028,48.510122]]]}},{"type":"Feature","properties":{"cadnum":"4423656400:10:009:0001"},"geometry":{"type":"Polygon","coordinates":[[[38.861137,48.509245],[38.860693,48.509318],[38.860365,48.509383],[38.86036603030301,48.509383],[38.860361,48.509384],[38.860405,48.509503],[38.861169,48.509355],[38.861137,48.509245]]]}},{"type":"Feature","properties":{"cadnum":"4423656400:11:007:0004"},"geometry":{"type":"Polygon","coordinates":[[[38.861154,48.510866],[38.861542,48.510833],[38.86168,48.510738],[38.861726,48.510622],[38.8616,48.510667],[38.86147,48.510699],[38.86111,48.510699],[38.860877,48.510727],[38.860913,48.510831],[38.861087,48.510827],[38.861154,48.510866]]]}},{"type":"Feature","properties":{"cadnum":"4423656400:09:003:0010"},"geometry":{"type":"Polygon","coordinates":[[[38.899285,48.454054],[38.89932,48.454036],[38.899383,48.454004],[38.899662,48.453873],[38.899688,48.453861],[38.900106,48.453652],[38.900021,48.453572],[38.899962,48.453515],[38.899922,48.453476],[38.899895,48.453441],[38.899878,48.453449],[38.899765,48.453486],[38.899526,48.453432],[38.899352,48.453396],[38.899338,48.453393],[38.899132,48.453345],[38.899132,48.453381],[38.89914,48.453441],[38.899096,48.453462],[38.899063,48.453476],[38.898866,48.453572],[38.898799,48.453608],[38.898786,48.453614],[38.898664,48.453688],[38.898857,48.453917],[38.899285,48.454054]]]}},{"type":"Feature","properties":{"cadnum":"4423656400:01:024:0007"},"geometry":{"type":"Polygon","coordinates":[[[38.899765,48.453486],[38.899878,48.453449],[38.899895,48.453441],[38.900169,48.453354],[38.900151,48.453328],[38.900071,48.45323],[38.899931,48.453065],[38.899851,48.452964],[38.899751,48.452845],[38.899509,48.45255],[38.899473,48.452508],[38.899473,48.452506],[38.899338,48.452595],[38.899432,48.452621],[38.899463,48.452711],[38.89936,48.453074],[38.899302,48.453217],[38.89918,48.453358],[38.899235,48.453369],[38.899338,48.453393],[38.899352,48.453396],[38.899526,48.453432],[38.899765,48.453486]]]}},{"type":"Feature","properties":{"cadnum":"4423656400:09:003:0007"},"geometry":{"type":"Polygon","coordinates":[[[38.900232,48.45342],[38.90034,48.453393],[38.900281,48.453292],[38.900551,48.45322],[38.900384,48.452845],[38.900371,48.452672],[38.899926,48.452639],[38.899805,48.452508],[38.899478,48.452506],[38.899491,48.452517],[38.899522,48.452556],[38.899639,48.452699],[38.899814,48.452917],[38.899935,48.453062],[38.899998,48.453137],[38.900155,48.453325],[38.900205,48.453399],[38.900232,48.45342]]]}},{"type":"Feature","properties":{"cadnum":"4423656400:09:003:0168"},"geometry":{"type":"Polygon","coordinates":[[[38.901463,48.452767],[38.901453,48.452714],[38.901467,48.452714],[38.901467,48.452669],[38.901449,48.452667],[38.901166,48.452645],[38.901107,48.452654],[38.90105,48.45266],[38.900874,48.452676],[38.900816,48.452672],[38.900568,48.452654],[38.900312,48.452634],[38.900052,48.452616],[38.899899,48.452484],[38.899878,48.452479],[38.899684,48.452428],[38.899442,48.452469],[38.899473,48.452508],[38.899509,48.45255],[38.899576,48.452541],[38.899603,48.452535],[38.899675,48.452523],[38.899733,48.452539],[38.899809,48.452556],[38.899899,48.452634],[38.899908,48.452643],[38.899981,48.452702],[38.900079,48.452708],[38.900218,48.45272],[38.900299,48.452723],[38.900402,48.452732],[38.900555,48.452744],[38.900803,48.452762],[38.900878,48.452765],[38.901063,48.452749],[38.90113,48.452744],[38.90117,48.452738],[38.901463,48.452767]]]}},{"type":"Feature","properties":{"cadnum":"4423656400:09:003:0407"},"geometry":{"type":"Polygon","coordinates":[[[38.899715,48.45435],[38.899765,48.454328],[38.899998,48.454227],[38.900111,48.454177],[38.90052,48.454001],[38.900547,48.453986],[38.900501,48.45395],[38.900241,48.453733],[38.900228,48.453721],[38.900128,48.453641],[38.900106,48.453652],[38.899801,48.453804],[38.899688,48.453861],[38.899662,48.453873],[38.899383,48.454004],[38.89932,48.454036],[38.899285,48.454054],[38.899468,48.454126],[38.899532,48.454191],[38.899522,48.45423],[38.899589,48.454266],[38.899608,48.454284],[38.899715,48.45435]]]}},{"type":"Feature","properties":{"cadnum":"4423656400:09:003:0054"},"geometry":{"type":"Polygon","coordinates":[[[38.901396,48.453789],[38.901499,48.453771],[38.901553,48.45376],[38.901742,48.453714],[38.901606,48.45353],[38.901526,48.453417],[38.901499,48.453304],[38.901499,48.453288],[38.901417,48.453288],[38.901409,48.453253],[38.901333,48.453262],[38.901319,48.453265],[38.901121,48.453292],[38.901103,48.453295],[38.901086,48.453232],[38.900973,48.45322],[38.900946,48.453125],[38.900897,48.453086],[38.900874,48.453089],[38.900775,48.453101],[38.900757,48.453101],[38.90074,48.453104],[38.900717,48.453116],[38.90069,48.453122],[38.900658,48.453122],[38.900627,48.453119],[38.900614,48.453119],[38.900578,48.453128],[38.900574,48.453131],[38.900492,48.453146],[38.900016,48.453167],[38.900151,48.453328],[38.900169,48.453354],[38.900165,48.45336],[38.900232,48.453432],[38.900295,48.453462],[38.900807,48.453682],[38.900941,48.453709],[38.901396,48.453789]]]}},{"type":"Feature","properties":{"cadnum":"4423656400:09:003:0170"},"geometry":{"type":"Polygon","coordinates":[[[38.90175,48.453822],[38.901799,48.453807],[38.901763,48.453754],[38.901768,48.453754],[38.901742,48.453714],[38.901606,48.45353],[38.901526,48.453417],[38.901499,48.453304],[38.901467,48.452789],[38.901463,48.452767],[38.90117,48.452738],[38.90113,48.452744],[38.901063,48.452749],[38.900878,48.452765],[38.900803,48.452762],[38.900555,48.452744],[38.900402,48.452732],[38.900299,48.452723],[38.900218,48.45272],[38.900079,48.452708],[38.899981,48.452702],[38.899908,48.452643],[38.899899,48.452634],[38.899809,48.452556],[38.899733,48.452539],[38.899675,48.452523],[38.899603,48.452535],[38.899576,48.452541],[38.899509,48.45255],[38.899751,48.452845],[38.899851,48.452964],[38.899931,48.453065],[38.900071,48.45323],[38.900151,48.453328],[38.900169,48.453354],[38.900178,48.453369],[38.900237,48.453432],[38.900299,48.453458],[38.900807,48.453679],[38.900941,48.453703],[38.901233,48.453756],[38.9014,48.453789],[38.901494,48.453771],[38.90157,48.453756],[38.901736,48.453718],[38.901763,48.453751],[38.901759,48.453751],[38.901709,48.453769],[38.901696,48.453771],[38.901709,48.453789],[38.901723,48.453787],[38.90175,48.453822]]]}},{"type":"Feature","properties":{"cadnum":"4423656400:01:005:0015"},"geometry":{"type":"Polygon","coordinates":[[[38.894249,48.494712],[38.894155,48.494824],[38.894156006060605,48.494824],[38.893975,48.495042],[38.893899,48.49517],[38.894096,48.495263],[38.894159,48.495183],[38.894392,48.494837],[38.89437712800001,48.494824],[38.894378,48.494824],[38.894249,48.494712]]]}},{"type":"Feature","properties":{"cadnum":"4423656400:01:007:0018"},"geometry":{"type":"Polygon","coordinates":[[[38.89406,48.493742],[38.894245,48.493382],[38.894253,48.493382],[38.894289,48.493295],[38.894308,48.49325],[38.894316,48.493236],[38.894146,48.493215],[38.894142,48.493226],[38.894132,48.493226],[38.894123,48.493248],[38.893859,48.493739],[38.89406,48.493742]]]}},{"type":"Feature","properties":{"cadnum":"4423656400:01:007:0020"},"geometry":{"type":"Polygon","coordinates":[[[38.896212,48.494343],[38.89631,48.494108],[38.896629,48.493358],[38.896648,48.493301],[38.89645,48.493331],[38.896442,48.493358],[38.896436,48.493369],[38.896419,48.493417],[38.896387,48.493482],[38.89636,48.493569],[38.896167,48.494018],[38.89605,48.494311],[38.896212,48.494343]]]}},{"type":"Feature","properties":{"cadnum":"4423656400:01:005:0014"},"geometry":{"type":"Polygon","coordinates":[[[38.891687,48.49340895419847],[38.891716,48.493426],[38.891815,48.493459],[38.892404,48.493736],[38.89257,48.493581],[38.891563,48.493182],[38.891532,48.493226],[38.891513,48.493305],[38.891585,48.493349],[38.891687,48.49341],[38.891687,48.49340895419847]]]}},{"type":"Feature","properties":{"cadnum":"4423656400:01:007:0019"},"geometry":{"type":"Polygon","coordinates":[[[38.895192,48.493054],[38.895264,48.493039],[38.895493,48.49301],[38.895484,48.492983],[38.89548,48.492956],[38.89548,48.492938],[38.895516,48.492738],[38.895543,48.49261],[38.895417,48.492599],[38.895161,48.492575],[38.895075,48.492906],[38.895054,48.492935],[38.895058,48.492959],[38.895044,48.493051],[38.895192,48.493054]]]}},{"type":"Feature","properties":{"cadnum":"4423656400:01:007:0023"},"geometry":{"type":"Polygon","coordinates":[[[38.895902,48.492599],[38.895937,48.492522],[38.896041,48.492328],[38.89574,48.49239],[38.895583,48.492453],[38.895556,48.492554],[38.895597,48.492557],[38.895723,48.492575],[38.895776,48.492581],[38.895843,48.492593],[38.895902,48.492599]]]}},{"type":"Feature","properties":{"cadnum":"4423656400:01:007:0021"},"geometry":{"type":"Polygon","coordinates":[[[38.89574,48.493206],[38.895771,48.493058],[38.895821,48.492849],[38.895813,48.492846],[38.895847,48.492723],[38.895857,48.492697],[38.895876,48.4927],[38.895916,48.492602],[38.895902,48.492599],[38.895843,48.492593],[38.895776,48.492581],[38.895723,48.492575],[38.895597,48.492557],[38.895556,48.492554],[38.895547,48.49259],[38.895543,48.49261],[38.895516,48.492738],[38.89548,48.492938],[38.89548,48.492956],[38.895484,48.492983],[38.895497,48.493018],[38.895524,48.493045],[38.89557,48.493072],[38.895641,48.493102],[38.895601,48.493186],[38.89574,48.493206]]]}},{"type":"Feature","properties":{"cadnum":"4423656400:08:001:0032"},"geometry":{"type":"Polygon","coordinates":[[[38.922424,48.501852],[38.922223,48.501781],[38.922025,48.50179],[38.92204612420382,48.501991],[38.922046,48.501991],[38.92204855517236,48.50201413103398],[38.922058,48.502104],[38.92205848255814,48.502104],[38.922084,48.502335],[38.922258,48.504081],[38.922726,48.503885],[38.922444,48.501991],[38.92244385714286,48.501991],[38.922424,48.501852]]]}},{"type":"Feature","properties":{"cadnum":"4423656400:08:001:0036"},"geometry":{"type":"Polygon","coordinates":[[[38.924504,48.501912],[38.924418,48.50192],[38.924418,48.501864],[38.923848,48.5019],[38.923875,48.501966],[38.923891847826084,48.501991],[38.923891,48.501991],[38.924091,48.502287],[38.924122,48.502373],[38.924127,48.502445],[38.924109,48.502469],[38.924064,48.502492],[38.923992,48.502513],[38.923929,48.502519],[38.923988,48.502957],[38.924005,48.503078],[38.924011,48.503105],[38.924475,48.503077963779525],[38.924475,48.503078],[38.92454016667112,48.50307416666641],[38.924646,48.503068],[38.924646,48.50306794117647],[38.924917,48.503052],[38.92512,48.503224],[38.92511,48.503278],[38.92529,48.503483],[38.925344,48.503492],[38.925443,48.503641],[38.925497,48.50376],[38.925493,48.503971],[38.925523,48.503974],[38.925533,48.503757],[38.925474,48.503635],[38.925371,48.503453],[38.925717,48.503301],[38.926252,48.50312],[38.926269,48.503204],[38.926288,48.5032],[38.926283,48.503195],[38.926309,48.503191],[38.926315,48.503197],[38.926359,48.503191],[38.926346,48.503129],[38.926063,48.502912],[38.926674,48.502656],[38.926642,48.502626],[38.926625,48.502608],[38.926602,48.50259],[38.926592,48.502584],[38.926072,48.502712],[38.925762,48.502772],[38.924953,48.502924],[38.924913,48.502921],[38.92486,48.502593],[38.924854,48.502516],[38.924837,48.502516],[38.924841,48.502498],[38.92485,48.502498],[38.924833,48.502332],[38.924917,48.502189],[38.924908,48.502189],[38.924908,48.502171],[38.924927,48.502171],[38.924967,48.502087],[38.924998,48.501927],[38.924646,48.50191631174089],[38.924646,48.501916],[38.924504,48.501912]],[[38.925619,48.503036],[38.925592,48.503036],[38.925592,48.503019],[38.925619,48.503019],[38.925619,48.503036]],[[38.925439,48.502873],[38.925443,48.502867],[38.925515,48.502879],[38.925506,48.502897],[38.925452,48.502888],[38.925439,48.502873]],[[38.924697,48.502796],[38.924734,48.502816],[38.924715,48.502831],[38.92468,48.502807],[38.924697,48.502796]]]}},{"type":"Feature","properties":{"cadnum":"4423656400:08:001:0035"},"geometry":{"type":"Polygon","coordinates":[[[38.923875,48.501966],[38.923848,48.5019],[38.924418,48.501864],[38.924401,48.501421],[38.923651,48.501397],[38.922703,48.501483],[38.922438,48.501534],[38.92253,48.502104],[38.92253158269962,48.502104],[38.922686,48.503043],[38.923988,48.502957],[38.923929,48.502519],[38.923992,48.502513],[38.924064,48.502492],[38.924109,48.502469],[38.924127,48.502445],[38.924122,48.502373],[38.924091,48.502287],[38.92396735135135,48.502104],[38.923968,48.502104],[38.923875,48.501966]]]}},{"type":"Feature","properties":{"cadnum":"4423656400:08:001:0037"},"geometry":{"type":"Polygon","coordinates":[[[38.924487,48.503941],[38.924544,48.503965],[38.924536,48.503977],[38.924646,48.503975],[38.924646,48.503974366197184],[38.925246,48.50396],[38.925493,48.503971],[38.925497,48.50376],[38.925443,48.503641],[38.925344,48.503492],[38.92529,48.503483],[38.92511,48.503278],[38.92512,48.503224],[38.924917,48.503052],[38.924646,48.50306916742081],[38.924646,48.503069],[38.924437,48.503082],[38.924437,48.503102],[38.92441,48.503102],[38.92441,48.503082],[38.924011,48.503105],[38.924005,48.503078],[38.923988,48.502957],[38.922686,48.503043],[38.922829,48.503927],[38.923265,48.503998],[38.923755,48.504079],[38.924475,48.503979756756756],[38.924475,48.503981],[38.924495,48.503977],[38.924527,48.503977],[38.924473,48.50396],[38.924475,48.50395728571428],[38.924475,48.503958],[38.924487,48.503941]],[[38.924475,48.503401],[38.9245,48.503403],[38.924491,48.503447],[38.924475,48.503447],[38.924464,48.503447],[38.924473,48.5034],[38.924475,48.50340022222222],[38.924475,48.503401]],[[38.924508,48.5039],[38.924536,48.503897],[38.924544,48.503941],[38.924518,48.503945],[38.924508,48.5039]],[[38.924384,48.503433],[38.924397,48.503451],[38.924325,48.503468],[38.924315,48.503453],[38.924384,48.503433]],[[38.924231,48.503462],[38.924253,48.503489],[38.924212,48.503507],[38.924185,48.503483],[38.924231,48.503462]],[[38.92419,48.503427],[38.924164,48.503427],[38.924164,48.503409],[38.92419,48.503409],[38.92419,48.503427]]]}},{"type":"Feature","properties":{"cadnum":"4423656400:08:001:0025"},"geometry":{"type":"Polygon","coordinates":[[[38.921864,48.504236],[38.922204,48.504108],[38.92203,48.502343],[38.921621,48.50229],[38.921864,48.504236]]]}},{"type":"Feature","properties":{"cadnum":"4423656400:08:001:0008"},"geometry":{"type":"Polygon","coordinates":[[[38.91956,48.504873],[38.919541,48.504248],[38.919577,48.504236],[38.919388,48.502721],[38.9190178235287,48.50286505882381],[38.918387,48.503108],[38.918607,48.505138],[38.919153,48.504987],[38.919153,48.504986368512114],[38.91956,48.504873]]]}},{"type":"Feature","properties":{"cadnum":"4423656400:08:001:0010"},"geometry":{"type":"Polygon","coordinates":[[[38.921405,48.504316],[38.921638,48.504298],[38.921864,48.504236],[38.921621,48.50229],[38.921261,48.502239],[38.921231,48.502593],[38.921149,48.502222],[38.920561,48.50218],[38.920822,48.50428],[38.921405,48.504316]]]}},{"type":"Feature","properties":{"cadnum":"4423656400:01:001:0028"},"geometry":{"type":"Polygon","coordinates":[[[38.894096,48.501596],[38.894105,48.501593],[38.894038,48.501504],[38.893885,48.501573],[38.894210898305076,48.501991],[38.89421,48.501991],[38.894536,48.502409],[38.894618,48.502379],[38.894685,48.502352],[38.89449127146815,48.502104],[38.894492,48.502104],[38.894096,48.501596]]]}},{"type":"Feature","properties":{"cadnum":"4423656400:01:001:0018"},"geometry":{"type":"Polygon","coordinates":[[[38.896751,48.500704],[38.896899,48.500647],[38.895979,48.499981],[38.89588,48.500069],[38.896751,48.500704]]]}},{"type":"Feature","properties":{"cadnum":"4423656400:01:004:0012"},"geometry":{"type":"Polygon","coordinates":[[[38.891687,48.50148268263472],[38.892184,48.501816],[38.892304,48.501938],[38.892475,48.501867],[38.892327,48.501745],[38.892111,48.501609],[38.891516,48.501211],[38.891516,48.50121145192308],[38.891375,48.501117],[38.891285,48.501212],[38.891516,48.5013677238806],[38.891516,48.501368],[38.89159555793873,48.50142135622238],[38.891687,48.501483],[38.891687,48.50148268263472]]]}},{"type":"Feature","properties":{"cadnum":"4423656400:01:001:0047"},"geometry":{"type":"Polygon","coordinates":[[[38.896535,48.500971],[38.896662,48.500903],[38.896073,48.500379],[38.89596,48.500275],[38.895807,48.500144],[38.895691,48.500236],[38.895889,48.500388],[38.895937,48.50042],[38.896212,48.500691],[38.896535,48.500971]]]}},{"type":"Feature","properties":{"cadnum":"4423656400:01:004:0014"},"geometry":{"type":"Polygon","coordinates":[[[38.894218,48.501022],[38.894272,48.500995],[38.894285,48.500971],[38.894496,48.500804],[38.894478,48.500795],[38.893957,48.500528],[38.893702,48.500736],[38.893822,48.500802],[38.893966,48.500867],[38.893998,48.500876],[38.894038,48.5009],[38.894205,48.501013],[38.894218,48.501022]]]}},{"type":"Feature","properties":{"cadnum":"4423656400:01:004:0009"},"geometry":{"type":"Polygon","coordinates":[[[38.895214,48.500182],[38.895314,48.500117],[38.895371,48.500082],[38.895125,48.499939],[38.895048,48.4999],[38.894792,48.499775],[38.894488,48.499617],[38.894339,48.499716],[38.894972,48.500034],[38.894991,48.500022],[38.895017,48.500031],[38.895117,48.500111],[38.895214,48.500182]]]}},{"type":"Feature","properties":{"cadnum":"4423656400:01:004:0013"},"geometry":{"type":"Polygon","coordinates":[[[38.893962,48.501159],[38.894218,48.501022],[38.894205,48.501013],[38.894038,48.5009],[38.893998,48.500876],[38.893966,48.500867],[38.893822,48.500802],[38.893702,48.500736],[38.893413,48.500579],[38.893261,48.500683],[38.893602,48.500891],[38.893948,48.50115],[38.893962,48.501159]]]}},{"type":"Feature","properties":{"cadnum":"4423656400:01:001:0027"},"geometry":{"type":"Polygon","coordinates":[[[38.894182,48.501435],[38.894038,48.501504],[38.894105,48.501593],[38.894096,48.501596],[38.89440391338582,48.501991],[38.894403,48.501991],[38.894685,48.502352],[38.894784,48.502313],[38.894824,48.502299],[38.89467838311688,48.502104],[38.894679,48.502104],[38.894182,48.501435]]]}},{"type":"Feature","properties":{"cadnum":"4423656400:01:001:0051"},"geometry":{"type":"Polygon","coordinates":[[[38.896759,48.500823],[38.897034,48.500713],[38.896939,48.500614],[38.896809,48.50068],[38.896212,48.500138],[38.896006,48.499995],[38.895902,48.500067],[38.896126,48.500257],[38.896759,48.500823]]]}},{"type":"Feature","properties":{"cadnum":"4423656400:02:003:0123"},"geometry":{"type":"Polygon","coordinates":[[[38.860099,48.450947],[38.860015,48.450971],[38.859608,48.451123],[38.85960806779661,48.451123],[38.859439,48.451186],[38.859116,48.451275],[38.858728,48.45135135062612],[38.858728,48.451351],[38.856479,48.451791],[38.854908,48.452219],[38.854481,48.452446],[38.854355,48.452547],[38.854189,48.453191],[38.854063,48.453489],[38.858728,48.452789],[38.858728,48.452788263386395],[38.86063,48.452502],[38.860157138453204,48.4511204299621],[38.860099,48.450947]],[[38.859242,48.451838],[38.859313,48.451853],[38.859292,48.451901],[38.859219,48.451886],[38.859242,48.451838]],[[38.858877,48.45233],[38.85895,48.452345],[38.858927,48.452392],[38.858856,48.452378],[38.858877,48.45233]],[[38.857711,48.45191],[38.857688,48.45191],[38.857688,48.451892],[38.857711,48.451892],[38.857711,48.45191]],[[38.8563,48.4523],[38.856309,48.452351],[38.856233,48.452356],[38.856223,48.452306],[38.8563,48.4523]]]}},{"type":"Feature","properties":{"cadnum":"4423656400:02:003:0122"},"geometry":{"type":"Polygon","coordinates":[[[38.860904,48.45331],[38.86063,48.452502],[38.858557,48.452814],[38.858557,48.45281465916399],[38.854063,48.453489],[38.853969,48.453712],[38.854045,48.454087],[38.854189,48.454317],[38.858557,48.453661655651025],[38.858557,48.453662],[38.860904,48.45331]],[[38.860361,48.452749],[38.86041,48.452723],[38.860441,48.452747],[38.860395,48.452773],[38.860361,48.452749]],[[38.855267,48.454108],[38.855294,48.45406],[38.855365,48.454078],[38.855338,48.454126],[38.855267,48.454108]]]}},{"type":"Feature","properties":{"cadnum":"4423656400:02:003:0121"},"geometry":{"type":"Polygon","coordinates":[[[38.863437,48.454456],[38.861429,48.45476],[38.861537,48.455085],[38.862363,48.457516],[38.864222,48.457275],[38.864222,48.45727440895522],[38.864385,48.457253],[38.864222,48.45677178507462],[38.864222,48.456771],[38.86406776101259,48.4563164347506],[38.86405,48.456264],[38.86405,48.456264090403344],[38.86354168145352,48.454766],[38.863542,48.454766],[38.863437,48.454456]],[[38.863357,48.455628],[38.863397,48.455657],[38.863328,48.455696],[38.863288,48.455666],[38.863357,48.455628]],[[38.863171,48.455875],[38.863204,48.45588],[38.86319,48.455904],[38.863158,48.455895],[38.863171,48.455875]]]}},{"type":"Feature","properties":{"cadnum":"4423656400:06:003:0017"},"geometry":{"type":"Polygon","coordinates":[[[38.845183,48.464783],[38.845277,48.464521],[38.845147,48.464501],[38.845053,48.464762],[38.845183,48.464783]]]}},{"type":"Feature","properties":{"cadnum":"4423656400:06:001:0027"},"geometry":{"type":"Polygon","coordinates":[[[38.846966,48.465344],[38.846548,48.465367],[38.846302,48.465379],[38.845358,48.46543],[38.84535,48.46543],[38.84537154696133,48.46558],[38.845371,48.46558],[38.845376,48.465611],[38.845386,48.465611],[38.845749,48.4656],[38.846252,48.465581],[38.846472,48.465576],[38.846661,48.46557],[38.84665688709677,48.46558],[38.846656,48.46558],[38.8466346206898,48.465634137930685],[38.84661,48.465694],[38.846610980891725,48.465694],[38.846594,48.465737],[38.846778,48.465808],[38.84684462068962,48.465641082228196],[38.846966,48.465344]]]}},{"type":"Feature","properties":{"cadnum":"4423656400:02:003:0048"},"geometry":{"type":"Polygon","coordinates":[[[38.895017,48.458284],[38.89508,48.45818],[38.894205,48.458097],[38.89424,48.458246],[38.895017,48.458284]]]}},{"type":"Feature","properties":{"cadnum":"4423656400:02:003:0118"},"geometry":{"type":"Polygon","coordinates":[[[38.895341,48.457156],[38.895461,48.457129],[38.895457,48.457123],[38.895538,48.457105],[38.895574,48.457096],[38.895593,48.457063],[38.89566,48.457019],[38.895484,48.456822],[38.895237,48.456878],[38.89521,48.456884],[38.895214,48.456899],[38.89522,48.456908],[38.895224,48.456917],[38.895295,48.457051],[38.895295,48.457081],[38.895327,48.457132],[38.895341,48.457156]]]}},{"type":"Feature","properties":{"cadnum":"4423656400:02:003:0051"},"geometry":{"type":"Polygon","coordinates":[[[38.895247,48.457147],[38.895367,48.457123],[38.895377,48.45711],[38.895444,48.45711],[38.895461,48.457105],[38.895503,48.457099],[38.895488,48.457072],[38.895484,48.457075],[38.895457,48.457021],[38.895461,48.457021],[38.895461,48.456988],[38.895421,48.456891],[38.8954,48.456854],[38.895385,48.456851],[38.895367,48.456816],[38.895125,48.456863],[38.895192,48.457045],[38.895214,48.457081],[38.895214,48.457078],[38.895247,48.457147]]]}},{"type":"Feature","properties":{"cadnum":"4423656400:02:003:0052"},"geometry":{"type":"Polygon","coordinates":[[[38.894981,48.457203],[38.895184,48.457161],[38.895247,48.457147],[38.895214,48.457078],[38.895214,48.457081],[38.895192,48.457045],[38.895125,48.456863],[38.894842,48.456923],[38.894864,48.456959],[38.894891,48.457006],[38.894981,48.457203]]]}},{"type":"Feature","properties":{"cadnum":"4423656400:02:003:0109"},"geometry":{"type":"Polygon","coordinates":[[[38.881044,48.462615],[38.880832,48.462576],[38.880905,48.462808],[38.880689,48.463115],[38.880529,48.463385],[38.880529,48.463386070336384],[38.880362,48.463669],[38.879903,48.464024],[38.880092,48.464099],[38.880257,48.464015],[38.880423,48.463979],[38.880523,48.464238],[38.880529,48.46423857324841],[38.880529,48.464239],[38.88068,48.464253],[38.881044,48.462615]]]}},{"type":"Feature","properties":{"cadnum":"4423656400:08:001:0319"},"geometry":{"type":"Polygon","coordinates":[[[38.914619,48.44192],[38.914929,48.441661],[38.915005,48.441562],[38.915032,48.441562],[38.91504,48.441518],[38.914461,48.44167],[38.914619,48.44192]]]}},{"type":"Feature","properties":{"cadnum":"4423656400:01:018:0045"},"geometry":{"type":"Polygon","coordinates":[[[38.950484,48.500611],[38.950605,48.500581],[38.950515,48.500329],[38.950412,48.499986],[38.950326,48.499766],[38.950304,48.499709],[38.950282,48.499665],[38.950268,48.49963],[38.950219,48.499641],[38.950092,48.499668],[38.950129,48.499766],[38.950146,48.499807],[38.950178,48.499876],[38.950205,48.499948],[38.950295,48.500195],[38.950484,48.500611]]]}},{"type":"Feature","properties":{"cadnum":"4423656400:01:009:0029"},"geometry":{"type":"Polygon","coordinates":[[[38.912292,48.484427],[38.912373,48.484332],[38.911766,48.483948],[38.911604,48.483882],[38.911546,48.48395],[38.91151,48.483936],[38.911461,48.483992],[38.911493,48.484007],[38.911631,48.484064],[38.911807,48.48415],[38.912292,48.484427]]]}},{"type":"Feature","properties":{"cadnum":"4423656400:01:009:0045"},"geometry":{"type":"Polygon","coordinates":[[[38.910814,48.484495],[38.910927,48.484376],[38.910858,48.484365],[38.910837,48.484356],[38.910706,48.484311],[38.910518,48.484252],[38.910598,48.484162],[38.910562,48.48415],[38.910598,48.484115],[38.91063,48.484126],[38.910738,48.484014],[38.910791,48.483945],[38.910576,48.48387],[38.910571,48.483897],[38.910545,48.483963],[38.910464,48.484058],[38.910401,48.484159],[38.910315,48.484254],[38.910338,48.484263],[38.910325,48.484276],[38.910455,48.484329],[38.910508,48.484371],[38.910602,48.484409],[38.910598,48.484413],[38.910787,48.484484],[38.910814,48.484495]]]}},{"type":"Feature","properties":{"cadnum":"4423656400:01:011:0002"},"geometry":{"type":"Polygon","coordinates":[[[38.908491,48.485121],[38.908622,48.484856],[38.908298,48.484788],[38.908285,48.484808],[38.908222,48.484793],[38.908168,48.484903],[38.908145,48.484901],[38.908132,48.48493],[38.908151,48.484936],[38.908115,48.485007],[38.908294,48.485046],[38.908277,48.485076],[38.908491,48.485121]]]}},{"type":"Feature","properties":{"cadnum":"4423656400:01:009:0028"},"geometry":{"type":"Polygon","coordinates":[[[38.909656,48.486222],[38.909692,48.486196],[38.909745,48.486127],[38.909484,48.486022],[38.909319,48.485951],[38.909166,48.486124],[38.909296,48.486163],[38.909656,48.486222]]]}},{"type":"Feature","properties":{"cadnum":"4423656400:01:009:0027"},"geometry":{"type":"Polygon","coordinates":[[[38.909166,48.486124],[38.909319,48.485951],[38.909044,48.485835],[38.90895,48.485779],[38.908954,48.485773],[38.908757,48.485695],[38.90874,48.485728],[38.908541,48.485662],[38.908478,48.485764],[38.908411,48.48574],[38.908371,48.485797],[38.908434,48.485821],[38.908541,48.485856],[38.908744,48.485922],[38.908837,48.485954],[38.908793,48.486011],[38.909166,48.486124]]]}},{"type":"Feature","properties":{"cadnum":"4423656400:01:009:0014"},"geometry":{"type":"Polygon","coordinates":[[[38.908167,48.48446871900826],[38.908721,48.484558],[38.908766,48.484442],[38.908694,48.48443],[38.908711,48.484389],[38.908167,48.48429782681564],[38.908167,48.484297],[38.907899,48.484252],[38.907719,48.484266],[38.907679,48.484389],[38.907995,48.48444080327869],[38.907995,48.484441],[38.908065829268025,48.4844524146341],[38.908167,48.484469],[38.908167,48.48446871900826]]]}},{"type":"Feature","properties":{"cadnum":"4423656400:01:009:0043"},"geometry":{"type":"Polygon","coordinates":[[[38.91005,48.484222],[38.910095,48.484094],[38.909843,48.484043],[38.90952,48.483983],[38.90948,48.483981],[38.909417,48.483969],[38.909237,48.483936],[38.909229,48.483978],[38.909197,48.484067],[38.909197,48.48407],[38.909516,48.484118],[38.91005,48.484222]]]}},{"type":"Feature","properties":{"cadnum":"4423656400:01:009:0046"},"geometry":{"type":"Polygon","coordinates":[[[38.908883,48.484124],[38.90891,48.484043],[38.90887,48.484038],[38.908883,48.483998],[38.908883,48.483987],[38.908635,48.48395],[38.908335,48.483894],[38.908285,48.484001],[38.908717,48.4841],[38.908843,48.48412],[38.908883,48.484124]]]}},{"type":"Feature","properties":{"cadnum":"4423656400:01:011:0003"},"geometry":{"type":"Polygon","coordinates":[[[38.908167,48.485389223880595],[38.908263,48.48541],[38.908317,48.4853],[38.908167,48.48526739130435],[38.908167,48.485267],[38.907706,48.485166],[38.907648,48.485276],[38.908167,48.48539],[38.908167,48.485389223880595]]]}},{"type":"Feature","properties":{"cadnum":"4423656400:08:001:0005"},"geometry":{"type":"Polygon","coordinates":[[[38.942179,48.515225],[38.942238,48.515204],[38.942192,48.515151],[38.942134,48.515171],[38.942179,48.515225]]]}},{"type":"Feature","properties":{"cadnum":"4423656400:01:009:0009"},"geometry":{"type":"Polygon","coordinates":[[[38.733558,48.405422],[38.73438,48.40538],[38.73438,48.40523],[38.73367,48.405245],[38.733357,48.405225],[38.733248,48.405398],[38.733324,48.405413],[38.733558,48.405422]]]}},{"type":"Feature","properties":{"cadnum":"4423656400:02:003:0084"},"geometry":{"type":"Polygon","coordinates":[[[38.882014,48.458082],[38.881821,48.458138],[38.88183490405904,48.458295],[38.881834,48.458295],[38.88184111618258,48.458365145228285],[38.881845,48.458409],[38.88184556521739,48.458409],[38.881848,48.458433],[38.881907,48.458529],[38.882194,48.458448],[38.882119,48.458295],[38.882118220183486,48.458295],[38.882014,48.458082]]]}},{"type":"Feature","properties":{"cadnum":"4423656400:01:014:0008"},"geometry":{"type":"Polygon","coordinates":[[[38.906772,48.470761],[38.907086,48.470746],[38.907103,48.470478],[38.907103,48.470454],[38.90679,48.470441],[38.906772,48.470761]]]}},{"type":"Feature","properties":{"cadnum":"4423656400:01:014:0019"},"geometry":{"type":"Polygon","coordinates":[[[38.906614,48.472011],[38.906466,48.472014],[38.906407,48.472011],[38.906377,48.472011],[38.906296,48.472014],[38.906296,48.47219],[38.906241,48.472699],[38.9062362688172,48.472864],[38.906236,48.472864],[38.906234891625616,48.47291202955674],[38.906233,48.472978],[38.90623336923077,48.472978],[38.906233,48.472994],[38.90657,48.472976],[38.906614,48.472011]]]}},{"type":"Feature","properties":{"cadnum":"4423656400:01:015:0028"},"geometry":{"type":"Polygon","coordinates":[[[38.905172,48.471653],[38.905338,48.470757],[38.905191,48.470746],[38.905074,48.471481],[38.905061,48.471481],[38.905038,48.471644],[38.905172,48.471653]]]}},{"type":"Feature","properties":{"cadnum":"4423656400:01:015:0031"},"geometry":{"type":"Polygon","coordinates":[[[38.903466,48.471576],[38.903466,48.471534],[38.90347,48.471523],[38.903474,48.471439],[38.90348,48.471362],[38.903493,48.471123],[38.903515,48.470808],[38.903376,48.470805],[38.90338,48.4706],[38.9033,48.4706],[38.903281,48.470948],[38.903264,48.471347],[38.903254,48.47152],[38.903254,48.471573],[38.903331,48.471573],[38.903331,48.47152],[38.903398,48.47152],[38.903394,48.471573],[38.903466,48.471576]]]}},{"type":"Feature","properties":{"cadnum":"4423656400:01:014:0009"},"geometry":{"type":"Polygon","coordinates":[[[38.907103,48.470478],[38.907459,48.470474],[38.907405,48.469894],[38.907145,48.469882],[38.907126,48.470064],[38.907103,48.470454],[38.907103,48.470478]]]}},{"type":"Feature","properties":{"cadnum":"4423656400:01:015:0020"},"geometry":{"type":"Polygon","coordinates":[[[38.904252,48.471556],[38.904337,48.470662],[38.904136,48.470647],[38.90405,48.47154],[38.904252,48.471556]]]}},{"type":"Feature","properties":{"cadnum":"4423656400:01:015:0023"},"geometry":{"type":"Polygon","coordinates":[[[38.903281,48.470948],[38.903304,48.47054],[38.902967,48.470534],[38.902958,48.470948],[38.903281,48.470948]]]}},{"type":"Feature","properties":{"cadnum":"4423656400:01:014:0007"},"geometry":{"type":"Polygon","coordinates":[[[38.907103,48.470454],[38.907126,48.470064],[38.907145,48.469882],[38.906812,48.469861],[38.906812,48.470055],[38.90679,48.470441],[38.907103,48.470454]]]}},{"type":"Feature","properties":{"cadnum":"4423656400:01:015:0015"},"geometry":{"type":"Polygon","coordinates":[[[38.904396,48.470412],[38.904669,48.470397],[38.904669,48.469697],[38.904598,48.4697],[38.904579,48.469745],[38.904405,48.469748],[38.904396,48.470412]]]}},{"type":"Feature","properties":{"cadnum":"4423656400:01:015:0017"},"geometry":{"type":"Polygon","coordinates":[[[38.905752,48.470633],[38.905811,48.469962],[38.905815,48.469918],[38.905824,48.469843],[38.905744,48.469837],[38.905711,48.469834],[38.905654,48.469828],[38.905599,48.46981],[38.905554,48.469807],[38.905482,48.47062],[38.905752,48.470633]]]}},{"type":"Feature","properties":{"cadnum":"4423656400:01:014:0014"},"geometry":{"type":"Polygon","coordinates":[[[38.903157,48.47252],[38.903444,48.472478],[38.903403,48.472335],[38.903371,48.472178],[38.903241,48.47219],[38.903214,48.472088],[38.903187,48.472026],[38.903178,48.472002],[38.903151,48.471909],[38.903142,48.471847],[38.902891,48.47188],[38.902908,48.471942],[38.902962,48.472068],[38.902981,48.472125],[38.903157,48.47252]]]}},{"type":"Feature","properties":{"cadnum":"4423656400:01:015:0022"},"geometry":{"type":"Polygon","coordinates":[[[38.903254,48.47152],[38.903281,48.470948],[38.902958,48.470948],[38.902945,48.471386],[38.902945,48.47152],[38.903254,48.47152]]]}},{"type":"Feature","properties":{"cadnum":"4423656400:06:001:0009"},"geometry":{"type":"Polygon","coordinates":[[[38.865948,48.468551],[38.866145,48.468539],[38.866945,48.468485],[38.867079,48.468476],[38.86734,48.468461],[38.867533,48.468446],[38.867676,48.468437],[38.868404,48.46839],[38.868198,48.468074],[38.867942,48.468125],[38.867619,48.468226],[38.8672,48.468355],[38.866864,48.468092],[38.865907,48.468318],[38.865948,48.468551]]]}},{"type":"Feature","properties":{"cadnum":"4423656400:01:016:0002"},"geometry":{"type":"Polygon","coordinates":[[[38.93382,48.496605],[38.933936,48.496447],[38.934152,48.496162],[38.933869,48.495998],[38.933582,48.495962],[38.933286,48.495909],[38.933204,48.496114],[38.93302,48.496054],[38.932921,48.496167],[38.932827,48.49646],[38.933003,48.496492],[38.933052,48.496495],[38.933052,48.496477],[38.933573,48.496564],[38.93382,48.496605]],[[38.933667,48.496561],[38.933011,48.496442],[38.933119,48.496182],[38.93377,48.496299],[38.933667,48.496561]]]}},{"type":"Feature","properties":{"cadnum":"4423656400:09:002:0035"},"geometry":{"type":"Polygon","coordinates":[[[38.901746,48.459595],[38.901646,48.459255],[38.901404,48.459291],[38.901507,48.459589],[38.901746,48.459595]]]}},{"type":"Feature","properties":{"cadnum":"4423656400:09:003:0140"},"geometry":{"type":"Polygon","coordinates":[[[38.901306,48.459896],[38.901782,48.459827],[38.901813,48.459816],[38.901813,48.459792],[38.901809,48.459729],[38.901772,48.459622],[38.901256,48.45969],[38.901306,48.459896]]]}},{"type":"Feature","properties":{"cadnum":"4423656400:09:002:0036"},"geometry":{"type":"Polygon","coordinates":[[[38.901683,48.460965],[38.901822,48.460953],[38.901845,48.460932],[38.901899,48.460944],[38.90192,48.460905],[38.902055,48.460959],[38.902159,48.460911],[38.902226,48.460909],[38.902182,48.460712],[38.902176,48.460682],[38.902128,48.460688],[38.901962,48.460706],[38.90166,48.460772],[38.901683,48.460965]]]}},{"type":"Feature","properties":{"cadnum":"4423656400:09:002:0046"},"geometry":{"type":"Polygon","coordinates":[[[38.899679,48.46177],[38.899819,48.461761],[38.899868,48.461751],[38.899981,48.461715],[38.899994,48.461689],[38.900048,48.461474],[38.899702,48.461492],[38.899698,48.461578],[38.899679,48.46177]],[[38.899949,48.461531],[38.899975,48.461531],[38.899975,48.461549],[38.899949,48.461549],[38.899949,48.461531]]]}},{"type":"Feature","properties":{"cadnum":"4423656400:01:024:0002"},"geometry":{"type":"Polygon","coordinates":[[[38.90074,48.461594],[38.901103,48.461552],[38.90153,48.461525],[38.901503,48.461353],[38.901463,48.461355],[38.901337,48.461364],[38.901148,48.461373],[38.901076,48.461379],[38.901036,48.461382],[38.901009,48.461385],[38.900887,48.461394],[38.900887,48.461403],[38.900717,48.461412],[38.90074,48.461594]]]}},{"type":"Feature","properties":{"cadnum":"4423656400:01:024:0006"},"geometry":{"type":"Polygon","coordinates":[[[38.899679,48.461781],[38.899823,48.461775],[38.899868,48.461766],[38.899981,48.461728],[38.899994,48.461701],[38.900048,48.461486],[38.899702,48.461504],[38.899698,48.461591],[38.899679,48.461781]],[[38.899949,48.461543],[38.899975,48.461543],[38.899975,48.461561],[38.899949,48.461561],[38.899949,48.461543]]]}},{"type":"Feature","properties":{"cadnum":"4423656400:01:024:0046"},"geometry":{"type":"Polygon","coordinates":[[[38.899679,48.461781],[38.899823,48.461775],[38.899868,48.461766],[38.899981,48.461728],[38.899994,48.461701],[38.900048,48.461486],[38.899702,48.461504],[38.899698,48.461591],[38.899679,48.461781]],[[38.899949,48.461543],[38.899975,48.461543],[38.899975,48.461561],[38.899949,48.461561],[38.899949,48.461543]]]}},{"type":"Feature","properties":{"cadnum":"4423656400:02:001:0008"},"geometry":{"type":"Polygon","coordinates":[[[38.897811,48.461123],[38.89795,48.461046],[38.897555,48.460783],[38.897407,48.460691],[38.897317,48.460622],[38.897195,48.460697],[38.897407,48.460834],[38.897811,48.461123]]]}},{"type":"Feature","properties":{"cadnum":"4423656400:09:002:0122"},"geometry":{"type":"Polygon","coordinates":[[[38.900434,48.461808],[38.900452,48.461739],[38.900447,48.461596],[38.90043,48.461513],[38.900312,48.461525],[38.900312,48.461546],[38.900228,48.461549],[38.900092,48.461554],[38.900057,48.461662],[38.900021,48.461799],[38.900434,48.461808]]]}},{"type":"Feature","properties":{"cadnum":"4423656400:01:008:0014"},"geometry":{"type":"Polygon","coordinates":[[[38.899113,48.489464],[38.899275,48.489161],[38.899379,48.488958],[38.899046,48.488886],[38.89879,48.489342],[38.898929,48.489393],[38.898925,48.489398],[38.89901,48.489429],[38.89901,48.489426],[38.899113,48.489464]]]}},{"type":"Feature","properties":{"cadnum":"4423656400:01:005:0013"},"geometry":{"type":"Polygon","coordinates":[[[38.890593,48.492783],[38.890624,48.492706],[38.8907,48.492467],[38.890346,48.492399],[38.890306,48.492581],[38.890297,48.492626],[38.890297,48.492643],[38.890278,48.492712],[38.890278,48.492714],[38.890274,48.492732],[38.890593,48.492783]]]}},{"type":"Feature","properties":{"cadnum":"4423656400:02:003:0132"},"geometry":{"type":"Polygon","coordinates":[[[38.860091,48.457864],[38.861775,48.457593],[38.862363,48.457516],[38.861645,48.455395],[38.861537,48.455085],[38.860032,48.455312],[38.859264,48.455425],[38.860091,48.457864]],[[38.861564,48.455508],[38.861632,48.455508],[38.861632,48.455553],[38.861564,48.455553],[38.861564,48.455508]]]}},{"type":"Feature","properties":{"cadnum":"4423656400:16:001:0001"},"geometry":{"type":"Polygon","coordinates":[[[38.936655,48.50876],[38.936712,48.508738],[38.936668,48.508685],[38.936609,48.508705],[38.936655,48.50876]]]}},{"type":"Feature","properties":{"cadnum":"4423656400:02:003:0115"},"geometry":{"type":"Polygon","coordinates":[[[38.853799,48.453825],[38.854108,48.453247],[38.854225,48.452839],[38.854068,48.452782],[38.853636,48.453265],[38.853241,48.453706],[38.853799,48.453825]]]}},{"type":"Feature","properties":{"cadnum":"4423656400:01:008:0015"},"geometry":{"type":"Polygon","coordinates":[[[38.896163,48.491033],[38.896517,48.490691],[38.896607,48.490592],[38.896413,48.490477],[38.896253,48.490611],[38.895983,48.490947],[38.896163,48.491033]]]}},{"type":"Feature","properties":{"cadnum":"4423656400:09:003:0198"},"geometry":{"type":"Polygon","coordinates":[[[38.913531,48.461481],[38.913598,48.461459],[38.913545,48.46128],[38.913455,48.461123],[38.913315,48.461144],[38.913432,48.461492],[38.913445,48.461492],[38.913459,48.461537],[38.913445,48.461537],[38.913488,48.46166107291666],[38.913488,48.461662],[38.913541,48.461814],[38.913702,48.46179],[38.913608,48.461525],[38.91359,48.461519],[38.913487,48.461534],[38.913474,48.461486],[38.913488,48.461484771929825],[38.913488,48.461485],[38.913531,48.461481]]]}},{"type":"Feature","properties":{"cadnum":"4423656400:09:002:0069"},"geometry":{"type":"Polygon","coordinates":[[[38.917942,48.466234],[38.918189,48.46618],[38.918202,48.466177],[38.918099,48.46596],[38.917835,48.466019],[38.917942,48.466234]]]}},{"type":"Feature","properties":{"cadnum":"4423656400:09:002:0077"},"geometry":{"type":"Polygon","coordinates":[[[38.918086,48.465915],[38.918346,48.465856],[38.918235,48.465644],[38.917969,48.465704],[38.918086,48.465915]]]}},{"type":"Feature","properties":{"cadnum":"4423656400:09:002:0063"},"geometry":{"type":"Polygon","coordinates":[[[38.917506,48.466576],[38.917772,48.466514],[38.917673,48.4663],[38.917376,48.466371],[38.917506,48.466576]]]}},{"type":"Feature","properties":{"cadnum":"4423656400:09:002:0064"},"geometry":{"type":"Polygon","coordinates":[[[38.917772,48.466514],[38.918036,48.466451],[38.917942,48.466234],[38.917673,48.4663],[38.917772,48.466514]]]}},{"type":"Feature","properties":{"cadnum":"4423656400:09:002:0076"},"geometry":{"type":"Polygon","coordinates":[[[38.917812,48.465978],[38.918086,48.465915],[38.917969,48.465704],[38.917703,48.465769],[38.917812,48.465978]]]}},{"type":"Feature","properties":{"cadnum":"4423656400:09:002:0055"},"geometry":{"type":"Polygon","coordinates":[[[38.917372,48.466892],[38.917642,48.46683],[38.917623,48.466794],[38.917539,48.466647],[38.91752,48.466615],[38.917264,48.46668],[38.917179,48.466707],[38.917147,48.466725],[38.917129,48.466752],[38.917111,48.466862],[38.917331,48.466814],[38.917372,48.466892]]]}},{"type":"Feature","properties":{"cadnum":"4423656400:09:002:0070"},"geometry":{"type":"Polygon","coordinates":[[[38.918202,48.466177],[38.918481,48.466115],[38.918369,48.465894],[38.918099,48.46596],[38.918202,48.466177]]]}},{"type":"Feature","properties":{"cadnum":"4423656400:09:002:0049"},"geometry":{"type":"Polygon","coordinates":[[[38.918279,48.466922],[38.918552,48.466856],[38.918441,48.466638],[38.918176,48.466704],[38.918279,48.466922]]]}},{"type":"Feature","properties":{"cadnum":"4423656400:09:002:0071"},"geometry":{"type":"Polygon","coordinates":[[[38.918481,48.466115],[38.918746,48.466049],[38.918638,48.465832],[38.918369,48.465894],[38.918481,48.466115]]]}},{"type":"Feature","properties":{"cadnum":"4423656400:09:002:0057"},"geometry":{"type":"Polygon","coordinates":[[[38.918441,48.466638],[38.918705,48.466576],[38.91898,48.466517],[38.918864,48.466305],[38.918594,48.466368],[38.918324,48.466428],[38.918441,48.466638]]]}},{"type":"Feature","properties":{"cadnum":"4423656400:09:002:0074"},"geometry":{"type":"Polygon","coordinates":[[[38.917017,48.466183],[38.917543,48.466049],[38.91743,48.465828],[38.917151,48.465891],[38.917156,48.465894],[38.9169,48.465954],[38.917017,48.466183]]]}},{"type":"Feature","properties":{"cadnum":"4423656400:09:002:0056"},"geometry":{"type":"Polygon","coordinates":[[[38.917642,48.46683],[38.917911,48.466764],[38.918176,48.466704],[38.918059,48.46649],[38.917789,48.466549],[38.917569,48.466603],[38.91752,48.466615],[38.917539,48.466647],[38.917623,48.466794],[38.917642,48.46683]]]}},{"type":"Feature","properties":{"cadnum":"4423656400:09:002:0075"},"geometry":{"type":"Polygon","coordinates":[[[38.917543,48.466049],[38.917812,48.465984],[38.917812,48.465978],[38.917703,48.465769],[38.91743,48.465828],[38.917543,48.466049]]]}},{"type":"Feature","properties":{"cadnum":"4423656400:09:002:0048"},"geometry":{"type":"Polygon","coordinates":[[[38.918019,48.466978],[38.918279,48.466922],[38.918176,48.466704],[38.917911,48.466764],[38.918019,48.466978]]]}},{"type":"Feature","properties":{"cadnum":"4423656400:09:002:0068"},"geometry":{"type":"Polygon","coordinates":[[[38.917673,48.4663],[38.917942,48.466234],[38.917835,48.466019],[38.91756,48.466084],[38.917673,48.4663]]]}},{"type":"Feature","properties":{"cadnum":"4423656400:08:001:0003"},"geometry":{"type":"Polygon","coordinates":[[[38.938725,48.511179],[38.938779,48.511158],[38.938733,48.511107],[38.93868,48.511128],[38.938725,48.511179]]]}},{"type":"Feature","properties":{"cadnum":"4423656400:01:022:0004"},"geometry":{"type":"Polygon","coordinates":[[[38.936187,48.480122],[38.936187,48.479988],[38.935823,48.480261],[38.93582465254238,48.480261],[38.935661,48.480384],[38.935461,48.480393],[38.935461,48.48039329783694],[38.934431,48.480437],[38.93037,48.481051],[38.930393,48.481116],[38.931313,48.480977],[38.934444,48.480506],[38.935461,48.48046152228764],[38.935461,48.480462],[38.93557715655562,48.48045644227007],[38.935633,48.480454],[38.935633,48.480453770334925],[38.93567,48.480452],[38.936343,48.480849],[38.936335,48.480816],[38.936272,48.480435],[38.936220933701655,48.48024948066296],[38.936187,48.480122]]]}},{"type":"Feature","properties":{"cadnum":"4423656400:09:003:0171"},"geometry":{"type":"Polygon","coordinates":[[[38.927244,48.452544],[38.927523,48.452488],[38.927401,48.452309],[38.927284,48.452053],[38.926944,48.452124],[38.927244,48.452544]]]}},{"type":"Feature","properties":{"cadnum":"4423656400:09:003:0346"},"geometry":{"type":"Polygon","coordinates":[[[38.927231,48.451806],[38.927527,48.451764],[38.92746,48.451552],[38.927164,48.4516],[38.927231,48.451806]]]}},{"type":"Feature","properties":{"cadnum":"4423656400:09:003:0205"},"geometry":{"type":"Polygon","coordinates":[[[38.926835,48.454186],[38.927433,48.453998],[38.927451,48.453989],[38.927514,48.453965],[38.927424,48.453893],[38.927397,48.453888],[38.92671,48.454105],[38.926835,48.454186]]]}},{"type":"Feature","properties":{"cadnum":"4423656400:09:003:0242"},"geometry":{"type":"Polygon","coordinates":[[[38.927437,48.453679],[38.927473,48.45367],[38.92763,48.453641],[38.927536,48.453376],[38.927208,48.453429],[38.92728,48.453536],[38.927437,48.453679]]]}},{"type":"Feature","properties":{"cadnum":"4423656400:09:003:0142"},"geometry":{"type":"Polygon","coordinates":[[[38.926965,48.453155],[38.927271,48.453104],[38.927487,48.453069],[38.927388,48.452818],[38.927164,48.452845],[38.926948,48.452877],[38.926988,48.453006],[38.926971,48.453054],[38.926965,48.453116],[38.926965,48.453155]]]}},{"type":"Feature","properties":{"cadnum":"4423656400:09:003:0329"},"geometry":{"type":"Polygon","coordinates":[[[38.926921,48.451391],[38.927271,48.451329],[38.927177,48.451144],[38.926871,48.451192],[38.926921,48.451391]]]}},{"type":"Feature","properties":{"cadnum":"4423656400:09:003:0361"},"geometry":{"type":"Polygon","coordinates":[[[38.926579,48.451448],[38.926921,48.451391],[38.926871,48.451192],[38.926512,48.451252],[38.926579,48.451448]]]}},{"type":"Feature","properties":{"cadnum":"4423656400:09:003:0207"},"geometry":{"type":"Polygon","coordinates":[[[38.926592,48.454028],[38.927194,48.45384],[38.927047,48.453762],[38.926867,48.453816],[38.926468,48.453947],[38.926592,48.454028]]]}},{"type":"Feature","properties":{"cadnum":"4423656400:09:003:0215"},"geometry":{"type":"Polygon","coordinates":[[[38.926489,48.451912],[38.926759,48.451856],[38.926665,48.45165],[38.926395,48.45171],[38.926489,48.451912]]]}},{"type":"Feature","properties":{"cadnum":"4423656400:09:003:0313"},"geometry":{"type":"Polygon","coordinates":[[[38.926139,48.451325],[38.926512,48.451252],[38.926427,48.451067],[38.926055,48.451129],[38.926139,48.451325]]]}},{"type":"Feature","properties":{"cadnum":"4423656400:09:003:0222"},"geometry":{"type":"Polygon","coordinates":[[[38.926521,48.454558],[38.927082,48.454438],[38.92684,48.454242],[38.926206,48.454406],[38.926274,48.454511],[38.926472,48.454454],[38.926521,48.454558]]]}},{"type":"Feature","properties":{"cadnum":"4423656400:09:003:0208"},"geometry":{"type":"Polygon","coordinates":[[[38.926219,48.453795],[38.926772,48.453617],[38.926642,48.453524],[38.926085,48.453714],[38.926219,48.453795]]]}},{"type":"Feature","properties":{"cadnum":"4423656400:09:003:0245"},"geometry":{"type":"Polygon","coordinates":[[[38.927365,48.45278],[38.927599,48.45274],[38.927496,48.452479],[38.927267,48.452515],[38.927365,48.45278]]]}},{"type":"Feature","properties":{"cadnum":"4423656400:09:003:0218"},"geometry":{"type":"Polygon","coordinates":[[[38.926395,48.45171],[38.926665,48.45165],[38.926579,48.451445],[38.926301,48.451493],[38.926395,48.45171]]]}},{"type":"Feature","properties":{"cadnum":"4423656400:09:003:0204"},"geometry":{"type":"Polygon","coordinates":[[[38.926965,48.454263],[38.927581,48.454081],[38.927477,48.454012],[38.927451,48.453989],[38.927433,48.453998],[38.926835,48.454186],[38.926965,48.454263]]]}},{"type":"Feature","properties":{"cadnum":"4423656400:09:003:0216"},"geometry":{"type":"Polygon","coordinates":[[[38.926921,48.452836],[38.927141,48.452813],[38.927042,48.45255],[38.926818,48.452586],[38.926871,48.452716],[38.926921,48.452836]]]}},{"type":"Feature","properties":{"cadnum":"4423656400:09:003:0236"},"geometry":{"type":"Polygon","coordinates":[[[38.926975,48.452237],[38.927038,48.452225],[38.927208,48.452184],[38.926971,48.451868],[38.926827,48.451895],[38.926975,48.452237]]]}},{"type":"Feature","properties":{"cadnum":"4423656400:09:003:0217"},"geometry":{"type":"Polygon","coordinates":[[[38.926215,48.451969],[38.926489,48.451912],[38.926395,48.45171],[38.926126,48.451767],[38.926215,48.451969]]]}},{"type":"Feature","properties":{"cadnum":"4423656400:09:003:0206"},"geometry":{"type":"Polygon","coordinates":[[[38.92671,48.454105],[38.927397,48.453888],[38.927194,48.45384],[38.926592,48.454028],[38.92671,48.454105]]]}},{"type":"Feature","properties":{"cadnum":"4423656400:09:003:0296"},"geometry":{"type":"Polygon","coordinates":[[[38.927271,48.451329],[38.927554,48.451281],[38.927504,48.451091],[38.927177,48.451144],[38.927271,48.451329]]]}},{"type":"Feature","properties":{"cadnum":"4423656400:09:003:0229"},"geometry":{"type":"Polygon","coordinates":[[[38.925047,48.451645],[38.925151,48.451621],[38.925223,48.451609],[38.92521,48.451558],[38.925057,48.451254],[38.924823,48.451299],[38.924923,48.451528],[38.924904,48.451546],[38.924927,48.451588],[38.924908,48.45159],[38.924923,48.451614],[38.92498,48.451641],[38.925047,48.451645]]]}},{"type":"Feature","properties":{"cadnum":"4423656400:09:003:0237"},"geometry":{"type":"Polygon","coordinates":[[[38.925668,48.451806],[38.925883,48.451755],[38.925776,48.451508],[38.92555,48.451546],[38.925668,48.451806]]]}},{"type":"Feature","properties":{"cadnum":"4423656400:09:003:0193"},"geometry":{"type":"Polygon","coordinates":[[[38.925888,48.45176],[38.926099,48.45171],[38.925996,48.451477],[38.925965,48.451475],[38.925776,48.451508],[38.925888,48.45176]]]}},{"type":"Feature","properties":{"cadnum":"4423656400:09:001:0193"},"geometry":{"type":"Polygon","coordinates":[[[38.925888,48.45176],[38.926099,48.45171],[38.925996,48.451477],[38.925965,48.451475],[38.925776,48.451508],[38.925888,48.45176]]]}},{"type":"Feature","properties":{"cadnum":"4423656400:09:003:0235"},"geometry":{"type":"Polygon","coordinates":[[[38.925996,48.452014],[38.926215,48.451969],[38.926126,48.451767],[38.926099,48.45171],[38.925883,48.451758],[38.925996,48.452014]]]}},{"type":"Feature","properties":{"cadnum":"4423656400:09:003:0212"},"geometry":{"type":"Polygon","coordinates":[[[38.926206,48.454406],[38.92684,48.454242],[38.926625,48.454105],[38.926,48.454266],[38.926206,48.454406]]]}},{"type":"Feature","properties":{"cadnum":"4423656400:09:003:0213"},"geometry":{"type":"Polygon","coordinates":[[[38.925861,48.453569],[38.926431,48.453381],[38.926301,48.453298],[38.92573,48.453489],[38.925861,48.453569]]]}},{"type":"Feature","properties":{"cadnum":"4423656400:09:003:0196"},"geometry":{"type":"Polygon","coordinates":[[[38.925906,48.452634],[38.926615,48.452574],[38.926638,48.452565],[38.926279,48.452389],[38.926126,48.452407],[38.926068,48.452419],[38.926072,48.452434],[38.925896,48.452473],[38.925888,48.452506],[38.925869,48.452547],[38.925906,48.452634]]]}},{"type":"Feature","properties":{"cadnum":"4423656400:09:003:0234"},"geometry":{"type":"Polygon","coordinates":[[[38.926036,48.452336],[38.926274,48.452312],[38.926144,48.452029],[38.925923,48.452067],[38.926036,48.452336]]]}},{"type":"Feature","properties":{"cadnum":"4423656400:09:003:0219"},"geometry":{"type":"Polygon","coordinates":[[[38.926103,48.45146],[38.925969,48.451099],[38.925739,48.451141],[38.925861,48.451439],[38.925982,48.451418],[38.925996,48.451433],[38.926103,48.45146]]]}},{"type":"Feature","properties":{"cadnum":"4423656400:09:003:0197"},"geometry":{"type":"Polygon","coordinates":[[[38.925776,48.452058],[38.926,48.452014],[38.925888,48.45176],[38.925672,48.451806],[38.925776,48.452058]]]}},{"type":"Feature","properties":{"cadnum":"4423656400:09:003:0141"},"geometry":{"type":"Polygon","coordinates":[[[38.926799,48.45227],[38.926975,48.452237],[38.926827,48.451895],[38.926682,48.451925],[38.926799,48.45227]]]}},{"type":"Feature","properties":{"cadnum":"4423656400:09:003:0262"},"geometry":{"type":"Polygon","coordinates":[[[38.926068,48.454067],[38.926319,48.453977],[38.925726,48.45361],[38.92547,48.4537],[38.926068,48.454067]]]}},{"type":"Feature","properties":{"cadnum":"4423656400:09:003:0230"},"geometry":{"type":"Polygon","coordinates":[[[38.927168,48.452488],[38.92737,48.452455],[38.927401,48.452434],[38.927343,48.452327],[38.927208,48.452184],[38.927038,48.452225],[38.927168,48.452488]]]}},{"type":"Feature","properties":{"cadnum":"4423656400:09:003:0228"},"geometry":{"type":"Polygon","coordinates":[[[38.92521,48.451558],[38.92542,48.451522],[38.925636,48.451481],[38.92551,48.451183],[38.925286,48.451219],[38.925057,48.451254],[38.92521,48.451558]]]}},{"type":"Feature","properties":{"cadnum":"4423656400:09:003:0226"},"geometry":{"type":"Polygon","coordinates":[[[38.927141,48.452813],[38.927365,48.45278],[38.927267,48.452515],[38.927042,48.45255],[38.927141,48.452813]]]}},{"type":"Feature","properties":{"cadnum":"4423656400:09:003:0238"},"geometry":{"type":"Polygon","coordinates":[[[38.92542,48.451862],[38.925668,48.451806],[38.92555,48.451546],[38.925263,48.451606],[38.92542,48.451862]]]}},{"type":"Feature","properties":{"cadnum":"4423656400:09:003:0333"},"geometry":{"type":"Polygon","coordinates":[[[38.92776,48.451508],[38.928017,48.451477],[38.92795,48.451263],[38.927648,48.451314],[38.92776,48.451508]]]}},{"type":"Feature","properties":{"cadnum":"4423656400:09:003:0144"},"geometry":{"type":"Polygon","coordinates":[[[38.928911,48.454334],[38.929081,48.454317],[38.929292,48.454286],[38.929189,48.453998],[38.929009,48.454034],[38.928812,48.454063],[38.928785,48.454069],[38.928875,48.454334],[38.928911,48.454334]]]}},{"type":"Feature","properties":{"cadnum":"4423656400:09:003:0276"},"geometry":{"type":"Polygon","coordinates":[[[38.929338,48.451755],[38.929588,48.451716],[38.929567,48.451493],[38.929284,48.451534],[38.929338,48.451755]]]}},{"type":"Feature","properties":{"cadnum":"4423656400:09:003:0384"},"geometry":{"type":"Polygon","coordinates":[[[38.928017,48.451477],[38.928318,48.451418],[38.928246,48.451219],[38.92795,48.451263],[38.928017,48.451477]]]}},{"type":"Feature","properties":{"cadnum":"4423656400:09:003:0221"},"geometry":{"type":"Polygon","coordinates":[[[38.928978,48.452833],[38.929167,48.452804],[38.929229,48.452795],[38.929162,48.452568],[38.928902,48.452601],[38.928978,48.452833]]]}},{"type":"Feature","properties":{"cadnum":"4423656400:09:003:0250"},"geometry":{"type":"Polygon","coordinates":[[[38.928655,48.454374],[38.928875,48.454334],[38.928785,48.454069],[38.928619,48.454096],[38.92856,48.454108],[38.928655,48.454374]]]}},{"type":"Feature","properties":{"cadnum":"4423656400:09:003:0223"},"geometry":{"type":"Polygon","coordinates":[[[38.929508,48.452473],[38.929764,48.452446],[38.929791,48.452422],[38.929781,48.452177],[38.929714,48.452181],[38.929427,48.452241],[38.929508,48.452473]]]}},{"type":"Feature","properties":{"cadnum":"4423656400:09:003:0194"},"geometry":{"type":"Polygon","coordinates":[[[38.928296,48.453527],[38.928525,48.453489],[38.928422,48.453239],[38.928196,48.453274],[38.928296,48.453527]]]}},{"type":"Feature","properties":{"cadnum":"4423656400:09:003:0303"},"geometry":{"type":"Polygon","coordinates":[[[38.929265,48.45149],[38.929562,48.451442],[38.929504,48.451234],[38.929216,48.451275],[38.929265,48.45149]]]}},{"type":"Feature","properties":{"cadnum":"4423656400:09:003:0225"},"geometry":{"type":"Polygon","coordinates":[[[38.927599,48.45274],[38.92794,48.452681],[38.92772,48.452556],[38.927657,48.452511],[38.927559,48.452488],[38.927531,48.452475],[38.927496,48.452479],[38.927599,48.45274]]]}},{"type":"Feature","properties":{"cadnum":"4423656400:09:003:0239"},"geometry":{"type":"Polygon","coordinates":[[[38.928076,48.453569],[38.928089,48.453566],[38.928296,48.453527],[38.928196,48.453271],[38.92798,48.453307],[38.928076,48.453569]]]}},{"type":"Feature","properties":{"cadnum":"4423656400:09:003:0338"},"geometry":{"type":"Polygon","coordinates":[[[38.929072,48.451793],[38.929338,48.451755],[38.929284,48.451534],[38.929018,48.451582],[38.929072,48.451793]]]}},{"type":"Feature","properties":{"cadnum":"4423656400:09:003:0254"},"geometry":{"type":"Polygon","coordinates":[[[38.928996,48.453405],[38.929234,48.453372],[38.929167,48.453092],[38.928919,48.453134],[38.928996,48.453405]]]}},{"type":"Feature","properties":{"cadnum":"4423656400:09:003:0246"},"geometry":{"type":"Polygon","coordinates":[[[38.928812,48.454063],[38.929009,48.454034],[38.928978,48.453879],[38.928942,48.453738],[38.928753,48.453769],[38.928812,48.454063]]]}},{"type":"Feature","properties":{"cadnum":"4423656400:09:003:0285"},"geometry":{"type":"Polygon","coordinates":[[[38.928942,48.451323],[38.929216,48.451275],[38.929126,48.451075],[38.928829,48.45112],[38.928942,48.451323]]]}},{"type":"Feature","properties":{"cadnum":"4423656400:09:003:0149"},"geometry":{"type":"Polygon","coordinates":[[[38.929009,48.454034],[38.929189,48.453998],[38.929211,48.453995],[38.929171,48.453811],[38.929238,48.453793],[38.929175,48.453718],[38.929131,48.453712],[38.929077,48.453718],[38.928942,48.453738],[38.928978,48.453879],[38.929009,48.454034]]]}},{"type":"Feature","properties":{"cadnum":"4423656400:09:003:0258"},"geometry":{"type":"Polygon","coordinates":[[[38.929643,48.453363],[38.929575,48.453027],[38.929378,48.45306],[38.929449,48.453358],[38.92958,48.453348],[38.929643,48.453363]]]}},{"type":"Feature","properties":{"cadnum":"4423656400:09:003:0200"},"geometry":{"type":"Polygon","coordinates":[[[38.93042,48.454173],[38.93025,48.453977],[38.929968,48.454019],[38.929968,48.45401907517085],[38.929701,48.454058],[38.929912,48.45426],[38.929968,48.45425042105263],[38.929968,48.454251],[38.93042,48.454173]]]}},{"type":"Feature","properties":{"cadnum":"4423656400:09:003:0209"},"geometry":{"type":"Polygon","coordinates":[[[38.929292,48.454286],[38.929498,48.454254],[38.929395,48.453959],[38.929211,48.453995],[38.929189,48.453998],[38.929292,48.454286]]]}},{"type":"Feature","properties":{"cadnum":"4423656400:09:003:0375"},"geometry":{"type":"Polygon","coordinates":[[[38.928789,48.45185],[38.929072,48.451793],[38.929018,48.451582],[38.928766,48.451612],[38.928789,48.45185]]]}},{"type":"Feature","properties":{"cadnum":"4423656400:09:003:0286"},"geometry":{"type":"Polygon","coordinates":[[[38.926791,48.451654],[38.927164,48.4516],[38.927055,48.451413],[38.926661,48.451477],[38.926791,48.451654]]]}},{"type":"Feature","properties":{"cadnum":"4423656400:09:003:0253"},"geometry":{"type":"Polygon","coordinates":[[[38.928062,48.454525],[38.92825,48.454456],[38.928143,48.454177],[38.928026,48.454195],[38.927931,48.454209],[38.928062,48.454525]]]}},{"type":"Feature","properties":{"cadnum":"4423656400:09:003:0166"},"geometry":{"type":"Polygon","coordinates":[[[38.929643,48.453354],[38.929921,48.453295],[38.929808,48.452982],[38.929575,48.453014],[38.929643,48.453354]]]}},{"type":"Feature","properties":{"cadnum":"4423656400:09:003:0336"},"geometry":{"type":"Polygon","coordinates":[[[38.928988,48.451534],[38.929265,48.45149],[38.929216,48.451275],[38.928942,48.451323],[38.928988,48.451534]]]}},{"type":"Feature","properties":{"cadnum":"4423656400:09:003:0321"},"geometry":{"type":"Polygon","coordinates":[[[38.928489,48.451901],[38.928789,48.45185],[38.928766,48.451612],[38.928489,48.45166],[38.928489,48.451901]]]}},{"type":"Feature","properties":{"cadnum":"4423656400:09:003:0233"},"geometry":{"type":"Polygon","coordinates":[[[38.928955,48.452541],[38.929248,48.452506],[38.929162,48.452294],[38.928879,48.452345],[38.928955,48.452541]]]}},{"type":"Feature","properties":{"cadnum":"4423656400:09:003:0244"},"geometry":{"type":"Polygon","coordinates":[[[38.928642,48.452586],[38.928955,48.452541],[38.928879,48.452345],[38.928556,48.452419],[38.928642,48.452586]]]}},{"type":"Feature","properties":{"cadnum":"4423656400:09:003:0252"},"geometry":{"type":"Polygon","coordinates":[[[38.92825,48.454456],[38.928456,48.454409],[38.928353,48.454144],[38.928223,48.454162],[38.928143,48.454177],[38.92825,48.454456]]]}},{"type":"Feature","properties":{"cadnum":"4423656400:09:003:0248"},"geometry":{"type":"Polygon","coordinates":[[[38.927972,48.453861],[38.928196,48.453825],[38.928089,48.453566],[38.928076,48.453569],[38.927856,48.453605],[38.927972,48.453861]]]}},{"type":"Feature","properties":{"cadnum":"4423656400:09:003:0243"},"geometry":{"type":"Polygon","coordinates":[[[38.929508,48.452758],[38.929692,48.452729],[38.929718,48.452493],[38.929441,48.452532],[38.929508,48.452758]]]}},{"type":"Feature","properties":{"cadnum":"4423656400:09:003:0255"},"geometry":{"type":"Polygon","coordinates":[[[38.928865,48.453429],[38.928951,48.453414],[38.928996,48.453405],[38.928919,48.453134],[38.928605,48.453191],[38.928646,48.453274],[38.928663,48.453268],[38.928865,48.453429]]]}},{"type":"Feature","properties":{"cadnum":"4423656400:09:003:0341"},"geometry":{"type":"Polygon","coordinates":[[[38.92795,48.45199],[38.928219,48.451954],[38.928223,48.451701],[38.928013,48.451728],[38.92795,48.45199]]]}},{"type":"Feature","properties":{"cadnum":"4423656400:09:003:0241"},"geometry":{"type":"Polygon","coordinates":[[[38.927374,48.45336],[38.927577,48.45333],[38.927487,48.453069],[38.927248,48.453107],[38.927374,48.45336]]]}},{"type":"Feature","properties":{"cadnum":"4423656400:09:003:0344"},"geometry":{"type":"Polygon","coordinates":[[[38.928219,48.451954],[38.928489,48.451901],[38.928489,48.45166],[38.928223,48.451701],[38.928219,48.451954]]]}},{"type":"Feature","properties":{"cadnum":"4423656400:09:003:0164"},"geometry":{"type":"Polygon","coordinates":[[[38.929234,48.453372],[38.929449,48.453358],[38.929378,48.45306],[38.929167,48.453092],[38.929234,48.453372]]]}},{"type":"Feature","properties":{"cadnum":"4423656400:09:003:0231"},"geometry":{"type":"Polygon","coordinates":[[[38.926126,48.451767],[38.926395,48.45171],[38.926301,48.451493],[38.926022,48.451537],[38.926099,48.45171],[38.926126,48.451767]]]}},{"type":"Feature","properties":{"cadnum":"4423656400:09:003:0143"},"geometry":{"type":"Polygon","coordinates":[[[38.927743,48.454242],[38.927972,48.454204],[38.928026,48.454195],[38.927986,48.454054],[38.927976,48.453998],[38.92795,48.453911],[38.927823,48.453932],[38.927752,48.453953],[38.927703,48.453971],[38.927563,48.454001],[38.927594,48.454063],[38.927621,48.454099],[38.927671,48.454173],[38.927707,48.454171],[38.927743,48.454242]]]}},{"type":"Feature","properties":{"cadnum":"4423656400:09:003:0220"},"geometry":{"type":"Polygon","coordinates":[[[38.928745,48.453125],[38.928992,48.453078],[38.928915,48.452842],[38.928722,48.452872],[38.928663,48.452881],[38.928745,48.453125]]]}},{"type":"Feature","properties":{"cadnum":"4423656400:09:003:0357"},"geometry":{"type":"Polygon","coordinates":[[[38.92746,48.451552],[38.92776,48.451508],[38.927648,48.451314],[38.927365,48.451356],[38.92746,48.451552]]]}},{"type":"Feature","properties":{"cadnum":"4423656400:09:003:0214"},"geometry":{"type":"Polygon","coordinates":[[[38.928232,48.453226],[38.928519,48.45317],[38.92847,48.453119],[38.928304,48.452934],[38.928246,48.452943],[38.928156,48.452961],[38.928232,48.453226]]]}},{"type":"Feature","properties":{"cadnum":"4423656400:09:003:0224"},"geometry":{"type":"Polygon","coordinates":[[[38.928246,48.452943],[38.928304,48.452934],[38.928479,48.452904],[38.928385,48.452667],[38.928013,48.452714],[38.928129,48.45283],[38.928246,48.452943]]]}},{"type":"Feature","properties":{"cadnum":"4423656400:09:003:0165"},"geometry":{"type":"Polygon","coordinates":[[[38.92949,48.452985],[38.929808,48.452937],[38.929773,48.452758],[38.929692,48.452729],[38.929441,48.452771],[38.92949,48.452985]]]}},{"type":"Feature","properties":{"cadnum":"4423656400:09:003:0211"},"geometry":{"type":"Polygon","coordinates":[[[38.928992,48.453078],[38.929248,48.453036],[38.929167,48.452804],[38.928978,48.452833],[38.928915,48.452842],[38.928992,48.453078]]]}},{"type":"Feature","properties":{"cadnum":"4423656400:09:003:0240"},"geometry":{"type":"Polygon","coordinates":[[[38.927577,48.45333],[38.927787,48.453301],[38.927707,48.45303],[38.927487,48.453069],[38.927577,48.45333]]]}},{"type":"Feature","properties":{"cadnum":"4423656400:09:003:0249"},"geometry":{"type":"Polygon","coordinates":[[[38.928026,48.454195],[38.928143,48.454177],[38.928223,48.454162],[38.92816,48.453873],[38.92795,48.453911],[38.927976,48.453998],[38.927986,48.454054],[38.928026,48.454195]]]}},{"type":"Feature","properties":{"cadnum":"4423656400:09:003:0257"},"geometry":{"type":"Polygon","coordinates":[[[38.929374,48.453619],[38.929643,48.453577],[38.92958,48.453348],[38.929449,48.453358],[38.929311,48.453367],[38.929374,48.453619]]]}},{"type":"Feature","properties":{"cadnum":"4423656400:09:003:0232"},"geometry":{"type":"Polygon","coordinates":[[[38.927716,48.45303],[38.927931,48.452994],[38.928156,48.452961],[38.928246,48.452943],[38.928129,48.45283],[38.928013,48.452714],[38.927827,48.45274],[38.927608,48.452773],[38.927716,48.45303]]]}},{"type":"Feature","properties":{"cadnum":"4423656400:09:003:0377"},"geometry":{"type":"Polygon","coordinates":[[[38.926881,48.451868],[38.927231,48.451806],[38.927164,48.4516],[38.926791,48.451654],[38.926881,48.451868]]]}},{"type":"Feature","properties":{"cadnum":"4423656400:09:003:0251"},"geometry":{"type":"Polygon","coordinates":[[[38.928456,48.454409],[38.928655,48.454374],[38.92856,48.454108],[38.928426,48.454135],[38.928353,48.454144],[38.928456,48.454409]]]}},{"type":"Feature","properties":{"cadnum":"4423656400:09:003:0353"},"geometry":{"type":"Polygon","coordinates":[[[38.928726,48.451576],[38.928988,48.451534],[38.928942,48.451323],[38.928663,48.451371],[38.928726,48.451576]]]}},{"type":"Feature","properties":{"cadnum":"4423656400:09:003:0247"},"geometry":{"type":"Polygon","coordinates":[[[38.928196,48.453825],[38.928426,48.453783],[38.928309,48.453527],[38.928296,48.453527],[38.928089,48.453566],[38.928196,48.453825]]]}},{"type":"Feature","properties":{"cadnum":"4423656400:09:003:0256"},"geometry":{"type":"Polygon","coordinates":[[[38.928533,48.453486],[38.928762,48.453449],[38.928865,48.453429],[38.928663,48.453268],[38.928646,48.453274],[38.928605,48.453191],[38.928422,48.453235],[38.928525,48.453486],[38.928533,48.453486]]]}},{"type":"Feature","properties":{"cadnum":"4423656400:09:003:0259"},"geometry":{"type":"Polygon","coordinates":[[[38.929643,48.453577],[38.929957,48.453545],[38.930001,48.453521],[38.929921,48.453304],[38.929643,48.453363],[38.92958,48.453348],[38.929643,48.453577]]]}},{"type":"Feature","properties":{"cadnum":"4423656400:09:003:0227"},"geometry":{"type":"Polygon","coordinates":[[[38.928865,48.453712],[38.929211,48.453655],[38.929162,48.453619],[38.928951,48.453414],[38.928865,48.453429],[38.928762,48.453449],[38.928865,48.453712]]]}},{"type":"Feature","properties":{"cadnum":"4423656400:09:003:0203"},"geometry":{"type":"Polygon","coordinates":[[[38.927217,48.454674],[38.927806,48.454582],[38.927774,48.454433],[38.927186,48.454534],[38.927217,48.454674]]]}},{"type":"Feature","properties":{"cadnum":"4423656400:08:001:0006"},"geometry":{"type":"Polygon","coordinates":[[[38.91739,48.503444],[38.917183,48.503427],[38.916482,48.503257],[38.916778744270204,48.50563],[38.916778,48.50563],[38.916814,48.505915],[38.917669,48.50567],[38.91739,48.503444]]]}},{"type":"Feature","properties":{"cadnum":"4423656400:01:027:0003"},"geometry":{"type":"Polygon","coordinates":[[[38.943817,48.505495],[38.943817,48.505346],[38.94384,48.505138],[38.943553,48.50512],[38.94349702439024,48.50563],[38.943497,48.50563],[38.94349,48.505694],[38.943791,48.505716],[38.943817,48.505495]]]}},{"type":"Feature","properties":{"cadnum":"4423656400:01:027:0001"},"geometry":{"type":"Polygon","coordinates":[[[38.942521,48.507307],[38.942574,48.506694],[38.942278,48.506685],[38.942219,48.507302],[38.942354,48.507304],[38.942358,48.507275],[38.942431,48.507278],[38.942431,48.507307],[38.942521,48.507307]]]}},{"type":"Feature","properties":{"cadnum":"4423656400:14:001:0001"},"geometry":{"type":"Polygon","coordinates":[[[38.942336,48.507959],[38.942749,48.507915],[38.942718,48.507798],[38.942305,48.507846],[38.942336,48.507959]]]}},{"type":"Feature","properties":{"cadnum":"4423656400:14:002:0001"},"geometry":{"type":"Polygon","coordinates":[[[38.945161,48.506411],[38.945232,48.505912],[38.945039,48.505891],[38.944955,48.505884],[38.944941,48.505884],[38.944905,48.506328],[38.944901,48.506391],[38.945161,48.506411]]]}},{"type":"Feature","properties":{"cadnum":"4423656400:01:027:0004"},"geometry":{"type":"Polygon","coordinates":[[[38.945785,48.505242],[38.945471,48.505236],[38.94545005905512,48.50563],[38.94545,48.50563],[38.94544887218044,48.50565233082732],[38.945444,48.505744],[38.945444242424244,48.505744],[38.94544,48.505828],[38.945745,48.505835],[38.945758,48.50563],[38.94575794820717,48.50563],[38.945785,48.505242]]]}},{"type":"Feature","properties":{"cadnum":"4423656400:14:002:0003"},"geometry":{"type":"Polygon","coordinates":[[[38.945179,48.505233],[38.944892,48.5052],[38.94486602684564,48.50563],[38.944865,48.50563],[38.944865,48.505647],[38.944851,48.505744],[38.94485154744525,48.505744],[38.944846,48.505784],[38.945112,48.505798],[38.945138,48.505798],[38.945138,48.505784],[38.945161,48.505635],[38.945179,48.505233]]]}},{"type":"Feature","properties":{"cadnum":"4423656400:14:001:0002"},"geometry":{"type":"Polygon","coordinates":[[[38.942907,48.508045],[38.943148,48.508019],[38.943104,48.507759],[38.942834,48.507789],[38.942907,48.508045]]]}},{"type":"Feature","properties":{"cadnum":"4423656400:09:003:0095"},"geometry":{"type":"Polygon","coordinates":[[[38.905258,48.465117],[38.905537,48.465066],[38.905434,48.46459],[38.905357,48.464596],[38.905365,48.464653],[38.905249,48.464667],[38.905132,48.464894],[38.905208,48.464905],[38.905258,48.465117]]]}},{"type":"Feature","properties":{"cadnum":"4423656400:09:003:0025"},"geometry":{"type":"Polygon","coordinates":[[[38.907495,48.463717],[38.907503,48.463494],[38.907503,48.463178],[38.90731,48.463178],[38.907288,48.46366],[38.907495,48.463717]]]}},{"type":"Feature","properties":{"cadnum":"4423656400:09:003:0150"},"geometry":{"type":"Polygon","coordinates":[[[38.90696,48.464521],[38.907189,48.464474],[38.907166,48.464423],[38.907122,48.464327],[38.907109,48.464241],[38.906866,48.46436],[38.906889,48.464468],[38.906946,48.464468],[38.906946,48.464474],[38.906969,48.464494],[38.90696,48.464521]]]}},{"type":"Feature","properties":{"cadnum":"4423656400:09:003:0037"},"geometry":{"type":"Polygon","coordinates":[[[38.905379,48.463351],[38.905469,48.463252],[38.905501,48.463178],[38.905344,48.463169],[38.905092,48.463181],[38.904943,48.463181],[38.904939,48.463223],[38.904935,48.463282],[38.904935,48.463345],[38.905019,48.463345],[38.905199,48.463348],[38.905241,48.463351],[38.905379,48.463351]]]}},{"type":"Feature","properties":{"cadnum":"4423656400:09:002:0159"},"geometry":{"type":"Polygon","coordinates":[[[38.904283,48.462538],[38.904392,48.462293],[38.904023,48.462198],[38.904,48.462237],[38.903969,48.462291],[38.903973,48.462317],[38.903983,48.46243],[38.903987,48.46249],[38.904283,48.462538]]]}},{"type":"Feature","properties":{"cadnum":"4423656400:09:003:0032"},"geometry":{"type":"Polygon","coordinates":[[[38.906529,48.463488],[38.906537,48.463178],[38.906214,48.463175],[38.906228,48.463455],[38.906529,48.463488]]]}},{"type":"Feature","properties":{"cadnum":"4423656400:09:003:0033"},"geometry":{"type":"Polygon","coordinates":[[[38.906165,48.463124],[38.906161,48.462841],[38.9059,48.462839],[38.905891,48.463124],[38.906165,48.463124]]]}},{"type":"Feature","properties":{"cadnum":"4423656400:09:002:0152"},"geometry":{"type":"Polygon","coordinates":[[[38.906151,48.464223],[38.906386,48.464218],[38.906358,48.463902],[38.906111,48.463883],[38.906151,48.464223]]]}},{"type":"Feature","properties":{"cadnum":"4423656400:09:003:0028"},"geometry":{"type":"Polygon","coordinates":[[[38.907036,48.463562],[38.907109,48.463178],[38.906849,48.463178],[38.906816,48.463559],[38.907036,48.463562]]]}},{"type":"Feature","properties":{"cadnum":"4423656400:09:003:0030"},"geometry":{"type":"Polygon","coordinates":[[[38.906816,48.463559],[38.906849,48.463178],[38.906537,48.463178],[38.906529,48.463488],[38.906816,48.463559]]]}},{"type":"Feature","properties":{"cadnum":"4423656400:09:002:0081"},"geometry":{"type":"Polygon","coordinates":[[[38.904283,48.462538],[38.904392,48.462293],[38.904023,48.462198],[38.904,48.462237],[38.903969,48.462291],[38.903973,48.462317],[38.903983,48.46243],[38.903987,48.46249],[38.904283,48.462538]]]}},{"type":"Feature","properties":{"cadnum":"4423656400:09:003:0112"},"geometry":{"type":"Polygon","coordinates":[[[38.904625,48.463205],[38.904692,48.463115],[38.904705,48.463119],[38.904746,48.463056],[38.904274,48.462907],[38.904266,48.462907],[38.904153,48.463068],[38.904625,48.463205]]]}},{"type":"Feature","properties":{"cadnum":"4423656400:09:009:0124"},"geometry":{"type":"Polygon","coordinates":[[[38.905518,48.46422],[38.90568,48.464212],[38.905648,48.463899],[38.905132,48.463967],[38.905398,48.464104],[38.905518,48.46422]]]}},{"type":"Feature","properties":{"cadnum":"4423656400:09:003:0029"},"geometry":{"type":"Polygon","coordinates":[[[38.906713,48.463124],[38.906713,48.462839],[38.906434,48.462839],[38.906434,48.463124],[38.906713,48.463124]]]}},{"type":"Feature","properties":{"cadnum":"4423656400:09:003:0023"},"geometry":{"type":"Polygon","coordinates":[[[38.907805,48.463124],[38.907805,48.462839],[38.907531,48.462839],[38.907531,48.463124],[38.907805,48.463124]]]}},{"type":"Feature","properties":{"cadnum":"4423656400:09:002:0113"},"geometry":{"type":"Polygon","coordinates":[[[38.905662,48.464194],[38.90599,48.464181],[38.905941,48.463883],[38.905577,48.463914],[38.905662,48.464194]]]}},{"type":"Feature","properties":{"cadnum":"4423656400:09:002:0142"},"geometry":{"type":"Polygon","coordinates":[[[38.907166,48.465554],[38.907522,48.465457],[38.907419,48.465272],[38.906992,48.465325],[38.907166,48.465554]]]}},{"type":"Feature","properties":{"cadnum":"4423656400:09:003:0031"},"geometry":{"type":"Polygon","coordinates":[[[38.906434,48.463124],[38.906434,48.462839],[38.906161,48.462841],[38.906165,48.463124],[38.906434,48.463124]]]}},{"type":"Feature","properties":{"cadnum":"4423656400:09:002:0121"},"geometry":{"type":"Polygon","coordinates":[[[38.904971,48.462413],[38.905078,48.462234],[38.904692,48.462124],[38.904585,48.462302],[38.904971,48.462413]]]}},{"type":"Feature","properties":{"cadnum":"4423656400:09:003:0042"},"geometry":{"type":"Polygon","coordinates":[[[38.904113,48.463583],[38.904256,48.463568],[38.904549,48.463503],[38.904522,48.463425],[38.904463,48.463417],[38.904459,48.46338],[38.904472,48.46336],[38.904292,48.463312],[38.904109,48.463265],[38.904032,48.463247],[38.904009,48.463282],[38.903937,48.463384],[38.903916,48.463479],[38.903901,48.463514],[38.904046,48.463578],[38.904113,48.463583]]]}},{"type":"Feature","properties":{"cadnum":"4423656400:09:002:0129"},"geometry":{"type":"Polygon","coordinates":[[[38.905308,48.463907],[38.905581,48.463863],[38.905532,48.463578],[38.905226,48.463613],[38.905308,48.463907]]]}},{"type":"Feature","properties":{"cadnum":"4423656400:09:003:0113"},"geometry":{"type":"Polygon","coordinates":[[[38.904472,48.46336],[38.904625,48.463205],[38.904153,48.463068],[38.904032,48.463247],[38.904109,48.463265],[38.904292,48.463312],[38.904472,48.46336]]]}},{"type":"Feature","properties":{"cadnum":"4423656400:09:003:0039"},"geometry":{"type":"Polygon","coordinates":[[[38.905627,48.462836],[38.905617,48.462722],[38.905621,48.462556],[38.905604,48.462558],[38.905604,48.462541],[38.905554,48.462543],[38.905451,48.462547],[38.905451,48.462565],[38.905411,48.462565],[38.905357,48.462567],[38.905357,48.462576],[38.905334,48.462654],[38.905302,48.462671],[38.905258,48.462719],[38.905212,48.462803],[38.905316,48.462827],[38.905495,48.462832],[38.905627,48.462836]]]}},{"type":"Feature","properties":{"cadnum":"4423656400:09:003:0109"},"geometry":{"type":"Polygon","coordinates":[[[38.907773,48.463464],[38.908042,48.463458],[38.908042,48.463175],[38.907773,48.463178],[38.907773,48.463464]]]}},{"type":"Feature","properties":{"cadnum":"4423656400:09:002:0145"},"geometry":{"type":"Polygon","coordinates":[[[38.905941,48.464214],[38.905887,48.463881],[38.905648,48.463899],[38.90568,48.464209],[38.905941,48.464214]]]}},{"type":"Feature","properties":{"cadnum":"4423656400:09:002:0109"},"geometry":{"type":"Polygon","coordinates":[[[38.907023,48.464777],[38.907315,48.464697],[38.907239,48.464569],[38.907212,48.464515],[38.907189,48.464474],[38.90696,48.464521],[38.906906,48.464534],[38.907023,48.464777]]]}},{"type":"Feature","properties":{"cadnum":"4423656400:09:003:0034"},"geometry":{"type":"Polygon","coordinates":[[[38.905833,48.463464],[38.906228,48.463461],[38.906214,48.463175],[38.905837,48.463169],[38.905833,48.463464]]]}},{"type":"Feature","properties":{"cadnum":"4423656400:09:003:0040"},"geometry":{"type":"Polygon","coordinates":[[[38.904958,48.462752],[38.905119,48.462541],[38.904832,48.462445],[38.904669,48.462657],[38.904958,48.462752]]]}},{"type":"Feature","properties":{"cadnum":"4423656400:09:003:0147"},"geometry":{"type":"Polygon","coordinates":[[[38.906736,48.462526],[38.906889,48.462523],[38.90701,48.462523],[38.907027,48.46224],[38.906753,48.462249],[38.906736,48.462445],[38.906736,48.462526]]]}},{"type":"Feature","properties":{"cadnum":"4423656400:09:003:0027"},"geometry":{"type":"Polygon","coordinates":[[[38.907283,48.463571],[38.907292,48.463461],[38.90731,48.463178],[38.907109,48.463178],[38.907036,48.463562],[38.907283,48.463571]]]}},{"type":"Feature","properties":{"cadnum":"4423656400:09:003:0035"},"geometry":{"type":"Polygon","coordinates":[[[38.905891,48.463124],[38.9059,48.462839],[38.905627,48.462836],[38.905612,48.463121],[38.905891,48.463124]]]}},{"type":"Feature","properties":{"cadnum":"4423656400:09:002:0133"},"geometry":{"type":"Polygon","coordinates":[[[38.906214,48.464521],[38.906151,48.464223],[38.905941,48.464214],[38.905971,48.464521],[38.906214,48.464521]]]}},{"type":"Feature","properties":{"cadnum":"4423656400:09:002:0146"},"geometry":{"type":"Polygon","coordinates":[[[38.906973,48.464527],[38.906952,48.464423],[38.90692,48.464256],[38.906669,48.464238],[38.906696,48.464527],[38.906973,48.464527]]]}},{"type":"Feature","properties":{"cadnum":"4423656400:09:003:0148"},"geometry":{"type":"Polygon","coordinates":[[[38.904966,48.465596],[38.905191,48.465519],[38.905029,48.465051],[38.904832,48.465126],[38.904899,48.465298],[38.904952,48.465561],[38.904966,48.465596]]]}},{"type":"Feature","properties":{"cadnum":"4423656400:09:003:0036"},"geometry":{"type":"Polygon","coordinates":[[[38.905612,48.463121],[38.905627,48.462836],[38.905495,48.462832],[38.905316,48.462827],[38.905298,48.463112],[38.905447,48.463115],[38.905612,48.463121]]]}},{"type":"Feature","properties":{"cadnum":"4423656400:09:002:0115"},"geometry":{"type":"Polygon","coordinates":[[[38.905491,48.464941],[38.905654,48.464927],[38.905707,48.46492],[38.905631,48.464598],[38.905406,48.464607],[38.905491,48.464941]]]}},{"type":"Feature","properties":{"cadnum":"4423656400:09:003:0024"},"geometry":{"type":"Polygon","coordinates":[[[38.907773,48.463464],[38.907773,48.463178],[38.907503,48.463178],[38.907503,48.463461],[38.907773,48.463464]]]}},{"type":"Feature","properties":{"cadnum":"4423656400:09:002:0039"},"geometry":{"type":"Polygon","coordinates":[[[38.905191,48.465519],[38.905344,48.465457],[38.905302,48.465322],[38.905208,48.464989],[38.905109,48.46506],[38.905051,48.465114],[38.905136,48.465364],[38.905191,48.465519]]]}},{"type":"Feature","properties":{"cadnum":"4423656400:09:003:0038"},"geometry":{"type":"Polygon","coordinates":[[[38.907531,48.462839],[38.907531,48.462558],[38.907248,48.462558],[38.907248,48.462839],[38.907531,48.462839]]]}},{"type":"Feature","properties":{"cadnum":"4423656400:09:002:0141"},"geometry":{"type":"Polygon","coordinates":[[[38.905738,48.464909],[38.90595,48.464903],[38.90595,48.46484],[38.905958,48.464572],[38.905717,48.464574],[38.905738,48.464909]]]}},{"type":"Feature","properties":{"cadnum":"4423656400:09:003:0097"},"geometry":{"type":"Polygon","coordinates":[[[38.905092,48.463181],[38.905294,48.463172],[38.905298,48.463112],[38.905316,48.462827],[38.905212,48.462803],[38.904943,48.463181],[38.905092,48.463181]]]}},{"type":"Feature","properties":{"cadnum":"4423656400:09:003:0105"},"geometry":{"type":"Polygon","coordinates":[[[38.905357,48.465463],[38.905595,48.465364],[38.905537,48.465066],[38.905258,48.465117],[38.905357,48.465463]]]}},{"type":"Feature","properties":{"cadnum":"4423656400:09:003:0026"},"geometry":{"type":"Polygon","coordinates":[[[38.906983,48.463128],[38.907252,48.463124],[38.907248,48.462839],[38.906983,48.462841],[38.906983,48.463128]]]}},{"type":"Feature","properties":{"cadnum":"4423656400:09:003:0041"},"geometry":{"type":"Polygon","coordinates":[[[38.904746,48.463056],[38.904862,48.462892],[38.904392,48.462743],[38.904274,48.462907],[38.904746,48.463056]]]}},{"type":"Feature","properties":{"cadnum":"4423656400:09:003:0108"},"geometry":{"type":"Polygon","coordinates":[[[38.905807,48.465269],[38.906,48.465174],[38.905941,48.464903],[38.905675,48.464918],[38.905807,48.465269]]]}},{"type":"Feature","properties":{"cadnum":"4423656400:01:018:0039"},"geometry":{"type":"Polygon","coordinates":[[[38.938406,48.500007],[38.938496,48.499489],[38.938563,48.49918],[38.938374,48.499135],[38.938347,48.499266],[38.938307,48.499403],[38.938303,48.49962],[38.93824,48.499992],[38.938406,48.500007]]]}},{"type":"Feature","properties":{"cadnum":"4423656400:01:017:0015"},"geometry":{"type":"Polygon","coordinates":[[[38.935747,48.50021],[38.93598,48.50018],[38.93602,48.499582],[38.9358,48.499579],[38.935747,48.50021]]]}},{"type":"Feature","properties":{"cadnum":"4423656400:01:018:0027"},"geometry":{"type":"Polygon","coordinates":[[[38.940301,48.500855],[38.940355,48.500561],[38.940158,48.500546],[38.94014,48.500826],[38.940301,48.500855]]]}},{"type":"Feature","properties":{"cadnum":"4423656400:01:018:0040"},"geometry":{"type":"Polygon","coordinates":[[[38.935769,48.499817],[38.935936,48.499789],[38.936034,48.499046],[38.936012,48.499046],[38.936061,48.498778],[38.935917,48.498781],[38.935917,48.498852],[38.9359,48.498995],[38.935886,48.499076],[38.935877,48.499108],[38.935769,48.499817]]]}},{"type":"Feature","properties":{"cadnum":"4423656400:01:018:0007"},"geometry":{"type":"Polygon","coordinates":[[[38.939829,48.500635],[38.939884,48.499665],[38.939897,48.499414],[38.939722,48.499394],[38.939704,48.499748],[38.939726,48.500605],[38.939829,48.500635]]]}},{"type":"Feature","properties":{"cadnum":"4423656400:01:017:0014"},"geometry":{"type":"Polygon","coordinates":[[[38.93602,48.499582],[38.936079,48.498752],[38.935859,48.498752],[38.935863,48.498775],[38.9358,48.499579],[38.93602,48.499582]]]}},{"type":"Feature","properties":{"cadnum":"4423656400:01:018:0008"},"geometry":{"type":"Polygon","coordinates":[[[38.939951,48.500659],[38.939974,48.500338],[38.940005,48.49943],[38.939897,48.499414],[38.939884,48.499665],[38.939829,48.500635],[38.939951,48.500659]]]}},{"type":"Feature","properties":{"cadnum":"4423656400:09:002:0148"},"geometry":{"type":"Polygon","coordinates":[[[38.913158,48.466016],[38.913154,48.465674],[38.912839,48.465751],[38.912921,48.465978],[38.913158,48.466016]]]}},{"type":"Feature","properties":{"cadnum":"4423656400:09:002:0044"},"geometry":{"type":"Polygon","coordinates":[[[38.911044,48.467041],[38.911371,48.466951],[38.911398,48.46694],[38.911816,48.466814],[38.911879,48.466752],[38.911707,48.466782],[38.911514,48.466785],[38.911277,48.466794],[38.911277,48.466806],[38.910913,48.466817],[38.911044,48.467041]]]}},{"type":"Feature","properties":{"cadnum":"4423656400:09:002:0043"},"geometry":{"type":"Polygon","coordinates":[[[38.910199,48.4663],[38.910594,48.466282],[38.910459,48.466099],[38.910136,48.466123],[38.910199,48.4663]]]}},{"type":"Feature","properties":{"cadnum":"4423656400:09:002:0153"},"geometry":{"type":"Polygon","coordinates":[[[38.91094,48.466931],[38.910998,48.466612],[38.91063,48.466589],[38.910661,48.466883],[38.91094,48.466931]]]}},{"type":"Feature","properties":{"cadnum":"4423656400:09:002:0140"},"geometry":{"type":"Polygon","coordinates":[[[38.908339,48.466335],[38.908568,48.466287],[38.908434,48.466007],[38.908178,48.46607],[38.908271,48.466236],[38.908187,48.466249],[38.908191,48.466252],[38.908241,48.466332],[38.908339,48.466335]]]}},{"type":"Feature","properties":{"cadnum":"4423656400:01:010:0027"},"geometry":{"type":"Polygon","coordinates":[[[38.916779,48.479801],[38.916958,48.479613],[38.916684,48.479497],[38.91633,48.47944],[38.916214,48.479452],[38.916105,48.479687],[38.916374,48.479706],[38.916558,48.479726],[38.916558,48.479729],[38.916631,48.479747],[38.91673,48.479779],[38.916779,48.479801]]]}},{"type":"Feature","properties":{"cadnum":"4423656400:06:003:0008"},"geometry":{"type":"Polygon","coordinates":[[[38.847851,48.474367],[38.84781,48.474259],[38.84757,48.474278],[38.84757,48.47427806208426],[38.845938,48.474402],[38.845946,48.474441],[38.845956,48.474509],[38.847742,48.474376],[38.847742,48.47437514590747],[38.847851,48.474367]]]}},{"type":"Feature","properties":{"cadnum":"4423656400:01:015:0007"},"geometry":{"type":"Polygon","coordinates":[[[38.901413,48.468384],[38.901705,48.468318],[38.901449,48.467821],[38.901153,48.467887],[38.901413,48.468384]]]}},{"type":"Feature","properties":{"cadnum":"4423656400:01:015:0009"},"geometry":{"type":"Polygon","coordinates":[[[38.902338,48.46839],[38.902545,48.468339],[38.902176,48.467645],[38.902069,48.467673],[38.902096,48.467717],[38.902033,48.467732],[38.902006,48.467687],[38.901907,48.467711],[38.902338,48.46839]]]}},{"type":"Feature","properties":{"cadnum":"4423656400:09:003:0146"},"geometry":{"type":"Polygon","coordinates":[[[38.900425,48.466934],[38.900654,48.466874],[38.900394,48.466514],[38.900165,48.466565],[38.900425,48.466934]]]}},{"type":"Feature","properties":{"cadnum":"4423656400:01:015:0024"},"geometry":{"type":"Polygon","coordinates":[[[38.898849,48.468664],[38.899495,48.468637],[38.899432,48.468327],[38.898903,48.468355],[38.898849,48.468664]]]}},{"type":"Feature","properties":{"cadnum":"4423656400:01:010:0023"},"geometry":{"type":"Polygon","coordinates":[[[38.918684,48.482796],[38.918634,48.482555],[38.918373,48.482471],[38.918373,48.482725],[38.918684,48.482796]]]}},{"type":"Feature","properties":{"cadnum":"4423656400:01:010:0022"},"geometry":{"type":"Polygon","coordinates":[[[38.918373,48.482725],[38.918373,48.482471],[38.91818,48.482388],[38.917911,48.482346],[38.91765,48.482403],[38.917776,48.482659],[38.918036,48.482602],[38.918072,48.482656],[38.918373,48.482725]]]}},{"type":"Feature","properties":{"cadnum":"4423656400:01:010:0014"},"geometry":{"type":"Polygon","coordinates":[[[38.916338,48.483769],[38.916891,48.483703],[38.917138,48.483662],[38.917103,48.483597],[38.917034,48.483608],[38.917021,48.483573],[38.917084,48.483561],[38.917044,48.483486],[38.917007,48.483457],[38.916973,48.483454],[38.91686,48.483486],[38.916801,48.483507],[38.916814,48.483526],[38.916788,48.483534],[38.91668,48.483502],[38.916303,48.483621],[38.916338,48.483769]]]}},{"type":"Feature","properties":{"cadnum":"4423656400:01:010:0021"},"geometry":{"type":"Polygon","coordinates":[[[38.91633,48.481664],[38.916514,48.481503],[38.916181,48.481334],[38.915818,48.481138],[38.915808,48.481147],[38.915759,48.481191],[38.915629,48.481313],[38.915808,48.481403],[38.91633,48.481664]]]}},{"type":"Feature","properties":{"cadnum":"4423656400:01:010:0020"},"geometry":{"type":"Polygon","coordinates":[[[38.915481,48.482286],[38.915669,48.482129],[38.915629,48.482102],[38.915395,48.481992],[38.915189,48.4819],[38.915122,48.481876],[38.915067,48.481852],[38.915013,48.481825],[38.915013,48.481822],[38.914992,48.48181],[38.91496,48.481789],[38.914933,48.481778],[38.914803,48.481876],[38.914744,48.481924],[38.914866,48.481992],[38.914897,48.482006],[38.915,48.482054],[38.915481,48.482286]]]}},{"type":"Feature","properties":{"cadnum":"4423656400:02:003:0083"},"geometry":{"type":"Polygon","coordinates":[[[38.880968,48.458132],[38.880989,48.457882],[38.880729,48.457838],[38.88072,48.458082],[38.880968,48.458132]]]}},{"type":"Feature","properties":{"cadnum":"4423656400:02:003:0082"},"geometry":{"type":"Polygon","coordinates":[[[38.880981,48.457843],[38.880995,48.457602],[38.880752,48.457558],[38.880748,48.457567],[38.880743,48.457567],[38.880733,48.457801],[38.880981,48.457843]]]}},{"type":"Feature","properties":{"cadnum":"4423656400:09:003:0057"},"geometry":{"type":"Polygon","coordinates":[[[38.884404,48.456262],[38.884417,48.456259],[38.884723,48.456191],[38.88462,48.455958],[38.884341,48.456003],[38.884318,48.456006],[38.884318,48.456015],[38.884404,48.456262]]]}},{"type":"Feature","properties":{"cadnum":"4423656400:02:003:0085"},"geometry":{"type":"Polygon","coordinates":[[[38.883752,48.458052],[38.884081,48.457975],[38.883922,48.457683],[38.883595,48.45776],[38.883752,48.458052]]]}},{"type":"Feature","properties":{"cadnum":"4423656400:09:003:0056"},"geometry":{"type":"Polygon","coordinates":[[[38.884121,48.456319],[38.884148,48.456315],[38.884215,48.4563],[38.884404,48.456262],[38.884368,48.456158],[38.884368,48.456149],[38.884331,48.456054],[38.884318,48.456015],[38.884287,48.456021],[38.884268,48.456032],[38.884107,48.456056],[38.884094,48.456041],[38.884018,48.456063],[38.884012,48.456065],[38.884121,48.456319]]]}},{"type":"Feature","properties":{"cadnum":"4423656400:02:003:0119"},"geometry":{"type":"Polygon","coordinates":[[[38.883106,48.45826],[38.883425,48.458171],[38.883366,48.45807],[38.883263,48.4579],[38.882935,48.457993],[38.883106,48.45826]]]}},{"type":"Feature","properties":{"cadnum":"4423656400:02:003:0081"},"geometry":{"type":"Polygon","coordinates":[[[38.881232,48.457889],[38.881232,48.457647],[38.880995,48.457602],[38.880981,48.457843],[38.881232,48.457889]]]}},{"type":"Feature","properties":{"cadnum":"4423656400:08:001:0022"},"geometry":{"type":"Polygon","coordinates":[[[38.916109,48.50068],[38.914591,48.500715],[38.914674702623905,48.501991],[38.914674,48.501991],[38.914681,48.502087],[38.916204,48.502126],[38.916195,48.501991],[38.9161936994382,48.501991],[38.916109,48.50068]]]}},{"type":"Feature","properties":{"cadnum":"4423656400:08:001:0024"},"geometry":{"type":"Polygon","coordinates":[[[38.918877,48.50198],[38.918508,48.500855],[38.917583,48.500698],[38.91767036486487,48.501991],[38.91767,48.501991],[38.917682,48.502162],[38.918806,48.501991],[38.91880452419359,48.501991],[38.918877,48.50198]]]}},{"type":"Feature","properties":{"cadnum":"4423656400:08:001:0007"},"geometry":{"type":"Polygon","coordinates":[[[38.917669,48.50567],[38.917866,48.505617],[38.917925,48.505447],[38.918166,48.505381],[38.918607,48.505138],[38.918387,48.503108],[38.91765,48.503466],[38.91739,48.503444],[38.917669,48.50567]]]}},{"type":"Feature","properties":{"cadnum":"4423656400:08:001:0023"},"geometry":{"type":"Polygon","coordinates":[[[38.917583,48.500698],[38.916109,48.50068],[38.916201,48.502104],[38.91620253333333,48.502104],[38.916204,48.502126],[38.917677,48.502162],[38.91767292982456,48.502104],[38.917673,48.502104],[38.917583,48.500698]]]}},{"type":"Feature","properties":{"cadnum":"4423656400:01:003:0037"},"geometry":{"type":"Polygon","coordinates":[[[38.908491,48.497656],[38.90838,48.497495],[38.908267,48.497528],[38.908069,48.497581],[38.908167,48.497713],[38.908167,48.49771266412213],[38.9082,48.497757],[38.908491,48.497656]]]}},{"type":"Feature","properties":{"cadnum":"4423656400:01:003:0068"},"geometry":{"type":"Polygon","coordinates":[[[38.903574,48.496537],[38.903659,48.496486],[38.90365,48.496477],[38.903726,48.496423],[38.903511,48.496277],[38.903403,48.496334],[38.90338,48.496358],[38.90338,48.496376],[38.903417,48.496423],[38.903474,48.496468],[38.903574,48.496537]]]}},{"type":"Feature","properties":{"cadnum":"4423656400:01:003:0007"},"geometry":{"type":"Polygon","coordinates":[[[38.904329,48.49798],[38.905015,48.497635],[38.904849,48.497495],[38.90409,48.497795],[38.904329,48.49798]]]}},{"type":"Feature","properties":{"cadnum":"4423656400:01:003:0036"},"geometry":{"type":"Polygon","coordinates":[[[38.9079982871714,48.49782981341129],[38.908167,48.49777],[38.908167,48.49776891219512],[38.9082,48.497757],[38.908069,48.497581],[38.907669,48.497691],[38.907535,48.497641],[38.907302,48.497754],[38.907329,48.497781],[38.907275,48.49781],[38.907333,48.497864],[38.9074,48.497832],[38.907648,48.497954],[38.907995,48.497830978805396],[38.907995,48.497831],[38.9079982871714,48.49782981341129]]]}},{"type":"Feature","properties":{"cadnum":"4423656400:01:006:0020"},"geometry":{"type":"Polygon","coordinates":[[[38.909023,48.495852],[38.908977,48.495796],[38.908927,48.495814],[38.908914,48.495798],[38.908891,48.495772],[38.907995,48.496102],[38.907995,48.496102292134836],[38.907455,48.496301],[38.907518,48.496397],[38.908167,48.496162],[38.908167,48.49616175875486],[38.909023,48.495852]]]}},{"type":"Feature","properties":{"cadnum":"4423656400:01:006:0015"},"geometry":{"type":"Polygon","coordinates":[[[38.908151,48.495465],[38.908167,48.495458],[38.908167,48.495457800000004],[38.908191,48.495447],[38.908141,48.495397],[38.908101,48.495414],[38.908048,48.495355],[38.907975,48.495388],[38.907989,48.495399],[38.907948,48.495414],[38.907958,48.495423],[38.907872,48.495462],[38.906731,48.495965],[38.906812,48.496052],[38.907136,48.495917],[38.908159,48.495474],[38.908151,48.495465]]]}},{"type":"Feature","properties":{"cadnum":"4423656400:01:003:0069"},"geometry":{"type":"Polygon","coordinates":[[[38.906929,48.498075],[38.907365,48.497942],[38.907073,48.49776],[38.907005,48.497795],[38.906843,48.49765],[38.906731,48.497543],[38.906587,48.497418],[38.906533,48.497444],[38.906503,48.497459],[38.906448,48.497492],[38.906444,48.497498],[38.906614,48.497635],[38.906669,48.497689],[38.906883,48.498002],[38.906929,48.498075]]]}},{"type":"Feature","properties":{"cadnum":"4423656400:01:003:0045"},"geometry":{"type":"Polygon","coordinates":[[[38.904598,48.496593],[38.905258,48.496332],[38.905105,48.496197],[38.904445,48.496537],[38.904598,48.496593]]]}},{"type":"Feature","properties":{"cadnum":"4423656400:01:003:0038"},"geometry":{"type":"Polygon","coordinates":[[[38.904778,48.495564],[38.904881,48.495518],[38.904895,48.495531],[38.9059,48.495084],[38.905837,48.495001],[38.904692,48.495486],[38.904778,48.495564]]]}},{"type":"Feature","properties":{"cadnum":"4423656400:01:003:0051"},"geometry":{"type":"Polygon","coordinates":[[[38.90656,48.498099],[38.906883,48.498002],[38.906669,48.497689],[38.906614,48.497635],[38.906444,48.497498],[38.90625,48.497599],[38.906381,48.497718],[38.906318,48.497745],[38.90656,48.498099]]]}},{"type":"Feature","properties":{"cadnum":"4423656400:01:006:0017"},"geometry":{"type":"Polygon","coordinates":[[[38.907512,48.495227],[38.907971,48.495129],[38.907935,48.495028],[38.907989,48.495019],[38.907822,48.494799],[38.907486,48.494914],[38.907512,48.495227]]]}},{"type":"Feature","properties":{"cadnum":"4423656400:01:003:0062"},"geometry":{"type":"Polygon","coordinates":[[[38.90405,48.497073],[38.904203,48.496968],[38.90343,48.496498],[38.903398,48.49648],[38.9033,48.496546],[38.903205,48.496611],[38.90339,48.4967],[38.90338,48.496718],[38.903434,48.496822],[38.903798,48.496894],[38.90396,48.49701],[38.90405,48.497073]]]}},{"type":"Feature","properties":{"cadnum":"4423656400:01:003:0053"},"geometry":{"type":"Polygon","coordinates":[[[38.906677,48.497132],[38.906767,48.497087],[38.906776,48.497096],[38.906834,48.497075],[38.906906,48.497045],[38.907203,48.496956],[38.907325,48.496977],[38.907629,48.496995],[38.907711,48.496989],[38.907711,48.496849],[38.907262,48.496855],[38.907122,48.496828],[38.907023,48.496772],[38.906664,48.496945],[38.906637,48.496959],[38.906623,48.496971],[38.906537,48.497016],[38.906574,48.497045],[38.906627,48.497087],[38.906677,48.497132]]]}},{"type":"Feature","properties":{"cadnum":"4423656400:01:003:0047"},"geometry":{"type":"Polygon","coordinates":[[[38.906763,48.495447],[38.906979,48.495364],[38.906902,48.495251],[38.906664,48.495349],[38.906763,48.495447]]]}},{"type":"Feature","properties":{"cadnum":"4423656400:01:003:0039"},"geometry":{"type":"Polygon","coordinates":[[[38.904742,48.496712],[38.905411,48.496352],[38.905204,48.496191],[38.904566,48.496477],[38.904683,48.496531],[38.904799,48.496575],[38.904688,48.496683],[38.904742,48.496712]]]}},{"type":"Feature","properties":{"cadnum":"4423656400:01:003:0050"},"geometry":{"type":"Polygon","coordinates":[[[38.904027,48.495432],[38.904157,48.495358],[38.904094,48.495311],[38.903964,48.495382],[38.904027,48.495432]]]}},{"type":"Feature","properties":{"cadnum":"4423656400:09:003:0008"},"geometry":{"type":"Polygon","coordinates":[[[38.905487,48.457317],[38.905617,48.457215],[38.905761,48.457125],[38.905707,48.457125],[38.905711,48.457084],[38.905815,48.457054],[38.90582,48.457054],[38.905864,48.457042],[38.905918,48.457028],[38.906124,48.456968],[38.90669,48.456834],[38.906879,48.456768],[38.907495,48.456613],[38.907126,48.456235],[38.90599,48.456783],[38.905748,48.456882],[38.905757,48.456923],[38.905761,48.456932],[38.905694,48.456938],[38.905675,48.456938],[38.905442,48.456962],[38.905465,48.457072],[38.905325,48.457132],[38.905344,48.457156],[38.905352,48.457161],[38.905447,48.457257],[38.905434,48.457284],[38.905487,48.457317]]]}},{"type":"Feature","properties":{"cadnum":"4423656400:09:003:0317"},"geometry":{"type":"Polygon","coordinates":[[[38.930357,48.450819],[38.93064,48.450762],[38.93055,48.45056],[38.930267,48.450616],[38.930357,48.450819]]]}},{"type":"Feature","properties":{"cadnum":"4423656400:09:003:0155"},"geometry":{"type":"Polygon","coordinates":[[[38.93272,48.448909],[38.93281,48.448894],[38.932926,48.448862],[38.932814,48.44854],[38.932611,48.448585],[38.93272,48.448909]]]}},{"type":"Feature","properties":{"cadnum":"4423656400:09:003:0159"},"geometry":{"type":"Polygon","coordinates":[[[38.932131,48.449029],[38.932328,48.448987],[38.93223,48.448668],[38.932037,48.44871],[38.932131,48.449029]]]}},{"type":"Feature","properties":{"cadnum":"4423656400:09:003:0387"},"geometry":{"type":"Polygon","coordinates":[[[38.933968,48.450408],[38.934108,48.450387],[38.934229,48.450366],[38.934135,48.450128],[38.933879,48.450176],[38.933968,48.450408]]]}},{"type":"Feature","properties":{"cadnum":"4423656400:09:003:0365"},"geometry":{"type":"Polygon","coordinates":[[[38.93095,48.450205],[38.931219,48.450158],[38.931152,48.449929],[38.930873,48.449982],[38.93095,48.450205]]]}},{"type":"Feature","properties":{"cadnum":"4423656400:09:003:0181"},"geometry":{"type":"Polygon","coordinates":[[[38.932621,48.449585],[38.93285,48.449559],[38.932804,48.449288],[38.932504,48.449342],[38.932611,48.449565],[38.932621,48.449585]]]}},{"type":"Feature","properties":{"cadnum":"4423656400:09:003:0326"},"geometry":{"type":"Polygon","coordinates":[[[38.930806,48.449675],[38.930999,48.449664],[38.930892,48.449344],[38.930703,48.449389],[38.930806,48.449675]]]}},{"type":"Feature","properties":{"cadnum":"4423656400:09:003:0349"},"geometry":{"type":"Polygon","coordinates":[[[38.931219,48.450158],[38.931493,48.450104],[38.931368,48.449843],[38.931152,48.449929],[38.931219,48.450158]]]}},{"type":"Feature","properties":{"cadnum":"4423656400:09:003:0300"},"geometry":{"type":"Polygon","coordinates":[[[38.932037,48.449991],[38.932307,48.449931],[38.932181,48.449717],[38.931915,48.44977],[38.932037,48.449991]]]}},{"type":"Feature","properties":{"cadnum":"4423656400:09:003:0371"},"geometry":{"type":"Polygon","coordinates":[[[38.932041,48.451051],[38.932072,48.450777],[38.931866,48.450817],[38.931785,48.450831],[38.931803484615386,48.451009],[38.931803,48.451009],[38.931812,48.451091],[38.932041,48.451051]]]}},{"type":"Feature","properties":{"cadnum":"4423656400:09:003:0351"},"geometry":{"type":"Polygon","coordinates":[[[38.932733,48.44927],[38.932934,48.449231],[38.932881,48.449059],[38.932854,48.449041],[38.932747,48.448933],[38.932607,48.44896],[38.932733,48.44927]]]}},{"type":"Feature","properties":{"cadnum":"4423656400:09:003:0173"},"geometry":{"type":"Polygon","coordinates":[[[38.930231,48.447864],[38.930456,48.447828],[38.930402,48.44759],[38.93038,48.447536],[38.930353,48.447518],[38.930307,48.447518],[38.930154,48.44754],[38.930231,48.447864]]]}},{"type":"Feature","properties":{"cadnum":"4423656400:09:003:0270"},"geometry":{"type":"Polygon","coordinates":[[[38.931844,48.449714],[38.932104,48.449657],[38.931974,48.449448],[38.931709,48.449505],[38.931844,48.449714]]]}},{"type":"Feature","properties":{"cadnum":"4423656400:09:003:0284"},"geometry":{"type":"Polygon","coordinates":[[[38.931961,48.450301],[38.932244,48.45025],[38.932135,48.450018],[38.931866,48.450077],[38.931961,48.450301]]]}},{"type":"Feature","properties":{"cadnum":"4423656400:09:003:0320"},"geometry":{"type":"Polygon","coordinates":[[[38.930596,48.450033],[38.930873,48.449982],[38.93073,48.449768],[38.930451,48.449827],[38.930596,48.450033]]]}},{"type":"Feature","properties":{"cadnum":"4423656400:09:003:0343"},"geometry":{"type":"Polygon","coordinates":[[[38.93033,48.448501],[38.930685,48.448445],[38.930644,48.448254],[38.930294,48.448317],[38.93033,48.448501]]]}},{"type":"Feature","properties":{"cadnum":"4423656400:09:003:0359"},"geometry":{"type":"Polygon","coordinates":[[[38.934548,48.450583],[38.934821,48.450545],[38.934709,48.450274],[38.934632,48.450286],[38.934431,48.450327],[38.934548,48.450583]]]}},{"type":"Feature","properties":{"cadnum":"4423656400:09:003:0356"},"geometry":{"type":"Polygon","coordinates":[[[38.931866,48.450817],[38.932072,48.450777],[38.932144,48.450762],[38.932045,48.450554],[38.931754,48.450608],[38.931866,48.450817]]]}},{"type":"Feature","properties":{"cadnum":"4423656400:09:003:0342"},"geometry":{"type":"Polygon","coordinates":[[[38.934225,48.450671],[38.934305,48.450664],[38.934565,48.450616],[38.934548,48.450583],[38.934431,48.450327],[38.934229,48.450366],[38.934108,48.450387],[38.934225,48.450671]]]}},{"type":"Feature","properties":{"cadnum":"4423656400:09:003:0174"},"geometry":{"type":"Polygon","coordinates":[[[38.932338,48.449604],[38.932611,48.449565],[38.932504,48.449342],[38.932238,48.449384],[38.932338,48.449604]]]}},{"type":"Feature","properties":{"cadnum":"4423656400:09:003:0369"},"geometry":{"type":"Polygon","coordinates":[[[38.931479,48.450608],[38.931768,48.450554],[38.931672,48.450349],[38.931385,48.450396],[38.931479,48.450608]]]}},{"type":"Feature","properties":{"cadnum":"4423656400:09:003:0310"},"geometry":{"type":"Polygon","coordinates":[[[38.931085,48.45045],[38.931385,48.450396],[38.931269,48.450199],[38.930999,48.45025],[38.931085,48.45045]]]}},{"type":"Feature","properties":{"cadnum":"4423656400:09:003:0157"},"geometry":{"type":"Polygon","coordinates":[[[38.931538,48.448772],[38.931776,48.448719],[38.931713,48.44846],[38.931462,48.448516],[38.931538,48.448772]]]}},{"type":"Feature","properties":{"cadnum":"4423656400:09:003:0350"},"geometry":{"type":"Polygon","coordinates":[[[38.930703,48.449389],[38.930892,48.449344],[38.930783,48.449026],[38.93059,48.449064],[38.930703,48.449389]]]}},{"type":"Feature","properties":{"cadnum":"4423656400:09:003:0156"},"geometry":{"type":"Polygon","coordinates":[[[38.932328,48.448987],[38.932517,48.448942],[38.932423,48.448624],[38.93223,48.448668],[38.932328,48.448987]]]}},{"type":"Feature","properties":{"cadnum":"4423656400:09:003:0379"},"geometry":{"type":"Polygon","coordinates":[[[38.931479,48.449216],[38.931659,48.449181],[38.931565,48.448862],[38.931363,48.448904],[38.931479,48.449216]]]}},{"type":"Feature","properties":{"cadnum":"4423656400:09:003:0179"},"geometry":{"type":"Polygon","coordinates":[[[38.932584,48.45062],[38.932831,48.450572],[38.932741,48.450351],[38.932486,48.450399],[38.932584,48.45062]]]}},{"type":"Feature","properties":{"cadnum":"4423656400:09:003:0328"},"geometry":{"type":"Polygon","coordinates":[[[38.932037,48.450501],[38.932307,48.450455],[38.932244,48.45025],[38.931961,48.450301],[38.932037,48.450501]]]}},{"type":"Feature","properties":{"cadnum":"4423656400:09:003:0339"},"geometry":{"type":"Polygon","coordinates":[[[38.932144,48.450762],[38.932328,48.450736],[38.93241,48.450724],[38.932311,48.450503],[38.932045,48.450554],[38.932144,48.450762]]]}},{"type":"Feature","properties":{"cadnum":"4423656400:09:003:0153"},"geometry":{"type":"Polygon","coordinates":[[[38.931745,48.44911],[38.931942,48.44907],[38.931848,48.448752],[38.931646,48.448794],[38.931745,48.44911]]]}},{"type":"Feature","properties":{"cadnum":"4423656400:09:003:0163"},"geometry":{"type":"Polygon","coordinates":[[[38.931273,48.448829],[38.931538,48.448772],[38.931462,48.448516],[38.931215,48.448564],[38.931273,48.448829]]]}},{"type":"Feature","properties":{"cadnum":"4423656400:09:003:0337"},"geometry":{"type":"Polygon","coordinates":[[[38.931385,48.450396],[38.931672,48.450349],[38.931565,48.450137],[38.931269,48.450199],[38.931385,48.450396]]]}},{"type":"Feature","properties":{"cadnum":"4423656400:09:003:0370"},"geometry":{"type":"Polygon","coordinates":[[[38.931479,48.449216],[38.931659,48.449181],[38.931565,48.448862],[38.931363,48.448904],[38.931479,48.449216]]]}},{"type":"Feature","properties":{"cadnum":"4423656400:09:003:0376"},"geometry":{"type":"Polygon","coordinates":[[[38.931817,48.451108],[38.931812,48.451091],[38.931785,48.450831],[38.931605,48.450867],[38.931529,48.450881],[38.931529,48.451009],[38.931529,48.451123],[38.931529,48.451155],[38.93172508510636,48.451123],[38.93173,48.451123],[38.931817,48.451108]]]}},{"type":"Feature","properties":{"cadnum":"4423656400:09:003:0162"},"geometry":{"type":"Polygon","coordinates":[[[38.932024,48.448666],[38.932261,48.448611],[38.932185,48.448302],[38.932095,48.44832],[38.932059,48.44835],[38.932059,48.448377],[38.931961,48.448403],[38.932024,48.448666]]]}},{"type":"Feature","properties":{"cadnum":"4423656400:09:003:0378"},"geometry":{"type":"Polygon","coordinates":[[[38.931368,48.450912],[38.931529,48.450881],[38.931605,48.450867],[38.93152,48.450649],[38.931265,48.4507],[38.931368,48.450912]]]}},{"type":"Feature","properties":{"cadnum":"4423656400:09:003:0292"},"geometry":{"type":"Polygon","coordinates":[[[38.930815,48.448969],[38.931129,48.448904],[38.931072,48.448635],[38.930802,48.44871],[38.930815,48.448969]]]}},{"type":"Feature","properties":{"cadnum":"4423656400:09:003:0184"},"geometry":{"type":"Polygon","coordinates":[[[38.932831,48.450572],[38.933093,48.450527],[38.93307,48.450479],[38.932993,48.450298],[38.932741,48.450351],[38.932831,48.450572]]]}},{"type":"Feature","properties":{"cadnum":"4423656400:09:003:0154"},"geometry":{"type":"Polygon","coordinates":[[[38.930783,48.449315],[38.930982,48.449276],[38.930878,48.448954],[38.93068,48.448996],[38.930783,48.449315]]]}},{"type":"Feature","properties":{"cadnum":"4423656400:09:003:0348"},"geometry":{"type":"Polygon","coordinates":[[[38.932894,48.450318],[38.933173,48.450259],[38.933052,48.450039],[38.93281,48.450116],[38.932894,48.450318]]]}},{"type":"Feature","properties":{"cadnum":"4423656400:09:003:0277"},"geometry":{"type":"Polygon","coordinates":[[[38.931672,48.450349],[38.931961,48.450301],[38.931866,48.450077],[38.931565,48.450137],[38.931672,48.450349]]]}},{"type":"Feature","properties":{"cadnum":"4423656400:02:001:0012"},"geometry":{"type":"Polygon","coordinates":[[[38.89623,48.463324],[38.896396,48.463249],[38.8961,48.462949],[38.895929,48.463024],[38.89623,48.463324]]]}},{"type":"Feature","properties":{"cadnum":"4423656400:02:001:0019"},"geometry":{"type":"Polygon","coordinates":[[[38.895834,48.463673],[38.896109,48.463547],[38.896126,48.463556],[38.896136,48.463556],[38.896194,48.463562],[38.89632,48.463499],[38.896423,48.463449],[38.896297,48.463324],[38.896006,48.463458],[38.89574,48.46358],[38.895834,48.463673]]]}},{"type":"Feature","properties":{"cadnum":"4423656400:02:001:0013"},"geometry":{"type":"Polygon","coordinates":[[[38.896396,48.463249],[38.896566,48.463175],[38.896266,48.462874],[38.8961,48.462949],[38.896396,48.463249]]]}},{"type":"Feature","properties":{"cadnum":"4423656400:02:001:0010"},"geometry":{"type":"Polygon","coordinates":[[[38.895983,48.463],[38.896436,48.462799],[38.896324,48.462686],[38.895876,48.462886],[38.895983,48.463]]]}},{"type":"Feature","properties":{"cadnum":"4423656400:02:001:0011"},"geometry":{"type":"Polygon","coordinates":[[[38.896059,48.463399],[38.89623,48.463324],[38.895929,48.463024],[38.895758,48.463097],[38.896059,48.463399]]]}},{"type":"Feature","properties":{"cadnum":"4423656400:10:004:0001"},"geometry":{"type":"Polygon","coordinates":[[[38.855541,48.510548],[38.856407,48.510384],[38.856345,48.510283],[38.855518,48.510429],[38.855541,48.510548]]]}},{"type":"Feature","properties":{"cadnum":"4423656400:10:007:0003"},"geometry":{"type":"Polygon","coordinates":[[[38.857009,48.509973],[38.857212,48.50994],[38.857229,48.50994],[38.85767,48.509849],[38.85767,48.509828],[38.857948,48.509771],[38.857885,48.509629],[38.857571,48.509693],[38.857499,48.509715],[38.857139,48.509783],[38.856951,48.509825],[38.857009,48.509973]]]}},{"type":"Feature","properties":{"cadnum":"4423656400:10:005:0001"},"geometry":{"type":"Polygon","coordinates":[[[38.856969,48.51061],[38.857517,48.510467],[38.857508,48.510452],[38.857567,48.510434],[38.857575,48.510452],[38.857787,48.510393],[38.85825,48.510277],[38.858173,48.510137],[38.858124,48.510146],[38.858091,48.510092],[38.857998,48.510116],[38.857988,48.51011],[38.857921,48.510137],[38.857684,48.510191],[38.857485,48.510244],[38.856915,48.510378],[38.856856,48.510425],[38.856969,48.51061]]]}},{"type":"Feature","properties":{"cadnum":"4423656400:10:007:0002"},"geometry":{"type":"Polygon","coordinates":[[[38.856317,48.509658],[38.856453,48.509631],[38.856583,48.509613],[38.856623,48.509605],[38.856619,48.509602],[38.856732,48.509581],[38.856732,48.509583],[38.856843,48.509565],[38.856829,48.509512],[38.856816,48.509453],[38.856525,48.509474],[38.856399,48.509494],[38.856269,48.509518],[38.856317,48.509658]]]}},{"type":"Feature","properties":{"cadnum":"4423656400:10:007:0001"},"geometry":{"type":"Polygon","coordinates":[[[38.856538,48.510235],[38.857261,48.51011],[38.857198,48.509929],[38.856996,48.509962],[38.856942,48.509812],[38.856416,48.509914],[38.856538,48.510235]]]}},{"type":"Feature","properties":{"cadnum":"4423656400:01:005:0006"},"geometry":{"type":"Polygon","coordinates":[[[38.894834,48.498022],[38.89539,48.497945],[38.895497,48.497843],[38.894702,48.497671],[38.894662,48.498019],[38.894834,48.498022]]]}},{"type":"Feature","properties":{"cadnum":"4423656400:01:004:0001"},"geometry":{"type":"Polygon","coordinates":[[[38.894842,48.495641],[38.895017,48.495525],[38.895035,48.495468],[38.895094,48.495364],[38.894649,48.495161],[38.894388,48.495426],[38.894639,48.495542],[38.894842,48.495641]]]}},{"type":"Feature","properties":{"cadnum":"4423656400:01:004:0002"},"geometry":{"type":"Polygon","coordinates":[[[38.895094,48.495364],[38.895228,48.495141],[38.894838,48.494962],[38.894649,48.495161],[38.895094,48.495364]]]}},{"type":"Feature","properties":{"cadnum":"4423656400:01:005:0007"},"geometry":{"type":"Polygon","coordinates":[[[38.894662,48.498019],[38.894702,48.497671],[38.894119,48.497546],[38.893993,48.497879],[38.894375,48.498016],[38.894662,48.498019]]]}},{"type":"Feature","properties":{"cadnum":"4423656400:02:003:0120"},"geometry":{"type":"Polygon","coordinates":[[[38.880186,48.45463],[38.880249,48.454606],[38.879481,48.452195],[38.877792,48.452491],[38.87763,48.452193],[38.879381,48.451883],[38.87923,48.4514],[38.878947,48.451445],[38.876723,48.451758],[38.877677,48.454766],[38.877677466858785,48.454766],[38.877752,48.454999],[38.877815,48.45499],[38.878215,48.454954],[38.879077,48.4549],[38.879521,48.454832],[38.879961,48.454719],[38.880186,48.45463]]]}},{"type":"Feature","properties":{"cadnum":"4423656400:02:003:0131"},"geometry":{"type":"Polygon","coordinates":[[[38.87923,48.4514],[38.879381,48.451883],[38.879404,48.451879],[38.880529,48.45170725751735],[38.880529,48.451708],[38.880806,48.451665],[38.880873,48.451943],[38.880529,48.452003],[38.880529,48.45200324175824],[38.880064,48.452085],[38.879997,48.452184],[38.879849,48.452222],[38.879588,48.452177],[38.879481,48.452195],[38.880249,48.454606],[38.880529,48.45449372616137],[38.880529,48.454494],[38.880658,48.454442],[38.880846,48.454391],[38.881305,48.454352],[38.882351,48.45431],[38.883343,48.454326],[38.882473,48.451585],[38.88227,48.451513],[38.881106,48.451141],[38.880832,48.451135],[38.88055,48.451188],[38.87923,48.4514]],[[38.881115,48.452749],[38.881066,48.452872],[38.880701,48.45289714897579],[38.880701,48.452897],[38.880437,48.452914],[38.880343,48.452652],[38.880701,48.452628],[38.880701,48.45262762003781],[38.881058,48.452604],[38.881115,48.452749]]]}},{"type":"Feature","properties":{"cadnum":"4423656400:11:020:0001"},"geometry":{"type":"Polygon","coordinates":[[[38.859502,48.509304],[38.859835,48.509292],[38.859785,48.50861],[38.859449,48.508623],[38.859502,48.509304]]]}},{"type":"Feature","properties":{"cadnum":"4423656400:11:020:0002"},"geometry":{"type":"Polygon","coordinates":[[[38.859502,48.509304],[38.859835,48.509292],[38.859785,48.50861],[38.859449,48.508623],[38.859502,48.509304]]]}},{"type":"Feature","properties":{"cadnum":"4423656400:09:003:0331"},"geometry":{"type":"Polygon","coordinates":[[[38.929297,48.447006],[38.929814,48.446884],[38.929773,48.446758],[38.929252,48.446875],[38.929297,48.447006]]]}},{"type":"Feature","properties":{"cadnum":"4423656400:09:003:0073"},"geometry":{"type":"Polygon","coordinates":[[[38.927303,48.447319],[38.927648,48.447271],[38.927573,48.447045],[38.927227,48.447096],[38.927303,48.447319]]]}},{"type":"Feature","properties":{"cadnum":"4423656400:09:003:0191"},"geometry":{"type":"Polygon","coordinates":[[[38.928749,48.447059],[38.929144,48.446982],[38.929063,48.446806],[38.92869,48.446889],[38.928749,48.447059]]]}},{"type":"Feature","properties":{"cadnum":"4423656400:09:003:0372"},"geometry":{"type":"Polygon","coordinates":[[[38.928816,48.446926],[38.929185,48.446848],[38.929122,48.446696],[38.928749,48.446765],[38.928816,48.446926]]]}},{"type":"Feature","properties":{"cadnum":"4423656400:09:003:0190"},"geometry":{"type":"Polygon","coordinates":[[[38.929095,48.446756],[38.929494,48.446639],[38.929391,48.446502],[38.929036,48.446615],[38.929095,48.446756]]]}},{"type":"Feature","properties":{"cadnum":"4423656400:01:002:0019"},"geometry":{"type":"Polygon","coordinates":[[[38.905361,48.500091],[38.906053,48.499935],[38.906021,48.499787],[38.905316,48.499813],[38.905361,48.500091]]]}},{"type":"Feature","properties":{"cadnum":"4423656400:01:002:0004"},"geometry":{"type":"Polygon","coordinates":[[[38.905738,48.499007],[38.906476,48.498968],[38.906457,48.498894],[38.905721,48.498933],[38.905738,48.499007]]]}},{"type":"Feature","properties":{"cadnum":"4423656400:01:002:0015"},"geometry":{"type":"Polygon","coordinates":[[[38.905047,48.499373],[38.905868,48.499364],[38.905811,48.499248],[38.905119,48.499242],[38.905065,48.499245],[38.905047,48.499245],[38.904862,48.499248],[38.904853,48.49937],[38.905047,48.499373]]]}},{"type":"Feature","properties":{"cadnum":"4423656400:01:001:0039"},"geometry":{"type":"Polygon","coordinates":[[[38.903358,48.501016],[38.904059,48.500742],[38.903861,48.500548],[38.903839,48.500555],[38.903178,48.500841],[38.903358,48.501016]]]}},{"type":"Feature","properties":{"cadnum":"4423656400:01:002:0007"},"geometry":{"type":"Polygon","coordinates":[[[38.904377,48.501938],[38.905069,48.50171],[38.904921,48.501498],[38.904225,48.501724],[38.904377,48.501938]]]}},{"type":"Feature","properties":{"cadnum":"4423656400:01:002:0010"},"geometry":{"type":"Polygon","coordinates":[[[38.905025,48.500685],[38.906161,48.500516],[38.906228,48.50037],[38.904984,48.500557],[38.905025,48.500685]]]}},{"type":"Feature","properties":{"cadnum":"4423656400:01:022:0007"},"geometry":{"type":"Polygon","coordinates":[[[38.936343,48.480849],[38.93567,48.480452],[38.93557715655562,48.48045644227007],[38.934444,48.480506],[38.931313,48.480977],[38.931403,48.481242],[38.930483,48.481379],[38.930429,48.481224],[38.930388,48.481229],[38.930451,48.481412],[38.931452,48.48126],[38.931363,48.480997],[38.934453,48.480533],[38.935633,48.480481],[38.935633,48.48048010204082],[38.935657,48.480479],[38.936358,48.480891],[38.936343,48.480849]]]}},{"type":"Feature","properties":{"cadnum":"4423656400:01:022:0001"},"geometry":{"type":"Polygon","coordinates":[[[38.930483,48.481379],[38.931403,48.481242],[38.931313,48.480977],[38.930393,48.481116],[38.930429,48.481224],[38.930483,48.481379]]]}},{"type":"Feature","properties":{"cadnum":"4423656400:06:001:0008"},"geometry":{"type":"Polygon","coordinates":[[[38.844275,48.476376],[38.845354,48.476311],[38.846212,48.476257],[38.845946,48.474441],[38.845633,48.474462],[38.845363,48.47448],[38.845309,48.474483],[38.845084,48.474498],[38.844662,48.474522],[38.844554,48.474527],[38.844424,48.474536],[38.844074,48.47456],[38.844145,48.475096],[38.843839,48.475519],[38.843939,48.476054],[38.844275,48.476376]]]}},{"type":"Feature","properties":{"cadnum":"4423656400:01:010:0028"},"geometry":{"type":"Polygon","coordinates":[[[38.915023,48.484817],[38.915082,48.484808],[38.915189,48.48479],[38.915225,48.484784],[38.915292,48.484773],[38.915365,48.484764],[38.915422,48.484755],[38.915894,48.484674],[38.915808,48.484484],[38.915269,48.484573],[38.915189,48.484588],[38.915122,48.484597],[38.91504,48.484612],[38.914906,48.48463],[38.914906,48.484638],[38.914919,48.484678],[38.91496,48.484737],[38.915023,48.484817]]]}},{"type":"Feature","properties":{"cadnum":"4423656400:01:009:0044"},"geometry":{"type":"Polygon","coordinates":[[[38.907616,48.48741],[38.907746,48.487145],[38.907801,48.486931],[38.907832,48.486487],[38.907822,48.486366],[38.907652,48.486306],[38.907145,48.48638],[38.90683,48.487148],[38.907616,48.48741]],[[38.9074,48.486726],[38.907055,48.486663],[38.907103,48.486541],[38.907203,48.486558],[38.907225,48.486511],[38.907553,48.486567],[38.907499,48.486681],[38.9074,48.486726]]]}},{"type":"Feature","properties":{"cadnum":"4423656400:01:009:0042"},"geometry":{"type":"Polygon","coordinates":[[[38.905254,48.48496],[38.905495,48.484591],[38.905365,48.48455],[38.905069,48.484472],[38.905056,48.484475],[38.904992,48.484564],[38.904925,48.484701],[38.904881,48.48485],[38.905254,48.48496]]]}},{"type":"Feature","properties":{"cadnum":"4423656400:01:009:0025"},"geometry":{"type":"Polygon","coordinates":[[[38.906996,48.484865],[38.907132,48.484662],[38.906592,48.484499],[38.906655,48.484385],[38.906516,48.484358],[38.906426,48.484555],[38.906399,48.484614],[38.906363,48.484701],[38.906996,48.484865]]]}},{"type":"Feature","properties":{"cadnum":"4423656400:01:011:0004"},"geometry":{"type":"Polygon","coordinates":[[[38.905478,48.484532],[38.905694,48.48421],[38.905231,48.484064],[38.905011,48.484385],[38.905478,48.484532]]]}},{"type":"Feature","properties":{"cadnum":"4423656400:01:009:0026"},"geometry":{"type":"Polygon","coordinates":[[[38.907692,48.485044],[38.907966,48.484769],[38.906834,48.484365],[38.906879,48.484323],[38.906377,48.484115],[38.906372,48.484201],[38.906556,48.484257],[38.906516,48.484358],[38.906655,48.484385],[38.906592,48.484499],[38.907132,48.484662],[38.906996,48.484865],[38.907692,48.485044]]]}},{"type":"Feature","properties":{"cadnum":"4423656400:01:018:0041"},"geometry":{"type":"Polygon","coordinates":[[[38.917304,48.500343],[38.917309,48.500114],[38.916927,48.500085],[38.916873,48.500078],[38.916527,48.500052],[38.916514,48.500284],[38.917304,48.500343]]]}},{"type":"Feature","properties":{"cadnum":"4423656400:01:008:0009"},"geometry":{"type":"Polygon","coordinates":[[[38.917695,48.499989],[38.917816,48.499319],[38.917547,48.499299],[38.917426,48.499968],[38.917695,48.499989]]]}},{"type":"Feature","properties":{"cadnum":"4423656400:01:018:0014"},"geometry":{"type":"Polygon","coordinates":[[[38.918982,48.50003663636364],[38.918982,48.500037],[38.91905326970924,48.50002470124486],[38.919153,48.500008],[38.919153,48.50000749115044],[38.919208,48.499998],[38.918982,48.499439],[38.918982,48.49943999999999],[38.918944,48.499346],[38.918684,48.499394],[38.918944,48.500043],[38.918982,48.50003663636364]]]}},{"type":"Feature","properties":{"cadnum":"4423656400:01:017:0009"},"geometry":{"type":"Polygon","coordinates":[[[38.918351,48.50031],[38.918359,48.500111],[38.917556,48.500052],[38.917547,48.500284],[38.917547,48.500305],[38.918351,48.50031]]]}},{"type":"Feature","properties":{"cadnum":"4423656400:01:008:0012"},"geometry":{"type":"Polygon","coordinates":[[[38.916887,48.499926],[38.917007,48.499257],[38.916743,48.499233],[38.916621,48.499903],[38.916887,48.499926]]]}},{"type":"Feature","properties":{"cadnum":"4423656400:01:008:0011"},"geometry":{"type":"Polygon","coordinates":[[[38.917156,48.499948],[38.917277,48.499278],[38.917007,48.499257],[38.916887,48.499926],[38.917156,48.499948]]]}},{"type":"Feature","properties":{"cadnum":"4423656400:01:008:0010"},"geometry":{"type":"Polygon","coordinates":[[[38.917426,48.499968],[38.917547,48.499299],[38.917277,48.499278],[38.917156,48.499948],[38.917426,48.499968]]]}},{"type":"Feature","properties":{"cadnum":"4423656400:01:017:0008"},"geometry":{"type":"Polygon","coordinates":[[[38.917547,48.500284],[38.917556,48.500052],[38.91677,48.499998],[38.916783,48.500239],[38.917547,48.500284]]]}},{"type":"Feature","properties":{"cadnum":"4423656400:01:018:0042"},"geometry":{"type":"Polygon","coordinates":[[[38.918113,48.500367],[38.918113,48.500168],[38.917309,48.500114],[38.917304,48.500343],[38.917304,48.500367],[38.918113,48.500367]]]}},{"type":"Feature","properties":{"cadnum":"4423656400:08:001:0026"},"geometry":{"type":"Polygon","coordinates":[[[38.919153,48.50146319254659],[38.919168,48.501504],[38.91934,48.501766],[38.919434,48.501882],[38.921127,48.501591],[38.920156,48.500733],[38.919887,48.500763],[38.919801,48.500891],[38.919007,48.501066],[38.919153,48.501464],[38.919153,48.50146319254659]]]}},{"type":"Feature","properties":{"cadnum":"4423656400:04:001:0020"},"geometry":{"type":"Polygon","coordinates":[[[38.888968,48.522377],[38.889362,48.522258],[38.889092,48.521904],[38.888836,48.522041],[38.88885,48.522205],[38.888913,48.522297],[38.888968,48.522377]]]}},{"type":"Feature","properties":{"cadnum":"4423656400:08:001:0029"},"geometry":{"type":"Polygon","coordinates":[[[38.924646,48.500277],[38.9233,48.500552],[38.924522,48.501409],[38.924778,48.501269],[38.924778,48.500876],[38.925177,48.500998],[38.925313,48.50104],[38.925546,48.501322],[38.925659,48.501355],[38.926309,48.501424],[38.926575,48.50143],[38.926894,48.501733],[38.926903,48.501816],[38.92687140277778,48.501991],[38.926871,48.501991],[38.926862675925875,48.50203933333362],[38.926851,48.502104],[38.92685153888888,48.502104],[38.92684,48.502171],[38.926894,48.502281],[38.927353,48.501991],[38.92735279555557,48.501991],[38.927531,48.501879],[38.92511,48.500182],[38.924646,48.500277722834646],[38.924646,48.500277]]]}},{"type":"Feature","properties":{"cadnum":"4423656400:08:001:0030"},"geometry":{"type":"Polygon","coordinates":[[[38.927531,48.501879],[38.928642,48.501183],[38.926732,48.499844],[38.925806,48.500037],[38.92511,48.500182],[38.927531,48.501879]]]}},{"type":"Feature","properties":{"cadnum":"4423656400:08:001:0034"},"geometry":{"type":"Polygon","coordinates":[[[38.924475,48.501914697674415],[38.924475,48.501915],[38.924504,48.501912],[38.924998,48.501927],[38.92498560000001,48.501991],[38.924984,48.501991],[38.924967,48.502087],[38.924958,48.502104],[38.92495890476191,48.502104],[38.924927,48.502171],[38.92494,48.502171],[38.92494,48.502189],[38.924917,48.502189],[38.924833,48.502332],[38.92485,48.502498],[38.924868,48.502498],[38.924868,48.502516],[38.924854,48.502516],[38.92486,48.502593],[38.924913,48.502921],[38.924953,48.502924],[38.925762,48.502772],[38.926072,48.502712],[38.926592,48.502584],[38.926601713322086,48.502104],[38.926602,48.502104],[38.926615,48.501534],[38.926521,48.501528],[38.926485,48.501525],[38.925084,48.501441],[38.924598178217536,48.50142743847241],[38.924401,48.501421],[38.924418,48.501864],[38.924418,48.50192],[38.924475,48.501914697674415]],[[38.92525,48.502537],[38.925223,48.502537],[38.925223,48.502519],[38.92525,48.502519],[38.92525,48.502537]],[[38.925129,48.502855],[38.925102,48.502855],[38.925102,48.502837],[38.925129,48.502837],[38.925129,48.502855]]]}},{"type":"Feature","properties":{"cadnum":"4423656400:01:018:0013"},"geometry":{"type":"Polygon","coordinates":[[[38.922982,48.500058],[38.923238,48.499992],[38.923045,48.499683],[38.922977,48.499534],[38.92273,48.499593],[38.922883,48.4999],[38.922982,48.500058]]]}},{"type":"Feature","properties":{"cadnum":"4423656400:01:018:0038"},"geometry":{"type":"Polygon","coordinates":[[[38.919317,48.500406],[38.919573,48.500349],[38.920017,48.500296],[38.919954,48.500069],[38.919231,48.500188],[38.919317,48.500406]]]}},{"type":"Feature","properties":{"cadnum":"4423656400:01:018:0025"},"geometry":{"type":"Polygon","coordinates":[[[38.92406,48.499215],[38.92432,48.499171],[38.924082,48.498516],[38.923818,48.49856],[38.92406,48.499215]]]}},{"type":"Feature","properties":{"cadnum":"4423656400:01:018:0024"},"geometry":{"type":"Polygon","coordinates":[[[38.923795,48.499257],[38.92406,48.499215],[38.923818,48.49856],[38.923556,48.498602],[38.923795,48.499257]]]}},{"type":"Feature","properties":{"cadnum":"4423656400:01:018:0043"},"geometry":{"type":"Polygon","coordinates":[[[38.923556,48.500058],[38.923848,48.500007],[38.923759,48.49987],[38.923687,48.499748],[38.923592,48.499599],[38.923583,48.499582],[38.923588,48.499582],[38.923565,48.49954],[38.923552,48.499501],[38.923543,48.499478],[38.923543,48.499469],[38.923529,48.499432],[38.923462,48.499442],[38.923422,48.499447],[38.923225,48.49948],[38.923296,48.499626],[38.923472,48.499917],[38.923556,48.500058]]]}},{"type":"Feature","properties":{"cadnum":"4423656400:01:018:0044"},"geometry":{"type":"Polygon","coordinates":[[[38.92268,48.500102],[38.92295,48.500045],[38.922873,48.4999],[38.922713,48.499597],[38.922456,48.499647],[38.92268,48.500102]]]}},{"type":"Feature","properties":{"cadnum":"4423656400:01:001:0026"},"geometry":{"type":"Polygon","coordinates":[[[38.892425,48.502939],[38.8927,48.502793],[38.892214,48.502385],[38.891941,48.502531],[38.892425,48.502939]]]}},{"type":"Feature","properties":{"cadnum":"4423656400:14:006:0002"},"geometry":{"type":"Polygon","coordinates":[[[38.911887,48.49092],[38.911933,48.490867],[38.911874,48.490845],[38.911833,48.490899],[38.911887,48.49092]]]}},{"type":"Feature","properties":{"cadnum":"4423656400:01:027:0005"},"geometry":{"type":"Polygon","coordinates":[[[38.943207,48.505679],[38.943207,48.505635],[38.943234,48.505141],[38.942934,48.505114],[38.942893,48.505652],[38.943207,48.505679]]]}},{"type":"Feature","properties":{"cadnum":"4423656400:01:011:0008"},"geometry":{"type":"Polygon","coordinates":[[[38.901832,48.477552],[38.902203,48.477442],[38.901966,48.47704],[38.90157,48.477142],[38.901832,48.477552]]]}},{"type":"Feature","properties":{"cadnum":"4423656400:09:003:0388"},"geometry":{"type":"Polygon","coordinates":[[[38.909979,48.460053],[38.910019,48.460042],[38.910388,48.45994],[38.910432,48.459925],[38.910436,48.459925],[38.910455,48.459916],[38.910495,48.459907],[38.910895,48.459794],[38.911196,48.459697],[38.911151,48.459646],[38.910755,48.459761],[38.910464,48.459842],[38.910436,48.459842],[38.910428,48.459839],[38.910382,48.459836],[38.910239,48.459825],[38.910082,48.459818],[38.910055,48.459818],[38.910002,48.459872],[38.90992,48.459962],[38.90992,48.459964],[38.909969,48.460042],[38.909979,48.460053]]]}},{"type":"Feature","properties":{"cadnum":"4423656400:09:003:0413"},"geometry":{"type":"Polygon","coordinates":[[[38.909597,48.459112],[38.909642,48.45907],[38.909673,48.459038],[38.909736,48.458978],[38.90931,48.458805],[38.909153,48.458925],[38.909417,48.459035],[38.909597,48.459112]]]}},{"type":"Feature","properties":{"cadnum":"4423656400:09:003:0261"},"geometry":{"type":"Polygon","coordinates":[[[38.91187,48.461433],[38.91199,48.461426],[38.912175,48.461417],[38.912049,48.461128],[38.911789,48.461161],[38.91187,48.461433]]]}},{"type":"Feature","properties":{"cadnum":"4423656400:01:014:0013"},"geometry":{"type":"Polygon","coordinates":[[[38.904243,48.473884],[38.904296,48.473774],[38.904081,48.473705],[38.904019,48.473818],[38.904243,48.473884]]]}},{"type":"Feature","properties":{"cadnum":"4423656400:01:013:0020"},"geometry":{"type":"Polygon","coordinates":[[[38.902837,48.474962],[38.903187,48.474489],[38.903098,48.474459],[38.90308,48.474483],[38.903008,48.474459],[38.903025,48.474435],[38.902949,48.474411],[38.902595,48.474888],[38.902837,48.474962]]]}},{"type":"Feature","properties":{"cadnum":"4423656400:01:010:0024"},"geometry":{"type":"Polygon","coordinates":[[[38.9272,48.488241],[38.927793,48.48775],[38.927473,48.487582],[38.926881,48.488071],[38.927074,48.488175],[38.9272,48.488241]]]}},{"type":"Feature","properties":{"cadnum":"4423656400:06:003:0013"},"geometry":{"type":"Polygon","coordinates":[[[38.84525,48.460137],[38.84547,48.460125],[38.846849,48.460039],[38.846724,48.459143],[38.845641,48.459211],[38.845407,48.459225],[38.845304,48.459231],[38.84525,48.460137]]]}},{"type":"Feature","properties":{"cadnum":"4423656400:01:022:0002"},"geometry":{"type":"Polygon","coordinates":[[[38.934278,48.475694],[38.934278,48.475427],[38.933335,48.475427],[38.933335,48.475694],[38.934278,48.475694]]]}}]}