{"type":"FeatureCollection","features":[{"type":"Feature","properties":{"cadnum":"4423881100:09:002:0031"},"geometry":{"type":"Polygon","coordinates":[[[38.487572,48.665623],[38.487142,48.666063],[38.48606,48.666869],[38.486926,48.667282],[38.488584,48.667953],[38.489752,48.667373],[38.489886,48.667454],[38.489697,48.668021],[38.489612,48.668573],[38.489872,48.668777],[38.490515,48.669129394894895],[38.490515,48.66913],[38.490538,48.669142],[38.490782,48.669255],[38.490782202048415,48.669255],[38.492859,48.670216],[38.493052,48.669833],[38.493066,48.669468],[38.493211037037085,48.66920237037028],[38.493614,48.668472],[38.494023,48.668652],[38.49493,48.668875],[38.496107,48.669064],[38.496098,48.668937],[38.496008,48.668902],[38.496008,48.668902034927456],[38.490686,48.666834433637824],[38.490686,48.666834],[38.487572,48.665623]]]}},{"type":"Feature","properties":{"cadnum":"4423881100:09:004:0014"},"geometry":{"type":"Polygon","coordinates":[[[38.484473,48.670765],[38.483917,48.670776],[38.483557,48.670637],[38.48194,48.670014],[38.481513,48.670088],[38.481043,48.670222],[38.480687,48.67045],[38.479888,48.670851],[38.479758,48.671073],[38.479708,48.671334],[38.481222,48.671945],[38.48167,48.671625],[38.482161,48.67179],[38.482947,48.672043],[38.483499,48.672766],[38.483509598290595,48.67277],[38.483509,48.67277],[38.48357514035065,48.67279473684202],[38.483809,48.672883],[38.48381113475177,48.672883],[38.483886,48.672911],[38.485022,48.673253451415455],[38.485022,48.673254],[38.485345,48.673351],[38.486046,48.673599],[38.487658,48.673452],[38.488274,48.673188],[38.488763,48.672926],[38.489675,48.672909],[38.490106307086535,48.67281925196852],[38.490686,48.672699],[38.490686,48.672698374999996],[38.490731,48.672689],[38.491637,48.67236],[38.491297,48.672214],[38.490515,48.671935],[38.490515,48.67193588391225],[38.488498,48.671215],[38.48584,48.670085],[38.485246,48.670216],[38.485193,48.67025362053571],[38.485193,48.670253],[38.484473,48.670765]]]}},{"type":"Feature","properties":{"cadnum":"4423881100:06:004:0001"},"geometry":{"type":"Polygon","coordinates":[[[38.493906,48.672852],[38.493762,48.672805],[38.49369,48.672775],[38.493528,48.672704],[38.493385,48.672627],[38.493255,48.67255],[38.493031,48.672467],[38.492486,48.672268],[38.491836,48.672028],[38.491826,48.672025],[38.491677,48.672152],[38.491691,48.672159],[38.491683,48.672167],[38.492235,48.67236],[38.492253,48.672372],[38.49236,48.672416],[38.492926,48.672621],[38.492949,48.67263],[38.49332820529801,48.67277],[38.493326,48.67277],[38.493358,48.672781],[38.493623,48.672883],[38.49362444897959,48.672883],[38.49387,48.672977],[38.494027,48.67303],[38.494391,48.673087],[38.494926,48.673113],[38.495383,48.673111],[38.495864,48.673042],[38.496008,48.67301841811847],[38.496008,48.673019],[38.496151,48.672995],[38.49618,48.67299],[38.49618,48.672989637735846],[38.496681,48.672897],[38.496695,48.672894],[38.49662685714283,48.672814285714246],[38.496564,48.67274],[38.49640747826086,48.67277],[38.496406,48.67277],[38.496084,48.672832],[38.495921,48.672883],[38.495922,48.672883],[38.495868,48.6729],[38.495708,48.672944],[38.495541,48.672965],[38.495352,48.672977],[38.495119,48.672983],[38.49488,48.67298],[38.49462,48.672968],[38.494383,48.67295],[38.494216,48.672926],[38.494176,48.672918],[38.494117,48.672906],[38.493991,48.672876],[38.493906,48.672852]]]}},{"type":"Feature","properties":{"cadnum":"4423881100:06:003:0003"},"geometry":{"type":"Polygon","coordinates":[[[38.472504,48.667205],[38.473217,48.667166],[38.474035,48.66711477171717],[38.474035,48.667115],[38.476034,48.666988],[38.476259,48.667009],[38.47629,48.667],[38.476456,48.667006],[38.477372,48.667344],[38.477404,48.667395],[38.47902,48.66786],[38.479506,48.667988],[38.4797,48.668024],[38.4797,48.668023659340655],[38.479892,48.668059],[38.480265,48.66808],[38.480643,48.668039],[38.480993,48.667916],[38.48115,48.667783],[38.481869,48.668002],[38.483225,48.668578],[38.484676,48.669255],[38.485022,48.66941896518375],[38.485022,48.669419],[38.486603,48.670168],[38.487784,48.670705],[38.488368,48.670954],[38.488394,48.670924],[38.488417,48.670933],[38.488394,48.670963],[38.488987,48.671185],[38.490515,48.67174259858741],[38.490515,48.671743],[38.491606,48.672141],[38.491616,48.672128],[38.491677,48.672152],[38.491826,48.672025],[38.491767,48.672001],[38.490686,48.671609007987215],[38.490686,48.671609],[38.489113,48.671037],[38.488494,48.670803],[38.487924,48.670563],[38.486746,48.670029],[38.485179,48.669284],[38.48511323943662,48.669255],[38.485114,48.669255],[38.484236,48.668868],[38.483463,48.668504],[38.483328,48.66845],[38.481922,48.667925],[38.481194,48.6677],[38.480867,48.667766],[38.480561,48.667875],[38.480255,48.667907],[38.479937,48.66789],[38.4797,48.66784547687861],[38.4797,48.667845],[38.479591,48.667825],[38.479209,48.667744],[38.479182,48.667756],[38.478936,48.667694],[38.478949,48.66767],[38.477454,48.66721],[38.476536,48.666876],[38.476322,48.66684],[38.476039,48.666816],[38.474207,48.666933013972056],[38.474207,48.666933],[38.473196,48.666997],[38.4724,48.667041],[38.472221,48.667021],[38.472068,48.667175],[38.472423,48.667208],[38.472441,48.667199],[38.472504,48.667205]],[[38.484721,48.669201],[38.484708,48.669216],[38.484685,48.669207],[38.484698,48.669192],[38.484721,48.669201]],[[38.48401,48.668866],[38.483997,48.668881],[38.483976,48.668872],[38.483989,48.668857],[38.48401,48.668866]],[[38.483337,48.668554],[38.483324,48.668569],[38.483274,48.668545],[38.483243,48.668575],[38.483225,48.668566],[38.48327,48.668522],[38.483337,48.668554]],[[38.490339,48.671648],[38.490326,48.671663],[38.490304,48.671654],[38.490318,48.67164],[38.490339,48.671648]],[[38.489656,48.671393],[38.489643,48.671408],[38.48962,48.671399],[38.489635,48.671385],[38.489656,48.671393]],[[38.489019,48.671156],[38.489001,48.67117],[38.488983,48.671161],[38.488997,48.671147],[38.489019,48.671156]],[[38.487834,48.67066],[38.487819,48.670675],[38.487798,48.670666],[38.487811,48.670651],[38.487834,48.67066]],[[38.487253,48.670391],[38.48724,48.670405],[38.487218,48.670396],[38.487232,48.670382],[38.487253,48.670391]],[[38.486666,48.670126],[38.486652,48.670141],[38.48663,48.670132],[38.486643,48.670117],[38.486666,48.670126]],[[38.486041,48.669821],[38.486027,48.669833],[38.486005,48.669824],[38.486018,48.669812],[38.486041,48.669821]],[[38.485444,48.669539],[38.485431,48.669554],[38.485408,48.669545],[38.485421,48.66953],[38.485444,48.669539]],[[38.491004,48.671897],[38.490991,48.671912],[38.490968,48.671904],[38.490981,48.671888],[38.491004,48.671897]]]}},{"type":"Feature","properties":{"cadnum":"4423881100:09:005:0059"},"geometry":{"type":"Polygon","coordinates":[[[38.455645,48.658371],[38.45564506066274,48.658371],[38.452940708711914,48.661886],[38.45294,48.661886],[38.452063,48.663027],[38.452063,48.66302710623229],[38.451528,48.663722],[38.452063,48.66382960623229],[38.452063,48.66383],[38.453558,48.664128],[38.45519338983051,48.662],[38.455194,48.662],[38.457277,48.659292],[38.456814,48.658652],[38.456430299492396,48.658371],[38.456431,48.658371],[38.455929,48.658002],[38.455645,48.658371]]]}},{"type":"Feature","properties":{"cadnum":"4423881100:09:005:0077"},"geometry":{"type":"Polygon","coordinates":[[[38.441512,48.664802],[38.445647,48.665628],[38.44564968674697,48.665628],[38.446569,48.66581164139591],[38.446569,48.665812],[38.447351,48.665968],[38.44761236563877,48.665628],[38.447613,48.665628],[38.447827,48.66535],[38.446741,48.66513418124006],[38.446741,48.665134],[38.441076,48.664002],[38.441076,48.664002369127516],[38.440801,48.663947],[38.440744,48.664066],[38.441076,48.66438482539682],[38.441076,48.664385],[38.441120822430854,48.66442786915979],[38.441248,48.66455],[38.441248,48.66454950458716],[38.441512,48.664802]]]}},{"type":"Feature","properties":{"cadnum":"4423881100:09:005:0034"},"geometry":{"type":"Polygon","coordinates":[[[38.450477,48.663512],[38.449686,48.663354],[38.447937,48.665628],[38.44793746896552,48.665628],[38.447023,48.666819],[38.447813,48.666973],[38.448847331734065,48.665628],[38.448848,48.665628],[38.450477,48.663512]]]}},{"type":"Feature","properties":{"cadnum":"4423881100:09:005:0084"},"geometry":{"type":"Polygon","coordinates":[[[38.441933,48.66166],[38.443631,48.662],[38.44363431020407,48.662],[38.446569,48.662586618710904],[38.446569,48.662587],[38.449493,48.663171],[38.45038514708171,48.662],[38.450386,48.662],[38.450625,48.661687],[38.446569,48.660876],[38.446569,48.66087659148304],[38.442702,48.660103],[38.441933,48.66166]]]}},{"type":"Feature","properties":{"cadnum":"4423881100:09:005:0076"},"geometry":{"type":"Polygon","coordinates":[[[38.441248,48.66403636963813],[38.446569,48.66509963036187],[38.446569,48.6651],[38.447827,48.66535],[38.448258,48.664784],[38.446741,48.66448221669627],[38.446741,48.664481],[38.441098,48.663354],[38.441076,48.663397],[38.441076,48.66339792592591],[38.440801,48.663947],[38.441248,48.664037],[38.441248,48.66403636963813]]]}},{"type":"Feature","properties":{"cadnum":"4423881100:09:005:0024"},"geometry":{"type":"Polygon","coordinates":[[[38.451528,48.663722],[38.450477,48.663512],[38.44893576275992,48.665514],[38.448935,48.665514],[38.447813,48.666973],[38.450912,48.667582],[38.452063,48.66608448108925],[38.452063,48.666086],[38.452413706293704,48.665628],[38.452414,48.665628],[38.453567,48.664128],[38.453558,48.664128],[38.452234,48.66386408561873],[38.452234,48.663864],[38.451528,48.663722]]]}},{"type":"Feature","properties":{"cadnum":"4423881100:09:005:0081"},"geometry":{"type":"Polygon","coordinates":[[[38.441821994117646,48.661886],[38.441821,48.661886],[38.441098,48.663354],[38.441248,48.663384],[38.441248,48.66338395746943],[38.446569,48.66444664876838],[38.446569,48.664448],[38.448258,48.664784],[38.449493,48.663171],[38.446741,48.66262135294118],[38.446741,48.662621],[38.443064,48.661886],[38.44306167058826,48.661886],[38.441933,48.66166],[38.441821994117646,48.661886]]]}},{"type":"Feature","properties":{"cadnum":"4423881100:08:001:0021"},"geometry":{"type":"Polygon","coordinates":[[[38.503438,48.652448],[38.502683,48.653211],[38.502333,48.653561],[38.506994,48.65460063542314],[38.506994,48.654601],[38.50763,48.654743],[38.507633231231246,48.654743],[38.511602,48.655628],[38.511864,48.655338],[38.512659,48.654745],[38.512659,48.65474414982578],[38.512774,48.654658],[38.513147,48.654593],[38.512487,48.654448],[38.512487,48.654448078022945],[38.506994,48.653237],[38.506994,48.653237033237],[38.504398,48.652664],[38.503438,48.652448]]]}},{"type":"Feature","properties":{"cadnum":"4423881100:08:002:0067"},"geometry":{"type":"Polygon","coordinates":[[[38.487385,48.647485],[38.48738612931035,48.647485],[38.490686,48.648995],[38.490686,48.6489944987593],[38.490918,48.649101],[38.492146,48.649635],[38.492819,48.649878],[38.492823,48.649875],[38.494893,48.65032],[38.49618,48.650603],[38.49618,48.65060287725632],[38.498501,48.651114],[38.49850363300491,48.651114],[38.501673,48.651812],[38.501673,48.65181174466152],[38.503702,48.652257],[38.506994,48.652988766743654],[38.506994,48.652989],[38.508233,48.653264],[38.509927,48.653625],[38.512487,48.65420315519766],[38.512487,48.654204],[38.513665,48.654469],[38.513803,48.654501],[38.514901,48.654743],[38.51490256250001,48.654743],[38.515111,48.654789],[38.515308,48.654836],[38.518152,48.655489],[38.518152,48.65548820487805],[38.518596,48.65559],[38.519921,48.655886],[38.52069,48.656032],[38.520896,48.656059],[38.521848,48.65613],[38.522072,48.656139],[38.522621,48.656163],[38.522894,48.656174],[38.522927,48.656174],[38.523514,48.656202],[38.52386,48.656213],[38.52412,48.656225],[38.52426,48.656032],[38.523879,48.656017],[38.523533,48.656002],[38.52294,48.655976],[38.522908,48.655976],[38.522638,48.655964],[38.522041,48.655976],[38.52094,48.655881],[38.52077,48.65586],[38.519944,48.655694],[38.518152,48.655293241976565],[38.518152,48.655293],[38.515281,48.65465],[38.51519,48.654629],[38.515188193548404,48.654629],[38.515007,48.654588],[38.514917,48.654566],[38.513862,48.654335],[38.513782,48.654317],[38.512659,48.65406638455598],[38.512659,48.654066],[38.510008,48.653471],[38.508365,48.653112],[38.508288,48.653095],[38.507166,48.652848749613604],[38.507166,48.652848],[38.503765,48.652101],[38.501501,48.651604],[38.501501,48.65160431460674],[38.501317,48.651564],[38.499776,48.651223],[38.499534,48.651166],[38.498789,48.651],[38.498788818681334,48.651],[38.49767,48.65075],[38.496008,48.650379],[38.496008,48.65037945542169],[38.494935,48.650139],[38.493721,48.649878],[38.492945,48.649697],[38.492302,48.649466],[38.491085,48.648938],[38.490515,48.648677],[38.490515,48.648677603773585],[38.487665,48.647371],[38.487663442622946,48.647371],[38.48605,48.646631],[38.485928,48.646818],[38.487385,48.647485]]]}},{"type":"Feature","properties":{"cadnum":"4423881100:08:001:0036"},"geometry":{"type":"Polygon","coordinates":[[[38.513092740259744,48.654629],[38.513091,48.654629],[38.512851,48.65467],[38.512753,48.654743],[38.51275330882353,48.654743],[38.512659,48.65481347252747],[38.512659,48.654813],[38.511962,48.655335],[38.511423,48.65594],[38.512487,48.656357508090615],[38.512487,48.656358],[38.516319,48.657856],[38.517981,48.65623570867431],[38.517981,48.656236],[38.51813935861932,48.656081324139265],[38.518152,48.656069],[38.518152,48.65606897674419],[38.518497,48.655732],[38.51856,48.655584],[38.517981,48.655453],[38.517981,48.6554531973446],[38.516495,48.655116],[38.515245,48.654961],[38.514589,48.654762],[38.51358,48.654629],[38.5135774,48.654629],[38.513305,48.654593],[38.513092740259744,48.654629]]]}},{"type":"Feature","properties":{"cadnum":"4423881100:08:009:0017"},"geometry":{"type":"Polygon","coordinates":[[[38.4542,48.631409],[38.452893,48.630866],[38.452063,48.631081],[38.452063,48.63108123065586],[38.450877,48.631388],[38.449776,48.631082],[38.447072,48.63175],[38.446569,48.631928],[38.446569,48.63192879665072],[38.445069,48.632459],[38.443044,48.632965],[38.443045178181826,48.632965],[38.442396,48.633127],[38.444017,48.634187],[38.446569,48.633578979442],[38.446569,48.633579],[38.44661781967836,48.63356734802817],[38.446741,48.633538],[38.446741,48.63353794812869],[38.449615,48.632852],[38.44961353867028,48.632852],[38.452063,48.63226871954765],[38.452063,48.632269],[38.454596,48.631664],[38.4542,48.631409]]]}},{"type":"Feature","properties":{"cadnum":"4423881100:08:009:0052"},"geometry":{"type":"Polygon","coordinates":[[[38.441076,48.62816385067874],[38.441076,48.628166],[38.441363,48.62855],[38.441237,48.628728],[38.442279,48.629206],[38.44227934883721,48.629221],[38.442279,48.629221],[38.442315,48.63069],[38.443107,48.631275],[38.444287,48.63124],[38.446426,48.631587],[38.446569,48.63154750476191],[38.446569,48.631548],[38.448667,48.630967],[38.450608,48.63045],[38.451654,48.630322],[38.451443,48.630224],[38.449646,48.629221],[38.44964422818793,48.629221],[38.449049,48.628888],[38.448505,48.628855],[38.447862,48.628754],[38.44682,48.628862],[38.44668927082986,48.62883543749929],[38.445977,48.62869],[38.445397,48.628659],[38.445181,48.628544],[38.443789,48.627508],[38.443277,48.627303],[38.441822,48.62771],[38.441076,48.628074],[38.441076,48.6280742760181],[38.441027,48.628098],[38.441076,48.62816385067874]]]}},{"type":"Feature","properties":{"cadnum":"4423881100:08:002:0068"},"geometry":{"type":"Polygon","coordinates":[[[38.501375,48.645192],[38.500989,48.646053],[38.501623823529144,48.6461782941176],[38.503589,48.646567],[38.503975,48.645706],[38.50165521485415,48.64524841909815],[38.501375,48.645192]]]}},{"type":"Feature","properties":{"cadnum":"4423881100:02:003:0079"},"geometry":{"type":"Polygon","coordinates":[[[38.567431,48.658371],[38.56743318539863,48.658371],[38.562098,48.65935139329214],[38.562098,48.659351],[38.558895,48.659939],[38.559474,48.661348],[38.562098,48.660867],[38.562098,48.66086641523252],[38.567388,48.659895],[38.567172,48.659307],[38.567231,48.659168],[38.567419,48.659138777202074],[38.567419,48.659139],[38.567424,48.659138],[38.567591,48.659152],[38.567591,48.65915100494438],[38.568233,48.659201],[38.568821,48.659325],[38.568951,48.659151],[38.568943,48.658631],[38.569046,48.658258],[38.569045388888895,48.658258],[38.569099,48.658065],[38.567431,48.658371]],[[38.565394,48.66007],[38.565411,48.660088],[38.565385,48.660097],[38.565367,48.660079],[38.565394,48.66007]],[[38.565314,48.660099],[38.565327,48.660117],[38.5653,48.660126],[38.565285,48.660108],[38.565314,48.660099]],[[38.565031,48.65916],[38.565044,48.659177],[38.565017,48.659189],[38.565002,48.659171],[38.565031,48.65916]]]}},{"type":"Feature","properties":{"cadnum":"4423881100:02:003:0082"},"geometry":{"type":"Polygon","coordinates":[[[38.565623,48.651837],[38.566252,48.651584],[38.56617,48.651501],[38.565973,48.651472],[38.565605,48.651489],[38.565322,48.651584],[38.565165,48.651656],[38.565107,48.651729],[38.565241,48.651934],[38.563333,48.65197],[38.563436,48.651674],[38.563278,48.65165],[38.563174,48.65194],[38.562735,48.651979],[38.56209695849211,48.65207916226391],[38.560718,48.652294],[38.560534,48.652661],[38.560421,48.653267],[38.5565206483512,48.65443378021991],[38.555975,48.654596],[38.55599475510204,48.654629],[38.555994,48.654629],[38.556136,48.654866],[38.556285,48.654828],[38.556379,48.655008],[38.556433,48.65499552],[38.556433,48.654996],[38.556618,48.654953],[38.557102,48.655961],[38.558922,48.655587],[38.561513,48.655572],[38.561926,48.65554940854701],[38.561926,48.65555],[38.563975,48.655435],[38.564176,48.656317],[38.564046,48.656495],[38.564002,48.656854],[38.564176,48.656919],[38.564585,48.657029],[38.564658,48.657429],[38.567591,48.657163],[38.567591,48.65716234817013],[38.56843,48.657086],[38.568277,48.656379],[38.56861,48.656326],[38.56904,48.656708],[38.569482,48.656789],[38.56910964285714,48.658258],[38.569109,48.658258],[38.568218,48.661782],[38.568556,48.661799],[38.569416,48.658258],[38.56941549307052,48.658258],[38.570178,48.655124],[38.570658,48.655002],[38.57178,48.654783],[38.57182091240843,48.654676211679686],[38.571866,48.65456],[38.572912,48.654415724137934],[38.572912,48.654416],[38.57305578378195,48.65439589189214],[38.573084,48.654392],[38.573084,48.65439194586466],[38.573577,48.654323],[38.573698,48.653077],[38.573065,48.653104],[38.572899,48.653053],[38.572248,48.653154],[38.571467,48.65324],[38.57104,48.653243],[38.570214,48.653306],[38.570182,48.653202],[38.571027,48.653181],[38.571457,48.653163],[38.572216,48.653092],[38.572895,48.653026],[38.572912,48.653020423280424],[38.572912,48.653021],[38.57296887855839,48.653001764705714],[38.573084,48.652964],[38.573084,48.652962832727276],[38.573187,48.652928],[38.573164,48.652807],[38.573084,48.65266858730159],[38.573084,48.652668],[38.572576,48.651789],[38.572,48.651819],[38.571862,48.65167],[38.570209,48.651923],[38.567591,48.65193707526882],[38.567591,48.651937],[38.565614,48.651946],[38.565623,48.651837]],[[38.569661,48.654771],[38.569073,48.656418],[38.568668,48.656127],[38.56844,48.65613],[38.568407,48.654925],[38.569661,48.654771]]]}},{"type":"Feature","properties":{"cadnum":"4423881100:02:003:0080"},"geometry":{"type":"Polygon","coordinates":[[[38.56512,48.657643],[38.564644,48.657445],[38.564558,48.657115],[38.563526,48.657299],[38.563381,48.657322],[38.562151,48.657551],[38.561926,48.657592],[38.561926,48.65759250474337],[38.55829273173971,48.658258],[38.558291,48.658258],[38.557987,48.658314],[38.558015,48.658371],[38.558015499999996,48.658371],[38.558077,48.658494],[38.558184,48.658711],[38.558257,48.658756],[38.558459,48.658887],[38.558895,48.659939],[38.561926,48.65938257539806],[38.561926,48.659383],[38.564105,48.658982],[38.564442,48.658919],[38.564505,48.658907],[38.564837,48.658848],[38.567419,48.6583736020334],[38.567419,48.658374],[38.568048,48.658258],[38.568047591503294,48.658258],[38.569099,48.658065],[38.569109,48.658038],[38.568461,48.657955],[38.567419,48.657896],[38.567419,48.657896090534976],[38.567105,48.657878],[38.56512,48.657643]],[[38.563696,48.658213],[38.56373617857143,48.658258],[38.563735,48.658258],[38.563746,48.658269],[38.56366,48.658299],[38.56361,48.658243],[38.563696,48.658213]],[[38.563664,48.657592],[38.563714,48.657652],[38.56362,48.657687],[38.56357,48.657625],[38.563664,48.657592]],[[38.560394,48.658575],[38.560255,48.658581],[38.560251,48.658489],[38.56039,48.658483],[38.560394,48.658575]]]}},{"type":"Feature","properties":{"cadnum":"4423881100:02:003:0072"},"geometry":{"type":"Polygon","coordinates":[[[38.571228,48.654946],[38.570977,48.654982],[38.570375,48.655492],[38.570146,48.655777],[38.570048,48.656169],[38.573084,48.656518],[38.573084,48.65651773521624],[38.578577,48.657148],[38.578577,48.65714772713643],[38.582407,48.657587],[38.58265,48.65697],[38.582822,48.656279],[38.578577,48.655791742811864],[38.578577,48.655791],[38.572912,48.65514],[38.572912,48.65514016810345],[38.571228,48.654946]],[[38.573061,48.655569],[38.573147,48.655596],[38.573105,48.655652],[38.573021,48.655622],[38.573061,48.655569]],[[38.572868,48.655958],[38.572908,48.655901],[38.572912,48.65590233333334],[38.572912,48.655903],[38.572989,48.655928],[38.572948,48.655985],[38.572868,48.655958]],[[38.572185,48.655204],[38.572252,48.65518],[38.572266,48.655198],[38.572199,48.655222],[38.572185,48.655204]],[[38.570555,48.655444],[38.570622,48.655421],[38.570635,48.655435],[38.570568,48.655459],[38.570555,48.655444]],[[38.570451,48.656073],[38.570451,48.656133],[38.570312,48.656133],[38.570312,48.656073],[38.570451,48.656073]],[[38.578329,48.655837],[38.578289,48.655837],[38.578289,48.655813],[38.578325,48.655809],[38.578329,48.655837]],[[38.577017,48.656851],[38.577023,48.65688],[38.576977,48.656884],[38.576973,48.656851],[38.577017,48.656851]],[[38.576466,48.655851],[38.57647,48.655875],[38.57643,48.655877],[38.57643,48.655851],[38.576466,48.655851]],[[38.575415,48.655578],[38.575379,48.655578],[38.575374,48.655554],[38.575415,48.655554],[38.575415,48.655578]],[[38.574121,48.655901],[38.574121,48.655925],[38.574084,48.655928],[38.57408,48.655901],[38.574121,48.655901]],[[38.582277,48.657245],[38.58234,48.657231],[38.58239,48.657258],[38.58238,48.657299],[38.582319,48.657313],[38.582269,48.657287],[38.582277,48.657245]],[[38.580413,48.656735],[38.580413,48.656765],[38.580369,48.656768],[38.580365,48.656735],[38.580413,48.656735]]]}},{"type":"Feature","properties":{"cadnum":"4423881100:02:003:0070"},"geometry":{"type":"Polygon","coordinates":[[[38.571637,48.657468],[38.571566,48.657524],[38.57148,48.657477],[38.571511,48.657453],[38.569778,48.657254],[38.56952258834412,48.658258],[38.569522,48.658258],[38.569503,48.658335],[38.573084,48.658746],[38.573084,48.65874554545454],[38.573484,48.658791],[38.578577,48.659376],[38.578577,48.65937570475919],[38.581914,48.659758],[38.58213,48.658874],[38.582097,48.65867],[38.581873,48.658643],[38.581851,48.658649],[38.581837,48.65864],[38.580216,48.658423],[38.578545,48.65826],[38.578541,48.658311],[38.578442,48.658307],[38.578451,48.658258],[38.57845001818182,48.658258],[38.578451,48.658252],[38.573084,48.657635749413245],[38.573084,48.657635],[38.571637,48.657468]],[[38.57152,48.658237],[38.571543,48.658245],[38.571511,48.65829],[38.571489,48.658281],[38.57152,48.658237]],[[38.571359,48.65783],[38.571462,48.657848],[38.571453,48.657878],[38.57135,48.65786],[38.571359,48.65783]],[[38.571336,48.657902],[38.57144,48.657919],[38.571426,48.657949],[38.571323,48.657931],[38.571336,48.657902]],[[38.571116,48.65807],[38.571166,48.658139],[38.571057,48.658175],[38.571008,48.658103],[38.571116,48.65807]],[[38.570218,48.65794],[38.570321,48.657975],[38.570268,48.658043],[38.570164,48.658008],[38.570218,48.65794]],[[38.574988,48.658061],[38.574979,48.658124],[38.574885,48.658118],[38.574893,48.658056],[38.574988,48.658061]],[[38.572702,48.658628],[38.572724,48.658634],[38.572692,48.658679],[38.572665,48.658672],[38.572702,48.658628]]]}},{"type":"Feature","properties":{"cadnum":"4423881100:03:004:0007"},"geometry":{"type":"Polygon","coordinates":[[[38.476789,48.645768],[38.476806,48.645756],[38.476785,48.645744],[38.476771,48.645759],[38.476789,48.645768]]]}},{"type":"Feature","properties":{"cadnum":"4423881100:04:001:0003"},"geometry":{"type":"Polygon","coordinates":[[[38.475423,48.646807],[38.475311,48.646002],[38.474974,48.645483],[38.474619,48.645332],[38.474207,48.64567253961456],[38.474207,48.645672],[38.474152,48.645718],[38.474035,48.646008],[38.474035,48.64600858823529],[38.473999,48.646098],[38.473447,48.646356],[38.474035,48.64669828037383],[38.474035,48.646699],[38.474196,48.646792],[38.474232,48.64689],[38.475423,48.646807]]]}},{"type":"Feature","properties":{"cadnum":"4423881100:03:004:0016"},"geometry":{"type":"Polygon","coordinates":[[[38.476586,48.645913],[38.476653,48.64589],[38.476599,48.645851],[38.476546,48.645883],[38.476586,48.645913]]]}},{"type":"Feature","properties":{"cadnum":"4423881100:03:004:0006"},"geometry":{"type":"Polygon","coordinates":[[[38.477238,48.645415],[38.477251,48.6454],[38.477234,48.645392],[38.477215,48.645403],[38.477238,48.645415]]]}},{"type":"Feature","properties":{"cadnum":"4423881100:04:001:0002"},"geometry":{"type":"Polygon","coordinates":[[[38.471636,48.639649],[38.470829,48.639266],[38.470159,48.638942],[38.470064,48.638894],[38.469561,48.638624],[38.469441,48.638553],[38.469242,48.638701],[38.469368,48.638776],[38.469876,48.639049],[38.46998,48.639099],[38.470657,48.639426],[38.471466,48.639809],[38.471816,48.639978],[38.472104615384616,48.640112],[38.472104,48.640112],[38.472340740738844,48.640221629628755],[38.472348,48.640225],[38.47234801891892,48.640225],[38.472903,48.640482],[38.4735,48.640764],[38.473829,48.640922],[38.474207,48.641102],[38.474207,48.64110130252101],[38.474511,48.641245],[38.474691,48.641334],[38.47558,48.641782],[38.475783,48.641895],[38.476129,48.642076],[38.476452,48.642251],[38.477404,48.642762],[38.478379,48.643296],[38.478576,48.643406],[38.47863,48.643439],[38.47922849535604,48.643742],[38.479228,48.643742],[38.479268,48.643762],[38.479528,48.64388598148148],[38.479528,48.643886],[38.47953418741957,48.643888931963964],[38.4797,48.643968],[38.4797,48.643967503734444],[38.480733,48.644457],[38.481989,48.645029],[38.482309,48.645174],[38.482381,48.64521],[38.485193,48.646485],[38.485193,48.64648429411765],[38.485668,48.646699],[38.485794,48.646756],[38.485928,48.646818],[38.48605,48.646631],[38.485964,48.646593],[38.48584,48.646536],[38.485022,48.646166],[38.485022,48.64616652573808],[38.482551,48.645047],[38.482484,48.645014],[38.482156,48.644866],[38.480903,48.644296],[38.479812732064296,48.64377931185938],[38.47963529048845,48.64369498714654],[38.479483,48.643622],[38.479483,48.643634],[38.479408,48.643637],[38.479408,48.643619],[38.479439,48.643599],[38.478819,48.643281],[38.478572,48.643144],[38.477592,48.642607],[38.47664,48.642097],[38.476316,48.641922],[38.47597,48.641743],[38.475769,48.641628],[38.474871,48.641177],[38.474687,48.641085],[38.47405603225727,48.64078887096737],[38.473999,48.640762],[38.473676,48.640604],[38.473074,48.640322],[38.47286568095238,48.640225],[38.472866,48.640225],[38.471987,48.639814],[38.471636,48.639649]]]}},{"type":"Feature","properties":{"cadnum":"4423881100:03:004:0002"},"geometry":{"type":"Polygon","coordinates":[[[38.479026,48.643993],[38.479039,48.643982],[38.47902,48.643969],[38.479003,48.643984],[38.479026,48.643993]]]}},{"type":"Feature","properties":{"cadnum":"4423881100:04:001:0001"},"geometry":{"type":"Polygon","coordinates":[[[38.478374,48.644394],[38.478486,48.644305],[38.478379,48.644246],[38.478293,48.644311],[38.478203,48.64426],[38.478194,48.64427],[38.478177,48.644281],[38.478374,48.644394]]]}},{"type":"Feature","properties":{"cadnum":"4423881100:04:001:0004"},"geometry":{"type":"Polygon","coordinates":[[[38.473712,48.64489],[38.473047,48.64486],[38.472513,48.645089],[38.47236,48.645282],[38.472913,48.645409],[38.473244,48.645682],[38.474152,48.645718],[38.474619,48.645332],[38.47406935294337,48.64506470588342],[38.473712,48.64489]]]}},{"type":"Feature","properties":{"cadnum":"4423881100:03:004:0004"},"geometry":{"type":"Polygon","coordinates":[[[38.478131,48.644703],[38.478144,48.644691],[38.478127,48.644679],[38.47811,48.644693],[38.478131,48.644703]]]}},{"type":"Feature","properties":{"cadnum":"4423881100:03:004:0003"},"geometry":{"type":"Polygon","coordinates":[[[38.478576,48.64435],[38.478594,48.644334],[38.478572,48.644326],[38.478559,48.644338],[38.478576,48.64435]]]}},{"type":"Feature","properties":{"cadnum":"4423881100:03:004:0005"},"geometry":{"type":"Polygon","coordinates":[[[38.477682,48.645058],[38.477701,48.645047],[38.477678,48.645035],[38.477664,48.645047],[38.477682,48.645058]]]}},{"type":"Feature","properties":{"cadnum":"4423881100:03:004:0008"},"geometry":{"type":"Polygon","coordinates":[[[38.476649,48.645874],[38.476662,48.645863],[38.476645,48.645851],[38.476632,48.645863],[38.476649,48.645874]]]}},{"type":"Feature","properties":{"cadnum":"4423881100:02:007:0014"},"geometry":{"type":"Polygon","coordinates":[[[38.58353286382979,48.654743],[38.583329,48.655569],[38.58407,48.655651],[38.58407,48.65565060566038],[38.588669,48.656151],[38.588984,48.654907],[38.58894364935053,48.65469127922016],[38.588921,48.654566],[38.588342,48.653845],[38.587866,48.653466],[38.587191,48.653145],[38.586437,48.652884],[38.585462,48.65275],[38.584034,48.652718],[38.583532,48.654743],[38.58353286382979,48.654743]]]}},{"type":"Feature","properties":{"cadnum":"4423881100:01:007:0007"},"geometry":{"type":"Polygon","coordinates":[[[38.611351,48.660094],[38.611266,48.659307],[38.610871,48.659319],[38.610961,48.660091],[38.611351,48.660094]]]}},{"type":"Feature","properties":{"cadnum":"4423881100:01:007:0021"},"geometry":{"type":"Polygon","coordinates":[[[38.609052,48.659278],[38.609439,48.659215],[38.609282,48.658376],[38.608877,48.658382],[38.609052,48.659278]]]}},{"type":"Feature","properties":{"cadnum":"4423881100:01:007:0006"},"geometry":{"type":"Polygon","coordinates":[[[38.609861,48.660574],[38.610076,48.660568],[38.609986,48.65934],[38.609775,48.659355],[38.609861,48.660574]]]}},{"type":"Feature","properties":{"cadnum":"4423881100:01:007:0001"},"geometry":{"type":"Polygon","coordinates":[[[38.611423,48.660726],[38.611351,48.660094],[38.610961,48.660091],[38.611041,48.660726],[38.611423,48.660726]]]}},{"type":"Feature","properties":{"cadnum":"4423881100:01:007:0017"},"geometry":{"type":"Polygon","coordinates":[[[38.610332,48.660464],[38.610597,48.660453],[38.610502,48.659307],[38.610234,48.659323],[38.610332,48.660464]]]}},{"type":"Feature","properties":{"cadnum":"4423881100:01:007:0013"},"geometry":{"type":"Polygon","coordinates":[[[38.609712,48.659228],[38.609856,48.659219],[38.609978,48.65921],[38.609815,48.658322],[38.609542,48.658346],[38.609712,48.659228]]]}},{"type":"Feature","properties":{"cadnum":"4423881100:01:007:0014"},"geometry":{"type":"Polygon","coordinates":[[[38.608917,48.659301],[38.608747,48.658412],[38.608437,48.658444],[38.608701,48.659299],[38.608917,48.659301]]]}},{"type":"Feature","properties":{"cadnum":"4423881100:01:007:0002"},"geometry":{"type":"Polygon","coordinates":[[[38.608177,48.660515],[38.608984,48.66045],[38.60898,48.660176],[38.608154,48.66026],[38.608177,48.660515]]]}},{"type":"Feature","properties":{"cadnum":"4423881100:02:006:0048"},"geometry":{"type":"Polygon","coordinates":[[[38.539558,48.668762],[38.538674,48.668536],[38.53782,48.668424],[38.53752,48.669255],[38.5375215241914,48.669255],[38.536222,48.672883],[38.536222533783786,48.672883],[38.536104,48.673214],[38.538733,48.67277],[38.53873094274809,48.67277],[38.539613,48.672621],[38.540125,48.671191],[38.540125,48.67119089908255],[38.540825,48.669237],[38.540571,48.669142],[38.54057088957055,48.669142],[38.540125,48.668975302752294],[38.540125,48.668975],[38.539558,48.668762]]]}},{"type":"Feature","properties":{"cadnum":"4423881100:02:006:0074"},"geometry":{"type":"Polygon","coordinates":[[[38.534704,48.672883],[38.53470523364484,48.672883],[38.535772,48.673057],[38.535862,48.67277],[38.53586065599051,48.67277],[38.536091,48.67204],[38.536544,48.671007],[38.53446,48.670669],[38.53446,48.670669064530195],[38.530045,48.669952],[38.529286,48.672001],[38.53401137241379,48.67277],[38.534008,48.67277],[38.534632,48.672872],[38.534632,48.67287105487805],[38.5346631269043,48.67287613197982],[38.534704,48.672883]]]}},{"type":"Feature","properties":{"cadnum":"4423881100:02:006:0073"},"geometry":{"type":"Polygon","coordinates":[[[38.534484184333245,48.672846944700694],[38.53446,48.672843],[38.53446,48.672843008978674],[38.529286,48.672001],[38.52900008974359,48.67277],[38.529,48.67277],[38.528999,48.67277],[38.528424,48.67432],[38.529139,48.674403],[38.529139,48.67440269651272],[38.533211,48.674869],[38.534443,48.674647],[38.53446,48.674641153439154],[38.53446,48.674642],[38.5346035033257,48.674591800443544],[38.534632,48.674582],[38.534632,48.674581831891224],[38.535269,48.674359],[38.535328,48.674273],[38.535695,48.673309],[38.535772,48.673057],[38.534632,48.67287105487805],[38.534632,48.672871],[38.534484184333245,48.672846944700694]]]}},{"type":"Feature","properties":{"cadnum":"4423881100:08:008:0007"},"geometry":{"type":"Polygon","coordinates":[[[38.442015,48.642572],[38.442113,48.641803],[38.442159,48.64099],[38.442285,48.640726],[38.442554,48.640643],[38.44361,48.640817],[38.443847,48.640768],[38.443937,48.64037],[38.443852,48.640236],[38.441076,48.640661],[38.441076,48.64066130409873],[38.43671,48.641329],[38.43754716326531,48.643742],[38.437546,48.643742],[38.437577,48.643828],[38.439158,48.643611],[38.439549,48.643498],[38.440119,48.643307],[38.441248,48.64287],[38.441248,48.64286932481363],[38.442015,48.642572]]]}},{"type":"Feature","properties":{"cadnum":"4423881100:08:002:0065"},"geometry":{"type":"Polygon","coordinates":[[[38.520613,48.651406],[38.519944,48.651766],[38.519602,48.65235],[38.518889,48.653065],[38.51874,48.653352],[38.519432,48.653531],[38.519661,48.653821],[38.52276,48.654743],[38.52276182228118,48.654743],[38.523645,48.655006],[38.523645,48.655004889094265],[38.524556,48.655276],[38.524583,48.655234],[38.524914932231404,48.654743],[38.524915,48.654743],[38.526232,48.652798],[38.523474,48.651978],[38.523474,48.651978147829084],[38.520743,48.651166],[38.520613,48.651406]],[[38.520177,48.653207],[38.520235,48.653251],[38.520168,48.65329],[38.52011,48.653246],[38.520177,48.653207]]]}},{"type":"Feature","properties":{"cadnum":"4423881100:08:002:0066"},"geometry":{"type":"Polygon","coordinates":[[[38.521183,48.650335],[38.52083043902439,48.651],[38.52083,48.651],[38.5207920968155,48.65107232101871],[38.52077,48.651114],[38.52077025301205,48.651114],[38.520743,48.651166],[38.523645,48.652029],[38.523645,48.65202884118927],[38.526232,48.652798],[38.526995,48.651667],[38.527210936524625,48.65107912382887],[38.527346,48.650715],[38.524929,48.650338],[38.523766,48.65016],[38.523474,48.650153],[38.523474,48.650153326366556],[38.522401,48.650124],[38.521183,48.650335]]]}},{"type":"Feature","properties":{"cadnum":"4423881100:02:006:0061"},"geometry":{"type":"Polygon","coordinates":[[[38.528531,48.65289],[38.528366,48.654743],[38.52836691304348,48.654743],[38.528261,48.65594],[38.528307,48.65594],[38.528298,48.656041],[38.528253,48.656038],[38.528253,48.656055],[38.528967,48.65608320541761],[38.528967,48.656084],[38.533427,48.656255],[38.533571,48.654629],[38.533570136419,48.654629],[38.533706,48.653101],[38.529139,48.652915968558766],[38.529139,48.652915],[38.528531,48.65289]],[[38.532619,48.653973],[38.532762,48.653887],[38.532892,48.653893],[38.532898,48.653982],[38.532762,48.654071],[38.53265,48.654047],[38.532619,48.653973]],[[38.531801,48.656112],[38.53177,48.656112],[38.531774,48.656092],[38.531801,48.656094],[38.531801,48.656112]],[[38.531707,48.656109],[38.531676,48.656109],[38.53168,48.656088],[38.531707,48.656088],[38.531707,48.656109]]]}},{"type":"Feature","properties":{"cadnum":"4423881100:08:009:0049"},"geometry":{"type":"Polygon","coordinates":[[[38.466125,48.631601],[38.466288,48.631584],[38.467397,48.631465],[38.466701,48.630948],[38.466143,48.631005],[38.465978,48.631026],[38.465798,48.631046],[38.463233,48.631311],[38.463221,48.63131230434782],[38.463221,48.631312],[38.461374,48.631509],[38.458957,48.631765],[38.458692,48.631806],[38.457556,48.631998],[38.457556,48.63199873117034],[38.456864,48.632115],[38.456644,48.632171],[38.456068,48.632278],[38.455925,48.632302],[38.455826,48.632317],[38.455692,48.63234],[38.455202,48.632424],[38.455112,48.632545],[38.45429,48.632769],[38.45394063775511,48.632852],[38.45394,48.632852],[38.453847372680315,48.6328741575208],[38.453465,48.632965],[38.45346761469934,48.632965],[38.452234,48.63326009483218],[38.452234,48.63326],[38.446633375002484,48.63459762499941],[38.446363,48.634662],[38.442155,48.635737],[38.441503,48.63576],[38.441485,48.63584],[38.441373,48.635915],[38.441076,48.635985],[38.441076,48.63598552551574],[38.43896884331796,48.636482],[38.438965,48.636482],[38.437685,48.636784],[38.435583,48.637277],[38.435583,48.63727729124625],[38.432088,48.638096],[38.43079,48.638342],[38.43009,48.638441],[38.43009,48.63844216993464],[38.429344,48.638547],[38.428742,48.638654],[38.428167,48.63861],[38.427996,48.638586],[38.427291,48.6385],[38.427111,48.639072],[38.42783,48.639162],[38.428033,48.639185],[38.428796,48.639248],[38.429708,48.639147],[38.43009,48.63907942599278],[38.43009,48.63908],[38.430826,48.638948],[38.432362,48.638628],[38.435331,48.637918],[38.435583,48.63785559433962],[38.435583,48.637856],[38.437927,48.637277],[38.439769,48.63682],[38.440695485207115,48.636596],[38.440698,48.636596],[38.441076,48.63650459272727],[38.441076,48.636505],[38.441319,48.636446],[38.443075,48.635995],[38.446488,48.63511],[38.446569,48.635090470355735],[38.446569,48.635091],[38.450418,48.634157],[38.452063,48.63375983057851],[38.452063,48.63376],[38.452112,48.633748],[38.452234,48.63372],[38.452234,48.63371924600309],[38.454051,48.633291],[38.454487,48.633192],[38.455328,48.633018],[38.455485,48.632985],[38.455921,48.632901],[38.456032,48.632884],[38.456127,48.632869],[38.456288,48.632846],[38.456984,48.632712],[38.45708,48.632685],[38.457556,48.63260554404946],[38.457556,48.632606],[38.4588,48.632397],[38.459806,48.63227],[38.460592,48.632177],[38.462582,48.631966],[38.463049,48.631918496087636],[38.463049,48.631919],[38.464661,48.631753],[38.465942,48.631623],[38.466125,48.631601]]]}},{"type":"Feature","properties":{"cadnum":"4423881100:08:009:0021"},"geometry":{"type":"Polygon","coordinates":[[[38.463182913041564,48.628345478259135],[38.463049,48.628224],[38.463049,48.62822410045662],[38.462783,48.627983],[38.46163,48.627187],[38.461208,48.627152],[38.460322,48.627137],[38.46082356323931,48.629221],[38.460823,48.629221],[38.461374,48.631509],[38.463049,48.63133034542501],[38.463049,48.631331],[38.463233,48.631311],[38.465753,48.631035],[38.464082,48.629221],[38.464081340336136,48.629221],[38.463749,48.628859],[38.463221,48.62838002857143],[38.463221,48.62838],[38.463182913041564,48.628345478259135]]]}},{"type":"Feature","properties":{"cadnum":"4423881100:08:009:0003"},"geometry":{"type":"Polygon","coordinates":[[[38.468542,48.632715],[38.468641,48.632703],[38.46715,48.631521],[38.463049,48.632005],[38.463049,48.63200525136805],[38.457556,48.632652],[38.457556,48.632652085714284],[38.457097,48.632706],[38.4574464980695,48.632852],[38.457446,48.632852],[38.457727,48.63297],[38.457727,48.63296956441281],[38.458961,48.633486],[38.459577,48.633777],[38.463221,48.633346],[38.463221,48.633345610701106],[38.467385,48.632852],[38.467381893129755,48.632852],[38.468542,48.63271471544715],[38.468542,48.632715]],[[38.460367,48.632646],[38.460196,48.632762],[38.460022,48.632646],[38.460196,48.632534],[38.460367,48.632646]]]}},{"type":"Feature","properties":{"cadnum":"4423881100:09:002:0004"},"geometry":{"type":"Polygon","coordinates":[[[38.46837,48.654629],[38.468369,48.654629],[38.468488,48.654896],[38.468542,48.65490412389381],[38.468542,48.654905],[38.469777,48.655092],[38.470707,48.655294],[38.472085,48.655133],[38.471596,48.655916],[38.474035,48.655916],[38.474207,48.655916],[38.477764,48.655916],[38.478144,48.655395],[38.476896,48.654854],[38.476397,48.654629],[38.47639598399999,48.654629],[38.475819,48.654368],[38.475144,48.653961],[38.474207,48.653961],[38.46869,48.653958],[38.468345,48.654572],[38.46837,48.654629]]]}},{"type":"Feature","properties":{"cadnum":"4423881100:09:003:0007"},"geometry":{"type":"Polygon","coordinates":[[[38.462307,48.657139],[38.461988,48.656688],[38.461823,48.656569],[38.461194,48.656323],[38.460892,48.656373],[38.460466,48.656684],[38.459806,48.656142],[38.459617,48.656103],[38.459441,48.656133],[38.458315,48.656557],[38.458206,48.656655],[38.457727,48.6574626676923],[38.457727,48.657462],[38.457516,48.657818],[38.457556,48.65785970616113],[38.457556,48.65786],[38.4576038341162,48.65790958059509],[38.457727,48.658038],[38.457727,48.658037243407705],[38.458049,48.658371],[38.458050419384904,48.658371],[38.45898,48.659331],[38.460443,48.660847],[38.460808,48.661221],[38.463221,48.660766],[38.463221,48.66076519346049],[38.463416,48.660728],[38.464648,48.6605],[38.464697,48.659301],[38.46482896548417,48.658371],[38.464829,48.658371],[38.464908,48.657825],[38.464548,48.657539],[38.464284,48.657427],[38.463246,48.657236],[38.463049,48.657216],[38.463049,48.65721693435449],[38.462307,48.657139]]]}},{"type":"Feature","properties":{"cadnum":"4423881100:09:010:0037"},"geometry":{"type":"Polygon","coordinates":[[[38.430354,48.674962],[38.430333,48.675186],[38.43009,48.675336],[38.43009,48.67533649689441],[38.429618,48.675626],[38.428792,48.675741],[38.428432,48.675575],[38.42792209625669,48.676397],[38.427921,48.676397],[38.426882,48.678072],[38.430262,48.678293],[38.430262,48.678292198372326],[38.431073,48.678345],[38.432279,48.676397],[38.43227795835647,48.676397],[38.433323,48.674709],[38.432195,48.674567],[38.430736,48.674092],[38.430283,48.673786],[38.43017687829891,48.67373761290313],[38.429739,48.673535],[38.429704,48.67352],[38.429079,48.674525],[38.430262,48.674931],[38.430262,48.67493028787879],[38.430354,48.674962]]]}},{"type":"Feature","properties":{"cadnum":"4423881100:09:009:0019"},"geometry":{"type":"Polygon","coordinates":[[[38.458629,48.683515],[38.458709,48.683764],[38.45870983425414,48.683764],[38.458732,48.683832],[38.458655,48.684454],[38.458521,48.68481],[38.458378,48.685513],[38.463221,48.685952],[38.463221,48.68595153080169],[38.464234,48.686043],[38.464437,48.685261],[38.464778,48.683781],[38.464590346153784,48.683764],[38.464591,48.683764],[38.463049,48.683624],[38.463049,48.68362439748863],[38.458602,48.683221],[38.458629,48.683515]]]}},{"type":"Feature","properties":{"cadnum":"4423881100:09:009:0023"},"geometry":{"type":"Polygon","coordinates":[[[38.465034,48.683847],[38.464481,48.686945],[38.464347,48.687391],[38.464348128603106,48.687391],[38.464248,48.687728],[38.468542,48.68782895611285],[38.468542,48.68783],[38.469391,48.687849],[38.46945665734266,48.687391],[38.469457,48.687391],[38.46958,48.686535],[38.469674,48.686405],[38.468714,48.68587666077739],[38.468714,48.685876],[38.465034,48.683847]]]}},{"type":"Feature","properties":{"cadnum":"4423881100:09:005:0001"},"geometry":{"type":"Polygon","coordinates":[[[38.467074,48.681432],[38.465456123826556,48.683651],[38.465455,48.683651],[38.465443,48.683669],[38.465492,48.683695],[38.465618,48.683764],[38.46561859319286,48.683764],[38.467756,48.684929],[38.468483,48.685368],[38.468542,48.68539967099567],[38.468542,48.6854],[38.46869795833206,48.68548338888821],[38.468714,48.685492],[38.468714,48.685491966159056],[38.469724,48.686032],[38.469911,48.686023],[38.470249,48.684902],[38.471138,48.684321],[38.470041,48.68419],[38.47015876252319,48.683764],[38.470159,48.683764],[38.470442,48.68275],[38.470491,48.682518],[38.468714,48.681953626988204],[38.468714,48.681953],[38.467074,48.681432]],[[38.465564,48.683645],[38.465506,48.683645],[38.465506,48.683606],[38.465564,48.683606],[38.465564,48.683645]],[[38.468676,48.685341],[38.468623,48.685341],[38.468623,48.685302],[38.468676,48.685302],[38.468676,48.685341]],[[38.468152,48.685053],[38.468097,48.685053],[38.468097,48.685018],[38.468152,48.685018],[38.468152,48.685053]],[[38.467626,48.684768],[38.467571,48.684768],[38.467571,48.684733],[38.467626,48.684733],[38.467626,48.684768]],[[38.4671,48.684484],[38.467047,48.684484],[38.467047,48.684449],[38.4671,48.684449],[38.4671,48.684484]],[[38.466575,48.684199],[38.466521,48.684199],[38.466521,48.684164],[38.466575,48.684164],[38.466575,48.684199]],[[38.466053,48.683915],[38.465999,48.683915],[38.465999,48.683876],[38.466053,48.683876],[38.466053,48.683915]],[[38.469728,48.68591],[38.46967,48.68591],[38.469674,48.685875],[38.469728,48.685875],[38.469728,48.68591]],[[38.469202,48.685625],[38.469148,48.685625],[38.469148,48.68559],[38.469202,48.68559],[38.469202,48.685625]]]}},{"type":"Feature","properties":{"cadnum":"4423881100:02:007:0017"},"geometry":{"type":"Polygon","coordinates":[[[38.581725,48.661799],[38.582835,48.662],[38.58283655192877,48.662],[38.58407,48.662223],[38.58407,48.66222274902975],[38.585445,48.66247],[38.585749,48.662426],[38.586495,48.662168],[38.58698,48.662004],[38.587115,48.661886],[38.58711393548387,48.661886],[38.587196,48.661814],[38.587267,48.661557],[38.583899,48.66119],[38.583899,48.661190332230625],[38.581954,48.660978],[38.581725,48.661799]],[[38.586294,48.661636],[38.586382,48.661711],[38.586311,48.661749],[38.586221,48.661675],[38.586294,48.661636]]]}},{"type":"Feature","properties":{"cadnum":"4423881100:02:007:0016"},"geometry":{"type":"Polygon","coordinates":[[[38.58385,48.658581],[38.582822,48.658468],[38.582726,48.658459],[38.582722,48.658489],[38.582579,48.658726],[38.582435,48.659239],[38.581954,48.660978],[38.583899,48.661190332230625],[38.583899,48.661191],[38.584837,48.661293],[38.586531,48.661476],[38.587267,48.661557],[38.5873,48.661434],[38.587466,48.660844],[38.587632,48.660231],[38.587619,48.659907],[38.587632,48.659886],[38.5876,48.659904],[38.587569,48.65988],[38.587609,48.659859],[38.587636,48.659883],[38.58778,48.659652],[38.58778,48.659646],[38.587929,48.659023],[38.58686,48.658907],[38.585844,48.658797],[38.58486,48.65869],[38.583899,48.658586],[38.583899,48.658586345454545],[38.58385,48.658581]],[[38.58407,48.658882],[38.584051,48.658901],[38.583895,48.658892],[38.583827,48.6588],[38.583899,48.6587312],[38.583899,48.658733],[38.583917,48.658714],[38.58407,48.658723],[38.584137,48.658815],[38.58407,48.658882000000006],[38.58407,48.658882]],[[38.584043,48.660218],[38.58407,48.660207],[38.584088,48.660222],[38.584065,48.660236],[38.584043,48.660218]],[[38.58305,48.659376],[38.583072,48.659361],[38.583091,48.659378],[38.583068,48.659391],[38.58305,48.659376]],[[38.582008,48.660874],[38.582021,48.660805],[38.582063,48.660794],[38.582093,48.660814],[38.582084,48.660883],[38.58204,48.660901],[38.582008,48.660874]],[[38.585812,48.659889],[38.585902,48.659842],[38.585975,48.659901],[38.585885,48.659948],[38.585812,48.659889]],[[38.585287,48.661271],[38.585309,48.66126],[38.585327,48.661275],[38.585305,48.661286],[38.585287,48.661271]],[[38.584267,48.660067],[38.58434,48.660026],[38.584403,48.660076],[38.584326,48.660117],[38.584267,48.660067]]]}},{"type":"Feature","properties":{"cadnum":"4423881100:02:003:0069"},"geometry":{"type":"Polygon","coordinates":[[[38.573484,48.658791],[38.572912,48.660969],[38.572912,48.660970403225804],[38.572836,48.66126],[38.572912,48.66125846774193],[38.572912,48.661259],[38.574237,48.66123],[38.574589,48.661111],[38.574727,48.660779],[38.574552,48.660207],[38.574526,48.659939],[38.574583,48.659857],[38.575419,48.659521],[38.575931,48.659533],[38.57621,48.659688],[38.576776,48.660343],[38.57722,48.660678],[38.577575,48.660842],[38.578405,48.66103361366313],[38.578405,48.661034],[38.578424,48.661038],[38.578936,48.661352],[38.579394,48.66148],[38.580158,48.661485],[38.581434,48.661752],[38.581914,48.659758],[38.578405,48.659356],[38.578405,48.659356243471436],[38.573484,48.658791]],[[38.578577,48.66077774380165],[38.578581,48.660779],[38.578577,48.66078407936507],[38.578577,48.660784],[38.578518,48.660859],[38.578401,48.66082],[38.578405,48.6608146440678],[38.578405,48.660815],[38.57846,48.660741],[38.578577,48.660778],[38.578577,48.66077774380165]],[[38.578181,48.660559],[38.578212,48.660515],[38.578239,48.660524],[38.578204,48.660568],[38.578181,48.660559]],[[38.577036,48.660332],[38.577067,48.660286],[38.577094,48.660295],[38.577063,48.66034],[38.577036,48.660332]],[[38.576811,48.660094],[38.576843,48.660049],[38.57687,48.660055],[38.576834,48.660099],[38.576811,48.660094]],[[38.574166,48.659355],[38.574202,48.65931],[38.574224,48.659319],[38.574193,48.659364],[38.574166,48.659355]],[[38.57391,48.659082],[38.573941,48.659037],[38.573968,48.659046],[38.573933,48.659091],[38.57391,48.659082]],[[38.580648,48.660655],[38.580809,48.660607],[38.580925,48.660687],[38.580885,48.660794],[38.580738,48.66082],[38.580616,48.660755],[38.580648,48.660655]],[[38.579439,48.660915],[38.579516,48.660963],[38.579443,48.661011],[38.579367,48.660966],[38.579439,48.660915]],[[38.579394,48.661043],[38.579484,48.661108],[38.579386,48.661168],[38.579296,48.661102],[38.579394,48.661043]]]}},{"type":"Feature","properties":{"cadnum":"4423881100:09:002:0008"},"geometry":{"type":"Polygon","coordinates":[[[38.487568,48.659314],[38.487564,48.659338],[38.486939,48.661117],[38.490686,48.661695],[38.490686,48.66169439794168],[38.491098,48.661758],[38.492009,48.662],[38.49200991954022,48.662],[38.492563,48.662147],[38.49290656321839,48.662],[38.492907,48.662],[38.496008,48.66067913223398],[38.496008,48.66068],[38.496121,48.660631],[38.490515,48.659768],[38.490515,48.65976862059013],[38.487568,48.659314]]]}},{"type":"Feature","properties":{"cadnum":"4423881100:09:002:0009"},"geometry":{"type":"Polygon","coordinates":[[[38.488184,48.657569],[38.4879400149626,48.658258],[38.48794,48.658258],[38.487937138461014,48.65826612307842],[38.4879,48.658371],[38.487900193181815,48.658371],[38.487568,48.659314],[38.490686,48.659795],[38.490686,48.659794324117016],[38.496008,48.66061360453086],[38.496008,48.660614],[38.496121,48.660631],[38.497212,48.660114],[38.49705,48.660014],[38.49618,48.65955645681382],[38.49618,48.659556],[38.495352,48.659121],[38.493119,48.658595],[38.492041540059375,48.658371],[38.492042,48.658371],[38.490515,48.658053],[38.490515,48.65805335920177],[38.488431,48.657619],[38.488184,48.657569]]]}},{"type":"Feature","properties":{"cadnum":"4423881100:08:001:0025"},"geometry":{"type":"Polygon","coordinates":[[[38.499107,48.6568],[38.49793,48.657984],[38.49915910594313,48.658258],[38.499158,48.658258],[38.501673,48.658819],[38.501673,48.658818316681376],[38.506994,48.66000368331862],[38.506994,48.660004],[38.507641,48.660147],[38.507663,48.660108],[38.507803,48.659895],[38.508661,48.658931],[38.507166,48.658598279544094],[38.507166,48.658598],[38.506147838235314,48.658371],[38.506149,48.658371],[38.501673,48.6573733373494],[38.501673,48.657373],[38.499107,48.6568]]]}},{"type":"Feature","properties":{"cadnum":"4423881100:09:002:0012"},"geometry":{"type":"Polygon","coordinates":[[[38.4977941860465,48.661886],[38.497793,48.661886],[38.496067,48.66261],[38.49618,48.662673],[38.49618,48.662672837282784],[38.4967,48.662962],[38.49735,48.662915],[38.501501,48.6647182796669],[38.501501,48.664719],[38.503593,48.665628],[38.50359555749128,48.665628],[38.503994,48.665801],[38.504072362369335,48.665628],[38.504073,48.665628],[38.504789,48.664057],[38.50191,48.663004],[38.501673,48.662878256723715],[38.501673,48.662878],[38.500688,48.662355],[38.499925,48.661886],[38.49992477209303,48.661886],[38.499062,48.661355],[38.4977941860465,48.661886]]]}},{"type":"Feature","properties":{"cadnum":"4423881100:09:001:0001"},"geometry":{"type":"Polygon","coordinates":[[[38.478957,48.654629],[38.478945,48.654676],[38.478926,48.654743],[38.47892613898705,48.654743],[38.478706,48.655525],[38.4797,48.655744],[38.4797,48.65574377777778],[38.479915,48.655791],[38.484528,48.656809],[38.485193,48.656948],[38.485193,48.65694756461864],[38.490686,48.65809],[38.490686,48.65808952228047],[38.49149703154572,48.658258],[38.491495,48.658258],[38.493119,48.658595],[38.495352,48.659121],[38.496008,48.65946563768116],[38.496008,48.659466],[38.49705,48.660014],[38.497356,48.660204],[38.50009058762291,48.661886],[38.50009,48.661886],[38.500167,48.661933],[38.500269,48.662],[38.50027072592592,48.662],[38.501421,48.662743],[38.501501,48.662777920634916],[38.501501,48.662778],[38.501655000008434,48.662845142860824],[38.501673,48.662853],[38.501673,48.662852990723565],[38.502579,48.663248],[38.50447,48.663941],[38.505139,48.664152],[38.507166,48.664788],[38.507166,48.66478790467626],[38.509218,48.665431],[38.509271,48.665449],[38.509848,48.665628],[38.5098504347826,48.665628],[38.511935,48.666273],[38.51234,48.666561],[38.512487,48.666718638157896],[38.512487,48.66672],[38.512644,48.666887],[38.51291,48.667588],[38.513031,48.667907],[38.513503,48.66732],[38.513719,48.667531],[38.514028,48.667911],[38.513395,48.668697],[38.513654,48.669255],[38.51365444198895,48.669255],[38.513686,48.669323],[38.514388,48.670358],[38.515183,48.67107],[38.516175,48.671915],[38.51749229651163,48.67277],[38.517491,48.67277],[38.5175,48.672775],[38.518152,48.673064],[38.518152,48.67306336966825],[38.518614,48.673267],[38.521525,48.674267],[38.523474,48.67493719858491],[38.523474,48.674938],[38.523969,48.675107],[38.524749,48.675338],[38.525558,48.675483],[38.52559,48.675299],[38.526676,48.674804],[38.527288,48.674522],[38.527395,48.674095],[38.525114,48.673467],[38.523474,48.672928],[38.523474,48.672928784403666],[38.52333473023256,48.672883],[38.523337,48.672883],[38.522504,48.672609],[38.519912,48.671867],[38.519076,48.671485],[38.518116,48.670983],[38.517504,48.670541],[38.517051,48.670011],[38.516405,48.66924],[38.516322,48.669142],[38.5163219796526,48.669142],[38.514698,48.667225],[38.514208,48.667679],[38.513996,48.667421],[38.513709,48.66714],[38.514221,48.666665],[38.51383,48.666202],[38.51319509593023,48.665628],[38.513196,48.665628],[38.512933,48.665389],[38.512487,48.665094],[38.512487,48.66509462735043],[38.512074,48.66482],[38.510399,48.664042],[38.509398,48.663663],[38.507166,48.66296851747088],[38.507166,48.662968],[38.505962,48.662592],[38.504555,48.662153],[38.503845,48.661886],[38.50384352554745,48.661886],[38.503419,48.661726],[38.50186,48.66088],[38.501673,48.66075133983286],[38.501673,48.660751],[38.499031,48.658931],[38.497951772659746,48.658371],[38.497953,48.658371],[38.497117,48.657937],[38.496008,48.657661],[38.496008,48.65766110813077],[38.493794,48.657109],[38.490686,48.656416121683435],[38.490686,48.656416],[38.485592,48.655279],[38.485193,48.6551943],[38.485193,48.655194],[38.482523,48.654629],[38.48252097991967,48.654629],[38.4797,48.65403237712344],[38.4797,48.654032],[38.47916,48.653917],[38.478958313570494,48.654629],[38.478957,48.654629]],[[38.522328,48.673182],[38.522328,48.673214],[38.522279,48.673214],[38.522279,48.673182],[38.522328,48.673182]],[[38.521956,48.673659],[38.521956,48.673692],[38.521911,48.673692],[38.521911,48.673659],[38.521956,48.673659]],[[38.527148,48.67416],[38.527152,48.674083],[38.527269,48.674089],[38.52726,48.674166],[38.527148,48.67416]],[[38.526816,48.674469],[38.526843,48.674397],[38.526915,48.67441],[38.526887,48.674481],[38.526816,48.674469]]]}},{"type":"Feature","properties":{"cadnum":"4423881100:08:001:0026"},"geometry":{"type":"Polygon","coordinates":[[[38.497796,48.658118],[38.498282568627445,48.658258],[38.49828,48.658258],[38.498505,48.658322],[38.49856,48.658371],[38.49856057915832,48.658371],[38.499071,48.658821],[38.501673,48.660588],[38.501673,48.66058772187886],[38.50231,48.66102],[38.504272,48.661913],[38.504879,48.66188],[38.506994,48.660605636204636],[38.506994,48.660606],[38.507583,48.660251],[38.507641,48.660147],[38.507166,48.66004201545595],[38.507166,48.660042],[38.501501,48.65878],[38.501501,48.6587806333996],[38.49966458645279,48.658371],[38.499666,48.658371],[38.49793,48.657984],[38.497796,48.658118]]]}},{"type":"Feature","properties":{"cadnum":"4423881100:09:009:0026"},"geometry":{"type":"Polygon","coordinates":[[[38.475333,48.689575],[38.47417831800624,48.68991749042188],[38.470464,48.691017],[38.47046507751938,48.691017],[38.469539,48.691291],[38.469651,48.692792],[38.474207,48.691446],[38.474207,48.69144511344328],[38.476036,48.690904],[38.476035541284396,48.690904],[38.477129,48.690581],[38.475333,48.689575]]]}},{"type":"Feature","properties":{"cadnum":"4423881100:09:005:0082"},"geometry":{"type":"Polygon","coordinates":[[[38.470154,48.68602],[38.472604,48.687391],[38.472605732673266,48.687391],[38.474035,48.68819075623269],[38.474035,48.688191],[38.478886911535746,48.690904],[38.478886,48.690904],[38.479528,48.691262857493854],[38.479528,48.691263],[38.481505,48.692368],[38.481519,48.692353],[38.479528,48.69124],[38.479528,48.69124077777778],[38.47912799076212,48.691017],[38.479129,48.691017],[38.474207,48.68826516332941],[38.474207,48.688265],[38.472442,48.687277],[38.47244126406927,48.687277],[38.470168,48.686005],[38.470154,48.68602]]]}},{"type":"Feature","properties":{"cadnum":"4423881100:02:006:0067"},"geometry":{"type":"Polygon","coordinates":[[[38.523474,48.664838],[38.523631,48.664428],[38.518074,48.66417],[38.517724,48.66458],[38.517352,48.664879],[38.5168250058651,48.665514],[38.516825,48.665514],[38.516786,48.665561],[38.516705,48.665628],[38.51670551155116,48.665628],[38.516422,48.665864],[38.516036,48.666256],[38.518152,48.666354],[38.518152,48.66635393371996],[38.522809,48.66657],[38.523214,48.665514],[38.52321289,48.665514],[38.523474,48.664835792207796],[38.523474,48.664838]]]}},{"type":"Feature","properties":{"cadnum":"4423881100:02:006:0071"},"geometry":{"type":"Polygon","coordinates":[[[38.523617,48.665365],[38.523560346007606,48.665514],[38.52356,48.665514],[38.522948,48.667127],[38.523645,48.667241],[38.523645,48.667240855203616],[38.526789,48.667753],[38.527341,48.667843],[38.528904,48.668098],[38.529139,48.668137],[38.529139,48.668135942238266],[38.529798,48.668243],[38.530351,48.668332],[38.531007,48.666566],[38.530458,48.666478],[38.529646,48.666348],[38.529139,48.66626437113402],[38.529139,48.666264],[38.528764,48.666202],[38.528204,48.666113],[38.524529,48.665514],[38.52452799619773,48.665514],[38.523617,48.665365]],[[38.529236,48.668098],[38.529227,48.668116],[38.529137,48.668098],[38.529139,48.668096],[38.529139,48.6680944],[38.529147,48.66808],[38.529236,48.668098]],[[38.528518,48.666187],[38.528504,48.666205],[38.528428,48.666172],[38.528441,48.666157],[38.528518,48.666187]],[[38.527476,48.667392],[38.527458,48.667406],[38.527382,48.667373],[38.527395,48.667359],[38.527476,48.667392]],[[38.530714,48.666742],[38.53071,48.666763],[38.530678,48.666757],[38.530688,48.666739],[38.530714,48.666742]],[[38.530248,48.666493],[38.530211,48.666576],[38.530122,48.666558],[38.530158,48.666475],[38.530248,48.666493]],[[38.529766,48.667766],[38.529758,48.667783],[38.529672,48.667766],[38.529676,48.667751],[38.529766,48.667766]],[[38.529766,48.666837],[38.529762,48.666854],[38.529672,48.66684],[38.529676,48.666822],[38.529766,48.666837]]]}},{"type":"Feature","properties":{"cadnum":"4423881100:02:006:0081"},"geometry":{"type":"Polygon","coordinates":[[[38.520923,48.661097],[38.52016982392026,48.661886],[38.520169,48.661886],[38.519737,48.66234],[38.5198,48.662565],[38.523474,48.66274272795839],[38.523474,48.662743],[38.528967,48.663007711209175],[38.528967,48.663008],[38.529116842242686,48.663014932203396],[38.529139,48.663016],[38.529139,48.66301595729537],[38.529529,48.663034],[38.53003699303136,48.662],[38.530038,48.662],[38.530261,48.661548],[38.529139,48.66149424111283],[38.529139,48.661494],[38.523645,48.66122924060017],[38.523645,48.661229],[38.520923,48.661097]]]}},{"type":"Feature","properties":{"cadnum":"4423881100:02:006:0080"},"geometry":{"type":"Polygon","coordinates":[[[38.523645,48.662751],[38.5198,48.662565],[38.519818,48.662628],[38.519625,48.662835],[38.519082,48.663028],[38.518583,48.663547],[38.518659,48.66382],[38.519158,48.663951],[38.520078,48.664022],[38.520271,48.663945],[38.520564,48.664051],[38.522361,48.664149],[38.523474,48.66420274299065],[38.523474,48.664203],[38.527997,48.664419],[38.528846,48.664419],[38.528967,48.6641745221843],[38.528967,48.664175],[38.529015899937946,48.664075720944496],[38.529139,48.663827],[38.529139,48.663825797153024],[38.529529,48.663034],[38.529116842242686,48.663014932203396],[38.523645,48.66275124060017],[38.523645,48.662751]]]}},{"type":"Feature","properties":{"cadnum":"4423881100:09:005:0056"},"geometry":{"type":"Polygon","coordinates":[[[38.448527,48.653552],[38.447481,48.653124],[38.447288,48.65302],[38.446569,48.653912],[38.446569,48.653912010676166],[38.44599005172414,48.654629],[38.44599,48.654629],[38.44590601221901,48.65473307739425],[38.445898,48.654743],[38.445898004931315,48.654743],[38.443699,48.657468],[38.444965,48.658097],[38.445065,48.65808],[38.446741,48.656004],[38.446741,48.65600377931034],[38.447149,48.655498],[38.449363,48.656077],[38.449956,48.655085],[38.45006625,48.654743],[38.450067,48.654743],[38.450172,48.654421],[38.448527,48.653552]]]}},{"type":"Feature","properties":{"cadnum":"4423881100:09:003:0005"},"geometry":{"type":"Polygon","coordinates":[[[38.440501,48.648875],[38.441076,48.64916750334672],[38.441076,48.649168],[38.442801,48.650044],[38.444847,48.651114],[38.44484840776698,48.651114],[38.445222,48.651309],[38.446201,48.651806],[38.446569,48.65200771851851],[38.446569,48.652008],[38.44661703773679,48.65203405031498],[38.446741,48.652102],[38.446741,48.65210127363184],[38.447172,48.652335],[38.44882,48.651],[38.44881965671642,48.651],[38.448927,48.650913],[38.446741,48.649965547921965],[38.446741,48.649965],[38.442472,48.648113],[38.442145,48.647629],[38.441248,48.64830951169317],[38.441248,48.648309],[38.440501,48.648875]]]}},{"type":"Feature","properties":{"cadnum":"4423881100:09:005:0057"},"geometry":{"type":"Polygon","coordinates":[[[38.418096,48.642441],[38.419104,48.64265901526718],[38.419104,48.64266],[38.41966,48.642779],[38.421754,48.643225],[38.424115787301595,48.643742],[38.424114,48.643742],[38.424597,48.64384761009174],[38.424597,48.643848],[38.427937,48.644578],[38.429901,48.645003],[38.430262,48.645094],[38.430262,48.645093499242805],[38.432071,48.645551],[38.432824,48.645744],[38.433404,48.64597],[38.434585,48.646549],[38.434774,48.646578],[38.435098,48.646608],[38.435377,48.646688],[38.435583,48.64678228042328],[38.435583,48.646783],[38.43572213043428,48.64684595652151],[38.435755,48.646861],[38.435755,48.64686083],[38.435983,48.646964],[38.43671,48.647329],[38.43678996153846,48.647371],[38.436789,48.647371],[38.43686399999991,48.647409888888845],[38.437007,48.647485],[38.437008857142864,48.647485],[38.437842,48.647917],[38.438566,48.648293],[38.43892,48.648445],[38.440138,48.649008],[38.440914,48.649385],[38.441076,48.649470365269465],[38.441076,48.649471],[38.442962,48.650466],[38.44421,48.651114],[38.44421180136986,48.651114],[38.445118,48.651584],[38.445977,48.652041],[38.446569,48.65238969109947],[38.446569,48.65239],[38.447158,48.652736],[38.44829,48.653359],[38.448644,48.653554],[38.448918,48.653703],[38.450306,48.654463],[38.450401,48.654531],[38.450436,48.654605],[38.45043460869566,48.654629],[38.450433,48.654629],[38.450428173913046,48.654740000000025],[38.450428,48.654743],[38.45042804347826,48.654743],[38.450428,48.654744],[38.450311,48.655038],[38.449745,48.65602],[38.44969,48.656026],[38.449642,48.656163],[38.449633,48.656293],[38.449839,48.656418],[38.450139,48.656489],[38.452234,48.656947],[38.452234,48.65694598372093],[38.452493,48.657002],[38.455183,48.657661],[38.455818,48.65783],[38.456091,48.657942],[38.456343,48.658065],[38.45658746666666,48.658258],[38.456586,48.658258],[38.45659,48.65826],[38.456693,48.658371],[38.45669463694268,48.658371],[38.456738,48.658417],[38.457605,48.659578],[38.457727,48.65975],[38.457727,48.65974914595496],[38.458804,48.66126],[38.458952,48.661423],[38.459101,48.661524],[38.459235,48.661586],[38.459401,48.661627],[38.459406,48.661612],[38.4595,48.661634],[38.459491,48.661649],[38.459487,48.661663],[38.461008,48.662],[38.461010342465755,48.662],[38.461485,48.662105],[38.461495,48.662091],[38.461517,48.662096],[38.461508,48.662111],[38.461728,48.662164],[38.461814,48.662004],[38.461567,48.661945],[38.461301,48.661886],[38.461299656250006,48.661886],[38.459537,48.661497],[38.45937,48.661441],[38.459231,48.661379],[38.459187,48.661343],[38.459034,48.661177],[38.458324,48.660245],[38.458315,48.660231],[38.457803,48.659503],[38.457556,48.659169],[38.457556,48.65916994744977],[38.45708,48.658524],[38.456944,48.658346],[38.45677,48.658166],[38.456527,48.65797],[38.45624,48.657803],[38.455938,48.657693],[38.455202,48.657504],[38.452619,48.656901],[38.452063,48.656777],[38.452063,48.65677780182529],[38.449933,48.656302],[38.449835,48.656234],[38.449915,48.656064],[38.45027,48.655527],[38.450526,48.655068],[38.450616,48.654759],[38.45063963636361,48.65463609090922],[38.450652,48.654575],[38.450652,48.654465],[38.450459,48.654335],[38.449938,48.654047],[38.44881,48.653424],[38.448455,48.653228],[38.447323,48.652605],[38.446741,48.65226305570292],[38.446741,48.652263],[38.446143,48.651911],[38.445281,48.65145],[38.444412,48.651],[38.44441045524297,48.651],[38.443124,48.650332],[38.441248,48.6493463671875],[38.441248,48.649346],[38.441071,48.649252],[38.440285,48.648869],[38.439063,48.648305],[38.438713,48.648154],[38.438004,48.647783],[38.437206,48.647371],[38.43720588927335,48.647371],[38.436868,48.647196],[38.43613,48.646828],[38.435755,48.64665661060329],[38.435755,48.646656],[38.435501,48.64654],[38.43517,48.646442],[38.434828,48.646409],[38.434635,48.646376],[38.434365,48.646246],[38.43344,48.645795],[38.433031,48.645628],[38.432528,48.645474],[38.43016175496248,48.6448887474333],[38.43,48.644848],[38.427943,48.6444],[38.42558,48.643886],[38.42529533333466,48.643825000000284],[38.424597,48.643675],[38.424597,48.643675197826084],[38.423388,48.643415],[38.421802,48.64308],[38.419704,48.642628],[38.419104,48.642498],[38.419104,48.64249905651778],[38.418178,48.642299],[38.417073,48.642067],[38.416861,48.642177],[38.418096,48.642441]],[[38.457542,48.659233],[38.457533,48.659219],[38.457556,48.659213],[38.457565,48.659228],[38.457542,48.659233]],[[38.45716,48.658749],[38.457147,48.658735],[38.457214,48.658711],[38.457227,48.658726],[38.45716,48.658749]],[[38.460821,48.661951],[38.460799,48.661945],[38.460808,48.66193],[38.460829,48.661936],[38.460821,48.661951]],[[38.460112,48.66179],[38.460089,48.661785],[38.460097,48.661767],[38.46012,48.661773],[38.460112,48.66179]],[[38.457875,48.659661],[38.457866,48.659646],[38.457888,48.65964],[38.457896,48.659655],[38.457875,48.659661]]]}},{"type":"Feature","properties":{"cadnum":"4423881100:09:005:0031"},"geometry":{"type":"Polygon","coordinates":[[[38.441404,48.650027],[38.441076,48.650432],[38.441076,48.65043268049792],[38.440525,48.651114],[38.44052597278912,48.651114],[38.43777,48.654528],[38.438202,48.654743],[38.43820304943821,48.654743],[38.439769,48.655519],[38.44039415955056,48.654743],[38.440395,48.654743],[38.441248,48.653686],[38.441248,48.65368596296297],[38.443398,48.651023],[38.441404,48.650027]]]}},{"type":"Feature","properties":{"cadnum":"4423881100:09:010:0022"},"geometry":{"type":"Polygon","coordinates":[[[38.442195,48.666232],[38.441799,48.666238],[38.441686,48.666223],[38.441076,48.667194],[38.441076,48.66719466194111],[38.440331,48.66838],[38.440128,48.6687],[38.439778,48.669255],[38.4397800163058,48.669255],[38.43755831706812,48.6727917561056],[38.437011,48.673662],[38.439172,48.674228],[38.440087,48.67277],[38.44008597758533,48.67277],[38.441248,48.67092],[38.441248,48.670918869608826],[38.442073,48.669604],[38.442275,48.669287],[38.442365,48.669142],[38.44236480923912,48.669142],[38.443447,48.667415],[38.442195,48.666232]],[[38.442078,48.669198],[38.442118,48.669186],[38.442149,48.669201],[38.442145,48.669228],[38.442109,48.66924],[38.442073,48.669224],[38.442078,48.669198]],[[38.441589,48.669038],[38.441669,48.669017],[38.441732,48.669053],[38.441723,48.669106],[38.441642,48.669127],[38.441579,48.669094],[38.441589,48.669038]],[[38.441143,48.668851],[38.441224,48.66883],[38.441248,48.668844],[38.441248,48.668842705882355],[38.441292,48.668866],[38.441273,48.668922],[38.441193,48.668943],[38.44113,48.668907],[38.441143,48.668851]],[[38.440843,48.66913],[38.440923,48.669109],[38.44099,48.669142],[38.440981,48.669198],[38.440901,48.669219],[38.440834,48.669186],[38.440843,48.66913]],[[38.440294,48.668946],[38.440321,48.668955],[38.440308,48.668969],[38.440285,48.668961],[38.440294,48.668946]],[[38.441526,48.669382],[38.441547,48.669391],[38.441534,48.669406],[38.441512,48.669397],[38.441526,48.669382]]]}},{"type":"Feature","properties":{"cadnum":"4423881100:09:009:0004"},"geometry":{"type":"Polygon","coordinates":[[[38.44143,48.675032],[38.44117070063676,48.67544878343979],[38.440508,48.67651],[38.44050854117647,48.67651],[38.438317458823526,48.680024],[38.438316,48.680024],[38.438035,48.680477],[38.439028,48.680741],[38.439499,48.680789],[38.440034,48.680934],[38.440602,48.680024],[38.4406006127067,48.680024],[38.441248,48.678988],[38.441248,48.678986836414566],[38.44279062142359,48.67651],[38.442792,48.67651],[38.44338,48.675566],[38.44143,48.675032]]]}},{"type":"Feature","properties":{"cadnum":"4423881100:09:009:0006"},"geometry":{"type":"Polygon","coordinates":[[[38.443906,48.667881],[38.443708,48.66765],[38.442708,48.669255],[38.44270908125,48.669255],[38.442482,48.669622],[38.442365,48.669806],[38.441248,48.67160325213344],[38.441248,48.671603],[38.440521360156254,48.67277],[38.440521,48.67277],[38.439476,48.674451],[38.441248,48.674934],[38.441248,48.674933659574464],[38.441264,48.674938],[38.442615,48.67277],[38.44261343025142,48.67277],[38.44408,48.670417],[38.444197,48.670233],[38.444877,48.669142],[38.444876840978594,48.669142],[38.445011,48.668928],[38.443906,48.667881]],[[38.44391,48.670236],[38.443937,48.670245],[38.443923,48.67026],[38.443901,48.670251],[38.44391,48.670236]],[[38.443214,48.669501],[38.443331,48.669495],[38.443394,48.66956],[38.443344,48.669628],[38.443227,48.669643],[38.443164,48.669569],[38.443214,48.669501]],[[38.443317,48.670022],[38.443344,48.670031],[38.443331,48.670049],[38.443308,48.67004],[38.443317,48.670022]],[[38.442755,48.669448],[38.442824,48.669382],[38.44294,48.669388],[38.442994,48.669459],[38.442927,48.669525],[38.44281,48.669519],[38.442755,48.669448]],[[38.44272,48.669809],[38.442742,48.669818],[38.442729,48.669833],[38.442706,48.669827],[38.44272,48.669809]]]}},{"type":"Feature","properties":{"cadnum":"4423881100:01:007:0024"},"geometry":{"type":"Polygon","coordinates":[[[38.605957,48.657388],[38.607265,48.657438],[38.607731,48.657421],[38.607709,48.657275],[38.605934,48.657216],[38.605957,48.657388]]]}},{"type":"Feature","properties":{"cadnum":"4423881100:01:007:0005"},"geometry":{"type":"Polygon","coordinates":[[[38.605944,48.65794],[38.607121,48.658002],[38.60779,48.658023],[38.607781,48.657887],[38.607058,48.657854],[38.605899,48.657806],[38.605944,48.65794]]]}},{"type":"Feature","properties":{"cadnum":"4423881100:01:007:0033"},"geometry":{"type":"Polygon","coordinates":[[[38.599965,48.650819],[38.599984,48.650585],[38.599661,48.650575],[38.599655,48.65068],[38.599611,48.650676],[38.599606,48.650712],[38.599628,48.650712],[38.599624,48.65081],[38.599634,48.65081],[38.59962618106996,48.651],[38.599626,48.651],[38.599624,48.651053],[38.599615,48.651273],[38.599938,48.651278],[38.59994743884892,48.651114],[38.599948,48.651114],[38.599965,48.650819]]]}},{"type":"Feature","properties":{"cadnum":"4423881100:09:002:0028"},"geometry":{"type":"Polygon","coordinates":[[[38.474035,48.661957],[38.474035,48.66195705202312],[38.473833,48.661995],[38.473316,48.661827],[38.472521,48.661405],[38.472135,48.661126],[38.471802,48.66096],[38.471628,48.66096],[38.471578,48.661052],[38.471664,48.661216],[38.471456,48.661348],[38.471435,48.661518],[38.471529,48.661649],[38.471739,48.661812],[38.472058,48.661918],[38.472132,48.662],[38.472132674351585,48.662],[38.472374,48.662265],[38.473029,48.662496],[38.473963,48.663025],[38.474035,48.6630636557377],[38.474035,48.663064],[38.47412103108749,48.663109844559266],[38.474207,48.663156],[38.474207,48.66315565598651],[38.474628,48.66338],[38.474888,48.663654],[38.47536,48.664],[38.475616,48.663918],[38.475984,48.663565],[38.476308,48.663176],[38.476385,48.662876],[38.476272,48.662847],[38.476047,48.662927],[38.475693,48.662915],[38.475311,48.662601],[38.474894,48.662307],[38.474328,48.662093],[38.474179,48.66193],[38.474035,48.661957]]]}},{"type":"Feature","properties":{"cadnum":"4423881100:09:010:0032"},"geometry":{"type":"Polygon","coordinates":[[[38.427071,48.650148],[38.426389,48.650884],[38.42660233913044,48.651],[38.426602,48.651],[38.42666296092325,48.651032962204134],[38.426812,48.651114],[38.42681283375442,48.651114],[38.43009,48.65288599781421],[38.43009,48.652886],[38.432708,48.654302],[38.433413,48.653581],[38.430262,48.65187606530244],[38.430262,48.651876],[38.428646,48.651],[38.42864446583852,48.651],[38.427071,48.650148]]]}},{"type":"Feature","properties":{"cadnum":"4423881100:09:010:0036"},"geometry":{"type":"Polygon","coordinates":[[[38.427754,48.649415],[38.427071,48.650148],[38.428855,48.651114],[38.428856301369855,48.651114],[38.43009,48.65178276237624],[38.43009,48.651783],[38.433413,48.653581],[38.433943,48.653033],[38.434033,48.652813],[38.430683,48.651],[38.430681336405534,48.651],[38.430262,48.65077307730673],[38.430262,48.650773],[38.427754,48.649415]]]}},{"type":"Feature","properties":{"cadnum":"4423881100:09:010:0031"},"geometry":{"type":"Polygon","coordinates":[[[38.42628106956521,48.651],[38.42628,48.651],[38.42522,48.652142],[38.424947,48.652317],[38.429429,48.654743],[38.42943061702128,48.654743],[38.43009,48.655099902111324],[38.43009,48.6551],[38.43022906997728,48.65517517607215],[38.430262,48.655193],[38.430262,48.65519297682119],[38.431298,48.655753],[38.4322792455516,48.654743],[38.43228,48.654743],[38.432708,48.654302],[38.430262,48.65297902979374],[38.430262,48.652979],[38.42666296092326,48.651032962204134],[38.426389,48.650884],[38.42628106956521,48.651]]]}},{"type":"Feature","properties":{"cadnum":"4423881100:08:003:0018"},"geometry":{"type":"Polygon","coordinates":[[[38.489859,48.636734],[38.489886,48.636728],[38.489876,48.63671],[38.48985,48.636716],[38.489859,48.636734]]]}},{"type":"Feature","properties":{"cadnum":"4423881100:08:003:0013"},"geometry":{"type":"Polygon","coordinates":[[[38.48835,48.63847],[38.488534,48.638423],[38.488337,48.638091],[38.488295,48.638096],[38.488144,48.638141],[38.48835,48.63847]]]}},{"type":"Feature","properties":{"cadnum":"4423881100:08:003:0019"},"geometry":{"type":"Polygon","coordinates":[[[38.488327,48.637022],[38.48835,48.637016],[38.488341,48.636998],[38.488318,48.637004],[38.488327,48.637022]]]}},{"type":"Feature","properties":{"cadnum":"4423881100:08:003:0020"},"geometry":{"type":"Polygon","coordinates":[[[38.4868,48.637301],[38.48684,48.637292],[38.486827,48.637262],[38.486782,48.637271],[38.4868,48.637301]]]}},{"type":"Feature","properties":{"cadnum":"4423881100:08:005:0008"},"geometry":{"type":"Polygon","coordinates":[[[38.504354,48.637152],[38.504417,48.637078],[38.504443,48.637022],[38.504452,48.637009],[38.504057,48.63687],[38.503742,48.6369],[38.503801,48.636956],[38.504075,48.637066],[38.504354,48.637152]]]}},{"type":"Feature","properties":{"cadnum":"4423881100:06:003:0002"},"geometry":{"type":"Polygon","coordinates":[[[38.479182,48.667756],[38.47929,48.667703],[38.479496,48.667534],[38.479614,48.667347],[38.479192,48.667241],[38.478936,48.667694],[38.479182,48.667756]]]}},{"type":"Feature","properties":{"cadnum":"4423881100:09:002:0002"},"geometry":{"type":"Polygon","coordinates":[[[38.474035,48.655916],[38.471596,48.655916],[38.471362,48.656293],[38.471003,48.656809],[38.470796,48.657335],[38.470796,48.657696],[38.474035,48.65769884872471],[38.474035,48.657699],[38.477081,48.6577],[38.477274,48.656842],[38.47762,48.656115],[38.477764,48.655916],[38.474207,48.655916],[38.474035,48.655916]]]}},{"type":"Feature","properties":{"cadnum":"4423881100:09:002:0006"},"geometry":{"type":"Polygon","coordinates":[[[38.479522,48.658258],[38.479425,48.658335],[38.4797,48.658469],[38.4797,48.65846834567901],[38.479852,48.658542],[38.479924,48.658821],[38.479528,48.659152],[38.479528,48.65915288461538],[38.479492,48.659183],[38.479528,48.65932360000001],[38.479528,48.659324],[38.479672,48.659886],[38.4797,48.659892],[38.4797,48.65989151850906],[38.483589,48.660658],[38.485193,48.660906],[38.485193,48.660905259102904],[38.486917,48.66117],[38.487542,48.659391],[38.485193,48.65902932857143],[38.485193,48.659029],[38.48092666796372,48.658371],[38.48093,48.658371],[38.479632,48.658171],[38.479528,48.658253],[38.479528,48.658253396135265],[38.4795221890244,48.658258],[38.479522,48.658258]]]}},{"type":"Feature","properties":{"cadnum":"4423881100:02:006:0088"},"geometry":{"type":"Polygon","coordinates":[[[38.532337,48.658371],[38.5323371,48.658371],[38.532043,48.658762],[38.531473,48.659925],[38.534632,48.660068],[38.534632,48.660067803000885],[38.540125,48.660317],[38.540125,48.66031683914209],[38.540699,48.660343],[38.541062,48.659346],[38.541314,48.658705],[38.539953,48.658644],[38.539953,48.65864422736099],[38.53446,48.658396],[38.53446,48.65839617833259],[38.533906323529514,48.658371],[38.533918,48.658371],[38.532389,48.658302],[38.532337,48.658371]],[[38.534537,48.659174],[38.534613,48.659207],[38.5346,48.659222],[38.534519,48.659189],[38.534537,48.659174]],[[38.533315,48.658417],[38.533319,48.658477],[38.533175,48.658483],[38.533171,48.658421],[38.533315,48.658417]],[[38.539743,48.659325],[38.539869,48.659323],[38.539936,48.659391],[38.539882,48.659465],[38.539756,48.65947],[38.539689,48.6594],[38.539743,48.659325]],[[38.537569,48.658955],[38.537636,48.658996],[38.537618,48.659011],[38.53755,48.658969],[38.537569,48.658955]],[[38.536666,48.659604],[38.536733,48.659646],[38.536714,48.659657],[38.536647,48.659616],[38.536666,48.659604]],[[38.534913,48.659224],[38.535045,48.659041],[38.535772,48.658857],[38.536391,48.659023],[38.536401,48.659393],[38.535206,48.659349],[38.534913,48.659224]],[[38.535529,48.658771],[38.535605,48.658803],[38.535592,48.658818],[38.535516,48.658786],[38.535529,48.658771]]]}},{"type":"Feature","properties":{"cadnum":"4423881100:02:006:0087"},"geometry":{"type":"Polygon","coordinates":[[[38.534632,48.66162874227714],[38.540125,48.661876],[38.540125,48.661875437837836],[38.540138,48.661876],[38.540699,48.660343],[38.539953,48.660309],[38.539953,48.660309196999115],[38.53446,48.66006],[38.53446,48.66006021399177],[38.531473,48.659925],[38.530718,48.661453],[38.534632,48.661629],[38.534632,48.66162874227714]],[[38.534007,48.660381],[38.53402,48.660367],[38.534097,48.6604],[38.534083,48.660414],[38.534007,48.660381]],[[38.533953,48.661559],[38.533971,48.661544],[38.534038,48.661589],[38.534016,48.661601],[38.533953,48.661559]],[[38.533297,48.660592],[38.533311,48.660574],[38.533391,48.660607],[38.533378,48.660625],[38.533297,48.660592]],[[38.539163,48.660486],[38.539186,48.6605],[38.539163,48.660515],[38.539141,48.6605],[38.539163,48.660486]],[[38.537142,48.661699],[38.537164,48.661713],[38.537142,48.661728],[38.537119,48.661713],[38.537142,48.661699]],[[38.535772,48.660248],[38.535839,48.66029],[38.535821,48.660304],[38.535754,48.660263],[38.535772,48.660248]],[[38.534869,48.660898],[38.534936,48.660939],[38.534919,48.660952],[38.534852,48.66091],[38.534869,48.660898]]]}},{"type":"Feature","properties":{"cadnum":"4423881100:02:006:0086"},"geometry":{"type":"Polygon","coordinates":[[[38.540125,48.66191182222221],[38.540138,48.661876],[38.539953,48.661868],[38.539953,48.66186825772286],[38.53446,48.661621],[38.53446,48.661621265712824],[38.530718,48.661453],[38.53050506215722,48.661886],[38.530505,48.661886],[38.530460985149986,48.66197562870987],[38.530449,48.662],[38.53044901690141,48.662],[38.529982,48.662951],[38.53446,48.66315323225807],[38.53446,48.663154],[38.539586,48.663384],[38.540125,48.661914],[38.540125,48.66191182222221]],[[38.532511,48.661966],[38.532588,48.661999],[38.532587,48.662],[38.532587066666665,48.662],[38.532574,48.662014],[38.532493,48.661981],[38.532511,48.661966]],[[38.532116,48.661948],[38.532192,48.661981],[38.532179,48.661995],[38.532102,48.661963],[38.532116,48.661948]],[[38.533135,48.662236],[38.533118,48.66225],[38.533051,48.662206],[38.533068,48.662194],[38.533135,48.662236]],[[38.532282,48.662853],[38.532259,48.662865],[38.532192,48.662823],[38.532215,48.662811],[38.532282,48.662853]],[[38.535161,48.662915],[38.535139,48.66293],[38.535116,48.662915],[38.535139,48.6629],[38.535161,48.662915]]]}},{"type":"Feature","properties":{"cadnum":"4423881100:02:006:0089"},"geometry":{"type":"Polygon","coordinates":[[[38.532812,48.656684],[38.532772,48.657115],[38.532789,48.657388],[38.53256,48.657601],[38.532466,48.658136],[38.53240646987952,48.658258],[38.532405,48.658258],[38.532385,48.658302],[38.532389,48.658302],[38.53446,48.658395255015606],[38.53446,48.658396],[38.535485,48.658441],[38.538764,48.65859],[38.539792,48.658634],[38.539953,48.658641735735735],[38.539953,48.658642],[38.54010327352515,48.658648956085294],[38.540125,48.65865],[38.540125,48.6586499617928],[38.541314,48.658705],[38.5414447606264,48.658371],[38.541445,48.658371],[38.541953,48.657077],[38.539953,48.656991],[38.539953,48.65699136293436],[38.539607,48.656976],[38.537074,48.656869],[38.536356,48.656836],[38.534632,48.65676234810126],[38.534632,48.656762],[38.532812,48.656684]],[[38.535754,48.658331],[38.535758,48.658391],[38.535619,48.658394],[38.535615,48.658335],[38.535754,48.658331]],[[38.532705,48.657587],[38.533085,48.657575],[38.533211,48.657724],[38.533051,48.65794],[38.532781,48.657955],[38.532628,48.657801],[38.532705,48.657587]],[[38.539953,48.657448],[38.539963,48.657447],[38.539967,48.657509],[38.539873,48.657513],[38.539869,48.657451],[38.539953,48.65744742553191],[38.539953,48.657448]],[[38.539657,48.657907],[38.539563,48.657911],[38.539558,48.657848],[38.539653,48.657845],[38.539657,48.657907]],[[38.539477,48.657673],[38.53946,48.657685],[38.539393,48.657643],[38.53941,48.657631],[38.539477,48.657673]],[[38.5390764375,48.65827093749999],[38.53907688926174,48.658275003355705],[38.538978,48.658278],[38.538977,48.658258],[38.53897676923077,48.658258],[38.538974,48.658213],[38.539068,48.65821],[38.5390764375,48.65827093749999]],[[38.53865668292683,48.658258],[38.538655,48.658258],[38.53866,48.65826],[38.538642,48.658272],[38.538575,48.65823],[38.538592,48.658219],[38.53865668292683,48.658258]],[[38.537052,48.657311],[38.536953,48.657364],[38.536867,48.657299],[38.536971,48.657243],[38.537052,48.657311]],[[38.536293,48.657572],[38.536275,48.657658],[38.536149,48.657647],[38.536163,48.657563],[38.536293,48.657572]],[[38.536244,48.657379],[38.536144,48.657432],[38.536059,48.657367],[38.536163,48.657311],[38.536244,48.657379]],[[38.535844,48.658047],[38.535749,48.65805],[38.535745,48.657988],[38.535839,48.657984],[38.535844,48.658047]],[[38.535502,48.658186],[38.535489,48.658201],[38.535412,48.658168],[38.535426,48.658153],[38.535502,48.658186]],[[38.540317,48.657504],[38.540223,48.657507],[38.540219,48.657445],[38.540313,48.657441],[38.540317,48.657504]]]}},{"type":"Feature","properties":{"cadnum":"4423881100:01:003:0015"},"geometry":{"type":"Polygon","coordinates":[[[38.620165,48.670897],[38.618983,48.670702],[38.618268,48.671161],[38.617716,48.67128],[38.616962,48.67096],[38.616064,48.671776],[38.615664,48.672262],[38.615771,48.672458],[38.615978,48.672642],[38.615840439834024,48.67277],[38.61584,48.67277],[38.613804,48.674667],[38.613773,48.674768],[38.613857,48.674822],[38.614146,48.675101],[38.614397,48.675498],[38.614402,48.675955],[38.614154,48.676444],[38.616858,48.674540384],[38.616858,48.674542],[38.617618,48.674006],[38.618807,48.673048],[38.619226,48.67277],[38.61922428221512,48.67277],[38.621884,48.671005],[38.620165,48.670897]],[[38.618807,48.672728],[38.61881919354839,48.67277],[38.618818,48.67277],[38.618825,48.67279],[38.618731,48.672799],[38.618718,48.672737],[38.618807,48.672728]],[[38.617473,48.671998],[38.617478,48.672028],[38.617433,48.672034],[38.617425,48.672001],[38.617473,48.671998]],[[38.614545,48.674151],[38.614549,48.674181],[38.614442,48.674187],[38.614442,48.674157],[38.614545,48.674151]],[[38.61454,48.67408],[38.61454,48.67411],[38.614437,48.674113],[38.614433,48.674083],[38.61454,48.67408]]]}},{"type":"Feature","properties":{"cadnum":"4423881100:08:007:0015"},"geometry":{"type":"Polygon","coordinates":[[[38.468714,48.63840154676259],[38.468834,48.638465],[38.469211,48.638683],[38.469242,48.638701],[38.469441,48.638553],[38.469408,48.638535],[38.469028,48.638313],[38.468735,48.638159],[38.468714,48.63814942487046],[38.468714,48.638149],[38.468506,48.638054],[38.467729,48.637695],[38.467527,48.637844],[38.468336,48.638218],[38.468542,48.63831163636363],[38.468542,48.638313],[38.468556,48.638318],[38.468714,48.638402],[38.468714,48.63840154676259]]]}},{"type":"Feature","properties":{"cadnum":"4423881100:08:007:0026"},"geometry":{"type":"Polygon","coordinates":[[[38.448936,48.636247],[38.449028,48.636596],[38.44902835064935,48.636596],[38.44908,48.63679],[38.449097,48.636855],[38.446569,48.637306],[38.446569,48.637306651389565],[38.442639,48.638007],[38.442715,48.638179],[38.446741,48.637608],[38.446741,48.63760763225321],[38.449223,48.637256],[38.450063,48.637179],[38.450958,48.637099],[38.452063,48.6371145877743],[38.452063,48.637115],[38.45239,48.637119],[38.454896,48.637515],[38.456455,48.637983],[38.457727,48.638531],[38.457727,48.6385304612069],[38.459644,48.639354],[38.461782,48.639823],[38.463221,48.640028],[38.463221,48.64002728571428],[38.463651,48.640088],[38.464078,48.640069],[38.465083,48.640022],[38.466978,48.639578],[38.468345,48.638945],[38.468714,48.638695],[38.468714,48.63869409046455],[38.468951,48.638533],[38.468834,48.638465],[38.468556,48.638318],[38.468462,48.638274],[38.468336,48.638218],[38.467733,48.637939],[38.466053,48.63883],[38.464953,48.639026],[38.463575,48.639031],[38.463221,48.639011482889735],[38.463221,48.639011],[38.462141,48.638951],[38.460884,48.638675],[38.459869,48.638366],[38.457722,48.637378],[38.456388,48.636932],[38.455346,48.636701],[38.454651,48.636482],[38.45464955882353,48.636482],[38.453935,48.636256],[38.452234,48.63614423557692],[38.452234,48.636144],[38.451411,48.636089],[38.448936,48.636247]]]}},{"type":"Feature","properties":{"cadnum":"4423881100:08:007:0023"},"geometry":{"type":"Polygon","coordinates":[[[38.494369,48.631287],[38.494543,48.631227],[38.494549,48.631236],[38.495119,48.631055],[38.494859,48.630643],[38.494633,48.630711],[38.494773,48.630913],[38.491822,48.631836],[38.491117,48.632115],[38.490559533688156,48.63240299339366],[38.489752,48.632818],[38.48967405442177,48.632852],[38.489674,48.632852],[38.48966213333293,48.63285720000018],[38.489415,48.632965],[38.48941612820513,48.632965],[38.488517,48.633359],[38.488534,48.633463],[38.488287,48.633557],[38.488175,48.633495],[38.48658,48.634104],[38.485224,48.634561],[38.485022,48.634597],[38.485022,48.634597191394654],[38.484519,48.634686],[38.483943,48.63476],[38.482892,48.634849],[38.481729,48.634846],[38.481132,48.634819],[38.4797,48.63471811720699],[38.4797,48.634718],[38.478869,48.634659],[38.47753,48.6346],[38.476852,48.634624],[38.476267,48.634674],[38.475544,48.634778],[38.474978,48.634926],[38.474318,48.635158],[38.47409870562642,48.63523858874506],[38.473783,48.635354],[38.473263,48.63557],[38.472117,48.636244],[38.470523,48.635427],[38.4693380427716,48.636482],[38.469337,48.636482],[38.468542,48.63719],[38.468542,48.6371907961165],[38.46789,48.63777],[38.468506,48.638054],[38.468542,48.63807044230769],[38.468542,48.638071],[38.468735,48.638159],[38.469028,48.638313],[38.469189,48.638405],[38.472066655226214,48.636596],[38.472067,48.636596],[38.472755,48.636164],[38.473514,48.635722],[38.473982,48.635504],[38.474035,48.635484213333335],[38.474035,48.635485],[38.47417639655141,48.63543142528748],[38.474207,48.63542],[38.474207,48.635419829736215],[38.474452,48.635327],[38.475131,48.635104],[38.475701,48.634976],[38.475643,48.634935],[38.47571,48.634894],[38.475804,48.634962],[38.476335,48.634897],[38.476928,48.634849],[38.477511,48.634831],[38.479528,48.63493880676108],[38.479528,48.634939],[38.479648985170435,48.634945273305135],[38.4797,48.634948],[38.4797,48.63494791851852],[38.480068,48.634967],[38.48102,48.635036],[38.481643,48.63506],[38.482699,48.635086],[38.483423,48.635048],[38.484024,48.634994],[38.483997,48.634935],[38.484092,48.634917],[38.484114,48.634976],[38.484576,48.634923],[38.485022,48.63483047487844],[38.485022,48.634831],[38.485114788732545,48.63481122535208],[38.485193,48.634795],[38.485193,48.63479455737705],[38.485327,48.634766],[38.48663,48.634466],[38.488435,48.633786],[38.488394,48.633667],[38.488641,48.633572],[38.488758,48.633587],[38.489073,48.633451],[38.490193,48.632852],[38.490192875000005,48.632852],[38.490515,48.6326802],[38.490515,48.632681],[38.491283,48.63227],[38.494373,48.631293],[38.494369,48.631287]],[[38.494513,48.631204],[38.494346,48.631254],[38.494337,48.631242],[38.494503,48.631192],[38.494513,48.631204]],[[38.494467,48.631171],[38.494297,48.631222],[38.494287,48.631209],[38.494459,48.631156],[38.494467,48.631171]],[[38.494027,48.631364],[38.493951,48.631391],[38.493941,48.631381],[38.494023,48.631355],[38.494027,48.631364]],[[38.493955,48.631263],[38.493874,48.63129],[38.49387,48.631278],[38.493947,48.631251],[38.493955,48.631263]]]}},{"type":"Feature","properties":{"cadnum":"4423881100:09:009:0028"},"geometry":{"type":"Polygon","coordinates":[[[38.448635,48.677868],[38.447526,48.67976],[38.448972047745364,48.680024],[38.44897,48.680024],[38.452234,48.680621],[38.452234,48.6806201423841],[38.453271,48.680809],[38.453751,48.680024],[38.45375033030553,48.680024],[38.454424,48.678926],[38.452234,48.67852621601016],[38.452234,48.678526],[38.448635,48.677868]]]}},{"type":"Feature","properties":{"cadnum":"4423881100:09:009:0016"},"geometry":{"type":"Polygon","coordinates":[[[38.454573,48.67986],[38.454399,48.680137],[38.454399179517594,48.680137],[38.452885,48.682553],[38.457556,48.68351093122676],[38.457556,48.683511],[38.457581938506294,48.68351625070978],[38.457727,48.683546],[38.457727,48.68354561538462],[38.457803,48.683561],[38.458234,48.680611],[38.457556,48.680472],[38.457556,48.68047287096775],[38.45592105785123,48.680137],[38.455924,48.680137],[38.454573,48.67986]]]}},{"type":"Feature","properties":{"cadnum":"4423881100:09:009:0025"},"geometry":{"type":"Polygon","coordinates":[[[38.463907,48.690381],[38.46381325471698,48.690904],[38.463813,48.690904],[38.46379679999981,48.690995800001076],[38.463793,48.691017],[38.463793058823526,48.691017],[38.463789,48.69104],[38.468542,48.691152913908624],[38.468542,48.691153],[38.468583467268864,48.691153899019376],[38.468714,48.691157],[38.468714,48.69115672899729],[38.468911,48.691161],[38.468936920000054,48.69097595999963],[38.469005,48.690504],[38.468714,48.69049708639309],[38.468714,48.690497],[38.463907,48.690381]],[[38.465043,48.690544],[38.465083,48.690598],[38.465061,48.690607],[38.465016,48.690554],[38.465043,48.690544]]]}},{"type":"Feature","properties":{"cadnum":"4423881100:02:003:0078"},"geometry":{"type":"Polygon","coordinates":[[[38.567895,48.661829],[38.568021,48.661817],[38.568088,48.661658],[38.56795,48.661438],[38.567797,48.661194],[38.567725,48.660809],[38.567591,48.66044553594771],[38.567591,48.660445],[38.567388,48.659895],[38.567019,48.659963],[38.56662,48.660035],[38.56592,48.660165],[38.565583,48.660227],[38.565542,48.660233],[38.56521,48.660295],[38.561926,48.660898],[38.561926,48.660898528963415],[38.559474,48.661348],[38.55973598261235,48.66198299131321],[38.559905,48.662393],[38.561329,48.662135],[38.561306,48.662087],[38.561459,48.662058],[38.56149,48.662114],[38.561926,48.66203798684211],[38.561926,48.662038],[38.56192961099418,48.66203735729378],[38.562098,48.662008],[38.562098,48.66200738641687],[38.56237195300753,48.661958626630984],[38.56371,48.661722],[38.563692,48.661658],[38.563809,48.661634],[38.563849,48.661702],[38.564994,48.661482],[38.565002,48.661515],[38.56293204948452,48.661886],[38.562929,48.661886],[38.562483657162055,48.661966365955806],[38.562296,48.662],[38.562297276243115,48.662],[38.56207306744884,48.66204046041053],[38.559918,48.662426],[38.559954,48.662515],[38.56022,48.662942],[38.560467,48.662903],[38.56079,48.662838],[38.562098,48.662598],[38.562098,48.66259739316239],[38.564968,48.66207],[38.565811146067404,48.662],[38.565815,48.662],[38.56604,48.661981],[38.566417,48.661951],[38.566453,48.661948],[38.567199,48.661891],[38.567263,48.661886],[38.56726222580638,48.661886],[38.567419,48.661873602040814],[38.567419,48.661874],[38.567604,48.661859],[38.567895,48.661829]],[[38.567065,48.660687],[38.567191,48.660883],[38.567056,48.660921],[38.566836,48.660877],[38.56693,48.660726],[38.567065,48.660687]],[[38.566683,48.661233],[38.566602,48.661275],[38.566535,48.661221],[38.566616,48.661179],[38.566683,48.661233]],[[38.566499,48.661503],[38.566463,48.661581],[38.56635,48.661553],[38.566386,48.66148],[38.566499,48.661503]]]}},{"type":"Feature","properties":{"cadnum":"4423881100:02:003:0084"},"geometry":{"type":"Polygon","coordinates":[[[38.559268,48.661192],[38.559254,48.661153],[38.559205,48.661165],[38.558302,48.65896],[38.558261,48.658966],[38.559515,48.662],[38.55951525388601,48.662],[38.559708,48.662465],[38.562098,48.662037],[38.562098,48.66203605367793],[38.56229838674033,48.662],[38.5623,48.662],[38.565002,48.661515],[38.564994,48.661482],[38.563849,48.661702],[38.563809,48.661634],[38.563692,48.661658],[38.56371,48.661722],[38.5627826330935,48.661886],[38.56278,48.661886],[38.56237195300497,48.66195862663144],[38.562138,48.662],[38.56213950000001,48.662],[38.56192961099418,48.66203735729378],[38.56149,48.662114],[38.561459,48.662058],[38.561306,48.662087],[38.561329,48.662135],[38.559735,48.662423],[38.559507,48.661886],[38.55950691739675,48.661886],[38.559218,48.661201],[38.559268,48.661192]]]}},{"type":"Feature","properties":{"cadnum":"4423881100:09:010:0040"},"geometry":{"type":"Polygon","coordinates":[[[38.405741,48.65381],[38.402624,48.654348],[38.402624,48.65434871801141],[38.401001801886814,48.654629],[38.400999,48.654629],[38.397303,48.65526825129266],[38.397303,48.655268],[38.39678,48.655358],[38.397055,48.65624],[38.397131,48.65622682258064],[38.397131,48.656227],[38.402624,48.65527675463372],[38.402624,48.655277],[38.40570526243565,48.654743],[38.405706,48.654743],[38.405988,48.654694],[38.405741,48.65381]]]}},{"type":"Feature","properties":{"cadnum":"4423881100:08:009:0008"},"geometry":{"type":"Polygon","coordinates":[[[38.460955,48.634766],[38.459007,48.633816],[38.457727,48.63412651688491],[38.457727,48.634126],[38.452234,48.63545560858051],[38.452234,48.635455],[38.449767,48.636051],[38.450585,48.635974],[38.451933,48.635944],[38.452063,48.635953069767446],[38.452063,48.635954],[38.453118,48.636027],[38.454501,48.636212],[38.455635,48.636482],[38.455908,48.636547],[38.457556,48.63612661957119],[38.457556,48.636127],[38.461634,48.635086],[38.460955,48.634766]],[[38.460466,48.634751],[38.460466,48.634769],[38.460439,48.634772],[38.460435,48.634751],[38.460466,48.634751]],[[38.459298,48.63495],[38.459298,48.634971],[38.459267,48.634974],[38.459267,48.63495],[38.459298,48.63495]],[[38.458867,48.634811],[38.458867,48.634828],[38.458841,48.634831],[38.458835,48.634811],[38.458867,48.634811]],[[38.457483,48.635039],[38.457453,48.635039],[38.457447,48.635018],[38.457483,48.635015],[38.457483,48.635039]],[[38.457263,48.63487],[38.457267,48.634888],[38.457237,48.63489],[38.457237,48.63487],[38.457263,48.63487]],[[38.455669,48.635084],[38.455669,48.635104],[38.455638,48.635107],[38.455633,48.635086],[38.455669,48.635084]],[[38.455665,48.634929],[38.455665,48.634947],[38.455638,48.63495],[38.455638,48.634929],[38.455665,48.634929]],[[38.45385,48.635152],[38.453854,48.635172],[38.453823,48.635176],[38.453818,48.635152],[38.45385,48.635152]]]}},{"type":"Feature","properties":{"cadnum":"4423881100:08:008:0009"},"geometry":{"type":"Polygon","coordinates":[[[38.453661,48.638746],[38.453797,48.638619],[38.455112,48.638494],[38.457556,48.639152898661564],[38.457556,48.639153],[38.45764043448478,48.63917566206951],[38.457727,48.639199],[38.457727,48.6391988961039],[38.458018,48.639277],[38.458575,48.639913],[38.459074,48.640097],[38.459072125,48.640112],[38.459071,48.640112],[38.45905818181821,48.64022354545433],[38.459058,48.640225],[38.45905801466993,48.640225],[38.459024,48.640521],[38.459258,48.640794],[38.458296,48.641554],[38.457727,48.64213684054054],[38.457727,48.642136],[38.457273,48.642601],[38.457727,48.642728],[38.457727,48.6427274781106],[38.46016,48.643403],[38.460619,48.643421],[38.461818,48.640112],[38.46181756321839,48.640112],[38.461904,48.639877],[38.460439,48.639642],[38.459684,48.639479],[38.458481,48.638995],[38.458135,48.638784],[38.457654135594495,48.63857637288191],[38.456294,48.637986],[38.455256,48.637675],[38.452885,48.637253],[38.452472,48.637224],[38.453311,48.639532],[38.453837,48.639482],[38.453661,48.638746]]]}},{"type":"Feature","properties":{"cadnum":"4423881100:08:009:0002"},"geometry":{"type":"Polygon","coordinates":[[[38.461634,48.635086],[38.457727,48.63608239038744],[38.457727,48.636082],[38.45615657198442,48.636482],[38.456154,48.636482],[38.455376,48.636681],[38.456424,48.636915],[38.457727,48.637349],[38.457727,48.6373482893401],[38.457753,48.637357],[38.45906,48.637959],[38.463049,48.63694569238164],[38.463049,48.636946],[38.46442233333336,48.636596],[38.464425,48.636596],[38.464697,48.636526],[38.463552,48.635988],[38.463221,48.63583335785288],[38.463221,48.635833],[38.461634,48.635086]]]}},{"type":"Feature","properties":{"cadnum":"4423881100:09:009:0010"},"geometry":{"type":"Polygon","coordinates":[[[38.443588,48.687391],[38.443588625668454,48.687391],[38.443541,48.687464],[38.443524,48.687633],[38.446741,48.688279],[38.446741,48.68827849126686],[38.451092,48.689151],[38.451187,48.689018],[38.451344,48.688985],[38.452234,48.689051],[38.452234,48.6890505212305],[38.454371,48.689207],[38.456343,48.689377],[38.456357,48.688896],[38.452063,48.688037],[38.452063,48.688037705095866],[38.44827,48.687277],[38.448266753303976,48.687277],[38.446569,48.686937],[38.446569,48.68693751886792],[38.444197,48.686462],[38.443588,48.687391]]]}},{"type":"Feature","properties":{"cadnum":"4423881100:09:009:0013"},"geometry":{"type":"Polygon","coordinates":[[[38.445564,48.683645],[38.44556183193277,48.683651],[38.445561,48.683651],[38.445375,48.684175],[38.445267,48.684362],[38.446741,48.684658],[38.446741,48.684657491085616],[38.452234,48.685759],[38.452234,48.68575832294787],[38.45707,48.686729],[38.457178,48.686379],[38.457246,48.685768],[38.457313,48.685608],[38.452234,48.68459026514286],[38.452234,48.68459],[38.44811103727369,48.683764],[38.448113,48.683764],[38.446569,48.683455],[38.446569,48.683455369127515],[38.445847,48.68331],[38.445564,48.683645]]]}},{"type":"Feature","properties":{"cadnum":"4423881100:09:009:0014"},"geometry":{"type":"Polygon","coordinates":[[[38.44754836569578,48.683651],[38.447547,48.683651],[38.452063,48.68455574162577],[38.452063,48.684556],[38.457313,48.685608],[38.457583,48.684973],[38.454807,48.684481],[38.452234,48.68396527478134],[38.452234,48.683965],[38.45123348089171,48.683764],[38.451235,48.683764],[38.44947,48.68341],[38.446741,48.682851218200625],[38.446741,48.682851],[38.445985,48.682696],[38.445914,48.683227],[38.445847,48.68331],[38.446741,48.68349],[38.446741,48.6834894222798],[38.44754836569578,48.683651]]]}},{"type":"Feature","properties":{"cadnum":"4423881100:09:009:0011"},"geometry":{"type":"Polygon","coordinates":[[[38.448836,48.687391],[38.448838422641494,48.687391],[38.452234,48.688072],[38.452234,48.688071207964605],[38.456357,48.688896],[38.456357,48.688858],[38.45628,48.687728],[38.454031,48.687277],[38.45402834645671,48.687277],[38.452234,48.68691728097869],[38.452234,48.686917],[38.446569,48.685782],[38.446569,48.68578243178484],[38.444696,48.685406],[38.444556,48.685664],[38.444283,48.686331],[38.444197,48.686462],[38.446741,48.686972],[38.446741,48.686971445522715],[38.448836,48.687391]]]}},{"type":"Feature","properties":{"cadnum":"4423881100:08:008:0005"},"geometry":{"type":"Polygon","coordinates":[[[38.436293,48.640334],[38.435583,48.640443],[38.435583,48.640443232656665],[38.43009,48.641281],[38.43009,48.64128123265667],[38.424742910227145,48.64209674643667],[38.424547,48.642126],[38.42457,48.642132],[38.424597,48.642137727272726],[38.424597,48.642139],[38.428096,48.64286],[38.430262,48.64253],[38.430262,48.64252976734333],[38.435755,48.641692],[38.435755,48.641691713780915],[38.436715,48.641545],[38.436293,48.640334]]]}},{"type":"Feature","properties":{"cadnum":"4423881100:08:008:0004"},"geometry":{"type":"Polygon","coordinates":[[[38.437514,48.643836],[38.436715,48.641545],[38.435583,48.641718],[38.435583,48.641718232656665],[38.43009,48.642556],[38.43009,48.64255620498615],[38.428096,48.64286],[38.43009,48.64327334533703],[38.43009,48.643274],[38.432031,48.643676],[38.43239669387757,48.643742],[38.432395,48.643742],[38.432574,48.643774],[38.433341,48.643804],[38.43419,48.643919],[38.435071,48.643984],[38.435583,48.64396977777778],[38.435583,48.64397],[38.43563671428561,48.64396828571429],[38.435755,48.643965],[38.435755,48.6439645106383],[38.435771,48.643964],[38.43730615966382,48.643855],[38.437309,48.643855],[38.437447,48.643845],[38.437514,48.643836]]]}},{"type":"Feature","properties":{"cadnum":"4423881100:08:008:0006"},"geometry":{"type":"Polygon","coordinates":[[[38.435583,48.639718],[38.435583,48.63971816104611],[38.434302,48.639913],[38.431624,48.640225],[38.431628907849834,48.640225],[38.43009,48.640405],[38.43009,48.64040509345794],[38.429834,48.640435],[38.429735,48.64074],[38.429564,48.640815],[38.427296,48.64074],[38.426182,48.640601],[38.425409,48.640533],[38.424893,48.640557],[38.424597,48.640623],[38.424597,48.640623274178694],[38.421511,48.641314],[38.421695,48.641503],[38.42319,48.641877],[38.424547,48.642126],[38.424597,48.64211853393665],[38.424597,48.642119],[38.424742910227145,48.64209674643667],[38.424768,48.642093],[38.424768,48.64209291985878],[38.430262,48.641255],[38.430262,48.641254767343334],[38.435755,48.640417],[38.435755,48.640416594366194],[38.436293,48.640334],[38.436215,48.640112],[38.4362149671848,48.640112],[38.436054,48.639646],[38.435583,48.639718]],[[38.424475,48.640699],[38.424448,48.640705],[38.424439,48.64069],[38.424461,48.640681],[38.424475,48.640699]],[[38.422903,48.641058],[38.422876,48.641064],[38.422867,48.641046],[38.42289,48.641041],[38.422903,48.641058]]]}},{"type":"Feature","properties":{"cadnum":"4423881100:09:002:0005"},"geometry":{"type":"Polygon","coordinates":[[[38.471188,48.649682],[38.470007,48.649534],[38.469938,48.650656],[38.46984711790393,48.651],[38.469847,48.651],[38.46984065784132,48.65102445213781],[38.469817,48.651114],[38.46981743178411,48.651114],[38.469674,48.651667],[38.469332,48.652537],[38.468892,48.653148],[38.468775,48.653807],[38.46869,48.653958],[38.474035,48.653960906470914],[38.474035,48.653961],[38.474207,48.653961],[38.475144,48.653961],[38.474615,48.65364],[38.47415212077345,48.65322899516953],[38.473852,48.652961],[38.473003,48.652109],[38.472095,48.651038],[38.471188,48.649682]]]}},{"type":"Feature","properties":{"cadnum":"4423881100:02:002:0038"},"geometry":{"type":"Polygon","coordinates":[[[38.579103,48.664888],[38.57912,48.66484],[38.579516,48.664912],[38.579497,48.664962],[38.580485,48.665125],[38.580683,48.665155],[38.580566,48.665146],[38.580351,48.665119],[38.579447,48.664998],[38.579183,48.664971],[38.579004,48.664962],[38.57854510944241,48.664954339055804],[38.578191,48.664947],[38.578042,48.664939],[38.578042,48.664971],[38.578191,48.66498],[38.578405,48.66498388082902],[38.578405,48.664985],[38.578998,48.664994],[38.579174,48.665003],[38.579439,48.665031],[38.580342,48.665152],[38.580562,48.665179],[38.581145,48.665223],[38.58147,48.665264],[38.581753,48.665297],[38.582071,48.665315],[38.582277,48.665324],[38.583091,48.665342],[38.583414,48.665359],[38.58407,48.66538],[38.58407,48.665379070840196],[38.584506,48.665392],[38.586837,48.665455],[38.587231,48.665464],[38.587231,48.665431],[38.586841,48.665422],[38.584506,48.665359],[38.58407,48.665345352553544],[38.58407,48.665345],[38.583248,48.665318],[38.582659,48.665264],[38.582139,48.665179],[38.581375,48.664977],[38.579067,48.664541],[38.578577,48.66447338351255],[38.578577,48.664473],[38.578509,48.664464],[38.578405,48.664454],[38.578405,48.66445412987013],[38.577508,48.664369],[38.576583,48.664277],[38.574359,48.66387],[38.574094,48.66385],[38.573703,48.663844],[38.573411,48.663859],[38.573151,48.663903],[38.572912,48.663958],[38.572912,48.663958314285715],[38.572594,48.664031],[38.572373,48.664081],[38.571973,48.664215],[38.571633,48.664387],[38.571283,48.664615],[38.571076,48.664784],[38.570855,48.665007],[38.570631,48.665318],[38.570543748387095,48.665514],[38.570542,48.665514],[38.570469,48.665683],[38.570407,48.665983],[38.570415,48.666335],[38.570501,48.666676],[38.57109,48.667902],[38.571493,48.668747],[38.571619,48.669178],[38.571622,48.669255],[38.57162305263158,48.669255],[38.571633,48.669444],[38.57179,48.669646],[38.571996,48.669548],[38.571925,48.669394],[38.571912,48.669142],[38.57191146853147,48.669142],[38.57191,48.669112],[38.571839,48.668791],[38.571197,48.667682],[38.570757,48.666822],[38.570631,48.666481],[38.570591,48.666101],[38.570667,48.665674],[38.57072022857183,48.66556885714206],[38.570897,48.665223],[38.571233,48.664855],[38.571534,48.664618],[38.571947,48.66438],[38.572585,48.664101],[38.572912,48.66402300656455],[38.572912,48.664024],[38.573042,48.663992],[38.573084,48.663991],[38.573084,48.66399057627119],[38.573573,48.663974],[38.573977,48.663969],[38.574826,48.664024],[38.575311,48.664101],[38.576407,48.664301],[38.576596,48.664325],[38.576919,48.664389],[38.576887,48.664473],[38.57709,48.664508],[38.577117,48.66444],[38.577956,48.664659],[38.578405,48.66476],[38.578577,48.664792],[38.578577,48.66479154154728],[38.579103,48.664888]],[[38.578514,48.66455],[38.578558,48.664559],[38.57855,48.664576],[38.578505,48.664567],[38.578514,48.66455]],[[38.580791,48.664891],[38.580778,48.664926],[38.579776,48.664739],[38.579789,48.664713],[38.580791,48.664891]],[[38.580764,48.664956],[38.580755,48.664983],[38.579753,48.664802],[38.579767,48.664772],[38.580764,48.664956]],[[38.580742,48.665016],[38.580728,48.665048],[38.579726,48.664864],[38.57974,48.664831],[38.580742,48.665016]]]}},{"type":"Feature","properties":{"cadnum":"4423881100:02:006:0062"},"geometry":{"type":"Polygon","coordinates":[[[38.53356,48.654743],[38.533560904059044,48.654743],[38.533427,48.656255],[38.534632,48.656302],[38.534632,48.656301292682926],[38.535116,48.656319],[38.538062,48.656433],[38.538222,48.654629],[38.53822118556701,48.654629],[38.538341,48.653288],[38.535709,48.653183],[38.535668,48.653181],[38.53458307923731,48.6531369924525],[38.533706,48.653101],[38.53356,48.654743]],[[38.533984,48.653964],[38.53402,48.653952],[38.534051,48.65397],[38.534047,48.653994],[38.534011,48.654005],[38.53398,48.65399],[38.533984,48.653964]],[[38.537555,48.654047],[38.537649,48.65402],[38.537726,48.654059],[38.537716,48.654124],[38.537622,48.654151],[38.537546,48.654109],[38.537555,48.654047]],[[38.536401,48.654038],[38.536464,48.654032],[38.536504,48.654067],[38.536481,48.654106],[38.536418,48.654113],[38.536378,48.65408],[38.536401,48.654038]],[[38.535106,48.65397],[38.535229,48.65394],[38.535328,48.653994],[38.535305,48.65408],[38.535183,48.654109],[38.535085,48.654053],[38.535106,48.65397]],[[38.535196,48.656222],[38.535165,48.656222],[38.53517,48.656202],[38.535196,48.656202],[38.535196,48.656222]],[[38.535102,48.656219],[38.535072,48.656219],[38.535076,48.656198],[38.535102,48.656198],[38.535102,48.656219]]]}},{"type":"Feature","properties":{"cadnum":"4423881100:08:003:0023"},"geometry":{"type":"Polygon","coordinates":[[[38.482457,48.636369],[38.482479,48.636357],[38.482457,48.636345],[38.482439,48.636357],[38.482457,48.636369]]]}},{"type":"Feature","properties":{"cadnum":"4423881100:08:003:0003"},"geometry":{"type":"Polygon","coordinates":[[[38.483827,48.635887],[38.484083,48.635808],[38.483899,48.635499],[38.483741,48.635546],[38.483634,48.635579],[38.483827,48.635887]]]}},{"type":"Feature","properties":{"cadnum":"4423881100:08:003:0024"},"geometry":{"type":"Polygon","coordinates":[[[38.481379,48.635754],[38.481397,48.635742],[38.481379,48.63573],[38.48136,48.635742],[38.481379,48.635754]]]}},{"type":"Feature","properties":{"cadnum":"4423881100:08:007:0012"},"geometry":{"type":"Polygon","coordinates":[[[38.480068,48.634991],[38.480085,48.63498],[38.480068,48.634967],[38.480049,48.63498],[38.480068,48.634991]]]}},{"type":"Feature","properties":{"cadnum":"4423881100:08:003:0004"},"geometry":{"type":"Polygon","coordinates":[[[38.483643,48.635941],[38.483827,48.635887],[38.483634,48.635579],[38.483481,48.635627],[38.483301,48.63568],[38.483643,48.635941]]]}},{"type":"Feature","properties":{"cadnum":"4423881100:08:006:0004"},"geometry":{"type":"Polygon","coordinates":[[[38.482182,48.634045],[38.482376,48.634015],[38.482232,48.633665],[38.482043,48.633694],[38.482182,48.634045]]]}},{"type":"Feature","properties":{"cadnum":"4423881100:01:007:0034"},"geometry":{"type":"Polygon","coordinates":[[[38.60603400250417,48.647041073842175],[38.606043,48.64704],[38.606043,48.6470399739479],[38.60637,48.647],[38.606339,48.646961],[38.606146,48.646659],[38.60588064912652,48.646717859648305],[38.605382,48.646828],[38.60549,48.647106],[38.605871,48.64706052802893],[38.605871,48.647061],[38.60603400250417,48.647041073842175]]]}},{"type":"Feature","properties":{"cadnum":"4423881100:01:007:0010"},"geometry":{"type":"Polygon","coordinates":[[[38.606438,48.646317],[38.60632,48.646056],[38.605871,48.646139],[38.605871,48.646139142857145],[38.605441,48.646217],[38.605198,48.64624],[38.605144,48.646261],[38.605307,48.646498],[38.605871,48.64640757608696],[38.605871,48.646408],[38.606438,48.646317]]]}},{"type":"Feature","properties":{"cadnum":"4423881100:01:007:0012"},"geometry":{"type":"Polygon","coordinates":[[[38.60602866666654,48.64539711111113],[38.606043,48.645395],[38.606043,48.64539493939394],[38.606267,48.645361],[38.606416,48.645338],[38.606483,48.645124],[38.605871,48.645208],[38.605871,48.64520854014599],[38.604947,48.645335],[38.604991,48.645478],[38.605508,48.645409],[38.605527,48.645471],[38.605871,48.645420333333334],[38.605871,48.645421],[38.60602866666654,48.64539711111113]]]}},{"type":"Feature","properties":{"cadnum":"4423881100:09:009:0001"},"geometry":{"type":"Polygon","coordinates":[[[38.449143,48.673034],[38.44713932537399,48.676397],[38.447139,48.676397],[38.446569,48.677355],[38.446569,48.67735577450981],[38.445109,48.679807],[38.446070375757586,48.680024],[38.446069,48.680024],[38.446741,48.680176],[38.446741,48.680175222222225],[38.446776,48.680183],[38.446832067396095,48.68008816259597],[38.44896174385027,48.67651],[38.448962,48.67651],[38.450359,48.674164],[38.449143,48.673034]]]}},{"type":"Feature","properties":{"cadnum":"4423881100:09:009:0032"},"geometry":{"type":"Polygon","coordinates":[[[38.447666,48.672883],[38.447666595837894,48.672883],[38.446741,48.67432756239315],[38.446741,48.674327],[38.44534,48.67651],[38.4453405326087,48.67651],[38.443466,48.679433],[38.445109,48.679807],[38.446741,48.677067],[38.446741,48.67706591929824],[38.44707176617954,48.67651],[38.447072,48.67651],[38.449143,48.673034],[38.44898056060606,48.672883],[38.448981,48.672883],[38.448159,48.672117],[38.447666,48.672883]]]}},{"type":"Feature","properties":{"cadnum":"4423881100:09:010:0042"},"geometry":{"type":"Polygon","coordinates":[[[38.423159,48.667291],[38.422279,48.66848],[38.421742,48.669255],[38.42174266533865,48.669255],[38.421299,48.669895],[38.419804,48.670779],[38.421129,48.670765],[38.423725,48.670301],[38.424565,48.669534],[38.4247438082892,48.66939042487123],[38.425054,48.669142],[38.42505370810811,48.669142],[38.425144,48.66907],[38.426205,48.668285],[38.427089,48.667489],[38.427165,48.667359],[38.424597,48.666489],[38.424597,48.666489908045975],[38.423985,48.666282],[38.423159,48.667291]]]}},{"type":"Feature","properties":{"cadnum":"4423881100:09:010:0044"},"geometry":{"type":"Polygon","coordinates":[[[38.429291,48.665321],[38.428912,48.665202],[38.428159,48.664915],[38.427606,48.664826],[38.427354,48.664835],[38.427071,48.664894],[38.426891,48.665001],[38.426586,48.665291],[38.426419,48.665443],[38.426006,48.665466],[38.425625,48.665425],[38.42522910344826,48.665514],[38.425226,48.665514],[38.42464525437325,48.66564510632591],[38.424528,48.665671],[38.424291,48.665906],[38.423985,48.666282],[38.424768,48.666548],[38.424768,48.666546978947366],[38.426402,48.667101],[38.427165,48.667359],[38.427565,48.666665],[38.42849,48.665992],[38.428908,48.665706],[38.42898559375,48.665628],[38.428986,48.665628],[38.429291,48.665321]]]}},{"type":"Feature","properties":{"cadnum":"4423881100:09:001:0006"},"geometry":{"type":"Polygon","coordinates":[[[38.516175,48.671915],[38.515183,48.67107],[38.514388,48.670358],[38.514311,48.670251],[38.513979,48.670227],[38.513816,48.6715],[38.513749,48.672761],[38.51377526229508,48.67277],[38.513775,48.67277],[38.518152,48.674274],[38.518152,48.674273781249994],[38.523645,48.676162],[38.523645,48.6761613902439],[38.523802,48.676215],[38.524179,48.675433],[38.523969,48.675107],[38.523474,48.67495],[38.523474,48.67495062672811],[38.522994,48.674798],[38.522629,48.674907],[38.522472,48.674656],[38.521457,48.674246],[38.518614,48.673267],[38.517981,48.672988],[38.517981,48.67298820398773],[38.51774365397924,48.672883],[38.517745,48.672883],[38.5175,48.672775],[38.516175,48.671915]],[[38.513902,48.671402],[38.513969,48.671381],[38.514028,48.671411],[38.514019,48.671462],[38.513952,48.671479],[38.513893,48.671449],[38.513902,48.671402]],[[38.521053,48.674652],[38.521134,48.674685],[38.52112,48.6747],[38.52104,48.674667],[38.521053,48.674652]]]}},{"type":"Feature","properties":{"cadnum":"4423881100:09:005:0067"},"geometry":{"type":"Polygon","coordinates":[[[38.487896,48.690417],[38.48662006,48.690904],[38.48662,48.690904],[38.48656307500403,48.69092574999846],[38.486324,48.691017],[38.48632425172414,48.691017],[38.485861,48.691194],[38.485834,48.691307],[38.486687,48.691793],[38.487033,48.691684],[38.487362,48.691577],[38.48857,48.691108],[38.488371851851966,48.690905888889006],[38.487896,48.690417]]]}},{"type":"Feature","properties":{"cadnum":"4423881100:09:005:0068"},"geometry":{"type":"Polygon","coordinates":[[[38.490528,48.690091],[38.490686,48.690051],[38.490686,48.69005087958115],[38.49091,48.689994],[38.490546,48.689403],[38.487896,48.690417],[38.48837001333334,48.690904],[38.48837,48.690904],[38.488371851851966,48.690905888889006],[38.48848,48.691017],[38.48848078431373,48.691017],[38.48857,48.691108],[38.489046,48.69093],[38.489064,48.690904],[38.489063495978556,48.690904],[38.489297,48.690557],[38.489635,48.690328],[38.490102,48.690218],[38.490515,48.69009487558686],[38.490515,48.690095],[38.490528,48.690091]]]}},{"type":"Feature","properties":{"cadnum":"4423881100:02:006:0091"},"geometry":{"type":"Polygon","coordinates":[[[38.539953,48.652925],[38.539896,48.652923],[38.53989,48.652958],[38.538229,48.652857],[38.538229,48.652875],[38.539953,48.65297229324894],[38.539953,48.652973],[38.545618,48.653293],[38.545618,48.65329255555556],[38.546004,48.653314],[38.547446,48.653578],[38.547454,48.653563],[38.546004,48.653288],[38.545446,48.653257],[38.545446,48.65325710230179],[38.544836,48.653222],[38.54484,48.653183],[38.544777,48.653181],[38.544773,48.65322],[38.542379,48.653088],[38.542383,48.653053],[38.54232,48.65305],[38.542316,48.653086],[38.539953,48.652961],[38.539953,48.652925]]]}},{"type":"Feature","properties":{"cadnum":"4423881100:02:006:0063"},"geometry":{"type":"Polygon","coordinates":[[[38.538211,48.654743],[38.538211889135255,48.654743],[38.538062,48.656433],[38.540125,48.656513],[38.540125,48.656512609540634],[38.542217,48.656593],[38.542653,48.65662],[38.542712,48.65594],[38.542707,48.65594],[38.54267,48.655884],[38.542698,48.655877],[38.542716,48.655907],[38.542829,48.654629],[38.54282817697729,48.654629],[38.542932,48.653466],[38.539953,48.653351],[38.539953,48.65335125112107],[38.538341,48.653288],[38.538211,48.654743]],[[38.539234,48.65348],[38.539289,48.653433],[38.539379,48.653438],[38.53941,48.653495],[38.53936,48.653543],[38.539271,48.653534],[38.539234,48.65348]],[[38.53879,48.654145],[38.538894,48.654124],[38.538974,48.654168],[38.538951,48.65424],[38.538854,48.654264],[38.538768,48.654216],[38.53879,48.654145]],[[38.539747,48.656341],[38.539783,48.656397],[38.539756,48.656406],[38.53972,48.65635],[38.539747,48.656341]],[[38.538454,48.656305],[38.538485,48.656308],[38.538485,48.656329],[38.538454,48.656326],[38.538454,48.656305]],[[38.538359,48.656302],[38.538391,48.656305],[38.538385,48.656326],[38.538359,48.656323],[38.538359,48.656302]],[[38.542613,48.655727],[38.542649,48.655783],[38.542626,48.655789],[38.54259,48.655732],[38.542613,48.655727]],[[38.541863,48.655753],[38.541898,48.655809],[38.541871,48.655815],[38.541836,48.655759],[38.541863,48.655753]],[[38.541422,48.656195],[38.541508,48.65626],[38.541408,48.656317],[38.541324,48.656251],[38.541422,48.656195]],[[38.5414,48.65605],[38.541467,48.656101],[38.5414,48.656142],[38.541332,48.656088],[38.5414,48.65605]],[[38.540492,48.65637],[38.540519,48.656373],[38.540519,48.656394],[38.540488,48.656391],[38.540492,48.65637]],[[38.540425,48.656389],[38.540393,48.656389],[38.540398,48.656367],[38.540425,48.65637],[38.540425,48.656389]]]}},{"type":"Feature","properties":{"cadnum":"4423881100:02:006:0064"},"geometry":{"type":"Polygon","coordinates":[[[38.542818,48.654743],[38.54281892018779,48.654743],[38.542716,48.655907],[38.542733,48.655934],[38.542712,48.65594],[38.542653,48.65662],[38.543618,48.656679],[38.544517,48.656732],[38.545618,48.656799],[38.545618,48.65679825165563],[38.546956,48.656878],[38.547121,48.656827],[38.547315,48.656653],[38.54736,48.654955],[38.54736520245399,48.654743],[38.547366,48.654743],[38.54737,48.654623],[38.547396,48.65364],[38.545446,48.653564],[38.545446,48.65356427624721],[38.542932,48.653466],[38.542818,48.654743]],[[38.545986,48.654605],[38.54600142857143,48.654629],[38.546,48.654629],[38.546022,48.654661],[38.545995,48.65467],[38.545959,48.654614],[38.545986,48.654605]],[[38.5448,48.656335],[38.545106,48.656444],[38.544593,48.656429],[38.5448,48.656335]],[[38.544876,48.655098],[38.544913,48.655154],[38.544886,48.65516],[38.54485,48.655103],[38.544876,48.655098]],[[38.544706,48.655332],[38.544741,48.655388],[38.54472,48.655397],[38.544683,48.655341],[38.544706,48.655332]],[[38.544131,48.656406],[38.544194,48.656468],[38.544121,48.656528],[38.543816,48.656528],[38.543722,48.656457],[38.543825,48.656389],[38.544131,48.656406]],[[38.543718,48.655237],[38.543754,48.655294],[38.543731,48.655299],[38.543695,48.655243],[38.543718,48.655237]],[[38.543712,48.656495],[38.543682,48.656495],[38.543682,48.656474],[38.543712,48.656474],[38.543712,48.656495]],[[38.543614,48.656492],[38.543588,48.656492],[38.543588,48.656471],[38.543618,48.656471],[38.543614,48.656492]],[[38.546714,48.654789],[38.546745,48.654845],[38.546722,48.654854],[38.546687,48.654797],[38.546714,48.654789]]]}},{"type":"Feature","properties":{"cadnum":"4423881100:09:004:0004"},"geometry":{"type":"Polygon","coordinates":[[[38.473532,48.671289],[38.47236,48.671506],[38.472041,48.671594],[38.471078,48.672883],[38.471078775092934,48.672883],[38.470361,48.673846],[38.470842,48.673986],[38.474207,48.675096],[38.474207,48.675095444444445],[38.474422,48.675166],[38.476211,48.67277],[38.476210367049006,48.67277],[38.476842,48.671924],[38.476416,48.671779],[38.475854,48.67174],[38.475135,48.671844],[38.474659,48.671645],[38.474207,48.67150230128205],[38.474207,48.671502],[38.473532,48.671289]]]}},{"type":"Feature","properties":{"cadnum":"4423881100:09:005:0006"},"geometry":{"type":"Polygon","coordinates":[[[38.463974,48.674267],[38.463884,48.674392],[38.463179,48.675349],[38.46294,48.67567],[38.463221,48.675761],[38.463221,48.67576051724138],[38.465192910559004,48.676397],[38.465192,48.676397],[38.468714,48.677534],[38.468714,48.67753346442341],[38.471395,48.678398],[38.471462,48.67809],[38.471525,48.677696],[38.471255,48.676619],[38.4709167072072,48.67651],[38.470917,48.67651],[38.468714,48.67579854694736],[38.468714,48.675798],[38.463974,48.674267]]]}},{"type":"Feature","properties":{"cadnum":"4423881100:09:005:0007"},"geometry":{"type":"Polygon","coordinates":[[[38.464992,48.672883],[38.46499369984448,48.672883],[38.464603,48.673413],[38.463974,48.674267],[38.468542,48.67574244472574],[38.468542,48.675743],[38.47056709778358,48.676397],[38.470566,48.676397],[38.471255,48.676619],[38.4712279954955,48.67651],[38.471228,48.67651],[38.471085,48.675925],[38.47067,48.674172],[38.4686260582107,48.67350733471889],[38.46671067101827,48.672883],[38.466711,48.672883],[38.465326,48.672431],[38.464992,48.672883]]]}},{"type":"Feature","properties":{"cadnum":"4423881100:09:004:0005"},"geometry":{"type":"Polygon","coordinates":[[[38.467707,48.67037],[38.467487,48.670299],[38.465923,48.672396],[38.46706419917865,48.67277],[38.467063,48.67277],[38.468542,48.673254639006664],[38.468542,48.673255],[38.470284,48.673825],[38.470361,48.673846],[38.471163,48.67277],[38.471162421256786,48.67277],[38.472041,48.671594],[38.471484,48.671752],[38.471255,48.671772],[38.470617,48.671574],[38.471089,48.670987],[38.471079,48.670684],[38.470725,48.670488],[38.469602,48.670138],[38.468542,48.670107],[38.468542,48.6701074516129],[38.468497,48.670106],[38.467707,48.67037]]]}},{"type":"Feature","properties":{"cadnum":"4423881100:09:011:0004"},"geometry":{"type":"Polygon","coordinates":[[[38.42474,48.650721],[38.424098,48.650587],[38.424031,48.650757],[38.424597,48.650849352180934],[38.424597,48.65085],[38.42465,48.650858],[38.42474,48.650721]]]}},{"type":"Feature","properties":{"cadnum":"4423881100:09:005:0038"},"geometry":{"type":"Polygon","coordinates":[[[38.434585,48.646549],[38.433404,48.64597],[38.432824,48.645744],[38.432071,48.645551],[38.43009,48.647242],[38.43009,48.647242087336245],[38.429938221079695,48.647371],[38.429937,48.647371],[38.428742,48.648392],[38.428935,48.648605],[38.429478,48.648997],[38.43009,48.649316270408164],[38.43009,48.649317],[38.430553,48.649558],[38.431105,48.649872],[38.434034,48.647371],[38.43403348946136,48.647371],[38.4349,48.646631],[38.434585,48.646549]]]}},{"type":"Feature","properties":{"cadnum":"4423881100:09:005:0039"},"geometry":{"type":"Polygon","coordinates":[[[38.430262,48.647096],[38.430262,48.647095179202424],[38.432071,48.645551],[38.43009,48.64505],[38.43009,48.64505064265928],[38.429901,48.645003],[38.427937,48.644578],[38.425683,48.646501],[38.426272,48.646991],[38.427114,48.647485],[38.427115689655174,48.647485],[38.427862,48.647922],[38.428589,48.648228],[38.428742,48.648392],[38.429803571988245,48.647485],[38.429804,48.647485],[38.430262,48.647096]]]}},{"type":"Feature","properties":{"cadnum":"4423881100:09:005:0011"},"geometry":{"type":"Polygon","coordinates":[[[38.45219453378379,48.67277],[38.452193,48.67277],[38.452072,48.672959],[38.452234,48.673011],[38.452234,48.67301085145888],[38.457727,48.674769],[38.457727,48.674768697787705],[38.462483,48.67629],[38.46294,48.67567],[38.463049,48.67552360251046],[38.463049,48.675525],[38.463179,48.675349],[38.457556,48.673551],[38.457556,48.67355129047072],[38.45546719258373,48.672883],[38.455468,48.672883],[38.452692,48.671995],[38.45219453378379,48.67277]]]}},{"type":"Feature","properties":{"cadnum":"4423881100:09:004:0008"},"geometry":{"type":"Polygon","coordinates":[[[38.456864,48.665769],[38.456657,48.665737],[38.454739,48.668736],[38.455983597302506,48.669142],[38.455983,48.669142],[38.457727,48.669712],[38.457727,48.66971148404255],[38.457744,48.669717],[38.458173,48.669142],[38.45817246860112,48.669142],[38.459814,48.666946],[38.459227,48.666783],[38.458305,48.666208],[38.457727,48.666032053404535],[38.457727,48.666032],[38.456864,48.665769]]]}},{"type":"Feature","properties":{"cadnum":"4423881100:09:005:0009"},"geometry":{"type":"Polygon","coordinates":[[[38.45881576550388,48.67277],[38.458815,48.67277],[38.463049,48.67412495687699],[38.463049,48.674126],[38.463884,48.674392],[38.463974,48.674267],[38.464603,48.673413],[38.463221,48.67297100900901],[38.463221,48.672971],[38.462946054726366,48.672883],[38.462947,48.672883],[38.457556,48.671159],[38.457556,48.67115924312668],[38.454017,48.670026],[38.453329,48.671013],[38.457727,48.672422],[38.457727,48.67242170303782],[38.45881576550388,48.67277]]]}},{"type":"Feature","properties":{"cadnum":"4423881100:09:005:0008"},"geometry":{"type":"Polygon","coordinates":[[[38.454631340425536,48.669142],[38.454631,48.669142],[38.454599713375686,48.669187044586145],[38.454552,48.669255],[38.45455251357466,48.669255],[38.454017,48.670026],[38.457727,48.671214],[38.457727,48.671213684474125],[38.46259364559165,48.67277],[38.462593,48.67277],[38.463049,48.67291594904459],[38.463049,48.672916],[38.464603,48.673413],[38.465077,48.67277],[38.465075500000005,48.67277],[38.465326,48.672431],[38.463049,48.671688],[38.463049,48.67168860655738],[38.462672,48.671565],[38.457727,48.66998368256451],[38.457727,48.669983],[38.455451242568365,48.669255],[38.455453,48.669255],[38.454717,48.66902],[38.454631340425536,48.669142]]]}},{"type":"Feature","properties":{"cadnum":"4423881100:09:005:0025"},"geometry":{"type":"Polygon","coordinates":[[[38.453921,48.668513],[38.452237,48.668171],[38.452206401574756,48.66821848031503],[38.451533,48.669255],[38.451533630166566,48.669255],[38.449502,48.672384],[38.449906565130256,48.67277],[38.449906,48.67277],[38.451128,48.673935],[38.451857,48.67277],[38.45185690196078,48.67277],[38.452063,48.67244153124999],[38.452063,48.672443],[38.452323,48.672028],[38.45417570880051,48.669231494979975],[38.45443,48.668851],[38.453921,48.668513]]]}},{"type":"Feature","properties":{"cadnum":"4423881100:09:005:0010"},"geometry":{"type":"Polygon","coordinates":[[[38.453271,48.671099],[38.452692,48.671995],[38.45511474774775,48.67277],[38.455114,48.67277],[38.457727,48.673606],[38.457727,48.6736056786413],[38.463049,48.67530743144229],[38.463049,48.675309],[38.463179,48.675349],[38.463221,48.675294],[38.463221,48.67529198723404],[38.463884,48.674392],[38.463221,48.67418079281437],[38.463221,48.67418],[38.45916810496453,48.672883],[38.459169,48.672883],[38.457556,48.672367],[38.457556,48.67236721623465],[38.453329,48.671013],[38.453271,48.671099]]]}},{"type":"Feature","properties":{"cadnum":"4423881100:09:010:0041"},"geometry":{"type":"Polygon","coordinates":[[[38.405974,48.655659],[38.406244,48.655613],[38.405988,48.654694],[38.405691,48.654744],[38.402796,48.65524616498207],[38.402796,48.655246],[38.397303,48.65619721500441],[38.397303,48.656197],[38.397055,48.65624],[38.397131,48.65648546774193],[38.397131,48.656487],[38.397337,48.657154],[38.402796,48.65621],[38.402796,48.65620922089552],[38.405974,48.655659]]]}},{"type":"Feature","properties":{"cadnum":"4423881100:01:009:0001"},"geometry":{"type":"Polygon","coordinates":[[[38.606375,48.665543],[38.607121,48.665591],[38.608814,48.665628],[38.608844511627794,48.665628],[38.611127,48.665677],[38.611364,48.665677],[38.611446,48.665677],[38.611513,48.665671],[38.611418,48.665514],[38.6114176,48.665514],[38.611414,48.665508],[38.611131,48.665505],[38.607139,48.665422],[38.606402,48.665374],[38.605926,48.665339],[38.605871,48.665334],[38.605871,48.66533428571429],[38.605611,48.665312],[38.604974,48.665264],[38.604079,48.665209],[38.60385,48.66519],[38.603223,48.665146],[38.603078,48.665137],[38.60307,48.665309],[38.603194,48.665318],[38.603823,48.665363],[38.604057,48.665377],[38.604947,48.665434],[38.60558,48.665481],[38.605894,48.665508],[38.606043,48.66552],[38.606043,48.66551884199584],[38.606375,48.665543]]]}},{"type":"Feature","properties":{"cadnum":"4423881100:01:008:0002"},"geometry":{"type":"Polygon","coordinates":[[[38.611869,48.665537],[38.611599,48.66549],[38.611427,48.665508],[38.611414,48.665508],[38.611486,48.665628],[38.61148698089172,48.665628],[38.611513,48.665671],[38.611586,48.665662],[38.611743,48.665656],[38.611796,48.665683],[38.611917,48.665947],[38.612362,48.666887],[38.612372,48.667068],[38.612326,48.667507],[38.61211,48.668424],[38.612022,48.668738],[38.611859,48.669083],[38.6118,48.669162],[38.611765,48.669198],[38.611989,48.669281],[38.612097,48.669151],[38.612272,48.668777],[38.612582,48.667528],[38.612609,48.667032],[38.612578,48.666863],[38.612115,48.66592],[38.611945,48.665603],[38.611869,48.665537]],[[38.612591,48.66708],[38.612565,48.66708],[38.612565,48.667065],[38.612591,48.667065],[38.612591,48.66708]],[[38.612425,48.667054],[38.612439,48.667109],[38.612416,48.667113],[38.612398,48.667056],[38.612425,48.667054]],[[38.612393,48.66752],[38.612366,48.66752],[38.612366,48.667504],[38.612393,48.667504],[38.612393,48.66752]],[[38.612272,48.667806],[38.612299,48.667813],[38.612295,48.667828],[38.612268,48.667825],[38.612272,48.667806]]]}},{"type":"Feature","properties":{"cadnum":"4423881100:02:003:0017"},"geometry":{"type":"Polygon","coordinates":[[[38.556541,48.654854],[38.556433,48.654821],[38.556433,48.65482118987342],[38.556383,48.654806],[38.556316,48.654911],[38.556433,48.65494694117647],[38.556433,48.654947],[38.556469,48.654958],[38.556541,48.654854]]]}},{"type":"Feature","properties":{"cadnum":"4423881100:09:005:0065"},"geometry":{"type":"Polygon","coordinates":[[[38.419553,48.643388],[38.420046,48.643613],[38.42064302479339,48.643742],[38.420641,48.643742],[38.424597,48.644596081899685],[38.424597,48.644597],[38.427247,48.645168],[38.42762,48.644851],[38.424597,48.6442],[38.424597,48.64420014976056],[38.42299536565657,48.643855],[38.422998,48.643855],[38.41917059256208,48.643030348012225],[38.418874,48.642966],[38.419275,48.643216],[38.419275,48.643215256124726],[38.419553,48.643388]],[[38.419987,48.643316],[38.419961,48.643316],[38.419961,48.643299],[38.419987,48.643299],[38.419987,48.643316]]]}},{"type":"Feature","properties":{"cadnum":"4423881100:09:005:0064"},"geometry":{"type":"Polygon","coordinates":[[[38.42247353992849,48.643742],[38.422471,48.643742],[38.424768,48.644237],[38.424768,48.64423682467747],[38.42762,48.644851],[38.427937,48.644578],[38.424597,48.643858],[38.424597,48.643858098730604],[38.42458264052289,48.643855],[38.424585,48.643855],[38.419104,48.642673],[38.419104,48.642673051785714],[38.418155,48.642468],[38.418358,48.642643],[38.418874,48.642966],[38.419104,48.64301590024938],[38.419104,48.643016],[38.41917059256208,48.643030348012225],[38.419275,48.643053],[38.419275,48.64305284360555],[38.42247353992849,48.643742]],[[38.419979,48.642934],[38.419953,48.642934],[38.419953,48.642916],[38.419979,48.642916],[38.419979,48.642934]]]}},{"type":"Feature","properties":{"cadnum":"4423881100:09:005:0066"},"geometry":{"type":"Polygon","coordinates":[[[38.420046,48.643613],[38.420327035714294,48.643742],[38.420325,48.643742],[38.420473,48.643809],[38.420549,48.643855],[38.42054935714287,48.643855],[38.421542,48.644453],[38.424768,48.645151],[38.424768,48.645149913284136],[38.426765,48.645581],[38.427247,48.645168],[38.424768,48.64463384566037],[38.424768,48.644633],[38.421164401795735,48.643855],[38.421166,48.643855],[38.420046,48.643613]]]}},{"type":"Feature","properties":{"cadnum":"4423881100:09:002:0032"},"geometry":{"type":"Polygon","coordinates":[[[38.487892,48.665297],[38.48767899386503,48.665514],[38.487678,48.665514],[38.487572,48.665623],[38.487583,48.665628],[38.48758485714286,48.665628],[38.490515,48.666767500000006],[38.490515,48.666768],[38.496098,48.668937],[38.496021,48.667632],[38.496008,48.667597],[38.496008,48.667598350000006],[38.495761,48.666959],[38.495716,48.66679],[38.492434,48.665514],[38.49243204651164,48.665514],[38.490515,48.664768],[38.490515,48.66476846404239],[38.489365,48.664321],[38.487892,48.665297]]]}},{"type":"Feature","properties":{"cadnum":"4423881100:08:001:0029"},"geometry":{"type":"Polygon","coordinates":[[[38.50968,48.657874],[38.509338494969825,48.658258],[38.509338,48.658258],[38.507857,48.659925],[38.508212,48.660112],[38.51069,48.661209],[38.511998,48.661658],[38.512231,48.661827],[38.512487,48.66157757943925],[38.512487,48.661578],[38.514396,48.659717],[38.512659,48.65903912414877],[38.512659,48.659038],[38.510950453846164,48.658371],[38.510952,48.658371],[38.50968,48.657874]]]}},{"type":"Feature","properties":{"cadnum":"4423881100:08:001:0034"},"geometry":{"type":"Polygon","coordinates":[[[38.506495,48.660966],[38.50496968619246,48.661886],[38.504968,48.661886],[38.50491,48.661922],[38.50425,48.661957],[38.504378,48.662],[38.50438005038167,48.662],[38.506231,48.662612],[38.506994,48.662847020320854],[38.506994,48.662848],[38.509528,48.663627],[38.512367,48.664947],[38.512487,48.66501891780822],[38.512487,48.66502],[38.513508,48.665628],[38.513509389033935,48.665628],[38.514604,48.66628],[38.51523727415144,48.665628],[38.515238,48.665628],[38.51574,48.665113],[38.512659,48.663731143559794],[38.512659,48.663731],[38.508546,48.661886],[38.50854496296297,48.661886],[38.507166,48.66126718559556],[38.507166,48.661267],[38.506495,48.660966]]]}},{"type":"Feature","properties":{"cadnum":"4423881100:08:001:0024"},"geometry":{"type":"Polygon","coordinates":[[[38.499138,48.656768],[38.499107,48.6568],[38.501501,48.65733459158223],[38.501501,48.657335],[38.505642027027,48.658258],[38.505641,48.658258],[38.506994,48.65855965245901],[38.506994,48.65856],[38.508661,48.658931],[38.50919220246509,48.65833615930282],[38.509667,48.657806],[38.507166,48.657249286569396],[38.507166,48.657249],[38.501501,48.655985],[38.501501,48.65598563437926],[38.500207,48.655697],[38.499138,48.656768]]]}},{"type":"Feature","properties":{"cadnum":"4423881100:09:005:0078"},"geometry":{"type":"Polygon","coordinates":[[[38.446569,48.657564636752134],[38.446569,48.657565],[38.45004517741933,48.658258],[38.450043,48.658258],[38.452063,48.65866089365587],[38.452063,48.658661],[38.452835,48.658815],[38.453266,48.658258],[38.453265554759476,48.658258],[38.453935,48.657394],[38.452063,48.656959],[38.452063,48.656959140914246],[38.449587,48.656382],[38.44956,48.656246],[38.447378,48.655635],[38.447009,48.655738],[38.446569,48.65635],[38.446569,48.65635007264958],[38.445805,48.657412],[38.446569,48.657564636752134]]]}},{"type":"Feature","properties":{"cadnum":"4423881100:09:005:0029"},"geometry":{"type":"Polygon","coordinates":[[[38.445805,48.657412],[38.44519410284464,48.658258],[38.445193,48.658258],[38.445145,48.658326],[38.443654,48.658168],[38.44360877832513,48.658258],[38.443608,48.658258],[38.443411,48.658655],[38.446569,48.659286599999994],[38.446569,48.659287],[38.451676,48.660308],[38.452063,48.65980933870967],[38.452063,48.659811],[38.452835,48.658815],[38.452234,48.65869511139896],[38.452234,48.658695],[38.45060955148744,48.658371],[38.450612,48.658371],[38.446741,48.65759928938907],[38.446741,48.657599],[38.445805,48.657412]]]}},{"type":"Feature","properties":{"cadnum":"4423881100:09:005:0080"},"geometry":{"type":"Polygon","coordinates":[[[38.446741,48.66091039151874],[38.450625,48.661687],[38.451663,48.660325],[38.451676,48.660308],[38.446741,48.6593213865283],[38.446741,48.659321],[38.443411,48.658655],[38.442702,48.660103],[38.446741,48.660911],[38.446741,48.66091039151874]]]}},{"type":"Feature","properties":{"cadnum":"4423881100:02:006:0066"},"geometry":{"type":"Polygon","coordinates":[[[38.518152,48.66827787308161],[38.522086,48.668459],[38.522809,48.66657],[38.517981,48.666346],[38.517981,48.66634608034026],[38.516036,48.666256],[38.515038,48.667264],[38.515762,48.668166],[38.517981,48.66826998661088],[38.517981,48.66827],[38.51799731801127,48.66827075130429],[38.518152,48.668278],[38.518152,48.66827787308161]]]}},{"type":"Feature","properties":{"cadnum":"4423881100:02:006:0065"},"geometry":{"type":"Polygon","coordinates":[[[38.515892,48.668329],[38.516238,48.668448],[38.516243,48.668842],[38.516495808988765,48.669142],[38.516495,48.669142],[38.516543,48.669198],[38.516618,48.669255],[38.516618265193365,48.669255],[38.516782,48.669379],[38.517114,48.669851],[38.5179,48.670622],[38.518152,48.670741],[38.518152,48.67074018329718],[38.520747,48.671957],[38.521824,48.669142],[38.521823439698494,48.669142],[38.522086,48.668459],[38.51799731801127,48.66827075130429],[38.515762,48.668166],[38.515892,48.668329]],[[38.521583,48.66969],[38.521475,48.669871],[38.521462,48.669598],[38.521583,48.66969]]]}},{"type":"Feature","properties":{"cadnum":"4423881100:09:005:0037"},"geometry":{"type":"Polygon","coordinates":[[[38.435012,48.646661],[38.4349,48.646631],[38.4339,48.647485],[38.43390049100359,48.647485],[38.431105,48.649872],[38.432417,48.650614],[38.432735,48.650768],[38.43304615294117,48.651],[38.433044,48.651],[38.433077,48.651023],[38.433236,48.651114],[38.43323823489932,48.651114],[38.433341,48.651172],[38.43340877906977,48.651114],[38.433409,48.651114],[38.435583,48.64925877919864],[38.435583,48.649259],[38.437268,48.647821],[38.436392,48.647371],[38.4363902495274,48.647371],[38.435755,48.647044423712344],[38.435755,48.647044],[38.435012,48.646661]]]}},{"type":"Feature","properties":{"cadnum":"4423881100:02:002:0037"},"geometry":{"type":"Polygon","coordinates":[[[38.590493,48.663811],[38.592793,48.664277],[38.593965,48.66452],[38.594418,48.664612],[38.594823,48.664683],[38.594885,48.66469253846154],[38.594885,48.664693],[38.59497900000036,48.66470700000005],[38.595057,48.664719],[38.595057,48.66471861702128],[38.595496,48.664784],[38.595659,48.664805],[38.596462,48.664891],[38.59759,48.664968],[38.600378,48.66515548571429],[38.600378,48.665156],[38.60046,48.665161],[38.60055,48.665152],[38.60055,48.66515174285714],[38.60081,48.665125],[38.601578,48.665163],[38.602076,48.665181],[38.602085,48.665128],[38.601582,48.66511],[38.600846,48.665075],[38.600483,48.664992],[38.597621,48.664787],[38.596498,48.66471],[38.59489,48.664505],[38.594885,48.664504],[38.594885,48.664504071005915],[38.594045,48.664348],[38.592873,48.664105],[38.590573,48.663639],[38.589392,48.663398],[38.589392,48.66339891497228],[38.588481,48.663212],[38.586351,48.662716],[38.586145,48.662669],[38.586055,48.662645],[38.585722,48.662559],[38.585629,48.66272],[38.585961,48.662806],[38.586046,48.66283],[38.586262,48.662885],[38.587286,48.663134],[38.588399,48.663384],[38.589563,48.663622],[38.589563,48.66362179019074],[38.590493,48.663811]]]}},{"type":"Feature","properties":{"cadnum":"4423881100:02:001:0024"},"geometry":{"type":"Polygon","coordinates":[[[38.603056,48.665478],[38.60307,48.665309],[38.603078,48.665137],[38.603087,48.665007],[38.602795,48.664994],[38.602822,48.665176],[38.602225,48.665137],[38.602215,48.66519],[38.602827,48.665232],[38.602871,48.665466],[38.603056,48.665478]]]}},{"type":"Feature","properties":{"cadnum":"4423881100:09:005:0033"},"geometry":{"type":"Polygon","coordinates":[[[38.445936,48.6669],[38.443138,48.666389],[38.444027,48.667172],[38.44609630388862,48.669142],[38.446096,48.669142],[38.446741,48.669756],[38.446741,48.669755469168905],[38.447315,48.670301],[38.448069,48.669142],[38.44806853236152,48.669142],[38.449111,48.66754],[38.446741,48.66706264358773],[38.446741,48.667062],[38.445936,48.6669]]]}},{"type":"Feature","properties":{"cadnum":"4423881100:09:005:0032"},"geometry":{"type":"Polygon","coordinates":[[[38.45220640157476,48.66821848031502],[38.452234,48.668176],[38.452234,48.66817565517241],[38.452237,48.668171],[38.452145808970066,48.66815318106312],[38.449111,48.66754],[38.447995,48.669255],[38.447995486626404,48.669255],[38.447315,48.670301],[38.449502,48.672384],[38.451607,48.669142],[38.45160641334569,48.669142],[38.452063,48.66843920827389],[38.452063,48.668441],[38.45220640157476,48.66821848031502]]]}},{"type":"Feature","properties":{"cadnum":"4423881100:09:009:0022"},"geometry":{"type":"Polygon","coordinates":[[[38.459478,48.690287],[38.459024,48.691017],[38.45902490601504,48.691017],[38.45893,48.69117],[38.458719,48.691508],[38.458399,48.692368],[38.458346,48.693231],[38.458368,48.693895],[38.458328,48.694082],[38.462496,48.694515],[38.462604,48.694061],[38.46281,48.693877],[38.462968,48.693086],[38.463049,48.69271936842105],[38.463049,48.692721],[38.463139,48.692312],[38.463129,48.691677],[38.463221,48.691479],[38.463221,48.69147772727273],[38.463382,48.691129],[38.463410549019564,48.69091488235327],[38.463449,48.690645],[38.463221,48.69062505],[38.463221,48.690625],[38.459478,48.690287]],[[38.462191,48.690948],[38.462217,48.690948],[38.462209,48.69101],[38.462181,48.691007],[38.462191,48.690948]],[[38.460781,48.690882],[38.460808,48.690882],[38.46080625396825,48.690904],[38.460805,48.690904],[38.460803,48.690945],[38.460776,48.690942],[38.460781,48.690882]],[[38.459258,48.690812],[38.459284,48.690812],[38.459276,48.690874],[38.459248,48.690871],[38.459258,48.690812]],[[38.459946,48.693005],[38.460363,48.692739],[38.461028,48.692792],[38.461202,48.693234],[38.461001,48.693587],[38.460013,48.693482],[38.459946,48.693005]]]}},{"type":"Feature","properties":{"cadnum":"4423881100:09:004:0013"},"geometry":{"type":"Polygon","coordinates":[[[38.502367,48.675991],[38.501887,48.67605],[38.501541922437674,48.676397],[38.501541,48.676397],[38.501528,48.676411],[38.501569,48.67651],[38.50157061466165,48.67651],[38.501757,48.676943],[38.502799,48.677417],[38.503199,48.677971],[38.503176,48.678497],[38.503927,48.679108],[38.50425,48.679816],[38.504395146417444,48.680024],[38.504395,48.680024],[38.504434535980174,48.68008044665016],[38.504474,48.680137],[38.504474146694214,48.680137],[38.504734,48.680508],[38.50505,48.680593],[38.506098,48.680024],[38.506097750778814,48.680024],[38.506482,48.679816],[38.506136,48.679712],[38.505755,48.679457],[38.505409,48.67895],[38.504853,48.678526],[38.504501,48.677969],[38.504201,48.677453],[38.503782,48.677266],[38.503684,48.676815],[38.502809,48.676533],[38.502833,48.676397],[38.50283296333333,48.676397],[38.502866,48.67621],[38.502367,48.675991]]]}},{"type":"Feature","properties":{"cadnum":"4423881100:09:010:0001"},"geometry":{"type":"Polygon","coordinates":[[[38.40994,48.668899],[38.40993044382022,48.669142],[38.40993,48.669142],[38.40992757544759,48.669214938618424],[38.409926,48.669255],[38.409926243767316,48.669255],[38.409918,48.669503],[38.411333,48.670405],[38.412469,48.671328],[38.413782,48.671288],[38.413782,48.671287606271775],[38.414184,48.671275],[38.415475,48.671257],[38.416462,48.670862],[38.4174,48.670387],[38.417127,48.669655],[38.41687982651072,48.669255],[38.41688,48.669255],[38.416664,48.668905],[38.416324,48.668901],[38.413782,48.66890006337509],[38.413782,48.6689],[38.40994,48.668899]]]}},{"type":"Feature","properties":{"cadnum":"4423881100:09:010:0006"},"geometry":{"type":"Polygon","coordinates":[[[38.408494,48.663823],[38.408117,48.663889],[38.408117,48.66388976797261],[38.40566,48.664315],[38.405714,48.664493],[38.406033,48.665628],[38.40603409677419,48.665628],[38.406037,48.665638],[38.406293,48.666395],[38.406297,48.666745],[38.406523,48.668231],[38.406433,48.668685],[38.40753060175438,48.669142],[38.40753,48.669142],[38.40773881538522,48.66922869230795],[38.407802,48.669255],[38.40780218260869,48.669255],[38.407807,48.669257],[38.408289,48.669399],[38.408289,48.66939857953569],[38.40928,48.66969],[38.409513,48.669658],[38.409366,48.669462],[38.409362118749996,48.669255],[38.409363,48.669255],[38.409343,48.667661],[38.409001,48.665698],[38.40895522656262,48.665542031250396],[38.408678,48.66458],[38.408494,48.663823]]]}},{"type":"Feature","properties":{"cadnum":"4423881100:09:010:0012"},"geometry":{"type":"Polygon","coordinates":[[[38.408894,48.663235],[38.40901,48.663754],[38.40945610458911,48.665514],[38.409456,48.665514],[38.40963,48.666199],[38.41361,48.66620187572254],[38.41361,48.666202],[38.413782,48.666202],[38.415357,48.666202],[38.41531885737439,48.665628],[38.415319,48.665628],[38.415316,48.665585],[38.415315,48.665514],[38.41531486666666,48.665514],[38.415299,48.66452],[38.415438,48.664051],[38.415784,48.663716],[38.416395,48.663366],[38.416488,48.663241],[38.413782,48.66324005976373],[38.413782,48.66324],[38.408894,48.663235]],[[38.409311,48.664526],[38.40937,48.664508],[38.40942,48.664535],[38.409415,48.664576],[38.409356,48.664594],[38.409307,48.66457],[38.409311,48.664526]],[[38.409163,48.664125],[38.409221,48.664081],[38.409303,48.664108],[38.40933,48.664202],[38.409276,48.664253],[38.409194,48.66422],[38.409163,48.664125]],[[38.409635,48.665801],[38.409693,48.665784],[38.409743,48.665807],[38.409739,48.665852],[38.40968,48.665869],[38.40963,48.665846],[38.409635,48.665801]]]}},{"type":"Feature","properties":{"cadnum":"4423881100:09:004:0009"},"geometry":{"type":"Polygon","coordinates":[[[38.456830132499995,48.665514],[38.45683,48.665514],[38.456787,48.665585],[38.456944,48.665628],[38.45694676284584,48.665628],[38.457556,48.66579197553192],[38.457556,48.665792],[38.4577074166826,48.66583272917096],[38.457727,48.665838],[38.457727,48.66583799683545],[38.460084,48.666472],[38.46034,48.666075],[38.458254,48.665514],[38.45825321854306,48.665514],[38.457556,48.665326],[38.457556,48.66532687661406],[38.45703,48.665185],[38.456830132499995,48.665514]]]}},{"type":"Feature","properties":{"cadnum":"4423881100:09:004:0010"},"geometry":{"type":"Polygon","coordinates":[[[38.458922,48.662],[38.45892296907216,48.662],[38.458822,48.662177],[38.458454,48.662859],[38.458212,48.663215],[38.457727,48.66402382621951],[38.457727,48.664023],[38.45703,48.665185],[38.457727,48.665373],[38.457727,48.66537210892857],[38.458676,48.665628],[38.45867789304811,48.665628],[38.46034,48.666075],[38.460408,48.66597],[38.460643,48.665514],[38.46064294634146,48.665514],[38.460902,48.665013],[38.461194,48.664416],[38.460812,48.664259],[38.461229,48.663538],[38.461913,48.662248],[38.460267,48.661886],[38.460266615384626,48.661886],[38.459132,48.661636],[38.458922,48.662]]]}},{"type":"Feature","properties":{"cadnum":"4423881100:09:004:0007"},"geometry":{"type":"Polygon","coordinates":[[[38.463221,48.668433],[38.463221,48.668431513711155],[38.463596,48.667929],[38.463049,48.667755],[38.463049,48.66775529457798],[38.461432,48.667241],[38.460776,48.667101],[38.459837,48.666953],[38.459814,48.666946],[38.458088,48.669255],[38.45808869217392,48.669255],[38.457744,48.669717],[38.461374,48.670906],[38.46269,48.669142],[38.46268968126521,48.669142],[38.463221,48.668433]]]}},{"type":"Feature","properties":{"cadnum":"4423881100:09:004:0006"},"geometry":{"type":"Polygon","coordinates":[[[38.463412,48.66907],[38.464334,48.6688],[38.465114,48.668664],[38.465129,48.668415],[38.463596,48.667929],[38.463049,48.668662],[38.463049,48.66866251948052],[38.462605,48.669255],[38.4626056984127,48.669255],[38.461374,48.670906],[38.463049,48.67145465998917],[38.463049,48.671455],[38.465923,48.672396],[38.467487,48.670299],[38.46746,48.67029],[38.466934,48.669833],[38.465708,48.669453],[38.465093,48.66937],[38.463601,48.669293],[38.463485459459456,48.669255],[38.463486,48.669255],[38.463376,48.669219],[38.463412,48.66907]]]}},{"type":"Feature","properties":{"cadnum":"4423881100:09:010:0045"},"geometry":{"type":"Polygon","coordinates":[[[38.406531,48.6547],[38.40694,48.656097],[38.407488,48.657709],[38.407491,48.658371],[38.407491617486336,48.658371],[38.407492,48.658441],[38.4076,48.658764],[38.408289,48.658763],[38.408289,48.6587622892562],[38.408359,48.658762],[38.409334,48.658859],[38.410704,48.65899],[38.412159,48.659028],[38.41361,48.65915492644135],[38.41361,48.659155],[38.413668,48.65916],[38.413782,48.659171],[38.413782,48.659170817518245],[38.413942,48.659186],[38.414854,48.659281],[38.415613,48.659358],[38.415658,48.658531],[38.415357,48.658258],[38.4153568018018,48.658258],[38.415115,48.658038],[38.415142,48.657955],[38.414903,48.657878],[38.414661,48.657794],[38.41392,48.657551],[38.41375761904662,48.65747557142811],[38.413462,48.657337],[38.412716,48.656987],[38.412375,48.656792],[38.412123,48.656703],[38.41202,48.656684],[38.410955,48.656486],[38.410255,48.656275],[38.410246,48.656151],[38.410299,48.655964],[38.41034,48.655824],[38.410349,48.655721],[38.410035,48.655498],[38.409559,48.655162],[38.409177,48.655065],[38.408117,48.654898],[38.408117,48.65489874647888],[38.408005,48.654881],[38.406531,48.6547]],[[38.412142,48.658371],[38.411404,48.65821],[38.409989,48.657902],[38.409846,48.657258],[38.409617,48.656249],[38.411477,48.6568],[38.413448,48.657385],[38.413141653144024,48.658258],[38.413141,48.658258],[38.413039,48.658551],[38.413035,48.658566],[38.41214103896106,48.658371],[38.412142,48.658371]],[[38.414607,48.658052],[38.414598,48.658067],[38.414576,48.658061],[38.414584,48.658047],[38.414607,48.658052]],[[38.414315,48.658456],[38.414301,48.658471],[38.41428,48.658462],[38.414293,48.658447],[38.414315,48.658456]],[[38.414018,48.658863],[38.41401,48.658877],[38.413983,48.658868],[38.413997,48.658854],[38.414018,48.658863]]]}},{"type":"Feature","properties":{"cadnum":"4423881100:09:010:0008"},"geometry":{"type":"Polygon","coordinates":[[[38.402624,48.658139],[38.402624,48.65813967085261],[38.40193805363988,48.658258],[38.401937,48.658258],[38.40171128875442,48.65829711806682],[38.401283,48.658371],[38.401284989999965,48.658371],[38.397898,48.658958],[38.398042,48.659417],[38.398168,48.659527],[38.400567,48.65953],[38.40094,48.660774],[38.402624,48.66048184051724],[38.402624,48.660482],[38.407335,48.659664],[38.407156,48.658809],[38.406996,48.658258],[38.40699557805907,48.658258],[38.406756,48.657423],[38.402624,48.658139]]]}},{"type":"Feature","properties":{"cadnum":"4423881100:06:001:0002"},"geometry":{"type":"Polygon","coordinates":[[[38.461814,48.662004],[38.461728,48.662164],[38.462196,48.66225],[38.463049,48.662495664],[38.463049,48.662496],[38.463196,48.662538],[38.463221,48.662545],[38.463221,48.66254479377014],[38.464127,48.662791],[38.466129,48.663334],[38.466323,48.663387],[38.466336,48.663372],[38.466418,48.663396],[38.466386,48.663446],[38.466408,48.663473],[38.465932,48.664215],[38.46586,48.664413],[38.465991,48.664541],[38.466116,48.664629],[38.466592,48.664835],[38.46742,48.665179],[38.468444,48.665628],[38.468444939655164,48.665628],[38.468542,48.66567056710775],[38.468542,48.665671],[38.469552,48.666113],[38.469683,48.666128],[38.469705,48.666137],[38.469804,48.666018],[38.468656264840256,48.6655163013699],[38.468542,48.665466],[38.468542,48.66546671280277],[38.467558,48.665036],[38.467477,48.665016],[38.46746,48.665007],[38.466732,48.664689],[38.466278,48.664497],[38.466162,48.664434],[38.466135,48.66438],[38.466175,48.664271],[38.466695,48.663464],[38.466552,48.663292],[38.466238,48.663179],[38.464225,48.662633],[38.463292,48.662378],[38.46319018435659,48.66235202234612],[38.462236,48.662105],[38.461814,48.662004]],[[38.463229,48.66252],[38.463223,48.662535],[38.463196,48.662529],[38.463206,48.662515],[38.463221,48.662519],[38.463221,48.66251826086957],[38.463229,48.66252]],[[38.462734,48.662384],[38.462757,48.66239],[38.462747,48.662408],[38.462726,48.662402],[38.462734,48.662384]],[[38.468605,48.665499],[38.468623,48.665508],[38.4686174,48.665514],[38.468617,48.665514],[38.468616,48.665514],[38.468609,48.665523],[38.468592,48.665514],[38.468605,48.665499]],[[38.468047,48.665253],[38.46807,48.665262],[38.468057,48.665273],[38.468034,48.665264],[38.468047,48.665253]],[[38.465708,48.6632],[38.465735,48.663206],[38.465726,48.663221],[38.465699,48.663215],[38.465708,48.6632]],[[38.465083,48.663025],[38.465106,48.663031],[38.465097,48.663046],[38.465074,48.663043],[38.465083,48.663025]],[[38.464617,48.662898],[38.464638,48.662903],[38.46463,48.662921],[38.464607,48.662915],[38.464617,48.662898]],[[38.464108,48.662758],[38.464131,48.662764],[38.464122,48.662779],[38.4641,48.662773],[38.464108,48.662758]],[[38.463718,48.662651],[38.463741,48.662657],[38.463732,48.662672],[38.463709,48.662666],[38.463718,48.662651]],[[38.469777,48.666024],[38.469764,48.666039],[38.469741,48.66603],[38.469754,48.666016],[38.469777,48.666024]],[[38.469198,48.665766],[38.469184,48.665781],[38.469162,48.665769],[38.469175,48.665757],[38.469198,48.665766]]]}},{"type":"Feature","properties":{"cadnum":"4423881100:09:002:0007"},"geometry":{"type":"Polygon","coordinates":[[[38.48159,48.656251],[38.480884168486,48.658258],[38.480884,48.658258],[38.480849,48.658358],[38.485022,48.65900162569061],[38.485022,48.659002],[38.487542,48.659391],[38.487551,48.65937],[38.487938,48.658258],[38.48793764651774,48.658258],[38.488165,48.65761],[38.48516917683355,48.656946591497345],[38.485008,48.65691],[38.48159,48.656251]]]}},{"type":"Feature","properties":{"cadnum":"4423881100:09:009:0005"},"geometry":{"type":"Polygon","coordinates":[[[38.44338,48.675566],[38.442862385593216,48.676397],[38.442861,48.676397],[38.441076,48.679263],[38.441076,48.67926324791086],[38.44053,48.680137],[38.440531468131866,48.680137],[38.440034,48.680934],[38.440465,48.681053],[38.441076,48.68123091570881],[38.441076,48.681232],[38.441983,48.681495],[38.4429,48.680024],[38.442899549465245,48.680024],[38.445164,48.676397],[38.4451637985258,48.676397],[38.445348,48.676103],[38.44338,48.675566]]]}},{"type":"Feature","properties":{"cadnum":"4423881100:08:001:0020"},"geometry":{"type":"Polygon","coordinates":[[[38.490686,48.654883],[38.490201,48.654774],[38.488979,48.656002],[38.490515,48.65636372934974],[38.490515,48.656364],[38.496008,48.657652649073256],[38.496008,48.657654],[38.496951,48.657874],[38.497796,48.658118],[38.49793,48.657984],[38.499107,48.6568],[38.499138,48.656768],[38.496008,48.65607],[38.496008,48.65607062259488],[38.490686,48.65488315428067],[38.490686,48.654883]]]}},{"type":"Feature","properties":{"cadnum":"4423881100:08:001:0019"},"geometry":{"type":"Polygon","coordinates":[[[38.490686,48.65428710564854],[38.490686,48.654287],[38.4903455,48.654629],[38.490344,48.654629],[38.490201,48.654774],[38.490515,48.65484456907217],[38.490515,48.654845],[38.49618,48.656109],[38.49618,48.656108356549524],[38.499138,48.656768],[38.500207,48.655697],[38.500409,48.655492],[38.496542,48.654629],[38.4965401802575,48.654629],[38.496008,48.65451],[38.496008,48.65451061138246],[38.491471,48.653498],[38.490686,48.65428710564854]]]}},{"type":"Feature","properties":{"cadnum":"4423881100:08:001:0022"},"geometry":{"type":"Polygon","coordinates":[[[38.502333,48.653561],[38.501568,48.654329],[38.501501,48.654396],[38.501501,48.65439622039474],[38.50126898360656,48.654629],[38.501268,48.654629],[38.501264,48.654634],[38.501501,48.654687310513445],[38.501501,48.654688],[38.506994,48.65591265295675],[38.506994,48.655913],[38.510633,48.656723],[38.511602,48.655628],[38.507122,48.654629],[38.507121166975864,48.654629],[38.502333,48.653561]]]}},{"type":"Feature","properties":{"cadnum":"4423881100:08:001:0023"},"geometry":{"type":"Polygon","coordinates":[[[38.501673,48.654725],[38.501264,48.654634],[38.501155,48.654743],[38.50115538111888,48.654743],[38.500409,48.655492],[38.500207,48.655697],[38.501673,48.656024],[38.501673,48.65602337740512],[38.506994,48.65721062259488],[38.506994,48.657211],[38.509667,48.657806],[38.510633,48.656723],[38.507166,48.6559512852432],[38.507166,48.655951],[38.501673,48.65472634704325],[38.501673,48.654726],[38.501673,48.654725]]]}},{"type":"Feature","properties":{"cadnum":"4423881100:08:009:0048"},"geometry":{"type":"Polygon","coordinates":[[[38.431599,48.628844],[38.432244,48.629335],[38.43224447717842,48.629335],[38.432411,48.629462],[38.433346,48.630109],[38.435583,48.631617976753844],[38.435583,48.631618],[38.43561267854189,48.63163799652577],[38.435755,48.631734],[38.435755,48.63173388852459],[38.436193,48.632029],[38.437577,48.632965],[38.437577127128264,48.632965],[38.438713,48.633733],[38.440281,48.634795],[38.441076,48.63532856256463],[38.441076,48.635329],[38.44156,48.635653],[38.441583,48.635671],[38.441745,48.635632],[38.441682,48.635582],[38.441076,48.635175],[38.441076,48.635175051764705],[38.440398,48.634718],[38.43883,48.633656],[38.43780553233831,48.632965],[38.437807,48.632965],[38.43631,48.631955],[38.435755,48.63158092847318],[38.435755,48.63158],[38.433463,48.630032],[38.432533,48.62939],[38.432312,48.629221],[38.432311274647894,48.629221],[38.431715,48.628767],[38.431599,48.628844]]]}},{"type":"Feature","properties":{"cadnum":"4423881100:08:009:0055"},"geometry":{"type":"Polygon","coordinates":[[[38.43301,48.630019],[38.432254,48.630156],[38.431526,48.630305],[38.431375,48.630393],[38.431298,48.630984],[38.430862,48.631702],[38.430262,48.63220407253886],[38.430262,48.632204],[38.429735,48.632644],[38.428139,48.632965],[38.42813947692308,48.632965],[38.428055,48.632982],[38.427094,48.633961],[38.425589,48.63601],[38.430262,48.634912],[38.430262,48.63491158834951],[38.435583,48.633661411650486],[38.435583,48.633662],[38.437564,48.633196],[38.43720474127907,48.632965],[38.437205,48.632965],[38.436054,48.632225],[38.435635995782164,48.63191438115447],[38.433832,48.630571],[38.43301,48.630019]]]}},{"type":"Feature","properties":{"cadnum":"4423881100:02:003:0067"},"geometry":{"type":"Polygon","coordinates":[[[38.556604,48.66162981390233],[38.556604,48.661629],[38.55538550134769,48.661886],[38.555383,48.661886],[38.551066,48.662797],[38.551186,48.662876],[38.551645,48.66314],[38.553492,48.663882],[38.553865,48.664057],[38.554551,48.664158],[38.555463,48.663995],[38.556433,48.66379096844873],[38.556433,48.663791],[38.55647911220269,48.66378126912477],[38.556604,48.663755],[38.556604,48.66375491454824],[38.559698,48.663102],[38.55910586657706,48.6619590885043],[38.558706,48.661185],[38.556604,48.66162981390233]],[[38.55478,48.663938],[38.554838,48.663888],[38.554937,48.663894],[38.554978,48.663956],[38.55492,48.66401],[38.554821,48.664],[38.55478,48.663938]]]}},{"type":"Feature","properties":{"cadnum":"4423881100:01:007:0003"},"geometry":{"type":"Polygon","coordinates":[[[38.607781,48.657887],[38.607749,48.657596],[38.606712,48.657546],[38.606721,48.657839],[38.607058,48.657854],[38.607781,48.657887]]]}},{"type":"Feature","properties":{"cadnum":"4423881100:01:007:0023"},"geometry":{"type":"Polygon","coordinates":[[[38.60805,48.657335],[38.60907,48.657264],[38.60906,48.657142],[38.608993,48.656922],[38.607997,48.657106],[38.608024,48.657227],[38.60805,48.657335]]]}},{"type":"Feature","properties":{"cadnum":"4423881100:09:009:0021"},"geometry":{"type":"Polygon","coordinates":[[[38.463745,48.688475],[38.463049,48.688412],[38.463049,48.68841237274316],[38.459787,48.688116],[38.459829,48.68817],[38.459716,48.689009],[38.459047,48.6894],[38.458535,48.689816],[38.457789,48.69021],[38.457570462066776,48.690346000001355],[38.457259,48.690539],[38.45673,48.690874],[38.45668153846154,48.690904],[38.456681,48.690904],[38.45660910810869,48.69094883783748],[38.456499,48.691017],[38.456499818565405,48.691017],[38.455921,48.691378],[38.455135,48.692166],[38.454811,48.692377],[38.454349,48.692715],[38.453984,48.693027],[38.455242,48.693451],[38.455975,48.693649],[38.456554,48.693821],[38.456644,48.69391],[38.457727,48.694021],[38.457727,48.6940201],[38.457986,48.694046],[38.457919,48.6934],[38.458135,48.691793],[38.458517,48.691363],[38.458849,48.691132],[38.45893,48.69117],[38.459024,48.691019],[38.459094,48.690904],[38.45909373002755,48.690904],[38.459248,48.690654],[38.459478,48.690287],[38.463049,48.69060946807374],[38.463049,48.69061],[38.463449,48.690645],[38.46361,48.68948],[38.463745,48.688475]],[[38.457852,48.690805],[38.457825,48.690805],[38.457829,48.690743],[38.457856,48.690746],[38.457852,48.690805]]]}},{"type":"Feature","properties":{"cadnum":"4423881100:09:004:0015"},"geometry":{"type":"Polygon","coordinates":[[[38.506994,48.67606231277533],[38.50640845857418,48.676397],[38.506407,48.676397],[38.506258,48.676483],[38.50621,48.67651],[38.506210962894244,48.67651],[38.505319,48.677022],[38.505162,48.677304],[38.505162,48.677669],[38.505149,48.677903],[38.505369,48.678138],[38.505589,48.678297],[38.505956,48.67847],[38.506285,48.678526],[38.506662,48.67847],[38.506958,48.678475],[38.506994,48.6784856744186],[38.506994,48.678487],[38.50713,48.678526],[38.507166,48.678642],[38.507166,48.67864149999999],[38.507178,48.67868],[38.507166,48.678699054054064],[38.507166,48.678699],[38.50703,48.678915],[38.507044,48.679158],[38.507166,48.679385],[38.507166,48.67938470149252],[38.507178,48.679407],[38.50710877524435,48.67944537459281],[38.506617,48.679715],[38.506482,48.679816],[38.506837,48.679917],[38.506664611111106,48.680024],[38.506664,48.680024],[38.506518,48.680115],[38.506497,48.680137],[38.5064974356261,48.680137],[38.505988,48.680682],[38.506163,48.680908],[38.506432,48.681103],[38.506558,48.681157],[38.506671,48.681249],[38.506887,48.681418],[38.506994,48.68150262091503],[38.506994,48.681504],[38.50704,48.681539],[38.507166,48.68155],[38.507166,48.68154927173913],[38.507224,48.681554],[38.507371,48.681649],[38.507776,48.682014],[38.507874,48.68213],[38.507942,48.68217],[38.508172,48.68231],[38.508359,48.682521],[38.508508,48.682553],[38.508925,48.682788],[38.509061,48.682871],[38.509442,48.682717],[38.509841,48.682968],[38.510237,48.682708],[38.5107,48.682963],[38.510853,48.682904],[38.511356,48.683113],[38.511935,48.682906],[38.511975,48.6821],[38.512002,48.681427],[38.511962,48.681403],[38.511482,48.680996],[38.511275,48.680822],[38.51045970108696,48.680137],[38.51046,48.680137],[38.510399,48.680086],[38.510326,48.680024],[38.51032560393873,48.680024],[38.509317,48.679172],[38.508319,48.678334],[38.507354,48.677521],[38.507426,48.676758],[38.507427,48.676397],[38.50742664849354,48.676397],[38.50743,48.675813],[38.506994,48.676062],[38.506994,48.67606231277533]],[[38.506914,48.681302],[38.506819,48.681332],[38.50677,48.68126],[38.50686,48.681231],[38.506914,48.681302]],[[38.511711,48.682002],[38.511616,48.682031],[38.511567,48.681961],[38.511656,48.68193],[38.511711,48.682002]],[[38.511567,48.681559],[38.511553,48.681578],[38.511531,48.681569],[38.511545,48.681554],[38.511567,48.681559]],[[38.511342,48.681842],[38.511333,48.681856],[38.511311,48.681851],[38.511319,48.681836],[38.511342,48.681842]],[[38.511199,48.680972],[38.511189,48.680987],[38.511166,48.680979],[38.511176,48.680964],[38.511199,48.680972]],[[38.510912,48.681688],[38.510902,48.681702],[38.510875,48.681697],[38.510889,48.681678],[38.510912,48.681688]],[[38.510664,48.681978],[38.51065,48.681992],[38.510629,48.681984],[38.510642,48.681969],[38.510664,48.681978]],[[38.51061,48.681062],[38.5106,48.681077],[38.510579,48.681071],[38.510587,48.681053],[38.51061,48.681062]],[[38.510277,48.681803],[38.510264,48.681821],[38.510242,48.681812],[38.510256,48.681797],[38.510277,48.681803]],[[38.510273,48.68239],[38.510179,48.68242],[38.51013,48.682348],[38.51022,48.682319],[38.510273,48.68239]],[[38.509981,48.681183],[38.509973,48.681198],[38.50995,48.681192],[38.509959,48.681177],[38.509981,48.681183]],[[38.50986,48.681922],[38.509765,48.681952],[38.509717,48.681884],[38.509807,48.681853],[38.50986,48.681922]],[[38.509851,48.682179],[38.509761,48.682209],[38.509711,48.682141],[38.509801,48.682111],[38.509851,48.682179]],[[38.509428,48.681281],[38.509415,48.681296],[38.509393,48.68129],[38.509407,48.681275],[38.509428,48.681281]],[[38.509025,48.682275],[38.509011,48.682289],[38.508988,48.682284],[38.509002,48.682269],[38.509025,48.682275]],[[38.508935,48.681376],[38.508845,48.681405],[38.508795,48.681335],[38.508885,48.681304],[38.508935,48.681376]],[[38.508935,48.68204],[38.508925,48.682055],[38.508903,48.682049],[38.508912,48.682031],[38.508935,48.68204]],[[38.508423,48.682379],[38.508409,48.682394],[38.508386,48.682387],[38.508396,48.682372],[38.508423,48.682379]],[[38.508409,48.682139],[38.5084,48.682153],[38.508378,48.682147],[38.508386,48.682132],[38.508409,48.682139]],[[38.508306,48.681269],[38.508296,48.681284],[38.508275,48.681278],[38.508283,48.68126],[38.508306,48.681269]],[[38.507744,48.68118],[38.507731,48.681196],[38.507709,48.681189],[38.507722,48.681172],[38.507744,48.68118]],[[38.507354,48.68113],[38.50726,48.681159],[38.50721,48.681091],[38.5073,48.681062],[38.507354,48.68113]]]}},{"type":"Feature","properties":{"cadnum":"4423881100:02:006:0069"},"geometry":{"type":"Polygon","coordinates":[[[38.522351,48.668907],[38.5222145483871,48.669142],[38.522214,48.669142],[38.522189,48.669186],[38.522161,48.669255],[38.52216217682119,48.669255],[38.521602,48.670696],[38.523645,48.671029],[38.523645,48.67102881213977],[38.528967,48.67189440399856],[38.528967,48.671895],[38.529026,48.671904],[38.529139,48.671601],[38.529139,48.67159979521674],[38.529695,48.670103],[38.52898924315654,48.669988605346795],[38.52448569804822,48.669255],[38.524489,48.669255],[38.52408112798566,48.66918909752675],[38.523792,48.669142],[38.52378964024391,48.669142],[38.523645,48.66911862955665],[38.523645,48.669118],[38.522351,48.668907]],[[38.522319,48.669169],[38.522328,48.66913],[38.522387,48.669112],[38.522422,48.669133],[38.522436,48.669139],[38.522435414634145,48.669142],[38.522434,48.669142],[38.522428,48.66918],[38.522369,48.669198],[38.522315,48.669169],[38.522319,48.669169]],[[38.528896,48.670076],[38.528886,48.670094],[38.528797,48.670079],[38.528806,48.670061],[38.528896,48.670076]],[[38.528477,48.671185],[38.528468,48.671203],[38.528378,48.671188],[38.528388,48.67117],[38.528477,48.671185]],[[38.528271,48.670717],[38.528261,48.670735],[38.528172,48.670719],[38.528181,48.670702],[38.528271,48.670717]],[[38.525051,48.670183],[38.525037,48.670198],[38.524961,48.670165],[38.524974,48.67015],[38.525051,48.670183]],[[38.529322,48.670471],[38.529317,48.670491],[38.529286,48.670486],[38.529295,48.670468],[38.529322,48.670471]]]}},{"type":"Feature","properties":{"cadnum":"4423881100:09:002:0003"},"geometry":{"type":"Polygon","coordinates":[[[38.48159,48.656251],[38.48031,48.656005],[38.479924,48.656771],[38.480098,48.657801],[38.479632,48.658171],[38.48019819786093,48.658258],[38.480196,48.658258],[38.480849,48.658358],[38.48159,48.656251]]]}},{"type":"Feature","properties":{"cadnum":"4423881100:08:008:0012"},"geometry":{"type":"Polygon","coordinates":[[[38.426106,48.640313],[38.426128,48.640307],[38.426119,48.640293],[38.426096,48.640298],[38.426106,48.640313]]]}},{"type":"Feature","properties":{"cadnum":"4423881100:09:005:0062"},"geometry":{"type":"Polygon","coordinates":[[[38.456451,48.664704],[38.453567,48.664128],[38.45250162799999,48.665514],[38.452501,48.665514],[38.452234,48.66586268493151],[38.452234,48.665862],[38.450912,48.667582],[38.452234,48.667843],[38.452234,48.66784267067928],[38.454389,48.668267],[38.45591507628043,48.665628],[38.455916,48.665628],[38.456451,48.664704]]]}},{"type":"Feature","properties":{"cadnum":"4423881100:09:010:0039"},"geometry":{"type":"Polygon","coordinates":[[[38.413448,48.657385],[38.411477,48.6568],[38.411404,48.65821],[38.41162402484471,48.658258],[38.411623,48.658258],[38.413035,48.658566],[38.413142,48.658258],[38.413141653144024,48.658258],[38.413448,48.657385]]]}},{"type":"Feature","properties":{"cadnum":"4423881100:09:010:0046"},"geometry":{"type":"Polygon","coordinates":[[[38.413637,48.659388],[38.413664,48.659352],[38.413637,48.659343],[38.413614,48.659382],[38.413637,48.659388]]]}},{"type":"Feature","properties":{"cadnum":"4423881100:09:010:0013"},"geometry":{"type":"Polygon","coordinates":[[[38.415968,48.661307],[38.415945,48.661266],[38.41361,48.661264],[38.41361,48.66126484164979],[38.408351,48.66126],[38.408510883783784,48.661886],[38.40851,48.661886],[38.40871,48.662666],[38.408876,48.66314],[38.408894,48.663235],[38.41361,48.66323982405892],[38.41361,48.66324],[38.416488,48.663241],[38.416494,48.663233],[38.416295,48.66212],[38.41622256704981,48.66194158620689],[38.415968,48.661307]],[[38.408714,48.662],[38.408715571428566,48.662],[38.408777,48.662025],[38.408791,48.662147],[38.408737,48.662197],[38.40866,48.662159],[38.408628,48.662037],[38.408677595744685,48.662],[38.408678,48.662],[38.408691,48.66199],[38.408714,48.662]],[[38.408552,48.66166],[38.408588,48.661634],[38.408642,48.661645],[38.408674,48.661752],[38.408638,48.661785],[38.408588,48.661767],[38.408552,48.66166]]]}},{"type":"Feature","properties":{"cadnum":"4423881100:08:009:0015"},"geometry":{"type":"Polygon","coordinates":[[[38.441485,48.63584],[38.441503,48.63576],[38.441292,48.635594],[38.441226260869975,48.63555200000026],[38.440748,48.635244],[38.435755,48.636417572507256],[38.435755,48.636417],[38.435479385474856,48.636482],[38.435479,48.636482],[38.43009,48.637748],[38.43009,48.63774934231379],[38.428369,48.638153],[38.428841,48.638232],[38.429344,48.638547],[38.430262,48.638418],[38.430262,48.638416674285715],[38.43079,48.638342],[38.432088,48.638096],[38.435755,48.637237],[38.435755,48.63723665937202],[38.437685,48.636784],[38.43848182119207,48.636596],[38.438485,48.636596],[38.441248,48.635945],[38.441248,48.63594446127946],[38.441373,48.635915],[38.441485,48.63584]]]}},{"type":"Feature","properties":{"cadnum":"4423881100:08:009:0013"},"geometry":{"type":"Polygon","coordinates":[[[38.437564,48.633196],[38.435755,48.63362153962645],[38.435755,48.633621],[38.43009,48.634952],[38.43009,48.63495241429489],[38.425589,48.63601],[38.425522,48.636102],[38.425609,48.636596],[38.42560944303798,48.636596],[38.425674,48.636956],[38.425612,48.63728],[38.425486,48.637497],[38.42931902266011,48.636596],[38.429321,48.636596],[38.43009,48.63641539532412],[38.43009,48.636416],[38.435755,48.635084],[38.435755,48.63508358212229],[38.43923,48.634267],[38.437564,48.633196]]]}},{"type":"Feature","properties":{"cadnum":"4423881100:02:003:0066"},"geometry":{"type":"Polygon","coordinates":[[[38.55867,48.661115],[38.557916,48.659631],[38.556604,48.65990790896831],[38.556604,48.659907],[38.551056042908336,48.66107555805267],[38.549404,48.661423],[38.549565,48.661592],[38.549911,48.661773],[38.550146,48.662],[38.55014630813953,48.662],[38.550742,48.662574],[38.55094,48.66271027777778],[38.55094,48.662711],[38.551066,48.662797],[38.551111,48.662788],[38.551111,48.662787503822095],[38.554842782656436,48.662],[38.554845,48.662],[38.556433,48.66166506651506],[38.556433,48.661666],[38.558706,48.661185],[38.55867,48.661115]]]}},{"type":"Feature","properties":{"cadnum":"4423881100:01:007:0029"},"geometry":{"type":"Polygon","coordinates":[[[38.606829,48.651027],[38.606469,48.651023],[38.605961,48.651021],[38.605965,48.651114],[38.60596515178572,48.651114],[38.605966,48.651133],[38.605993,48.65127],[38.606473,48.651276],[38.606842,48.651285],[38.607206,48.651285],[38.607169,48.651038],[38.606829,48.651027]]]}},{"type":"Feature","properties":{"cadnum":"4423881100:01:007:0032"},"geometry":{"type":"Polygon","coordinates":[[[38.608616,48.650979],[38.609232,48.650869],[38.60906,48.650407],[38.608517,48.65046],[38.608616,48.650979]]]}},{"type":"Feature","properties":{"cadnum":"4423881100:01:007:0026"},"geometry":{"type":"Polygon","coordinates":[[[38.606043,48.6477569712827],[38.607511,48.64789],[38.607444,48.647772],[38.606829,48.647715],[38.606043,48.64765264509394],[38.606043,48.647652],[38.605823,48.647634],[38.605827,48.647647],[38.605818,48.647647],[38.605818,48.647671],[38.605831,48.647671],[38.605858,48.647757],[38.605871,48.647755639534886],[38.605871,48.647756],[38.605944,48.647748],[38.606043,48.647757],[38.606043,48.6477569712827]]]}},{"type":"Feature","properties":{"cadnum":"4423881100:01:007:0030"},"geometry":{"type":"Polygon","coordinates":[[[38.607175,48.651038],[38.607169,48.651038],[38.60718,48.651114],[38.60718038461538,48.651114],[38.607206,48.651285],[38.607273,48.651285],[38.607947,48.651305],[38.607907,48.651047],[38.607175,48.651038]]]}},{"type":"Feature","properties":{"cadnum":"4423881100:01:007:0031"},"geometry":{"type":"Polygon","coordinates":[[[38.60903,48.650911],[38.608567347107424,48.651],[38.608565,48.651],[38.608401,48.651032],[38.607997,48.651077],[38.608001,48.651114],[38.60800214349776,48.651114],[38.608028,48.6513],[38.608433,48.65132],[38.608441,48.651777],[38.608787,48.651775],[38.608661,48.651335],[38.608953,48.651317],[38.60899078233439,48.651114],[38.608991,48.651114],[38.60903,48.650911]]]}},{"type":"Feature","properties":{"cadnum":"4423881100:02:006:0070"},"geometry":{"type":"Polygon","coordinates":[[[38.522589,48.668068],[38.52254,48.668578],[38.522351,48.668907],[38.523474,48.66909011669242],[38.523474,48.669091],[38.5240811279864,48.66918909752687],[38.528967,48.669984982046],[38.528967,48.669985],[38.52898924315654,48.669988605346795],[38.529139,48.670013],[38.529139,48.670012879120875],[38.529695,48.670103],[38.530051,48.669142],[38.53004999241604,48.669142],[38.530351,48.668332],[38.528967,48.668107],[38.528967,48.66810700635481],[38.523474,48.667213],[38.523474,48.66721303156384],[38.522948,48.667127],[38.522589,48.668068]],[[38.526191,48.668747],[38.526267,48.66878],[38.526254,48.668795],[38.526177,48.668762],[38.526191,48.668747]],[[38.529986,48.668611],[38.530014,48.668617],[38.530009,48.668635],[38.529978,48.668631],[38.529986,48.668611]],[[38.529246,48.66889],[38.529336,48.668905],[38.52933,48.668922],[38.52924,48.668907],[38.529246,48.66889]],[[38.528751,48.669406],[38.528747,48.66942],[38.528657,48.669406],[38.528666,48.669388],[38.528751,48.669406]]]}},{"type":"Feature","properties":{"cadnum":"4423881100:09:010:0003"},"geometry":{"type":"Polygon","coordinates":[[[38.41401,48.658877],[38.414018,48.658863],[38.413997,48.658854],[38.413983,48.658868],[38.41401,48.658877]]]}},{"type":"Feature","properties":{"cadnum":"4423881100:09:010:0002"},"geometry":{"type":"Polygon","coordinates":[[[38.413762,48.659213],[38.413777,48.659198],[38.413754,48.659189],[38.413741,48.659204],[38.413762,48.659213]]]}},{"type":"Feature","properties":{"cadnum":"4423881100:09:010:0004"},"geometry":{"type":"Polygon","coordinates":[[[38.414301,48.658471],[38.414315,48.658456],[38.414293,48.658447],[38.41428,48.658462],[38.414301,48.658471]]]}},{"type":"Feature","properties":{"cadnum":"4423881100:09:010:0023"},"geometry":{"type":"Polygon","coordinates":[[[38.435755,48.66079217156105],[38.435755,48.660792],[38.434945,48.661153],[38.435583,48.6617650074074],[38.435583,48.661766],[38.435826,48.662],[38.435826752538745,48.662],[38.439606,48.665628],[38.43960701098901,48.665628],[38.439773,48.665787],[38.441076,48.665936292881355],[38.441076,48.665937],[38.441872,48.666027],[38.441335,48.665514],[38.4413342762431,48.665514],[38.441248,48.66543115649868],[38.441248,48.66543],[38.439279,48.663544],[38.439036,48.663393],[38.438839,48.663129],[38.43812,48.662505],[38.437585,48.661907],[38.437564,48.661886],[38.437563556895256,48.661886],[38.43623,48.66058],[38.435755,48.66079217156105]]]}},{"type":"Feature","properties":{"cadnum":"4423881100:09:005:0083"},"geometry":{"type":"Polygon","coordinates":[[[38.441512,48.664802],[38.442255031477,48.665514],[38.442255,48.665514],[38.44226848547791,48.66552689211688],[38.442374,48.665628],[38.442374246861924,48.665628],[38.442755,48.665992],[38.446569,48.66675384050315],[38.446569,48.666754],[38.44673,48.666786],[38.446741,48.666773],[38.446741,48.66677151046699],[38.447351,48.665968],[38.446741,48.66584631202046],[38.446741,48.665846],[38.445079,48.665514],[38.44507630992738,48.665514],[38.441512,48.664802]]]}},{"type":"Feature","properties":{"cadnum":"4423881100:09:005:0069"},"geometry":{"type":"Polygon","coordinates":[[[38.485079,48.692558],[38.485193,48.692511],[38.485193,48.692510444444444],[38.485592,48.692344],[38.486481,48.69193],[38.485785,48.691407],[38.48503548558072,48.69174099069798],[38.484079,48.692166],[38.48441,48.692605],[38.485022,48.6925620044843],[38.485022,48.692563],[38.485079,48.692558]]]}},{"type":"Feature","properties":{"cadnum":"4423881100:08:009:0006"},"geometry":{"type":"Polygon","coordinates":[[[38.449147,48.636122],[38.448442,48.63484],[38.446741,48.63525230859584],[38.446741,48.635252],[38.44165535267856,48.636482],[38.441653,48.636482],[38.441248,48.63658026689775],[38.441248,48.63658],[38.439558,48.636989],[38.440168,48.637678],[38.44064,48.638223],[38.441076,48.638141250000004],[38.441076,48.638142],[38.442334,48.637904],[38.446741,48.637067],[38.446741,48.637066329608935],[38.448896,48.636657],[38.448833,48.636482],[38.448832921875,48.636482],[38.448738,48.636212],[38.449147,48.636122]],[[38.448407,48.635354],[38.448411,48.635374],[38.448375,48.635377],[38.448375,48.635354],[38.448407,48.635354]],[[38.447719,48.635401],[38.447688,48.635401],[38.447683,48.63538],[38.447715,48.635377],[38.447719,48.635401]],[[38.447669,48.635244],[38.447638,48.635244],[38.447638,48.635226],[38.447665,48.635226],[38.447669,48.635244]],[[38.44586,48.635653],[38.445873,48.635668],[38.445847,48.635677],[38.445833,48.635662],[38.44586,48.635653]],[[38.445855,48.635823],[38.445868,48.63584],[38.445837,48.635849],[38.445824,48.635829],[38.445855,48.635823]],[[38.444314,48.636021],[38.444328,48.636039],[38.4443,48.636048],[38.444287,48.63603],[38.444314,48.636021]],[[38.444143,48.636232],[38.444157,48.636253],[38.44413,48.636259],[38.444117,48.636241],[38.444143,48.636232]],[[38.442769,48.63639],[38.442782,48.636408],[38.442755,48.636416],[38.442742,48.636399],[38.442769,48.63639]],[[38.442451,48.636663],[38.442419,48.636672],[38.442405,48.63665],[38.442437,48.636642],[38.442451,48.636663]],[[38.441237,48.636775],[38.44121,48.636784],[38.441197,48.636767],[38.441224,48.636758],[38.441237,48.636775]],[[38.44074,48.637072],[38.440711,48.637081],[38.440698,48.63706],[38.440726,48.637055],[38.44074,48.637072]]]}},{"type":"Feature","properties":{"cadnum":"4423881100:08:009:0040"},"geometry":{"type":"Polygon","coordinates":[[[38.44121,48.636784],[38.441237,48.636775],[38.441224,48.636758],[38.441197,48.636767],[38.44121,48.636784]]]}},{"type":"Feature","properties":{"cadnum":"4423881100:08:007:0019"},"geometry":{"type":"Polygon","coordinates":[[[38.442639,48.63801],[38.441248,48.63825206781829],[38.441248,48.638252],[38.440707,48.638346],[38.440209,48.637725],[38.435583,48.638528],[38.435583,48.63852882379783],[38.432906,48.638993],[38.430844,48.639141],[38.430262,48.639200435013265],[38.430262,48.6392],[38.429069,48.639321],[38.42762,48.639539],[38.427565,48.639743],[38.426559,48.63966],[38.426272,48.639732],[38.426551,48.6398],[38.429146,48.640034],[38.43009,48.64003061648746],[38.43009,48.640031],[38.430817,48.640029],[38.431904,48.639957],[38.432555,48.639886],[38.434316,48.639627],[38.435755,48.63938],[38.435755,48.63937936681377],[38.441248,48.638433],[38.441248,48.63843230140329],[38.442715,48.638179],[38.442639,48.63801]],[[38.43014,48.639376],[38.430148,48.639391],[38.430125,48.639396],[38.430117,48.639381],[38.43014,48.639376]],[[38.428499,48.639755],[38.428513,48.63977],[38.428486,48.639776],[38.428477,48.639761],[38.428499,48.639755]]]}},{"type":"Feature","properties":{"cadnum":"4423881100:07:001:0003"},"geometry":{"type":"Polygon","coordinates":[[[38.450042,48.65624],[38.450841,48.655376],[38.450518,48.655255],[38.449898,48.656094],[38.450042,48.65624]]]}},{"type":"Feature","properties":{"cadnum":"4423881100:07:001:0002"},"geometry":{"type":"Polygon","coordinates":[[[38.450815,48.654743],[38.45081560396039,48.654743],[38.450526,48.655243],[38.450518,48.655255],[38.450841,48.655376],[38.45085,48.655367],[38.451367,48.654819],[38.450877,48.654637],[38.450815,48.654743]]]}},{"type":"Feature","properties":{"cadnum":"4423881100:09:005:0021"},"geometry":{"type":"Polygon","coordinates":[[[38.457727,48.675936],[38.457727,48.675935681748854],[38.45916962798093,48.676397],[38.459169,48.676397],[38.461791,48.677236],[38.462011,48.676936],[38.46238293006975,48.67642589743615],[38.462483,48.67629],[38.457556,48.674714],[38.457556,48.674714267904506],[38.452072,48.672959],[38.45203,48.673019],[38.451447,48.673926],[38.452234,48.674179],[38.452234,48.674178705508474],[38.457727,48.675936]]]}},{"type":"Feature","properties":{"cadnum":"4423881100:09:005:0005"},"geometry":{"type":"Polygon","coordinates":[[[38.462483,48.67629],[38.46240420909091,48.676397],[38.462404,48.676397],[38.46238293006975,48.67642589743615],[38.462321,48.67651],[38.462321608534324,48.67651],[38.462011,48.676936],[38.463221,48.677328],[38.463221,48.67732759258605],[38.468714,48.679103],[38.468714,48.67910258702531],[38.47107,48.679864],[38.471395,48.678398],[38.468542,48.677478],[38.468542,48.67747847359455],[38.46554203166227,48.67651],[38.465543,48.67651],[38.463049,48.675705],[38.463049,48.675705298932385],[38.46294,48.67567],[38.462483,48.67629]]]}},{"type":"Feature","properties":{"cadnum":"4423881100:06:002:0001"},"geometry":{"type":"Polygon","coordinates":[[[38.472068,48.667175],[38.472221,48.667021],[38.472135,48.667009],[38.471915,48.666944],[38.470972,48.666531],[38.470869,48.666484],[38.469804,48.666018],[38.469705,48.666137],[38.470733,48.666608],[38.470833,48.666653],[38.471802,48.667086],[38.472058,48.667172],[38.472068,48.667175]],[[38.470473,48.666353],[38.47045,48.666344],[38.470464,48.66633],[38.470487,48.666339],[38.470473,48.666353]],[[38.471173,48.666671],[38.471156,48.666662],[38.471169,48.666647],[38.471188,48.666656],[38.471173,48.666671]],[[38.471884,48.666982],[38.471871,48.666973],[38.471865,48.666973],[38.471879,48.666959],[38.471902,48.666968],[38.471884,48.666982]]]}},{"type":"Feature","properties":{"cadnum":"4423881100:09:003:0008"},"geometry":{"type":"Polygon","coordinates":[[[38.457727,48.659398145728645],[38.458153,48.659969],[38.459195,48.661212],[38.459531,48.661464],[38.46074,48.661236],[38.459276,48.659723],[38.458212,48.658628],[38.457556,48.658906],[38.457556,48.658906140625],[38.457407,48.658969],[38.457727,48.6594],[38.457727,48.659398145728645]]]}},{"type":"Feature","properties":{"cadnum":"4423881100:09:005:0063"},"geometry":{"type":"Polygon","coordinates":[[[38.45528168906942,48.661886],[38.455281,48.661886],[38.453558,48.664128],[38.453567,48.664128],[38.456451,48.664704],[38.456801,48.664096],[38.457344,48.663378],[38.457556,48.663044224543086],[38.457556,48.663045],[38.458291,48.661886],[38.458290629032255,48.661886],[38.458692,48.661256],[38.457556,48.65968],[38.457556,48.65968074],[38.457277,48.659292],[38.45528168906942,48.661886]]]}},{"type":"Feature","properties":{"cadnum":"4423881100:01:002:0017"},"geometry":{"type":"Polygon","coordinates":[[[38.610574,48.676248],[38.609739,48.675474],[38.609129,48.675279],[38.608661,48.675039],[38.608433,48.675234],[38.608261,48.675486],[38.608324,48.675771],[38.609205,48.67651],[38.609205791601866,48.67651],[38.609838,48.67704],[38.610309,48.676815],[38.610607,48.676717],[38.610552,48.676578],[38.610668,48.676448],[38.610574,48.676248]]]}},{"type":"Feature","properties":{"cadnum":"4423881100:08:009:0028"},"geometry":{"type":"Polygon","coordinates":[[[38.460439,48.634772],[38.460466,48.634769],[38.460466,48.634751],[38.460435,48.634751],[38.460439,48.634772]]]}},{"type":"Feature","properties":{"cadnum":"4423881100:08:009:0051"},"geometry":{"type":"Polygon","coordinates":[[[38.456984,48.632712],[38.456613,48.632783],[38.456766543956036,48.632852],[38.456766,48.632852],[38.457047,48.632979],[38.457556,48.63317885735294],[38.457556,48.633179],[38.458279,48.633463],[38.460955,48.634766],[38.463221,48.635833],[38.463221,48.63583269980119],[38.463552,48.635988],[38.464847,48.636596],[38.46484948913043,48.636596],[38.466571,48.637402],[38.467527,48.637844],[38.467729,48.637695],[38.466741,48.637242],[38.465124,48.636482],[38.4651229533074,48.636482],[38.463728,48.635825],[38.463049,48.635507],[38.463049,48.635507184689],[38.461131,48.634606],[38.458441,48.633299],[38.45759403724927,48.632965],[38.457595,48.632965],[38.45721,48.632813],[38.456984,48.632712]]]}},{"type":"Feature","properties":{"cadnum":"4423881100:08:009:0007"},"geometry":{"type":"Polygon","coordinates":[[[38.45667199159664,48.632852],[38.456671,48.632852],[38.45654129007637,48.63288335782442],[38.456201,48.632965],[38.45620358168762,48.632965],[38.452234,48.633924660156254],[38.452234,48.633924],[38.448442,48.63484],[38.449147,48.636122],[38.44925,48.636098],[38.449767,48.636051],[38.452063,48.63549631171463],[38.452063,48.635497],[38.457556,48.634167391419496],[38.457556,48.634168],[38.458871,48.633849],[38.457556,48.633242],[38.457556,48.63324289566929],[38.45695527234042,48.632965],[38.456956,48.632965],[38.45684876271183,48.63291572881354],[38.456711,48.632852],[38.456710058823525,48.632852],[38.456697,48.632846],[38.45667199159664,48.632852]],[[38.454066,48.634989],[38.454066,48.635006],[38.454038,48.635009],[38.454038,48.634989],[38.454066,48.634989]],[[38.452466,48.635048],[38.452466,48.635066],[38.452439,48.635068],[38.452435,48.635048],[38.452466,48.635048]],[[38.45204,48.63524],[38.452009,48.63524],[38.452004,48.63522],[38.452036,48.635217],[38.45204,48.63524]],[[38.450864,48.635107],[38.450868,48.635125],[38.450841,48.635128],[38.450835,48.635107],[38.450864,48.635107]],[[38.450221,48.635286],[38.450225,48.635306],[38.450189,48.635309],[38.450189,48.635288],[38.450221,48.635286]],[[38.449264,48.635167],[38.449269,48.635185],[38.449237,48.635187],[38.449237,48.635167],[38.449264,48.635167]]]}},{"type":"Feature","properties":{"cadnum":"4423881100:08:009:0029"},"geometry":{"type":"Polygon","coordinates":[[[38.458841,48.634831],[38.458867,48.634828],[38.458867,48.634811],[38.458835,48.634811],[38.458841,48.634831]]]}},{"type":"Feature","properties":{"cadnum":"4423881100:08:009:0027"},"geometry":{"type":"Polygon","coordinates":[[[38.46215,48.634635],[38.462173,48.634632],[38.462173,48.634615],[38.462146,48.634617],[38.46215,48.634635]]]}},{"type":"Feature","properties":{"cadnum":"4423881100:09:001:0011"},"geometry":{"type":"Polygon","coordinates":[[[38.515204,48.679389],[38.514189,48.678692],[38.513179,48.677998],[38.513116,48.679033],[38.514822423007246,48.680024],[38.514821,48.680024],[38.515061,48.680163],[38.515086,48.680024],[38.5150859986631,48.680024],[38.515204,48.679389]]]}},{"type":"Feature","properties":{"cadnum":"4423881100:09:001:0007"},"geometry":{"type":"Polygon","coordinates":[[[38.512659,48.67588031400966],[38.512694,48.675905],[38.512919,48.67607],[38.513206,48.676254],[38.513528,48.67651],[38.5135281328125,48.67651],[38.513547,48.676525],[38.515178,48.677642],[38.515977,48.678206],[38.516426,48.678449],[38.517204,48.678754],[38.517344,48.678805],[38.517392,48.678767],[38.517424,48.67871],[38.517482,48.67866],[38.517474,48.678657],[38.517329,48.678606],[38.516575,48.678306],[38.516153,48.678081],[38.515367,48.677523],[38.513884849820144,48.67651],[38.513885,48.67651],[38.51374,48.676411],[38.513395,48.676138],[38.513107,48.675952],[38.512883,48.675789],[38.512644,48.675622],[38.512505,48.675534],[38.512487,48.675656],[38.512487,48.67565941935482],[38.512474,48.67575],[38.512659,48.675881],[38.512659,48.67588031400966]]]}},{"type":"Feature","properties":{"cadnum":"4423881100:09:001:0013"},"geometry":{"type":"Polygon","coordinates":[[[38.513438648648695,48.68008183783786],[38.51333,48.680024],[38.51332923566879,48.680024],[38.513246,48.67998],[38.513002,48.679851],[38.512986877622374,48.680024],[38.512986,48.680024],[38.512943,48.680531],[38.512925,48.680737],[38.51289,48.681248],[38.512867,48.681589],[38.51286,48.681691],[38.512835,48.682041],[38.512792,48.682657],[38.512914,48.682679],[38.513402,48.682553],[38.513452,48.682604],[38.513901,48.682498],[38.514352,48.682259],[38.514647,48.682044],[38.514731,48.681923],[38.51479,48.681842],[38.515033,48.681549],[38.51532,48.681203],[38.515396,48.681121],[38.515344,48.681094],[38.51517,48.681002],[38.514887,48.680851],[38.514221,48.680498],[38.513933,48.680345],[38.51354227102804,48.680137],[38.513543,48.680137],[38.513438648648695,48.68008183783786]],[[38.514702,48.681729],[38.514793,48.681699],[38.514845,48.681769],[38.514753,48.681799],[38.514702,48.681729]],[[38.514773,48.681147],[38.514783,48.681132],[38.514806,48.68114],[38.514795,48.681155],[38.514773,48.681147]],[[38.514609,48.680993],[38.51462,48.680978],[38.514643,48.680986],[38.514632,48.681001],[38.514609,48.680993]],[[38.514254,48.681256],[38.514264,48.681241],[38.514287,48.681248],[38.514276,48.681263],[38.514254,48.681256]],[[38.514003,48.681111],[38.514015,48.681096],[38.514038,48.681103],[38.514026,48.681119],[38.514003,48.681111]],[[38.513768,48.68047],[38.513779,48.680455],[38.513802,48.680462],[38.513791,48.680477],[38.513768,48.68047]],[[38.51376,48.681356],[38.513772,48.68134],[38.513795,48.681348],[38.513783,48.681363],[38.51376,48.681356]],[[38.513586,48.681182],[38.513677,48.681152],[38.513728,48.681222],[38.513637,48.681251],[38.513586,48.681182]],[[38.513418,48.681219],[38.513429,48.681204],[38.513452,48.681211],[38.513441,48.681227],[38.513418,48.681219]],[[38.513245,48.68146],[38.513256,48.681445],[38.513279,48.681453],[38.513268,48.681468],[38.513245,48.68146]],[[38.513154,48.680592],[38.513166,48.680577],[38.513189,48.680584],[38.513177,48.680599],[38.513154,48.680592]],[[38.513028,48.681846],[38.513119,48.681816],[38.51317,48.681886],[38.513079,48.681915],[38.513028,48.681846]]]}},{"type":"Feature","properties":{"cadnum":"4423881100:09:001:0012"},"geometry":{"type":"Polygon","coordinates":[[[38.515204,48.679389],[38.515308,48.67884],[38.515434,48.678621],[38.514325,48.677864],[38.51322,48.677105],[38.513193,48.677737],[38.513179,48.677998],[38.514189,48.678692],[38.515204,48.679389]]]}},{"type":"Feature","properties":{"cadnum":"4423881100:09:001:0014"},"geometry":{"type":"Polygon","coordinates":[[[38.513246,48.679979],[38.513004,48.679851],[38.512977,48.680137],[38.51297752465483,48.680137],[38.512941,48.680531],[38.512923,48.680739],[38.512892,48.681249],[38.512864,48.68159],[38.51286,48.681691],[38.512833,48.68204],[38.512793,48.682657],[38.512914,48.682678],[38.513403,48.682553],[38.513453,48.682603],[38.513646,48.682556],[38.513732,48.68142],[38.513803,48.680462],[38.513816,48.680284],[38.51354122307693,48.680137],[38.513542,48.680137],[38.513246,48.679979]],[[38.51379,48.680477],[38.513768,48.680471],[38.513782,48.680454],[38.513803,48.680462],[38.51379,48.680477]],[[38.513583,48.681183],[38.513678,48.681154],[38.513727,48.681222],[38.513637,48.681251],[38.513583,48.681183]],[[38.513417,48.681219],[38.51343,48.681204],[38.513453,48.681213],[38.51344,48.681227],[38.513417,48.681219]],[[38.513246,48.681462],[38.513256,48.681444],[38.513279,48.681453],[38.513269,48.681468],[38.513246,48.681462]],[[38.513153,48.68059],[38.513166,48.680576],[38.513189,48.680585],[38.513179,48.680599],[38.513153,48.68059]],[[38.513027,48.681845],[38.51312,48.681815],[38.51317,48.681886],[38.51308,48.681915],[38.513027,48.681845]]]}},{"type":"Feature","properties":{"cadnum":"4423881100:09:001:0009"},"geometry":{"type":"Polygon","coordinates":[[[38.513206,48.676254],[38.513044,48.676151],[38.512919,48.67607],[38.512694,48.675905],[38.512655778512396,48.676397],[38.512655,48.676397],[38.512514,48.678224],[38.512564,48.678229],[38.512577,48.678319],[38.512514,48.679137],[38.512487,48.679406],[38.512487,48.679407760563386],[38.512443,48.679849],[38.512487,48.6798494074074],[38.512487,48.67985],[38.51256789975591,48.67985015647922],[38.512659,48.679851],[38.512659,48.67985033268859],[38.513004,48.679851],[38.51332943356644,48.680024],[38.513328,48.680024],[38.515394,48.681121],[38.515663,48.680833],[38.515673,48.680632],[38.515707,48.680539],[38.51501306213592,48.680137],[38.515014,48.680137],[38.513116,48.679036],[38.513193,48.677737],[38.51324061492537,48.67651],[38.513241,48.67651],[38.51325,48.676293],[38.513206,48.676254]],[[38.514954,48.680243],[38.514977,48.680253],[38.514962,48.680267],[38.51494,48.680261],[38.514954,48.680243]],[[38.514401,48.68035],[38.514424,48.680359],[38.514415,48.680374],[38.514392,48.680365],[38.514401,48.68035]]]}},{"type":"Feature","properties":{"cadnum":"4423881100:09:001:0008"},"geometry":{"type":"Polygon","coordinates":[[[38.517833,48.678594],[38.518066,48.677992],[38.514302,48.676696],[38.516625,48.678297],[38.517365,48.678422],[38.517833,48.678594]]]}},{"type":"Feature","properties":{"cadnum":"4423881100:09:001:0010"},"geometry":{"type":"Polygon","coordinates":[[[38.513269,48.676305],[38.513256,48.676296],[38.513250808411215,48.676397],[38.51325,48.676397],[38.51324620614036,48.676486535087584],[38.513245,48.67651],[38.51324521186441,48.67651],[38.51322,48.677105],[38.514325,48.677864],[38.515434,48.678621],[38.515577,48.678366],[38.515887,48.678143],[38.515178,48.677642],[38.513547,48.676525],[38.513519068963575,48.67650293103295],[38.513269,48.676305]]]}},{"type":"Feature","properties":{"cadnum":"4423881100:08:008:0010"},"geometry":{"type":"Polygon","coordinates":[[[38.466099,48.639921],[38.465672,48.639978],[38.465057,48.640132],[38.463529,48.640135],[38.463383,48.640112],[38.46338180000001,48.640112],[38.463221,48.640086875],[38.463221,48.640086],[38.461904,48.639877],[38.461776,48.640225],[38.46177705500151,48.640225],[38.460619,48.643421],[38.461751,48.643463],[38.461571,48.641925],[38.46225,48.641919],[38.463049,48.64203666941298],[38.463049,48.642037],[38.463458,48.642097],[38.465164,48.642198],[38.466714,48.642432],[38.466781,48.642376],[38.46756197261484,48.640225],[38.467562,48.640225],[38.467882,48.639345],[38.466099,48.639921]]]}},{"type":"Feature","properties":{"cadnum":"4423881100:08:009:0001"},"geometry":{"type":"Polygon","coordinates":[[[38.466053,48.63883],[38.467733,48.637939],[38.467527,48.637844],[38.466571,48.637402],[38.464697,48.636526],[38.463221,48.63690216504855],[38.463221,48.636902],[38.45906,48.637959],[38.459932,48.63828],[38.460915,48.638628],[38.462141,48.638951],[38.463049,48.639001444444446],[38.463049,48.639002],[38.463575,48.639031],[38.464953,48.639026],[38.466053,48.63883]]]}},{"type":"Feature","properties":{"cadnum":"4423881100:08:004:0122"},"geometry":{"type":"Polygon","coordinates":[[[38.500257,48.634665],[38.500899,48.634433],[38.501008,48.634395],[38.500881,48.634246],[38.500729,48.6343],[38.500132,48.634516],[38.500257,48.634665]]]}},{"type":"Feature","properties":{"cadnum":"4423881100:08:005:0004"},"geometry":{"type":"Polygon","coordinates":[[[38.496107,48.635775],[38.496102,48.635757],[38.496075,48.635763],[38.496084,48.635778],[38.496107,48.635775]]]}},{"type":"Feature","properties":{"cadnum":"4423881100:08:004:0007"},"geometry":{"type":"Polygon","coordinates":[[[38.498649,48.635214],[38.498838,48.635158],[38.498599,48.634825],[38.498421,48.634881],[38.498649,48.635214]]]}},{"type":"Feature","properties":{"cadnum":"4423881100:08:004:0041"},"geometry":{"type":"Polygon","coordinates":[[[38.498096,48.635306],[38.498295,48.635268],[38.498056,48.634938],[38.497863,48.634976],[38.498096,48.635306]]]}},{"type":"Feature","properties":{"cadnum":"4423881100:08:005:0005"},"geometry":{"type":"Polygon","coordinates":[[[38.497297,48.635354],[38.49732,48.635348],[38.497315,48.63533],[38.497289,48.635336],[38.497297,48.635354]]]}},{"type":"Feature","properties":{"cadnum":"4423881100:08:004:0096"},"geometry":{"type":"Polygon","coordinates":[[[38.501933,48.635407],[38.501797,48.635205],[38.501501,48.63529],[38.501501,48.635290078534034],[38.501291,48.63535],[38.501358,48.635455],[38.501425,48.635552],[38.501501,48.635530241935484],[38.501501,48.635531],[38.501933,48.635407]]]}},{"type":"Feature","properties":{"cadnum":"4423881100:08:005:0002"},"geometry":{"type":"Polygon","coordinates":[[[38.497939,48.635377],[38.497966,48.635372],[38.497958,48.635356],[38.497935,48.635363],[38.497939,48.635377]]]}},{"type":"Feature","properties":{"cadnum":"4423881100:08:004:0052"},"geometry":{"type":"Polygon","coordinates":[[[38.500122,48.635294],[38.500316,48.635258],[38.500069,48.634929],[38.499866,48.634967],[38.500122,48.635294]]]}},{"type":"Feature","properties":{"cadnum":"4423881100:08:007:0004"},"geometry":{"type":"Polygon","coordinates":[[[38.49609508379939,48.635247893854746],[38.49618,48.635247],[38.49618,48.635246815242496],[38.496874,48.635238],[38.496857,48.634683],[38.49618,48.63469017667845],[38.49618,48.63469],[38.495977,48.634692],[38.49599,48.635249],[38.496008,48.63524881052632],[38.496008,48.635249],[38.49609508379939,48.635247893854746]]]}},{"type":"Feature","properties":{"cadnum":"4423881100:08:004:0056"},"geometry":{"type":"Polygon","coordinates":[[[38.501075,48.635517],[38.501358,48.635455],[38.501151,48.635143],[38.500868,48.635199],[38.501075,48.635517]]]}},{"type":"Feature","properties":{"cadnum":"4423881100:08:005:0003"},"geometry":{"type":"Polygon","coordinates":[[[38.497014,48.635579],[38.497037,48.635573],[38.497027,48.635559],[38.497006,48.635564],[38.497014,48.635579]]]}},{"type":"Feature","properties":{"cadnum":"4423881100:08:007:0020"},"geometry":{"type":"Polygon","coordinates":[[[38.492536,48.631913],[38.492752,48.632201],[38.492056,48.632415],[38.492394476363636,48.632852],[38.492394,48.632852],[38.492643,48.633172],[38.494073,48.632961],[38.494075,48.632965],[38.49407603535354,48.632965],[38.494674,48.633753],[38.495293,48.633531],[38.495568,48.633843],[38.496008,48.63367132786885],[38.496008,48.633672],[38.496178,48.633605],[38.496008,48.633388],[38.49618,48.633332],[38.49618,48.63333146296296],[38.496224,48.633317],[38.49613914285708,48.63321053571421],[38.495972,48.633],[38.49594456756757,48.632965],[38.495945,48.632965],[38.494606,48.631233],[38.492536,48.631913]]]}},{"type":"Feature","properties":{"cadnum":"4423881100:05:002:0001"},"geometry":{"type":"Polygon","coordinates":[[[38.504421,48.668397],[38.504614,48.668178],[38.504241,48.668039],[38.504254,48.668015],[38.503612,48.667744],[38.503338,48.667907],[38.504421,48.668397]]]}},{"type":"Feature","properties":{"cadnum":"4423881100:08:004:0108"},"geometry":{"type":"Polygon","coordinates":[[[38.494935,48.641023],[38.494962,48.641017],[38.494952,48.641002],[38.49493,48.641008],[38.494935,48.641023]]]}},{"type":"Feature","properties":{"cadnum":"4423881100:08:004:0110"},"geometry":{"type":"Polygon","coordinates":[[[38.495316,48.641675],[38.495339,48.64167],[38.495329,48.641655],[38.495308,48.641661],[38.495316,48.641675]]]}},{"type":"Feature","properties":{"cadnum":"4423881100:08:004:0109"},"geometry":{"type":"Polygon","coordinates":[[[38.495115,48.641338],[38.495218,48.641329],[38.495213,48.641314],[38.495109,48.641322],[38.495115,48.641338]]]}},{"type":"Feature","properties":{"cadnum":"4423881100:08:003:0007"},"geometry":{"type":"Polygon","coordinates":[[[38.492019,48.642988],[38.492019,48.642972],[38.491993,48.642972],[38.491997,48.642988],[38.492019,48.642988]]]}},{"type":"Feature","properties":{"cadnum":"4423881100:03:003:0001"},"geometry":{"type":"Polygon","coordinates":[[[38.493367,48.643344],[38.493375,48.643272],[38.493349,48.643269],[38.49334,48.64334],[38.493367,48.643344]]]}},{"type":"Feature","properties":{"cadnum":"4423881100:03:003:0003"},"geometry":{"type":"Polygon","coordinates":[[[38.493461,48.64337],[38.493475,48.643329],[38.493408,48.643316],[38.493389,48.643362],[38.493461,48.64337]]]}},{"type":"Feature","properties":{"cadnum":"4423881100:08:003:0006"},"geometry":{"type":"Polygon","coordinates":[[[38.494323,48.643299],[38.494319,48.643281],[38.494297,48.643281],[38.494297,48.643299],[38.494323,48.643299]]]}},{"type":"Feature","properties":{"cadnum":"4423881100:08:004:0111"},"geometry":{"type":"Polygon","coordinates":[[[38.495805,48.642515],[38.495828,48.642509],[38.495819,48.642495],[38.495797,48.6425],[38.495805,48.642515]]]}},{"type":"Feature","properties":{"cadnum":"4423881100:08:004:0107"},"geometry":{"type":"Polygon","coordinates":[[[38.494597,48.640441],[38.494624,48.640435],[38.494616,48.640417],[38.494589,48.640423],[38.494597,48.640441]]]}},{"type":"Feature","properties":{"cadnum":"4423881100:03:003:0002"},"geometry":{"type":"Polygon","coordinates":[[[38.492685,48.643171],[38.492693,48.643153],[38.492671,48.643148],[38.492662,48.643166],[38.492685,48.643171]]]}},{"type":"Feature","properties":{"cadnum":"4423881100:08:004:0113"},"geometry":{"type":"Polygon","coordinates":[[[38.495253,48.643257],[38.49528,48.643254],[38.495276,48.643239],[38.495253,48.643239],[38.495253,48.643257]]]}},{"type":"Feature","properties":{"cadnum":"4423881100:03:002:0001"},"geometry":{"type":"Polygon","coordinates":[[[38.491283,48.643239],[38.491305,48.64323],[38.491291,48.643216],[38.49127,48.643225],[38.491283,48.643239]]]}},{"type":"Feature","properties":{"cadnum":"4423881100:09:003:0006"},"geometry":{"type":"Polygon","coordinates":[[[38.453908,48.650115],[38.4539,48.650154],[38.453976,48.65048],[38.454666,48.651114],[38.45466611834319,48.651114],[38.454726,48.651169],[38.455705,48.651733],[38.455961,48.651652],[38.456081,48.651],[38.45608050943396,48.651],[38.456109,48.650849],[38.456392,48.650872],[38.45643378512397,48.651],[38.456433,48.651],[38.456457890829824,48.65107384279516],[38.456471,48.651114],[38.45647142696629,48.651114],[38.456523,48.651267],[38.457556,48.651399985880396],[38.457556,48.651401],[38.461755,48.65194],[38.462065,48.651166],[38.460778,48.651],[38.460772340909124,48.651],[38.457727,48.65060801072647],[38.457727,48.650608],[38.453908,48.650115]]]}},{"type":"Feature","properties":{"cadnum":"4423881100:08:009:0038"},"geometry":{"type":"Polygon","coordinates":[[[38.4443,48.636048],[38.444328,48.636039],[38.444314,48.636021],[38.444287,48.63603],[38.4443,48.636048]]]}},{"type":"Feature","properties":{"cadnum":"4423881100:08:009:0016"},"geometry":{"type":"Polygon","coordinates":[[[38.444017,48.634187],[38.442396,48.633127],[38.441076,48.633459],[38.441076,48.63345905224787],[38.439602,48.633828],[38.439562,48.634047],[38.44091,48.634926],[38.441076,48.63488671005917],[38.441076,48.634887],[38.444017,48.634187]]]}},{"type":"Feature","properties":{"cadnum":"4423881100:08:009:0039"},"geometry":{"type":"Polygon","coordinates":[[[38.442755,48.636416],[38.442782,48.636408],[38.442769,48.63639],[38.442742,48.636399],[38.442755,48.636416]]]}},{"type":"Feature","properties":{"cadnum":"4423881100:08:009:0037"},"geometry":{"type":"Polygon","coordinates":[[[38.445847,48.635677],[38.445873,48.635668],[38.44586,48.635653],[38.445833,48.635662],[38.445847,48.635677]]]}},{"type":"Feature","properties":{"cadnum":"4423881100:08:009:0020"},"geometry":{"type":"Polygon","coordinates":[[[38.457727,48.62779818333334],[38.458096,48.629335],[38.45809647466151,48.629335],[38.458692,48.631806],[38.458957,48.631765],[38.461374,48.631509],[38.46085045367133,48.629335],[38.460851,48.629335],[38.460322,48.627137],[38.457556,48.627086],[38.457727,48.6278],[38.457727,48.62779818333334]]]}},{"type":"Feature","properties":{"cadnum":"4423881100:05:006:0008"},"geometry":{"type":"Polygon","coordinates":[[[38.507889,48.672695],[38.507686,48.672615],[38.50754198880597,48.67277],[38.507541,48.67277],[38.506994,48.67336],[38.506994,48.67336026168224],[38.506738,48.673636],[38.506954,48.673698],[38.507166,48.673471],[38.507166,48.67347049090909],[38.507819,48.67277],[38.507818787234044,48.67277],[38.507889,48.672695]]]}},{"type":"Feature","properties":{"cadnum":"4423881100:05:005:0009"},"geometry":{"type":"Polygon","coordinates":[[[38.504134,48.672693],[38.50412,48.672686],[38.5043,48.672594],[38.504308,48.672601],[38.504452,48.672526],[38.50447,48.672535],[38.504398,48.672431],[38.504367,48.672443],[38.504407,48.672478],[38.50371330687831,48.67277],[38.503713,48.67277],[38.503509,48.672856],[38.503442,48.672883],[38.503444228915676,48.672883],[38.501717,48.673603],[38.501604,48.673626],[38.501514,48.673599],[38.501388,48.673665],[38.501501,48.67369950898203],[38.501501,48.6737],[38.501555,48.673716],[38.501604,48.673718],[38.501673,48.673708],[38.501673,48.67370663068182],[38.50178,48.673689],[38.502054,48.673585],[38.503562,48.672933],[38.50394724822675,48.67277115602845],[38.504134,48.672693]]]}},{"type":"Feature","properties":{"cadnum":"4423881100:05:005:0007"},"geometry":{"type":"Polygon","coordinates":[[[38.505386,48.674828],[38.505597,48.674638],[38.506119,48.674217],[38.506469,48.67392],[38.506675,48.673736],[38.506536,48.673685],[38.506514,48.673704],[38.506114,48.674041],[38.505826,48.674256],[38.505162,48.674751],[38.505386,48.674828]]]}},{"type":"Feature","properties":{"cadnum":"4423881100:05:005:0004"},"geometry":{"type":"Polygon","coordinates":[[[38.505396,48.673247],[38.505566,48.673093],[38.505499,48.673057],[38.505252,48.673184],[38.505396,48.673247]]]}},{"type":"Feature","properties":{"cadnum":"4423881100:05:006:0012"},"geometry":{"type":"Polygon","coordinates":[[[38.504694,48.672473],[38.504713,48.672431],[38.504555,48.672399],[38.504394,48.672425],[38.50447,48.672535],[38.50493324712644,48.67277],[38.504932,48.67277],[38.50544,48.673027],[38.505566,48.673093],[38.505526,48.673128],[38.505606,48.673205],[38.505836,48.673443],[38.505889,48.67349],[38.505912,48.673481],[38.506994,48.673805427432214],[38.506994,48.673806],[38.50712967724153,48.67384610896556],[38.507166,48.673857],[38.507166,48.673856846715324],[38.507268,48.673887],[38.507924,48.674063],[38.508233,48.674131],[38.509963,48.674588],[38.51025,48.674665],[38.510539,48.674745],[38.511001,48.674861],[38.511109,48.674745],[38.511073,48.674729],[38.510704,48.674626],[38.507996,48.673982],[38.507866,48.673953],[38.507533,48.673867],[38.507124,48.673751],[38.506954,48.673698],[38.506738,48.673636],[38.506738,48.67363],[38.506029,48.67341],[38.50575,48.673042],[38.505418,48.67281],[38.504694,48.672473]]]}},{"type":"Feature","properties":{"cadnum":"4423881100:05:005:0002"},"geometry":{"type":"Polygon","coordinates":[[[38.504452,48.672526],[38.504308,48.672601],[38.5043,48.672594],[38.50412,48.672686],[38.50431059898477,48.67277],[38.504309,48.67277],[38.505252,48.673184],[38.505499,48.673057],[38.50544,48.673027],[38.504932,48.67277],[38.504931798319326,48.67277],[38.504452,48.672526]]]}},{"type":"Feature","properties":{"cadnum":"4423881100:05:004:0007"},"geometry":{"type":"Polygon","coordinates":[[[38.50138,48.672663],[38.500935,48.672873],[38.501388,48.673336],[38.501501,48.67329555789474],[38.501501,48.673296],[38.501571543689344,48.673270310679605],[38.501673,48.673234],[38.501673,48.67323336416185],[38.501847,48.67317],[38.501673,48.67298141618497],[38.501673,48.67298],[38.50158292857142,48.672883],[38.501583,48.672883],[38.50138,48.672663]]]}},{"type":"Feature","properties":{"cadnum":"4423881100:09:005:0019"},"geometry":{"type":"Polygon","coordinates":[[[38.441248,48.65021962195122],[38.441404,48.650027],[38.441248,48.649949],[38.439589,48.649118],[38.437842,48.650988],[38.437832666666665,48.651],[38.437831,48.651],[38.437235,48.651768],[38.436948,48.652243],[38.436144,48.652397],[38.435755,48.65256417355372],[38.435755,48.652564],[38.43566,48.652605],[38.435583,48.652667],[38.435583,48.652667089595376],[38.435314,48.652884],[38.43512,48.653106],[38.435174,48.653237],[38.435583,48.653440444061964],[38.435583,48.653441],[38.43777,48.654528],[38.440618,48.651],[38.44061719463087,48.651],[38.441248,48.65022],[38.441248,48.65021962195122]]]}},{"type":"Feature","properties":{"cadnum":"4423881100:08:009:0036"},"geometry":{"type":"Polygon","coordinates":[[[38.447669,48.635244],[38.447665,48.635226],[38.447638,48.635226],[38.447638,48.635244],[38.447669,48.635244]]]}},{"type":"Feature","properties":{"cadnum":"4423881100:08:009:0034"},"geometry":{"type":"Polygon","coordinates":[[[38.450841,48.635128],[38.450868,48.635125],[38.450864,48.635107],[38.450835,48.635107],[38.450841,48.635128]]]}},{"type":"Feature","properties":{"cadnum":"4423881100:08:009:0035"},"geometry":{"type":"Polygon","coordinates":[[[38.449237,48.635187],[38.449269,48.635185],[38.449264,48.635167],[38.449237,48.635167],[38.449237,48.635187]]]}},{"type":"Feature","properties":{"cadnum":"4423881100:09:010:0025"},"geometry":{"type":"Polygon","coordinates":[[[38.43011953878409,48.658744025157226],[38.430018,48.658764],[38.429492,48.658973],[38.428365,48.66029],[38.427624,48.661357],[38.427358,48.661886],[38.427319,48.662],[38.427320083700444,48.662],[38.427207,48.66234],[38.427404,48.662443],[38.427524,48.662529],[38.427794,48.662912],[38.429205,48.66247],[38.430063,48.662405],[38.43009,48.6624083919598],[38.43009,48.662409],[38.431436,48.662574],[38.431572,48.662612],[38.431837,48.662491],[38.43179560991736,48.662],[38.431796,48.662],[38.431499,48.658465],[38.43011953878409,48.658744025157226]]]}},{"type":"Feature","properties":{"cadnum":"4423881100:09:010:0024"},"geometry":{"type":"Polygon","coordinates":[[[38.434945,48.661153],[38.434941,48.661156],[38.433310609004735,48.661886],[38.43331,48.661886],[38.431648,48.66263],[38.43243,48.662847],[38.433369,48.663349],[38.433935,48.663769],[38.435008,48.664],[38.435583,48.66452753115264],[38.435583,48.664528],[38.43565,48.664589],[38.436166,48.664653],[38.436782,48.66455],[38.436944,48.664662],[38.43601,48.665099],[38.435943,48.665348],[38.438382,48.665628],[38.438387428571396,48.665628],[38.439773,48.665787],[38.439488,48.665514],[38.43948724746125,48.665514],[38.435755,48.66193111903541],[38.435755,48.66193],[38.434945,48.661153]]]}},{"type":"Feature","properties":{"cadnum":"4423881100:09:010:0043"},"geometry":{"type":"Polygon","coordinates":[[[38.422962,48.658153],[38.421232,48.656792],[38.421012,48.658177],[38.42100030927835,48.658258],[38.421,48.658258],[38.420752,48.659981],[38.420671,48.661135],[38.421734,48.662],[38.42173413409961,48.662],[38.423519,48.663452],[38.423568,48.663016],[38.42368553678483,48.66197837057144],[38.423702,48.661838],[38.423765,48.660394],[38.423878,48.658949],[38.42321133429813,48.658371],[38.423213,48.658371],[38.422962,48.658153]]]}},{"type":"Feature","properties":{"cadnum":"4423881100:09:005:0041"},"geometry":{"type":"Polygon","coordinates":[[[38.452296,48.675426],[38.452866,48.675987],[38.45330657361377,48.676397],[38.453306,48.676397],[38.454996,48.677969],[38.457727,48.679361],[38.457727,48.67936016143498],[38.458225,48.679614],[38.459343,48.678692],[38.460332,48.679217],[38.461059,48.678229],[38.457556,48.677109],[38.457556,48.677109282853564],[38.455683143415904,48.67651],[38.455684,48.67651],[38.452296,48.675426]]]}},{"type":"Feature","properties":{"cadnum":"4423881100:09:005:0061"},"geometry":{"type":"Polygon","coordinates":[[[38.458202,48.679956],[38.458283,48.679884],[38.458103,48.679796],[38.458022,48.679866],[38.458202,48.679956]]]}},{"type":"Feature","properties":{"cadnum":"4423881100:09:005:0004"},"geometry":{"type":"Polygon","coordinates":[[[38.461791,48.677236],[38.461139,48.678114],[38.463049,48.67873048414986],[38.463049,48.678731],[38.4671488779837,48.68005433068069],[38.468542,48.6805044291742],[38.468542,48.680505],[38.470774,48.681225],[38.47100953705246,48.680137],[38.47101,48.680137],[38.47107,48.679864],[38.468542,48.679047],[38.468542,48.67904740741395],[38.463049,48.677272],[38.463049,48.67727227768595],[38.462011,48.676936],[38.461791,48.677236]]]}},{"type":"Feature","properties":{"cadnum":"4423881100:09:005:0003"},"geometry":{"type":"Polygon","coordinates":[[[38.461139,48.678114],[38.461059,48.678229],[38.460332,48.679217],[38.460668,48.679398],[38.46264087415427,48.680024],[38.46264,48.680024],[38.463221,48.680209],[38.463221,48.68020861267081],[38.467074,48.681432],[38.468542,48.681898358536586],[38.468542,48.681899],[38.470257,48.682444],[38.470626,48.681177],[38.468714,48.680560462571975],[38.468714,48.68056],[38.46740475186567,48.680137],[38.467406,48.680137],[38.463221,48.67878650424604],[38.463221,48.678786],[38.461139,48.678114]]]}},{"type":"Feature","properties":{"cadnum":"4423881100:09:005:0085"},"geometry":{"type":"Polygon","coordinates":[[[38.460668,48.679398],[38.459880205683355,48.680024],[38.45988,48.680024],[38.45978904417553,48.680096439090626],[38.459738,48.680137],[38.459738115168534,48.680137],[38.459433,48.68038],[38.463049,48.68235887222809],[38.463049,48.682359],[38.465443,48.683669],[38.467074,48.681432],[38.463049,48.680154],[38.463049,48.680154232358],[38.462994881081094,48.680137],[38.462997,48.680137],[38.460668,48.679398]],[[38.465003,48.683342],[38.464949,48.683342],[38.464949,48.683306],[38.465003,48.683306],[38.465003,48.683342]],[[38.464477,48.683058],[38.464424,48.683058],[38.464424,48.683022],[38.464477,48.683022],[38.464477,48.683058]],[[38.463951,48.682773],[38.463898,48.682773],[38.463898,48.682737],[38.463951,48.682737],[38.463951,48.682773]],[[38.463426,48.682488],[38.463372,48.682488],[38.463372,48.682449],[38.463426,48.682449],[38.463426,48.682488]]]}},{"type":"Feature","properties":{"cadnum":"4423881100:02:007:0018"},"geometry":{"type":"Polygon","coordinates":[[[38.593848,48.663558],[38.59489,48.66312],[38.594145,48.662889],[38.592954,48.663378],[38.593848,48.663558]]]}},{"type":"Feature","properties":{"cadnum":"4423881100:05:006:0010"},"geometry":{"type":"Polygon","coordinates":[[[38.509914,48.672615],[38.509447,48.6725],[38.50917932091691,48.67277],[38.509179,48.67277],[38.509101,48.672849],[38.509078,48.672883],[38.509079142857146,48.672883],[38.509047,48.672933],[38.509015,48.672988],[38.509415,48.673087],[38.509532,48.673135],[38.5098,48.67277],[38.50979890671642,48.67277],[38.509914,48.672615]]]}},{"type":"Feature","properties":{"cadnum":"4423881100:05:006:0004"},"geometry":{"type":"Polygon","coordinates":[[[38.508526,48.672624],[38.507987,48.672423],[38.507785,48.672654],[38.507889,48.672695],[38.508068,48.672766],[38.508080884955746,48.67277],[38.508079,48.67277],[38.508432,48.672879],[38.508813,48.673016],[38.509006,48.67279],[38.508526,48.672624]]]}},{"type":"Feature","properties":{"cadnum":"4423881100:05:006:0002"},"geometry":{"type":"Polygon","coordinates":[[[38.507533,48.673867],[38.50809,48.673256],[38.507704,48.673149],[38.507124,48.673751],[38.507533,48.673867]]]}},{"type":"Feature","properties":{"cadnum":"4423881100:05:006:0006"},"geometry":{"type":"Polygon","coordinates":[[[38.507996,48.673982],[38.508472,48.673421],[38.508036,48.673312],[38.507533,48.673867],[38.507866,48.673953],[38.507996,48.673982]]]}},{"type":"Feature","properties":{"cadnum":"4423881100:05:006:0011"},"geometry":{"type":"Polygon","coordinates":[[[38.510094,48.67266],[38.509914,48.672615],[38.509715,48.672883],[38.50971703013699,48.672883],[38.509532,48.673135],[38.509707,48.673208],[38.510539,48.673404],[38.510933,48.672867],[38.510094,48.67266]]]}},{"type":"Feature","properties":{"cadnum":"4423881100:05:003:0002"},"geometry":{"type":"Polygon","coordinates":[[[38.512474,48.67575],[38.512505,48.675534],[38.511558,48.674931],[38.511109,48.674745],[38.510973,48.67489],[38.511396,48.675068],[38.512465,48.675744],[38.512474,48.67575]]]}},{"type":"Feature","properties":{"cadnum":"4423881100:05:005:0003"},"geometry":{"type":"Polygon","coordinates":[[[38.507453,48.674925],[38.508233,48.674131],[38.507924,48.674063],[38.507224,48.674745],[38.507147,48.67481],[38.507453,48.674925]]]}},{"type":"Feature","properties":{"cadnum":"4423881100:05:006:0003"},"geometry":{"type":"Polygon","coordinates":[[[38.508068,48.672766],[38.50806417094017,48.67277],[38.508064,48.67277],[38.508042048779764,48.67279310975686],[38.507956,48.672883],[38.50795666490765,48.672883],[38.507704,48.673149],[38.50809,48.673256],[38.508432,48.672879],[38.508068,48.672766]]]}},{"type":"Feature","properties":{"cadnum":"4423881100:05:005:0005"},"geometry":{"type":"Polygon","coordinates":[[[38.509591,48.675468],[38.510026,48.674946],[38.51025,48.674665],[38.509963,48.674588],[38.509312,48.675376],[38.509591,48.675468]]]}},{"type":"Feature","properties":{"cadnum":"4423881100:05:005:0006"},"geometry":{"type":"Polygon","coordinates":[[[38.509807,48.675608],[38.510533,48.674753],[38.510539,48.674745],[38.51025,48.674665],[38.510026,48.674946],[38.509591,48.675468],[38.509537,48.675554],[38.509807,48.675608]]]}},{"type":"Feature","properties":{"cadnum":"4423881100:05:005:0010"},"geometry":{"type":"Polygon","coordinates":[[[38.510417,48.675457],[38.510973,48.674872],[38.510799,48.674819],[38.510533,48.674753],[38.510026,48.675349],[38.510417,48.675457]]]}},{"type":"Feature","properties":{"cadnum":"4423881100:05:006:0007"},"geometry":{"type":"Polygon","coordinates":[[[38.508472,48.673421],[38.508813,48.673016],[38.508432,48.672879],[38.508036,48.673312],[38.508472,48.673421]]]}},{"type":"Feature","properties":{"cadnum":"4423881100:09:001:0015"},"geometry":{"type":"Polygon","coordinates":[[[38.513646,48.682556],[38.513902,48.682497],[38.514352,48.68226],[38.514648,48.682043],[38.514734,48.681924],[38.514791,48.681842],[38.515034,48.681548],[38.515317,48.681204],[38.515394,48.681121],[38.515344,48.681095],[38.51517,48.681003],[38.514887,48.680851],[38.514221,48.680498],[38.513934,48.680344],[38.513816,48.680284],[38.513732,48.68142],[38.513646,48.682556]],[[38.51463,48.681],[38.514608,48.680994],[38.514621,48.680979],[38.514644,48.680985],[38.51463,48.681]],[[38.514028,48.681118],[38.514002,48.681112],[38.514015,48.681097],[38.514038,48.681103],[38.514028,48.681118]],[[38.514797,48.681154],[38.514774,48.681148],[38.514783,48.681133],[38.514805,48.681139],[38.514797,48.681154]],[[38.514275,48.681264],[38.514252,48.681255],[38.514266,48.68124],[38.514289,48.681249],[38.514275,48.681264]],[[38.513786,48.681364],[38.513759,48.681355],[38.513772,48.681341],[38.513795,48.681346],[38.513786,48.681364]],[[38.514751,48.6818],[38.514702,48.681729],[38.514791,48.681699],[38.514845,48.68177],[38.514751,48.6818]]]}},{"type":"Feature","properties":{"cadnum":"4423881100:02:003:0061"},"geometry":{"type":"Polygon","coordinates":[[[38.547773,48.653519],[38.547672338235294,48.654629],[38.547671,48.654629],[38.547664507728875,48.65471534720595],[38.547662,48.654743],[38.54766242857143,48.654743],[38.547661,48.654762],[38.547674,48.655774],[38.547661,48.656403],[38.54762,48.656913],[38.547909,48.656958],[38.548389,48.656857],[38.55094,48.656107257163846],[38.55094,48.656108],[38.553527,48.655347],[38.553712,48.654629],[38.55371163567363,48.654629],[38.553819,48.654216],[38.551111,48.65390465995137],[38.551111,48.653904],[38.547773,48.653519]],[[38.550213,48.653825],[38.550248,48.653881],[38.550226,48.65389],[38.55019,48.653834],[38.550213,48.653825]],[[38.548725,48.654038],[38.548762,48.654095],[38.548739,48.6541],[38.548703,48.654044],[38.548725,48.654038]],[[38.548438,48.654314],[38.548475,48.65437],[38.548446,48.654377],[38.548412,48.65432],[38.548438,48.654314]],[[38.547944,48.654067],[38.54798,48.654124],[38.547953,48.654133],[38.547917,48.654077],[38.547944,48.654067]],[[38.548825,48.656106],[38.548905,48.656047],[38.549018,48.656064],[38.549054,48.656139],[38.548972,48.656198],[38.548861,48.65618],[38.548825,48.656106]]]}},{"type":"Feature","properties":{"cadnum":"4423881100:02:003:0062"},"geometry":{"type":"Polygon","coordinates":[[[38.555607,48.654735],[38.555624,48.654619],[38.555472,48.654403],[38.553819,48.654216],[38.553682,48.654743],[38.553682626740944,48.654743],[38.553527,48.655347],[38.555579810457516,48.654743],[38.555582,48.654743],[38.555607,48.654735]]]}},{"type":"Feature","properties":{"cadnum":"4423881100:09:010:0038"},"geometry":{"type":"Polygon","coordinates":[[[38.411404,48.65821],[38.411477,48.6568],[38.409617,48.656249],[38.409989,48.657902],[38.411404,48.65821]]]}},{"type":"Feature","properties":{"cadnum":"4423881100:08:009:0024"},"geometry":{"type":"Polygon","coordinates":[[[38.466758,48.634448],[38.466785,48.634445],[38.466785,48.634428],[38.466758,48.63443],[38.466758,48.634448]]]}},{"type":"Feature","properties":{"cadnum":"4423881100:08:009:0023"},"geometry":{"type":"Polygon","coordinates":[[[38.468403,48.63438],[38.468403,48.634362],[38.468376,48.634362],[38.46838,48.63438],[38.468403,48.63438]]]}},{"type":"Feature","properties":{"cadnum":"4423881100:08:009:0025"},"geometry":{"type":"Polygon","coordinates":[[[38.465303,48.634505],[38.46533,48.634501],[38.465326,48.634484],[38.465299,48.634487],[38.465303,48.634505]]]}},{"type":"Feature","properties":{"cadnum":"4423881100:08:009:0026"},"geometry":{"type":"Polygon","coordinates":[[[38.463762,48.634567],[38.463758,48.634549],[38.463732,48.634549],[38.463736,48.634567],[38.463762,48.634567]]]}},{"type":"Feature","properties":{"cadnum":"4423881100:02:006:0085"},"geometry":{"type":"Polygon","coordinates":[[[38.534632,48.663161],[38.529982,48.662951],[38.529255,48.664434],[38.53446,48.66466825888042],[38.53446,48.664669],[38.538858,48.664867],[38.539491,48.663645],[38.539586,48.663384],[38.534632,48.663161717518534],[38.534632,48.663161]],[[38.533364,48.663962],[38.533387,48.663951],[38.533409,48.663965],[38.533387,48.663977],[38.533364,48.663962]],[[38.531271,48.66349],[38.531325,48.663411],[38.531447,48.663446],[38.531393,48.663523],[38.531271,48.66349]],[[38.53111,48.663428],[38.531164,48.663349],[38.531284,48.663384],[38.531231,48.663464],[38.53111,48.663428]],[[38.530844,48.663354],[38.530925,48.663265],[38.53106,48.663318],[38.53098,48.663408],[38.530844,48.663354]],[[38.530961,48.66436],[38.530966,48.664342],[38.531056,48.66436],[38.531047,48.664378],[38.530961,48.66436]]]}},{"type":"Feature","properties":{"cadnum":"4423881100:02:006:0077"},"geometry":{"type":"Polygon","coordinates":[[[38.53447868444526,48.66488488888893],[38.53446,48.664884],[38.53446,48.66488402226345],[38.534093,48.664867],[38.53381,48.665628],[38.53381068648649,48.665628],[38.533647,48.666069],[38.53446,48.66620106091371],[38.53446,48.666202],[38.538116,48.666795],[38.538157,48.666689],[38.538359,48.666042],[38.538579329545456,48.665628],[38.53858,48.665628],[38.538827,48.665167],[38.538664,48.665084],[38.534632,48.66489218268316],[38.534632,48.664892],[38.53447868444526,48.66488488888893]]]}},{"type":"Feature","properties":{"cadnum":"4423881100:02:006:0075"},"geometry":{"type":"Polygon","coordinates":[[[38.530787,48.667958],[38.53034608095605,48.669142],[38.530346,48.669142],[38.530308058824005,48.66924410083907],[38.530304,48.669255],[38.53030400864198,48.669255],[38.530045,48.669952],[38.534632,48.670697],[38.534632,48.670696896353164],[38.536544,48.671007],[38.537079,48.669776],[38.537142,48.669495],[38.53724126345609,48.669255],[38.537242,48.669255],[38.537339,48.669023],[38.534632,48.66858389996527],[38.534632,48.668583],[38.530787,48.667958]]]}},{"type":"Feature","properties":{"cadnum":"4423881100:02:006:0049"},"geometry":{"type":"Polygon","coordinates":[[[38.541158,48.67236],[38.545618,48.672158],[38.545618,48.672157176388886],[38.548326,48.672034],[38.545446,48.67096],[38.545446,48.67096083642812],[38.540825,48.669237],[38.539953,48.671671],[38.539953,48.671671390625015],[38.539613,48.672621],[38.540125,48.672535],[38.540125,48.67253402406639],[38.541158,48.67236]]]}},{"type":"Feature","properties":{"cadnum":"4423881100:03:002:0011"},"geometry":{"type":"Polygon","coordinates":[[[38.483373,48.642156],[38.483396,48.64215],[38.483387,48.642132],[38.483364,48.642139],[38.483373,48.642156]]]}},{"type":"Feature","properties":{"cadnum":"4423881100:03:002:0013"},"geometry":{"type":"Polygon","coordinates":[[[38.48181,48.642542],[38.481832,48.642537],[38.481823,48.642521],[38.481802,48.642528],[38.48181,48.642542]]]}},{"type":"Feature","properties":{"cadnum":"4423881100:03:002:0014"},"geometry":{"type":"Polygon","coordinates":[[[38.481123,48.642759],[38.48115,48.64275],[38.48111,48.6427],[38.481087,48.642706],[38.481123,48.642759]]]}},{"type":"Feature","properties":{"cadnum":"4423881100:03:002:0010"},"geometry":{"type":"Polygon","coordinates":[[[38.484249,48.64199],[38.48424,48.641939],[38.484307,48.641937],[38.484307,48.641919],[38.484209,48.641925],[38.484222,48.64199],[38.484249,48.64199]]]}},{"type":"Feature","properties":{"cadnum":"4423881100:03:002:0009"},"geometry":{"type":"Polygon","coordinates":[[[38.485022,48.6421],[38.485026,48.642082],[38.485004,48.642079],[38.484995,48.642094],[38.485022,48.6421]]]}},{"type":"Feature","properties":{"cadnum":"4423881100:03:002:0016"},"geometry":{"type":"Polygon","coordinates":[[[38.479641,48.643085],[38.479663,48.64308],[38.479654,48.643061],[38.479632,48.643067],[38.479641,48.643085]]]}},{"type":"Feature","properties":{"cadnum":"4423881100:03:002:0015"},"geometry":{"type":"Polygon","coordinates":[[[38.480368,48.642904],[38.480391,48.642898],[38.480381,48.64288],[38.48036,48.642887],[38.480368,48.642904]]]}},{"type":"Feature","properties":{"cadnum":"4423881100:03:002:0012"},"geometry":{"type":"Polygon","coordinates":[[[38.482542,48.642405],[38.482569,48.6424],[38.482542,48.642346],[38.482519,48.64235],[38.482542,48.642405]]]}},{"type":"Feature","properties":{"cadnum":"4423881100:02:002:0029"},"geometry":{"type":"Polygon","coordinates":[[[38.582156,48.662153],[38.58199,48.662239],[38.58177,48.662621],[38.581883,48.662808],[38.582956,48.663372],[38.583275,48.663574],[38.583409,48.663719],[38.583388,48.664185],[38.583644,48.664315],[38.583899,48.66436947183099],[38.583899,48.66437],[38.584393,48.664475],[38.585126,48.664725],[38.586131,48.664983],[38.586445,48.664873],[38.587223,48.664369],[38.587569,48.663986],[38.58786,48.663479],[38.587623,48.663301],[38.583948,48.662527],[38.582156,48.662153]]]}},{"type":"Feature","properties":{"cadnum":"4423881100:02:002:0034"},"geometry":{"type":"Polygon","coordinates":[[[38.583921,48.665117],[38.583921,48.665113],[38.583948,48.665113],[38.583962,48.664994],[38.583962,48.664956],[38.58407,48.664959],[38.584361,48.664965],[38.584357,48.664754],[38.58402167857147,48.66470567857144],[38.583872,48.664683],[38.583598,48.664939],[38.583598,48.664994],[38.583657,48.665128],[38.583899,48.66511791666667],[38.583899,48.665118],[38.583921,48.665117]]]}},{"type":"Feature","properties":{"cadnum":"4423881100:08:003:0015"},"geometry":{"type":"Polygon","coordinates":[[[38.494018,48.635962],[38.494045,48.635956],[38.494036,48.635941],[38.49401,48.635947],[38.494018,48.635962]]]}},{"type":"Feature","properties":{"cadnum":"4423881100:08:004:0097"},"geometry":{"type":"Polygon","coordinates":[[[38.495159,48.63598],[38.495182,48.635974],[38.495172,48.635959],[38.49515,48.635965],[38.495159,48.63598]]]}},{"type":"Feature","properties":{"cadnum":"4423881100:08:005:0006"},"geometry":{"type":"Polygon","coordinates":[[[38.495685,48.635662],[38.495708,48.635656],[38.495698,48.635642],[38.495671,48.635647],[38.495685,48.635662]]]}},{"type":"Feature","properties":{"cadnum":"4423881100:08:007:0007"},"geometry":{"type":"Polygon","coordinates":[[[38.495083,48.633929],[38.495402,48.633825],[38.495213,48.633579],[38.495146,48.633603],[38.494817,48.633178],[38.494593,48.633246],[38.495083,48.633929]]]}},{"type":"Feature","properties":{"cadnum":"4423881100:08:004:0099"},"geometry":{"type":"Polygon","coordinates":[[[38.493299,48.63638],[38.493327,48.636377],[38.493318,48.63636],[38.493295,48.636366],[38.493299,48.63638]]]}},{"type":"Feature","properties":{"cadnum":"4423881100:08:004:0100"},"geometry":{"type":"Polygon","coordinates":[[[38.492455,48.636586],[38.492396,48.636567],[38.492423,48.636532],[38.492402,48.636526],[38.492365,48.636576],[38.49243,48.636596],[38.492432499999985,48.636596],[38.492446,48.6366],[38.492448571428575,48.636596],[38.492449,48.636596],[38.492455,48.636586]]]}},{"type":"Feature","properties":{"cadnum":"4423881100:08:004:0098"},"geometry":{"type":"Polygon","coordinates":[[[38.49423,48.636182],[38.494251,48.636175],[38.494247,48.636161],[38.49422,48.636164],[38.49423,48.636182]]]}},{"type":"Feature","properties":{"cadnum":"4423881100:08:004:0116"},"geometry":{"type":"Polygon","coordinates":[[[38.493461,48.63598],[38.493654,48.635959],[38.493574,48.635609],[38.493375,48.635632],[38.493461,48.63598]]]}},{"type":"Feature","properties":{"cadnum":"4423881100:08:007:0006"},"geometry":{"type":"Polygon","coordinates":[[[38.493754,48.633392],[38.494121,48.633077],[38.49391,48.632967],[38.493542,48.633279],[38.493754,48.633392]]]}},{"type":"Feature","properties":{"cadnum":"4423881100:08:003:0017"},"geometry":{"type":"Polygon","coordinates":[[[38.491234,48.636479],[38.49126,48.636472],[38.491256,48.636458],[38.491228,48.636461],[38.491234,48.636479]]]}},{"type":"Feature","properties":{"cadnum":"4423881100:08:003:0016"},"geometry":{"type":"Polygon","coordinates":[[[38.492595,48.636232],[38.492635,48.636226],[38.492626,48.636199],[38.492585,48.636206],[38.492595,48.636232]]]}},{"type":"Feature","properties":{"cadnum":"4423881100:09:003:0003"},"geometry":{"type":"Polygon","coordinates":[[[38.457727,48.648863],[38.45464,48.648465],[38.45455,48.648564],[38.454066,48.649332],[38.453908,48.650115],[38.457556,48.650585925373136],[38.457556,48.650586],[38.461658,48.651114],[38.46166184337347,48.651114],[38.462065,48.651166],[38.462099502369746,48.65107788625573],[38.462187,48.65086],[38.46259,48.64949],[38.457727,48.64886304588796],[38.457727,48.648863]],[[38.456374,48.649682],[38.456347,48.649641],[38.456334,48.649617],[38.456397,48.64956],[38.4565,48.649569],[38.456541,48.649635],[38.456478,48.649691],[38.456374,48.649682]]]}},{"type":"Feature","properties":{"cadnum":"4423881100:09:003:0002"},"geometry":{"type":"Polygon","coordinates":[[[38.455076,48.646317],[38.454969,48.646626],[38.455076,48.646973],[38.455053,48.647368],[38.455104,48.647485],[38.45510500613497,48.647485],[38.455198,48.647697],[38.455049,48.648027],[38.45464,48.648465],[38.457556,48.64884095335277],[38.457556,48.648841],[38.46259,48.64949],[38.462657,48.649252],[38.462896,48.648433],[38.46304,48.647504],[38.463057,48.647371],[38.46305672413793,48.647371],[38.463085,48.647166],[38.45758725263817,48.64646001327059],[38.455233,48.646157],[38.455076,48.646317]]]}},{"type":"Feature","properties":{"cadnum":"4423881100:09:005:0035"},"geometry":{"type":"Polygon","coordinates":[[[38.43658,48.660135],[38.437931,48.661443],[38.438505,48.662],[38.438506713355046,48.662],[38.439023,48.6625],[38.440541,48.663805],[38.44118,48.662417],[38.440109,48.661886],[38.44010734959786,48.661886],[38.43658,48.660135]]]}},{"type":"Feature","properties":{"cadnum":"4423881100:02:006:0076"},"geometry":{"type":"Polygon","coordinates":[[[38.533567,48.666288],[38.531527,48.665956],[38.531518,48.665977],[38.530787,48.667958],[38.53446,48.668555041612485],[38.53446,48.668556],[38.537339,48.669023],[38.537592,48.668412],[38.537676,48.66797],[38.538035,48.667015],[38.534577534245926,48.66645310136976],[38.533567,48.666288]],[[38.531896,48.66721],[38.5319,48.667124],[38.532013,48.667083],[38.532125,48.667127],[38.53212,48.667214],[38.532009,48.667255],[38.531896,48.66721]],[[38.531671,48.667199],[38.53168,48.667157],[38.531739,48.66714],[38.531793,48.667166],[38.531783,48.667208],[38.53172,48.667225],[38.531671,48.667199]]]}},{"type":"Feature","properties":{"cadnum":"4423881100:02:003:0083"},"geometry":{"type":"Polygon","coordinates":[[[38.557444,48.654142],[38.558926,48.6537],[38.558895,48.653649],[38.559572,48.653453],[38.559478,48.653302],[38.558796,48.653498],[38.558697,48.653347],[38.558599,48.653196],[38.559281,48.652996],[38.559182,48.652846],[38.558503,48.653044],[38.558405,48.652893],[38.558306,48.652739],[38.55823,48.652762],[38.557557,48.652961],[38.55766,48.653112],[38.557758,48.653267],[38.558427,48.653065],[38.558625,48.653368],[38.558719,48.653519],[38.558819,48.653673],[38.558153,48.653872],[38.557488,48.654071],[38.557385,48.653922],[38.557274,48.653753],[38.556586,48.653955],[38.556698,48.654121],[38.557314,48.653943],[38.557412,48.654091],[38.557444,48.654142]]]}},{"type":"Feature","properties":{"cadnum":"4423881100:08:007:0025"},"geometry":{"type":"Polygon","coordinates":[[[38.490677,48.632139],[38.490686,48.63213],[38.490686,48.632129775],[38.490717,48.632098],[38.490515,48.63182],[38.490515,48.631820930232564],[38.490299,48.631524],[38.490182,48.631364],[38.488184,48.631966],[38.488148,48.631919],[38.488054,48.631779],[38.487605,48.631902],[38.487775,48.632344],[38.488139025764895,48.632852],[38.488138,48.632852],[38.488427,48.633252],[38.489235,48.632852],[38.48923373607748,48.632852],[38.490515,48.632219031100476],[38.490515,48.63222],[38.490677,48.632139]]]}},{"type":"Feature","properties":{"cadnum":"4423881100:08:003:0005"},"geometry":{"type":"Polygon","coordinates":[[[38.488211,48.635849],[38.488517,48.635757],[38.488295,48.635431],[38.487985,48.635523],[38.488211,48.635849]]]}},{"type":"Feature","properties":{"cadnum":"4423881100:09:010:0007"},"geometry":{"type":"Polygon","coordinates":[[[38.407335,48.659664],[38.402796,48.66045213457865],[38.402796,48.660452],[38.40094,48.660774],[38.401114,48.661364],[38.401299,48.661399],[38.402624,48.66125118770875],[38.402624,48.661252],[38.402817,48.66123],[38.403094,48.662],[38.40309415121951,48.662],[38.403127,48.662091],[38.403293,48.662333],[38.404995,48.662989],[38.405359,48.66328],[38.40566,48.664315],[38.408289,48.66386],[38.408289,48.66385888859416],[38.408494,48.663823],[38.408171,48.662485],[38.40799,48.661886],[38.40798872101617,48.661886],[38.407372,48.659835],[38.407335,48.659664]]]}},{"type":"Feature","properties":{"cadnum":"4423881100:08:003:0021"},"geometry":{"type":"Polygon","coordinates":[[[38.484756,48.63768],[38.484756,48.637645],[38.484708,48.637645],[38.484708,48.63768],[38.484756,48.63768]]]}},{"type":"Feature","properties":{"cadnum":"4423881100:08:003:0022"},"geometry":{"type":"Polygon","coordinates":[[[38.483584,48.637028],[38.483603,48.637016],[38.483584,48.637004],[38.483566,48.637016],[38.483584,48.637028]]]}},{"type":"Feature","properties":{"cadnum":"4423881100:03:002:0007"},"geometry":{"type":"Polygon","coordinates":[[[38.486599,48.642412],[38.486599,48.642343],[38.486571,48.642343],[38.486571,48.642391],[38.486504,48.642381],[38.486499,48.642397],[38.486599,48.642412]]]}},{"type":"Feature","properties":{"cadnum":"4423881100:03:002:0002"},"geometry":{"type":"Polygon","coordinates":[[[38.490564,48.643486],[38.490587,48.64348],[38.490578,48.643465],[38.490555,48.643471],[38.490564,48.643486]]]}},{"type":"Feature","properties":{"cadnum":"4423881100:03:002:0008"},"geometry":{"type":"Polygon","coordinates":[[[38.485807,48.642254],[38.485812,48.64224],[38.48579,48.642233],[38.485781,48.642251],[38.485807,48.642254]]]}},{"type":"Feature","properties":{"cadnum":"4423881100:03:002:0006"},"geometry":{"type":"Polygon","coordinates":[[[38.486674,48.642913],[38.486679,48.642898],[38.486576,48.642893],[38.486571,48.64291],[38.486674,48.642913]]]}},{"type":"Feature","properties":{"cadnum":"4423881100:08:003:0008"},"geometry":{"type":"Polygon","coordinates":[[[38.489842,48.643729],[38.489863,48.64372],[38.489855,48.643705],[38.489832,48.643714],[38.489842,48.643729]]]}},{"type":"Feature","properties":{"cadnum":"4423881100:03:002:0005"},"geometry":{"type":"Polygon","coordinates":[[[38.487191,48.643346],[38.487209,48.643335],[38.487191,48.643323],[38.487173,48.643335],[38.487191,48.643346]]]}},{"type":"Feature","properties":{"cadnum":"4423881100:03:002:0004"},"geometry":{"type":"Polygon","coordinates":[[[38.487798,48.64378],[38.487815,48.643768],[38.487798,48.643756],[38.487779,48.643768],[38.487798,48.64378]]]}},{"type":"Feature","properties":{"cadnum":"4423881100:08:009:0032"},"geometry":{"type":"Polygon","coordinates":[[[38.454038,48.635009],[38.454066,48.635006],[38.454066,48.634989],[38.454038,48.634989],[38.454038,48.635009]]]}},{"type":"Feature","properties":{"cadnum":"4423881100:08:009:0031"},"geometry":{"type":"Polygon","coordinates":[[[38.455638,48.63495],[38.455665,48.634947],[38.455665,48.634929],[38.455638,48.634929],[38.455638,48.63495]]]}},{"type":"Feature","properties":{"cadnum":"4423881100:08:009:0033"},"geometry":{"type":"Polygon","coordinates":[[[38.452439,48.635068],[38.452466,48.635066],[38.452466,48.635048],[38.452435,48.635048],[38.452439,48.635068]]]}},{"type":"Feature","properties":{"cadnum":"4423881100:08:009:0030"},"geometry":{"type":"Polygon","coordinates":[[[38.457237,48.63489],[38.457267,48.634888],[38.457263,48.63487],[38.457237,48.63487],[38.457237,48.63489]]]}},{"type":"Feature","properties":{"cadnum":"4423881100:09:007:0001"},"geometry":{"type":"Polygon","coordinates":[[[38.4914,48.689643],[38.4917,48.689539],[38.491781,48.689353],[38.492419,48.68908],[38.491844,48.68828],[38.490784,48.68868],[38.490977,48.688914],[38.490851,48.688961],[38.4914,48.689643]]]}},{"type":"Feature","properties":{"cadnum":"4423881100:02:006:0043"},"geometry":{"type":"Polygon","coordinates":[[[38.540812,48.661242],[38.54056646437995,48.661886],[38.540566,48.661886],[38.540124,48.663054],[38.545446,48.66394326028395],[38.545446,48.663944],[38.547603,48.664303],[38.54754,48.663956],[38.547706,48.663467],[38.547935,48.663043],[38.547913,48.662426],[38.545446,48.662015],[38.545446,48.662015181336166],[38.544675,48.661886],[38.54467175197891,48.661886],[38.540812,48.661242]],[[38.543511,48.662254],[38.543609,48.662241],[38.543677,48.662292],[38.543645,48.662355],[38.543542,48.662369],[38.543479,48.662316],[38.543511,48.662254]],[[38.547729,48.66285],[38.547783,48.662912],[38.547729,48.662977],[38.54762,48.662977],[38.547563,48.662915],[38.547616,48.66285],[38.547729,48.66285]]]}},{"type":"Feature","properties":{"cadnum":"4423881100:02:006:0042"},"geometry":{"type":"Polygon","coordinates":[[[38.541454,48.659245],[38.540987,48.660595],[38.541278,48.660746],[38.541242,48.661038],[38.540861,48.661108],[38.540812,48.661242],[38.545355,48.662],[38.54535539240504,48.662],[38.545618,48.662044],[38.545618,48.66204365504661],[38.547913,48.662426],[38.54789790876569,48.66199709123535],[38.547881,48.661458],[38.547737,48.660346],[38.547729,48.660293],[38.545618,48.65994162899694],[38.545618,48.659941],[38.541454,48.659245]]]}},{"type":"Feature","properties":{"cadnum":"4423881100:06:002:0002"},"geometry":{"type":"Polygon","coordinates":[[[38.472697,48.663303],[38.472903,48.663061],[38.472899,48.663061],[38.472112,48.663046],[38.472697,48.663303]]]}},{"type":"Feature","properties":{"cadnum":"4423881100:05:001:0004"},"geometry":{"type":"Polygon","coordinates":[[[38.473236,48.663998],[38.473353,48.663885],[38.471888,48.663268],[38.471776,48.663396],[38.473236,48.663998]]]}},{"type":"Feature","properties":{"cadnum":"4423881100:06:002:0003"},"geometry":{"type":"Polygon","coordinates":[[[38.473595,48.663681],[38.473846,48.663446],[38.472903,48.663061],[38.472697,48.663303],[38.473595,48.663681]]]}},{"type":"Feature","properties":{"cadnum":"4423881100:08:004:0120"},"geometry":{"type":"Polygon","coordinates":[[[38.496947,48.637779],[38.497104,48.637633],[38.496637,48.637405],[38.496475,48.637547],[38.496947,48.637779]]]}},{"type":"Feature","properties":{"cadnum":"4423881100:08:004:0114"},"geometry":{"type":"Polygon","coordinates":[[[38.500832,48.639459],[38.501375,48.639358],[38.501304,48.639147],[38.500755,48.639248],[38.500832,48.639459]]]}},{"type":"Feature","properties":{"cadnum":"4423881100:08:009:0046"},"geometry":{"type":"Polygon","coordinates":[[[38.431801,48.639031],[38.431823,48.639026],[38.431815,48.639007],[38.431792,48.639013],[38.431801,48.639031]]]}},{"type":"Feature","properties":{"cadnum":"4423881100:08:009:0044"},"geometry":{"type":"Polygon","coordinates":[[[38.434972,48.638262],[38.434994,48.638256],[38.434985,48.638239],[38.434958,48.638247],[38.434972,48.638262]]]}},{"type":"Feature","properties":{"cadnum":"4423881100:08:009:0045"},"geometry":{"type":"Polygon","coordinates":[[[38.433431,48.63863],[38.433459,48.638621],[38.433445,48.638606],[38.433423,48.638615],[38.433431,48.63863]]]}},{"type":"Feature","properties":{"cadnum":"4423881100:08:006:0002"},"geometry":{"type":"Polygon","coordinates":[[[38.478756,48.634234],[38.478773,48.634219],[38.478756,48.634208],[38.478737,48.634219],[38.478756,48.634234]]]}},{"type":"Feature","properties":{"cadnum":"4423881100:08:006:0003"},"geometry":{"type":"Polygon","coordinates":[[[38.477938,48.633783],[38.47797,48.633759],[38.477934,48.633739],[38.477903,48.633762],[38.477938,48.633783]]]}},{"type":"Feature","properties":{"cadnum":"4423881100:08:009:0056"},"geometry":{"type":"Polygon","coordinates":[[[38.428742,48.638654],[38.429344,48.638547],[38.428841,48.638232],[38.428369,48.638153],[38.427929,48.638093],[38.426586,48.637977],[38.426268,48.637983],[38.425813,48.63804],[38.425279,48.637849],[38.424991,48.638105],[38.425356,48.638182],[38.426042,48.638274],[38.426146,48.638289],[38.426182,48.638185],[38.426218,48.638054],[38.427368,48.638153],[38.427188,48.638473],[38.427291,48.6385],[38.427996,48.638586],[38.428167,48.63861],[38.428742,48.638654]]]}},{"type":"Feature","properties":{"cadnum":"4423881100:08:009:0047"},"geometry":{"type":"Polygon","coordinates":[[[38.430125,48.639396],[38.430148,48.639391],[38.43014,48.639376],[38.430117,48.639381],[38.430125,48.639396]]]}},{"type":"Feature","properties":{"cadnum":"4423881100:08:009:0050"},"geometry":{"type":"Polygon","coordinates":[[[38.426128,48.639767],[38.426155,48.639761],[38.426232,48.639741],[38.427974,48.639313],[38.428302,48.639209],[38.428033,48.639185],[38.427844,48.639162],[38.426142,48.63958],[38.426123,48.639586],[38.426128,48.639767]]]}},{"type":"Feature","properties":{"cadnum":"4423881100:08:007:0013"},"geometry":{"type":"Polygon","coordinates":[[[38.428486,48.639776],[38.428513,48.63977],[38.428499,48.639755],[38.428477,48.639761],[38.428486,48.639776]]]}},{"type":"Feature","properties":{"cadnum":"4423881100:08:007:0014"},"geometry":{"type":"Polygon","coordinates":[[[38.427624,48.639972],[38.42765,48.639966],[38.427641,48.639948],[38.427614,48.639954],[38.427624,48.639972]]]}},{"type":"Feature","properties":{"cadnum":"4423881100:08:007:0008"},"geometry":{"type":"Polygon","coordinates":[[[38.494383,48.630109],[38.4944,48.630096],[38.494383,48.630085],[38.494364,48.630094],[38.494383,48.630109]]]}},{"type":"Feature","properties":{"cadnum":"4423881100:08:007:0005"},"geometry":{"type":"Polygon","coordinates":[[[38.494989,48.632308],[38.495109,48.63227],[38.495073,48.632219],[38.494952,48.632257],[38.494989,48.632308]]]}},{"type":"Feature","properties":{"cadnum":"4423881100:08:007:0022"},"geometry":{"type":"Polygon","coordinates":[[[38.491844,48.631735],[38.492945,48.631385],[38.492612,48.630958],[38.49241,48.630693],[38.491081,48.631094],[38.490686,48.631311738515905],[38.490686,48.631311],[38.490299,48.631524],[38.490686,48.632056],[38.490686,48.63205533663366],[38.490717,48.632098],[38.491844,48.631735]]]}},{"type":"Feature","properties":{"cadnum":"4423881100:08:007:0021"},"geometry":{"type":"Polygon","coordinates":[[[38.492968,48.631414],[38.494454,48.630945],[38.493928,48.630266],[38.492891,48.630616],[38.492945,48.630749],[38.492872,48.630952],[38.492612,48.630958],[38.492968,48.631414]]]}},{"type":"Feature","properties":{"cadnum":"4423881100:08:007:0024"},"geometry":{"type":"Polygon","coordinates":[[[38.494907,48.629936],[38.494872,48.629885],[38.490686,48.631152232958456],[38.490686,48.631152],[38.488148,48.631919],[38.488184,48.631966],[38.490515,48.631262600719424],[38.490515,48.631263],[38.494907,48.629936]]]}},{"type":"Feature","properties":{"cadnum":"4423881100:05:004:0004"},"geometry":{"type":"Polygon","coordinates":[[[38.506025,48.67147],[38.506302,48.671284],[38.50544,48.670737],[38.50518,48.670921],[38.506025,48.67147]]]}},{"type":"Feature","properties":{"cadnum":"4423881100:05:004:0005"},"geometry":{"type":"Polygon","coordinates":[[[38.506302,48.671284],[38.506591,48.671088],[38.505777,48.670574],[38.505486,48.67077],[38.506302,48.671284]]]}},{"type":"Feature","properties":{"cadnum":"4423881100:05:004:0001"},"geometry":{"type":"Polygon","coordinates":[[[38.504134,48.672541],[38.504447,48.67241],[38.503796,48.671921],[38.503715,48.672045],[38.503644,48.672141],[38.503967,48.672396],[38.504134,48.672541]]]}},{"type":"Feature","properties":{"cadnum":"4423881100:05:004:0002"},"geometry":{"type":"Polygon","coordinates":[[[38.503625,48.672128],[38.503692,48.672036],[38.503774,48.671904],[38.503518,48.671713],[38.503258,48.671847],[38.503625,48.672128]]]}},{"type":"Feature","properties":{"cadnum":"4423881100:05:004:0006"},"geometry":{"type":"Polygon","coordinates":[[[38.505486,48.67077],[38.505777,48.670574],[38.505728,48.670545],[38.50544,48.670737],[38.505486,48.67077]]]}},{"type":"Feature","properties":{"cadnum":"4423881100:09:010:0005"},"geometry":{"type":"Polygon","coordinates":[[[38.414598,48.658067],[38.414607,48.658052],[38.414584,48.658047],[38.414576,48.658061],[38.414598,48.658067]]]}},{"type":"Feature","properties":{"cadnum":"4423881100:01:008:0001"},"geometry":{"type":"Polygon","coordinates":[[[38.612691,48.667065],[38.613148,48.667],[38.613131,48.666822],[38.612838,48.666834],[38.612636,48.666861],[38.612691,48.667065]]]}},{"type":"Feature","properties":{"cadnum":"4423881100:02:006:0041"},"geometry":{"type":"Polygon","coordinates":[[[38.542194,48.657106],[38.542146,48.657258],[38.541796494159925,48.658258],[38.541796,48.658258],[38.541759576159215,48.65836362913828],[38.541757,48.658371],[38.54175703448276,48.658371],[38.541746,48.658403],[38.541512,48.659085],[38.541454,48.659245],[38.54268,48.65945],[38.545446,48.6599122552757],[38.545446,48.659913],[38.547729,48.660293],[38.54763,48.659747],[38.547378,48.65961],[38.547508,48.659287],[38.54753,48.659233],[38.547467,48.658883],[38.547376888,48.658371],[38.547378,48.658371],[38.547351,48.658216],[38.547217,48.657465],[38.545446,48.657339],[38.545446,48.65733970191339],[38.543632,48.65721],[38.542194,48.657106]],[[38.544028,48.65772],[38.544037,48.657806],[38.543905,48.657812],[38.543897,48.657726],[38.544028,48.65772]],[[38.543888,48.657373],[38.543897,48.657429],[38.543808,48.657436],[38.543802,48.657376],[38.543888,48.657373]],[[38.543794,48.657693],[38.543798,48.657755],[38.543704,48.657759],[38.543699,48.657696],[38.543794,48.657693]],[[38.543758,48.657313],[38.543762,48.657376],[38.543668,48.657379],[38.543664,48.657317],[38.543758,48.657313]],[[38.542788,48.658144],[38.542792,48.658183],[38.542729,48.658186],[38.542725,48.658148],[38.542788,48.658144]],[[38.542599,48.658085],[38.542603,48.658148],[38.542505,48.658151],[38.5425,48.658089],[38.542599,48.658085]],[[38.546377,48.658023],[38.546381,48.658065],[38.546318,48.658067],[38.546314,48.658026],[38.546377,48.658023]],[[38.546205,48.657955],[38.546211,48.65802],[38.546116,48.658023],[38.546112,48.657961],[38.546205,48.657955]],[[38.544445,48.659103],[38.544414,48.659103],[38.544414,48.659082],[38.544441,48.659082],[38.544445,48.659103]],[[38.544265,48.659183],[38.54427,48.659204],[38.544234,48.659207],[38.544234,48.659186],[38.544265,48.659183]],[[38.5475,48.659073],[38.547504,48.659094],[38.547473,48.659097],[38.547467,48.659076],[38.5475,48.659073]],[[38.547404,48.658999],[38.547374,48.658999],[38.547374,48.658978],[38.547404,48.658978],[38.547404,48.658999]]]}},{"type":"Feature","properties":{"cadnum":"4423881100:09:004:0012"},"geometry":{"type":"Polygon","coordinates":[[[38.512231,48.678817],[38.51216,48.678814],[38.512168,48.67873],[38.512241,48.67871],[38.512388,48.676943],[38.507426,48.676758],[38.507354,48.677521],[38.51032583409786,48.680024],[38.510324,48.680024],[38.511962,48.681403],[38.512057,48.680863],[38.51211843742551,48.680137],[38.512119,48.680137],[38.512231,48.678817]],[[38.511684,48.680902],[38.511711,48.680895],[38.511719,48.680913],[38.511692,48.680919],[38.511684,48.680902]]]}},{"type":"Feature","properties":{"cadnum":"4423881100:09:004:0002"},"geometry":{"type":"Polygon","coordinates":[[[38.512501,48.679128],[38.512564,48.678327],[38.512438,48.678325],[38.51242,48.678535],[38.512367,48.678535],[38.512357,48.678675],[38.512168,48.67873],[38.51216,48.678814],[38.512263,48.67882],[38.512375,48.679125],[38.512501,48.679128]]]}},{"type":"Feature","properties":{"cadnum":"4423881100:05:001:0010"},"geometry":{"type":"Polygon","coordinates":[[[38.500338,48.672627],[38.500136,48.672446],[38.500113,48.672461],[38.50001,48.6725],[38.499902,48.672535],[38.499556,48.672683],[38.499561,48.672742],[38.499322,48.672883],[38.49932285572139,48.672883],[38.499174,48.672971],[38.499367,48.673149],[38.500073,48.67277],[38.50007155078125,48.67277],[38.500338,48.672627]]]}},{"type":"Feature","properties":{"cadnum":"4423881100:05:001:0008"},"geometry":{"type":"Polygon","coordinates":[[[38.49965,48.674368],[38.499839,48.67435],[38.500415,48.674118],[38.499987,48.673905],[38.499601,48.674089],[38.499503,48.674083],[38.499453,48.674214],[38.49965,48.674368]]]}},{"type":"Feature","properties":{"cadnum":"4423881100:05:001:0006"},"geometry":{"type":"Polygon","coordinates":[[[38.500415,48.672458],[38.50032,48.67239],[38.500149,48.672277],[38.500096,48.672309],[38.499866,48.672241],[38.499884,48.672206],[38.49974,48.672179],[38.499484,48.672203],[38.499489,48.672232],[38.49931,48.672238],[38.498079,48.672517],[38.497939,48.672491],[38.496614,48.672731],[38.496564,48.67274],[38.49658938461538,48.67277],[38.496589,48.67277],[38.49662685714283,48.672814285714246],[38.496685,48.672883],[38.49668559677419,48.672883],[38.496695,48.672894],[38.497353,48.67277],[38.497352536666675,48.67277],[38.498348,48.672583],[38.499304,48.672366],[38.499767,48.672309],[38.500055,48.672377],[38.50049926086957,48.67277],[38.500499,48.67277],[38.500912,48.673135],[38.500891,48.673149],[38.501084,48.673386],[38.501258,48.673591],[38.501295,48.673576],[38.501371,48.673659],[38.501388,48.673665],[38.501514,48.673599],[38.501474,48.673588],[38.501402,48.673522],[38.501029,48.673072],[38.501034,48.673042],[38.501056,48.67301],[38.500777,48.67277],[38.50077692,48.67277],[38.500415,48.672458]]]}},{"type":"Feature","properties":{"cadnum":"4423881100:05:001:0009"},"geometry":{"type":"Polygon","coordinates":[[[38.500459,48.672772],[38.500338,48.672627],[38.499861,48.672883],[38.49986249033392,48.672883],[38.499013,48.673339],[38.499247,48.673478],[38.500268444759215,48.672883],[38.500269,48.672883],[38.500459,48.672772]]]}},{"type":"Feature","properties":{"cadnum":"4423881100:05:001:0005"},"geometry":{"type":"Polygon","coordinates":[[[38.499614,48.673959],[38.500329,48.67368],[38.500935,48.67341],[38.500981,48.673318],[38.500922,48.673247],[38.500719,48.673324],[38.50067,48.673265],[38.500513,48.673344],[38.500513,48.673371],[38.500176,48.673553],[38.49953,48.673896],[38.499614,48.673959]]]}},{"type":"Feature","properties":{"cadnum":"4423881100:05:001:0011"},"geometry":{"type":"Polygon","coordinates":[[[38.499337,48.673166],[38.499367,48.673149],[38.499174,48.672971],[38.499138,48.672992],[38.499337,48.673166]]]}},{"type":"Feature","properties":{"cadnum":"4423881100:05:001:0007"},"geometry":{"type":"Polygon","coordinates":[[[38.500415,48.674118],[38.501138,48.673828],[38.500975,48.673704],[38.500765,48.673638],[38.500652,48.673588],[38.499987,48.673905],[38.500415,48.674118]]]}},{"type":"Feature","properties":{"cadnum":"4423881100:05:006:0005"},"geometry":{"type":"Polygon","coordinates":[[[38.507785,48.672654],[38.507987,48.672423],[38.507354,48.672182],[38.507165,48.672416],[38.507439,48.67252],[38.507686,48.672615],[38.507785,48.672654]]]}},{"type":"Feature","properties":{"cadnum":"4423881100:08:004:0121"},"geometry":{"type":"Polygon","coordinates":[[[38.50217,48.635455],[38.50244,48.635427],[38.502319,48.635075],[38.50205,48.635101],[38.50217,48.635455]]]}},{"type":"Feature","properties":{"cadnum":"4423881100:08:009:0043"},"geometry":{"type":"Polygon","coordinates":[[[38.43653,48.63788],[38.436553,48.637871],[38.436543,48.637856],[38.436517,48.637865],[38.43653,48.63788]]]}},{"type":"Feature","properties":{"cadnum":"4423881100:08:009:0042"},"geometry":{"type":"Polygon","coordinates":[[[38.438017,48.637511],[38.438044,48.637506],[38.438031,48.637488],[38.438008,48.637497],[38.438017,48.637511]]]}},{"type":"Feature","properties":{"cadnum":"4423881100:08:009:0041"},"geometry":{"type":"Polygon","coordinates":[[[38.43958,48.637143],[38.439608,48.637134],[38.439594,48.637119],[38.439572,48.637128],[38.43958,48.637143]]]}},{"type":"Feature","properties":{"cadnum":"4423881100:08:009:0022"},"geometry":{"type":"Polygon","coordinates":[[[38.469953,48.634318],[38.469953,48.6343],[38.469925,48.6343],[38.469925,48.634318],[38.469953,48.634318]]]}},{"type":"Feature","properties":{"cadnum":"4423881100:01:007:0009"},"geometry":{"type":"Polygon","coordinates":[[[38.598349,48.649189],[38.598546,48.649148],[38.598173,48.648415],[38.597886,48.648483],[38.598349,48.649189]]]}},{"type":"Feature","properties":{"cadnum":"4423881100:08:004:0105"},"geometry":{"type":"Polygon","coordinates":[[[38.493964,48.63934],[38.493987,48.639334],[38.493977,48.639319],[38.493955,48.639325],[38.493964,48.63934]]]}},{"type":"Feature","properties":{"cadnum":"4423881100:08:004:0115"},"geometry":{"type":"Polygon","coordinates":[[[38.495231,48.637585],[38.495433,48.637568],[38.495352,48.637215],[38.495155,48.637235],[38.495231,48.637585]]]}},{"type":"Feature","properties":{"cadnum":"4423881100:08:004:0102"},"geometry":{"type":"Polygon","coordinates":[[[38.493039,48.637737],[38.493066,48.637731],[38.493057,48.637717],[38.493031,48.637722],[38.493039,48.637737]]]}},{"type":"Feature","properties":{"cadnum":"4423881100:08:004:0103"},"geometry":{"type":"Polygon","coordinates":[[[38.493354,48.638283],[38.493375,48.638278],[38.493367,48.638259],[38.493344,48.638265],[38.493354,48.638283]]]}},{"type":"Feature","properties":{"cadnum":"4423881100:08:004:0104"},"geometry":{"type":"Polygon","coordinates":[[[38.493668,48.638826],[38.49369,48.63882],[38.493681,48.638802],[38.493658,48.638808],[38.493668,48.638826]]]}},{"type":"Feature","properties":{"cadnum":"4423881100:08:004:0101"},"geometry":{"type":"Polygon","coordinates":[[[38.492729,48.637194],[38.492752,48.637187],[38.492742,48.637173],[38.49272,48.637179],[38.492729,48.637194]]]}},{"type":"Feature","properties":{"cadnum":"4423881100:08:004:0106"},"geometry":{"type":"Polygon","coordinates":[[[38.49426,48.639856],[38.494287,48.639851],[38.494279,48.639833],[38.494251,48.639838],[38.49426,48.639856]]]}},{"type":"Feature","properties":{"cadnum":"4423881100:08:004:0112"},"geometry":{"type":"Polygon","coordinates":[[[38.496224,48.643216],[38.496287,48.643159],[38.496264,48.643151],[38.496218,48.643192],[38.496165,48.643162],[38.496151,48.643175],[38.496224,48.643216]]]}},{"type":"Feature","properties":{"cadnum":"4423881100:02:002:0024"},"geometry":{"type":"Polygon","coordinates":[[[38.588198,48.665508],[38.588216,48.665253],[38.587326,48.665229],[38.587326,48.66519],[38.587237,48.665187],[38.587231,48.665478],[38.588198,48.665508]]]}},{"type":"Feature","properties":{"cadnum":"4423881100:02:002:0026"},"geometry":{"type":"Polygon","coordinates":[[[38.586693,48.665348],[38.586707,48.665134],[38.585669,48.665099],[38.585651,48.665309],[38.586693,48.665348]]]}},{"type":"Feature","properties":{"cadnum":"4423881100:03:004:0012"},"geometry":{"type":"Polygon","coordinates":[[[38.477228,48.642827],[38.477238,48.642812],[38.477215,48.642803],[38.477206,48.642818],[38.477228,48.642827]]]}},{"type":"Feature","properties":{"cadnum":"4423881100:03:004:0015"},"geometry":{"type":"Polygon","coordinates":[[[38.475936,48.642465],[38.475962,48.642438],[38.475976,48.642444],[38.475989,48.642432],[38.47597,48.642423],[38.476007,48.642388],[38.475926,48.642355],[38.475859,48.642435],[38.475936,48.642465]]]}},{"type":"Feature","properties":{"cadnum":"4423881100:03:002:0017"},"geometry":{"type":"Polygon","coordinates":[[[38.478913,48.643267],[38.478936,48.643257],[38.478903,48.643207],[38.478877,48.643216],[38.478913,48.643267]]]}},{"type":"Feature","properties":{"cadnum":"4423881100:03:004:0013"},"geometry":{"type":"Polygon","coordinates":[[[38.476811,48.6427],[38.476819,48.642685],[38.476798,48.642678],[38.476789,48.642693],[38.476811,48.6427]]]}},{"type":"Feature","properties":{"cadnum":"4423881100:03:004:0014"},"geometry":{"type":"Polygon","coordinates":[[[38.476393,48.642572],[38.476406,48.642557],[38.476385,48.642551],[38.47637,48.642566],[38.476393,48.642572]]]}},{"type":"Feature","properties":{"cadnum":"4423881100:03:004:0017"},"geometry":{"type":"Polygon","coordinates":[[[38.477611,48.642984],[38.47766,48.642955],[38.477592,48.642898],[38.477544,48.642928],[38.477611,48.642984]]]}},{"type":"Feature","properties":{"cadnum":"4423881100:03:004:0010"},"geometry":{"type":"Polygon","coordinates":[[[38.477983,48.643234],[38.478001,48.643222],[38.477983,48.64321],[38.477965,48.643219],[38.477983,48.643234]]]}},{"type":"Feature","properties":{"cadnum":"4423881100:03:004:0009"},"geometry":{"type":"Polygon","coordinates":[[[38.478307,48.643441],[38.478311,48.643426],[38.478248,48.643412],[38.47827,48.64337],[38.478248,48.643364],[38.478217,48.643424],[38.478307,48.643441]]]}},{"type":"Feature","properties":{"cadnum":"4423881100:03:004:0011"},"geometry":{"type":"Polygon","coordinates":[[[38.477687,48.643002],[38.477701,48.642988],[38.477682,48.642979],[38.477664,48.64299],[38.477687,48.643002]]]}},{"type":"Feature","properties":{"cadnum":"4423881100:03:004:0001"},"geometry":{"type":"Polygon","coordinates":[[[38.479408,48.643637],[38.479483,48.643634],[38.479483,48.643619],[38.479443,48.643595],[38.479408,48.643619],[38.479408,48.643637]]]}},{"type":"Feature","properties":{"cadnum":"4423881100:09:011:0001"},"geometry":{"type":"Polygon","coordinates":[[[38.420679,48.649184],[38.421021,48.648647],[38.420796,48.64865],[38.420486,48.649151],[38.420679,48.649184]]]}},{"type":"Feature","properties":{"cadnum":"4423881100:09:011:0002"},"geometry":{"type":"Polygon","coordinates":[[[38.420796,48.64865],[38.421021,48.648647],[38.421318,48.648181],[38.42094,48.64816],[38.420796,48.64865]]]}},{"type":"Feature","properties":{"cadnum":"4423881100:03:002:0003"},"geometry":{"type":"Polygon","coordinates":[[[38.488417,48.64421],[38.488421,48.644142],[38.488394,48.644142],[38.48839,48.64421],[38.488417,48.64421]]]}},{"type":"Feature","properties":{"cadnum":"4423881100:08:003:0009"},"geometry":{"type":"Polygon","coordinates":[[[38.489123,48.643969],[38.489144,48.643964],[38.489131,48.643949],[38.489109,48.643955],[38.489123,48.643969]]]}},{"type":"Feature","properties":{"cadnum":"4423881100:09:012:0001"},"geometry":{"type":"Polygon","coordinates":[[[38.416997,48.642652],[38.417024,48.642646],[38.41701,48.642628],[38.416987,48.642637],[38.416997,48.642652]]]}},{"type":"Feature","properties":{"cadnum":"4423881100:08:008:0014"},"geometry":{"type":"Polygon","coordinates":[[[38.422876,48.641064],[38.422903,48.641058],[38.42289,48.641041],[38.422867,48.641046],[38.422876,48.641064]]]}},{"type":"Feature","properties":{"cadnum":"4423881100:08:008:0015"},"geometry":{"type":"Polygon","coordinates":[[[38.421255,48.641426],[38.421282,48.641417],[38.421268,48.641402],[38.421245,48.641411],[38.421255,48.641426]]]}},{"type":"Feature","properties":{"cadnum":"4423881100:08:008:0013"},"geometry":{"type":"Polygon","coordinates":[[[38.424448,48.640705],[38.424475,48.640699],[38.424461,48.640681],[38.424439,48.64069],[38.424448,48.640705]]]}}]}