{"type":"FeatureCollection","features":[{"type":"Feature","properties":{"cadnum":"4425487500:07:004:0007"},"geometry":{"type":"Polygon","coordinates":[[[38.24226,49.805284],[38.242176419580424,49.806031],[38.242176,49.806031],[38.241937,49.808159],[38.243322,49.808224825305075],[38.243322,49.808225],[38.24779,49.808435],[38.248046579450914,49.806142],[38.248047,49.806142],[38.248065,49.805994],[38.247112,49.805927],[38.24692800000191,49.806076283017326],[38.246613,49.806331],[38.246348,49.806438],[38.245549,49.806597],[38.245036,49.806492],[38.244875,49.806376],[38.245063,49.806073],[38.245409,49.805785],[38.244952,49.805713],[38.243505,49.805658],[38.243604,49.805499],[38.243322,49.805454],[38.243322,49.80545418373205],[38.242449,49.805313],[38.24226,49.805284]]]}},{"type":"Feature","properties":{"cadnum":"4425487500:07:004:0008"},"geometry":{"type":"Polygon","coordinates":[[[38.248065,49.805994],[38.2480605,49.806031],[38.248059,49.806031],[38.24779,49.808435],[38.248816,49.808482999999995],[38.248816,49.808483],[38.24881600009858,49.80848300000461],[38.248987,49.808491],[38.248987,49.80849099103139],[38.253053,49.808681],[38.253275,49.806713],[38.253302,49.806389],[38.25243,49.806342],[38.24994615120278,49.806142],[38.249947,49.806142],[38.24884209999913,49.80605309999993],[38.248573,49.806031],[38.24856941025636,49.806031],[38.248508,49.806026],[38.248065,49.805994]]]}},{"type":"Feature","properties":{"cadnum":"4425487500:01:001:0021"},"geometry":{"type":"Polygon","coordinates":[[[38.15175,49.835289],[38.151779,49.835283],[38.151773,49.835269],[38.151746,49.835272],[38.15175,49.835289]]]}},{"type":"Feature","properties":{"cadnum":"4425487500:04:002:0381"},"geometry":{"type":"Polygon","coordinates":[[[38.155798,49.835585],[38.15583,49.835585],[38.155654,49.834707],[38.155628,49.834518],[38.155603,49.83452501530613],[38.155603,49.834525],[38.15326,49.835173],[38.153305,49.835541],[38.153314,49.835585],[38.153345,49.835689],[38.153507,49.835674],[38.154316,49.835607],[38.154657,49.835607],[38.155432,49.83559225369979],[38.155432,49.835593],[38.155798,49.835585]]]}},{"type":"Feature","properties":{"cadnum":"4425487500:01:001:0020"},"geometry":{"type":"Polygon","coordinates":[[[38.152255,49.835254],[38.152272,49.835199],[38.152245,49.835196],[38.152227,49.835251],[38.152255,49.835254]]]}},{"type":"Feature","properties":{"cadnum":"4425487500:01:001:0055"},"geometry":{"type":"Polygon","coordinates":[[[38.152978,49.837476],[38.15255073684211,49.837927],[38.15255,49.837927],[38.152492,49.837989],[38.152177,49.837927],[38.15217413658537,49.837927],[38.151441,49.837784],[38.151392,49.837922],[38.151459,49.838007],[38.151439,49.838038],[38.15144003529412,49.838038],[38.151199,49.838432],[38.151364,49.838507],[38.151351,49.838629],[38.151297,49.838699],[38.151087,49.838759],[38.151033,49.838834],[38.151033,49.839066],[38.152039,49.839119],[38.152029,49.838924],[38.151693,49.838916],[38.151647,49.838785],[38.15172,49.838699],[38.15189,49.838655],[38.152119,49.838693],[38.152475,49.838817],[38.152676,49.839124],[38.154213,49.839],[38.154213,49.838954],[38.154024,49.838855],[38.153777,49.838768],[38.153255,49.83834],[38.152991,49.837971],[38.15299,49.837927],[38.15298984444444,49.837927],[38.152978,49.837476]]]}},{"type":"Feature","properties":{"cadnum":"4425487500:04:002:0380"},"geometry":{"type":"Polygon","coordinates":[[[38.155595,49.833626],[38.153211,49.834286],[38.153228,49.83433],[38.153238472727274,49.834384],[38.153238,49.834384],[38.15325927272741,49.83449125000068],[38.15326,49.834495],[38.153260016528925,49.834495],[38.15331,49.834747],[38.15335,49.835063],[38.155432,49.8344872849534],[38.155432,49.834488],[38.155717,49.834408],[38.155595,49.833626]]]}},{"type":"Feature","properties":{"cadnum":"4425487500:01:001:0018"},"geometry":{"type":"Polygon","coordinates":[[[38.153161,49.835602],[38.153175,49.835587],[38.153152,49.835576],[38.153138,49.83559],[38.153161,49.835602]]]}},{"type":"Feature","properties":{"cadnum":"4425487500:01:001:0023"},"geometry":{"type":"Polygon","coordinates":[[[38.150134,49.835521],[38.150161,49.835518],[38.150157,49.8355],[38.150129,49.835506],[38.150134,49.835521]]]}},{"type":"Feature","properties":{"cadnum":"4425487500:04:002:0289"},"geometry":{"type":"Polygon","coordinates":[[[38.155228,49.835834],[38.155228,49.835817],[38.155201,49.835817],[38.155201,49.835834],[38.155228,49.835834]]]}},{"type":"Feature","properties":{"cadnum":"4425487500:04:002:0123"},"geometry":{"type":"Polygon","coordinates":[[[38.155603,49.835865125],[38.155603,49.835865],[38.153314,49.835886],[38.153301,49.83608],[38.153224,49.836697],[38.15318,49.836951],[38.153008,49.83749],[38.153008,49.837795],[38.15309,49.837917],[38.153231,49.838038],[38.153231710706144,49.838038],[38.153615,49.838366],[38.15436,49.838959],[38.154567,49.83904],[38.154989,49.839168],[38.155578,49.839252],[38.155603,49.839256],[38.155603,49.83925526855124],[38.155861,49.839289],[38.15586926651982,49.838038],[38.15587,49.838038],[38.155888,49.835862],[38.155603,49.835865125]]]}},{"type":"Feature","properties":{"cadnum":"4425487500:01:001:0022"},"geometry":{"type":"Polygon","coordinates":[[[38.15088,49.835413],[38.150907,49.835411],[38.150901,49.835394],[38.150875,49.835399],[38.15088,49.835413]]]}},{"type":"Feature","properties":{"cadnum":"4425487500:01:001:0019"},"geometry":{"type":"Polygon","coordinates":[[[38.152744,49.835422],[38.152758,49.835407],[38.152735,49.835399],[38.152721,49.835413],[38.152744,49.835422]]]}},{"type":"Feature","properties":{"cadnum":"4425487500:04:002:0291"},"geometry":{"type":"Polygon","coordinates":[[[38.153723,49.835836],[38.15375,49.835787],[38.153727,49.835781],[38.153696,49.83583],[38.153723,49.835836]]]}},{"type":"Feature","properties":{"cadnum":"4425487500:04:002:0290"},"geometry":{"type":"Polygon","coordinates":[[[38.154505,49.835834],[38.154505,49.835817],[38.154482,49.835817],[38.154477,49.835834],[38.154505,49.835834]]]}},{"type":"Feature","properties":{"cadnum":"4425487500:04:009:0074"},"geometry":{"type":"Polygon","coordinates":[[[38.219408,49.844526],[38.219417,49.844509],[38.219394,49.8445],[38.219381,49.844518],[38.219408,49.844526]]]}},{"type":"Feature","properties":{"cadnum":"4425487500:04:009:0047"},"geometry":{"type":"Polygon","coordinates":[[[38.218968,49.844512],[38.217467,49.844019],[38.217068,49.844802],[38.217705,49.845123],[38.21770568768474,49.845123],[38.221521,49.847042],[38.221521,49.84704111217184],[38.222188,49.847377],[38.222507,49.846855],[38.22319,49.845758],[38.223203,49.845734],[38.221521,49.845249279007014],[38.221521,49.845249],[38.220699,49.845012],[38.22069876923076,49.845012],[38.218968,49.844512]]]}},{"type":"Feature","properties":{"cadnum":"4425487500:04:009:0046"},"geometry":{"type":"Polygon","coordinates":[[[38.217068,49.844802],[38.216901,49.845123],[38.216901717098445,49.845123],[38.216461,49.845977],[38.22135,49.8484355795432],[38.22135,49.848436],[38.221496,49.848509],[38.222188,49.847377],[38.22135,49.846955],[38.22135,49.84695599157582],[38.217485,49.845012],[38.217484728971954,49.845012],[38.217068,49.844802]]]}},{"type":"Feature","properties":{"cadnum":"4425487500:04:009:0075"},"geometry":{"type":"Polygon","coordinates":[[[38.218043,49.844124],[38.218056,49.844109],[38.218033,49.844101],[38.21802,49.844115],[38.218043,49.844124]]]}},{"type":"Feature","properties":{"cadnum":"4425487500:04:009:0041"},"geometry":{"type":"Polygon","coordinates":[[[38.217467,49.844019],[38.216299,49.843635],[38.216028,49.844162285067874],[38.216028,49.844161],[38.215532,49.845123],[38.215532843963864,49.845123],[38.21376615603614,49.848554],[38.213766,49.848554],[38.213733641921294,49.848617144105006],[38.213709,49.848665],[38.21370911825726,49.848665],[38.213519,49.849036],[38.21435,49.849899],[38.214408,49.849963],[38.214624,49.84954],[38.215134,49.848554],[38.21513366666667,49.848554],[38.215249,49.848332],[38.215857,49.84714889180328],[38.215857,49.847151],[38.215859,49.847145],[38.216028,49.846818],[38.216028,49.846817106312294],[38.216461,49.845977],[38.216959,49.845012],[38.216958747663554,49.845012],[38.217068,49.844802],[38.217467,49.844019]]]}},{"type":"Feature","properties":{"cadnum":"4425487500:04:009:0040"},"geometry":{"type":"Polygon","coordinates":[[[38.215857,49.843488],[38.215857,49.84348817981073],[38.215077,49.843229],[38.214943,49.84318],[38.21400107102419,49.845012],[38.214,49.845012],[38.212486,49.847959],[38.213162,49.848665],[38.21316262448133,49.848665],[38.213519,49.849036],[38.213733641921294,49.848617144105006],[38.21559,49.845012],[38.21558923076923,49.845012],[38.215857,49.84449265725807],[38.215857,49.844495],[38.216299,49.843635],[38.215857,49.843488]]]}},{"type":"Feature","properties":{"cadnum":"4425487500:04:009:0049"},"geometry":{"type":"Polygon","coordinates":[[[38.224685,49.840839],[38.223041,49.840364],[38.222201,49.841581],[38.222201471025265,49.841581],[38.22146057020616,49.8426556255415],[38.22023,49.84444],[38.221521,49.844846],[38.221521,49.844845586826345],[38.221851,49.844949],[38.22417249008336,49.841581],[38.224173,49.841581],[38.224685,49.840839]]]}},{"type":"Feature","properties":{"cadnum":"4425487500:04:009:0051"},"geometry":{"type":"Polygon","coordinates":[[[38.221299,49.83986],[38.219547,49.839356],[38.21801,49.841581],[38.218010408259275,49.841581],[38.216767,49.843383],[38.218446,49.843884],[38.218509,49.843903],[38.220111399506784,49.841581],[38.220112,49.841581],[38.221299,49.83986]]]}},{"type":"Feature","properties":{"cadnum":"4425487500:04:009:0076"},"geometry":{"type":"Polygon","coordinates":[[[38.216664,49.843716],[38.216672,49.843701],[38.21665,49.843692],[38.216636,49.84371],[38.216664,49.843716]]]}},{"type":"Feature","properties":{"cadnum":"4425487500:04:009:0052"},"geometry":{"type":"Polygon","coordinates":[[[38.21776,49.83884],[38.216028,49.84135185820106],[38.216028,49.841351],[38.21594573478261,49.84147],[38.215945,49.84147],[38.2151,49.842696],[38.216028,49.843113],[38.216028,49.8431127397541],[38.216345,49.843255],[38.216767,49.843383],[38.218087,49.84147],[38.21808667730337,49.84147],[38.219547,49.839356],[38.21776,49.83884]]]}},{"type":"Feature","properties":{"cadnum":"4425487500:04:009:0050"},"geometry":{"type":"Polygon","coordinates":[[[38.221299,49.83986],[38.22018855839628,49.84147],[38.220188,49.84147],[38.218509,49.843903],[38.22023,49.84444],[38.22135,49.84281595662277],[38.22135,49.842816],[38.22146057020616,49.8426556255415],[38.221521,49.842568],[38.221521,49.842567976293104],[38.222278,49.84147],[38.22227761462613,49.84147],[38.223041,49.840364],[38.221521,49.8399253483146],[38.221521,49.839925],[38.221299,49.83986]]]}},{"type":"Feature","properties":{"cadnum":"4425487500:04:009:0073"},"geometry":{"type":"Polygon","coordinates":[[[38.22076,49.844923],[38.220769,49.844909],[38.220746,49.844901],[38.220733,49.844918],[38.22076,49.844923]]]}},{"type":"Feature","properties":{"cadnum":"4425487500:07:008:0018"},"geometry":{"type":"Polygon","coordinates":[[[38.29676917241378,49.838038],[38.298426,49.839],[38.298426,49.83899987695629],[38.300107,49.839976],[38.301554,49.839096],[38.29955698773226,49.837936284480385],[38.298426,49.83727896481732],[38.298426,49.837278],[38.296901,49.836393],[38.295333,49.837204],[38.296768,49.838038],[38.29676917241378,49.838038]]]}},{"type":"Feature","properties":{"cadnum":"4425487500:07:008:0011"},"geometry":{"type":"Polygon","coordinates":[[[38.294009,49.838038],[38.29400971628911,49.838038],[38.292761,49.838898],[38.292761,49.838898103542235],[38.292566,49.839032],[38.291515,49.83975],[38.289727,49.840857],[38.291004,49.841477],[38.292933,49.840307],[38.292933,49.84030660766962],[38.295473,49.838765],[38.294107,49.837971],[38.294009,49.838038]]]}},{"type":"Feature","properties":{"cadnum":"4425487500:07:007:0001"},"geometry":{"type":"Polygon","coordinates":[[[38.295486,49.836888],[38.294431,49.836245],[38.294233,49.836146],[38.292761,49.837343],[38.292761,49.83734354085603],[38.291905,49.838038],[38.29190544889065,49.838038],[38.288937,49.840451],[38.289637,49.840811],[38.289674,49.840828],[38.291467,49.839718],[38.292517,49.839],[38.292761,49.838831663461534],[38.292761,49.838832],[38.29391120331492,49.838038],[38.293912,49.838038],[38.294165,49.837864],[38.295486,49.836888]]]}},{"type":"Feature","properties":{"cadnum":"4425487500:07:007:0129"},"geometry":{"type":"Polygon","coordinates":[[[38.294488,49.833747],[38.294017,49.833174],[38.293649,49.832319],[38.293775,49.832305],[38.294547,49.831679],[38.29462,49.831606],[38.294044,49.831312],[38.292761,49.832356],[38.292761,49.8323568760469],[38.290545,49.834159],[38.291134,49.834463],[38.291196,49.834495],[38.29119603454894,49.834495],[38.292144,49.834984],[38.292933,49.835391],[38.292933,49.83539045714286],[38.293006,49.835428],[38.292939,49.835109],[38.293667,49.834458],[38.294488,49.833747]]]}},{"type":"Feature","properties":{"cadnum":"4425487500:07:007:0003"},"geometry":{"type":"Polygon","coordinates":[[[38.293029,49.835555],[38.293006,49.835428],[38.292761,49.835302],[38.292761,49.83530227503169],[38.292144,49.834984],[38.28852836935167,49.837927],[38.288527,49.837927],[38.287439,49.8388145107228],[38.287439,49.838814],[38.286786,49.839345],[38.287268,49.83959375038285],[38.287268,49.839594],[38.287393113511534,49.8396583189179],[38.287439,49.839682],[38.287439,49.8396819084507],[38.287836,49.839886],[38.290246,49.837927],[38.290245704753595,49.837927],[38.292933,49.835745],[38.292933,49.83574406779661],[38.293115,49.835596],[38.293029,49.835555]]]}},{"type":"Feature","properties":{"cadnum":"4425487500:07:008:0017"},"geometry":{"type":"Polygon","coordinates":[[[38.295333,49.837204],[38.29413,49.837827],[38.294067,49.837873],[38.29435,49.838038],[38.29435093790322,49.838038],[38.298426,49.840407],[38.298426,49.84040690419162],[38.298922,49.840695],[38.300107,49.839976],[38.298254,49.8389],[38.298254,49.83890013203463],[38.296578,49.837927],[38.296577010791374,49.837927],[38.295333,49.837204]]]}},{"type":"Feature","properties":{"cadnum":"4425487500:07:007:0002"},"geometry":{"type":"Polygon","coordinates":[[[38.294233,49.836146],[38.293115,49.835596],[38.292761,49.835884],[38.292761,49.835884658640225],[38.290109,49.838038],[38.29010944563554,49.838038],[38.287836,49.839886],[38.288937,49.840451],[38.292042,49.837927],[38.29204182014388,49.837927],[38.292933,49.837204],[38.292933,49.83720313315217],[38.294233,49.836146]]]}},{"type":"Feature","properties":{"cadnum":"4425487500:07:006:0017"},"geometry":{"type":"Polygon","coordinates":[[[38.301002,49.847808],[38.29978681213535,49.848554],[38.299786,49.848554],[38.298254,49.849496],[38.298254,49.849496591948764],[38.297333,49.850062],[38.298254,49.850706615736506],[38.298254,49.850707],[38.298809,49.851095],[38.302497,49.84883],[38.302094,49.848554],[38.30209270945158,49.848554],[38.301002,49.847808]]]}},{"type":"Feature","properties":{"cadnum":"4425487500:07:006:0018"},"geometry":{"type":"Polygon","coordinates":[[[38.300714,49.847614],[38.300251,49.847252],[38.299968,49.847064],[38.299591,49.846797],[38.298426,49.84751325280479],[38.298426,49.847513],[38.296548,49.848665],[38.296548515748036,49.848665],[38.295903,49.849062],[38.297333,49.850062],[38.298426,49.849391],[38.298426,49.849390240208876],[38.29960547770701,49.848665],[38.299606,49.848665],[38.301002,49.847808],[38.300714,49.847614]]]}},{"type":"Feature","properties":{"cadnum":"4425487500:07:006:0008"},"geometry":{"type":"Polygon","coordinates":[[[38.298689,49.851078],[38.298426,49.85089420229885],[38.298426,49.850894],[38.29722,49.85005],[38.29388208901251,49.852096],[38.293882,49.852096],[38.293352,49.852421],[38.294826,49.853453],[38.296850635224764,49.852207],[38.296851,49.852207],[38.298254,49.85134471174603],[38.298254,49.851346],[38.298689,49.851078]]]}},{"type":"Feature","properties":{"cadnum":"4425487500:07:006:0007"},"geometry":{"type":"Polygon","coordinates":[[[38.299975,49.852207],[38.300157,49.852103],[38.298689,49.851078],[38.298426,49.85124003218391],[38.298426,49.851239],[38.297031604338834,49.852096],[38.297031,49.852096],[38.294826,49.853453],[38.296358,49.854524],[38.29735,49.853867],[38.297822,49.853551],[38.298073,49.853374],[38.298254,49.85325247875354],[38.298254,49.853253],[38.29838744710031,49.85316288395815],[38.298426,49.853137],[38.298426,49.85313684941177],[38.298679,49.852966],[38.299457,49.852503],[38.299974999999996,49.852207],[38.299975,49.852207]]]}},{"type":"Feature","properties":{"cadnum":"4425487500:07:006:0016"},"geometry":{"type":"Polygon","coordinates":[[[38.304048,49.849888],[38.303919,49.849800571428574],[38.303919,49.8498],[38.302497,49.84883],[38.298809,49.851095],[38.300256,49.852106],[38.3004,49.852025],[38.301199,49.85162],[38.301398,49.851434],[38.303184,49.850429],[38.303919,49.849969],[38.303919,49.849968571428576],[38.304048,49.849888]]]}},{"type":"Feature","properties":{"cadnum":"4425487500:04:009:0007"},"geometry":{"type":"Polygon","coordinates":[[[38.221521,49.85213684486373],[38.221951,49.851495],[38.22135,49.85133],[38.22135,49.851330731707314],[38.220414,49.851072],[38.21978787136564,49.852096],[38.219787,49.852096],[38.218486,49.854226],[38.217634,49.855523],[38.218048203539816,49.855638],[38.218048,49.855638],[38.218414083305674,49.85573958332566],[38.218448,49.855749],[38.218448018867946,49.855749],[38.219003,49.855903],[38.219104698113206,49.855749],[38.219105,49.855749],[38.22135,49.85239357988411],[38.22135,49.852394],[38.221390274548924,49.8523333847698],[38.221521,49.852138],[38.221521,49.85213684486373]]]}},{"type":"Feature","properties":{"cadnum":"4425487500:04:009:0044"},"geometry":{"type":"Polygon","coordinates":[[[38.215859,49.847145],[38.215249,49.848332],[38.21576865408692,49.84859379245226],[38.216028,49.848725],[38.216028,49.84872402232143],[38.220113,49.850779],[38.220809,49.849635],[38.218661,49.848554],[38.218660314473695,49.848554],[38.216028,49.847230003309065],[38.216028,49.84723],[38.215859,49.847145]]]}},{"type":"Feature","properties":{"cadnum":"4425487500:04:009:0043"},"geometry":{"type":"Polygon","coordinates":[[[38.21576865408628,49.848593792451936],[38.21569,49.848554],[38.21568966666667,49.848554],[38.215249,49.848332],[38.215076,49.848665],[38.2150765862069,49.848665],[38.214624,49.84954],[38.216028,49.850247],[38.216028,49.850246006202426],[38.219404,49.851944],[38.220113,49.850779],[38.215857,49.848638],[38.215857,49.84863829954614],[38.21576865408628,49.848593792451936]]]}},{"type":"Feature","properties":{"cadnum":"4425487500:04:009:0013"},"geometry":{"type":"Polygon","coordinates":[[[38.224631,49.8472],[38.223041,49.846763],[38.22292,49.846962],[38.221879,49.848665],[38.22187938061225,49.848665],[38.221521,49.84925329648241],[38.221521,49.849253],[38.220436,49.851028],[38.221521,49.851327],[38.221521,49.85132603411514],[38.221819,49.851408],[38.223726,49.848554],[38.223725252559724,49.848554],[38.224631,49.8472]]]}},{"type":"Feature","properties":{"cadnum":"4425487500:04:009:0042"},"geometry":{"type":"Polygon","coordinates":[[[38.216028,49.85166598686132],[38.216542,49.852207],[38.216542625136015,49.852207],[38.218186,49.853934],[38.21924211969532,49.852207],[38.219243,49.852207],[38.219404,49.851944],[38.215857,49.85016],[38.215857,49.850160891025645],[38.214624,49.84954],[38.214408,49.849963],[38.216028,49.851667],[38.216028,49.85166598686132]]]}},{"type":"Feature","properties":{"cadnum":"4425487500:04:009:0045"},"geometry":{"type":"Polygon","coordinates":[[[38.216461,49.845977],[38.215859,49.847145],[38.218881,49.848665],[38.21888156244218,49.848665],[38.220809,49.849635],[38.22140033209991,49.848665],[38.221401,49.848665],[38.221402,49.848665],[38.221496,49.848509],[38.216461,49.845977]]]}},{"type":"Feature","properties":{"cadnum":"4425487500:07:005:0052"},"geometry":{"type":"Polygon","coordinates":[[[38.270118,49.84353],[38.270148,49.843489],[38.270364,49.843113],[38.269942,49.842656],[38.269642,49.842282],[38.265295,49.843694],[38.265295,49.84369453911807],[38.264764,49.843866],[38.264827,49.84393],[38.265295,49.84442651875],[38.265295,49.844428],[38.265779,49.84494],[38.270118,49.84353]]]}},{"type":"Feature","properties":{"cadnum":"4425487500:07:002:0051"},"geometry":{"type":"Polygon","coordinates":[[[38.260353,49.840625],[38.260366,49.840657],[38.26033,49.840773],[38.25984661971832,49.841083352112676],[38.259617,49.84123],[38.259485,49.841537],[38.259361,49.84199],[38.258233,49.842841],[38.256864,49.843437],[38.257456,49.844019],[38.25804,49.844674],[38.258301,49.845123],[38.25830194849786,49.845123],[38.258646,49.845711],[38.257491,49.845697],[38.256634,49.8457],[38.256229,49.845537],[38.255192,49.845575],[38.255147,49.845682],[38.255084,49.845682],[38.255053,49.845569],[38.25448,49.84554820564516],[38.25448,49.845548],[38.254047,49.845532],[38.253275,49.845448],[38.253418,49.846024],[38.253535,49.846473],[38.254091,49.846482],[38.254309,49.84649376863753],[38.254309,49.846494],[38.255007,49.846531],[38.258233,49.84669],[38.259778,49.846765],[38.259802,49.84676634693877],[38.259802,49.846767],[38.26219,49.846893],[38.263965,49.84698],[38.265467,49.847069],[38.265467,49.84706802690583],[38.266187,49.84711],[38.266718,49.847142],[38.267099,49.847041],[38.266165,49.846557],[38.265945,49.846224],[38.265783,49.845639],[38.265295,49.845072],[38.265295,49.84507235714286],[38.265243,49.845012],[38.26524260320284,49.845012],[38.264372,49.843999],[38.262294,49.841665],[38.26217830769291,49.84153966666733],[38.261481,49.840775],[38.261561,49.840663],[38.26104,49.840356],[38.260047,49.839808],[38.25983852174023,49.8396871677025],[38.258826,49.839098],[38.25804,49.838568],[38.256908,49.839173],[38.257932,49.839813],[38.258246,49.839744],[38.258363,49.839779],[38.258036,49.8403],[38.258053,49.840446],[38.258044,49.840466],[38.257843,49.840685],[38.258349,49.840822],[38.259172,49.840625],[38.259351,49.84059],[38.259974,49.840579],[38.259974,49.84057840597015],[38.260137,49.840575],[38.260353,49.840625]]]}},{"type":"Feature","properties":{"cadnum":"4425487500:07:005:0051"},"geometry":{"type":"Polygon","coordinates":[[[38.26877,49.841202],[38.26794549340369,49.84147],[38.267945,49.84147],[38.26768527778264,49.841554581235314],[38.267604,49.841581],[38.26760415411357,49.841581],[38.26545402271826,49.84228121260157],[38.263785,49.842823],[38.264764,49.843866],[38.265467,49.843639],[38.265467,49.84363813066483],[38.269642,49.842282],[38.268986,49.84147],[38.26898496569921,49.84147],[38.26877,49.841202]]]}},{"type":"Feature","properties":{"cadnum":"4425487500:07:005:0050"},"geometry":{"type":"Polygon","coordinates":[[[38.26802,49.840272],[38.267908,49.840124],[38.265467,49.84091711481056],[38.265467,49.840917],[38.2637655256024,49.84147],[38.263765,49.84147],[38.262791,49.841786],[38.263403,49.842412],[38.263785,49.842823],[38.265295,49.842332833531515],[38.265295,49.842333],[38.26545402271826,49.84228121260157],[38.265467,49.842277],[38.265467,49.8422769864151],[38.26768527778262,49.84155458123532],[38.26877,49.841202],[38.26802,49.840272]]]}},{"type":"Feature","properties":{"cadnum":"4425487500:07:005:0049"},"geometry":{"type":"Polygon","coordinates":[[[38.267908,49.840124],[38.267602,49.839718],[38.267036,49.838974],[38.265467,49.83948318150488],[38.265467,49.839483],[38.261705,49.840703],[38.261934,49.840883],[38.26248838888889,49.84147],[38.262488,49.84147],[38.262563,49.841549],[38.262593,49.841581],[38.26259378481012,49.841581],[38.262791,49.841786],[38.263422867088615,49.841581],[38.263424,49.841581],[38.265295,49.840972902104745],[38.265295,49.840973],[38.267908,49.840124]]]}},{"type":"Feature","properties":{"cadnum":"4425487500:03:001:0017"},"geometry":{"type":"Polygon","coordinates":[[[38.151136,49.812316],[38.151158,49.812314],[38.151154,49.812295],[38.151127,49.812301],[38.151136,49.812316]]]}},{"type":"Feature","properties":{"cadnum":"4425487500:03:001:0058"},"geometry":{"type":"Polygon","coordinates":[[[38.151724,49.812194],[38.151737,49.812183],[38.151675,49.812151],[38.151657,49.812166],[38.151724,49.812194]]]}},{"type":"Feature","properties":{"cadnum":"4425487500:03:001:0124"},"geometry":{"type":"Polygon","coordinates":[[[38.15011,49.811210407766985],[38.150557,49.811235],[38.150515,49.810484],[38.149939,49.810398],[38.149939,49.81039809090909],[38.149681,49.810359],[38.149613,49.811182],[38.15011,49.811211],[38.15011,49.811210407766985]]]}},{"type":"Feature","properties":{"cadnum":"4425487500:03:001:0059"},"geometry":{"type":"Polygon","coordinates":[[[38.152442,49.811974],[38.152465,49.811968],[38.152456,49.811951],[38.152434,49.811957],[38.152442,49.811974]]]}},{"type":"Feature","properties":{"cadnum":"4425487500:03:001:0062"},"geometry":{"type":"Polygon","coordinates":[[[38.153125,49.810751],[38.15313,49.810733],[38.153049,49.810725],[38.153045,49.810742],[38.153125,49.810751]]]}},{"type":"Feature","properties":{"cadnum":"4425487500:03:001:0022"},"geometry":{"type":"Polygon","coordinates":[[[38.153637,49.811504],[38.153641,49.81149],[38.15362,49.811484],[38.153611,49.811502],[38.153637,49.811504]]]}},{"type":"Feature","properties":{"cadnum":"4425487500:03:001:0123"},"geometry":{"type":"Polygon","coordinates":[[[38.150098,49.811324],[38.15011,49.811325],[38.15011,49.811324492440605],[38.150561,49.811343],[38.150557,49.811235],[38.149939,49.811201],[38.149939,49.8112010221328],[38.149613,49.811182],[38.149609,49.811285],[38.149582,49.811696],[38.150081,49.811754],[38.150098,49.811324]]]}},{"type":"Feature","properties":{"cadnum":"4425487500:03:001:0020"},"geometry":{"type":"Polygon","coordinates":[[[38.153448,49.811913],[38.153543,49.81191],[38.153538,49.811893],[38.153476,49.811896],[38.153471,49.81185],[38.153444,49.811852],[38.153448,49.811913]]]}},{"type":"Feature","properties":{"cadnum":"4425487500:03:001:0023"},"geometry":{"type":"Polygon","coordinates":[[[38.153817,49.811061],[38.153821,49.811044],[38.1538,49.81104],[38.15379,49.811055],[38.153817,49.811061]]]}},{"type":"Feature","properties":{"cadnum":"4425487500:03:001:0019"},"geometry":{"type":"Polygon","coordinates":[[[38.152501,49.812082],[38.152524,49.812076],[38.152519,49.812058],[38.152492,49.812063],[38.152501,49.812082]]]}},{"type":"Feature","properties":{"cadnum":"4425487500:03:001:0060"},"geometry":{"type":"Polygon","coordinates":[[[38.153301,49.811754],[38.15335,49.811704],[38.153328,49.811696],[38.153291,49.81173],[38.153234,49.811704],[38.15322,49.811719],[38.153301,49.811754]]]}},{"type":"Feature","properties":{"cadnum":"4425487500:03:001:0063"},"geometry":{"type":"Polygon","coordinates":[[[38.152955,49.810426],[38.152978,49.81042],[38.152972,49.810406],[38.152945,49.810409],[38.152955,49.810426]]]}},{"type":"Feature","properties":{"cadnum":"4425487500:03:001:0024"},"geometry":{"type":"Polygon","coordinates":[[[38.153961,49.810701],[38.15397,49.810684],[38.153943,49.810679],[38.153939,49.810696],[38.153961,49.810701]]]}},{"type":"Feature","properties":{"cadnum":"4425487500:03:001:0016"},"geometry":{"type":"Polygon","coordinates":[[[38.150238,49.812473],[38.150264,49.812467],[38.15026,49.812449],[38.150232,49.812455],[38.150238,49.812473]]]}},{"type":"Feature","properties":{"cadnum":"4425487500:03:001:0018"},"geometry":{"type":"Polygon","coordinates":[[[38.151783,49.812206],[38.151805,49.8122],[38.1518,49.812183],[38.151773,49.812188],[38.151783,49.812206]]]}},{"type":"Feature","properties":{"cadnum":"4425487500:03:001:0026"},"geometry":{"type":"Polygon","coordinates":[[[38.154235,49.810026],[38.15424,49.810009],[38.154217,49.810006],[38.154207,49.81002],[38.154235,49.810026]]]}},{"type":"Feature","properties":{"cadnum":"4425487500:03:001:0025"},"geometry":{"type":"Polygon","coordinates":[[[38.15405,49.810478],[38.15406,49.810461],[38.154033,49.810458],[38.154028,49.810473],[38.15405,49.810478]]]}},{"type":"Feature","properties":{"cadnum":"4425487500:03:001:0057"},"geometry":{"type":"Polygon","coordinates":[[[38.151459,49.812478],[38.151473,49.812464],[38.151446,49.812458],[38.151437,49.812473],[38.151459,49.812478]]]}},{"type":"Feature","properties":{"cadnum":"4425487500:03:001:0056"},"geometry":{"type":"Polygon","coordinates":[[[38.151203,49.812829],[38.151217,49.812812],[38.151194,49.812806],[38.15118,49.812821],[38.151203,49.812829]]]}},{"type":"Feature","properties":{"cadnum":"4425487500:03:001:0061"},"geometry":{"type":"Polygon","coordinates":[[[38.153238,49.811356],[38.153238,49.811339],[38.153211,49.811343],[38.153215,49.811356],[38.153238,49.811356]]]}},{"type":"Feature","properties":{"cadnum":"4425487500:03:001:0173"},"geometry":{"type":"Polygon","coordinates":[[[38.152316,49.809278],[38.152559,49.80953],[38.152705,49.809687],[38.15270631121281,49.809687],[38.153834,49.810887],[38.15441,49.81149],[38.154603,49.81169],[38.154796,49.811783],[38.155039,49.811823],[38.155432,49.811856446808505],[38.155432,49.811857],[38.156513,49.811948],[38.1567,49.811992],[38.1568,49.812058],[38.15692,49.812217],[38.157203,49.812617],[38.157459,49.813079],[38.157505,49.813232],[38.15750549704142,49.813232],[38.157523,49.81329],[38.157702,49.814467],[38.157729,49.814568],[38.157783,49.81466],[38.157905,49.814716],[38.158062,49.814736],[38.160725,49.814918],[38.160925,49.814939505376344],[38.160925,49.81494],[38.161082962265425,49.814956490566175],[38.161097,49.814958],[38.161097,49.814957956043955],[38.161107,49.814959],[38.162068,49.815113],[38.163006,49.815238],[38.164008,49.815405],[38.164035,49.815611],[38.164117,49.815626],[38.164368,49.815483],[38.166241,49.815829],[38.16659,49.815871],[38.16659,49.815870743155145],[38.167952,49.816035],[38.170122,49.81629],[38.172083,49.816527],[38.172083,49.816357],[38.169749,49.816075],[38.16806,49.81591],[38.166418,49.815701],[38.166418,49.81570113559322],[38.166354,49.815693],[38.164803,49.815455],[38.163048,49.815162],[38.16205,49.815],[38.161021638656045,49.81484643137264],[38.160869,49.814823],[38.160038,49.814774],[38.158088,49.814623],[38.157989,49.8146],[38.157936,49.814576],[38.157886,49.814536],[38.157851,49.814455],[38.157675,49.813275],[38.15766438961039,49.813232],[38.157665,49.813232],[38.157622,49.813058],[38.15728,49.8124],[38.157092,49.812084],[38.157006,49.811997],[38.156867,49.81187],[38.156574,49.811803],[38.155551,49.811734],[38.155432,49.811728],[38.155432,49.81172850769231],[38.155421,49.811728],[38.155219,49.811684],[38.154953,49.811623],[38.154657,49.811426],[38.153947,49.810679],[38.152897,49.809576],[38.15289655,49.809576],[38.152622,49.809287],[38.152316,49.809278]],[[38.166582,49.815849],[38.16656,49.815858],[38.166541,49.815846],[38.166564,49.815835],[38.166582,49.815849]]]}},{"type":"Feature","properties":{"cadnum":"4425487500:03:001:0021"},"geometry":{"type":"Polygon","coordinates":[[[38.153584,49.811971],[38.153597,49.811921],[38.153517,49.811913],[38.153507,49.811966],[38.153584,49.811971]]]}},{"type":"Feature","properties":{"cadnum":"4425487500:03:001:0180"},"geometry":{"type":"Polygon","coordinates":[[[38.154482,49.812519],[38.15454,49.811988],[38.154406,49.811986],[38.153953,49.811968],[38.15392,49.812198],[38.15388,49.812481],[38.154482,49.812519]]]}},{"type":"Feature","properties":{"cadnum":"4425487500:03:001:0064"},"geometry":{"type":"Polygon","coordinates":[[[38.152721,49.809934],[38.152748,49.809928],[38.152739,49.80991],[38.152712,49.809916],[38.152721,49.809934]]]}},{"type":"Feature","properties":{"cadnum":"4425487500:03:001:0179"},"geometry":{"type":"Polygon","coordinates":[[[38.155008,49.812551],[38.155021,49.811876],[38.15397,49.811832],[38.153953,49.811968],[38.154406,49.811986],[38.15454,49.811988],[38.154482,49.812519],[38.155008,49.812551]]]}},{"type":"Feature","properties":{"cadnum":"4425487500:04:008:0046"},"geometry":{"type":"Polygon","coordinates":[[[38.199549,49.82559495238094],[38.199573,49.825702],[38.205042,49.826598],[38.205042,49.82659711476028],[38.207519,49.827002],[38.207402,49.826536],[38.207316,49.826052],[38.205042,49.82568012755519],[38.205042,49.82568],[38.199377,49.824751],[38.199377,49.824751486631015],[38.199362,49.824749],[38.199447,49.82514],[38.199549,49.825595],[38.199549,49.82559495238094]]]}},{"type":"Feature","properties":{"cadnum":"4425487500:04:008:0048"},"geometry":{"type":"Polygon","coordinates":[[[38.205042,49.823851],[38.205042,49.82385],[38.199377,49.822922],[38.199377,49.82292247454844],[38.19894,49.82285],[38.198989,49.823068],[38.199140295890416,49.823754],[38.19914,49.823754],[38.19915,49.823798],[38.199549,49.823864],[38.199549,49.82386317581642],[38.20487,49.82473482418358],[38.20487,49.824735],[38.20715,49.825108],[38.207146,49.825064],[38.206934,49.82416],[38.205042,49.82385108333333],[38.205042,49.823851]]]}},{"type":"Feature","properties":{"cadnum":"4425487500:04:008:0044"},"geometry":{"type":"Polygon","coordinates":[[[38.20421599695966,49.82738783246902],[38.203665,49.827297],[38.20366200401608,49.827297],[38.199783,49.826661],[38.199905,49.827208],[38.199947,49.827408],[38.19994759580838,49.827408],[38.199995,49.827631],[38.20487,49.82842981612839],[38.20487,49.828431],[38.20799,49.828941],[38.207752,49.827968],[38.205042,49.82752416932685],[38.205042,49.827524],[38.204338334801754,49.827408],[38.204339,49.827408],[38.20421599695966,49.82738783246902]]]}},{"type":"Feature","properties":{"cadnum":"4425487500:04:008:0047"},"geometry":{"type":"Polygon","coordinates":[[[38.19915,49.823798],[38.199164,49.823864],[38.199164546052636,49.823864],[38.199217,49.824102],[38.199362,49.824749],[38.199549,49.82478],[38.199549,49.824779206178285],[38.20487,49.82565179382171],[38.20487,49.825652],[38.207316,49.826052],[38.207154,49.825108],[38.20487,49.824734],[38.20487,49.82473482418358],[38.199549,49.82386317581642],[38.199549,49.823863],[38.19915,49.823798]]]}},{"type":"Feature","properties":{"cadnum":"4425487500:04:008:0049"},"geometry":{"type":"Polygon","coordinates":[[[38.20445596551725,49.823754],[38.204452,49.823754],[38.20487,49.823822722033896],[38.20487,49.823823],[38.206934,49.82416],[38.20686546798029,49.823864],[38.206866,49.823864],[38.206714,49.823204],[38.20487,49.822902],[38.20487,49.82290279382171],[38.199377,49.822002],[38.199377,49.822002754901966],[38.198733,49.821897],[38.19876,49.822034],[38.19894,49.82285],[38.199549,49.822951],[38.199549,49.822950175816416],[38.20445596551725,49.823754]]]}},{"type":"Feature","properties":{"cadnum":"4425487500:04:008:0058"},"geometry":{"type":"Polygon","coordinates":[[[38.192355,49.824974],[38.192592,49.826012],[38.193884,49.82622292076503],[38.193884,49.826224],[38.199377,49.82712188490733],[38.199377,49.827123],[38.199905,49.827208],[38.199783,49.826661],[38.199676,49.826174],[38.19943668757462,49.82613558195178],[38.193884,49.825225],[38.193884,49.8252256872428],[38.192355,49.824974]]]}},{"type":"Feature","properties":{"cadnum":"4425487500:04:008:0045"},"geometry":{"type":"Polygon","coordinates":[[[38.199676,49.826174],[38.199783,49.826661],[38.20421599695851,49.82738783246883],[38.20487,49.82749564560639],[38.20487,49.827496],[38.207752,49.827968],[38.20761679880775,49.827408],[38.207617,49.827408],[38.207519,49.827002],[38.20487,49.826569],[38.20487,49.82656982080819],[38.199573,49.825702],[38.199676,49.826174]]]}},{"type":"Feature","properties":{"cadnum":"4425487500:04:008:0057"},"geometry":{"type":"Polygon","coordinates":[[[38.192592,49.826012],[38.192835,49.827069],[38.193884,49.82724082637183],[38.193884,49.827241],[38.194908,49.827408],[38.194908724454635,49.827408],[38.199549,49.828168],[38.199549,49.82816713720317],[38.200135,49.828263],[38.199995,49.827631],[38.199924,49.827297],[38.19992369,49.827297],[38.199905,49.827208],[38.199549,49.82715068939394],[38.199549,49.82715],[38.194056,49.82625211509268],[38.194056,49.826251],[38.192592,49.826012]]]}},{"type":"Feature","properties":{"cadnum":"4425487500:04:008:0059"},"geometry":{"type":"Polygon","coordinates":[[[38.194056,49.82525320617829],[38.199377,49.82612579382172],[38.199377,49.826126],[38.19943668757462,49.82613558195178],[38.199549,49.826154],[38.199549,49.82615361204014],[38.199676,49.826174],[38.199573,49.825702],[38.199447,49.82514],[38.199377,49.825128],[38.199377,49.825128511594464],[38.194056,49.824255228653605],[38.194056,49.824255],[38.192122,49.823937],[38.192185,49.824216],[38.192355,49.824974],[38.194056,49.825254],[38.194056,49.82525320617829]]]}},{"type":"Feature","properties":{"cadnum":"4425487500:07:004:0021"},"geometry":{"type":"Polygon","coordinates":[[[38.259086,49.80936],[38.2590364587156,49.809576],[38.259036,49.809576],[38.258799,49.810621],[38.259802,49.81071062978724],[38.259802,49.810711],[38.264112,49.811096],[38.264211,49.810661],[38.264399,49.809835],[38.261505,49.809576],[38.261501741444896,49.809576],[38.259974,49.80943938116287],[38.259974,49.809439],[38.259086,49.80936]]]}},{"type":"Feature","properties":{"cadnum":"4425487500:07:004:0015"},"geometry":{"type":"Polygon","coordinates":[[[38.253422,49.807779],[38.253283,49.808942],[38.254309,49.80903371428572],[38.254309,49.809034],[38.258996,49.809452],[38.259261,49.808301],[38.254309,49.807859],[38.254309,49.80785948393195],[38.253422,49.807779]]]}},{"type":"Feature","properties":{"cadnum":"4425487500:07:004:0022"},"geometry":{"type":"Polygon","coordinates":[[[38.259374,49.808107],[38.259086,49.80936],[38.259802,49.809423698198195],[38.259802,49.809424],[38.262743,49.809687],[38.26274528571425,49.809687],[38.264399,49.809835],[38.264457,49.809576],[38.26445605329154,49.809576],[38.264575,49.809049],[38.264682,49.808583],[38.259802,49.808146],[38.259802,49.80814623333333],[38.259374,49.808107]]]}},{"type":"Feature","properties":{"cadnum":"4425487500:07:004:0014"},"geometry":{"type":"Polygon","coordinates":[[[38.253283,49.808942],[38.253194,49.809687],[38.253195,49.809687],[38.253143,49.810131],[38.254309,49.810234780104715],[38.254309,49.810236],[38.258726,49.810629],[38.2589407008547,49.809687],[38.258941,49.809687],[38.258996,49.809452],[38.25448,49.80904925026669],[38.25448,49.809049],[38.253283,49.808942]]]}},{"type":"Feature","properties":{"cadnum":"4425487500:07:004:0016"},"geometry":{"type":"Polygon","coordinates":[[[38.25448,49.807874262924074],[38.259261,49.808301],[38.259598,49.806827],[38.25954,49.80682],[38.257281,49.806666],[38.256212,49.806571],[38.25448,49.80640262375197],[38.25448,49.806402],[38.253619,49.806318],[38.253552,49.80664],[38.253422,49.807779],[38.25448,49.807875],[38.25448,49.807874262924074]]]}},{"type":"Feature","properties":{"cadnum":"4425487500:07:004:0023"},"geometry":{"type":"Polygon","coordinates":[[[38.259974,49.80827240506586],[38.264737,49.808699],[38.26502,49.807452],[38.263399,49.807298],[38.260726,49.807044],[38.259974,49.80697238095238],[38.259974,49.806972],[38.25972,49.806948],[38.259428,49.808223],[38.259974,49.808273],[38.259974,49.80827240506586]]]}},{"type":"Feature","properties":{"cadnum":"4425487500:04:002:0086"},"geometry":{"type":"Polygon","coordinates":[[[38.142664,49.86124],[38.141596,49.862644],[38.141899893333324,49.862721],[38.141899,49.862721],[38.142188,49.862794],[38.144445,49.86299842157266],[38.144445,49.862999],[38.144744,49.863026],[38.147488,49.863512],[38.148634,49.86368],[38.149159,49.862985],[38.14865616666666,49.862831],[38.148658,49.862831],[38.144445,49.861537],[38.144445,49.86153706222222],[38.142817,49.861036],[38.142664,49.86124]]]}},{"type":"Feature","properties":{"cadnum":"4425487500:04:002:0092"},"geometry":{"type":"Polygon","coordinates":[[[38.154496,49.857805],[38.154104,49.857669],[38.153444,49.85744],[38.15204,49.85929],[38.152040864771145,49.85929],[38.15011,49.86183739890211],[38.15011,49.861837],[38.149355,49.862831],[38.14935659090909,49.862831],[38.148706,49.863689],[38.149155,49.863755],[38.149939,49.86369999685864],[38.149939,49.8637],[38.14993961453735,49.8636999537445],[38.15011,49.863688],[38.15011,49.86368712903226],[38.150125,49.863686],[38.150772673575126,49.862831],[38.150773,49.862831],[38.153541,49.859179],[38.15354029435484,49.859179],[38.154586,49.857802],[38.154496,49.857805]]]}},{"type":"Feature","properties":{"cadnum":"4425487500:04:002:0087"},"geometry":{"type":"Polygon","coordinates":[[[38.144617,49.86158982886304],[38.14829986244204,49.862721],[38.148297,49.862721],[38.149159,49.862985],[38.14927566666667,49.862831],[38.149276,49.862831],[38.149968,49.86192],[38.144445,49.86022],[38.144445,49.86022006357215],[38.143626,49.859968],[38.143509,49.860124],[38.142817,49.861036],[38.144617,49.86159],[38.144617,49.86158982886304]]]}},{"type":"Feature","properties":{"cadnum":"4425487500:07:007:0055"},"geometry":{"type":"Polygon","coordinates":[[[38.3148327116991,49.82683576462402],[38.314194,49.827408],[38.31419559589042,49.827408],[38.314157,49.827443],[38.314734,49.82771144385026],[38.314734,49.827712],[38.315806,49.828211],[38.316633,49.827464],[38.31651261676647,49.827408],[38.316513,49.827408],[38.31639248768322,49.827352118225896],[38.316274,49.827297],[38.31627362200283,49.827297],[38.314984,49.826699],[38.3148327116991,49.82683576462402]]]}},{"type":"Feature","properties":{"cadnum":"4425487500:07:007:0137"},"geometry":{"type":"Polygon","coordinates":[[[38.311243,49.822062],[38.30936884239733,49.823754],[38.309368,49.823754],[38.30926336064686,49.82384852183292],[38.309246,49.823864],[38.30924622571263,49.823864],[38.307465,49.825473],[38.308786,49.826084],[38.309412,49.82552],[38.309412,49.82551859294118],[38.311365,49.823754],[38.311364864548494,49.823754],[38.312568,49.822668],[38.311243,49.822062]]]}},{"type":"Feature","properties":{"cadnum":"4425487500:07:007:0052"},"geometry":{"type":"Polygon","coordinates":[[[38.313893,49.823274],[38.312568,49.822668],[38.311243,49.823864],[38.31124325520834,49.823864],[38.30924,49.825674],[38.30924,49.825674964856226],[38.308786,49.826084],[38.30924,49.826295769968056],[38.30924,49.826296],[38.30931569230626,49.82633107692241],[38.309412,49.826376],[38.309412,49.82637570731707],[38.310101,49.826695],[38.31336,49.823754],[38.313359305084745,49.823754],[38.313893,49.823274]]]}},{"type":"Feature","properties":{"cadnum":"4425487500:07:007:0146"},"geometry":{"type":"Polygon","coordinates":[[[38.314894,49.825366],[38.316093,49.824282],[38.315312,49.823926],[38.314905,49.82429215916955],[38.314905,49.824292],[38.31409,49.825024],[38.312621,49.826351],[38.31157462362362,49.827297],[38.311574,49.827297],[38.311516,49.82735],[38.312298,49.827713],[38.31264258166449,49.82739933266427],[38.313398,49.826716],[38.314734,49.82551038502674],[38.314734,49.825511],[38.314894,49.825366]]]}},{"type":"Feature","properties":{"cadnum":"4425487500:07:007:0033"},"geometry":{"type":"Polygon","coordinates":[[[38.30772982411068,49.827408],[38.307231,49.827803],[38.309412,49.828981],[38.309412,49.82898057324841],[38.309554,49.829057],[38.310667,49.829651],[38.311072,49.8295],[38.312176,49.828851],[38.313187,49.828855],[38.314067,49.828828],[38.312918,49.828289],[38.310827,49.827297],[38.31082590961761,49.827297],[38.309412,49.82662655824176],[38.309412,49.826626],[38.308979,49.82642],[38.307729,49.827408],[38.30772982411068,49.827408]]]}},{"type":"Feature","properties":{"cadnum":"4425487500:07:007:0145"},"geometry":{"type":"Polygon","coordinates":[[[38.313237,49.823864],[38.31323810608637,49.823864],[38.310101,49.826695],[38.311516,49.82735],[38.314734,49.8244472481558],[38.314734,49.824448],[38.315312,49.823926],[38.31517646511628,49.823864],[38.315177,49.823864],[38.314734,49.82366],[38.314734,49.82366125889328],[38.313893,49.823274],[38.313237,49.823864]]]}},{"type":"Feature","properties":{"cadnum":"4425487500:07:007:0050"},"geometry":{"type":"Polygon","coordinates":[[[38.314905,49.822542],[38.31043,49.820468],[38.309572,49.821242],[38.314734,49.823606666416644],[38.314734,49.823607],[38.31505488326848,49.823754],[38.315054,49.823754],[38.315487,49.823952],[38.315688217948356,49.8237700769234],[38.316323,49.823198],[38.314905,49.8225420969163],[38.314905,49.822542]]]}},{"type":"Feature","properties":{"cadnum":"4425487500:07:007:0056"},"geometry":{"type":"Polygon","coordinates":[[[38.317449,49.826725],[38.315801,49.82596],[38.314984,49.826699],[38.31639248768322,49.827352118225896],[38.316633,49.827464],[38.31675982014394,49.827347632065724],[38.317449,49.826725]]]}},{"type":"Feature","properties":{"cadnum":"4425487500:07:007:0057"},"geometry":{"type":"Polygon","coordinates":[[[38.317449,49.826725],[38.318124,49.826116],[38.316476,49.825351],[38.315801,49.82596],[38.317449,49.826725]]]}},{"type":"Feature","properties":{"cadnum":"4425487500:07:007:0045"},"geometry":{"type":"Polygon","coordinates":[[[38.316655,49.823285],[38.31601,49.823864],[38.31601192682927,49.823864],[38.31577,49.824082],[38.318906,49.82552],[38.319776,49.824731],[38.31790445138178,49.823864],[38.317905,49.823864],[38.316655,49.823285]]]}},{"type":"Feature","properties":{"cadnum":"4425487500:07:007:0060"},"geometry":{"type":"Polygon","coordinates":[[[38.320585,49.826339],[38.320227,49.826175],[38.320227,49.82617565300393],[38.318617,49.825438],[38.31655983248731,49.827297],[38.316559,49.827297],[38.314881,49.828814],[38.316156,49.828868],[38.317388,49.829228],[38.319524,49.827297],[38.31952396333333,49.827297],[38.320227,49.82666236308926],[38.320227,49.826663],[38.320585,49.826339]]]}},{"type":"Feature","properties":{"cadnum":"4425487500:07:007:0044"},"geometry":{"type":"Polygon","coordinates":[[[38.320398,49.82620229642699],[38.322494,49.827162],[38.32306,49.826487],[38.323204,49.826319],[38.320398,49.82502015283843],[38.320398,49.82502],[38.319776,49.824731],[38.318906,49.82552],[38.320398,49.826203],[38.320398,49.82620229642699]]]}},{"type":"Feature","properties":{"cadnum":"4425487500:07:007:0058"},"geometry":{"type":"Polygon","coordinates":[[[38.318124,49.826116],[38.318788,49.82552],[38.317126,49.82476],[38.316476,49.825351],[38.318124,49.826116]]]}},{"type":"Feature","properties":{"cadnum":"4425487500:07:007:0077"},"geometry":{"type":"Polygon","coordinates":[[[38.316655,49.823285],[38.31766752158895,49.823754],[38.317667,49.823754],[38.319776,49.824731],[38.320227,49.82494054823152],[38.320227,49.824941],[38.323204,49.826319],[38.323971,49.825436],[38.321937,49.824242],[38.32112135655738,49.823864],[38.321123,49.823864],[38.320227,49.823448],[38.320227,49.82344862556562],[38.317746,49.822297],[38.316655,49.823285]]]}},{"type":"Feature","properties":{"cadnum":"4425487500:07:007:0059"},"geometry":{"type":"Polygon","coordinates":[[[38.322279,49.827116],[38.320585,49.826339],[38.320398,49.82650824022347],[38.320398,49.826508],[38.319401,49.827408],[38.319401215950286,49.827408],[38.317388,49.829228],[38.317432,49.829242],[38.320227,49.829214671948755],[38.320227,49.829215],[38.320351759464245,49.82921345211583],[38.320398,49.829213],[38.320398,49.82921287841191],[38.32063,49.82921],[38.322189,49.829048],[38.322548,49.828979],[38.322714,49.828907],[38.322845,49.828819],[38.323019,49.82866],[38.323164,49.828501],[38.323235,49.828355],[38.323248,49.828222],[38.322925,49.827971],[38.322342,49.827501],[38.322308,49.827297],[38.32230751369863,49.827297],[38.322279,49.827116]]]}},{"type":"Feature","properties":{"cadnum":"4425487500:07:005:0036"},"geometry":{"type":"Polygon","coordinates":[[[38.271856,49.837444],[38.27096,49.8377451835206],[38.27096,49.837745],[38.27063,49.837855],[38.27068429508196,49.837927],[38.270684,49.837927],[38.270719999999656,49.837974347825636],[38.270768,49.838038],[38.270768396694216,49.838038],[38.270788,49.8380637826087],[38.270788,49.838065],[38.272745,49.840642],[38.273123,49.840309],[38.27393,49.83973],[38.274452,49.839287],[38.27350331102941,49.838038],[38.273504,49.838038],[38.272812,49.837125],[38.271856,49.837444]]]}},{"type":"Feature","properties":{"cadnum":"4425487500:07:005:0038"},"geometry":{"type":"Polygon","coordinates":[[[38.268878,49.838542],[38.267378,49.839044],[38.267814,49.839652],[38.268231,49.840205],[38.26925145784884,49.84147],[38.269251,49.84147],[38.270114,49.842537],[38.2705,49.842937],[38.270788,49.842613708971555],[38.270788,49.842614],[38.270957,49.842424],[38.27096,49.842421],[38.27096,49.842420987755105],[38.271447,49.841932],[38.271097,49.84147],[38.271096,49.84147],[38.27096,49.84129028571429],[38.27096,49.84129],[38.268878,49.838542]]]}},{"type":"Feature","properties":{"cadnum":"4425487500:07:005:0048"},"geometry":{"type":"Polygon","coordinates":[[[38.266215,49.837893],[38.266110186206895,49.837927],[38.26611,49.837927],[38.26603141071343,49.837952553571704],[38.265768,49.838038],[38.26576862264152,49.838038],[38.265467,49.83813607361963],[38.265467,49.838136],[38.26197,49.839269],[38.260214,49.83984],[38.261085,49.840321],[38.261615,49.840631],[38.261705,49.840703],[38.265295,49.839538778841046],[38.265295,49.839539],[38.267036,49.838974],[38.266241,49.837927],[38.266240558620694,49.837927],[38.266215,49.837893]]]}},{"type":"Feature","properties":{"cadnum":"4425487500:07:005:0043"},"geometry":{"type":"Polygon","coordinates":[[[38.267643,49.835576],[38.265414,49.836323],[38.266651,49.838038],[38.26665209489704,49.838038],[38.267378,49.839044],[38.268878,49.838542],[38.269686,49.83827],[38.269426,49.837927],[38.26942487083672,49.837927],[38.267643,49.835576]]]}},{"type":"Feature","properties":{"cadnum":"4425487500:07:005:0042"},"geometry":{"type":"Polygon","coordinates":[[[38.270788,49.837901333333335],[38.270788,49.837902],[38.271856,49.837546],[38.270788,49.836137],[38.270788,49.83613701393729],[38.269812,49.834849],[38.267643,49.835576],[38.269509,49.838038],[38.26951013994169,49.838038],[38.269686,49.83827],[38.27063,49.837954],[38.270788,49.837901333333335]]]}},{"type":"Feature","properties":{"cadnum":"4425487500:07:005:0037"},"geometry":{"type":"Polygon","coordinates":[[[38.27041518032786,49.837927],[38.270414,49.837927],[38.269686,49.838171],[38.268878,49.838443],[38.270788,49.840963979827094],[38.270788,49.840965],[38.27117084902597,49.84147],[38.27117,49.84147],[38.271447,49.841833],[38.27169414049587,49.841581],[38.271695,49.841581],[38.271869,49.841404],[38.272745,49.840642],[38.27096,49.838291491568725],[38.27096,49.83829],[38.27071999999957,49.83797434782552],[38.27063,49.837855],[38.27041518032786,49.837927]]]}},{"type":"Feature","properties":{"cadnum":"4425487500:07:005:0047"},"geometry":{"type":"Polygon","coordinates":[[[38.26511,49.836439],[38.261718,49.837595],[38.261206,49.837743],[38.260825,49.837861],[38.260878694915256,49.837927],[38.260877,49.837927],[38.26197,49.839269],[38.265295,49.83819172662282],[38.265295,49.838192],[38.26603141071368,49.837952553571625],[38.266215,49.837893],[38.265467,49.8369092173913],[38.265467,49.836909],[38.26511,49.836439]]]}},{"type":"Feature","properties":{"cadnum":"4425487500:07:004:0030"},"geometry":{"type":"Polygon","coordinates":[[[38.26292186407767,49.816665],[38.262921,49.816665],[38.262711,49.817588],[38.263515,49.817663],[38.265467,49.817874],[38.265467,49.81787357653458],[38.266582,49.817994],[38.26864,49.818185],[38.270131,49.818289],[38.270788,49.81834685404101],[38.270788,49.818347],[38.27086419575577,49.81835356367934],[38.27096,49.818362],[38.27096,49.8183618164794],[38.271322,49.818393],[38.271024,49.817571],[38.270913,49.817281],[38.265467,49.816796307938766],[38.265467,49.816795],[38.264012,49.816665],[38.26400883009711,49.816665],[38.262944,49.81657],[38.26292186407767,49.816665]]]}},{"type":"Feature","properties":{"cadnum":"4425487500:07:004:0029"},"geometry":{"type":"Polygon","coordinates":[[[38.265467,49.816682394680086],[38.270859,49.817165],[38.270704955999996,49.816776],[38.270705,49.816776],[38.270531,49.816333],[38.27032,49.81582],[38.265467,49.815387334527365],[38.265467,49.815387],[38.263177,49.815182],[38.262927,49.816281],[38.262886,49.816452],[38.265467,49.816683],[38.265467,49.816682394680086]]]}},{"type":"Feature","properties":{"cadnum":"4425487500:07:004:0032"},"geometry":{"type":"Polygon","coordinates":[[[38.264468,49.818677],[38.263735,49.818512],[38.262449,49.82032],[38.26244984210527,49.82032],[38.261745,49.821312],[38.265227,49.822262],[38.265295,49.822279],[38.26529500000013,49.82227900000003],[38.265467,49.822322],[38.265467,49.82232132331903],[38.265994,49.822451],[38.266062,49.822471],[38.267669,49.82021],[38.26766830218068,49.82021],[38.268047,49.819678],[38.267975,49.81966],[38.266691,49.819341],[38.265467,49.81897625501433],[38.265467,49.818976],[38.264468,49.818677]]]}},{"type":"Feature","properties":{"cadnum":"4425487500:07:004:0033"},"geometry":{"type":"Polygon","coordinates":[[[38.268047,49.819678],[38.26759,49.82032],[38.26759081777974,49.82032],[38.266062,49.822471],[38.267561,49.822955],[38.270788,49.822899934980875],[38.270788,49.8229],[38.2709415271734,49.822897315217396],[38.27096,49.822897],[38.27096,49.82289699217671],[38.272961,49.822862],[38.272902,49.822706],[38.272125,49.820712],[38.27096,49.82038818210862],[38.27096,49.820388],[38.270873,49.820364],[38.270691571428586,49.82032],[38.270694,49.82032],[38.268047,49.819678]]]}},{"type":"Feature","properties":{"cadnum":"4425487500:04:002:0055"},"geometry":{"type":"Polygon","coordinates":[[[38.139124,49.841238],[38.139124,49.84123724360033],[38.140163,49.840242],[38.138952,49.839756],[38.138952,49.83975689363868],[38.135194,49.838247],[38.133973,49.839429],[38.138928,49.841425],[38.139124,49.841238]]]}},{"type":"Feature","properties":{"cadnum":"4425487500:04:002:0054"},"geometry":{"type":"Polygon","coordinates":[[[38.137984,49.837546],[38.136601,49.836929],[38.136179,49.837288],[38.13552296,49.837927],[38.135522,49.837927],[38.135194,49.838247],[38.139124,49.839826],[38.139124,49.83982502725021],[38.140163,49.840242],[38.140167,49.84024],[38.141156,49.839293],[38.14067,49.839072],[38.139804,49.838469],[38.139124,49.83812500938967],[38.139124,49.838124],[38.138735,49.837927],[38.1387336097561,49.837927],[38.137984,49.837546]]]}},{"type":"Feature","properties":{"cadnum":"4425487500:04:002:0037"},"geometry":{"type":"Polygon","coordinates":[[[38.130301,49.838038],[38.130302248670205,49.838038],[38.133631,49.839431],[38.133631,49.839430626062324],[38.133812,49.839506],[38.134768,49.838577],[38.13356093032983,49.83807259426312],[38.133214,49.837927],[38.13321253195489,49.837927],[38.129661,49.836442],[38.129644,49.836448],[38.129024,49.836549],[38.128624,49.836633],[38.127969,49.836897],[38.127749,49.83697],[38.127966,49.83706092802057],[38.127966,49.837061],[38.12808444202366,49.837110557968785],[38.128138,49.837133],[38.128138,49.837132967451815],[38.130301,49.838038]]]}},{"type":"Feature","properties":{"cadnum":"4425487500:04:002:0036"},"geometry":{"type":"Polygon","coordinates":[[[38.126225,49.837482],[38.127553,49.838038],[38.12755371629213,49.838038],[38.127966,49.838210877502945],[38.127966,49.838211],[38.128103878375164,49.838268692227985],[38.128138,49.838283],[38.128138,49.83828296968488],[38.13298,49.840309],[38.133631,49.839682],[38.133631,49.83968084702549],[38.133812,49.839506],[38.133459,49.839359],[38.133459,49.839359022259316],[38.130037,49.837927],[38.130035713408404,49.837927],[38.12808444202366,49.837110557968785],[38.127749,49.83697],[38.126225,49.837482]]]}},{"type":"Feature","properties":{"cadnum":"4425487500:04:002:0038"},"geometry":{"type":"Polygon","coordinates":[[[38.132351,49.835538],[38.129661,49.836442],[38.133478,49.838038],[38.13347814442412,49.838038],[38.13356093032983,49.83807259426312],[38.133631,49.838102],[38.133631,49.83810187471352],[38.134768,49.838577],[38.135439,49.837927],[38.135438199999996,49.837927],[38.135707,49.837668],[38.133631,49.83635018327402],[38.133631,49.83635],[38.132351,49.835538]]]}},{"type":"Feature","properties":{"cadnum":"4425487500:04:002:0048"},"geometry":{"type":"Polygon","coordinates":[[[38.138952,49.841402],[38.138952,49.84140210204082],[38.138928,49.841425],[38.13888098076923,49.84147],[38.13888,49.84147],[38.13851,49.841824],[38.138952,49.8420025276873],[38.138952,49.842003],[38.142462,49.843414],[38.143527,49.841595],[38.143216,49.84147],[38.14321402460851,49.84147],[38.140167,49.84024],[38.138952,49.841402]]]}},{"type":"Feature","properties":{"cadnum":"4425487500:04:002:0057"},"geometry":{"type":"Polygon","coordinates":[[[38.132877,49.840492],[38.131866431018075,49.84147],[38.131866,49.84147],[38.131791,49.841543],[38.131882,49.841581],[38.13188535897435,49.841581],[38.133459,49.842214732608696],[38.133459,49.842215],[38.136727,49.84353],[38.137144,49.84313],[38.137823,49.842484],[38.135304,49.84147],[38.13530344964872,49.84147],[38.133631,49.840796286792454],[38.133631,49.840796],[38.132877,49.840492]]]}},{"type":"Feature","properties":{"cadnum":"4425487500:04:002:0056"},"geometry":{"type":"Polygon","coordinates":[[[38.133631,49.839761],[38.132877,49.840492],[38.133459,49.84072665251989],[38.133459,49.840727],[38.135579,49.841581],[38.1355797485207,49.841581],[38.137823,49.842484],[38.13851,49.841824],[38.13876398305085,49.841581],[38.138765,49.841581],[38.138928,49.841425],[38.133973,49.839429],[38.133631,49.83976101945525],[38.133631,49.839761]]]}},{"type":"Feature","properties":{"cadnum":"4425487500:07:004:0009"},"geometry":{"type":"Polygon","coordinates":[[[38.251038,49.816168],[38.250749,49.816776],[38.25074986964286,49.816776],[38.250539,49.817225],[38.252227,49.817469],[38.252866,49.817562],[38.25448,49.817519],[38.25448,49.81751835483871],[38.257254,49.817443],[38.257406834512025,49.816776],[38.257407,49.816776],[38.257416,49.816736],[38.256627,49.816665],[38.256616735507265,49.816665],[38.25448,49.81647519021564],[38.25448,49.816475],[38.251038,49.816168]]]}},{"type":"Feature","properties":{"cadnum":"4425487500:07:004:0061"},"geometry":{"type":"Polygon","coordinates":[[[38.253992,49.819901],[38.253619,49.819434],[38.253669,49.819399],[38.252703,49.819068],[38.251887,49.818979],[38.251073,49.818999],[38.250939,49.819869],[38.253992,49.819901]]]}},{"type":"Feature","properties":{"cadnum":"4425487500:07:004:0060"},"geometry":{"type":"Polygon","coordinates":[[[38.25431264077676,49.82029966019426],[38.254309,49.820295],[38.254309,49.82029513353116],[38.253992,49.819901],[38.250939,49.819869],[38.250871,49.82032],[38.25087218060201,49.82032],[38.250845,49.820509],[38.25448,49.820549],[38.25448,49.82054864423077],[38.254621,49.82055],[38.254334,49.820327],[38.25432853125,49.82032],[38.254329,49.82032],[38.25431264077676,49.82029966019426]]]}},{"type":"Feature","properties":{"cadnum":"4425487500:04:001:0011"},"geometry":{"type":"Polygon","coordinates":[[[38.173513,49.846655],[38.173342,49.846655],[38.172457,49.848665],[38.17245817638377,49.848665],[38.171911,49.849909],[38.171911,49.84990948648648],[38.170899,49.852207],[38.170899236305054,49.852207],[38.170539,49.853027],[38.17066,49.853056],[38.171052,49.853137],[38.171911,49.853319927379786],[38.171911,49.853321],[38.172071,49.853354],[38.172083,49.853354],[38.172165,49.853354],[38.172497,49.852389],[38.172599,49.852096],[38.17259883328771,49.852096],[38.17379916671229,49.848665],[38.1738,49.848665],[38.174501,49.846664],[38.173513,49.846655]]]}},{"type":"Feature","properties":{"cadnum":"4425487500:04:001:0296"},"geometry":{"type":"Polygon","coordinates":[[[38.177576,49.84826],[38.177576,49.84825905458769],[38.178265,49.846693],[38.177851,49.84669],[38.177404,49.846686],[38.177404,49.846686518660285],[38.176531,49.846679],[38.175606,49.848665],[38.17560647315436,49.848665],[38.175243,49.849448],[38.174076881841245,49.852096],[38.174076,49.852096],[38.173606,49.853163],[38.174137,49.85294],[38.174451,49.852509],[38.174978951573856,49.852207],[38.17498,49.852207],[38.175188,49.852089],[38.175615,49.851944],[38.176091,49.851565],[38.176136,49.851533],[38.177404,49.84864950992367],[38.177404,49.84865],[38.17753478481013,49.84835273417722],[38.177576,49.84826]]]}},{"type":"Feature","properties":{"cadnum":"4425487500:04:001:0287"},"geometry":{"type":"Polygon","coordinates":[[[38.176531,49.846679],[38.176239,49.846676],[38.174815,49.846661],[38.174097,49.848665],[38.174097392617455,49.848665],[38.173818,49.849448],[38.175237,49.849459],[38.17531,49.849459],[38.175707,49.848554],[38.175706793051354,49.848554],[38.176531,49.846679]]]}},{"type":"Feature","properties":{"cadnum":"4425487500:04:001:0023"},"geometry":{"type":"Polygon","coordinates":[[[38.177048,49.841479],[38.17699,49.841581],[38.17699095221239,49.841581],[38.1761,49.843174],[38.175453,49.844646],[38.176002,49.844723],[38.1758741175,49.845012],[38.175873,49.845012],[38.175763,49.845262],[38.175336,49.845219],[38.174815,49.846661],[38.176239,49.846676],[38.176969,49.845012],[38.176968771600805,49.845012],[38.177576,49.84363],[38.177576,49.843629428974594],[38.178467,49.841601],[38.177671,49.841587],[38.177576,49.8415706329588],[38.177576,49.84157],[38.177048,49.841479]]]}},{"type":"Feature","properties":{"cadnum":"4425487500:04:001:0015"},"geometry":{"type":"Polygon","coordinates":[[[38.177164,49.840633],[38.176168,49.840628],[38.17579691920252,49.84147],[38.175796,49.84147],[38.17423589104846,49.845012],[38.174235,49.845012],[38.173513,49.846655],[38.174501,49.846664],[38.175031,49.84519],[38.174573,49.845152],[38.174636,49.845012],[38.17463543613139,49.845012],[38.174834,49.844575],[38.175206,49.844639],[38.175857,49.843162],[38.17667366312057,49.841581],[38.176674,49.841581],[38.177164,49.840633]],[[38.177088,49.840738],[38.177088,49.840755],[38.177065,49.840755],[38.177065,49.840738],[38.177088,49.840738]],[[38.176168,49.840735],[38.176168,49.840753],[38.17614,49.840753],[38.17614,49.840735],[38.176168,49.840735]]]}},{"type":"Feature","properties":{"cadnum":"4425487500:04:001:0014"},"geometry":{"type":"Polygon","coordinates":[[[38.176168,49.840628],[38.174933,49.840622],[38.17451,49.841581],[38.174510139337535,49.841581],[38.17299986066247,49.845012],[38.172999,49.845012],[38.172281,49.846644],[38.173342,49.846655],[38.173513,49.846655],[38.174186222154596,49.845123],[38.174187,49.845123],[38.17574710895155,49.841581],[38.175748,49.841581],[38.176168,49.840628]],[[38.17522,49.840732],[38.17522,49.840749],[38.175193,49.840749],[38.175193,49.840732],[38.17522,49.840732]]]}},{"type":"Feature","properties":{"cadnum":"4425487500:04:001:0013"},"geometry":{"type":"Polygon","coordinates":[[[38.173692,49.840616],[38.173267,49.841581],[38.1732681988743,49.841581],[38.17194920652185,49.84458109782584],[38.17171,49.845123],[38.17171116820702,49.845123],[38.171046,49.846635],[38.171911,49.84664340712743],[38.171911,49.846644],[38.171972,49.846644],[38.172083,49.846644],[38.172281,49.846644],[38.17295016544117,49.845123],[38.172951,49.845123],[38.174559,49.84147],[38.174558960375386,49.84147],[38.174933,49.840622],[38.173692,49.840616]]]}},{"type":"Feature","properties":{"cadnum":"4425487500:04:001:0010"},"geometry":{"type":"Polygon","coordinates":[[[38.171911,49.846782],[38.171911,49.84678236251402],[38.171081,49.848665],[38.171082139337535,49.848665],[38.169571860662465,49.852096],[38.169571,49.852096],[38.1693,49.852715],[38.170539,49.853027],[38.170948,49.852096],[38.17094789285714,49.852096],[38.172083,49.849519],[38.172083,49.84951795973154],[38.172507,49.848554],[38.17250587313433,49.848554],[38.173342,49.846655],[38.172281,49.846644],[38.172083,49.846644],[38.171972,49.846644],[38.171911,49.846782]]]}},{"type":"Feature","properties":{"cadnum":"4425487500:04:001:0026"},"geometry":{"type":"Polygon","coordinates":[[[38.179505,49.846705],[38.178265,49.846693],[38.17753478481013,49.84835273417722],[38.177396,49.848665],[38.17739718831823,49.848665],[38.176136,49.851533],[38.177404,49.850594878125],[38.177404,49.850595],[38.177416,49.850586],[38.177576,49.850504],[38.177576,49.85050340890688],[38.178898,49.849821],[38.179729,49.849569],[38.179837,49.849476],[38.18024162039046,49.848665],[38.180242,49.848665],[38.181216,49.846719],[38.179505,49.846705]]]}},{"type":"Feature","properties":{"cadnum":"4425487500:04:001:0022"},"geometry":{"type":"Polygon","coordinates":[[[38.178467,49.841601],[38.177404,49.844021],[38.177404,49.84402145731707],[38.17692,49.845123],[38.176920304086536,49.845123],[38.176239,49.846676],[38.176531,49.846679],[38.177576,49.846688],[38.177576,49.84668753914989],[38.177851,49.84669],[38.178589,49.845012],[38.178588895881006,49.845012],[38.18008,49.841627],[38.178467,49.841601]]]}},{"type":"Feature","properties":{"cadnum":"4425487500:04:009:0023"},"geometry":{"type":"Polygon","coordinates":[[[38.231279,49.84272],[38.230735,49.843536],[38.232336,49.843978464749014],[38.232336,49.843979],[38.236479,49.845123],[38.236479227443624,49.845123],[38.237829,49.84549641601664],[38.237829,49.845497],[38.23904,49.84583],[38.239472,49.845732],[38.239341,49.845416],[38.238811,49.845036],[38.237882,49.844689],[38.233704,49.843391],[38.232508,49.84306052631579],[38.232508,49.84306],[38.231279,49.84272]]]}},{"type":"Feature","properties":{"cadnum":"4425487500:07:003:0002"},"geometry":{"type":"Polygon","coordinates":[[[38.23352313953488,49.84147],[38.233523,49.84147],[38.233455171428844,49.841510971428406],[38.233339,49.841581],[38.23333923849373,49.841581],[38.232508,49.84208310446504],[38.232508,49.842083],[38.231943,49.842424],[38.232336,49.842533205309735],[38.232336,49.842534],[38.233255,49.842789],[38.23414,49.843035],[38.236117,49.843632],[38.237985,49.842534],[38.237829,49.842489],[38.237829,49.842489224170485],[38.234316962463666,49.841481183183525],[38.233767,49.841323],[38.23352313953488,49.84147]]]}},{"type":"Feature","properties":{"cadnum":"4425487500:04:009:0021"},"geometry":{"type":"Polygon","coordinates":[[[38.230192,49.8443],[38.229717044957475,49.845012],[38.229717,49.845012],[38.22971203313462,49.84501951316979],[38.229643,49.845123],[38.22964361924686,49.845123],[38.229559,49.845251],[38.232508,49.846066],[38.232508,49.846065491322186],[38.235505,49.846893],[38.237415,49.846296],[38.232767,49.845012],[38.232764716157206,49.845012],[38.232508,49.84494134134615],[38.232508,49.844941],[38.230192,49.8443]]]}},{"type":"Feature","properties":{"cadnum":"4425487500:07:003:0003"},"geometry":{"type":"Polygon","coordinates":[[[38.235083,49.840526],[38.233767,49.841323],[38.23427808139535,49.84147],[38.234278,49.84147],[38.23431696246371,49.84148118318354],[38.234664,49.841581],[38.23466472650375,49.841581],[38.237985,49.842534],[38.238001,49.842539],[38.238001,49.84253858479532],[38.240379,49.84322],[38.240231,49.84311],[38.240073,49.842827],[38.2401,49.842763],[38.240149,49.842673],[38.240514,49.842392],[38.240841,49.842181],[38.238366,49.84147],[38.23836538490567,49.84147],[38.238001,49.84136538244854],[38.238001,49.841365],[38.235083,49.840526]]]}},{"type":"Feature","properties":{"cadnum":"4425487500:04:009:0022"},"geometry":{"type":"Polygon","coordinates":[[[38.230735,49.843536],[38.230197,49.844341],[38.232336,49.84493244136737],[38.232336,49.844933],[38.233027,49.845123],[38.23302786188681,49.845123],[38.237423,49.846337],[38.237829,49.846209861591696],[38.237829,49.84621],[38.23904,49.84583],[38.238001,49.84554429644922],[38.238001,49.845544],[38.236078,49.845012],[38.23607701311188,49.845012],[38.232508,49.84402649408641],[38.232508,49.844026],[38.230735,49.843536]]]}},{"type":"Feature","properties":{"cadnum":"4425487500:07:003:0082"},"geometry":{"type":"Polygon","coordinates":[[[38.214548,49.83749],[38.214242,49.83758],[38.21572881487549,49.83800506942133],[38.216028,49.838091],[38.216028,49.83808988962766],[38.216609,49.838256],[38.220127,49.839293],[38.221521,49.83969],[38.221521,49.83968959328358],[38.226442,49.841088],[38.226843,49.841200671902264],[38.226843,49.841202],[38.228195,49.841581],[38.22819589999999,49.841581],[38.232336,49.84274177570094],[38.232336,49.842743],[38.234145,49.84325],[38.236884,49.844101],[38.238001,49.844467],[38.238001,49.8444662843701],[38.239742,49.845036],[38.239633,49.844793],[38.23908,49.844631],[38.237967,49.844295],[38.236996,49.843959],[38.234199,49.84309],[38.233314,49.842844],[38.232336,49.842573],[38.232336,49.842573329588014],[38.230906,49.842177],[38.228443,49.84147],[38.22844144736843,49.84147],[38.227015,49.84106039042821],[38.227015,49.84106],[38.226823,49.841004],[38.226518,49.840921],[38.225014,49.8405],[38.223526,49.840086],[38.222435,49.839782],[38.222022,49.839663],[38.22135,49.839469],[38.22135,49.83946946165763],[38.22023,49.839145],[38.22001,49.839078],[38.218945,49.838763],[38.216712,49.838108],[38.216076,49.837927],[38.21607489595375,49.837927],[38.216028,49.83791365625],[38.216028,49.837913],[38.215603,49.837792],[38.214548,49.83749]]]}},{"type":"Feature","properties":{"cadnum":"4425487500:07:003:0001"},"geometry":{"type":"Polygon","coordinates":[[[38.238001,49.844154737160125],[38.23816,49.844185],[38.239027,49.844575],[38.239624,49.844753],[38.240464,49.84448],[38.241384,49.844185],[38.242203,49.843933],[38.242302,49.843846],[38.242216,49.843658],[38.242063,49.843551],[38.2416,49.843446],[38.241138,49.843423],[38.240805,49.843417],[38.240469,49.843284],[38.240379,49.84322],[38.237985,49.842534],[38.237829,49.842625],[38.237829,49.84262569593148],[38.236117,49.843632],[38.237581,49.844075],[38.238001,49.844155],[38.238001,49.844154737160125]],[[38.239736,49.843174],[38.239755,49.843156],[38.239782,49.843171],[38.239759,49.843186],[38.239736,49.843174]]]}},{"type":"Feature","properties":{"cadnum":"4425487500:07:003:0085"},"geometry":{"type":"Polygon","coordinates":[[[38.228337,49.840057],[38.226843,49.840928],[38.226843,49.840928269058296],[38.226792,49.840958],[38.227015,49.841022],[38.227015,49.841021409433964],[38.228963,49.841581],[38.22896455932203,49.841581],[38.230843,49.842119],[38.231872,49.842406],[38.232336,49.84212584905661],[38.232336,49.842126],[38.232478758618086,49.84203965517399],[38.232508,49.842022],[38.232508,49.842021969082126],[38.233371,49.8415],[38.232336,49.841203],[38.232336,49.84120368041237],[38.228337,49.840057]]]}},{"type":"Feature","properties":{"cadnum":"4425487500:04:001:0138"},"geometry":{"type":"Polygon","coordinates":[[[38.20426819897959,49.859179],[38.204267,49.859179],[38.20371,49.859549],[38.203225,49.860052],[38.203139,49.860347],[38.205042,49.862127],[38.205042,49.862126669546434],[38.20567824277457,49.862721],[38.205678,49.862721],[38.206315,49.863315],[38.20763,49.862721],[38.20762985113268,49.862721],[38.208071,49.862522],[38.205042,49.8596964473602],[38.205042,49.859696],[38.204488,49.859179],[38.2044876377551,49.859179],[38.204397,49.859094],[38.20426819897959,49.859179]]]}},{"type":"Feature","properties":{"cadnum":"4425487500:04:001:0130"},"geometry":{"type":"Polygon","coordinates":[[[38.198181,49.855321],[38.19811211915888,49.855638],[38.198112,49.855638],[38.19810220959864,49.85568360528798],[38.198088,49.855749],[38.19808817086528,49.855749],[38.197328,49.85929],[38.19732827480916,49.85929],[38.197156,49.860096],[38.19881,49.860272],[38.19901843915828,49.85929],[38.199019,49.85929],[38.199549,49.856811],[38.199549,49.85680729453683],[38.199774362670716,49.855749],[38.199775,49.855749],[38.199846,49.855416],[38.199549,49.855399535181235],[38.199549,49.855399],[38.198181,49.855321]]]}},{"type":"Feature","properties":{"cadnum":"4425487500:04:001:0132"},"geometry":{"type":"Polygon","coordinates":[[[38.203054,49.855602],[38.201531,49.855514],[38.201504089361705,49.855638],[38.201504,49.855638],[38.20149845121954,49.855663979674645],[38.20148,49.855749],[38.2014802924425,49.855749],[38.200747707557504,49.859179],[38.200746,49.859179],[38.200475,49.860452],[38.202102,49.860625],[38.202259,49.860385],[38.202399,49.859826],[38.20248101545595,49.85929],[38.202482,49.85929],[38.20304570850207,49.85565278542485],[38.203054,49.855602]]]}},{"type":"Feature","properties":{"cadnum":"4425487500:04:001:0131"},"geometry":{"type":"Polygon","coordinates":[[[38.199846,49.855416],[38.199798666666666,49.855638],[38.199798,49.855638],[38.199377,49.857615],[38.199377,49.85761550566038],[38.19904273134328,49.859179],[38.199042,49.859179],[38.19881,49.860272],[38.199549,49.860353],[38.199549,49.86035248451731],[38.200475,49.860452],[38.20072236999214,49.85929],[38.200724,49.85929],[38.20149845121954,49.855663979674645],[38.201531,49.855514],[38.199846,49.855416]]]}},{"type":"Feature","properties":{"cadnum":"4425487500:04:001:0139"},"geometry":{"type":"Polygon","coordinates":[[[38.20487,49.858778],[38.20487,49.858778666666666],[38.204397,49.859094],[38.204606,49.85929],[38.20460694390716,49.85929],[38.20487,49.859535487364624],[38.20487,49.859536],[38.208071,49.862522],[38.208183,49.862472],[38.209693,49.861789],[38.206898,49.859179],[38.20689716931217,49.859179],[38.205802,49.858156],[38.20487,49.858778]]]}},{"type":"Feature","properties":{"cadnum":"4425487500:04:001:0133"},"geometry":{"type":"Polygon","coordinates":[[[38.203054,49.855602],[38.20304812244898,49.855638],[38.203048,49.855638],[38.20304570850207,49.85565278542485],[38.20303,49.855749],[38.20303079682366,49.855749],[38.202499203176345,49.859179],[38.202498,49.859179],[38.202399,49.859826],[38.202676,49.859491],[38.20299489423076,49.85929],[38.202995,49.85929],[38.20463,49.858263],[38.20487,49.858047466019414],[38.20487,49.858048],[38.20521,49.857742],[38.205766,49.856907],[38.205955,49.855801],[38.20529,49.855729],[38.205042,49.85571482857143],[38.205042,49.855714],[38.203054,49.855602]]]}},{"type":"Feature","properties":{"cadnum":"4425487500:07:008:0028"},"geometry":{"type":"Polygon","coordinates":[[[38.33137282394119,49.84042034225095],[38.331213,49.840254],[38.331213,49.840254195604395],[38.330475,49.839487],[38.326448392550134,49.84147],[38.326448,49.84147],[38.325891,49.841744674450545],[38.325891,49.841744],[38.325688,49.841844],[38.32572,49.841858660098524],[38.32572,49.841859],[38.32579530571968,49.8418931597632],[38.325891,49.841937],[38.325891,49.84193656807229],[38.32738,49.842612],[38.32787,49.842684],[38.329747,49.842508],[38.331213,49.84232451354839],[38.331213,49.842325],[38.331297,49.842314],[38.3319,49.842328],[38.33247,49.842528],[38.332739,49.84249],[38.332793,49.842215],[38.332632,49.841905],[38.332712,49.841812],[38.332382,49.84147],[38.33238134966089,49.84147],[38.331385,49.84043301490196],[38.331385,49.840433],[38.33137282394119,49.84042034225095]]]}},{"type":"Feature","properties":{"cadnum":"4425487500:07:008:0031"},"geometry":{"type":"Polygon","coordinates":[[[38.327206,49.83665],[38.327214,49.834593],[38.325891,49.835250072289156],[38.325891,49.835249],[38.323164,49.836601],[38.325136,49.838038],[38.32513631013615,49.838038],[38.325891,49.838588],[38.325891,49.83858650525578],[38.327147,49.839501],[38.329227,49.838469],[38.32841,49.837927],[38.328409272851296,49.837927],[38.327475,49.837305],[38.327206,49.83665]]]}},{"type":"Feature","properties":{"cadnum":"4425487500:07:008:0030"},"geometry":{"type":"Polygon","coordinates":[[[38.323164,49.836601],[38.320693,49.837827],[38.3208304407583,49.837927],[38.32083,49.837927],[38.324676,49.840723],[38.32572,49.840207444444445],[38.32572,49.840208],[38.327147,49.839501],[38.32572,49.838462],[38.32572,49.838463379272326],[38.324984,49.837927],[38.32498367432151,49.837927],[38.323164,49.836601]]]}},{"type":"Feature","properties":{"cadnum":"4425487500:07:008:0029"},"geometry":{"type":"Polygon","coordinates":[[[38.329909,49.838939],[38.329227,49.838469],[38.327147,49.839501],[38.325891,49.840123278906795],[38.325891,49.840123],[38.324676,49.840723],[38.322949,49.841581],[38.322949209677425,49.841581],[38.322548,49.84178],[38.320728,49.842681],[38.32031080100959,49.842889183128946],[38.319665,49.843209],[38.3197,49.843209],[38.320221,49.843281],[38.320227,49.84328137288136],[38.320227,49.843282],[38.320954,49.843325],[38.321587,49.843258],[38.322359,49.843061],[38.322889,49.8428],[38.323594,49.842476],[38.324196,49.842105],[38.323814,49.841824],[38.324116,49.841694],[38.324393,49.84167],[38.324816,49.841644],[38.324959804347834,49.841581],[38.324961,49.841581],[38.325026,49.841552],[38.325091,49.841581],[38.32509174657534,49.841581],[38.325688,49.841844],[38.32572,49.8418282364532],[38.32572,49.841829],[38.326222908077995,49.841581],[38.326223,49.841581],[38.330475,49.839487],[38.329909,49.838939]]]}},{"type":"Feature","properties":{"cadnum":"4425487500:04:002:0100"},"geometry":{"type":"Polygon","coordinates":[[[38.146819,49.844779],[38.146603,49.844871],[38.146115654761914,49.845012],[38.146115,49.845012],[38.145221,49.845271],[38.144529,49.845372],[38.144445,49.845377],[38.144445,49.84537713483474],[38.14111,49.845581],[38.14094,49.845934],[38.144617,49.846722],[38.144617,49.84672181003834],[38.147314,49.847299],[38.147327,49.847275],[38.148257,49.845465],[38.147307,49.845012],[38.147306674418594,49.845012],[38.146819,49.844779]]]}},{"type":"Feature","properties":{"cadnum":"4425487500:04:002:0105"},"geometry":{"type":"Polygon","coordinates":[[[38.147314,49.847299],[38.146788,49.848332],[38.148344,49.848665],[38.14834445398772,49.848665],[38.149939,49.84900638922942],[38.149939,49.849007],[38.153368,49.84974],[38.153911,49.848686],[38.153297,49.848554],[38.153294910843385,49.848554],[38.149939,49.847835],[38.149939,49.84783531764283],[38.147327,49.847275],[38.147314,49.847299]]]}},{"type":"Feature","properties":{"cadnum":"4425487500:04:002:0098"},"geometry":{"type":"Polygon","coordinates":[[[38.140363,49.846968],[38.139698,49.847953],[38.143024,49.848665],[38.14302477483442,49.848665],[38.144617,49.849007],[38.144617,49.849005909478166],[38.146323,49.849372],[38.14668427872861,49.848665],[38.146685,49.848665],[38.146845,49.848356],[38.144617,49.847879764999995],[38.144617,49.847879],[38.140363,49.846968]]]}},{"type":"Feature","properties":{"cadnum":"4425487500:04:002:0104"},"geometry":{"type":"Polygon","coordinates":[[[38.146788,49.848332],[38.146779,49.848344],[38.146671056074766,49.848554],[38.14667,49.848554],[38.146257,49.84936],[38.146244,49.849392],[38.149939,49.85018337609933],[38.149939,49.850184],[38.152825,49.8508],[38.153368,49.84974],[38.15011,49.84904355380577],[38.15011,49.849043],[38.147826,49.848554],[38.147825333333344,49.848554],[38.146788,49.848332]]]}},{"type":"Feature","properties":{"cadnum":"4425487500:04:002:0106"},"geometry":{"type":"Polygon","coordinates":[[[38.15011,49.84787163655137],[38.153813,49.848665],[38.153813318181804,49.848665],[38.153911,49.848686],[38.153977,49.848554],[38.15397647368421,49.848554],[38.154123,49.848266],[38.149939,49.846269],[38.149939,49.84626923745278],[38.148257,49.845465],[38.147327,49.847275],[38.15011,49.847872],[38.15011,49.84787163655137]]]}},{"type":"Feature","properties":{"cadnum":"4425487500:04:002:0107"},"geometry":{"type":"Polygon","coordinates":[[[38.148369,49.844118],[38.146819,49.844779],[38.147539,49.845123],[38.14753978145696,49.845123],[38.148257,49.845465],[38.15011,49.846351],[38.15011,49.84635061735182],[38.154123,49.848266],[38.154387,49.847753],[38.154329,49.8476],[38.15362,49.847113],[38.151805,49.845369],[38.151462,49.845012],[38.15146187033398,49.845012],[38.150108,49.843596],[38.150089,49.843596],[38.148369,49.844118]]]}},{"type":"Feature","properties":{"cadnum":"4425487500:01:001:0056"},"geometry":{"type":"Polygon","coordinates":[[[38.146442,49.844335],[38.146375,49.844211],[38.14628,49.844083],[38.146603,49.843944],[38.145292,49.84302],[38.145215,49.843182],[38.144991,49.843663],[38.144932,49.843753],[38.144617,49.84428203846154],[38.144617,49.844282],[38.144542,49.844408],[38.144445,49.844568],[38.144445,49.84456822962964],[38.144272,49.844854],[38.144362,49.844891],[38.144231,49.845123],[38.144231772727274,49.845123],[38.144183,49.84521],[38.144299,49.845268],[38.144479,49.845176],[38.144617,49.845136],[38.144617,49.845135221621625],[38.14479571841542,49.845082411134904],[38.145238,49.844953],[38.146442,49.844335]]]}},{"type":"Feature","properties":{"cadnum":"4425487500:04:002:0099"},"geometry":{"type":"Polygon","coordinates":[[[38.144617,49.84788177292202],[38.146779,49.848344],[38.146788,49.848332],[38.147314,49.847299],[38.144445,49.846685],[38.144445,49.84668513951591],[38.14094,49.845934],[38.140806,49.846204],[38.140297,49.846956],[38.144617,49.847882],[38.144617,49.84788177292202]]]}},{"type":"Feature","properties":{"cadnum":"4425487500:04:003:0033"},"geometry":{"type":"Polygon","coordinates":[[[38.120661,49.8377],[38.119980671597624,49.837927],[38.11998,49.837927],[38.117151,49.838872828999996],[38.117151,49.838872],[38.115028,49.839582],[38.115023,49.839854],[38.115015,49.840915],[38.115342,49.840805],[38.117151,49.8402],[38.117151,49.840199652439026],[38.117472,49.840092],[38.120652,49.839029],[38.12065739564428,49.838038],[38.120658,49.838038],[38.120661,49.8377]]]}},{"type":"Feature","properties":{"cadnum":"4425487500:04:002:0013"},"geometry":{"type":"Polygon","coordinates":[[[38.115575,49.841097],[38.114682,49.841395],[38.11486022580646,49.84147],[38.114859,49.84147],[38.11512133735077,49.84157987951865],[38.115124,49.841581],[38.1151240125,49.841581],[38.117151,49.84243],[38.117151,49.84242958358579],[38.120611,49.843878],[38.121694,49.84327],[38.121923,49.843142],[38.117929,49.84147],[38.11792847544205,49.84147],[38.11698,49.841072],[38.11698,49.84107231931669],[38.11639,49.840825],[38.115575,49.841097]]]}},{"type":"Feature","properties":{"cadnum":"4425487500:04:002:0014"},"geometry":{"type":"Polygon","coordinates":[[[38.118193,49.841581],[38.11819415191386,49.841581],[38.121923,49.843142],[38.122473,49.84283229126214],[38.122473,49.842833],[38.123135,49.842458],[38.123332,49.842348],[38.122644,49.84206046565774],[38.122644,49.84206],[38.12149764745762,49.841581],[38.121498,49.841581],[38.118225,49.84021],[38.117705,49.840384],[38.11698,49.840627],[38.11698,49.840627299605785],[38.11639,49.840825],[38.117151,49.841144],[38.117151,49.841143755152515],[38.118193,49.841581]]]}},{"type":"Feature","properties":{"cadnum":"4425487500:04:003:0034"},"geometry":{"type":"Polygon","coordinates":[[[38.120674,49.836369],[38.11701172965478,49.83759339195353],[38.116010226069236,49.837927],[38.11601,49.837927],[38.11587750735912,49.83797120955676],[38.115677,49.838038],[38.11567734153847,49.838038],[38.115036,49.838252],[38.115032,49.83884],[38.115028,49.839582],[38.11698,49.838929187941595],[38.11698,49.83893],[38.11964799601197,49.838038],[38.119648,49.838038],[38.120661,49.8377],[38.120674,49.836369]]]}},{"type":"Feature","properties":{"cadnum":"4425487500:04:002:0033"},"geometry":{"type":"Polygon","coordinates":[[[38.126585,49.840524],[38.12802977702404,49.841128703841356],[38.12911,49.841581],[38.1291112097902,49.841581],[38.130896,49.842328],[38.131544,49.841705],[38.130981,49.84147],[38.13097971647231,49.84147],[38.127966,49.840209],[38.127966,49.840209041200964],[38.123575,49.838372],[38.122856,49.838611],[38.122473,49.83874],[38.122473,49.83874022440945],[38.12239,49.838768],[38.122457,49.838797],[38.122473,49.83880375935829],[38.122473,49.838804],[38.12253068079885,49.8388281271824],[38.122644,49.838876],[38.122644,49.838875527237356],[38.126585,49.840524]]]}},{"type":"Feature","properties":{"cadnum":"4425487500:04:003:0037"},"geometry":{"type":"Polygon","coordinates":[[[38.127649,49.836616],[38.127667,49.836468],[38.127686,49.836315],[38.127743,49.83595],[38.127753,49.835695],[38.127766,49.835579],[38.122644,49.83729084923484],[38.122644,49.83729],[38.120739956318246,49.837927],[38.120737,49.837927],[38.120728,49.837931],[38.120727,49.838038],[38.120727104186045,49.838038],[38.120719,49.839006],[38.12264399999609,49.838362000001304],[38.12265,49.83836],[38.12360930715936,49.838038],[38.12361,49.838038],[38.127649,49.836685],[38.127649,49.836616]]]}},{"type":"Feature","properties":{"cadnum":"4425487500:04:002:0015"},"geometry":{"type":"Polygon","coordinates":[[[38.118225,49.84021],[38.121233008752746,49.84147],[38.121232,49.84147],[38.122473,49.84198854815864],[38.122473,49.841989],[38.123332,49.842348],[38.124797,49.841529],[38.124873,49.841485],[38.122473,49.840481],[38.122473,49.8404814136646],[38.120229,49.839542],[38.118225,49.84021]]]}},{"type":"Feature","properties":{"cadnum":"4425487500:04:002:0016"},"geometry":{"type":"Polygon","coordinates":[[[38.122644,49.840552535],[38.124873,49.841485],[38.126585,49.840524],[38.12253068079885,49.8388281271824],[38.122457,49.838797],[38.120229,49.839542],[38.122644,49.840553],[38.122644,49.840552535]]]}},{"type":"Feature","properties":{"cadnum":"4425487500:07:005:0039"},"geometry":{"type":"Polygon","coordinates":[[[38.276863,49.833913],[38.27685,49.833449],[38.276846,49.832985],[38.27668,49.832557],[38.276639,49.832465],[38.276284,49.832581],[38.276281,49.832582],[38.276281,49.83258200203169],[38.273823,49.833403],[38.274649,49.834495],[38.2746501555944,49.834495],[38.275867,49.8361],[38.276281,49.835962235494875],[38.276281,49.835963],[38.27689,49.835759],[38.276886,49.835283],[38.276877,49.834808],[38.27686924675324,49.834397077922176],[38.276869,49.834365],[38.276863,49.833913]]]}},{"type":"Feature","properties":{"cadnum":"4425487500:07:005:0082"},"geometry":{"type":"Polygon","coordinates":[[[38.276963,49.834417],[38.276963,49.8344],[38.276936,49.8344],[38.276936,49.834417],[38.276963,49.834417]]]}},{"type":"Feature","properties":{"cadnum":"4425487500:07:005:0085"},"geometry":{"type":"Polygon","coordinates":[[[38.27694,49.833029],[38.27694,49.833015],[38.276846,49.833012],[38.276846,49.833029],[38.27694,49.833029]]]}},{"type":"Feature","properties":{"cadnum":"4425487500:07:005:0084"},"geometry":{"type":"Polygon","coordinates":[[[38.276945,49.833507],[38.276945,49.83349],[38.276922,49.83349],[38.276922,49.833507],[38.276945,49.833507]]]}},{"type":"Feature","properties":{"cadnum":"4425487500:07:005:0086"},"geometry":{"type":"Polygon","coordinates":[[[38.276747,49.832594],[38.276774,49.832592],[38.276765,49.832574],[38.276743,49.832577],[38.276747,49.832594]]]}},{"type":"Feature","properties":{"cadnum":"4425487500:07:005:0083"},"geometry":{"type":"Polygon","coordinates":[[[38.276953,49.833968],[38.276953,49.833951],[38.276926,49.833951],[38.276926,49.833968],[38.276953,49.833968]]]}},{"type":"Feature","properties":{"cadnum":"4425487500:07:005:0088"},"geometry":{"type":"Polygon","coordinates":[[[38.27641,49.831714],[38.276433,49.831711],[38.276429,49.831694],[38.276401,49.831699],[38.27641,49.831714]]]}},{"type":"Feature","properties":{"cadnum":"4425487500:07:005:0087"},"geometry":{"type":"Polygon","coordinates":[[[38.27658,49.83216],[38.276603,49.832154],[38.276599,49.832139],[38.276572,49.832143],[38.27658,49.83216]]]}},{"type":"Feature","properties":{"cadnum":"4425487500:07:005:0023"},"geometry":{"type":"Polygon","coordinates":[[[38.275988,49.830801],[38.275871,49.830503],[38.27518973051225,49.830841],[38.275188,49.830841],[38.271204,49.832818],[38.272076,49.833554],[38.276028,49.832212],[38.276281,49.83215068470588],[38.276281,49.832151],[38.276491,49.8321],[38.276305111111725,49.83162200000158],[38.276154,49.83123],[38.27603439024398,49.830923893453345],[38.275988,49.830801]]]}},{"type":"Feature","properties":{"cadnum":"4425487500:07:005:0033"},"geometry":{"type":"Polygon","coordinates":[[[38.282896,49.829671],[38.282563,49.829031],[38.282563,49.828735],[38.283008,49.828159],[38.283049,49.828069],[38.281946,49.82821704788069],[38.281946,49.828217],[38.277762,49.828776],[38.278455,49.830952],[38.27845553303965,49.830952],[38.279074,49.832884],[38.280901,49.832641],[38.281775,49.8317486],[38.281775,49.83175],[38.282664,49.830841],[38.28266387994543,49.830841],[38.283274,49.830219],[38.282896,49.829671]]]}},{"type":"Feature","properties":{"cadnum":"4425487500:07:005:0066"},"geometry":{"type":"Polygon","coordinates":[[[38.277995,49.83174],[38.278027,49.831735],[38.278022,49.831716],[38.277991,49.83172],[38.277995,49.83174]]]}},{"type":"Feature","properties":{"cadnum":"4425487500:07:007:0011"},"geometry":{"type":"Polygon","coordinates":[[[38.282686,49.830952],[38.28268644774688,49.830952],[38.281946,49.83170914411765],[38.281946,49.831709],[38.279217,49.834495],[38.279217803030306,49.834495],[38.279133,49.834582],[38.278347,49.835309],[38.279051,49.835518],[38.279437,49.835634],[38.279595,49.835703],[38.281217,49.834384],[38.281216736842104,49.834384],[38.281775,49.83393081408776],[38.281775,49.833931],[38.281877866429774,49.8338473093532],[38.281946,49.833792],[38.281946,49.83379187686105],[38.284999,49.831308],[38.28409646785275,49.83084534082023],[38.283228,49.830399],[38.282686,49.830952]],[[38.279051,49.83542],[38.279056,49.835439],[38.279029,49.835445],[38.27902,49.835425],[38.279051,49.83542]]]}},{"type":"Feature","properties":{"cadnum":"4425487500:07:007:0010"},"geometry":{"type":"Polygon","coordinates":[[[38.285937,49.831789],[38.284999,49.831308],[38.28187786642976,49.83384730935321],[38.28108,49.834495],[38.281080501137225,49.834495],[38.279595,49.835703],[38.280272,49.83599],[38.280861,49.836294],[38.281775,49.83555184884793],[38.281775,49.835552],[38.28185228735689,49.835489092938786],[38.281946,49.835413],[38.281946,49.83541281672474],[38.28307362585617,49.834495],[38.283074,49.834495],[38.28622,49.831937],[38.285937,49.831789]]]}},{"type":"Feature","properties":{"cadnum":"4425487500:07:005:0034"},"geometry":{"type":"Polygon","coordinates":[[[38.280901,49.832641],[38.279074,49.832884],[38.278588,49.832951],[38.278125,49.833012],[38.277112,49.833148],[38.27698,49.833165],[38.277003,49.834011],[38.2770083946281,49.834384],[38.277008,49.834384],[38.277016,49.834907],[38.277043,49.836674],[38.277173,49.836509],[38.277425,49.83619],[38.278154,49.835367],[38.278247,49.835272],[38.278651,49.834898],[38.279033,49.834544],[38.279037,49.834542],[38.279192,49.834384],[38.27919184466019,49.834384],[38.280901,49.832641]],[[38.278664,49.834133],[38.278697,49.83413],[38.278701,49.834151],[38.27867,49.834153],[38.278664,49.834133]]]}},{"type":"Feature","properties":{"cadnum":"4425487500:07:005:0068"},"geometry":{"type":"Polygon","coordinates":[[[38.27867,49.834153],[38.278701,49.834151],[38.278697,49.83413],[38.278664,49.834133],[38.27867,49.834153]]]}},{"type":"Feature","properties":{"cadnum":"4425487500:07:005:0067"},"geometry":{"type":"Polygon","coordinates":[[[38.278341,49.832974],[38.278368,49.832972],[38.278364,49.832951],[38.278333,49.832954],[38.278341,49.832974]]]}},{"type":"Feature","properties":{"cadnum":"4425487500:04:001:0279"},"geometry":{"type":"Polygon","coordinates":[[[38.161097,49.868343],[38.159823,49.867438],[38.160671,49.868932],[38.16098041052501,49.8691513473675],[38.162053,49.869913],[38.162053367847406,49.869913],[38.162931,49.870536],[38.163182,49.869824],[38.161097,49.8683431603899],[38.161097,49.868343]]]}},{"type":"Feature","properties":{"cadnum":"4425487500:04:001:0277"},"geometry":{"type":"Polygon","coordinates":[[[38.16098041052501,49.8691513473675],[38.160925,49.869112],[38.160925,49.8691120657277],[38.160671,49.868932],[38.160874,49.869282],[38.160858,49.869913],[38.16085843055556,49.869913],[38.160851,49.870234],[38.160925,49.870296869918704],[38.160925,49.870297],[38.16099859999879,49.870359399998975],[38.161097,49.870443],[38.161097,49.87044282608696],[38.161247,49.87057],[38.161713,49.871225],[38.16262,49.871404],[38.162931,49.870536],[38.161897,49.869802],[38.16189668539326,49.869802],[38.161097,49.86923413829787],[38.161097,49.869234],[38.16098041052501,49.8691513473675]]]}},{"type":"Feature","properties":{"cadnum":"4425487500:04:001:0263"},"geometry":{"type":"Polygon","coordinates":[[[38.16572861290322,49.869802],[38.165727,49.869802],[38.165693,49.869844],[38.165634,49.869913],[38.16563499232246,49.869913],[38.164817,49.870886],[38.163883,49.872276],[38.163865,49.872802],[38.163937,49.872787],[38.16413,49.872991],[38.164346,49.873135],[38.164511,49.873268],[38.164935,49.873453],[38.164935053475936,49.873453],[38.165109,49.873529],[38.166075,49.87387],[38.16634,49.873957],[38.16659,49.87355],[38.16659,49.87354833557047],[38.166648217213115,49.873453],[38.166649,49.873453],[38.168711,49.870084],[38.167604,49.869802],[38.16760260048427,49.869802],[38.166418,49.8695],[38.166418,49.86950043100189],[38.166061,49.86941],[38.16572861290322,49.869802]]]}},{"type":"Feature","properties":{"cadnum":"4425487500:04:004:0068"},"geometry":{"type":"Polygon","coordinates":[[[38.172083,49.827888],[38.1697,49.827852],[38.169694,49.827878],[38.16969,49.82875],[38.16969,49.828843],[38.171911,49.828875484329295],[38.171911,49.828876],[38.176935,49.82895],[38.177231,49.827964],[38.172083,49.82788852180451],[38.172083,49.827888]]]}},{"type":"Feature","properties":{"cadnum":"4425487500:04:002:0118"},"geometry":{"type":"Polygon","coordinates":[[[38.170669,49.830123],[38.169839,49.830126],[38.168639,49.830002],[38.16757,49.829914],[38.167543,49.830911],[38.167539,49.831071],[38.172083,49.831122],[38.172083,49.83112192092919],[38.176388,49.83117],[38.176462212765955,49.830952],[38.176463,49.830952],[38.176585,49.830599],[38.175036,49.830453],[38.172821,49.830286],[38.172083,49.83023004175824],[38.172083,49.83023],[38.170669,49.830123]]]}},{"type":"Feature","properties":{"cadnum":"4425487500:04:004:0070"},"geometry":{"type":"Polygon","coordinates":[[[38.162383,49.829633],[38.165436,49.829457],[38.166418,49.82946380762565],[38.166418,49.829464],[38.16646413318081,49.82946412743973],[38.16659,49.829465],[38.16659,49.829464475138124],[38.16678,49.829465],[38.168725,49.829625],[38.16912,49.829637],[38.169686,49.829674],[38.16969,49.828843],[38.16969,49.82875],[38.16659,49.82870357579462],[38.16659,49.828703],[38.161278,49.828623],[38.161268,49.829625],[38.161457,49.829651],[38.162383,49.829633]]]}},{"type":"Feature","properties":{"cadnum":"4425487500:04:004:0072"},"geometry":{"type":"Polygon","coordinates":[[[38.161283,49.827408],[38.161283509933774,49.827408],[38.161282,49.82775],[38.166418,49.82782837528259],[38.166418,49.827829],[38.169694,49.827878],[38.1697,49.827852],[38.1697008,49.827408],[38.169701,49.827408],[38.169704,49.827008],[38.166418,49.826959],[38.166418,49.82695937280785],[38.161287,49.826881],[38.161283,49.827408]]]}},{"type":"Feature","properties":{"cadnum":"4425487500:04:004:0114"},"geometry":{"type":"Polygon","coordinates":[[[38.166721,49.829555],[38.166727,49.829547],[38.166731,49.829489],[38.166708,49.829486],[38.166694,49.829544],[38.166694,49.829555],[38.166721,49.829555]]]}},{"type":"Feature","properties":{"cadnum":"4425487500:04:004:0067"},"geometry":{"type":"Polygon","coordinates":[[[38.169704,49.827008],[38.1697018325,49.827297],[38.169701,49.827297],[38.1697,49.827852],[38.171911,49.82788540159463],[38.171911,49.827886],[38.177231,49.827964],[38.177402718140925,49.827408],[38.177403,49.827408],[38.177524,49.827017],[38.177404,49.827015],[38.177404,49.82701522554783],[38.171911,49.826934],[38.171911,49.82693439722573],[38.169704,49.826901],[38.169704,49.827008]]]}},{"type":"Feature","properties":{"cadnum":"4425487500:04:004:0071"},"geometry":{"type":"Polygon","coordinates":[[[38.16659,49.827831],[38.161282,49.82775],[38.161278,49.828623],[38.166418,49.82870040963855],[38.166418,49.828701],[38.16969,49.82875],[38.169694,49.827878],[38.16659,49.82783157264957],[38.16659,49.827831]]]}},{"type":"Feature","properties":{"cadnum":"4425487500:04:004:0113"},"geometry":{"type":"Polygon","coordinates":[[[38.168782,49.829727],[38.168788,49.829706],[38.168756,49.829703],[38.168752,49.829723],[38.168782,49.829727]]]}},{"type":"Feature","properties":{"cadnum":"4425487500:04:004:0112"},"geometry":{"type":"Polygon","coordinates":[[[38.170606,49.829877],[38.170612,49.82986],[38.17058,49.829854],[38.170575,49.829874],[38.170606,49.829877]]]}},{"type":"Feature","properties":{"cadnum":"4425487500:04:004:0069"},"geometry":{"type":"Polygon","coordinates":[[[38.172083,49.82984719018405],[38.172889,49.829909],[38.175111,49.830077],[38.176472,49.830202],[38.176513,49.830204],[38.176554,49.830202],[38.176935,49.82895],[38.172083,49.82887853343949],[38.172083,49.828878],[38.16969,49.828843],[38.169686,49.829674],[38.170702,49.829741],[38.172083,49.829848],[38.172083,49.82984719018405]]]}},{"type":"Feature","properties":{"cadnum":"4425487500:04:002:0117"},"geometry":{"type":"Polygon","coordinates":[[[38.16335612332899,49.83086289461896],[38.16659,49.830901],[38.16659,49.8309],[38.16659,49.830899987555554],[38.167543,49.830911],[38.167545,49.830841],[38.167544895687065,49.830841],[38.16757,49.829914],[38.16674,49.829845],[38.166418,49.829844],[38.166418,49.829844087533154],[38.165459,49.829839],[38.162414,49.830013],[38.16139,49.830034],[38.160925,49.829972],[38.160925,49.82997211695906],[38.159729,49.829813],[38.159387,49.829747],[38.159557,49.830818],[38.160925,49.83083487792208],[38.160925,49.830835],[38.16106634306332,49.83083662176507],[38.161097,49.830837],[38.161097,49.83083697352163],[38.16335612332899,49.83086289461896]]]}},{"type":"Feature","properties":{"cadnum":"4425487500:07:007:0025"},"geometry":{"type":"Polygon","coordinates":[[[38.301707,49.823068],[38.300925,49.82272],[38.30035,49.822459],[38.298621,49.823864],[38.298622048780494,49.823864],[38.298254,49.824164],[38.298254,49.82416466535433],[38.296394,49.825675],[38.2973,49.826142],[38.297687,49.826342],[38.298426,49.825741],[38.298426,49.82573989578544],[38.300864,49.823754],[38.300863288944726,49.823754],[38.301707,49.823068]]]}},{"type":"Feature","properties":{"cadnum":"4425487500:07:007:0018"},"geometry":{"type":"Polygon","coordinates":[[[38.297687,49.826342],[38.2973,49.826142],[38.295743,49.827408],[38.295743643560456,49.827408],[38.292919288352785,49.829707146480374],[38.29219,49.8303],[38.292933,49.830683],[38.292933,49.8306821147541],[38.293249,49.830844],[38.297609,49.827297],[38.29760871012482,49.827297],[38.29836,49.826687],[38.297687,49.826342]]]}},{"type":"Feature","properties":{"cadnum":"4425487500:07:007:0024"},"geometry":{"type":"Polygon","coordinates":[[[38.303027,49.823688],[38.301874,49.823143],[38.301707,49.823068],[38.300728,49.823864],[38.300728957666976,49.823864],[38.298254,49.82588],[38.298254,49.82588088092016],[38.297687,49.826342],[38.298254,49.826632661218426],[38.298254,49.826633],[38.29836,49.826687],[38.299291,49.827168],[38.301186,49.825366],[38.302955,49.823754],[38.30295425,49.823754],[38.303027,49.823688]]]}},{"type":"Feature","properties":{"cadnum":"4425487500:07:007:0035"},"geometry":{"type":"Polygon","coordinates":[[[38.303173,49.823864],[38.30317447313553,49.823864],[38.301895,49.825021],[38.303199,49.825653],[38.303747,49.82522068888889],[38.303747,49.825221],[38.304761,49.824421],[38.304109,49.824111],[38.30389338871435,49.82402463636348],[38.303274,49.823774],[38.303173,49.823864]]]}},{"type":"Feature","properties":{"cadnum":"4425487500:07:007:0036"},"geometry":{"type":"Polygon","coordinates":[[[38.301073,49.827075],[38.301828,49.826345],[38.301819,49.826006],[38.301253,49.82556],[38.29940226785714,49.827297],[38.299402,49.827297],[38.29928871052799,49.8274035789458],[38.299284,49.827408],[38.29928401111111,49.827408],[38.298254,49.828377],[38.298254,49.82837738271605],[38.296887,49.82966],[38.298132,49.830216],[38.298254,49.830101884353745],[38.298254,49.830102],[38.298304656178615,49.83005450187375],[38.298426,49.829941],[38.298426,49.82994072297637],[38.300243,49.828237],[38.300121,49.82822],[38.300058,49.828063],[38.300756753999856,49.827382026000144],[38.301073,49.827075]]]}},{"type":"Feature","properties":{"cadnum":"4425487500:07:007:0017"},"geometry":{"type":"Polygon","coordinates":[[[38.29836,49.826687],[38.298254,49.826773],[38.298254,49.826773065315315],[38.297472,49.827408],[38.29747255793629,49.827408],[38.293249,49.830844],[38.293457,49.830952],[38.29345832417584,49.830952],[38.29466,49.831572],[38.295311381668945,49.830952],[38.295312,49.830952],[38.298254,49.82815360436737],[38.298254,49.828154],[38.29909285578145,49.82735522288366],[38.299291,49.827168],[38.298426,49.826721098818474],[38.298426,49.826721],[38.29836,49.826687]]]}},{"type":"Feature","properties":{"cadnum":"4425487500:07:007:0034"},"geometry":{"type":"Polygon","coordinates":[[[38.303919,49.82516],[38.30383853283828,49.82522364964171],[38.303747,49.825296],[38.303747,49.825296052249634],[38.30323,49.825705],[38.303508,49.825838],[38.3037593042163,49.825969460843076],[38.304564,49.826392],[38.305893,49.82711],[38.306443,49.827408],[38.30644399999999,49.827408],[38.307264,49.827852],[38.30794688000187,49.82731364999853],[38.309015,49.826473],[38.305111,49.824624],[38.304792,49.82447],[38.303919,49.82516004593302],[38.303919,49.82516]]]}},{"type":"Feature","properties":{"cadnum":"4425487500:07:007:0026"},"geometry":{"type":"Polygon","coordinates":[[[38.299983,49.822291],[38.299012,49.821822],[38.29842070790464,49.8223033024048],[38.296501,49.823864],[38.296502844621514,49.823864],[38.295096,49.825009],[38.295297,49.825114],[38.296299,49.825627],[38.296394,49.825675],[38.298426,49.824025],[38.298426,49.824023801192844],[38.298757,49.823754],[38.29875636654804,49.823754],[38.30035,49.822459],[38.299983,49.822291]]]}},{"type":"Feature","properties":{"cadnum":"4425487500:04:008:0054"},"geometry":{"type":"Polygon","coordinates":[[[38.193307,49.829225],[38.193523,49.830329],[38.193884,49.830387924953094],[38.193884,49.830388],[38.197329,49.830952],[38.19733117721521,49.830952],[38.199377,49.8312868480663],[38.199377,49.831287],[38.200858,49.831529],[38.20072692617452,49.8309472013424],[38.200632,49.830523],[38.200611,49.830421],[38.199549,49.830248016207456],[38.199549,49.830247],[38.194056,49.829348145454546],[38.194056,49.829348],[38.193307,49.829225]]]}},{"type":"Feature","properties":{"cadnum":"4425487500:04:008:0055"},"geometry":{"type":"Polygon","coordinates":[[[38.193082,49.828142],[38.193158,49.828466],[38.193307,49.829225],[38.193884,49.82931975433912],[38.193884,49.82932],[38.199377,49.83021885454546],[38.199377,49.83022],[38.200611,49.830421],[38.200422,49.829549],[38.200372,49.829335],[38.199377,49.829172],[38.199377,49.82917282418358],[38.193884,49.828273],[38.193884,49.828273745379875],[38.193082,49.828142]]]}},{"type":"Feature","properties":{"cadnum":"4425487500:04:008:0056"},"geometry":{"type":"Polygon","coordinates":[[[38.192835,49.827069],[38.19288746017699,49.827297],[38.192887,49.827297],[38.193082,49.828142],[38.194056,49.828302],[38.194056,49.82830117581642],[38.199549,49.829201],[38.199549,49.82920017688442],[38.200372,49.829335],[38.200211,49.828605],[38.200135,49.828263],[38.199377,49.828139],[38.199377,49.828139829259115],[38.194231,49.827297],[38.194227377245504,49.827297],[38.194056,49.827269050781254],[38.194056,49.827269],[38.192835,49.827069]]]}},{"type":"Feature","properties":{"cadnum":"4425487500:04:008:0053"},"geometry":{"type":"Polygon","coordinates":[[[38.193751,49.830387],[38.193840192920355,49.830841],[38.19384,49.830841],[38.193972,49.831508],[38.194056,49.831522],[38.194056,49.831521703786194],[38.195768,49.831801],[38.197292,49.83205],[38.199141,49.832354],[38.199377,49.83239275490196],[38.199377,49.832393],[38.201334,49.832714],[38.201127,49.831784],[38.201087,49.831589],[38.199549,49.8313389625731],[38.199549,49.831338],[38.199366,49.831308],[38.197673,49.83103],[38.196518,49.830841],[38.19651742682926,49.830841],[38.195697,49.830706],[38.194056,49.83043717650304],[38.194056,49.830437],[38.193751,49.830387]]]}},{"type":"Feature","properties":{"cadnum":"4425487500:04:009:0061"},"geometry":{"type":"Polygon","coordinates":[[[38.203069,49.838038],[38.20306977843426,49.838038],[38.20487,49.8385546384061],[38.20487,49.838555],[38.205898,49.838849],[38.206077,49.83884],[38.206854,49.839044],[38.207051,49.839359],[38.20777,49.838887],[38.208511,49.838583],[38.206613469512185,49.838038],[38.206614,49.838038],[38.20631995348226,49.83795369767267],[38.206227,49.837927],[38.206226832000006,49.837927],[38.205042,49.837587311926605],[38.205042,49.837587],[38.199816,49.836086],[38.199546,49.83659],[38.199424,49.836992],[38.199549,49.837028],[38.199549,49.83702787105624],[38.203069,49.838038]]]}},{"type":"Feature","properties":{"cadnum":"4425487500:04:009:0060"},"geometry":{"type":"Polygon","coordinates":[[[38.199113088948785,49.838038],[38.198926,49.838669],[38.199213,49.83898],[38.199377,49.83906688095238],[38.199377,49.839067],[38.19940058744426,49.83907937668178],[38.199549,49.839158],[38.199549,49.83915725095057],[38.19964,49.839205],[38.200718,49.839321],[38.201357,49.839341],[38.204572,49.83893],[38.205042,49.838902],[38.205042,49.83890145914397],[38.205898,49.838849],[38.205042,49.83860419066148],[38.205042,49.838604],[38.202683,49.837927],[38.202682197896756,49.837927],[38.199424,49.836992],[38.199377,49.83715],[38.199377,49.83715007717043],[38.19914600286806,49.837927],[38.199146,49.837927],[38.199144971963435,49.83793046728696],[38.199113,49.838038],[38.199113088948785,49.838038]]]}},{"type":"Feature","properties":{"cadnum":"4425487500:04:009:0064"},"geometry":{"type":"Polygon","coordinates":[[[38.203579,49.83449],[38.202169,49.834984],[38.20487,49.83576054925165],[38.20487,49.835761],[38.210363,49.83733957087379],[38.210363,49.83734],[38.211978,49.837803],[38.213276,49.837395],[38.210932,49.836691],[38.21050995781666,49.83657084036256],[38.208265,49.835929],[38.207959,49.835753],[38.206827,49.835428],[38.20487,49.834863],[38.20487,49.834863269309636],[38.203579,49.83449]]]}},{"type":"Feature","properties":{"cadnum":"4425487500:04:009:0119"},"geometry":{"type":"Polygon","coordinates":[[[38.197858,49.833698],[38.197929,49.833889],[38.197925,49.834205],[38.197925,49.834211],[38.199491,49.834495],[38.1994930171306,49.834495],[38.201957,49.834941],[38.203179,49.834469],[38.201343,49.834298],[38.200386,49.834119],[38.199549,49.833980467789885],[38.199549,49.83398],[38.197858,49.833698]]]}},{"type":"Feature","properties":{"cadnum":"4425487500:04:009:0122"},"geometry":{"type":"Polygon","coordinates":[[[38.199549,49.83620276233184],[38.1996,49.836219],[38.199812,49.835883],[38.200453,49.835544],[38.200691,49.835399],[38.199549,49.83519128462709],[38.199549,49.835191],[38.197445,49.834808],[38.197408,49.834872],[38.197179,49.835332],[38.198783,49.835958],[38.199377,49.836147986945164],[38.199377,49.836148],[38.19938595582573,49.8361508514064],[38.199549,49.836203],[38.199549,49.83620276233184]]]}},{"type":"Feature","properties":{"cadnum":"4425487500:04:009:0123"},"geometry":{"type":"Polygon","coordinates":[[[38.197925,49.834211],[38.197823795000005,49.834384],[38.197823,49.834384],[38.197808,49.834411],[38.197678,49.834402],[38.197624,49.834495],[38.19762462807882,49.834495],[38.197445,49.834808],[38.199377,49.83515969011407],[38.199377,49.83516],[38.200691,49.835399],[38.200768,49.835349],[38.201936,49.83495],[38.201957,49.834941],[38.199549,49.83450513333333],[38.199549,49.834505],[38.19888,49.834384],[38.19887893661972,49.834384],[38.197925,49.834211]]]}},{"type":"Feature","properties":{"cadnum":"4425487500:04:008:0129"},"geometry":{"type":"Polygon","coordinates":[[[38.193693,49.832615],[38.193334,49.832534],[38.193397,49.832826],[38.193697,49.832794],[38.193884,49.8328236908078],[38.193884,49.832824],[38.19734,49.833369],[38.198005,49.833475],[38.199549,49.833722],[38.199549,49.83372140228137],[38.202007,49.834113],[38.202586,49.834234],[38.203167835937485,49.834384],[38.203167,49.834384],[38.203579,49.83449],[38.203596,49.834495],[38.20359629314419,49.834495],[38.205042,49.834913],[38.205042,49.834912657639244],[38.206827,49.835428],[38.207959,49.835753],[38.210363,49.83643985714286],[38.210363,49.836441],[38.210986,49.836618],[38.21342,49.837348],[38.214242,49.83758],[38.214548,49.83749],[38.213349,49.837146],[38.211089,49.83647],[38.210535,49.83631280440771],[38.210535,49.836312],[38.206926,49.83528],[38.205042,49.83473660894942],[38.205042,49.834736],[38.203848,49.834391],[38.203422,49.834266],[38.202632,49.834046],[38.201558,49.833878],[38.19946,49.833548],[38.194237,49.832693],[38.194056,49.83266736260623],[38.194056,49.832667],[38.193693,49.832615]]]}},{"type":"Feature","properties":{"cadnum":"4425487500:04:009:0062"},"geometry":{"type":"Polygon","coordinates":[[[38.205042,49.836672],[38.200817,49.83546],[38.200489,49.835576],[38.199932,49.835926],[38.199816,49.836086],[38.20487,49.83753759854573],[38.20487,49.837538],[38.20631995348226,49.83795369767267],[38.208511,49.838583],[38.208848,49.838447],[38.210299,49.83818],[38.209418,49.837927],[38.209416951236754,49.837927],[38.205042,49.83667232711796],[38.205042,49.836672]]]}},{"type":"Feature","properties":{"cadnum":"4425487500:04:009:0063"},"geometry":{"type":"Polygon","coordinates":[[[38.202169,49.834984],[38.200817,49.83546],[38.20487,49.836622659408285],[38.20487,49.836623],[38.209804,49.838038],[38.20980452569169,49.838038],[38.210299,49.83818],[38.210535,49.838137],[38.210535,49.838136770506914],[38.21107898984774,49.838038],[38.211081,49.838038],[38.211448,49.837971],[38.211978,49.837803],[38.210535,49.837389310216714],[38.210535,49.837389],[38.205042,49.83581042912621],[38.205042,49.83581],[38.202169,49.834984]]]}},{"type":"Feature","properties":{"cadnum":"4425487500:04:009:0120"},"geometry":{"type":"Polygon","coordinates":[[[38.197984,49.833608],[38.197762,49.834063],[38.199377,49.83440642473419],[38.199377,49.834407],[38.199791,49.834495],[38.19979122061481,49.834495],[38.20198,49.83496],[38.20320050515464,49.834495],[38.203201,49.834495],[38.203253,49.834475],[38.201414,49.834312],[38.200455,49.834129],[38.199377,49.833902],[38.199377,49.833902621725244],[38.197984,49.833608]]]}},{"type":"Feature","properties":{"cadnum":"4425487500:04:008:0001"},"geometry":{"type":"Polygon","coordinates":[[[38.204882,49.833823],[38.203860742957744,49.834384],[38.20386,49.834384],[38.203848,49.834391],[38.204206,49.834495],[38.20420793043478,49.834495],[38.20487,49.83468630150754],[38.20487,49.834687],[38.206926,49.83528],[38.210363,49.8362628162926],[38.210363,49.836264],[38.211089,49.83647],[38.213349,49.837146],[38.214238,49.836517],[38.210363,49.835401],[38.210363,49.835402406047514],[38.207215966292125,49.834495],[38.207216,49.834495],[38.20719281456176,49.834488324501066],[38.206831,49.834384],[38.206830473214296,49.834384],[38.205042,49.83386906683805],[38.205042,49.833869],[38.204882,49.833823]]]}},{"type":"Feature","properties":{"cadnum":"4425487500:02:001:0045"},"geometry":{"type":"Polygon","coordinates":[[[38.199549,49.836302],[38.199549,49.83630133183856],[38.1996,49.836219],[38.19938595582573,49.8361508514064],[38.198783,49.835958],[38.197179,49.835332],[38.196892,49.835695],[38.199353,49.836618],[38.199549,49.836302]]]}},{"type":"Feature","properties":{"cadnum":"4425487500:04:001:0187"},"geometry":{"type":"Polygon","coordinates":[[[38.180879,49.840775],[38.180879,49.840761],[38.180852,49.840761],[38.180852,49.840775],[38.180879,49.840775]]]}},{"type":"Feature","properties":{"cadnum":"4425487500:04:001:0186"},"geometry":{"type":"Polygon","coordinates":[[[38.179954,49.84077],[38.179954,49.840753],[38.179927,49.840753],[38.179927,49.84077],[38.179954,49.84077]]]}},{"type":"Feature","properties":{"cadnum":"4425487500:04:001:0188"},"geometry":{"type":"Polygon","coordinates":[[[38.181805,49.840784],[38.181805,49.840767],[38.181782,49.840767],[38.181782,49.840784],[38.181805,49.840784]]]}},{"type":"Feature","properties":{"cadnum":"4425487500:04:001:0184"},"geometry":{"type":"Polygon","coordinates":[[[38.177973,49.840755],[38.177973,49.840741],[38.177946,49.840741],[38.177946,49.840755],[38.177973,49.840755]]]}},{"type":"Feature","properties":{"cadnum":"4425487500:04:001:0189"},"geometry":{"type":"Polygon","coordinates":[[[38.182734,49.84079],[38.182734,49.840773],[38.182707,49.840773],[38.182707,49.84079],[38.182734,49.84079]]]}},{"type":"Feature","properties":{"cadnum":"4425487500:04:001:0016"},"geometry":{"type":"Polygon","coordinates":[[[38.183069,49.84130282644628],[38.183745,49.841314],[38.184023,49.840837],[38.182898,49.840829],[38.182898,49.84082968839885],[38.17994,49.840807],[38.178969,49.84079],[38.177982,49.840781],[38.177816,49.841216],[38.183069,49.841304],[38.183069,49.84130282644628]]]}},{"type":"Feature","properties":{"cadnum":"4425487500:04:001:0175"},"geometry":{"type":"Polygon","coordinates":[[[38.179918,49.840399],[38.179918,49.840378],[38.179887,49.840378],[38.179887,49.840399],[38.179918,49.840399]]]}},{"type":"Feature","properties":{"cadnum":"4425487500:04:001:0037"},"geometry":{"type":"Polygon","coordinates":[[[38.182828,49.835353],[38.181522,49.83515],[38.18023446433518,49.837927],[38.180234,49.837927],[38.179059,49.840463],[38.180457,49.840472],[38.18158266522594,49.838038],[38.181583,49.838038],[38.182828,49.835353]],[[38.179478,49.840416],[38.179478,49.840436],[38.179446,49.840436],[38.179446,49.840416],[38.179478,49.840416]]]}},{"type":"Feature","properties":{"cadnum":"4425487500:04:001:0039"},"geometry":{"type":"Polygon","coordinates":[[[38.185061,49.836848],[38.184778,49.835657],[38.184311,49.835585],[38.18322354056257,49.837927],[38.183223,49.837927],[38.18298031132063,49.83845419448504],[38.182042,49.840477],[38.182898,49.84048283446933],[38.182898,49.840483],[38.18305286911214,49.84048389005237],[38.183069,49.840484],[38.183069,49.84048398275862],[38.183942,49.840489],[38.184306,49.839956],[38.184629,49.839495],[38.184854,49.83895],[38.185353,49.83796],[38.185061,49.836848]]]}},{"type":"Feature","properties":{"cadnum":"4425487500:04:001:0036"},"geometry":{"type":"Polygon","coordinates":[[[38.181522,49.83515],[38.18131,49.835118],[38.18034,49.834967],[38.178870120481925,49.837927],[38.17887,49.837927],[38.178453,49.838768],[38.177761,49.840023],[38.17799,49.840457],[38.179059,49.840463],[38.1801825705836,49.838038],[38.180183,49.838038],[38.181522,49.83515]]]}},{"type":"Feature","properties":{"cadnum":"4425487500:04:001:0017"},"geometry":{"type":"Polygon","coordinates":[[[38.17771812844037,49.84147],[38.177718,49.84147],[38.17769,49.841543],[38.179902,49.841581],[38.179936175823954,49.841581],[38.182898,49.8416311070831],[38.182898,49.841632],[38.183556,49.841642],[38.18364420000155,49.84148876363367],[38.183745,49.841314],[38.182898,49.8413],[38.182898,49.84130113535123],[38.177816,49.841216],[38.17771812844037,49.84147]]]}},{"type":"Feature","properties":{"cadnum":"4425487500:04:001:0038"},"geometry":{"type":"Polygon","coordinates":[[[38.18300692424177,49.83538195454535],[38.182898,49.835364],[38.182898,49.835364327800825],[38.182828,49.835353],[38.181634469273746,49.837927],[38.181634,49.837927],[38.180457,49.840472],[38.182042,49.840477],[38.182898,49.838631640701074],[38.182898,49.838633],[38.18298031132063,49.83845419448504],[38.183069,49.838263],[38.183069,49.83826153538461],[38.18317190226629,49.838038],[38.183172,49.838038],[38.184311,49.835585],[38.18308,49.835394],[38.183069,49.83539218681319],[38.183069,49.835392],[38.18300692424177,49.83538195454535]]]}},{"type":"Feature","properties":{"cadnum":"4425487500:04:001:0185"},"geometry":{"type":"Polygon","coordinates":[[[38.178983,49.840764],[38.178983,49.840747],[38.178956,49.840747],[38.178956,49.840764],[38.178983,49.840764]]]}},{"type":"Feature","properties":{"cadnum":"4425487500:04:001:0029"},"geometry":{"type":"Polygon","coordinates":[[[38.179285,49.834588],[38.1787,49.834576],[38.17752827397316,49.837104794519355],[38.177095,49.838038],[38.17709557856273,49.838038],[38.176006,49.84039],[38.176742,49.840393],[38.176742,49.84033],[38.176747,49.839991],[38.177404,49.83987315246637],[38.177404,49.839874],[38.177416,49.839871],[38.177576,49.839583],[38.177576,49.83958148780488],[38.178072,49.838684],[38.17843349731862,49.837952306229425],[38.180093,49.834606],[38.179285,49.834588]]]}},{"type":"Feature","properties":{"cadnum":"4425487500:04:001:0174"},"geometry":{"type":"Polygon","coordinates":[[[38.182258,49.840388],[38.182258,49.840367],[38.182227,49.840367],[38.182227,49.840388],[38.182258,49.840388]]]}},{"type":"Feature","properties":{"cadnum":"4425487500:07:006:0064"},"geometry":{"type":"Polygon","coordinates":[[[38.284765,49.854964],[38.284769,49.854947],[38.284742,49.854947],[38.284742,49.854964],[38.284765,49.854964]]]}},{"type":"Feature","properties":{"cadnum":"4425487500:05:001:0090"},"geometry":{"type":"Polygon","coordinates":[[[38.281946,49.85207487261146],[38.28195329010989,49.852096],[38.281953,49.852096],[38.281984,49.852185],[38.28199,49.852207],[38.28199131651376,49.852207],[38.282129,49.852621],[38.282285,49.852937],[38.282699,49.853595],[38.282923,49.853896],[38.283102,49.854101],[38.283205,49.854501],[38.283295,49.854709],[38.283547,49.85501],[38.283641,49.85457],[38.283484,49.853771],[38.283205,49.853357],[38.282941,49.85296],[38.282653,49.852532],[38.28242765243886,49.85219436585342],[38.282362,49.852095],[38.282087,49.851683],[38.281819,49.851281],[38.281775,49.851104],[38.281775,49.85110540366974],[38.28171,49.850846],[38.281607,49.85042],[38.281494,49.84994],[38.281387,49.849506],[38.28128,49.849053],[38.280978,49.84912],[38.281221,49.849983],[38.281356,49.850444],[38.281477,49.850863],[38.281624,49.851324],[38.281827,49.85173],[38.281946,49.852076],[38.281946,49.85207487261146]]]}},{"type":"Feature","properties":{"cadnum":"4425487500:07:006:0068"},"geometry":{"type":"Polygon","coordinates":[[[38.283785,49.854171],[38.283808,49.854165],[38.283771,49.85411],[38.283745,49.854119],[38.283785,49.854171]]]}},{"type":"Feature","properties":{"cadnum":"4425487500:05:001:0078"},"geometry":{"type":"Polygon","coordinates":[[[38.282322,49.855749],[38.283197,49.85508],[38.282716,49.854553],[38.282339,49.854857],[38.282137,49.85504],[38.281946,49.855118616022104],[38.281946,49.855118],[38.28149,49.855306],[38.281324,49.855205],[38.281121,49.855167],[38.280817,49.85517],[38.280754,49.855057],[38.281077,49.854776],[38.280893,49.854582],[38.280741,49.854675],[38.280439,49.854576],[38.279729,49.855269],[38.280138,49.855555],[38.280079,49.855616],[38.280613,49.855749],[38.2806170510949,49.855749],[38.280722,49.855775],[38.281775,49.85587027615457],[38.281775,49.855871],[38.281783,49.855871],[38.281946,49.855893],[38.281946,49.8558926996904],[38.282106,49.855914],[38.28232181521739,49.855749],[38.282322,49.855749]]]}},{"type":"Feature","properties":{"cadnum":"4425487500:07:006:0065"},"geometry":{"type":"Polygon","coordinates":[[[38.285182,49.854973],[38.285182,49.854956],[38.285096,49.854956],[38.285096,49.854973],[38.285182,49.854973]]]}},{"type":"Feature","properties":{"cadnum":"4425487500:07:006:0071"},"geometry":{"type":"Polygon","coordinates":[[[38.282972,49.85296],[38.282995,49.852951],[38.282986,49.852937],[38.282964,49.852943],[38.282972,49.85296]]]}},{"type":"Feature","properties":{"cadnum":"4425487500:07:006:0066"},"geometry":{"type":"Polygon","coordinates":[[[38.285272,49.854988],[38.285276,49.854938],[38.285192,49.854935],[38.285192,49.854984],[38.285272,49.854988]]]}},{"type":"Feature","properties":{"cadnum":"4425487500:07:006:0063"},"geometry":{"type":"Polygon","coordinates":[[[38.284297,49.854956],[38.284297,49.854938],[38.284207,49.854935],[38.284203,49.854952],[38.284297,49.854956]]]}},{"type":"Feature","properties":{"cadnum":"4425487500:07:006:0069"},"geometry":{"type":"Polygon","coordinates":[[[38.283515,49.853771],[38.283538,49.853765],[38.28353,49.853748],[38.283507,49.853756],[38.283515,49.853771]]]}},{"type":"Feature","properties":{"cadnum":"4425487500:07:006:0062"},"geometry":{"type":"Polygon","coordinates":[[[38.284096,49.85495],[38.284123,49.854947],[38.284117,49.85493],[38.284091,49.854932],[38.284096,49.85495]]]}},{"type":"Feature","properties":{"cadnum":"4425487500:07:006:0048"},"geometry":{"type":"Polygon","coordinates":[[[38.2837,49.852563],[38.283727,49.852558],[38.283723,49.852537],[38.283691,49.852543],[38.2837,49.852563]]]}},{"type":"Feature","properties":{"cadnum":"4425487500:07:006:0050"},"geometry":{"type":"Polygon","coordinates":[[[38.284379,49.855034],[38.28441,49.855028],[38.284406,49.85501],[38.284374,49.855014],[38.284379,49.855034]]]}},{"type":"Feature","properties":{"cadnum":"4425487500:05:001:0076"},"geometry":{"type":"Polygon","coordinates":[[[38.28016463793104,49.852207],[38.280714,49.853024],[38.281775,49.852736358766236],[38.281775,49.852737],[38.282083,49.852653],[38.281946,49.85229305188678],[38.281946,49.852292],[38.2819134744898,49.852207],[38.281914,49.852207],[38.281775,49.851838],[38.281775,49.85183901763225],[38.281517,49.851156],[38.279819,49.851692],[38.280164,49.852207],[38.28016463793104,49.852207]]]}},{"type":"Feature","properties":{"cadnum":"4425487500:07:006:0070"},"geometry":{"type":"Polygon","coordinates":[[[38.283238,49.853357],[38.283264,49.853351],[38.283251,49.853334],[38.283228,49.853342],[38.283238,49.853357]]]}},{"type":"Feature","properties":{"cadnum":"4425487500:07:006:0049"},"geometry":{"type":"Polygon","coordinates":[[[38.284041,49.853818],[38.284073,49.853812],[38.284068,49.853791],[38.284037,49.853797],[38.284041,49.853818]]]}},{"type":"Feature","properties":{"cadnum":"4425487500:07:006:0067"},"geometry":{"type":"Polygon","coordinates":[[[38.283997,49.854542],[38.284024,49.854539],[38.28401,49.854481],[38.283983,49.854484],[38.283997,49.854542]]]}},{"type":"Feature","properties":{"cadnum":"4425487500:07:006:0061"},"geometry":{"type":"Polygon","coordinates":[[[38.284234,49.855402],[38.284234,49.855384],[38.284207,49.855384],[38.284207,49.855402],[38.284234,49.855402]]]}},{"type":"Feature","properties":{"cadnum":"4425487500:05:001:0027"},"geometry":{"type":"Polygon","coordinates":[[[38.282685,49.852532],[38.282712,49.852526],[38.282699,49.852509],[38.282676,49.852517],[38.282685,49.852532]]]}},{"type":"Feature","properties":{"cadnum":"4425487500:04:004:0012"},"geometry":{"type":"Polygon","coordinates":[[[38.134301,49.816095],[38.133459,49.816099],[38.133459,49.816099572855954],[38.131229,49.816107],[38.13136495515695,49.816665],[38.131364,49.816665],[38.131422,49.816896],[38.131628,49.817365],[38.131745,49.817666],[38.131687,49.818011],[38.131468,49.818356],[38.13113,49.818715],[38.133459,49.818647951619354],[38.133459,49.818648],[38.13359035072998,49.81864417023088],[38.133631,49.818643],[38.133631,49.81864298502758],[38.134728,49.818611],[38.13457335457348,49.816776],[38.134574,49.816776],[38.134517,49.816095],[38.134301,49.816095]]]}},{"type":"Feature","properties":{"cadnum":"4425487500:03:001:0136"},"geometry":{"type":"Polygon","coordinates":[[[38.172973,49.816707],[38.172381,49.818539],[38.171954,49.81849],[38.171864,49.818477],[38.171329901247965,49.82021],[38.171329,49.82021],[38.171199,49.820634],[38.171911,49.820718655819775],[38.171911,49.820719],[38.171998,49.820729],[38.172083,49.820455],[38.172083,49.82045154716981],[38.172157,49.82021],[38.17215685323661,49.82021],[38.173226,49.816736],[38.172973,49.816707]]]}},{"type":"Feature","properties":{"cadnum":"4425487500:03:001:0177"},"geometry":{"type":"Polygon","coordinates":[[[38.172083,49.820739],[38.171998,49.820729],[38.171199,49.820634],[38.170176,49.820515],[38.169264,49.820404],[38.169183,49.820735],[38.171911,49.821064241379304],[38.171911,49.821065],[38.176388,49.821604],[38.176472,49.821259],[38.176419,49.821254],[38.175866,49.821187],[38.175314,49.821123],[38.174761,49.821057],[38.174209,49.820993],[38.173103,49.82086],[38.172551,49.820796],[38.172083,49.820739298372516],[38.172083,49.820739]]]}},{"type":"Feature","properties":{"cadnum":"4425487500:04:004:0057"},"geometry":{"type":"Polygon","coordinates":[[[38.166563246893,49.82309202664293],[38.16659,49.823091],[38.16659,49.82309092640693],[38.168266,49.823022],[38.168455,49.822683],[38.168658,49.821839],[38.16678,49.821918],[38.166418,49.821933],[38.166418,49.821933115754284],[38.164197,49.822025],[38.161597,49.822131],[38.161591,49.823074],[38.161591,49.823297],[38.163794,49.823207],[38.166147,49.823108],[38.166418,49.82309760045147],[38.166418,49.823098],[38.166563246893,49.82309202664293]]]}},{"type":"Feature","properties":{"cadnum":"4425487500:04:004:0061"},"geometry":{"type":"Polygon","coordinates":[[[38.172017,49.821425],[38.171911,49.821412],[38.171911,49.8214120545977],[38.169929,49.82117],[38.169124,49.823864],[38.169125184014874,49.823864],[38.168837,49.82483],[38.171046,49.824687],[38.171324,49.823754],[38.17132278802788,49.823754],[38.171911,49.821780617606585],[38.171911,49.821781],[38.172017,49.821425]]]}},{"type":"Feature","properties":{"cadnum":"4425487500:04:004:0058"},"geometry":{"type":"Polygon","coordinates":[[[38.168266,49.823022],[38.16659,49.82309183333333],[38.16659,49.823091],[38.161591,49.823297],[38.161586164021166,49.823754],[38.161586,49.823754],[38.161585311111104,49.823834600001156],[38.161585,49.823864],[38.16158505982906,49.823864],[38.161583,49.824105],[38.161583,49.824453],[38.16659,49.824245],[38.16659,49.824244856954515],[38.167935,49.824189],[38.168048,49.823754],[38.16804776693767,49.823754],[38.168212,49.823126],[38.168266,49.823022]]]}},{"type":"Feature","properties":{"cadnum":"4425487500:03:001:0178"},"geometry":{"type":"Polygon","coordinates":[[[38.172083,49.82143296625568],[38.173558,49.821611],[38.174331,49.821703],[38.176302,49.82194],[38.176388,49.821604],[38.172083,49.8210857076167],[38.172083,49.821085],[38.169183,49.820735],[38.169098,49.821071],[38.169929,49.82117],[38.172017,49.821425],[38.172083,49.821433],[38.172083,49.82143296625568]]]}},{"type":"Feature","properties":{"cadnum":"4425487500:04:004:0060"},"geometry":{"type":"Polygon","coordinates":[[[38.169929,49.82117],[38.169098,49.821071],[38.168707,49.822679],[38.168469,49.823123],[38.168302095816465,49.823754],[38.168302,49.823754],[38.16829000456593,49.82379971232982],[38.168273,49.823864],[38.16827313475177,49.823864],[38.168006,49.824882],[38.168837,49.82483],[38.169158,49.823754],[38.16915686933927,49.823754],[38.169929,49.82117]]]}},{"type":"Feature","properties":{"cadnum":"4425487500:04:004:0056"},"geometry":{"type":"Polygon","coordinates":[[[38.168658,49.821839],[38.168968,49.820544],[38.168671,49.820408],[38.167935,49.820417],[38.166865,49.820546],[38.166418,49.820554],[38.166418,49.820554049645395],[38.166308,49.820556],[38.165343,49.820741],[38.164781,49.820787],[38.16435,49.820863],[38.164031,49.820969],[38.161606,49.820969],[38.161601,49.822034],[38.161597,49.822131],[38.16659,49.821925],[38.16659,49.82192485892857],[38.168658,49.821839]]]}},{"type":"Feature","properties":{"cadnum":"4425487500:03:001:0135"},"geometry":{"type":"Polygon","coordinates":[[[38.171864,49.818477],[38.17084,49.81835],[38.17026878172589,49.82021],[38.170268,49.82021],[38.170176,49.820515],[38.171199,49.820634],[38.1712952735849,49.82032],[38.171296,49.82032],[38.171864,49.818477]]]}},{"type":"Feature","properties":{"cadnum":"4425487500:03:001:0134"},"geometry":{"type":"Polygon","coordinates":[[[38.17084,49.81835],[38.169708,49.818208],[38.16947,49.819306],[38.16947,49.819549],[38.169284,49.82032],[38.16928435051546,49.82032],[38.169264,49.820404],[38.170176,49.820515],[38.17023481967213,49.82032],[38.170235,49.82032],[38.17084,49.81835]]]}},{"type":"Feature","properties":{"cadnum":"4425487500:04:004:0062"},"geometry":{"type":"Polygon","coordinates":[[[38.17129122400857,49.823864],[38.171046,49.824687],[38.171321,49.82467],[38.171911,49.82467387139108],[38.171911,49.824674],[38.172593,49.824679],[38.173413,49.824789],[38.17372,49.823754],[38.17371978111985,49.823754],[38.174331,49.821703],[38.173558,49.821611],[38.172017,49.821425],[38.17129,49.823864],[38.17129122400857,49.823864]]]}},{"type":"Feature","properties":{"cadnum":"4425487500:04:008:0038"},"geometry":{"type":"Polygon","coordinates":[[[38.232508,49.81659101734104],[38.232508,49.816591],[38.22757611764724,49.816665],[38.227508,49.816665],[38.227015,49.81667315488722],[38.227015,49.816673],[38.225727,49.816692],[38.225421,49.818295],[38.225417,49.818329],[38.227015,49.81829],[38.227015,49.818289718976175],[38.232508,49.818153],[38.232508,49.818151709750566],[38.2341,49.818112],[38.233009595024186,49.816776],[38.233011,49.816776],[38.232855,49.816585],[38.232508,49.81659101734104]]]}},{"type":"Feature","properties":{"cadnum":"4425487500:04:003:0056"},"geometry":{"type":"Polygon","coordinates":[[[38.106853,49.826278],[38.106858,49.82609],[38.106165,49.8261212450867],[38.106165,49.826121],[38.104814,49.82618],[38.104939,49.827408],[38.104939463190185,49.827408],[38.105029,49.828275],[38.105993,49.828438778169016],[38.105993,49.828439],[38.1060883374242,49.828454975460275],[38.106165,49.828468],[38.106165,49.82846782162162],[38.106363,49.828501],[38.106935,49.828727],[38.106826,49.828234],[38.106833,49.827297],[38.10683204964539,49.827297],[38.106835,49.826985],[38.106853,49.826278]]]}},{"type":"Feature","properties":{"cadnum":"4425487500:04:003:0055"},"geometry":{"type":"Polygon","coordinates":[[[38.111658,49.828657],[38.107348,49.828634],[38.107405,49.828898],[38.107931,49.828999],[38.110591,49.829747],[38.111486,49.8299374076851],[38.111486,49.829938],[38.112508,49.830155],[38.115594,49.830807],[38.115608,49.829599],[38.115621,49.828677],[38.111658,49.82865783192261],[38.111658,49.828657]]]}},{"type":"Feature","properties":{"cadnum":"4425487500:04:003:0053"},"geometry":{"type":"Polygon","coordinates":[[[38.107275,49.826632],[38.107266,49.826989],[38.10726305966587,49.827297],[38.107263,49.827297],[38.10726296350366,49.82730707299212],[38.107262,49.827408],[38.107262597826086,49.827408],[38.107262,49.827573],[38.111658,49.827597],[38.111658,49.8275968707811],[38.115634,49.827617],[38.1156366125,49.827408],[38.115637,49.827408],[38.115648,49.826675],[38.111658,49.82665582652571],[38.111658,49.826655],[38.107275,49.826632]]]}},{"type":"Feature","properties":{"cadnum":"4425487500:04:003:0096"},"geometry":{"type":"Polygon","coordinates":[[[38.107608,49.829642],[38.107621,49.829622],[38.107591,49.829616],[38.107576,49.829633],[38.107608,49.829642]]]}},{"type":"Feature","properties":{"cadnum":"4425487500:04:003:0054"},"geometry":{"type":"Polygon","coordinates":[[[38.107262,49.827573],[38.107258,49.828214],[38.107348,49.828634],[38.111486,49.82865608213457],[38.111486,49.828657],[38.115621,49.828677],[38.115625,49.828419],[38.115634,49.827625],[38.115634,49.827617],[38.111486,49.827596],[38.111486,49.82759606096451],[38.107262,49.827573]]]}},{"type":"Feature","properties":{"cadnum":"4425487500:04:003:0094"},"geometry":{"type":"Polygon","coordinates":[[[38.111304,49.83059],[38.111313,49.830573],[38.111287,49.830564],[38.111273,49.830584],[38.111304,49.83059]]]}},{"type":"Feature","properties":{"cadnum":"4425487500:04:003:0095"},"geometry":{"type":"Polygon","coordinates":[[[38.109585,49.83015],[38.109593,49.830129],[38.109566,49.830123],[38.109553,49.830141],[38.109585,49.83015]]]}},{"type":"Feature","properties":{"cadnum":"4425487500:04:001:0123"},"geometry":{"type":"Polygon","coordinates":[[[38.197938,49.860225],[38.196689,49.86009],[38.196103,49.862831],[38.196104499589154,49.862831],[38.195348,49.866372],[38.19534921428571,49.866372],[38.195292,49.866639],[38.196007,49.866714],[38.196541,49.866772],[38.196649,49.866261],[38.19664868364831,49.866261],[38.19738052971788,49.862831],[38.197381,49.862831],[38.197938,49.860225]]]}},{"type":"Feature","properties":{"cadnum":"4425487500:04:001:0124"},"geometry":{"type":"Polygon","coordinates":[[[38.198562,49.860292],[38.197938,49.860225],[38.19740451112816,49.862721],[38.197404,49.862721],[38.196625,49.866372],[38.19662554011742,49.866372],[38.196541,49.866772],[38.197166,49.866839],[38.19726457093426,49.866372],[38.197265,49.866372],[38.198019559846614,49.862831],[38.19802,49.862831],[38.198562,49.860292]]]}},{"type":"Feature","properties":{"cadnum":"4425487500:04:001:0164"},"geometry":{"type":"Polygon","coordinates":[[[38.199191,49.860359],[38.198562,49.860292],[38.1980434816857,49.862721],[38.198043,49.862721],[38.197288653245685,49.866261],[38.197288,49.866261],[38.197166,49.866839],[38.197309,49.866854],[38.197789,49.866905],[38.197902386645964,49.866372],[38.197903,49.866372],[38.198685,49.862721],[38.1986845841424,49.862721],[38.199191,49.860359]]]}},{"type":"Feature","properties":{"cadnum":"4425487500:04:001:0126"},"geometry":{"type":"Polygon","coordinates":[[[38.200799,49.862134],[38.201171,49.861902],[38.201716,49.861216],[38.202074,49.860669],[38.200439,49.860492],[38.19996346729371,49.862721],[38.199963,49.862721],[38.19944975640151,49.865131318059774],[38.199184,49.866372],[38.19918445886889,49.866372],[38.199043,49.867039],[38.199377,49.86707464426877],[38.199377,49.867075],[38.200848,49.867232],[38.200944539649846,49.866372],[38.200945,49.866372],[38.201127,49.864766],[38.201118,49.863605],[38.200934,49.862916],[38.2008428974359,49.862831],[38.200843,49.862831],[38.200615,49.862618],[38.200799,49.862134]]]}},{"type":"Feature","properties":{"cadnum":"4425487500:04:001:0125"},"geometry":{"type":"Polygon","coordinates":[[[38.198661,49.862831],[38.19866143933169,49.862831],[38.1979267748562,49.866261],[38.197926,49.866261],[38.197789,49.866905],[38.19868,49.867],[38.199043,49.867039],[38.199208,49.866261],[38.19920777640845,49.866261],[38.199377,49.86547098082192],[38.199377,49.865473],[38.19944975640163,49.865131318059234],[38.199549,49.864668],[38.199549,49.86466524573379],[38.19993957703488,49.862831],[38.19994,49.862831],[38.200439,49.860492],[38.199377,49.860378],[38.199377,49.860379262569836],[38.199191,49.860359],[38.198661,49.862831]]]}},{"type":"Feature","properties":{"cadnum":"4425487500:04:001:0121"},"geometry":{"type":"Polygon","coordinates":[[[38.194449,49.859849],[38.19400562248941,49.86192620401866],[38.193811,49.862831],[38.19381249958915,49.862831],[38.193079714050945,49.866261],[38.193079,49.866261],[38.193065512195105,49.86632747560983],[38.193056,49.866372],[38.193056478260864,49.866372],[38.193051,49.866399],[38.193365,49.866431],[38.194056,49.866505],[38.194056,49.8665046119403],[38.194152,49.866515],[38.194206,49.866261],[38.19420574445357,49.866261],[38.194963,49.862721],[38.19496262906043,49.862721],[38.195554,49.859968],[38.194449,49.859849]]]}},{"type":"Feature","properties":{"cadnum":"4425487500:04:001:0122"},"geometry":{"type":"Polygon","coordinates":[[[38.196689,49.86009],[38.195554,49.859968],[38.194939,49.862831],[38.19493946946042,49.862831],[38.194182,49.866372],[38.19418240157481,49.866372],[38.194152,49.866515],[38.194682,49.866573],[38.195292,49.866639],[38.195373,49.866261],[38.19537171405095,49.866261],[38.196128,49.862721],[38.19612651696461,49.862721],[38.196689,49.86009]]]}},{"type":"Feature","properties":{"cadnum":"4425487500:04:001:0096"},"geometry":{"type":"Polygon","coordinates":[[[38.18674,49.877576],[38.184841,49.87717],[38.183069,49.87834920535255],[38.183069,49.878349],[38.1799519065934,49.880422],[38.179951,49.880422],[38.179549,49.88069],[38.181445,49.881092],[38.18228516865672,49.880533],[38.182286,49.880533],[38.182898,49.88012734482759],[38.182898,49.880128],[38.18674,49.877576]]]}},{"type":"Feature","properties":{"cadnum":"4425487500:04:001:0097"},"geometry":{"type":"Polygon","coordinates":[[[38.188562,49.878289],[38.188562,49.8782887896679],[38.188933,49.878041],[38.188391,49.877926],[38.188391,49.87792758507135],[38.18674,49.877576],[38.184862,49.87882],[38.183097,49.879995],[38.18300751861956,49.88005480413869],[38.18245424855491,49.880422],[38.182454,49.880422],[38.181445,49.881092],[38.182348,49.881286],[38.182898,49.881402712898755],[38.182898,49.881403],[38.183642,49.881561],[38.185186256365235,49.880533],[38.185187,49.880533],[38.185518,49.880313],[38.187342,49.879101],[38.188391,49.878402813114754],[38.188391,49.878403],[38.18847145312515,49.8783492656249],[38.188562,49.878289]]]}},{"type":"Feature","properties":{"cadnum":"4425487500:04:001:0091"},"geometry":{"type":"Polygon","coordinates":[[[38.182096,49.876589],[38.18165432425742,49.876882],[38.181653,49.876882],[38.177404,49.879707],[38.177404,49.87970718079096],[38.176327208510635,49.880422],[38.176327,49.880422],[38.17625788869625,49.88046801739091],[38.17616,49.880533],[38.17616029444445,49.880533],[38.175516,49.880962],[38.175619,49.881008],[38.176554,49.8815],[38.177576,49.880821],[38.177576,49.88082040779221],[38.17800739181287,49.880533],[38.178008,49.880533],[38.182898,49.87728266212211],[38.182898,49.877283],[38.18300738594477,49.87720995429398],[38.183069,49.877169],[38.183069,49.8771688096828],[38.183497,49.876883],[38.183069,49.87679368447412],[38.183069,49.876793],[38.182096,49.876589]]]}},{"type":"Feature","properties":{"cadnum":"4425487500:04:001:0098"},"geometry":{"type":"Polygon","coordinates":[[[38.189453,49.879625],[38.190734,49.878687],[38.190895,49.878458],[38.188933,49.878041],[38.188562,49.8782887896679],[38.188562,49.878288],[38.185353870824045,49.880422],[38.185353,49.880422],[38.183642,49.881561],[38.184109,49.881659],[38.186093,49.882082],[38.18612,49.882064],[38.18807,49.880623],[38.18831255033573,49.88044763087237],[38.188391,49.88039113858695],[38.188391,49.880392],[38.189453,49.879625]]]}},{"type":"Feature","properties":{"cadnum":"4425487500:04:001:0099"},"geometry":{"type":"Polygon","coordinates":[[[38.183332275000005,49.876993],[38.183007385944876,49.8772099542939],[38.17817499494649,49.880422],[38.178174,49.880422],[38.177404,49.880935],[38.177404,49.880935273972604],[38.176554,49.8815],[38.176944,49.881706],[38.177404,49.881946298507465],[38.177404,49.881947],[38.177547,49.882021],[38.177576,49.882002],[38.177576,49.88200171978022],[38.179549,49.88069],[38.179784500000004,49.880533],[38.179785,49.880533],[38.182898,49.87846272228989],[38.182898,49.878463],[38.184841,49.87717],[38.183497,49.876883],[38.183331,49.876993],[38.183332275000005,49.876993]]]}},{"type":"Feature","properties":{"cadnum":"4425487500:04:001:0295"},"geometry":{"type":"Polygon","coordinates":[[[38.19394479573601,49.873327520427026],[38.193922894472365,49.873342],[38.193921,49.873342],[38.1886008192276,49.876882],[38.188599,49.876882],[38.18844150615609,49.876988005471866],[38.188434,49.876993],[38.188434085714285,49.876993],[38.18843216666682,49.87699429166656],[38.187414,49.877671],[38.188391,49.87788035714286],[38.188391,49.877881],[38.188874,49.877984],[38.19036139927405,49.876993],[38.190362,49.876993],[38.194056,49.874538],[38.194056,49.87453760721868],[38.195768,49.873399],[38.195485,49.873342],[38.1954818445946,49.873342],[38.194282,49.873103],[38.19394479573601,49.873327520427026]]]}},{"type":"Feature","properties":{"cadnum":"4425487500:04:001:0109"},"geometry":{"type":"Polygon","coordinates":[[[38.193884,49.873368],[38.19394479573601,49.873327520427026],[38.194056,49.873254],[38.194056,49.87325347738693],[38.194282,49.873103],[38.194056,49.873057572864326],[38.194056,49.873057],[38.193869,49.873019],[38.192881,49.872811],[38.192082018691586,49.873342],[38.192081,49.873342],[38.188562,49.87568418536586],[38.188562,49.875684],[38.186759051184104,49.876882],[38.186759,49.876882],[38.18673286225487,49.876899401679374],[38.186592,49.876993],[38.186592275303646,49.876993],[38.186017,49.877376],[38.187414,49.877671],[38.188391,49.87702165243902],[38.188391,49.877022],[38.18843216666682,49.87699429166656],[38.188562,49.876908],[38.188562,49.87690782996173],[38.1937541807724,49.873453],[38.193755,49.873453],[38.193884,49.87336771428572],[38.193884,49.873368]]]}},{"type":"Feature","properties":{"cadnum":"4425487500:04:001:0108"},"geometry":{"type":"Polygon","coordinates":[[[38.191489,49.872515],[38.190244973347546,49.873342],[38.190244,49.873342],[38.188562,49.8744612153265],[38.188562,49.874461],[38.184919026066346,49.876882],[38.184919,49.876882],[38.18491075000075,49.8768874999995],[38.184752,49.876993],[38.1847525,49.876993],[38.184625,49.877078],[38.186017,49.877376],[38.18673286225487,49.876899401679374],[38.188391,49.87579762385786],[38.188391,49.875798],[38.191914228827365,49.873453],[38.191915,49.873453],[38.192881,49.872811],[38.191489,49.872515]]]}},{"type":"Feature","properties":{"cadnum":"4425487500:04:001:0107"},"geometry":{"type":"Polygon","coordinates":[[[38.190095,49.872218],[38.188562,49.87323820070423],[38.188562,49.873238],[38.1884052744186,49.873342],[38.188405,49.873342],[38.188404,49.873342],[38.183233,49.876782],[38.184225,49.876993],[38.18422602040816,49.876993],[38.184625,49.877078],[38.18491075000075,49.8768874999995],[38.188391,49.87457464094488],[38.188391,49.874575],[38.19007718491485,49.873453],[38.190078,49.873453],[38.191489,49.872515],[38.190095,49.872218]]]}},{"type":"Feature","properties":{"cadnum":"4425487500:07:004:0017"},"geometry":{"type":"Polygon","coordinates":[[[38.257617,49.815805],[38.257421263645725,49.816665],[38.25742,49.816665],[38.257271,49.817324],[38.259974,49.817254],[38.259974,49.817253330316746],[38.260244,49.817246],[38.262657,49.817469],[38.2628266875014,49.81671524999379],[38.262886,49.816452],[38.262927,49.816281],[38.259974,49.816017356159996],[38.259974,49.816017],[38.257617,49.815805]]]}},{"type":"Feature","properties":{"cadnum":"4425487500:07:004:0031"},"geometry":{"type":"Polygon","coordinates":[[[38.259768,49.818168],[38.257873,49.81806],[38.256661,49.818098],[38.255766,49.818054],[38.254973,49.818104],[38.255309,49.818739],[38.256284,49.820008],[38.256898,49.820173],[38.257053262567936,49.82022583240159],[38.257644,49.820428],[38.258502,49.82061],[38.259678,49.820787],[38.259921,49.820984],[38.261099,49.821274],[38.261736,49.82145],[38.26262,49.82021],[38.262618430197726,49.82021],[38.26373,49.818651],[38.263336,49.818559],[38.26095,49.818237],[38.259974,49.818180038327526],[38.259974,49.81818],[38.259768,49.818168]]]}},{"type":"Feature","properties":{"cadnum":"4425487500:04:001:0136"},"geometry":{"type":"Polygon","coordinates":[[[38.202695,49.861642],[38.20212,49.862586],[38.202263816326536,49.862721],[38.202263,49.862721],[38.205042,49.865317],[38.205042,49.865316639016896],[38.20605314967106,49.866261],[38.206053,49.866261],[38.206907,49.867058],[38.208313,49.866885],[38.208305,49.86683],[38.207546,49.866448],[38.207634328767185,49.866314794520456],[38.207672,49.86626],[38.207802,49.866236],[38.205042,49.86365956070941],[38.205042,49.863659],[38.20415397441365,49.862831],[38.204155,49.862831],[38.202749,49.861517],[38.202695,49.861642]]]}},{"type":"Feature","properties":{"cadnum":"4425487500:04:001:0134"},"geometry":{"type":"Polygon","coordinates":[[[38.20181,49.864354],[38.20172,49.864934],[38.20164709805285,49.866261],[38.201646,49.866261],[38.201554,49.867982],[38.201626,49.868281],[38.20185,49.868622],[38.20211,49.868712],[38.202496,49.868683],[38.205042,49.867691],[38.205042,49.86769078640777],[38.205282,49.867597],[38.205042,49.86737331067961],[38.205042,49.867373],[38.203851,49.866261],[38.20385024430129,49.866261],[38.20181,49.864354]]]}},{"type":"Feature","properties":{"cadnum":"4425487500:04:001:0154"},"geometry":{"type":"Polygon","coordinates":[[[38.205016,49.86956],[38.204792,49.869627],[38.204219272727265,49.869802],[38.204218,49.869802],[38.203458,49.870035],[38.20487,49.87141490909091],[38.20487,49.871415],[38.20499098550317,49.87153314492356],[38.205042,49.871583],[38.205042,49.871582961667464],[38.20684333120707,49.873342],[38.206843,49.873342],[38.207402,49.873888],[38.20851217671768,49.87345097297199],[38.208839,49.873323],[38.208857,49.873312],[38.20537665641026,49.869913],[38.205377,49.869913],[38.205042,49.86958542382271],[38.205042,49.869585],[38.205016,49.86956]]]}},{"type":"Feature","properties":{"cadnum":"4425487500:04:001:0135"},"geometry":{"type":"Polygon","coordinates":[[[38.202061,49.862684],[38.20205521088435,49.862721],[38.202054,49.862721],[38.20181,49.864354],[38.203969,49.866372],[38.203969885791366,49.866372],[38.20487,49.86721240890009],[38.20487,49.867213],[38.205282,49.867597],[38.206768,49.867076],[38.206907,49.867058],[38.20617193851944,49.866372],[38.206172,49.866372],[38.20487,49.865156],[38.20487,49.86515632637639],[38.20238075423729,49.862831],[38.202381,49.862831],[38.20212,49.862586],[38.202061,49.862684]]]}},{"type":"Feature","properties":{"cadnum":"4425487500:04:001:0156"},"geometry":{"type":"Polygon","coordinates":[[[38.208615,49.868648],[38.208452,49.868715],[38.207433,49.868839],[38.206997,49.868957],[38.206643,49.869068],[38.20739350414201,49.869802],[38.207393,49.869802],[38.210133,49.872478],[38.210535,49.872216],[38.210535,49.8722156531792],[38.211574,49.871537],[38.210363,49.870355],[38.210363,49.8703551894452],[38.209909771151175,49.869913],[38.20991,49.869913],[38.208615,49.868648]]]}},{"type":"Feature","properties":{"cadnum":"4425487500:04:001:0158"},"geometry":{"type":"Polygon","coordinates":[[[38.211362999999984,49.866261],[38.21136,49.866261],[38.211135,49.866324],[38.211059,49.866372],[38.211061766798416,49.866372],[38.210535,49.866717264248706],[38.210535,49.866717],[38.20993,49.867114],[38.210363,49.86744751735537],[38.210363,49.867448],[38.21059,49.867623],[38.210492,49.867725],[38.212729,49.869913],[38.21272963449366,49.869913],[38.213263,49.870434],[38.214060987341774,49.869913],[38.214061,49.869913],[38.214745,49.869467],[38.21157373518403,49.866372],[38.211574,49.866372],[38.211439,49.86624],[38.211362999999984,49.866261]]]}},{"type":"Feature","properties":{"cadnum":"4425487500:04:001:0155"},"geometry":{"type":"Polygon","coordinates":[[[38.206643,49.869068],[38.205016,49.86956],[38.20526348441926,49.869802],[38.205263,49.869802],[38.208857,49.873312],[38.209508,49.872883],[38.210133,49.872478],[38.20750665470852,49.869913],[38.207507,49.869913],[38.206643,49.869068]]]}},{"type":"Feature","properties":{"cadnum":"4425487500:04:001:0157"},"geometry":{"type":"Polygon","coordinates":[[[38.210492,49.867725],[38.210245,49.867982],[38.208615,49.868648],[38.209796367588936,49.869802],[38.209796,49.869802],[38.210535,49.870523],[38.210535,49.87052288109001],[38.211574,49.871537],[38.213263,49.870434],[38.212616,49.869802],[38.2126155141682,49.869802],[38.210535,49.86776705811354],[38.210535,49.867767],[38.210492,49.867725]]]}},{"type":"Feature","properties":{"cadnum":"4425487500:04:003:0117"},"geometry":{"type":"Polygon","coordinates":[[[38.112854,49.832714],[38.112621,49.831673],[38.112508,49.831578],[38.111486,49.831576],[38.111486,49.83157666208252],[38.109113,49.831572],[38.106803,49.831682],[38.106013,49.831523],[38.105775,49.831735],[38.105268,49.833151],[38.105434,49.833221],[38.105993,49.833221],[38.106165,49.833221],[38.10635,49.833221],[38.109966,49.832963],[38.111658,49.832818],[38.111658,49.832817163742696],[38.112854,49.832714]]]}},{"type":"Feature","properties":{"cadnum":"4425487500:04:003:0092"},"geometry":{"type":"Polygon","coordinates":[[[38.115199,49.831325],[38.115208,49.831305],[38.115176,49.831303],[38.115172,49.831323],[38.115199,49.831325]]]}},{"type":"Feature","properties":{"cadnum":"4425487500:04:003:0031"},"geometry":{"type":"Polygon","coordinates":[[[38.114134,49.834026],[38.113954,49.833788],[38.11184,49.834495],[38.11184093043479,49.834495],[38.111658,49.834556332361515],[38.111658,49.834556],[38.107675,49.835888],[38.107666,49.837183],[38.111658,49.835849],[38.111658,49.83584848279884],[38.114916,49.834759],[38.114772,49.834625],[38.114515,49.834384],[38.11451489978678,49.834384],[38.114134,49.834026]]]}},{"type":"Feature","properties":{"cadnum":"4425487500:04:003:0093"},"geometry":{"type":"Polygon","coordinates":[[[38.113235,49.831088],[38.113249,49.831068],[38.113218,49.831062],[38.113208,49.83108],[38.113235,49.831088]]]}},{"type":"Feature","properties":{"cadnum":"4425487500:04:003:0119"},"geometry":{"type":"Polygon","coordinates":[[[38.11709,49.832682],[38.117076,49.833244],[38.116833,49.833267],[38.116874,49.83254],[38.11651,49.832081],[38.115145,49.831557],[38.114242,49.831757],[38.115571,49.833342],[38.1163,49.833504],[38.116623866962314,49.83440051441244],[38.116672,49.834536],[38.11698,49.83451172826087],[38.11698,49.834512],[38.11704,49.834507],[38.117151,49.834476],[38.117151,49.834475399999995],[38.119497,49.833809],[38.119902,49.833612],[38.119803,49.832667],[38.11859,49.832545],[38.118046,49.832343],[38.117151,49.83266036924686],[38.117151,49.83266],[38.11709,49.832682]]]}},{"type":"Feature","properties":{"cadnum":"4425487500:04:003:0032"},"geometry":{"type":"Polygon","coordinates":[[[38.113254,49.832867],[38.11154593219904,49.832887288135645],[38.111484,49.832888],[38.108847,49.833105],[38.108012,49.833221],[38.107698,49.833221],[38.10768704552591,49.834384],[38.107687,49.834384],[38.10768674782607,49.834415605798725],[38.107686,49.834495],[38.1076861143617,49.834495],[38.107675,49.835888],[38.111486,49.834613520461964],[38.111486,49.834614],[38.112172,49.834384],[38.11217190099009,49.834384],[38.113954,49.833788],[38.113254,49.832867]]]}},{"type":"Feature","properties":{"cadnum":"4425487500:04:003:0118"},"geometry":{"type":"Polygon","coordinates":[[[38.115881,49.834151],[38.115541,49.83417],[38.115325,49.833786],[38.115176,49.833797],[38.115235,49.834185],[38.115154,49.834295],[38.115023,49.834142],[38.114992,49.833722],[38.114759,49.8338],[38.114623,49.833676],[38.114906,49.833423],[38.113963,49.832456],[38.113325,49.832856],[38.114193,49.833956],[38.11467340816327,49.834384],[38.114673,49.834384],[38.115258,49.834904],[38.116182,49.83466],[38.116083956521734,49.834495],[38.116084,49.834495],[38.115881,49.834151]]]}},{"type":"Feature","properties":{"cadnum":"4425487500:04:008:0061"},"geometry":{"type":"Polygon","coordinates":[[[38.194056,49.82226],[38.191667,49.821868],[38.191892,49.822902],[38.193884,49.823228783733825],[38.193884,49.823229],[38.19709270078741,49.823754],[38.197088,49.823754],[38.199217,49.824102],[38.19915,49.823798],[38.198989,49.823068],[38.194056,49.8222601668952],[38.194056,49.82226]]]}},{"type":"Feature","properties":{"cadnum":"4425487500:04:008:0060"},"geometry":{"type":"Polygon","coordinates":[[[38.191892,49.822902],[38.192104,49.823864],[38.19210524590164,49.823864],[38.192122,49.823937],[38.193884,49.82422671871768],[38.193884,49.824227],[38.199447,49.82514],[38.199362,49.824749],[38.199217,49.824102],[38.19776095977011,49.823864],[38.197765,49.823864],[38.194056,49.823257142231384],[38.194056,49.823257],[38.191892,49.822902]]]}},{"type":"Feature","properties":{"cadnum":"4425487500:04:001:0071"},"geometry":{"type":"Polygon","coordinates":[[[38.184759,49.859429],[38.183069,49.86260545303867],[38.183069,49.862605],[38.183006380530976,49.862721],[38.183006,49.862721],[38.182980122171884,49.86276964253405],[38.182947,49.862831],[38.18294748,49.862831],[38.182208,49.864221],[38.182898,49.86437486759582],[38.182898,49.864375],[38.183006321841745,49.8643990229891],[38.183069,49.864413],[38.183069,49.8644129233871],[38.183642,49.86454],[38.184607,49.862721],[38.184606493195076,49.862721],[38.186189,49.859745],[38.184759,49.859429]]]}},{"type":"Feature","properties":{"cadnum":"4425487500:04:001:0072"},"geometry":{"type":"Polygon","coordinates":[[[38.188955,49.860359],[38.188391,49.860234],[38.188391,49.86023402402023],[38.186189,49.859745],[38.184548,49.862831],[38.18454864376031,49.862831],[38.183642,49.86454],[38.184571,49.864745],[38.185608,49.86344],[38.186166,49.862721],[38.186165409836065,49.862721],[38.187122,49.861489],[38.187441,49.861225],[38.18834,49.860648],[38.188391,49.860624108108105],[38.188391,49.860625],[38.188955,49.860359]]]}},{"type":"Feature","properties":{"cadnum":"4425487500:04:001:0083"},"geometry":{"type":"Polygon","coordinates":[[[38.188308,49.866141],[38.188258,49.866129],[38.186925,49.865831],[38.186816,49.865808],[38.18657504255319,49.866261],[38.186574,49.866261],[38.18469102573932,49.869802],[38.184691,49.869802],[38.184208,49.87071],[38.185698,49.871036],[38.186295901944895,49.869913],[38.186296,49.869913],[38.18818382228916,49.866372],[38.188184,49.866372],[38.188308,49.866141]]]}},{"type":"Feature","properties":{"cadnum":"4425487500:04:001:0085"},"geometry":{"type":"Polygon","coordinates":[[[38.184365,49.865264],[38.184082,49.865527],[38.183443550295856,49.866261],[38.183442,49.866261],[38.18298587214591,49.86678755936097],[38.182407,49.867453],[38.181067,49.868477],[38.18082,49.868775],[38.18041938353601,49.869802],[38.180419,49.869802],[38.180403,49.869844],[38.180738,49.869913],[38.18073910666665,49.869913],[38.181499,49.870069],[38.182703,49.870365],[38.182943049733574,49.869913],[38.182945,49.869913],[38.184827841948426,49.86637042462872],[38.185308,49.865472],[38.184365,49.865264]]]}},{"type":"Feature","properties":{"cadnum":"4425487500:04:001:0084"},"geometry":{"type":"Polygon","coordinates":[[[38.185308,49.865472],[38.18488632333333,49.866261],[38.184886,49.866261],[38.184827841948426,49.86637042462872],[38.184827,49.866372],[38.184827004654984,49.866372],[38.183069,49.869679693456966],[38.183069,49.869678],[38.183002514893616,49.869802],[38.183002,49.869802],[38.18294824219919,49.86990322288246],[38.182943,49.869913],[38.182943049733574,49.869913],[38.182703,49.870365],[38.183069,49.870456],[38.183069,49.87045554929578],[38.183111,49.870466],[38.184208,49.87071],[38.18463195484582,49.869913],[38.184632,49.869913],[38.18651497426068,49.866372],[38.186516,49.866372],[38.186816,49.865808],[38.185308,49.865472]]]}},{"type":"Feature","properties":{"cadnum":"4425487500:04:001:0082"},"geometry":{"type":"Polygon","coordinates":[[[38.18824358441558,49.866261],[38.188243,49.866261],[38.18635517771084,49.869802],[38.186355,49.869802],[38.185698,49.871036],[38.187051,49.871337],[38.187830195085084,49.869869436250795],[38.188391,49.8688161629139],[38.188391,49.868818],[38.189655,49.866439],[38.188849,49.866261],[38.188847882075486,49.866261],[38.18850278527664,49.866184711656565],[38.188308,49.866141],[38.18824358441558,49.866261]]]}},{"type":"Feature","properties":{"cadnum":"4425487500:04:001:0079"},"geometry":{"type":"Polygon","coordinates":[[[38.19108,49.860831],[38.189741,49.860536],[38.188519,49.862831],[38.18852005633803,49.862831],[38.188472317535194,49.86292162713908],[38.186925,49.865831],[38.188258,49.866129],[38.188391,49.86587918749999],[38.188391,49.86588],[38.190072,49.862721],[38.190071685,49.862721],[38.19108,49.860831]]]}},{"type":"Feature","properties":{"cadnum":"4425487500:04:001:0077"},"geometry":{"type":"Polygon","coordinates":[[[38.182898,49.866342409090905],[38.182898,49.866343],[38.183583,49.865591],[38.184571,49.864749],[38.184571,49.864745],[38.183642,49.86454],[38.183006321841745,49.8643990229891],[38.182208,49.864221],[38.181652,49.864097],[38.18049818373626,49.866261],[38.180498,49.866261],[38.179176,49.868747],[38.181516,49.867548],[38.182671,49.866592],[38.182870395770394,49.866372],[38.182871,49.866372],[38.182898,49.866342409090905]]]}},{"type":"Feature","properties":{"cadnum":"4425487500:04:001:0078"},"geometry":{"type":"Polygon","coordinates":[[[38.188955,49.860359],[38.188562,49.86054435106383],[38.188562,49.860544],[38.18834,49.860648],[38.18786234585433,49.862721],[38.187862,49.862721],[38.18784174428844,49.86281040997682],[38.187837,49.862831],[38.18783707964602,49.862831],[38.187734,49.863286],[38.187594,49.863422],[38.187414,49.863457],[38.186795,49.863373],[38.186319,49.863564],[38.185717,49.863474],[38.184984,49.864687],[38.184365,49.865264],[38.185308,49.865472],[38.186816,49.865808],[38.186925,49.865831],[38.188391,49.86307452596211],[38.188391,49.863076],[38.188472317535194,49.86292162713908],[38.188562,49.862753],[38.188562,49.86275137433156],[38.188578,49.862721],[38.1885775708061,49.862721],[38.189741,49.860536],[38.188955,49.860359]]]}},{"type":"Feature","properties":{"cadnum":"4425487500:04:001:0080"},"geometry":{"type":"Polygon","coordinates":[[[38.191583,49.860944],[38.19108,49.860831],[38.190013,49.862831],[38.19001346565369,49.862831],[38.188562,49.865558650208214],[38.188562,49.865558],[38.188258,49.866129],[38.188308,49.866141],[38.188391,49.86615962598425],[38.188391,49.86616],[38.18850278527664,49.866184711656565],[38.188562,49.866198],[38.188562,49.86619780187696],[38.18935,49.866372],[38.18935161797752,49.866372],[38.189655,49.866439],[38.190248,49.866573],[38.19029051923077,49.866372],[38.190291,49.866372],[38.190401,49.86586],[38.191135,49.862721],[38.19113489347079,49.862721],[38.191246,49.862249],[38.191583,49.860944]]]}},{"type":"Feature","properties":{"cadnum":"4425487500:03:001:0042"},"geometry":{"type":"Polygon","coordinates":[[[38.160568,49.802324],[38.160578,49.80231],[38.160555,49.802301],[38.160541,49.802315],[38.160568,49.802324]]]}},{"type":"Feature","properties":{"cadnum":"4425487500:04:006:0001"},"geometry":{"type":"Polygon","coordinates":[[[38.16099708588947,49.80240209406971],[38.160952277486906,49.802486],[38.160952,49.802486],[38.160654,49.803046],[38.161097,49.803079],[38.161097,49.80307842619543],[38.162849,49.803205],[38.163016,49.803235],[38.166418,49.80331590934527],[38.166418,49.803316],[38.170225,49.803406],[38.170095,49.802486],[38.170094539285714,49.802486],[38.170032,49.802037],[38.16658615411868,49.80195690839678],[38.1613,49.801831],[38.16099708588947,49.80240209406971]]]}},{"type":"Feature","properties":{"cadnum":"4425487500:03:001:0043"},"geometry":{"type":"Polygon","coordinates":[[[38.160895,49.801869],[38.160909,49.801851],[38.160882,49.801846],[38.160874,49.80186],[38.160895,49.801869]]]}},{"type":"Feature","properties":{"cadnum":"4425487500:04:001:0270"},"geometry":{"type":"Polygon","coordinates":[[[38.179451,49.83067],[38.179208,49.830653],[38.17912123076923,49.830841],[38.179121,49.830841],[38.177576,49.83418544905213],[38.177576,49.834183],[38.17748258653846,49.834384],[38.177482,49.834384],[38.177445881579054,49.83446297894713],[38.177431,49.834495],[38.17743123780488,49.834495],[38.177407,49.834548],[38.177576,49.834552],[38.177576,49.83455165970611],[38.1787,49.834576],[38.179285,49.834588],[38.17932785294118,49.834495],[38.179328,49.834495],[38.18096569211822,49.830952],[38.180966,49.830952],[38.18105,49.830773],[38.179451,49.83067]]]}},{"type":"Feature","properties":{"cadnum":"4425487500:04:004:0084"},"geometry":{"type":"Polygon","coordinates":[[[38.18146308793352,49.82735367659986],[38.181401,49.827297],[38.18140058057554,49.827297],[38.17999,49.826018],[38.17961366115108,49.827297],[38.179613,49.827297],[38.178732,49.8303],[38.179392,49.830346],[38.180757,49.830427],[38.181619,49.827496],[38.18152259798995,49.827408],[38.181523,49.827408],[38.18146308793352,49.82735367659986]]]}},{"type":"Feature","properties":{"cadnum":"4425487500:04:004:0203"},"geometry":{"type":"Polygon","coordinates":[[[38.180883,49.817631],[38.180964,49.817599],[38.180547,49.817545],[38.180604,49.817577],[38.180623,49.817622],[38.180569,49.817817],[38.179861520974825,49.82021],[38.179861,49.82021],[38.179487,49.82148],[38.179019,49.823071],[38.178782,49.823864],[38.17878217078781,49.823864],[38.178296,49.825493],[38.17776469138381,49.827297],[38.177764,49.827297],[38.177404,49.828522],[38.177404,49.82852334268833],[38.176899,49.830239],[38.177147,49.830266],[38.177576,49.828806],[38.177576,49.828804640650404],[38.178019,49.827297],[38.1780186778761,49.827297],[38.178485,49.825713],[38.178539,49.825531],[38.178575,49.825462],[38.17904186299766,49.823864],[38.179042,49.823864],[38.179266,49.8231],[38.18008364705882,49.82032],[38.180084,49.82032],[38.180812,49.817848],[38.180883,49.817631]]]}},{"type":"Feature","properties":{"cadnum":"4425487500:04:001:0032"},"geometry":{"type":"Polygon","coordinates":[[[38.181961,49.830831],[38.18105,49.830773],[38.181018089385475,49.830841],[38.181017,49.830841],[38.17937930788177,49.834384],[38.179379,49.834384],[38.179285,49.834588],[38.180093,49.834606],[38.180202,49.834384],[38.180201953201966,49.834384],[38.181930230766255,49.83089305128806],[38.181961,49.830831]]]}},{"type":"Feature","properties":{"cadnum":"4425487500:04:001:0033"},"geometry":{"type":"Polygon","coordinates":[[[38.182326,49.830952],[38.18232746166529,49.830952],[38.180573,49.834495],[38.18057316638079,49.834495],[38.18034,49.834967],[38.18131,49.835118],[38.18159773433243,49.834495],[38.181598,49.834495],[38.182898,49.831689085656016],[38.182898,49.831691],[38.183219,49.830996],[38.182898,49.830943],[38.182898,49.83094316666667],[38.182375,49.830856],[38.182326,49.830952]]]}},{"type":"Feature","properties":{"cadnum":"4425487500:04:004:0083"},"geometry":{"type":"Polygon","coordinates":[[[38.183069,49.83063150561798],[38.18437140808822,49.830841],[38.184369,49.830841],[38.184589,49.830876],[38.18501,49.830952],[38.185014261146506,49.830952],[38.186346,49.83119],[38.185947,49.830841],[38.185946689655175,49.830841],[38.185743,49.830662],[38.185101,49.830092],[38.184351,49.829703],[38.183965,49.829486],[38.183835,49.82924],[38.183852,49.82915],[38.183569,49.829072],[38.182898,49.828587],[38.182898,49.828587607954546],[38.182541,49.82833],[38.181619,49.827496],[38.180757,49.830427],[38.182379,49.83052],[38.183069,49.830632],[38.183069,49.83063150561798]]]}},{"type":"Feature","properties":{"cadnum":"4425487500:04:004:0184"},"geometry":{"type":"Polygon","coordinates":[[[38.180883,49.817631],[38.180964,49.817599],[38.180547,49.817545],[38.180604,49.817577],[38.180623,49.817622],[38.180569,49.817817],[38.179861520974825,49.82021],[38.179861,49.82021],[38.179487,49.82148],[38.179019,49.823071],[38.178782,49.823864],[38.17878217078781,49.823864],[38.178296,49.825493],[38.17776469138381,49.827297],[38.177764,49.827297],[38.177404,49.828522],[38.177404,49.82852334268833],[38.176899,49.830239],[38.177147,49.830266],[38.177576,49.828806],[38.177576,49.828804640650404],[38.178019,49.827297],[38.1780186778761,49.827297],[38.178485,49.825713],[38.178539,49.825531],[38.178575,49.825462],[38.17904186299766,49.823864],[38.179042,49.823864],[38.179266,49.8231],[38.18008364705882,49.82032],[38.180084,49.82032],[38.180812,49.817848],[38.180883,49.817631]]]}},{"type":"Feature","properties":{"cadnum":"4425487500:04:004:0082"},"geometry":{"type":"Polygon","coordinates":[[[38.179927,49.8256],[38.179734,49.825595],[38.181727,49.827408],[38.181727001962706,49.827408],[38.182725,49.828316],[38.183069,49.828571],[38.183069,49.82857010989011],[38.183717,49.829048],[38.183983,49.829124],[38.184103,49.828973],[38.18418,49.828973],[38.184365,49.829037],[38.185317,49.829433],[38.186,49.829637],[38.186696,49.829811],[38.186781,49.829839],[38.185132,49.828344],[38.183984,49.827297],[38.18398386904762,49.827297],[38.18383,49.827156],[38.182898,49.826309],[38.182898,49.826310292682926],[38.182577,49.826018],[38.179927,49.8256]]]}},{"type":"Feature","properties":{"cadnum":"4425487500:04:004:0085"},"geometry":{"type":"Polygon","coordinates":[[[38.17999,49.826018],[38.179455,49.825533],[38.178935,49.825516],[38.178539,49.825531],[38.178485,49.825713],[38.177986,49.827408],[38.177986384137604,49.827408],[38.177404,49.82939],[38.177404,49.829391361305355],[38.177147,49.830266],[38.177404,49.830263603729605],[38.177404,49.830264],[38.178134,49.830257],[38.178732,49.8303],[38.17958043556444,49.827408],[38.179581,49.827408],[38.17999,49.826018]]]}},{"type":"Feature","properties":{"cadnum":"4425487500:04:001:0285"},"geometry":{"type":"Polygon","coordinates":[[[38.178216,49.830573],[38.177404,49.830581],[38.177404,49.83058163420427],[38.177155,49.830584],[38.17706491032609,49.830841],[38.177064,49.830841],[38.176782,49.83165],[38.175492,49.834495],[38.17549305,49.834495],[38.175489,49.834504],[38.177241,49.834542],[38.177407,49.834548],[38.17743123780488,49.834495],[38.177433,49.834495],[38.179069722495896,49.830952],[38.17907,49.830952],[38.179208,49.830653],[38.178216,49.830573]]]}},{"type":"Feature","properties":{"cadnum":"4425487500:04:002:0364"},"geometry":{"type":"Polygon","coordinates":[[[38.177583,49.827472],[38.177591,49.827455],[38.177564,49.827452],[38.17756,49.82747],[38.177583,49.827472]]]}},{"type":"Feature","properties":{"cadnum":"4425487500:04:008:0051"},"geometry":{"type":"Polygon","coordinates":[[[38.198265,49.819794],[38.19835753231939,49.82021],[38.198356,49.82021],[38.198504,49.820872],[38.199549,49.821043],[38.199549,49.82104214545454],[38.205042,49.821941],[38.205042,49.82194016120906],[38.206458,49.822172],[38.206158,49.820999],[38.205834,49.820975],[38.20487,49.820907],[38.20487,49.820907743467934],[38.2042,49.82086],[38.203328,49.820636],[38.20216,49.820338],[38.20225,49.820295],[38.201575,49.82021],[38.20157353185597,49.82021],[38.199549,49.819955612252],[38.199549,49.819955],[38.198265,49.819794]],[[38.199743,49.82032],[38.199735,49.820338],[38.199707,49.820335],[38.199716,49.820318],[38.199743,49.82032]],[[38.19894,49.820213],[38.198967,49.820217],[38.198963,49.820234],[38.198934,49.820228],[38.19894,49.820213]],[[38.203718,49.820784],[38.203714,49.820802],[38.203687,49.820796],[38.203691,49.820778],[38.203718,49.820784]],[[38.202938,49.820712],[38.202932,49.820729],[38.202906,49.820726],[38.20291,49.820709],[38.202938,49.820712]],[[38.202102,49.820636],[38.202093,49.820654],[38.202066,49.820648],[38.202074,49.820631],[38.202102,49.820636]],[[38.20133,49.820538],[38.201315,49.820567],[38.201271,49.820558],[38.201284,49.820529],[38.20133,49.820538]],[[38.200575,49.820449],[38.200565,49.820466],[38.200538,49.820462],[38.200548,49.820445],[38.200575,49.820449]]]}},{"type":"Feature","properties":{"cadnum":"4425487500:04:008:0071"},"geometry":{"type":"Polygon","coordinates":[[[38.198134,49.816776],[38.19813483823529,49.816776],[38.198347,49.817721],[38.199377,49.81772442762063],[38.199377,49.817725],[38.20487,49.81774342312445],[38.20487,49.817744],[38.206131,49.817747],[38.205902,49.816727],[38.205042,49.8167245],[38.205042,49.816724],[38.205042,49.816723],[38.199377,49.816705],[38.199377,49.816705399021664],[38.198118,49.816701],[38.198134,49.816776]]]}},{"type":"Feature","properties":{"cadnum":"4425487500:04:008:0072"},"geometry":{"type":"Polygon","coordinates":[[[38.20502155146734,49.814664420532736],[38.20066,49.815394],[38.19945170018615,49.81548629414011],[38.198095,49.815588],[38.197871,49.815588],[38.198118,49.816701],[38.199549,49.816706],[38.199549,49.81670557687555],[38.20487,49.81672342312445],[38.20487,49.816724],[38.205902,49.816727],[38.205421,49.814597],[38.20502155146734,49.814664420532736]]]}},{"type":"Feature","properties":{"cadnum":"4425487500:04:008:0069"},"geometry":{"type":"Polygon","coordinates":[[[38.205042,49.81880145927904],[38.205042,49.818801],[38.199549,49.81878257687555],[38.199549,49.818782],[38.198584,49.818779],[38.198804,49.819764],[38.199377,49.81983783624161],[38.199377,49.819838],[38.20227951851856,49.82021],[38.202279,49.82021],[38.202537,49.820243],[38.202753,49.820324],[38.202829,49.820237],[38.203049,49.819906],[38.203355,49.819805],[38.20388,49.819796],[38.20487,49.81979855593804],[38.20487,49.819799],[38.206594,49.819802],[38.206368,49.818805],[38.205042,49.81880145927904]]]}},{"type":"Feature","properties":{"cadnum":"4425487500:04:008:0070"},"geometry":{"type":"Polygon","coordinates":[[[38.199549,49.817725],[38.198347,49.817721],[38.198584,49.818779],[38.199377,49.81878146528497],[38.199377,49.818782],[38.20487,49.81880042312445],[38.20487,49.818801],[38.206368,49.818805],[38.206131,49.817747],[38.205042,49.817744409199044],[38.205042,49.817744],[38.199549,49.81772557687555],[38.199549,49.817725]]]}},{"type":"Feature","properties":{"cadnum":"4425487500:07:001:0091"},"geometry":{"type":"Polygon","coordinates":[[[38.26024,49.858523],[38.259961,49.858373],[38.259802,49.858412],[38.259802,49.85841222651449],[38.258822,49.858654],[38.258089,49.858966],[38.25759402857144,49.859179],[38.257593,49.859179],[38.257357,49.859281],[38.257345,49.85929],[38.257345487179485,49.85929],[38.256908,49.859632],[38.256468,49.86022],[38.256015,49.860863],[38.255628,49.861294],[38.255201,49.861772],[38.254787,49.862174],[38.25448,49.86247843096234],[38.25448,49.862478],[38.254289,49.862667],[38.25422940243902,49.862721],[38.254228,49.862721],[38.253862,49.863054],[38.253449,49.863431],[38.252866,49.864047],[38.252753,49.864163],[38.253032,49.864882],[38.253252,49.865],[38.253481,49.864077],[38.254309,49.863518169853776],[38.254309,49.863519],[38.25437,49.863477],[38.25448,49.863404],[38.25448,49.863403553846155],[38.255345,49.862826],[38.255454,49.862721],[38.255453647642675,49.862721],[38.255762,49.862423],[38.256292,49.861917],[38.257043,49.86088],[38.257784,49.860341],[38.257973,49.860208],[38.258929,49.859704],[38.25971863706564,49.85929],[38.259719,49.85929],[38.259917,49.859186],[38.259974,49.859132],[38.259974,49.859130349726776],[38.260466,49.85865],[38.26024,49.858523]]]}},{"type":"Feature","properties":{"cadnum":"4425487500:07:002:0039"},"geometry":{"type":"Polygon","coordinates":[[[38.258533,49.858454],[38.258822,49.858654],[38.259961,49.858373],[38.259802,49.858163],[38.259802,49.858164331428576],[38.258911,49.856995],[38.257181,49.857336],[38.257222,49.85881],[38.258533,49.858454]]]}},{"type":"Feature","properties":{"cadnum":"4425487500:07:002:0035"},"geometry":{"type":"Polygon","coordinates":[[[38.256395,49.855749],[38.25639598734177,49.855749],[38.256477,49.856349],[38.256589,49.857324],[38.258978,49.856916],[38.257874920187795,49.855749],[38.257875,49.855749],[38.256504,49.854299],[38.255969,49.853765],[38.25583,49.853806],[38.256248,49.854846],[38.256298,49.85508],[38.256315,49.855153],[38.256395,49.855749]]]}},{"type":"Feature","properties":{"cadnum":"4425487500:07:001:0013"},"geometry":{"type":"Polygon","coordinates":[[[38.259802,49.855265],[38.259802,49.8552657118998],[38.25882754098362,49.855638],[38.258827,49.855638],[38.25858668879423,49.85573001659845],[38.258537,49.855749],[38.25853711160713,49.855749],[38.258242,49.855862],[38.258292,49.85592],[38.258898,49.856742],[38.259802,49.85751745724907],[38.259802,49.857518],[38.260079,49.857755],[38.260784,49.85848],[38.260806,49.858503],[38.262917,49.857695],[38.260943,49.855638],[38.260942736842104,49.855638],[38.260376,49.855046],[38.259802,49.855265]]]}},{"type":"Feature","properties":{"cadnum":"4425487500:07:002:0033"},"geometry":{"type":"Polygon","coordinates":[[[38.255029038116604,49.855638],[38.255029,49.855638],[38.2550176350941,49.85564133054881],[38.254649,49.855749],[38.254650232227476,49.855749],[38.254396931915714,49.85582323106359],[38.25207,49.856502],[38.253265,49.858045],[38.254309,49.85782331111111],[38.254309,49.857824],[38.256365,49.857385],[38.256275,49.8561],[38.256230935064934,49.855749],[38.256231,49.855749],[38.256176,49.855303],[38.255029038116604,49.855638]]]}},{"type":"Feature","properties":{"cadnum":"4425487500:07:001:0015"},"geometry":{"type":"Polygon","coordinates":[[[38.259974,49.855114],[38.259974,49.85511387184466],[38.260317,49.854982],[38.259974,49.85461036116505],[38.259974,49.85461],[38.257851,49.852309],[38.257334,49.852462],[38.255642,49.853009],[38.25618,49.853623],[38.25694,49.854443],[38.25803343415008,49.855638],[38.258033,49.855638],[38.2581092780268,49.85572088878912],[38.258135,49.855749],[38.258135147239265,49.855749],[38.258183,49.855801],[38.25831858282208,49.855749],[38.25832,49.855749],[38.259974,49.855114]]]}},{"type":"Feature","properties":{"cadnum":"4425487500:07:002:0038"},"geometry":{"type":"Polygon","coordinates":[[[38.256221,49.857608],[38.254751,49.858014],[38.25448,49.85809125339366],[38.25448,49.858091],[38.253548,49.858355],[38.25424,49.85929],[38.25424035483871,49.85929],[38.25448,49.859613],[38.25448,49.859611508],[38.255309,49.860729],[38.255799,49.860098],[38.25628960282916,49.85929],[38.25629,49.85929],[38.256418,49.859079],[38.256221,49.857608]]]}},{"type":"Feature","properties":{"cadnum":"4425487500:07:002:0052"},"geometry":{"type":"Polygon","coordinates":[[[38.256594,49.85903],[38.256912,49.858856],[38.256741,49.858023],[38.256634,49.85753],[38.256279,49.857602],[38.256594,49.85903]]]}},{"type":"Feature","properties":{"cadnum":"4425487500:07:002:0034"},"geometry":{"type":"Polygon","coordinates":[[[38.256176,49.855303],[38.256166,49.855251],[38.256153,49.855158],[38.256171,49.854846],[38.256248,49.854846],[38.25583,49.853806],[38.25448,49.854199195266276],[38.25448,49.854199],[38.251059,49.855196],[38.25140109041591,49.855638],[38.251401,49.855638],[38.25207,49.856502],[38.254309,49.85584888091286],[38.254309,49.855849],[38.254396931915714,49.85582323106359],[38.25448,49.855799],[38.25448,49.8557988875],[38.255017635094134,49.8556413305488],[38.256176,49.855303]]]}},{"type":"Feature","properties":{"cadnum":"4425487500:04:003:0035"},"geometry":{"type":"Polygon","coordinates":[[[38.11701172965448,49.83759339195363],[38.117151,49.837547],[38.117151,49.837546830265296],[38.120674,49.836369],[38.120682,49.834944],[38.117151,49.83612481523501],[38.117151,49.836124],[38.11505,49.836827],[38.115042,49.837827],[38.11504057819906,49.837927],[38.11504,49.837927],[38.115036,49.838252],[38.11587750735958,49.83797120955661],[38.11698,49.83760396132972],[38.11698,49.837604],[38.11701172965448,49.83759339195363]]]}},{"type":"Feature","properties":{"cadnum":"4425487500:04:003:0036"},"geometry":{"type":"Polygon","coordinates":[[[38.120688,49.834226],[38.120355,49.834063],[38.119789,49.833887],[38.119506,49.833855],[38.11764044843749,49.834384],[38.117639,49.834384],[38.117399996480785,49.834452183098044],[38.117249,49.834495],[38.11724990957448,49.834495],[38.117151,49.83452321699545],[38.117151,49.834523],[38.115554,49.834976],[38.115342,49.83502],[38.11514,49.834965],[38.115065,49.834895],[38.11505,49.836827],[38.11698,49.8361812170395],[38.11698,49.836182],[38.120682,49.834944],[38.120685576158934,49.834443337748866],[38.120688,49.834226]]]}},{"type":"Feature","properties":{"cadnum":"4425487500:04:003:0039"},"geometry":{"type":"Polygon","coordinates":[[[38.127856,49.834492],[38.127946,49.833472],[38.127959,49.833345],[38.12485374521738,49.834384],[38.124853,49.834384],[38.122473,49.835181],[38.122473,49.835181180094786],[38.120745,49.835759],[38.120737,49.836874],[38.122644,49.836236],[38.122644,49.836235788222176],[38.12784703331483,49.834495],[38.127848,49.834495],[38.127856,49.834492]]]}},{"type":"Feature","properties":{"cadnum":"4425487500:04:003:0038"},"geometry":{"type":"Polygon","coordinates":[[[38.127766,49.835579],[38.127806,49.83506],[38.127856,49.834492],[38.122473,49.836293],[38.122473,49.836293209229154],[38.120737,49.836874],[38.120728,49.837931],[38.122473,49.83734720824635],[38.122473,49.837348],[38.127766,49.835579]]]}},{"type":"Feature","properties":{"cadnum":"4425487500:04:003:0040"},"geometry":{"type":"Polygon","coordinates":[[[38.128093,49.832183],[38.126917,49.83251],[38.127088,49.832768],[38.126837,49.832838],[38.12663,49.832841],[38.126499,49.83278],[38.126414,49.832652],[38.123283,49.833524],[38.122663,49.833855],[38.122644,49.833895600000005],[38.122644,49.833895],[38.122414985,49.834384],[38.122414,49.834384],[38.122345,49.834533],[38.122241,49.834681],[38.121837,49.834703],[38.121024,49.834388],[38.121016,49.834384],[38.12101571875,49.834384],[38.120759,49.83426],[38.120757417021274,49.834384],[38.120757,49.834384],[38.12075609885057,49.83448725670556],[38.120756,49.834495],[38.12075603127273,49.834495],[38.120745,49.835759],[38.122644,49.835124],[38.122644,49.83512373655462],[38.12452153199499,49.834495],[38.124522,49.834495],[38.127959,49.833345],[38.127966,49.8332899722222],[38.127966,49.833292],[38.128067,49.832496],[38.128093,49.832183]]]}},{"type":"Feature","properties":{"cadnum":"4425487500:07:002:0002"},"geometry":{"type":"Polygon","coordinates":[[[38.25996022222521,49.84820099999913],[38.25874433333332,49.848554],[38.258742,49.848554],[38.256835,49.849109],[38.257963,49.850481],[38.259802,49.849946949278966],[38.259802,49.849947],[38.259938807504476,49.8499072199987],[38.259974,49.849897],[38.259974,49.84989698695247],[38.261948,49.849323],[38.261088,49.848554],[38.26108721280001,49.848554],[38.260514,49.84804],[38.25996022222521,49.84820099999913]]]}},{"type":"Feature","properties":{"cadnum":"4425487500:07:002:0003"},"geometry":{"type":"Polygon","coordinates":[[[38.259802,49.84824693548387],[38.259802,49.848247],[38.25996022222521,49.84820099999913],[38.259974,49.848197],[38.259974,49.84819699438202],[38.260514,49.84804],[38.259802,49.847404],[38.259802,49.8474044],[38.259544,49.847174],[38.255089,49.846977],[38.256473,49.848665],[38.25647321304348,49.848665],[38.256571,49.848784],[38.256835,49.849109],[38.25836060000001,49.848665],[38.258362,49.848665],[38.259802,49.84824693548387]]]}},{"type":"Feature","properties":{"cadnum":"4425487500:07:002:0050"},"geometry":{"type":"Polygon","coordinates":[[[38.239633,49.844793],[38.2397312345679,49.845012],[38.23973,49.845012],[38.239742,49.845036],[38.24,49.845123],[38.240003135937506,49.845123],[38.241663,49.845676],[38.242778,49.845951],[38.243322,49.84602393854748],[38.243322,49.846025],[38.244816,49.846224],[38.24655,49.846334],[38.248987,49.846448],[38.248987,49.846447970338986],[38.25448,49.846704],[38.25448,49.846703918958035],[38.256382,49.846792],[38.259974,49.846991],[38.259974,49.846990478494625],[38.262778,49.847145],[38.265467,49.847319],[38.265467,49.84731815883669],[38.266636,49.847394],[38.267795,49.847533],[38.267795,49.847432],[38.267827,49.847383],[38.267018,49.847287],[38.266676,49.847235],[38.265467,49.84715708472122],[38.265467,49.847157],[38.262801,49.846983],[38.259802,49.846827],[38.259802,49.84682786872587],[38.258938,49.846782],[38.256374,49.846653],[38.254309,49.846549],[38.254309,49.84654917419355],[38.253395,49.846502],[38.250197,49.846357],[38.248987,49.8462982961622],[38.248987,49.846298],[38.248136,49.846256],[38.24717,49.846209],[38.246564,49.846181],[38.244655,49.84605],[38.243581,49.845925],[38.243322,49.845878],[38.243322,49.84587824332978],[38.242557,49.845737],[38.241929,49.845575],[38.240329,49.845019],[38.240306,49.845012],[38.24030594666666,49.845012],[38.240082,49.844944],[38.239633,49.844793]]]}},{"type":"Feature","properties":{"cadnum":"4425487500:07:002:0004"},"geometry":{"type":"Polygon","coordinates":[[[38.255753,49.847881],[38.255007,49.846974],[38.254309,49.846943],[38.254309,49.84694337990936],[38.250508,49.846774],[38.25196513379165,49.848554],[38.251964,49.848554],[38.252246,49.848897],[38.2531880716446,49.84862362387978],[38.25448,49.84825],[38.25448,49.848249499999994],[38.255753,49.847881]]]}},{"type":"Feature","properties":{"cadnum":"4425487500:07:002:0005"},"geometry":{"type":"Polygon","coordinates":[[[38.25448,49.84820614996496],[38.25448,49.848206],[38.25328284967319,49.848554],[38.253281,49.848554],[38.252233,49.84886],[38.253462,49.850356],[38.254309,49.850111385068764],[38.254309,49.850112],[38.256967,49.84934],[38.256322,49.848554],[38.25632104727273,49.848554],[38.255736,49.84784],[38.25448,49.84820614996496]]]}},{"type":"Feature","properties":{"cadnum":"4425487500:04:004:0090"},"geometry":{"type":"Polygon","coordinates":[[[38.180506,49.819057],[38.18016631950208,49.82021],[38.180166,49.82021],[38.180151,49.820262],[38.180619,49.82032],[38.180619819944624,49.82032],[38.182898,49.82060184475668],[38.182898,49.820603],[38.185869,49.820969],[38.186071,49.820292],[38.186233,49.819764],[38.183069,49.81937407376312],[38.183069,49.819374],[38.180506,49.819057]]]}},{"type":"Feature","properties":{"cadnum":"4425487500:04:004:0202"},"geometry":{"type":"Polygon","coordinates":[[[38.180547,49.817545],[38.180964,49.817599],[38.182898,49.8178286912114],[38.182898,49.817829],[38.185824,49.818176],[38.188562,49.818506],[38.188562,49.818505514261744],[38.189583,49.818628],[38.190042,49.818721],[38.190177,49.818814],[38.190055,49.818507],[38.189812,49.818498],[38.188562,49.81834845742435],[38.188562,49.818348],[38.18586,49.818022],[38.182898,49.817662],[38.182898,49.817663136524125],[38.18052,49.817373],[38.177404,49.816998],[38.177404,49.81699816221766],[38.174654,49.816665],[38.17358,49.816665],[38.17358,49.816707],[38.177576,49.817188],[38.177576,49.81718768596882],[38.180547,49.817545]]]}},{"type":"Feature","properties":{"cadnum":"4425487500:03:001:0077"},"geometry":{"type":"Polygon","coordinates":[[[38.179873,49.817669],[38.179877,49.817652],[38.179851,49.817648],[38.179845,49.817666],[38.179873,49.817669]]]}},{"type":"Feature","properties":{"cadnum":"4425487500:03:001:0144"},"geometry":{"type":"Polygon","coordinates":[[[38.17741845378173,49.8179988445371],[38.177576,49.817487],[38.177576,49.81748485],[38.177644,49.817263],[38.17765,49.817246],[38.17743914285517,49.817221999999774],[38.177097,49.817182],[38.177092,49.817203],[38.176132,49.82032],[38.17613311054248,49.82032],[38.175866,49.821187],[38.176419,49.821254],[38.176739,49.82021],[38.17673785810096,49.82021],[38.177404,49.818045802752295],[38.177404,49.818046],[38.17741845378173,49.8179988445371]]]}},{"type":"Feature","properties":{"cadnum":"4425487500:03:001:0149"},"geometry":{"type":"Polygon","coordinates":[[[38.180038,49.818686],[38.180218,49.81806],[38.180336,49.817553],[38.179855,49.817498],[38.179851,49.817513],[38.17899,49.82032],[38.17899034202454,49.82032],[38.178625,49.821514],[38.179128,49.821575],[38.179226,49.821587],[38.179611,49.82021],[38.179610832313344,49.82021],[38.180038,49.818686]]]}},{"type":"Feature","properties":{"cadnum":"4425487500:04:004:0102"},"geometry":{"type":"Polygon","coordinates":[[[38.181512,49.812397],[38.18008,49.812571],[38.180215,49.813232],[38.1802158377565,49.813232],[38.180922162243505,49.816665],[38.180922,49.816665],[38.181067,49.817365],[38.182577,49.817553],[38.182415999999996,49.816776],[38.182416,49.816776],[38.181683928864565,49.813232],[38.181684,49.813232],[38.181512,49.812397]]]}},{"type":"Feature","properties":{"cadnum":"4425487500:04:004:0089"},"geometry":{"type":"Polygon","coordinates":[[[38.180151,49.820262],[38.179792,49.821469],[38.182898,49.82185286634117],[38.182898,49.821854],[38.185505,49.822176],[38.18565,49.821706],[38.185869,49.820969],[38.183069,49.82062406563446],[38.183069,49.820623],[38.180151,49.820262]]]}},{"type":"Feature","properties":{"cadnum":"4425487500:03:001:0072"},"geometry":{"type":"Polygon","coordinates":[[[38.179675,49.820155],[38.17968,49.820138],[38.179657,49.820135],[38.179652,49.820153],[38.179675,49.820155]]]}},{"type":"Feature","properties":{"cadnum":"4425487500:03:001:0079"},"geometry":{"type":"Polygon","coordinates":[[[38.17804,49.817455],[38.178044,49.817437],[38.178023,49.817434],[38.178017,49.817452],[38.17804,49.817455]]]}},{"type":"Feature","properties":{"cadnum":"4425487500:03:001:0146"},"geometry":{"type":"Polygon","coordinates":[[[38.178755,49.817371],[38.178202,49.817309],[38.178197,49.817327],[38.17746361363686,49.81971397377462],[38.177277,49.82032],[38.177277214995485,49.82032],[38.176971,49.821317],[38.177404,49.82136984335155],[38.177404,49.82137],[38.17752,49.821384],[38.17784626916525,49.82032],[38.177847,49.82032],[38.17875,49.817388],[38.178755,49.817371]]]}},{"type":"Feature","properties":{"cadnum":"4425487500:03:001:0148"},"geometry":{"type":"Polygon","coordinates":[[[38.179851,49.817513],[38.179855,49.817498],[38.179307,49.817434],[38.179302,49.817449],[38.178418,49.82032],[38.1784182358643,49.82032],[38.178072,49.821448],[38.178625,49.821514],[38.179024,49.82021],[38.179023740648375,49.82021],[38.179851,49.817513]]]}},{"type":"Feature","properties":{"cadnum":"4425487500:03:001:0075"},"geometry":{"type":"Polygon","coordinates":[[[38.180205,49.818327],[38.18021,49.81831],[38.180187,49.818307],[38.180183,49.818324],[38.180205,49.818327]]]}},{"type":"Feature","properties":{"cadnum":"4425487500:04:004:0103"},"geometry":{"type":"Polygon","coordinates":[[[38.18305302597297,49.81314462337148],[38.182898,49.812391],[38.182898,49.812393692682924],[38.182864,49.812229],[38.181512,49.812397],[38.18166113532934,49.813121],[38.181661,49.813121],[38.18239307113544,49.816665],[38.182393,49.816665],[38.182577,49.817553],[38.183069,49.817615],[38.183069,49.817614258620694],[38.184,49.81773],[38.18380292957746,49.816776],[38.183803,49.816776],[38.183070928864566,49.813232],[38.183071,49.813232],[38.183069,49.813222277456674],[38.183069,49.813222],[38.18305302597297,49.81314462337148]]]}},{"type":"Feature","properties":{"cadnum":"4425487500:04:004:0091"},"geometry":{"type":"Polygon","coordinates":[[[38.180866,49.817854],[38.180506,49.819057],[38.182898,49.81935285017558],[38.182898,49.819353],[38.186233,49.819764],[38.186592,49.818561],[38.182898,49.818105],[38.182898,49.81810580935088],[38.180866,49.817854]]]}},{"type":"Feature","properties":{"cadnum":"4425487500:04:004:0100"},"geometry":{"type":"Polygon","coordinates":[[[38.177404,49.812842],[38.177404,49.81284242755344],[38.176734,49.812922],[38.176794,49.813232],[38.177404,49.813232],[38.177404,49.81631],[38.17747408583691,49.816665],[38.177474,49.816665],[38.17747733333343,49.81668144927583],[38.177496,49.816776],[38.17749649339207,49.816776],[38.17752,49.816892],[38.177576,49.8169],[38.177576,49.816899160245676],[38.179311,49.817121],[38.17924215131579,49.816776],[38.179243,49.816776],[38.178519,49.813121],[38.1785183625731,49.813121],[38.17844,49.812719],[38.177404,49.812842]]]}},{"type":"Feature","properties":{"cadnum":"4425487500:04:004:0099"},"geometry":{"type":"MultiPolygon","coordinates":[[[[38.176734,49.812922],[38.174807,49.81315],[38.174821,49.813232],[38.176794,49.813232],[38.176734,49.812922]]],[[[38.175737,49.816665],[38.177404,49.816877231632084],[38.177404,49.816878],[38.17752,49.816892],[38.177475,49.816665],[38.177474,49.816665],[38.177404,49.816665],[38.175737,49.816665]]]]}},{"type":"Feature","properties":{"cadnum":"4425487500:03:001:0073"},"geometry":{"type":"Polygon","coordinates":[[[38.179855,49.819547],[38.17986,49.819532],[38.179832,49.81953],[38.179828,49.819544],[38.179855,49.819547]]]}},{"type":"Feature","properties":{"cadnum":"4425487500:03:001:0076"},"geometry":{"type":"Polygon","coordinates":[[[38.180363,49.81777],[38.180384,49.817712],[38.180294,49.817698],[38.18029,49.817715],[38.180353,49.817724],[38.18034,49.817768],[38.180363,49.81777]]]}},{"type":"Feature","properties":{"cadnum":"4425487500:03:001:0074"},"geometry":{"type":"Polygon","coordinates":[[[38.18003,49.818939],[38.180034,49.818921],[38.180007,49.818918],[38.180003,49.818935],[38.18003,49.818939]]]}},{"type":"Feature","properties":{"cadnum":"4425487500:03:001:0078"},"geometry":{"type":"Polygon","coordinates":[[[38.179051,49.817573],[38.179055,49.817556],[38.179033,49.817553],[38.179028,49.817571],[38.179051,49.817573]]]}},{"type":"Feature","properties":{"cadnum":"4425487500:03:001:0147"},"geometry":{"type":"Polygon","coordinates":[[[38.179302,49.817449],[38.179307,49.817434],[38.178755,49.817371],[38.17875,49.817388],[38.17788087789904,49.82021],[38.17788,49.82021],[38.17752,49.821384],[38.178072,49.821448],[38.178452,49.82021],[38.1784518697318,49.82021],[38.179302,49.817449]]]}},{"type":"Feature","properties":{"cadnum":"4425487500:04:004:0101"},"geometry":{"type":"Polygon","coordinates":[[[38.18008,49.812571],[38.17853,49.812763],[38.1786032793177,49.813121],[38.178603,49.813121],[38.17933410150479,49.816665],[38.179334,49.816665],[38.17934116908258,49.81669925994274],[38.179357,49.816776],[38.17935722736418,49.816776],[38.179438,49.817162],[38.181067,49.817365],[38.18094499285714,49.816776],[38.180945,49.816776],[38.180193,49.813121],[38.180192329803326,49.813121],[38.18008,49.812571]]]}},{"type":"Feature","properties":{"cadnum":"4425487500:04:009:0034"},"geometry":{"type":"Polygon","coordinates":[[[38.205042,49.847294],[38.20463,49.84731],[38.20487,49.847529029126214],[38.20487,49.84753],[38.205758,49.848338],[38.205951,49.848527],[38.210363,49.84835856631762],[38.210363,49.848359],[38.212244,49.848286],[38.211907,49.847935],[38.211116,49.847064],[38.210535,49.84708637583002],[38.210535,49.847086],[38.205042,49.84729447219771],[38.205042,49.847294]]]}},{"type":"Feature","properties":{"cadnum":"4425487500:04:009:0036"},"geometry":{"type":"Polygon","coordinates":[[[38.210363,49.844815],[38.210363,49.84481552780229],[38.20518618604664,49.845012],[38.205179,49.845012],[38.20487,49.845024],[38.20487,49.84502452221019],[38.202273,49.845123],[38.202806,49.84565],[38.203324,49.84612],[38.205042,49.846055],[38.205042,49.84605447219771],[38.210363,49.84585252780229],[38.210363,49.845853],[38.210445307691806,49.84584940403288],[38.210535,49.845846],[38.210535,49.84584548543689],[38.210569,49.845844],[38.210613,49.8457],[38.210910725290695,49.845123],[38.210911,49.845123],[38.211085,49.844787],[38.210363,49.844815]]]}},{"type":"Feature","properties":{"cadnum":"4425487500:04:009:0037"},"geometry":{"type":"Polygon","coordinates":[[[38.211112,49.844732],[38.210896,49.844669],[38.210582,49.844277],[38.210447,49.844083],[38.20985,49.844075],[38.20985,49.844179],[38.207873,49.844199],[38.207582,49.844214],[38.205695,49.844304],[38.20487,49.844331],[38.20487,49.844331497373034],[38.202758,49.844399],[38.201607,49.844448],[38.201688,49.84455],[38.202159675392664,49.845012],[38.202159,49.845012],[38.202273,49.845123],[38.205042,49.845018],[38.205042,49.84501747219771],[38.210535,49.844809],[38.210535,49.84480832963989],[38.211085,49.844787],[38.211112,49.844732]]]}},{"type":"Feature","properties":{"cadnum":"4425487500:04:009:0124"},"geometry":{"type":"Polygon","coordinates":[[[38.198904,49.84181],[38.199377,49.8423886],[38.199377,49.842389],[38.200925,49.844283],[38.201158,49.844544],[38.201634,49.845065],[38.201696,49.845123],[38.20169611942175,49.845123],[38.20487,49.848086406103285],[38.20487,49.848087],[38.205165,49.848362],[38.20537347524753,49.848554],[38.205373,49.848554],[38.2054877924536,49.84865928301957],[38.205494,49.848665],[38.20549402580645,49.848665],[38.205542,49.848709],[38.206544,49.849653],[38.2093,49.852207],[38.20930079656863,49.852207],[38.210363,49.85319120666162],[38.210363,49.853193],[38.210502,49.85332],[38.210535,49.853351],[38.210535,49.85335022560203],[38.212869,49.855488],[38.213026471264364,49.855638],[38.213025,49.855638],[38.213245,49.855845],[38.21559,49.858042],[38.216028,49.858449],[38.216028,49.858448150289014],[38.216376,49.85877],[38.216937,49.85929],[38.216938102815185,49.85929],[38.218586,49.860813],[38.219385,49.861592],[38.21983,49.861948],[38.22062138391846,49.862721],[38.220621,49.862721],[38.221521,49.863598],[38.221521,49.86359757758621],[38.221582,49.863657],[38.222054,49.864296],[38.222337,49.864762],[38.222543,49.86447],[38.222341,49.864184],[38.221819,49.863544],[38.22135,49.863084],[38.22135,49.863084779005526],[38.221090485875706,49.862831],[38.221091,49.862831],[38.220626,49.862374],[38.217175,49.859179],[38.21717428512397,49.859179],[38.215989,49.85808],[38.21346613636364,49.855749],[38.213467,49.855749],[38.210535,49.85303992268041],[38.210535,49.853039],[38.209516,49.852096],[38.209514969005596,49.852096],[38.207123,49.849884],[38.205687,49.848554],[38.20568616608997,49.848554],[38.205042,49.84795732051282],[38.205042,49.847957],[38.204603,49.84755],[38.20208037352246,49.845123],[38.202081,49.845123],[38.201896,49.844944],[38.201378,49.844457],[38.20115,49.844202],[38.199549,49.84225696108291],[38.199549,49.842256],[38.19915,49.841772],[38.198904,49.84181]]]}},{"type":"Feature","properties":{"cadnum":"4425487500:04:009:0035"},"geometry":{"type":"Polygon","coordinates":[[[38.211116,49.847064],[38.210622,49.84652],[38.210456,49.846172],[38.210569,49.845844],[38.21044530769181,49.84584940403288],[38.20487,49.846061],[38.20487,49.84606150756694],[38.203324,49.84612],[38.203817,49.846565],[38.20463,49.84731],[38.20487,49.84730067961165],[38.20487,49.847301],[38.210363,49.84709252780229],[38.210363,49.847093],[38.211116,49.847064]]]}},{"type":"Feature","properties":{"cadnum":"4425487500:04:002:0035"},"geometry":{"type":"Polygon","coordinates":[[[38.126225,49.837482],[38.124894826464214,49.837927],[38.124892,49.837927],[38.124847,49.837943],[38.125073,49.838038],[38.125074047930276,49.838038],[38.128138,49.83932],[38.128138,49.839319918482076],[38.132235,49.841033],[38.13298,49.840309],[38.128103878375164,49.838268692227985],[38.127289,49.837927],[38.127287877697846,49.837927],[38.126225,49.837482]]]}},{"type":"Feature","properties":{"cadnum":"4425487500:04:002:0032"},"geometry":{"type":"Polygon","coordinates":[[[38.12802977702404,49.841128703841356],[38.127966,49.841102],[38.127966,49.84110201030264],[38.126585,49.840524],[38.124873,49.841485],[38.124797,49.841529],[38.12492,49.841581],[38.12492127181687,49.841581],[38.128138,49.842927],[38.128138,49.84292694840295],[38.129594,49.843536],[38.130776,49.84245],[38.130896,49.842328],[38.128846,49.84147],[38.12884489770355,49.84147],[38.128138,49.841174017482516],[38.128138,49.841174],[38.12802977702404,49.841128703841356]]]}},{"type":"Feature","properties":{"cadnum":"4425487500:04:002:0034"},"geometry":{"type":"Polygon","coordinates":[[[38.12456532167834,49.838038],[38.123575,49.838372],[38.128138,49.840281],[38.128138,49.84028096828301],[38.131245,49.841581],[38.13124692765957,49.841581],[38.131544,49.841705],[38.13171760169609,49.84153572033784],[38.132235,49.841033],[38.127966,49.839248],[38.127966,49.839248032816776],[38.124847,49.837943],[38.124564,49.838038],[38.12456532167834,49.838038]]]}},{"type":"Feature","properties":{"cadnum":"4425487500:04:001:0166"},"geometry":{"type":"Polygon","coordinates":[[[38.193397,49.87884],[38.192378,49.879451],[38.190529330868756,49.880422],[38.190528,49.880422],[38.189673,49.880873],[38.188562,49.881522094383776],[38.188562,49.881522],[38.186246,49.882875],[38.18625,49.882921],[38.18779161979166,49.883962],[38.187791,49.883962],[38.18791450270291,49.88404497837852],[38.187956,49.884073],[38.18795620930232,49.884073],[38.188047,49.884134],[38.18814843023256,49.884073],[38.188149,49.884073],[38.188391,49.88392768280872],[38.188391,49.883928],[38.193884,49.88062832144749],[38.193884,49.880629],[38.194032901121,49.88053887563729],[38.194056,49.880525],[38.194056,49.88052489473684],[38.19411487567556,49.88048925945953],[38.195005,49.879955],[38.194056,49.87929721855487],[38.194056,49.879297],[38.193397,49.87884]]]}},{"type":"Feature","properties":{"cadnum":"4425487500:04:001:0165"},"geometry":{"type":"Polygon","coordinates":[[[38.195005,49.879955],[38.19422693598616,49.880422],[38.194226,49.880422],[38.19411487567518,49.88048925945976],[38.194042,49.880533],[38.194042608695646,49.880533],[38.19403290112112,49.880538875637214],[38.188562,49.88382527925861],[38.188562,49.883825],[38.18833385080646,49.883962],[38.188333,49.883962],[38.188047,49.884134],[38.188562,49.884481],[38.188562,49.88448021276596],[38.188955,49.884745],[38.19009731417624,49.884073],[38.190098,49.884073],[38.191057,49.883509],[38.194056,49.882697],[38.194056,49.88269602811245],[38.194133,49.882675],[38.196118,49.881877],[38.196982,49.88133],[38.19583389867841,49.880533],[38.195834,49.880533],[38.195382,49.880218],[38.195005,49.879955]]]}},{"type":"Feature","properties":{"cadnum":"4425487500:04:001:0168"},"geometry":{"type":"Polygon","coordinates":[[[38.2009335068493,49.876882],[38.200931,49.876882],[38.199377,49.877818],[38.199377,49.87781831557476],[38.195382,49.880218],[38.195674723809525,49.880422],[38.195674,49.880422],[38.196982,49.88133],[38.19823104295155,49.880533],[38.198232,49.880533],[38.19933,49.879833],[38.199377,49.87980209589041],[38.199377,49.879803],[38.19954142012849,49.8796939840251],[38.199549,49.879689],[38.199549,49.879688958319974],[38.202496,49.877735],[38.201428668229774,49.876993],[38.201429,49.876993],[38.201114,49.876774],[38.2009335068493,49.876882]]]}},{"type":"Feature","properties":{"cadnum":"4425487500:04:001:0088"},"geometry":{"type":"Polygon","coordinates":[[[38.177576,49.876906523869344],[38.179038,49.875934],[38.177576,49.87562531578947],[38.177576,49.875625],[38.177304,49.875567],[38.175325044880786,49.876882],[38.175324,49.876882],[38.171911,49.879151],[38.171911,49.87915105766312],[38.171424,49.879474],[38.171911,49.87961145371776],[38.171911,49.879612],[38.172646,49.879818],[38.17301,49.879943],[38.177576,49.876907],[38.177576,49.876906523869344]]]}},{"type":"Feature","properties":{"cadnum":"4425487500:04:001:0090"},"geometry":{"type":"Polygon","coordinates":[[[38.180623,49.876273],[38.179538,49.876993],[38.17953899215687,49.876993],[38.177404,49.878412],[38.177404,49.87841225522621],[38.174378527007974,49.880422],[38.174376,49.880422],[38.174371,49.880427],[38.174597,49.880533],[38.17459785981309,49.880533],[38.175516,49.880962],[38.176257888696206,49.88046801739094],[38.177576,49.879593],[38.177576,49.87959264368087],[38.18148604814159,49.876993],[38.181487,49.876993],[38.182096,49.876589],[38.180623,49.876273]]]}},{"type":"Feature","properties":{"cadnum":"4425487500:04:001:0086"},"geometry":{"type":"Polygon","coordinates":[[[38.172623,49.874568],[38.171911,49.875004],[38.171911,49.875004049222795],[38.170539,49.875842],[38.170319,49.876065],[38.16919034267241,49.876882],[38.16919,49.876882],[38.169048328424886,49.87698479970492],[38.169037,49.876993],[38.16903702733486,49.876993],[38.168585,49.877321],[38.168491,49.877604],[38.168774,49.878213],[38.169358,49.878782],[38.169677,49.878919],[38.172083,49.877321],[38.172083,49.87732040240964],[38.17257439963834,49.876993],[38.172575,49.876993],[38.17535,49.87515],[38.172623,49.874568]]]}},{"type":"Feature","properties":{"cadnum":"4425487500:04:008:0010"},"geometry":{"type":"Polygon","coordinates":[[[38.221012,49.827927],[38.220221,49.827698],[38.219547,49.828078],[38.218895,49.828376],[38.218478,49.828411],[38.217687,49.828368],[38.216538,49.828422],[38.215868073170085,49.82850955284561],[38.215779,49.828521],[38.214947,49.828744],[38.214081,49.829147],[38.212387,49.83001],[38.212095,49.830062],[38.211704,49.830088],[38.211372,49.8301],[38.214332,49.830952],[38.21433328000001,49.830952],[38.214817,49.831091],[38.215307,49.830841],[38.21530659707725,49.830841],[38.215857,49.83056023003195],[38.215857,49.830561],[38.221012,49.827927]]]}},{"type":"Feature","properties":{"cadnum":"4425487500:04:008:0011"},"geometry":{"type":"Polygon","coordinates":[[[38.221521,49.8280742889191],[38.221521,49.828074],[38.221012,49.827927],[38.216028,49.830473625800195],[38.216028,49.830473],[38.215089,49.830952],[38.21508943999999,49.830952],[38.214817,49.831091],[38.215857,49.8313907192403],[38.215857,49.831391],[38.216628,49.831613],[38.21792088860103,49.830952],[38.217921,49.830952],[38.22135,49.8292003525],[38.22135,49.829201],[38.222821,49.828449],[38.221521,49.8280742889191]]]}},{"type":"Feature","properties":{"cadnum":"4425487500:04:008:0008"},"geometry":{"type":"Polygon","coordinates":[[[38.210106,49.830387],[38.209207,49.830752],[38.209203,49.830773],[38.209824,49.830952],[38.209825284810144,49.830952],[38.210535,49.831157],[38.210535,49.83115652021183],[38.216028,49.832738],[38.216028,49.832737221176465],[38.220957,49.834156],[38.22135,49.83395601595745],[38.22135,49.833957],[38.221765,49.833745],[38.22135,49.833625],[38.22135,49.83362572881356],[38.215857,49.832043],[38.215857,49.83204373815002],[38.211682,49.830841],[38.211681778004056,49.830841],[38.210535,49.83051056103287],[38.210535,49.83051],[38.210106,49.830387]]]}},{"type":"Feature","properties":{"cadnum":"4425487500:04:008:0009"},"geometry":{"type":"Polygon","coordinates":[[[38.210363,49.830460685314684],[38.210363,49.830461],[38.212067,49.830952],[38.21206730830673,49.830952],[38.216028,49.832093],[38.216028,49.83209227118644],[38.221521,49.833675],[38.221521,49.83367444578313],[38.221765,49.833745],[38.222578,49.833328],[38.22135,49.832974],[38.22135,49.8329744890511],[38.22111,49.832905],[38.219614,49.832473],[38.218123,49.832044],[38.216628,49.831613],[38.216028,49.83144023735409],[38.216028,49.83144],[38.214817,49.831091],[38.213947,49.830841],[38.21394636619717,49.830841],[38.211372,49.8301],[38.210972,49.830114],[38.210416,49.830262],[38.210106,49.830387],[38.210363,49.830460685314684]]]}},{"type":"Feature","properties":{"cadnum":"4425487500:04:009:0033"},"geometry":{"type":"Polygon","coordinates":[[[38.210535,49.848352324827225],[38.210535,49.848352],[38.205951,49.848527],[38.20597936956522,49.848554],[38.205979,49.848554],[38.207051,49.849572],[38.207154,49.849671],[38.210363,49.84954951168293],[38.210363,49.84955],[38.213349,49.849436],[38.212501,49.848554],[38.21250068601583,49.848554],[38.212244,49.848286],[38.210535,49.848352324827225]]]}},{"type":"Feature","properties":{"cadnum":"4425487500:04:009:0039"},"geometry":{"type":"Polygon","coordinates":[[[38.214943,49.84318],[38.214228,49.842911],[38.213223,49.84287],[38.213182,49.842879],[38.21208128074866,49.845012],[38.212081,49.845012],[38.211255,49.846615],[38.212311,49.847776],[38.212486,49.847959],[38.213942974550385,49.845123],[38.213944,49.845123],[38.214943,49.84318]]]}},{"type":"Feature","properties":{"cadnum":"4425487500:04:009:0038"},"geometry":{"type":"Polygon","coordinates":[[[38.213182,49.842879],[38.212567,49.84302],[38.212329,49.843194],[38.2113931399689,49.845012],[38.211393,49.845012],[38.211004,49.845769],[38.210869,49.84616],[38.210901,49.846224],[38.211255,49.846615],[38.212023803493445,49.845123],[38.212024,49.845123],[38.213182,49.842879]]]}},{"type":"Feature","properties":{"cadnum":"4425487500:04:002:0072"},"geometry":{"type":"Polygon","coordinates":[[[38.126618,49.855749],[38.12661858091287,49.855749],[38.127966,49.85629172089136],[38.127966,49.856292],[38.128812,49.856632],[38.129401,49.85667],[38.13008,49.85656],[38.130376,49.856311],[38.128705,49.855638],[38.12870413235293,49.855638],[38.128138,49.8554102071006],[38.128138,49.85541],[38.122473,49.853129],[38.122473,49.853129073846155],[38.121344,49.852674],[38.120709,49.853368],[38.122644,49.854148],[38.122644,49.85414789505428],[38.126618,49.855749]]]}},{"type":"Feature","properties":{"cadnum":"4425487500:04:002:0073"},"geometry":{"type":"Polygon","coordinates":[[[38.123076,49.85572],[38.123139,49.855749],[38.12314120857144,49.855749],[38.123863,49.85607],[38.12464,49.856314],[38.125215,49.856401],[38.127966,49.85657793739309],[38.127966,49.856578],[38.128094373132456,49.85658619402973],[38.128138,49.856589],[38.128138,49.8565889787234],[38.128812,49.856632],[38.128138,49.85636112529551],[38.128138,49.856361],[38.126343,49.855638],[38.126342494011965,49.855638],[38.122473,49.854079],[38.122473,49.854079069767444],[38.120709,49.853368],[38.120521,49.853574],[38.120116,49.853974],[38.12217,49.855286],[38.122644,49.855513],[38.122644,49.85551295522389],[38.123076,49.85572]]]}},{"type":"Feature","properties":{"cadnum":"4425487500:04:008:0035"},"geometry":{"type":"Polygon","coordinates":[[[38.235685,49.813116],[38.23586,49.813081],[38.23635,49.813084],[38.236597,49.813066],[38.236705,49.813014],[38.236822,49.812918],[38.23687,49.8124],[38.236767,49.812206],[38.23648,49.812026],[38.235851,49.811904],[38.233121,49.81171],[38.232995,49.812082],[38.233058,49.812594],[38.23315381818182,49.813121],[38.233153,49.813121],[38.23321,49.813429],[38.233614,49.814345],[38.23422,49.815298],[38.234476,49.815843],[38.237505,49.815768],[38.237063,49.815463],[38.236543,49.815328],[38.235518,49.815188],[38.235272,49.815096],[38.235268,49.814968],[38.235564,49.813397],[38.23565371649487,49.8131871546391],[38.235685,49.813116]]]}},{"type":"Feature","properties":{"cadnum":"4425487500:04:008:0021"},"geometry":{"type":"Polygon","coordinates":[[[38.227015,49.820424539419086],[38.227015,49.820424],[38.22536,49.820466],[38.225341,49.820949],[38.225601,49.822086],[38.225781,49.823285],[38.2258231208981,49.823754],[38.225822,49.823754],[38.22583159113302,49.82384831280806],[38.225833,49.823864],[38.225833186440674,49.823864],[38.22584,49.823931],[38.225857,49.824322],[38.225759,49.824511],[38.226843,49.82482774203822],[38.226843,49.824828],[38.22778,49.825102],[38.22778642878338,49.823864],[38.227787,49.823864],[38.227807,49.820404],[38.227015,49.820424539419086]]]}},{"type":"Feature","properties":{"cadnum":"4425487500:04:008:0036"},"geometry":{"type":"Polygon","coordinates":[[[38.234922,49.820225],[38.234918,49.820176],[38.234828,49.819268],[38.232336,49.819331],[38.232336,49.8193313113857],[38.226843,49.819469],[38.226843,49.81946918764846],[38.225331,49.819506],[38.22536663337893,49.82021],[38.225366,49.82021],[38.225368,49.820237],[38.225364,49.82032],[38.22536510043668,49.82032],[38.22536,49.820466],[38.226843,49.82042836495469],[38.226843,49.820429],[38.227807,49.820404],[38.229486,49.820361],[38.231,49.820324],[38.232336,49.82028934870317],[38.232336,49.82029],[38.232388,49.820288],[38.232508,49.820286],[38.232508,49.82028513625866],[38.233687,49.820257],[38.234922,49.820225]]]}},{"type":"Feature","properties":{"cadnum":"4425487500:04:008:0128"},"geometry":{"type":"Polygon","coordinates":[[[38.189332,49.812362],[38.189431,49.811881],[38.189606,49.811403],[38.189755,49.811102],[38.189409,49.811142],[38.189319,49.811426],[38.189089,49.812287],[38.18907752698413,49.813121],[38.189077,49.813121],[38.189076,49.813232],[38.189279,49.814589],[38.189359,49.815014],[38.189619,49.816316],[38.18968804130435,49.816665],[38.189688,49.816665],[38.18969382053452,49.816694213691],[38.18971,49.816776],[38.18971011563517,49.816776],[38.190055,49.818507],[38.190177,49.818814],[38.190252,49.819158],[38.190496,49.82032],[38.19049614997263,49.82032],[38.191242,49.823864],[38.19124234465195,49.823864],[38.191344,49.824343],[38.191923,49.827202],[38.191965,49.827287],[38.19196723140496,49.827297],[38.191966,49.827297],[38.192175,49.828205],[38.192265,49.828585],[38.192395,49.829263],[38.192625,49.830413],[38.192729,49.830952],[38.19272962139918,49.830952],[38.192992,49.832299],[38.193051,49.832523],[38.19311,49.832687],[38.193516,49.834495],[38.19351711678832,49.834495],[38.193523,49.834521],[38.193689,49.835072],[38.193883,49.835535],[38.193856,49.835611],[38.193884,49.835654749999996],[38.193884,49.835655],[38.193904,49.835686],[38.193994,49.835703],[38.194056,49.835782],[38.194056,49.835781490500864],[38.194573,49.836436],[38.194672,49.836227],[38.194605,49.836137],[38.194596,49.835976],[38.194632,49.83595],[38.194592,49.835892],[38.194489,49.835886],[38.194242,49.835585],[38.194056,49.83521166666668],[38.194056,49.835211],[38.193963,49.835025],[38.193884,49.834812],[38.193884,49.834812461928934],[38.193766,49.834495],[38.193397,49.832826],[38.193334,49.832534],[38.193055,49.831151],[38.19300470270273,49.83089951351363],[38.192634,49.82901],[38.192279,49.827297],[38.19227806486043,49.827297],[38.1915687285167,49.823864],[38.191569,49.823864],[38.191489,49.823471],[38.190847398037405,49.82032],[38.190848,49.82032],[38.190594,49.819068],[38.190621,49.819055],[38.190612,49.818982],[38.190567,49.818952],[38.190535,49.818799],[38.19008470712278,49.816776],[38.190085,49.816776],[38.189804,49.81551],[38.189741,49.815223],[38.18934,49.813121],[38.18933968303571,49.813121],[38.189319,49.813008],[38.189328,49.812536],[38.189332,49.812362]]]}},{"type":"Feature","properties":{"cadnum":"4425487500:04:004:0079"},"geometry":{"type":"Polygon","coordinates":[[[38.188562,49.828772],[38.185132,49.828344],[38.186776,49.829839],[38.186975,49.829961],[38.188391,49.83007966918715],[38.188391,49.83008],[38.192625,49.830433],[38.192395,49.829251],[38.188562,49.82877331093906],[38.188562,49.828772]]]}},{"type":"Feature","properties":{"cadnum":"4425487500:04:004:0081"},"geometry":{"type":"Polygon","coordinates":[[[38.18383,49.827156],[38.18570362262232,49.82739101886552],[38.188562,49.82775],[38.188562,49.82774943418072],[38.192364,49.828226],[38.192153,49.827313],[38.192035,49.827297],[38.19203285628746,49.827297],[38.188391,49.826812],[38.188391,49.826812191954836],[38.187145,49.826646],[38.185325,49.826452],[38.18304864137641,49.82609277241333],[38.182577,49.826018],[38.183069,49.826466],[38.183069,49.82646440450644],[38.18383,49.827156]]]}},{"type":"Feature","properties":{"cadnum":"4425487500:04:004:0078"},"geometry":{"type":"Polygon","coordinates":[[[38.186969,49.82994],[38.187091,49.830546],[38.187135,49.830587],[38.187783,49.830952],[38.18778388934427,49.830952],[38.188021,49.831085],[38.188391,49.83114792051756],[38.188391,49.831148],[38.18844856451652,49.831157709677484],[38.188562,49.831177],[38.188562,49.83117684337349],[38.18864,49.83119],[38.189287,49.831262],[38.189925,49.831471],[38.190913,49.832096],[38.191309,49.832227],[38.193051,49.832523],[38.192992,49.832299],[38.192708,49.830841],[38.192707582560296,49.830841],[38.192625,49.830413],[38.188562,49.83007425673122],[38.188562,49.830074],[38.186969,49.82994]]]}},{"type":"Feature","properties":{"cadnum":"4425487500:04:004:0080"},"geometry":{"type":"Polygon","coordinates":[[[38.18570362262065,49.827391018865306],[38.184955,49.827297],[38.184954083333345,49.827297],[38.18383,49.827156],[38.184105,49.827408],[38.184105707736386,49.827408],[38.185132,49.828344],[38.188391,49.828750662390675],[38.188391,49.828752],[38.192584,49.829274],[38.192449,49.828611],[38.192364,49.828226],[38.188391,49.827728],[38.188391,49.82772852425839],[38.18583883443706,49.827408],[38.185839,49.827408],[38.18570362262065,49.827391018865306]]]}},{"type":"Feature","properties":{"cadnum":"4425487500:04:008:0034"},"geometry":{"type":"Polygon","coordinates":[[[38.234476,49.815843],[38.234865414790995,49.816665],[38.234865,49.816665],[38.235421,49.817834],[38.238001,49.81777],[38.238001,49.81776959752869],[38.243322,49.81763340247131],[38.243322,49.817634],[38.246829,49.817545],[38.247147,49.817153],[38.24491,49.816997],[38.243322,49.816888],[38.243322,49.81688813793103],[38.241696000000005,49.816776],[38.241706,49.816776],[38.241493,49.816762],[38.240562,49.816665],[38.24055417857144,49.816665],[38.239054,49.81651],[38.238631,49.816394],[38.237868,49.81602],[38.237505,49.815768],[38.234476,49.815843]]]}},{"type":"Feature","properties":{"cadnum":"4425487500:04:003:0113"},"geometry":{"type":"Polygon","coordinates":[[[38.112369,49.816637],[38.111633,49.816486],[38.111655220689656,49.816665],[38.111654,49.816665],[38.112111,49.82032],[38.11211175868604,49.82032],[38.112296,49.821793],[38.112602,49.821819],[38.113015,49.821776],[38.11283183780332,49.82032],[38.112832,49.82032],[38.11238596990424,49.816776],[38.112386,49.816776],[38.112369,49.816637]],[[38.112522,49.820141],[38.112468,49.820141],[38.112468,49.820097],[38.112526,49.820097],[38.112522,49.820141]],[[38.112503,49.819422],[38.112449,49.819422],[38.112449,49.819376],[38.112508,49.819379],[38.112503,49.819422]],[[38.112486,49.818703],[38.112432,49.818703],[38.112432,49.818657],[38.11249,49.818657],[38.112486,49.818703]],[[38.112414,49.817962],[38.112472,49.817962],[38.112472,49.818008],[38.112414,49.818005],[38.112414,49.817962]],[[38.112503,49.821535],[38.112558,49.821535],[38.112558,49.821581],[38.112503,49.821579],[38.112503,49.821535]],[[38.112539,49.82086],[38.112486,49.82086],[38.112486,49.820816],[38.112539,49.820816],[38.112539,49.82086]]]}},{"type":"Feature","properties":{"cadnum":"4425487500:04:003:0070"},"geometry":{"type":"Polygon","coordinates":[[[38.111486,49.816458],[38.111486,49.816665],[38.110227,49.816665],[38.110684,49.82032],[38.110684825136616,49.82032],[38.110855,49.821674],[38.111486,49.82172743462017],[38.111486,49.821728],[38.111812,49.821755],[38.112296,49.821793],[38.112098,49.82021],[38.11209724623803,49.82021],[38.11166787879617,49.816776],[38.111669,49.816776],[38.111633,49.816486],[38.111486,49.816458]]]}},{"type":"Feature","properties":{"cadnum":"4425487500:04:003:0114"},"geometry":{"type":"Polygon","coordinates":[[[38.112841,49.81673],[38.112512,49.816665],[38.112511107526885,49.816665],[38.112369,49.816637],[38.11237242446043,49.816665],[38.112372,49.816665],[38.11281815595075,49.82021],[38.112818,49.82021],[38.113015,49.821776],[38.113757,49.821703],[38.11358007233758,49.82032],[38.113581,49.82032],[38.113128,49.816736],[38.112841,49.81673]]]}},{"type":"Feature","properties":{"cadnum":"4425487500:04:003:0074"},"geometry":{"type":"Polygon","coordinates":[[[38.11785671875007,49.816665],[38.117835,49.816665],[38.117038295455046,49.81669388636362],[38.11703829545417,49.81669388636365],[38.116223,49.816722],[38.116664089494165,49.82021],[38.116664,49.82021],[38.11667380645164,49.82028683870988],[38.116678,49.82032],[38.11667803862301,49.82032],[38.116816,49.821401],[38.11698,49.821385334328355],[38.11698,49.821386],[38.117102033867894,49.82137367736187],[38.117151,49.821369],[38.117151,49.82136873289902],[38.117287,49.821355],[38.118128,49.821257],[38.118132,49.821205],[38.11817262659851,49.8203067007664],[38.118221,49.81928],[38.11788620098982,49.816674346989224],[38.117885,49.816664],[38.11785671875007,49.816665]]]}},{"type":"Feature","properties":{"cadnum":"4425487500:07:004:0001"},"geometry":{"type":"Polygon","coordinates":[[[38.239094,49.809687],[38.23909470866142,49.809687],[38.239184,49.809957],[38.240294,49.81011],[38.240635,49.810113],[38.242342,49.81014],[38.242742,49.810232],[38.242815,49.809576],[38.242814685714286,49.809576],[38.242966,49.808252],[38.239153,49.808075],[38.239044,49.808533],[38.238996,49.809386],[38.239094,49.809687]]]}},{"type":"Feature","properties":{"cadnum":"4425487500:07:004:0006"},"geometry":{"type":"Polygon","coordinates":[[[38.24226,49.805284],[38.241484,49.805162],[38.240554,49.80505],[38.239759,49.804965],[38.239673,49.805342],[38.239539,49.806142],[38.23953961266748,49.806142],[38.239422,49.806852],[38.239274,49.807525],[38.239162,49.808029],[38.241937,49.808159],[38.24216353336466,49.806142],[38.242164,49.806142],[38.24226,49.805284]]]}},{"type":"Feature","properties":{"cadnum":"4425487500:07:004:0002"},"geometry":{"type":"Polygon","coordinates":[[[38.242966,49.808252],[38.242802,49.809687],[38.24280264786585,49.809687],[38.242742,49.810232],[38.243322,49.81036851595745],[38.243322,49.810369],[38.245899,49.810971],[38.24604166666667,49.809687],[38.246042,49.809687],[38.246187,49.808403],[38.243494,49.80827704467714],[38.243494,49.808277],[38.242966,49.808252]]]}},{"type":"Feature","properties":{"cadnum":"4425487500:04:002:0126"},"geometry":{"type":"Polygon","coordinates":[[[38.15936,49.844579],[38.15944,49.844104],[38.15967,49.843574],[38.159723,49.8434],[38.1568709253012,49.845012],[38.156869,49.845012],[38.156786,49.84506],[38.156869,49.845123],[38.156869313084115,49.845123],[38.157352,49.845488],[38.158272,49.846114],[38.159104,49.84669],[38.159922,49.847246],[38.160379,49.84758],[38.160406,49.847295],[38.160442,49.846447],[38.160446,49.8459],[38.159943,49.84559],[38.15935,49.845256],[38.159351635245905,49.845123],[38.159352,49.845123],[38.15936,49.844579]]]}},{"type":"Feature","properties":{"cadnum":"4425487500:04:002:0387"},"geometry":{"type":"Polygon","coordinates":[[[38.159723,49.8434],[38.159786,49.843203],[38.159616,49.842951],[38.159135,49.842508],[38.158821,49.842207],[38.158327,49.841752],[38.158224,49.84161],[38.155603,49.84309135315186],[38.155603,49.843091],[38.154733,49.843583],[38.154999,49.843785],[38.155603,49.844233],[38.155603,49.84423246875],[38.156008,49.844532],[38.15666,49.844961],[38.15679,49.84506],[38.159723,49.8434]]]}},{"type":"Feature","properties":{"cadnum":"4425487500:04:002:0373"},"geometry":{"type":"Polygon","coordinates":[[[38.155106,49.840399],[38.154999,49.840654],[38.154612,49.841039],[38.1540664907749,49.84147],[38.154065,49.84147],[38.153867,49.841627],[38.153417,49.842024],[38.15405,49.842931],[38.154482,49.843397],[38.154733,49.843583],[38.155432,49.84318770344828],[38.155432,49.843188],[38.158224,49.84161],[38.158205,49.84158],[38.15811743665187,49.84150757918576],[38.157914,49.841337],[38.157527,49.841077],[38.157037,49.840825],[38.156607,49.840515],[38.156265,49.840176],[38.155438,49.840103],[38.155092,49.840118],[38.155106,49.840399]]]}},{"type":"Feature","properties":{"cadnum":"4425487500:04:002:0394"},"geometry":{"type":"Polygon","coordinates":[[[38.155432,49.84450788554801],[38.155432,49.844509],[38.155672,49.844379],[38.155537600000024,49.84427540000002],[38.154949,49.84382],[38.154553,49.843499],[38.1538,49.843903],[38.154069,49.844197],[38.154383,49.844648],[38.154572,49.84497],[38.155432,49.84450788554801]]]}},{"type":"Feature","properties":{"cadnum":"4425487500:01:001:0051"},"geometry":{"type":"Polygon","coordinates":[[[38.162239,49.840949],[38.162576,49.840697],[38.161844,49.840468],[38.161408,49.840953],[38.161017,49.840998],[38.160925,49.840979],[38.160925,49.84097914081996],[38.160456,49.840883],[38.16011120057306,49.84147],[38.160111,49.84147],[38.16007528571446,49.841531142856844],[38.160046,49.841581],[38.16004616355141,49.841581],[38.159486,49.84254],[38.160213,49.842913],[38.160316,49.842722],[38.160119,49.842624],[38.160891,49.841952],[38.160861,49.841827],[38.160729,49.841737],[38.160798,49.84167],[38.160925,49.84162327759197],[38.160925,49.841624],[38.16101861522223,49.841588837209216],[38.161097,49.84156],[38.161097,49.841559395121955],[38.16124360201777,49.841504329973816],[38.161754,49.841314],[38.162239,49.840949]]]}},{"type":"Feature","properties":{"cadnum":"4425487500:01:001:0057"},"geometry":{"type":"Polygon","coordinates":[[[38.159863,49.841456],[38.160545,49.840425],[38.159279,49.840191],[38.158359,49.841581],[38.15835966071429,49.841581],[38.158322,49.841638],[38.15839,49.841734],[38.158983,49.842279],[38.159194,49.842476],[38.15978028727634,49.841581],[38.159781,49.841581],[38.159863,49.841456]]]}},{"type":"Feature","properties":{"cadnum":"4425487500:04:001:0180"},"geometry":{"type":"Polygon","coordinates":[[[38.174277,49.840749],[38.174277,49.840732],[38.174249,49.840732],[38.174249,49.840747],[38.174277,49.840749]]]}},{"type":"Feature","properties":{"cadnum":"4425487500:04:002:0150"},"geometry":{"type":"Polygon","coordinates":[[[38.172061,49.840217],[38.172048,49.84021],[38.171977,49.840176],[38.171964,49.840187],[38.172031,49.840225],[38.172044,49.840231],[38.172061,49.840217]]]}},{"type":"Feature","properties":{"cadnum":"4425487500:04:002:0148"},"geometry":{"type":"Polygon","coordinates":[[[38.172124,49.840448],[38.172124,49.840428],[38.172094,49.840428],[38.172094,49.840448],[38.172124,49.840448]]]}},{"type":"Feature","properties":{"cadnum":"4425487500:04:001:0182"},"geometry":{"type":"Polygon","coordinates":[[[38.176168,49.840749],[38.176168,49.840732],[38.17614,49.840732],[38.17614,49.840749],[38.176168,49.840749]]]}},{"type":"Feature","properties":{"cadnum":"4425487500:04:001:0183"},"geometry":{"type":"Polygon","coordinates":[[[38.177115,49.840749],[38.177115,49.840732],[38.177088,49.840732],[38.177088,49.840749],[38.177115,49.840749]]]}},{"type":"Feature","properties":{"cadnum":"4425487500:04:002:0343"},"geometry":{"type":"Polygon","coordinates":[[[38.17248,49.840025],[38.17252,49.83997],[38.172497,49.839965],[38.172466,49.840002],[38.172403,49.839985],[38.172394,49.839999],[38.17248,49.840025]]]}},{"type":"Feature","properties":{"cadnum":"4425487500:04:002:0122"},"geometry":{"type":"Polygon","coordinates":[[[38.16744598654709,49.834384],[38.167445,49.834384],[38.167427,49.835118],[38.172083,49.83513],[38.172083,49.835129431077696],[38.17231,49.83513],[38.17247,49.835242],[38.172713,49.835286],[38.172834,49.836964],[38.172673,49.837372],[38.172652166666666,49.837927],[38.172652,49.837927],[38.17265018842726,49.8379797002977],[38.172648,49.838038],[38.172648184375,49.838038],[38.172641,49.838247],[38.173109,49.838366],[38.17325992482915,49.838038],[38.17326,49.838038],[38.17490447947455,49.834495],[38.174905,49.834495],[38.174968,49.834359],[38.17193217038451,49.83432424238255],[38.167449,49.834272],[38.16744598654709,49.834384]],[[38.17451,49.834889],[38.174501,49.834907],[38.174474,49.834901],[38.174478,49.834883],[38.17451,49.834889]],[[38.173971,49.83606],[38.173962,49.83608],[38.173935,49.836074],[38.173939,49.836054],[38.173971,49.83606]],[[38.173432,49.83723],[38.173423,49.83725],[38.173396,49.837245],[38.1734,49.837224],[38.173432,49.83723]]]}},{"type":"Feature","properties":{"cadnum":"4425487500:04:002:0346"},"geometry":{"type":"Polygon","coordinates":[[[38.17331,49.838189],[38.173319,49.838171],[38.173293,49.838168],[38.173283,49.838183],[38.17331,49.838189]]]}},{"type":"Feature","properties":{"cadnum":"4425487500:04:002:0152"},"geometry":{"type":"Polygon","coordinates":[[[38.17287,49.838447],[38.17288,49.83843],[38.172853,49.838424],[38.172843,49.838441],[38.17287,49.838447]]]}},{"type":"Feature","properties":{"cadnum":"4425487500:04:002:0344"},"geometry":{"type":"Polygon","coordinates":[[[38.172767,49.839388],[38.172776,49.839373],[38.172753,49.839368],[38.172744,49.839385],[38.172767,49.839388]]]}},{"type":"Feature","properties":{"cadnum":"4425487500:04:001:0176"},"geometry":{"type":"Polygon","coordinates":[[[38.177344,49.84048],[38.177344,49.84046],[38.177313,49.84046],[38.177313,49.84048],[38.177344,49.84048]]]}},{"type":"Feature","properties":{"cadnum":"4425487500:04:001:0177"},"geometry":{"type":"Polygon","coordinates":[[[38.175826,49.840494],[38.175826,49.840474],[38.175795,49.840474],[38.175795,49.840494],[38.175826,49.840494]]]}},{"type":"Feature","properties":{"cadnum":"4425487500:04:001:0267"},"geometry":{"type":"Polygon","coordinates":[[[38.167656,49.85009],[38.168438080078126,49.848665],[38.168439,49.848665],[38.169564,49.846621],[38.170113,49.845625],[38.17039,49.845012],[38.17038946608232,49.845012],[38.171532,49.842499],[38.171911,49.84176593421052],[38.171911,49.841767],[38.17203335526308,49.841529486842255],[38.172083,49.841436],[38.172083,49.84143294653465],[38.172511,49.84061],[38.17261,49.840419],[38.173216,49.839252],[38.173781311698114,49.838038],[38.173782,49.838038],[38.174981,49.835465],[38.175471,49.834384],[38.17547031326566,49.834384],[38.176715,49.831638],[38.176991,49.830841],[38.17699078313253,49.830841],[38.177097,49.830537],[38.177147,49.830266],[38.176899,49.830239],[38.176851,49.830511],[38.176735013605445,49.830841],[38.176735,49.830841],[38.17673383284023,49.83084435946748],[38.176696,49.830952],[38.176696435931305,49.830952],[38.176472,49.831598],[38.175161,49.834495],[38.17516185714286,49.834495],[38.174744,49.83542],[38.173818,49.837404],[38.173573823343844,49.837927],[38.173573,49.837927],[38.173109,49.838922],[38.172371,49.840367],[38.172201,49.840706],[38.172138,49.840749],[38.172107,49.840805],[38.17213,49.840854],[38.171911,49.84128],[38.171911,49.84128000611621],[38.171813160629924,49.84147],[38.171812,49.84147],[38.171033,49.842986],[38.170101058961166,49.845012],[38.170101,49.845012],[38.16983,49.845601],[38.169327,49.846565],[38.16823305,49.848554],[38.168233,49.848554],[38.16818535714655,49.84864071427899],[38.168172,49.848665],[38.1681720140033,49.848665],[38.167566,49.849768],[38.166418,49.851752],[38.166418,49.851752266055044],[38.16621844207723,49.852096],[38.166218,49.852096],[38.165316,49.853655],[38.16416635243553,49.855638],[38.164166,49.855638],[38.162828,49.857947],[38.16212072375279,49.859179],[38.16212,49.859179],[38.161237,49.860718],[38.160925,49.861273],[38.160925,49.861274132924336],[38.160119,49.862704],[38.16010440944882,49.862721],[38.160104,49.862721],[38.1600763606777,49.862753680678274],[38.16001,49.862831],[38.160010968716286,49.862831],[38.15932,49.863648],[38.158713,49.86401],[38.157545,49.864459],[38.155432,49.865071],[38.155432,49.8650713768997],[38.154616,49.865307],[38.15124519999999,49.866261],[38.151245,49.866261],[38.15117581818717,49.86628063636212],[38.150853,49.866372],[38.15085393055557,49.866372],[38.150484,49.866477],[38.150301,49.86656],[38.150871,49.866639],[38.15176947619049,49.866372],[38.151771,49.866372],[38.154716,49.865498],[38.155432,49.86528085907553],[38.155432,49.865281],[38.157662,49.864603],[38.158861,49.864146],[38.159522,49.863749],[38.16029869724771,49.862831],[38.160299,49.862831],[38.160352,49.862768],[38.160819,49.861963],[38.161097,49.861476],[38.161097,49.86147425203252],[38.162337937644345,49.85929],[38.162338,49.85929],[38.163065,49.858014],[38.16438434343434,49.855749],[38.164385,49.855749],[38.165545,49.85376],[38.16643536177885,49.852207],[38.166436,49.852207],[38.166555,49.851999],[38.16659,49.851939],[38.16659,49.85193831425977],[38.167656,49.85009]],[[38.15092,49.866355],[38.150987,49.866382],[38.150974,49.866395],[38.150907,49.866369],[38.15092,49.866355]]]}},{"type":"Feature","properties":{"cadnum":"4425487500:04:001:0181"},"geometry":{"type":"Polygon","coordinates":[[[38.17522,49.840749],[38.17522,49.840732],[38.175193,49.840732],[38.175193,49.840749],[38.17522,49.840749]]]}},{"type":"Feature","properties":{"cadnum":"4425487500:04:001:0178"},"geometry":{"type":"Polygon","coordinates":[[[38.174231,49.840361],[38.174231,49.84035],[38.174227,49.840228],[38.174205,49.840228],[38.174201,49.84035],[38.174201,49.840361],[38.174231,49.840361]]]}},{"type":"Feature","properties":{"cadnum":"4425487500:04:002:0312"},"geometry":{"type":"Polygon","coordinates":[[[38.172151,49.839281],[38.172165,49.839266],[38.172138,49.839257],[38.17213,49.839275],[38.172151,49.839281]]]}},{"type":"Feature","properties":{"cadnum":"4425487500:04:001:0179"},"geometry":{"type":"Polygon","coordinates":[[[38.173235,49.840747],[38.173235,49.840729],[38.173207,49.840729],[38.173207,49.840747],[38.173235,49.840747]]]}},{"type":"Feature","properties":{"cadnum":"4425487500:04:002:0314"},"geometry":{"type":"Polygon","coordinates":[[[38.172623,49.838377],[38.172627,49.83836],[38.172601,49.838357],[38.172597,49.838374],[38.172623,49.838377]]]}},{"type":"Feature","properties":{"cadnum":"4425487500:01:001:0004"},"geometry":{"type":"Polygon","coordinates":[[[38.172214,49.838971],[38.172224,49.838956],[38.172143,49.838928],[38.172134,49.838942],[38.172214,49.838971]]]}},{"type":"Feature","properties":{"cadnum":"4425487500:04:002:0345"},"geometry":{"type":"Polygon","coordinates":[[[38.173042,49.838785],[38.17305,49.838768],[38.173023,49.838763],[38.173019,49.83878],[38.173042,49.838785]]]}},{"type":"Feature","properties":{"cadnum":"4425487500:04:002:0313"},"geometry":{"type":"Polygon","coordinates":[[[38.17252,49.838823],[38.172524,49.838808],[38.172434,49.838797],[38.17243,49.838815],[38.17252,49.838823]]]}},{"type":"Feature","properties":{"cadnum":"4425487500:04:002:0151"},"geometry":{"type":"Polygon","coordinates":[[[38.172327,49.839637],[38.172331,49.839617],[38.172304,49.839611],[38.172296,49.839631],[38.172327,49.839637]]]}},{"type":"Feature","properties":{"cadnum":"4425487500:04:002:0277"},"geometry":{"type":"Polygon","coordinates":[[[38.172399,49.838328],[38.172403,49.83831],[38.172381,49.838308],[38.172377,49.838325],[38.172399,49.838328]]]}},{"type":"Feature","properties":{"cadnum":"4425487500:04:001:0012"},"geometry":{"type":"Polygon","coordinates":[[[38.172511,49.84061],[38.172006,49.841581],[38.1720066122449,49.841581],[38.171532,49.842499],[38.170339,49.845123],[38.17033984176182,49.845123],[38.170113,49.845625],[38.169564,49.846621],[38.170625,49.846629],[38.171046,49.846635],[38.17176,49.845012],[38.171758997633134,49.845012],[38.171911,49.84466765147452],[38.171911,49.844668],[38.17194920652202,49.84458109782545],[38.172083,49.844278],[38.172083,49.844276779516356],[38.173317,49.84147],[38.173315886010364,49.84147],[38.173692,49.840616],[38.172511,49.84061]],[[38.173207,49.840723],[38.173235,49.840726],[38.17323,49.840743],[38.173203,49.840741],[38.173207,49.840723]]]}},{"type":"Feature","properties":{"cadnum":"4425487500:04:001:0069"},"geometry":{"type":"Polygon","coordinates":[[[38.181853072961374,49.859179],[38.181852,49.859179],[38.179908,49.862831],[38.1799084972067,49.862831],[38.179491,49.863616],[38.180205,49.863775],[38.180852,49.86392],[38.181491,49.862721],[38.18149052128697,49.862721],[38.182898,49.860075421502756],[38.182898,49.860077],[38.1833283833332,49.85926505833359],[38.183403,49.859126],[38.182898,49.859014],[38.182898,49.859014037000975],[38.182042,49.858824],[38.181853072961374,49.859179]]]}},{"type":"Feature","properties":{"cadnum":"4425487500:04:001:0070"},"geometry":{"type":"Polygon","coordinates":[[[38.183374560975615,49.859179],[38.183374,49.859179],[38.1833283833332,49.85926505833359],[38.183315,49.85929],[38.18331516258352,49.85929],[38.183069,49.859754399159655],[38.183069,49.859754],[38.181432,49.862831],[38.18143237614679,49.862831],[38.180852,49.86392],[38.181652,49.864097],[38.182208,49.864221],[38.182947479999996,49.862831],[38.182949,49.862831],[38.184759,49.859429],[38.183642,49.859179],[38.18364020731705,49.859179],[38.183403,49.859126],[38.183374560975615,49.859179]]]}},{"type":"Feature","properties":{"cadnum":"4425487500:04:001:0060"},"geometry":{"type":"Polygon","coordinates":[[[38.187522,49.854846],[38.187971,49.854],[38.187288,49.854061],[38.186367,49.854342],[38.186237,49.854307],[38.1855290409154,49.855638],[38.185529,49.855638],[38.183669,49.859137],[38.184355,49.85929],[38.184356066420676,49.85929],[38.185074,49.85945],[38.18515783763837,49.85929],[38.185159,49.85929],[38.185667,49.858332],[38.18625,49.85724],[38.186858,49.856096],[38.187099226276224,49.85564134306785],[38.187522,49.854846]]]}},{"type":"Feature","properties":{"cadnum":"4425487500:04:001:0065"},"geometry":{"type":"Polygon","coordinates":[[[38.18521786012526,49.859179],[38.185216,49.859179],[38.185074,49.85945],[38.188562,49.860225],[38.188562,49.86022492734226],[38.191529,49.860883],[38.191829,49.859702],[38.18997696940728,49.85929],[38.189977,49.85929],[38.189963824514706,49.85928707580654],[38.189478,49.859179],[38.18947686931816,49.859179],[38.1884681348171,49.858955119455],[38.185667,49.858332],[38.18521786012526,49.859179]]]}},{"type":"Feature","properties":{"cadnum":"4425487500:07:002:0013"},"geometry":{"type":"Polygon","coordinates":[[[38.251006,49.847819],[38.250233,49.846782],[38.248816,49.846693],[38.248816,49.846694194312796],[38.245822,49.846505],[38.24730847361111,49.848554],[38.247308,49.848554],[38.247399,49.84868],[38.24768166129283,49.84861216128972],[38.248816,49.84834176227898],[38.248816,49.848343],[38.251006,49.847819]]]}},{"type":"Feature","properties":{"cadnum":"4425487500:07:002:0012"},"geometry":{"type":"Polygon","coordinates":[[[38.248987,49.848302084931504],[38.248987,49.848301],[38.24792565109889,49.848554],[38.247924,49.848554],[38.24768166129283,49.84861216128972],[38.24746,49.848665],[38.24746150000002,49.848665],[38.247399,49.84868],[38.246851,49.84881],[38.247857,49.850197],[38.248816,49.84996870707965],[38.248816,49.849969],[38.25204,49.849201],[38.251555,49.848554],[38.25155420921986,49.848554],[38.251006,49.847819],[38.248987,49.848302084931504]]]}},{"type":"Feature","properties":{"cadnum":"4425487500:07:002:0026"},"geometry":{"type":"Polygon","coordinates":[[[38.247426,49.844019],[38.247309,49.845036],[38.247305,49.845042],[38.247305554838704,49.84504202903226],[38.247305,49.845043],[38.248987,49.845131],[38.248987,49.84512988851105],[38.252933,49.845335],[38.252986,49.845268],[38.253516,49.845176],[38.253668956140345,49.845123],[38.253669,49.845123],[38.253845,49.845062],[38.254407,49.844706],[38.254751,49.844402],[38.254309,49.844379],[38.254309,49.84437906355932],[38.248816,49.844092],[38.248816,49.84409290775144],[38.247426,49.844019]]]}},{"type":"Feature","properties":{"cadnum":"4425487500:07:002:0025"},"geometry":{"type":"Polygon","coordinates":[[[38.247305,49.845042],[38.24730224489797,49.8450667959182],[38.24717,49.846209],[38.248136,49.846256],[38.248816,49.846289560517036],[38.248816,49.84629],[38.250197,49.846357],[38.253395,49.846502],[38.252946,49.846067],[38.252816,49.845772],[38.252812,49.845474],[38.252933,49.845335],[38.248816,49.845121],[38.248816,49.84512106395349],[38.247305,49.845042]]]}},{"type":"Feature","properties":{"cadnum":"4425487500:04:001:0007"},"geometry":{"type":"Polygon","coordinates":[[[38.170791,49.853155],[38.170625,49.853119],[38.169241,49.852778],[38.167571784247734,49.855638],[38.167571,49.855638],[38.166495085348885,49.85748562446592],[38.166119,49.85813],[38.166182,49.858147],[38.166418,49.858209470588235],[38.166418,49.85821],[38.16736,49.858459],[38.167979,49.858624],[38.168052,49.858326],[38.168159,49.857921],[38.169357738501965,49.855749],[38.169358,49.855749],[38.170791,49.853155]]]}},{"type":"Feature","properties":{"cadnum":"4425487500:04:001:0002"},"geometry":{"type":"Polygon","coordinates":[[[38.166182,49.858147],[38.166124,49.85813],[38.165023,49.857837],[38.164240705437024,49.859179],[38.16424,49.859179],[38.16211,49.862831],[38.16211093261131,49.862831],[38.161691,49.863552],[38.162819,49.863923],[38.163519,49.862721],[38.16351803614458,49.862721],[38.16551538170865,49.85929],[38.165516,49.85929],[38.166182,49.858147]]]}},{"type":"Feature","properties":{"cadnum":"4425487500:04:002:0131"},"geometry":{"type":"Polygon","coordinates":[[[38.162144,49.850331],[38.161704,49.851419],[38.161351753807104,49.852096],[38.161351,49.852096],[38.16096410624406,49.852844357875334],[38.160702,49.853348],[38.158998,49.855749],[38.158998278931755,49.855749],[38.158838,49.855975],[38.160622,49.856409],[38.160925,49.85588870378619],[38.160925,49.85589],[38.161006690476185,49.855749],[38.161007,49.855749],[38.161008,49.855749],[38.16307036901177,49.852207],[38.163071,49.852207],[38.163914,49.850762],[38.162144,49.850331]]]}},{"type":"Feature","properties":{"cadnum":"4425487500:04:002:0133"},"geometry":{"type":"Polygon","coordinates":[[[38.166317,49.851347],[38.165172,49.851069],[38.164571863796134,49.852096],[38.164571,49.852096],[38.16250378291815,49.855638],[38.162503,49.855638],[38.161874,49.856716],[38.163025,49.856995],[38.16375037951363,49.855749],[38.163751,49.855749],[38.16581530823981,49.852207],[38.165816,49.852207],[38.166317,49.851347]]]}},{"type":"Feature","properties":{"cadnum":"4425487500:04:001:0006"},"geometry":{"type":"Polygon","coordinates":[[[38.168698,49.852645],[38.167893,49.852408],[38.16654484999104,49.85472042001537],[38.16600973327306,49.855638],[38.166009,49.855638],[38.164767,49.857767],[38.165023,49.857837],[38.166124,49.85813],[38.166418,49.857625909871246],[38.166418,49.857626],[38.16644272977102,49.8575835083969],[38.16659,49.857331],[38.16659,49.857330463267076],[38.167575,49.855638],[38.16757467216426,49.855638],[38.169241,49.852778],[38.168698,49.852645]]]}},{"type":"Feature","properties":{"cadnum":"4425487500:04:001:0001"},"geometry":{"type":"Polygon","coordinates":[[[38.164696,49.857759],[38.163465,49.85742],[38.16241242192513,49.859179],[38.162412,49.859179],[38.16106254540416,49.86144049351233],[38.160765,49.861937],[38.160882,49.862403],[38.160808443925234,49.862721],[38.160808,49.862721],[38.16078409271524,49.86282627593816],[38.160783,49.862831],[38.16078301992032,49.862831],[38.160694,49.863223],[38.160925,49.86330496774193],[38.160925,49.863305],[38.161516,49.863515],[38.161547,49.863526],[38.162029,49.862721],[38.162027722891565,49.862721],[38.1640776796276,49.85929],[38.164078,49.85929],[38.164952,49.857828],[38.164696,49.857759]]]}},{"type":"Feature","properties":{"cadnum":"4425487500:04:001:0005"},"geometry":{"type":"Polygon","coordinates":[[[38.16662426829268,49.852096],[38.166623,49.852096],[38.166419658959605,49.85246300578023],[38.166381,49.852532],[38.164527248057205,49.855638],[38.164527,49.855638],[38.163465,49.85742],[38.164696,49.857759],[38.16589479773692,49.855749],[38.165895,49.855749],[38.16659,49.854585],[38.16659,49.854584574642125],[38.167885,49.852413],[38.166831,49.852096],[38.16683045121952,49.852096],[38.166654,49.852043],[38.16662426829268,49.852096]]]}},{"type":"Feature","properties":{"cadnum":"4425487500:04:002:0134"},"geometry":{"type":"Polygon","coordinates":[[[38.160622,49.856409],[38.158838,49.855975],[38.158624,49.856279],[38.159436,49.857646],[38.159666,49.858176],[38.159720087984866,49.859179],[38.159719,49.859179],[38.159723,49.859233],[38.159797,49.85929],[38.159797381413355,49.85929],[38.160925,49.86015411721068],[38.160925,49.860155],[38.161071,49.860266],[38.161097,49.860225],[38.161097,49.86022271975498],[38.161724,49.859179],[38.16172389114754,49.859179],[38.162576,49.857765],[38.163025,49.856995],[38.161874,49.856714],[38.161097,49.85652568598525],[38.161097,49.856525],[38.160622,49.856409]]]}},{"type":"Feature","properties":{"cadnum":"4425487500:04:001:0003"},"geometry":{"type":"Polygon","coordinates":[[[38.166182,49.858147],[38.16558067716535,49.859179],[38.16558,49.859179],[38.163454,49.862831],[38.16345494009983,49.862831],[38.162819,49.863923],[38.163954,49.864296],[38.164808815873016,49.862831],[38.164809,49.862831],[38.16659,49.859779],[38.16659,49.85977729230769],[38.16687343624161,49.85929],[38.166874,49.85929],[38.16736,49.858459],[38.16659,49.85825546496815],[38.16659,49.858255],[38.166182,49.858147]]]}},{"type":"Feature","properties":{"cadnum":"4425487500:04:002:0132"},"geometry":{"type":"Polygon","coordinates":[[[38.163914,49.850762],[38.16313575640138,49.852096],[38.163135,49.852096],[38.16107263098824,49.855638],[38.161071,49.855638],[38.160622,49.856409],[38.160925,49.85648363368421],[38.160925,49.856484],[38.161874,49.856716],[38.16243823283859,49.855749],[38.162439,49.855749],[38.16450621708186,49.852207],[38.164507,49.852207],[38.165172,49.851069],[38.163914,49.850762]]]}},{"type":"Feature","properties":{"cadnum":"4425487500:07:005:0014"},"geometry":{"type":"Polygon","coordinates":[[[38.256589,49.834272],[38.257218,49.834246],[38.25821,49.834316],[38.259437,49.834252],[38.259802,49.834198015452536],[38.259802,49.834199],[38.25989,49.834185],[38.257451,49.832128],[38.255839,49.832927],[38.25433390698129,49.83368446511399],[38.253782,49.833962],[38.254235,49.834254],[38.254443169934646,49.834384],[38.254443,49.834384],[38.254594,49.834478],[38.254944,49.834553],[38.25526591715978,49.834495],[38.255266,49.834495],[38.25554916123936,49.83444396775112],[38.255882,49.834384],[38.255881902654856,49.834384],[38.255893,49.834382],[38.256589,49.834272]]]}},{"type":"Feature","properties":{"cadnum":"4425487500:07:005:0044"},"geometry":{"type":"Polygon","coordinates":[[[38.259802,49.837026258461535],[38.259802,49.837027],[38.261116,49.836558],[38.26016,49.836291],[38.259974,49.83623332960894],[38.259974,49.836233],[38.259212,49.835996],[38.258399,49.835375],[38.25799,49.835246],[38.257038,49.835364],[38.255449,49.835753],[38.25464,49.835987],[38.255722,49.836738],[38.257097,49.837659],[38.257374,49.837891],[38.259802,49.837026258461535]]]}},{"type":"Feature","properties":{"cadnum":"4425487500:06:001:0066"},"geometry":{"type":"Polygon","coordinates":[[[38.25448,49.83744001929261],[38.254931,49.837717],[38.255552,49.836854],[38.254309,49.836108],[38.254309,49.8361084],[38.253885,49.835854],[38.252978,49.836384],[38.253445,49.836796],[38.253449,49.836807],[38.25448,49.837441],[38.25448,49.83744001929261]]]}},{"type":"Feature","properties":{"cadnum":"4425487500:07:005:0045"},"geometry":{"type":"Polygon","coordinates":[[[38.261238,49.837418],[38.262764,49.836917],[38.261957,49.836781],[38.261135,49.836564],[38.261116,49.836558],[38.259974,49.836965608828],[38.259974,49.836965],[38.257374,49.837891],[38.25741734693878,49.837927],[38.257417,49.837927],[38.25746195970757,49.837964051282555],[38.257551,49.838038],[38.25755169243697,49.838038],[38.258139,49.838522],[38.258952,49.838232],[38.259521142638384,49.83802944631889],[38.259802,49.83792993920335],[38.259802,49.837931],[38.261238,49.837418]]]}},{"type":"Feature","properties":{"cadnum":"4425487500:01:001:0053"},"geometry":{"type":"Polygon","coordinates":[[[38.165132,49.83749],[38.165159,49.837841],[38.16525606432749,49.837927],[38.165255,49.837927],[38.165352,49.838012],[38.165357,49.838038],[38.16535841975308,49.838038],[38.165392,49.838174],[38.165396,49.838568],[38.165648,49.838574],[38.166147,49.838507],[38.166205,49.83858],[38.166418,49.83854957142857],[38.166418,49.838551],[38.166492,49.838539],[38.166564,49.838559],[38.16659,49.838553],[38.16659,49.838552618181815],[38.166784,49.838505],[38.166924,49.838473],[38.167251,49.83836],[38.167597,49.838244],[38.167912,49.838162],[38.167888,49.837927],[38.16788794095941,49.837927],[38.167845,49.837496],[38.16659,49.83749424106517],[38.16659,49.837494],[38.165132,49.83749]]]}},{"type":"Feature","properties":{"cadnum":"4425487500:04:008:0137"},"geometry":{"type":"Polygon","coordinates":[[[38.204263,49.811806],[38.204653,49.812467],[38.20487,49.81240898457583],[38.20487,49.812409],[38.20487378378489,49.81240797297267],[38.205042,49.812363],[38.205042,49.812362314285714],[38.20529,49.812295],[38.206207,49.811974],[38.206957,49.8118],[38.207792,49.811646],[38.208525,49.811676],[38.209714,49.811693],[38.210363,49.81173983505155],[38.210363,49.811741],[38.210393,49.811742],[38.210535,49.811677],[38.210535,49.81167559873618],[38.211026,49.811446],[38.211561,49.811345],[38.212064,49.811356],[38.212544,49.811365],[38.213618,49.811328],[38.214261,49.811391],[38.215051,49.811382],[38.215792,49.811304],[38.215857,49.8113020720339],[38.215857,49.811303],[38.21599650533784,49.81129793416371],[38.216028,49.811297],[38.216028,49.811296790502794],[38.216215,49.81129],[38.216744,49.811397],[38.21741,49.811322],[38.21793,49.811227],[38.218989,49.811218],[38.219628,49.811058],[38.221521,49.81082],[38.221521,49.810819394453006],[38.221999,49.810759],[38.224268,49.810791],[38.226312,49.81089],[38.226779,49.811064],[38.226846,49.811079],[38.226832,49.810931],[38.225341,49.810675],[38.222943,49.810594],[38.221521,49.81074003337613],[38.221521,49.81074],[38.221385,49.810754],[38.218963,49.811],[38.217278,49.811169],[38.216028,49.81120242716397],[38.216028,49.811202],[38.21567,49.811212],[38.214359,49.811246],[38.212863,49.811285],[38.210535,49.811344011406845],[38.210535,49.811344],[38.210496,49.811345],[38.210357,49.81098],[38.209926,49.810997],[38.209859,49.811302],[38.207366,49.811614],[38.206028,49.811971],[38.204949,49.812061],[38.204284,49.811603],[38.204011,49.811093],[38.203952,49.810455],[38.203718,49.810183],[38.201724,49.810931],[38.199663,49.811704],[38.199377,49.81173],[38.199377,49.81173049224969],[38.197162,49.81193],[38.194502,49.812168],[38.193884,49.812206],[38.193884,49.81220650165017],[38.192238,49.812307],[38.189493,49.812473],[38.189556,49.813232],[38.18955639318885,49.813232],[38.189629,49.81409],[38.189835,49.815226],[38.190217,49.815038],[38.190675,49.814945],[38.191452,49.815087],[38.193078,49.815139],[38.194056,49.81516],[38.194056,49.8151594059406],[38.194187,49.815162],[38.194489,49.81509],[38.194686,49.815145],[38.195022,49.81511],[38.195242,49.815006],[38.195428,49.815162],[38.197609,49.815064],[38.199549,49.814973],[38.199549,49.81497255828221],[38.199703,49.814965],[38.199793,49.814829],[38.200273,49.814788],[38.200749,49.814892],[38.200844,49.814869],[38.200785,49.814727],[38.201074,49.814716],[38.201177,49.814753],[38.202196,49.814692],[38.202712,49.814589],[38.203351,49.814429],[38.203467,49.814275],[38.203687,49.814223],[38.203808,49.814359],[38.205042,49.814144],[38.205042,49.81414291184573],[38.205596,49.814046],[38.207487,49.813719],[38.210016,49.813313],[38.210535,49.813231],[38.210535,49.81323037514654],[38.21077570898397,49.81319171496975],[38.212261,49.812954],[38.214687,49.812577],[38.216028,49.812369],[38.216028,49.81236836497696],[38.216942,49.812226],[38.218452,49.811992],[38.219286,49.811994],[38.219565,49.812194],[38.219893,49.812099],[38.219578,49.811962],[38.220216,49.811762],[38.221521,49.811599],[38.221521,49.811598624999995],[38.221878,49.811554],[38.222637,49.811655],[38.22296,49.811756],[38.223186,49.811966],[38.223109,49.812322],[38.222993,49.812621],[38.222884,49.813232],[38.222884478706625,49.813232],[38.222681,49.814389],[38.223805,49.813249],[38.224013,49.813121],[38.224012874100715,49.813121],[38.224285,49.812954],[38.225614,49.812455],[38.226864,49.811328],[38.226846,49.811098],[38.226765,49.811081],[38.226302,49.810907],[38.224268,49.810812],[38.222004,49.810777],[38.221521,49.81083829816514],[38.221521,49.810838],[38.219632,49.811075],[38.218999,49.81124],[38.21793,49.811244],[38.217418,49.811339],[38.21674,49.811414],[38.216209,49.811307],[38.215899240000844,49.81131843999997],[38.215796,49.811322],[38.215051,49.8114],[38.214255,49.811409],[38.213628,49.811348],[38.212544,49.811382],[38.212064,49.811374],[38.211565,49.811362],[38.211035,49.811461],[38.210535,49.81169717693523],[38.210535,49.811697],[38.210402,49.81176],[38.210363,49.811757],[38.210363,49.81175735115607],[38.20971,49.811713],[38.208525,49.811693],[38.207797,49.811664],[38.206966,49.811818],[38.206215,49.811992],[38.205305,49.81231],[38.205018877005756,49.81238827272716],[38.204666,49.812484],[38.204837,49.812974],[38.205042,49.812907],[38.205042,49.81290670909091],[38.205475,49.812765],[38.205533,49.812821],[38.205156,49.813232],[38.20515655327869,49.813232],[38.205035,49.813365],[38.20487,49.813305],[38.20487,49.81330508928571],[38.204531,49.813182],[38.204078,49.813186],[38.203969,49.813232],[38.20396930973452,49.813232],[38.203544,49.813412],[38.203345,49.813895],[38.200871,49.813956],[38.200579,49.813884],[38.200288,49.813983],[38.199766,49.814026],[38.199452,49.813936],[38.199377,49.813942],[38.199377,49.81394206702619],[38.198154,49.814041],[38.198024,49.813974],[38.196712,49.814011],[38.196622,49.813936],[38.195611,49.814078],[38.195368,49.813968],[38.195208,49.813951],[38.194919,49.814081],[38.194039,49.814009],[38.193963,49.813768],[38.194056,49.81372],[38.194056,49.813718986486485],[38.194259,49.813612],[38.195315,49.813696],[38.195988,49.813649],[38.19725,49.813571],[38.198185,49.813324],[38.198328,49.81318],[38.198641,49.813121],[38.19864048148147,49.813121],[38.1989,49.813072],[38.199377,49.81311095377504],[38.199377,49.813111],[38.19949993478262,49.813121],[38.199495,49.813121],[38.200508,49.813203],[38.202425,49.812229],[38.204263,49.811806]]]}},{"type":"Feature","properties":{"cadnum":"4425487500:04:008:0073"},"geometry":{"type":"Polygon","coordinates":[[[38.198005,49.811586],[38.197368,49.810189],[38.194056,49.81057875889782],[38.194056,49.810578],[38.189776,49.811081],[38.189498,49.812183],[38.193884,49.811875075471704],[38.193884,49.811876],[38.198005,49.811586]]]}},{"type":"Feature","properties":{"cadnum":"4425487500:04:004:0107"},"geometry":{"type":"Polygon","coordinates":[[[38.1893,49.81211],[38.189535,49.811249],[38.188391,49.811383],[38.188391,49.811383098475225],[38.186988,49.811548],[38.187292511876485,49.813121],[38.187292,49.813121],[38.187908,49.816299],[38.188391,49.81625911926606],[38.188391,49.81626],[38.189818,49.816142],[38.189562,49.81484],[38.189485,49.814415],[38.18930637724545,49.813198485029545],[38.189287,49.813058],[38.1893,49.81211]]]}},{"type":"Feature","properties":{"cadnum":"4425487500:07:005:0031"},"geometry":{"type":"Polygon","coordinates":[[[38.280857,49.826458],[38.27941,49.825913],[38.279043,49.82578],[38.276689,49.826096],[38.276281,49.82615],[38.276281,49.82615076593674],[38.274398,49.8264],[38.27442,49.826469],[38.274739207667736,49.827297],[38.274739,49.827297],[38.275431,49.829086],[38.276453,49.82895],[38.276453,49.82894915509854],[38.277448,49.828817],[38.277762,49.828776],[38.281775,49.82823984631931],[38.281775,49.82824],[38.283049,49.828069],[38.283098,49.827942],[38.282982,49.827573],[38.282636,49.827298],[38.282016,49.826963],[38.281946,49.82693250207469],[38.281946,49.826932],[38.280857,49.826458]]]}},{"type":"Feature","properties":{"cadnum":"4425487500:07:005:0063"},"geometry":{"type":"Polygon","coordinates":[[[38.27698,49.828046],[38.277012,49.828043],[38.277003,49.828022],[38.276976,49.828026],[38.27698,49.828046]]]}},{"type":"Feature","properties":{"cadnum":"4425487500:07:005:0065"},"geometry":{"type":"Polygon","coordinates":[[[38.277664,49.830511],[38.277691,49.830509],[38.277685,49.830488],[38.277655,49.830491],[38.277664,49.830511]]]}},{"type":"Feature","properties":{"cadnum":"4425487500:07:005:0064"},"geometry":{"type":"Polygon","coordinates":[[[38.277309,49.829234],[38.277339,49.829231],[38.277331,49.82921],[38.277299,49.829214],[38.277309,49.829234]]]}},{"type":"Feature","properties":{"cadnum":"4425487500:07:001:0092"},"geometry":{"type":"Polygon","coordinates":[[[38.257497,49.873326],[38.25751022834646,49.873342],[38.25751,49.873342],[38.25752655188673,49.87336174371062],[38.257602,49.873453],[38.25760305542725,49.873453],[38.257873,49.873775],[38.259802,49.87423039457401],[38.259802,49.874231],[38.260177,49.874319],[38.261701,49.874701],[38.262994,49.875031],[38.263282,49.874889],[38.2629,49.874718],[38.262145,49.874707],[38.261552,49.874597],[38.261018,49.87445],[38.259974,49.87411602302631],[38.259974,49.874116],[38.25945,49.873948],[38.257616480732715,49.87336412576144],[38.257497,49.873326]]]}},{"type":"Feature","properties":{"cadnum":"4425487500:07:001:0048"},"geometry":{"type":"Polygon","coordinates":[[[38.266332,49.872875],[38.266408,49.872533],[38.266255,49.872218],[38.266013,49.871841],[38.265667,49.871326],[38.265295,49.871489],[38.265295,49.871489301832206],[38.263393,49.872322],[38.263336,49.872345],[38.26105405776173,49.873342],[38.261053,49.873342],[38.259802,49.873889],[38.259802,49.873889726591756],[38.259707,49.873931],[38.259802,49.87396159925094],[38.259802,49.873962],[38.259919313252084,49.87399938554187],[38.259974,49.874017],[38.259974,49.87401681318681],[38.261076,49.874368],[38.261602,49.874513],[38.262168,49.874617],[38.262917,49.874628],[38.263578,49.874519],[38.263676,49.874461],[38.264032,49.874345],[38.264531,49.874105],[38.265173,49.873703],[38.265467,49.873508],[38.265467,49.87350733333333],[38.265630999999836,49.87339800000011],[38.265963,49.873178],[38.266332,49.872875]]]}},{"type":"Feature","properties":{"cadnum":"4425487500:07:001:0049"},"geometry":{"type":"Polygon","coordinates":[[[38.261984,49.870831],[38.259802,49.871784],[38.259802,49.87178405219677],[38.257311,49.872871],[38.257581,49.873254],[38.258205,49.873453],[38.2582056417657,49.873453],[38.259707,49.873931],[38.259974,49.873815],[38.259974,49.87381379296563],[38.26079914076783,49.873453],[38.2608,49.873453],[38.263336,49.872345],[38.261984,49.870831]]]}},{"type":"Feature","properties":{"cadnum":"4425487500:07:004:0004"},"geometry":{"type":"Polygon","coordinates":[[[38.248778,49.808525],[38.24866132271945,49.809576],[38.248661,49.809576],[38.248441,49.811568],[38.248816,49.81165591208791],[38.248816,49.811657],[38.250508,49.812052],[38.250529,49.812055],[38.250806,49.809576],[38.250804554194154,49.809576],[38.250912,49.808626],[38.248987,49.80853507681297],[38.248987,49.808535],[38.248778,49.808525]]]}},{"type":"Feature","properties":{"cadnum":"4425487500:07:004:0003"},"geometry":{"type":"Polygon","coordinates":[[[38.248778,49.808525],[38.246187,49.808403],[38.24605453504673,49.809576],[38.246054,49.809576],[38.245899,49.810971],[38.248441,49.811568],[38.24864874096385,49.809687],[38.248649,49.809687],[38.248778,49.808525]]]}},{"type":"Feature","properties":{"cadnum":"4425487500:04:003:0115"},"geometry":{"type":"Polygon","coordinates":[[[38.088649,49.837117],[38.086012,49.837297],[38.08502,49.837702],[38.08427,49.837401],[38.084192,49.837447048192764],[38.084192,49.837447],[38.083951,49.837589],[38.084192,49.837712],[38.084192,49.83771118472906],[38.084833,49.838038],[38.08483441935483,49.838038],[38.086385,49.838826],[38.088756,49.840121],[38.089573,49.841581],[38.089574,49.841581],[38.0895743046875,49.841581],[38.089584,49.841598],[38.089685,49.841782],[38.089685,49.84178032467533],[38.090046,49.842432],[38.090423,49.842406],[38.091324,49.84147],[38.09132380604534,49.84147],[38.091599,49.841184],[38.092431,49.839982],[38.094914,49.839205],[38.095007,49.839106391959795],[38.095007,49.839108],[38.095113,49.838994],[38.094700853795686,49.838038],[38.094701,49.838038],[38.094564,49.837719],[38.094968,49.836665],[38.095007,49.83641366666665],[38.095007,49.836415],[38.095031,49.836259],[38.095007,49.83603],[38.095007,49.83603125531918],[38.094937,49.835367],[38.095007,49.834995054054055],[38.095007,49.834998],[38.095108130653294,49.8344580502511],[38.095134,49.834324],[38.095179,49.833756],[38.095179,49.83375171739127],[38.09518,49.833739],[38.09511780362494,49.833727495468196],[38.09328,49.833382],[38.09264801078167,49.834384],[38.092648,49.834384],[38.09264122432443,49.83439475972494],[38.092578,49.834495],[38.092578100444776,49.834495],[38.090949,49.837082],[38.089685,49.83710137839721],[38.089685,49.837101],[38.088649,49.837117]]]}},{"type":"Feature","properties":{"cadnum":"4425487500:04:003:0013"},"geometry":{"type":"Polygon","coordinates":[[[38.101639,49.836245],[38.100672,49.836445361720806],[38.100672,49.836445],[38.09502946742299,49.837615339943156],[38.094834,49.837655],[38.094981,49.838038],[38.09498204575163,49.838038],[38.095117,49.838386],[38.095274,49.838699],[38.095283,49.838727],[38.09860656375002,49.838038],[38.098608,49.838038],[38.100672,49.837611],[38.100672,49.837610223999995],[38.101625,49.837412],[38.101639,49.836245]]]}},{"type":"Feature","properties":{"cadnum":"4425487500:04:003:0009"},"geometry":{"type":"Polygon","coordinates":[[[38.101607,49.840139],[38.101607,49.840011],[38.100672,49.84020526377597],[38.100672,49.840205],[38.095179,49.84134529443954],[38.095179,49.841345],[38.094576245762696,49.84147],[38.094574,49.84147],[38.091065,49.842198],[38.090985,49.842308],[38.091815,49.842777],[38.095007,49.842115637336505],[38.095007,49.842116],[38.09758676006193,49.841581],[38.097589,49.841581],[38.1005,49.84097764969186],[38.1005,49.840978],[38.101598,49.840749],[38.101607,49.840139]]]}},{"type":"Feature","properties":{"cadnum":"4425487500:04:003:0012"},"geometry":{"type":"Polygon","coordinates":[[[38.101625,49.837412],[38.1005,49.837646],[38.1005,49.83764658333334],[38.09914454332552,49.837927],[38.099142,49.837927],[38.095283,49.838727],[38.095327,49.838907],[38.09505,49.839217],[38.094991,49.839278],[38.092884,49.839982],[38.092584,49.840321],[38.095007,49.83981865934489],[38.095007,49.839819],[38.1005,49.83867967519859],[38.1005,49.83868],[38.10162,49.838447],[38.101622359615384,49.838038],[38.101623,49.838038],[38.101625,49.837632],[38.101625,49.837412]]]}},{"type":"Feature","properties":{"cadnum":"4425487500:04:003:0011"},"geometry":{"type":"Polygon","coordinates":[[[38.101612,49.839257],[38.101616,49.838884],[38.10162,49.838447],[38.100672,49.83864421785714],[38.100672,49.838644],[38.095179,49.83978332480141],[38.095179,49.839783],[38.092584,49.840321],[38.091882,49.84112],[38.091744,49.841305],[38.095179,49.840593],[38.095179,49.84059232480141],[38.100672,49.839453],[38.100672,49.839452269784175],[38.101612,49.839257]]]}},{"type":"Feature","properties":{"cadnum":"4425487500:04:003:0010"},"geometry":{"type":"Polygon","coordinates":[[[38.101612,49.839257],[38.1005,49.839488],[38.1005,49.83948867519859],[38.095007,49.840628],[38.095007,49.8406286518195],[38.091744,49.841305],[38.091619054347824,49.84147],[38.091618,49.84147],[38.091065,49.842198],[38.094038973901114,49.841581],[38.094041,49.841581],[38.095007,49.84138066959578],[38.095007,49.841381],[38.1005,49.84024070556046],[38.1005,49.840241],[38.101607,49.840011],[38.101612,49.839257]]]}},{"type":"Feature","properties":{"cadnum":"4425487500:07:002:0032"},"geometry":{"type":"Polygon","coordinates":[[[38.249717,49.841248],[38.250287,49.841054],[38.251204,49.840764],[38.252191,49.840466],[38.252259,49.84044],[38.251401,49.839293],[38.250961,49.839388],[38.248987,49.83984077762238],[38.248987,49.83984],[38.248734,49.839898],[38.247292,49.841245],[38.247044232142855,49.84147],[38.247044,49.84147],[38.24697485714507,49.84153299999799],[38.246922,49.841581],[38.246922176870754,49.841581],[38.24656,49.841911],[38.245579,49.842742],[38.24757,49.842041],[38.24889753564155,49.841581],[38.248899,49.841581],[38.24969,49.841305],[38.249717,49.841248]]]}},{"type":"Feature","properties":{"cadnum":"4425487500:06:001:0004"},"geometry":{"type":"Polygon","coordinates":[[[38.244973,49.839409],[38.245005,49.839371],[38.244902,49.839327],[38.244889,49.839321],[38.244849,49.839365],[38.244862,49.839371],[38.244973,49.839409]]]}},{"type":"Feature","properties":{"cadnum":"4425487500:06:001:0068"},"geometry":{"type":"Polygon","coordinates":[[[38.248814,49.838438],[38.248486,49.838924],[38.248512,49.838939],[38.248816,49.83903756],[38.248816,49.839038],[38.24903,49.839107],[38.249111,49.838986],[38.249267,49.838536],[38.248895,49.838456],[38.248814,49.838438]]]}},{"type":"Feature","properties":{"cadnum":"4425487500:06:001:0003"},"geometry":{"type":"Polygon","coordinates":[[[38.245504,49.838331],[38.245518,49.83831],[38.245486,49.838304],[38.245476,49.838325],[38.245504,49.838331]]]}},{"type":"Feature","properties":{"cadnum":"4425487500:06:001:0069"},"geometry":{"type":"Polygon","coordinates":[[[38.24851201030928,49.838038],[38.248225,49.838218],[38.247816,49.838287],[38.247596,49.838458],[38.248486,49.838924],[38.248814,49.838438],[38.248816,49.83843844444444],[38.248816,49.838439],[38.248895,49.838456],[38.249084,49.838177],[38.249394,49.838244],[38.24956,49.837927],[38.249559764705886,49.837927],[38.24969,49.837681],[38.248908,49.837444],[38.248675,49.837623],[38.248751,49.837696],[38.248734,49.837899],[38.24868928057554,49.837927],[38.248689,49.837927],[38.24851828302106,49.83803406603636],[38.248512,49.838038],[38.24851201030928,49.838038]]]}},{"type":"Feature","properties":{"cadnum":"4425487500:07:002:0056"},"geometry":{"type":"Polygon","coordinates":[[[38.246145,49.841176],[38.246617,49.840715],[38.246461,49.840017],[38.245881,49.83975],[38.245742,49.839371],[38.245126,49.839608],[38.244444,49.840182],[38.243494,49.8405884171123],[38.243494,49.840588],[38.243172,49.840726],[38.243262,49.841132],[38.24286151893096,49.84147],[38.242861,49.84147],[38.242072,49.842137],[38.240671,49.842438],[38.240208,49.842696],[38.240145,49.842823],[38.24019,49.842905],[38.240289,49.843087],[38.240514,49.84325],[38.240824,49.843374],[38.241287,49.843151],[38.241484,49.842956],[38.242,49.843052],[38.243015,49.842933],[38.243105,49.84309],[38.242503,49.84351],[38.242453,49.84373],[38.243494,49.843511],[38.243494,49.843510693396226],[38.24417,49.843368],[38.244103,49.8428],[38.244233,49.842769],[38.244358,49.842954],[38.24456,49.842988],[38.244731,49.8428],[38.244835,49.842493],[38.245243,49.842406],[38.245486,49.841972],[38.2460549724138,49.841581],[38.246056,49.841581],[38.246119,49.841537],[38.246145,49.841176]]]}},{"type":"Feature","properties":{"cadnum":"4425487500:06:001:0067"},"geometry":{"type":"Polygon","coordinates":[[[38.250669,49.83696],[38.250925,49.836575],[38.251688,49.835727],[38.252596,49.835016],[38.252443,49.834913],[38.251514,49.835639],[38.250728,49.836509],[38.250458,49.836912],[38.2499703312611,49.837927],[38.249969,49.837927],[38.249699,49.83849],[38.2496,49.838626],[38.249263,49.839029],[38.248987,49.83928277181208],[38.248987,49.839282],[38.247776,49.84039],[38.248189,49.840292],[38.248816,49.8397145],[38.248816,49.839716],[38.24947,49.839113],[38.249811,49.838675],[38.24987,49.838568],[38.250132106084244,49.838038],[38.250133,49.838038],[38.250669,49.83696]]]}},{"type":"Feature","properties":{"cadnum":"4425487500:07:003:0005"},"geometry":{"type":"Polygon","coordinates":[[[38.236507,49.839669],[38.237829,49.84004861044176],[38.237829,49.840049],[38.242189,49.8413],[38.242279,49.841239],[38.242688,49.840955],[38.242925,49.840735],[38.243182,49.840532],[38.243494,49.840392],[38.243494,49.840391740983605],[38.243627,49.840332],[38.243494,49.840294498360656],[38.243494,49.840294],[38.238052,49.838733],[38.237829,49.838868],[38.237829,49.838868190093706],[38.236507,49.839669]]]}},{"type":"Feature","properties":{"cadnum":"4425487500:07:003:0006"},"geometry":{"type":"Polygon","coordinates":[[[38.241165,49.837833],[38.240312,49.837708],[38.239966,49.837578],[38.239386356521734,49.837927],[38.239386,49.837927],[38.2392839589576,49.83798865298364],[38.239202,49.838038],[38.23920228535981,49.838038],[38.238052,49.838733],[38.243322,49.840244662991545],[38.243322,49.840246],[38.243627,49.840332],[38.24417,49.840089],[38.244596,49.839808],[38.244717,49.839506],[38.244462,49.839272],[38.243494,49.83882111578947],[38.243494,49.838821],[38.242998,49.838589],[38.24226,49.838232],[38.24161,49.837954],[38.241511,49.837927],[38.24151070247933,49.837927],[38.241165,49.837833]]]}},{"type":"Feature","properties":{"cadnum":"4425487500:04:008:0016"},"geometry":{"type":"Polygon","coordinates":[[[38.227015,49.82492725019425],[38.227015,49.824927],[38.225643,49.824525],[38.224339,49.825391],[38.221521,49.82697017363667],[38.221521,49.82697],[38.220935684931504,49.827297],[38.220934,49.827297],[38.220297,49.827655],[38.22028,49.827666],[38.22135,49.827975532634966],[38.22135,49.827976],[38.222278,49.828243],[38.2239109281184,49.827408],[38.223911,49.827408],[38.226843,49.825910828608244],[38.226843,49.825911],[38.22813,49.825253],[38.227015,49.82492725019425]]]}},{"type":"Feature","properties":{"cadnum":"4425487500:04:008:0013"},"geometry":{"type":"Polygon","coordinates":[[[38.222592,49.830952],[38.225808,49.829309],[38.224318,49.828877],[38.221521,49.83030754110512],[38.221521,49.830307],[38.220476181395355,49.830841],[38.220475,49.830841],[38.218123,49.832044],[38.219614,49.832473],[38.22135,49.83158633822758],[38.22135,49.831587],[38.22259191018766,49.830952],[38.222592,49.830952]]]}},{"type":"Feature","properties":{"cadnum":"4425487500:04:008:0012"},"geometry":{"type":"Polygon","coordinates":[[[38.224318,49.828877],[38.222821,49.828449],[38.221521,49.82911358191706],[38.221521,49.829113],[38.21813829200653,49.830841],[38.218138,49.830841],[38.216628,49.831613],[38.218123,49.832044],[38.220257982543636,49.830952],[38.220259,49.830952],[38.22135,49.83039439698891],[38.22135,49.830395],[38.224318,49.828877]]]}},{"type":"Feature","properties":{"cadnum":"4425487500:07:007:0127"},"geometry":{"type":"Polygon","coordinates":[[[38.312446,49.812948],[38.31224985211267,49.813121],[38.312248,49.813121],[38.309531,49.815521],[38.309851,49.815382],[38.310623,49.814994],[38.312356,49.81422],[38.312864,49.814003],[38.31348,49.813548],[38.31280309871392,49.81315581974335],[38.312446,49.812948]]]}},{"type":"Feature","properties":{"cadnum":"4425487500:07:007:0124"},"geometry":{"type":"Polygon","coordinates":[[[38.311459,49.812377],[38.310986,49.812101],[38.309704,49.813232],[38.30970429942419,49.813232],[38.309412,49.81349011525424],[38.309412,49.81349],[38.307424,49.815244],[38.307434,49.815244],[38.307964,49.815457],[38.309412,49.814181],[38.309412,49.81418040465793],[38.31055092709816,49.81317659045424],[38.311459,49.812377]]]}},{"type":"Feature","properties":{"cadnum":"4425487500:07:007:0126"},"geometry":{"type":"Polygon","coordinates":[[[38.312446,49.812948],[38.311939,49.812655],[38.311411620450606,49.813121],[38.31141,49.813121],[38.309412,49.81488697419355],[38.309412,49.814886],[38.308512,49.815681],[38.308853,49.815817],[38.30924,49.81564876923077],[38.30924,49.815649],[38.30928474255091,49.81562931942778],[38.309412,49.815574],[38.309412,49.81557334364261],[38.309531,49.815521],[38.31212233875,49.813232],[38.312124,49.813232],[38.312446,49.812948]]]}},{"type":"Feature","properties":{"cadnum":"4425487500:07:007:0130"},"geometry":{"type":"Polygon","coordinates":[[[38.315101,49.816655],[38.31488511764699,49.816665],[38.314868,49.816665],[38.314463,49.816684],[38.314051,49.816776],[38.314054469785596,49.816776],[38.312185,49.817197],[38.314166,49.817365],[38.314905,49.817434],[38.314905,49.817432865979384],[38.31551,49.817489],[38.315671,49.81675],[38.315163,49.816665],[38.31516100000002,49.816665],[38.315101,49.816655]]]}},{"type":"Feature","properties":{"cadnum":"4425487500:07:007:0133"},"geometry":{"type":"Polygon","coordinates":[[[38.314734,49.81650413934426],[38.314734,49.816505],[38.315124,49.816492],[38.31613,49.81666],[38.315631,49.815403],[38.314905,49.81553168896321],[38.314905,49.815531],[38.314449,49.815611],[38.314261,49.815675],[38.314539,49.81651],[38.314734,49.81650413934426]]]}},{"type":"Feature","properties":{"cadnum":"4425487500:07:007:0132"},"geometry":{"type":"Polygon","coordinates":[[[38.314373,49.816516],[38.314539,49.81651],[38.314261,49.815675],[38.312432,49.816304],[38.312593,49.816776],[38.312593961038964,49.816776],[38.312635,49.816896],[38.31325517467446,49.816759820960264],[38.314373,49.816516]]]}},{"type":"Feature","properties":{"cadnum":"4425487500:07:007:0139"},"geometry":{"type":"Polygon","coordinates":[[[38.312432,49.816304],[38.31138188771186,49.816665],[38.311381,49.816665],[38.31107247966495,49.81677136605837],[38.311059,49.816776],[38.31105903867404,49.816776],[38.310856,49.816846],[38.310034,49.816962],[38.310245,49.817579],[38.310996,49.81742],[38.311512,49.817139],[38.312635,49.816896],[38.312556,49.816665],[38.31255513771187,49.816665],[38.312432,49.816304]]]}},{"type":"Feature","properties":{"cadnum":"4425487500:07:007:0125"},"geometry":{"type":"Polygon","coordinates":[[[38.311939,49.812655],[38.311459,49.812377],[38.31061405964912,49.813121],[38.310614,49.813121],[38.31055092709827,49.81317659045415],[38.310488,49.813232],[38.310488059455004,49.813232],[38.30924,49.814332],[38.30924,49.814332569060774],[38.307964,49.815457],[38.308512,49.815681],[38.30924,49.815037933333336],[38.30924,49.815039],[38.3112844160584,49.813232],[38.311286,49.813232],[38.311939,49.812655]]]}},{"type":"Feature","properties":{"cadnum":"4425487500:07:007:0123"},"geometry":{"type":"Polygon","coordinates":[[[38.31052,49.811832],[38.309412,49.81281102187501],[38.309412,49.812811],[38.309060764845604,49.813121],[38.309059,49.813121],[38.306899,49.815029],[38.307424,49.815244],[38.30924,49.81364175452716],[38.30924,49.813642],[38.30983,49.813121],[38.309829819628646,49.813121],[38.310986,49.812101],[38.31052,49.811832]]]}},{"type":"Feature","properties":{"cadnum":"4425487500:07:006:0014"},"geometry":{"type":"Polygon","coordinates":[[[38.288416,49.843886],[38.287439,49.84448683797909],[38.287439,49.844486],[38.28658187598117,49.845012],[38.286581,49.845012],[38.284316,49.846404],[38.285129,49.846974],[38.285681,49.847359],[38.287268,49.84638405119454],[38.287268,49.846385],[38.28945374605999,49.84504105493042],[38.289777,49.844843],[38.288416,49.843886]]]}},{"type":"Feature","properties":{"cadnum":"4425487500:07:006:0024"},"geometry":{"type":"Polygon","coordinates":[[[38.289391,49.841056],[38.28884215428571,49.84147],[38.288841,49.84147],[38.287439,49.842527070565794],[38.287439,49.842527],[38.28701,49.842849],[38.287439,49.84315],[38.287439,49.84314989797395],[38.28865,49.843999],[38.291654,49.842155],[38.290242,49.84147],[38.290241868571435,49.84147],[38.289391,49.841056]]]}},{"type":"Feature","properties":{"cadnum":"4425487500:07:006:0013"},"geometry":{"type":"Polygon","coordinates":[[[38.289501167857146,49.845012],[38.289501,49.845012],[38.28945374605999,49.84504105493042],[38.28932,49.845123],[38.28932047341587,49.845123],[38.287439,49.84627985759068],[38.287439,49.846279],[38.285681,49.847359],[38.28649,49.847927],[38.287268,49.84846971443624],[38.287268,49.84847],[38.287548,49.848665],[38.28754898064516,49.848665],[38.287612,49.848709],[38.287685374045665,49.848581213740694],[38.287702,49.848553],[38.287765,49.847837],[38.287805,49.847704],[38.287945,49.847628],[38.291129,49.84579],[38.290176510282784,49.845123],[38.290177,49.845123],[38.289777,49.844843],[38.289501167857146,49.845012]]]}},{"type":"Feature","properties":{"cadnum":"4425487500:07:006:0015"},"geometry":{"type":"Polygon","coordinates":[[[38.288416,49.843886],[38.287268,49.843084],[38.287268,49.84308509882352],[38.287014,49.842907],[38.286907,49.842988],[38.285834,49.84375],[38.28463,49.844616],[38.28407075739646,49.845012],[38.284069,49.845012],[38.283205,49.845625],[38.284316,49.846404],[38.286400385775856,49.845123],[38.286401,49.845123],[38.287268,49.844590939306364],[38.287268,49.844592],[38.288416,49.843886]]]}},{"type":"Feature","properties":{"cadnum":"4425487500:07:006:0023"},"geometry":{"type":"Polygon","coordinates":[[[38.293551,49.843076],[38.292933,49.84277638734177],[38.292933,49.842776],[38.291654,49.842155],[38.28865,49.843999],[38.290097142857135,49.845012],[38.290097,49.845012],[38.29024,49.845112],[38.292761,49.84356176754549],[38.292761,49.843562],[38.293551,49.843076]]]}},{"type":"Feature","properties":{"cadnum":"4425487500:07:006:0022"},"geometry":{"type":"Polygon","coordinates":[[[38.29048409801489,49.845012],[38.290484,49.845012],[38.29045954761725,49.84502704762015],[38.290303,49.845123],[38.290303625,49.845123],[38.290289,49.845132],[38.291763,49.846166],[38.292933,49.845449],[38.292933,49.84544830385487],[38.293462369003684,49.845123],[38.293464,49.845123],[38.295243,49.844031],[38.293612,49.843104],[38.293604,49.843098],[38.292761,49.843616],[38.292761,49.84361642357414],[38.29048409801489,49.845012]]]}},{"type":"Feature","properties":{"cadnum":"4425487500:07:006:0028"},"geometry":{"type":"Polygon","coordinates":[[[38.289364,49.841045],[38.287788,49.840249],[38.287439,49.84050135384616],[38.287439,49.840501],[38.286096755555555,49.84147],[38.286096,49.84147],[38.284329,49.842745],[38.284693,49.842954],[38.285884,49.843646],[38.286853,49.842956],[38.287268,49.84264439590444],[38.287268,49.842645],[38.28868244085106,49.841581],[38.288683,49.841581],[38.289314,49.841106],[38.289364,49.841045]]]}},{"type":"Feature","properties":{"cadnum":"4425487500:07:008:0010"},"geometry":{"type":"Polygon","coordinates":[[[38.295473,49.838765],[38.292761,49.840411],[38.292761,49.84041132348367],[38.29101554102564,49.84147],[38.291015,49.84147],[38.291004,49.841477],[38.291217,49.841581],[38.29121803571429,49.841581],[38.292387,49.842149],[38.292761,49.84192158608059],[38.292761,49.841922],[38.293322292035405,49.841581],[38.293323,49.841581],[38.296744,49.839504],[38.295473,49.838765]]]}},{"type":"Feature","properties":{"cadnum":"4425487500:07:008:0009"},"geometry":{"type":"Polygon","coordinates":[[[38.298046,49.84026],[38.296744,49.839504],[38.29350582667308,49.84147],[38.293505,49.84147],[38.292933,49.84181750537634],[38.292933,49.841817],[38.292387,49.842149],[38.292761,49.84233052014652],[38.292761,49.842331],[38.293806,49.842838],[38.295873434210534,49.841581],[38.295874,49.841581],[38.298046,49.84026]]]}},{"type":"Feature","properties":{"cadnum":"4425487500:07:008:0022"},"geometry":{"type":"Polygon","coordinates":[[[38.32105845251396,49.845012],[38.321058,49.845012],[38.323315,49.846653],[38.323347,49.846638],[38.325018,49.845943],[38.32572,49.845660752577324],[38.32572,49.845661],[38.32586569564984,49.84560217391398],[38.325891,49.845592],[38.325891,49.84559195702775],[38.326837,49.84521],[38.326173,49.845012],[38.32617164634146,49.845012],[38.325891,49.84492811300121],[38.325891,49.844928],[38.325305,49.844753],[38.324933,49.844697],[38.324592,49.844573],[38.323262,49.843953],[38.32257,49.843892],[38.321623,49.843742],[38.320388,49.843632],[38.320227,49.843616],[38.320227,49.84361608238929],[38.319417,49.843536],[38.319189,49.843652],[38.320398,49.844532],[38.320398,49.84453142682926],[38.32105845251396,49.845012]]]}},{"type":"Feature","properties":{"cadnum":"4425487500:04:005:0019"},"geometry":{"type":"Polygon","coordinates":[[[38.142251,49.806936],[38.142238,49.806765],[38.142211,49.806484],[38.138952,49.806512],[38.138952,49.806512316746414],[38.138079,49.806519],[38.138119,49.806971],[38.139124,49.806963],[38.139124,49.80696254016369],[38.142251,49.806936]]]}},{"type":"Feature","properties":{"cadnum":"4425487500:04:005:0054"},"geometry":{"type":"Polygon","coordinates":[[[38.142292,49.807388],[38.142265,49.807093],[38.142251,49.806936],[38.138952,49.806964],[38.138952,49.80696436915423],[38.138119,49.806971],[38.138156,49.807423],[38.138952,49.8074164214876],[38.138952,49.807417],[38.142292,49.807388]]]}},{"type":"Feature","properties":{"cadnum":"4425487500:03:001:0131"},"geometry":{"type":"Polygon","coordinates":[[[38.14284,49.808537],[38.142745,49.80742],[38.140823,49.807438],[38.140913,49.808501],[38.142674,49.808537],[38.14284,49.808537]]]}},{"type":"Feature","properties":{"cadnum":"4425487500:04:005:0027"},"geometry":{"type":"Polygon","coordinates":[[[38.144617,49.805953422922634],[38.144617,49.805953],[38.142166,49.805974],[38.1421709137931,49.806031],[38.14217,49.806031],[38.142171,49.806032],[38.142207,49.806397],[38.144445,49.8063793560166],[38.144445,49.80638],[38.146985,49.806359],[38.146573493902444,49.806142],[38.146574,49.806142],[38.14619,49.805939],[38.144617,49.805953422922634]]]}},{"type":"Feature","properties":{"cadnum":"4425487500:04:005:0026"},"geometry":{"type":"Polygon","coordinates":[[[38.147668,49.806719],[38.146985,49.806359],[38.144617,49.806378577952756],[38.144617,49.806378],[38.142207,49.806397],[38.142211,49.806484],[38.142238,49.806765],[38.144445,49.80674644598571],[38.144445,49.806747],[38.147668,49.806719]]]}},{"type":"Feature","properties":{"cadnum":"4425487500:04:005:0024"},"geometry":{"type":"Polygon","coordinates":[[[38.148836,49.807336],[38.14828,49.80704],[38.144445,49.807074],[38.144445,49.807074462585035],[38.142265,49.807093],[38.142292,49.807388],[38.144445,49.807371331612906],[38.144445,49.807372],[38.148836,49.807336]]]}},{"type":"Feature","properties":{"cadnum":"4425487500:03:001:0130"},"geometry":{"type":"Polygon","coordinates":[[[38.138506,49.807835],[38.138952,49.80784077346278],[38.138952,49.807841],[38.13905425705508,49.80784209717871],[38.139124,49.807843],[38.139124,49.80784284549356],[38.139418,49.807846],[38.139804,49.808479],[38.140913,49.808501],[38.140823,49.807438],[38.139124,49.80745525334046],[38.139124,49.807455],[38.13758,49.80747],[38.137611,49.807887],[38.138506,49.807835]]]}},{"type":"Feature","properties":{"cadnum":"4425487500:03:001:0132"},"geometry":{"type":"Polygon","coordinates":[[[38.144587295967916,49.808509468043276],[38.144617,49.808509],[38.144617,49.80850893950178],[38.144726,49.808507],[38.144632,49.807403],[38.144445,49.807405],[38.144445,49.80740547008547],[38.142745,49.80742],[38.14284,49.808537],[38.144445,49.808511710185705],[38.144445,49.808512],[38.144587295967916,49.808509468043276]]]}},{"type":"Feature","properties":{"cadnum":"4425487500:04:005:0020"},"geometry":{"type":"Polygon","coordinates":[[[38.138952,49.806057],[38.138952,49.80605726703499],[38.138038,49.806064],[38.138044,49.806142],[38.13804502857143,49.806142],[38.138079,49.806519],[38.139124,49.806511],[38.139124,49.806510522246086],[38.142211,49.806484],[38.142207,49.806397],[38.142181849315065,49.806142],[38.142182,49.806142],[38.142171,49.806032],[38.138952,49.806057]]]}},{"type":"Feature","properties":{"cadnum":"4425487500:04:005:0025"},"geometry":{"type":"Polygon","coordinates":[[[38.14828,49.80704],[38.147668,49.806719],[38.144617,49.80674550574],[38.144617,49.806745],[38.142238,49.806765],[38.142251,49.806936],[38.142265,49.807093],[38.144617,49.807073],[38.144617,49.80707247509778],[38.14828,49.80704]]]}},{"type":"Feature","properties":{"cadnum":"4425487500:07:004:0036"},"geometry":{"type":"Polygon","coordinates":[[[38.264386,49.824693],[38.263978,49.824897],[38.263047,49.825464],[38.262441,49.825728],[38.26443,49.827408],[38.264430368421046,49.827408],[38.265131,49.828],[38.265295,49.827918976190475],[38.265295,49.827919],[38.26530508450702,49.8279139939638],[38.265467,49.827834],[38.265467,49.82783361771748],[38.266548,49.827297],[38.26654794249999,49.827297],[38.267131,49.827008],[38.265467,49.82560592592592],[38.265467,49.825605],[38.264386,49.824693]]]}},{"type":"Feature","properties":{"cadnum":"4425487500:07:004:0034"},"geometry":{"type":"Polygon","coordinates":[[[38.272961,49.822862],[38.2709415271734,49.822897315217396],[38.267561,49.822955],[38.266435,49.823523],[38.26670867741935,49.823754],[38.266707,49.823754],[38.269192,49.825853],[38.270788,49.825061319004526],[38.270788,49.825062],[38.273194,49.823868],[38.27328,49.823789],[38.272961,49.822862]]]}},{"type":"Feature","properties":{"cadnum":"4425487500:07:005:0028"},"geometry":{"type":"Polygon","coordinates":[[[38.268636,49.826579],[38.267186142340165,49.827297],[38.267186,49.827297],[38.26706495203686,49.82735701598652],[38.266962,49.827408],[38.26696212091899,49.827408],[38.265518,49.828124],[38.267104,49.829459],[38.270221,49.827915],[38.26961883495145,49.827408],[38.269619,49.827408],[38.268636,49.826579]]]}},{"type":"Feature","properties":{"cadnum":"4425487500:07:004:0035"},"geometry":{"type":"Polygon","coordinates":[[[38.266435,49.823523],[38.265756,49.823864],[38.265758238372094,49.823864],[38.265295,49.824098],[38.265295,49.82409863940521],[38.264391,49.824554],[38.265295,49.82531685501859],[38.265295,49.825317],[38.267139,49.826873],[38.269192,49.825853],[38.26683722868032,49.823864],[38.266839,49.823864],[38.266435,49.823523]]]}},{"type":"Feature","properties":{"cadnum":"4425487500:04:002:0386"},"geometry":{"type":"Polygon","coordinates":[[[38.154823,49.828979],[38.154176,49.829022],[38.149939,49.830196],[38.149939,49.83019620780195],[38.148777,49.830517],[38.14879636551724,49.830841],[38.148796,49.830841],[38.148817,49.831178],[38.148863,49.831882],[38.149939,49.8315843095429],[38.149939,49.831585],[38.152222564516116,49.830952],[38.152224,49.830952],[38.155029,49.830176],[38.154823,49.828979]]]}},{"type":"Feature","properties":{"cadnum":"4425487500:04:004:0044"},"geometry":{"type":"Polygon","coordinates":[[[38.146865,49.830619],[38.147075,49.83006],[38.147093,49.829978],[38.146976,49.829254],[38.144829,49.829367],[38.144617,49.82937859375],[38.144617,49.829378],[38.142607,49.829483],[38.140419,49.829599],[38.14040614855876,49.830841],[38.140406,49.830841],[38.14040588169511,49.83086679046537],[38.140405,49.830952],[38.140405490825685,49.830952],[38.140405,49.831059],[38.142345,49.831042],[38.142636136043144,49.83089117952404],[38.143091,49.830657],[38.142813,49.82994],[38.143397,49.829912],[38.144445,49.83035608318891],[38.144445,49.830357],[38.144551,49.830401],[38.144617,49.83043],[38.144617,49.830429009756095],[38.145587781609194,49.830841],[38.145587,49.830841],[38.145781,49.830923],[38.146373,49.830841],[38.14637208333333,49.830841],[38.146473,49.830827],[38.146865,49.830619]]]}},{"type":"Feature","properties":{"cadnum":"4425487500:04:004:0045"},"geometry":{"type":"Polygon","coordinates":[[[38.144546,49.829381],[38.144617,49.829378],[38.144617,49.82937728930041],[38.146976,49.829254],[38.146855,49.828503],[38.14645,49.827979],[38.14457618561461,49.828078999071934],[38.144372,49.828089],[38.142221,49.828202],[38.140427,49.828298],[38.140419,49.829599],[38.14244,49.829491],[38.144445,49.82938627540361],[38.144445,49.829388],[38.144546,49.829381]]]}},{"type":"Feature","properties":{"cadnum":"4425487500:04:004:0049"},"geometry":{"type":"Polygon","coordinates":[[[38.154186,49.827008],[38.153924,49.825835],[38.15011,49.82605225922208],[38.15011,49.826052],[38.147448,49.826203],[38.147462,49.826646],[38.147475,49.827206],[38.14748491666667,49.827297],[38.147484,49.827297],[38.147492,49.827362],[38.15011,49.827225],[38.15011,49.827223940664],[38.154186,49.827008]]]}},{"type":"Feature","properties":{"cadnum":"4425487500:04:004:0047"},"geometry":{"type":"Polygon","coordinates":[[[38.154213,49.828753],[38.154459,49.828573],[38.154509,49.828432],[38.15445,49.828173],[38.15011,49.82840294014631],[38.15011,49.828402],[38.147628,49.828533],[38.147628,49.828538],[38.147758,49.828779],[38.148198,49.829581],[38.14841,49.830509],[38.148706,49.830419],[38.149939,49.83004576282051],[38.149939,49.830046],[38.154213,49.828753]]]}},{"type":"Feature","properties":{"cadnum":"4425487500:04:004:0046"},"geometry":{"type":"Polygon","coordinates":[[[38.147462,49.826646],[38.144445,49.826806],[38.144445,49.826806052631575],[38.140437,49.827017],[38.140434135549874,49.827297],[38.140434,49.827297],[38.14043370718232,49.82733887292874],[38.140433,49.827408],[38.14043322377622,49.827408],[38.140427,49.828298],[38.144617,49.828077],[38.144617,49.82807682094763],[38.14645,49.827979],[38.146312,49.827803],[38.14628,49.827492],[38.14662935384616,49.827408],[38.14663,49.827408],[38.147475,49.827206],[38.147462,49.826646]]]}},{"type":"Feature","properties":{"cadnum":"4425487500:01:001:0001"},"geometry":{"type":"Polygon","coordinates":[[[38.148247,49.830575],[38.148274,49.830564],[38.148257,49.830546],[38.14823,49.830558],[38.148247,49.830575]]]}},{"type":"Feature","properties":{"cadnum":"4425487500:04:004:0048"},"geometry":{"type":"Polygon","coordinates":[[[38.149939,49.827233],[38.149939,49.827233948433914],[38.148734116788255,49.827297],[38.14872,49.827297],[38.147492,49.827362],[38.147496,49.827408],[38.14749734244236,49.827408],[38.147628,49.828533],[38.149939,49.82841102538275],[38.149939,49.828412],[38.15445,49.828173],[38.15427534246575,49.827408],[38.154276,49.827408],[38.154186,49.827008],[38.149939,49.827233]]]}},{"type":"Feature","properties":{"cadnum":"4425487500:07:005:0062"},"geometry":{"type":"Polygon","coordinates":[[[38.276635,49.826817],[38.276666,49.826815],[38.276662,49.826794],[38.27663,49.826797],[38.276635,49.826817]]]}},{"type":"Feature","properties":{"cadnum":"4425487500:07:002:0007"},"geometry":{"type":"Polygon","coordinates":[[[38.258929,49.851732],[38.258197,49.850841],[38.25469,49.851857],[38.254975,49.852207],[38.25497614634146,49.852207],[38.25539,49.852711],[38.255416,49.852728],[38.2572,49.852242],[38.257318664383554,49.852207],[38.257319,49.852207],[38.258929,49.851732]]]}},{"type":"Feature","properties":{"cadnum":"4425487500:07:001:0016"},"geometry":{"type":"Polygon","coordinates":[[[38.25982572813906,49.851723898466695],[38.258568914611,49.852096],[38.258567,49.852096],[38.257851,49.852309],[38.259802,49.85442357889779],[38.259802,49.854424],[38.260317,49.854982],[38.262523,49.854139],[38.262185,49.853774],[38.260667,49.852096],[38.26066669435217,49.852096],[38.260223,49.851605],[38.25982572813906,49.851723898466695]]]}},{"type":"Feature","properties":{"cadnum":"4425487500:07:002:0009"},"geometry":{"type":"Polygon","coordinates":[[[38.253885,49.852207],[38.25388577039848,49.852207],[38.249919,49.853151],[38.250755,49.854396],[38.25448,49.853512],[38.25448,49.8535113875],[38.255349,49.853305],[38.255286,49.85323],[38.25525,49.853091],[38.255156,49.852995],[38.254348,49.852097],[38.253885,49.852207]]]}},{"type":"Feature","properties":{"cadnum":"4425487500:07:002:0006"},"geometry":{"type":"Polygon","coordinates":[[[38.25821,49.850878],[38.25698,49.849381],[38.254309,49.850156],[38.254309,49.85015639243028],[38.253476,49.850397],[38.25448,49.851622],[38.25448,49.85162037939699],[38.254707,49.851897],[38.25821,49.850878]]]}},{"type":"Feature","properties":{"cadnum":"4425487500:07:002:0001"},"geometry":{"type":"Polygon","coordinates":[[[38.25996487570585,49.85146669303212],[38.259974,49.851464],[38.259974,49.85146398687664],[38.260183,49.851402],[38.26329,49.850522],[38.261948,49.849323],[38.259938807504476,49.8499072199987],[38.257963,49.850481],[38.259005,49.85175],[38.259802,49.851514765737875],[38.259802,49.851515],[38.25996487570585,49.85146669303212]]]}},{"type":"Feature","properties":{"cadnum":"4425487500:04:008:0082"},"geometry":{"type":"Polygon","coordinates":[[[38.216028,49.81269469315068],[38.216028,49.812694],[38.214462,49.812789],[38.214521205417604,49.813121],[38.214521,49.813121],[38.214867,49.815052],[38.215199,49.816776],[38.215199565714286,49.816776],[38.215586,49.818765],[38.215857,49.818736796380094],[38.215857,49.818737],[38.217693,49.818544],[38.217358971261305,49.816776],[38.21736,49.816776],[38.216673,49.813121],[38.21667239404553,49.813121],[38.216587,49.812661],[38.216028,49.81269469315068]]]}},{"type":"Feature","properties":{"cadnum":"4425487500:04:008:0132"},"geometry":{"type":"Polygon","coordinates":[[[38.214072,49.812922],[38.213339,49.813026],[38.21273994660193,49.813121],[38.212738,49.813121],[38.211947,49.813246],[38.210535,49.8134804419192],[38.210535,49.81348],[38.205649,49.814287],[38.205888,49.815541],[38.210535,49.815168],[38.210535,49.81516713307431],[38.214481,49.814849],[38.21413663888889,49.813232],[38.214137,49.813232],[38.214072,49.812922]]]}},{"type":"Feature","properties":{"cadnum":"4425487500:04:008:0133"},"geometry":{"type":"Polygon","coordinates":[[[38.214718,49.815956],[38.214481,49.814849],[38.210363,49.815181],[38.210363,49.81518180589628],[38.205888,49.815541],[38.206104,49.816649],[38.210363,49.816305857819906],[38.210363,49.816306],[38.214718,49.815956]]]}},{"type":"Feature","properties":{"cadnum":"4425487500:04:008:0134"},"geometry":{"type":"Polygon","coordinates":[[[38.210535,49.81629217680826],[38.210535,49.816292],[38.206104,49.816649],[38.20610702362205,49.816665],[38.206107,49.816665],[38.206108624584736,49.816673471760865],[38.206128,49.816776],[38.20612828588236,49.816776],[38.20627,49.817515],[38.210363,49.81718583259085],[38.210363,49.817186],[38.214903,49.816819],[38.2148935064935,49.816776],[38.214894,49.816776],[38.214718,49.815956],[38.210535,49.81629217680826]]]}},{"type":"Feature","properties":{"cadnum":"4425487500:04:002:0090"},"geometry":{"type":"Polygon","coordinates":[[[38.145823,49.857075],[38.145243,49.857837],[38.149964,49.85929],[38.149964326923076,49.85929],[38.15011,49.859335],[38.15011,49.85933467132442],[38.151585,49.859789],[38.15196129508197,49.85929],[38.151962,49.85929],[38.152393,49.85872],[38.149939,49.857966],[38.149939,49.85796642350333],[38.146051,49.856771],[38.145823,49.857075]]]}},{"type":"Feature","properties":{"cadnum":"4425487500:04:002:0089"},"geometry":{"type":"Polygon","coordinates":[[[38.145068,49.858072],[38.144445,49.858889],[38.144445,49.85888986813187],[38.144435,49.858903],[38.144617,49.858959],[38.144617,49.85895892307692],[38.145693,49.85929],[38.14569371224491,49.85929],[38.15011,49.860649],[38.15011,49.860648646778046],[38.150777,49.860854],[38.151585,49.859789],[38.149939,49.859282],[38.149939,49.85928217623763],[38.149605,49.859179],[38.14960334549207,49.859179],[38.145243,49.857837],[38.145068,49.858072]]]}},{"type":"Feature","properties":{"cadnum":"4425487500:04:002:0088"},"geometry":{"type":"Polygon","coordinates":[[[38.144305,49.859073],[38.144224400921665,49.859179],[38.144223,49.859179],[38.143626,49.859968],[38.144617,49.860273],[38.144617,49.86027294224154],[38.149968,49.86192],[38.15011,49.861733],[38.15011,49.86173288998764],[38.150777,49.860854],[38.149939,49.860596],[38.149939,49.86059637910823],[38.145333,49.859179],[38.14533224999999,49.859179],[38.144445,49.858906],[38.144445,49.85890607692308],[38.144435,49.858903],[38.144305,49.859073]]]}},{"type":"Feature","properties":{"cadnum":"4425487500:04:002:0094"},"geometry":{"type":"Polygon","coordinates":[[[38.157136,49.857689],[38.157092,49.857237],[38.156737,49.856945],[38.156656,49.856968],[38.155603,49.858357375000004],[38.155603,49.858356],[38.154978260171305,49.859179],[38.154978,49.859179],[38.15229240361445,49.862721],[38.152292,49.862721],[38.151544,49.863709],[38.152402,49.863726],[38.153503,49.863526],[38.153859,49.862721],[38.153858756756755,49.862721],[38.154056,49.862276],[38.154563,49.861572],[38.155432,49.860777366346156],[38.155432,49.860778],[38.155721,49.860513],[38.15645,49.8598],[38.15670951690821,49.85929],[38.15671,49.85929],[38.157016,49.858691],[38.157136,49.857689]]]}},{"type":"Feature","properties":{"cadnum":"4425487500:04:002:0264"},"geometry":{"type":"Polygon","coordinates":[[[38.155228,49.861844],[38.155241,49.86183],[38.155219,49.861821],[38.155205,49.861835],[38.155228,49.861844]]]}},{"type":"Feature","properties":{"cadnum":"4425487500:04:002:0265"},"geometry":{"type":"Polygon","coordinates":[[[38.154792,49.862311],[38.154805,49.862296],[38.154783,49.862287],[38.154769,49.862302],[38.154792,49.862311]]]}},{"type":"Feature","properties":{"cadnum":"4425487500:04:002:0266"},"geometry":{"type":"Polygon","coordinates":[[[38.154366,49.862765],[38.154343,49.862756],[38.154329,49.862771],[38.154352,49.862779],[38.154366,49.862765]]]}},{"type":"Feature","properties":{"cadnum":"4425487500:04:002:0093"},"geometry":{"type":"Polygon","coordinates":[[[38.155974,49.857171],[38.155432,49.857571],[38.155432,49.85757126975477],[38.155236,49.857716],[38.155048,49.857799],[38.154586,49.857802],[38.153456,49.85929],[38.153456868565165,49.85929],[38.15085637349397,49.862721],[38.150856,49.862721],[38.150125,49.863686],[38.150305,49.863674],[38.151544,49.863709],[38.15220872064778,49.862831],[38.152209,49.862831],[38.154893838170864,49.85929],[38.154894,49.85929],[38.155432,49.85858126657264],[38.155432,49.858583],[38.156656,49.856968],[38.155974,49.857171]]]}},{"type":"Feature","properties":{"cadnum":"4425487500:07:007:0007"},"geometry":{"type":"Polygon","coordinates":[[[38.288995,49.833342],[38.288098,49.832879],[38.287439,49.833415727710836],[38.287439,49.833414],[38.286109,49.834495],[38.286109495271454,49.834495],[38.282735,49.837239],[38.283691,49.837731],[38.287268,49.834824926093916],[38.287268,49.834825],[38.28729513326205,49.83480288212835],[38.287439,49.834686],[38.287439,49.834685608133086],[38.28767282993198,49.834495],[38.287674,49.834495],[38.289054,49.833374],[38.288995,49.833342]]]}},{"type":"Feature","properties":{"cadnum":"4425487500:07:006:0032"},"geometry":{"type":"Polygon","coordinates":[[[38.2807651690079,49.838038],[38.277762,49.840205],[38.278651,49.841193],[38.281775,49.83893841062215],[38.281775,49.838939],[38.28311466024576,49.837971308230756],[38.283179,49.837925],[38.28185,49.837256],[38.281775,49.83731],[38.281775,49.83731005529953],[38.2809190089514,49.837927],[38.280919,49.837927],[38.28091126225484,49.83793258333338],[38.280765,49.838038],[38.2807651690079,49.838038]],[[38.280066,49.839133],[38.280071,49.839154],[38.280044,49.839156],[38.280035,49.839139],[38.280066,49.839133]]]}},{"type":"Feature","properties":{"cadnum":"4425487500:07:007:0008"},"geometry":{"type":"Polygon","coordinates":[[[38.287536,49.832592],[38.287439,49.8325420522388],[38.287439,49.832542],[38.28714,49.832388],[38.28468739250118,49.834384],[38.284686,49.834384],[38.281783,49.836746],[38.281946,49.836831],[38.281946,49.836830410714285],[38.282735,49.837239],[38.286246,49.834384],[38.2862455679926,49.834384],[38.287268,49.833552985714284],[38.287268,49.833555],[38.288098,49.832879],[38.287536,49.832592]]]}},{"type":"Feature","properties":{"cadnum":"4425487500:07:007:0004"},"geometry":{"type":"Polygon","coordinates":[[[38.29092239167209,49.834495],[38.287439,49.8373307907839],[38.287439,49.837329],[38.28670436248237,49.837927],[38.286704,49.837927],[38.285685,49.838757],[38.286696,49.839278],[38.287268,49.838813009421266],[38.287268,49.838814],[38.288358,49.837927],[38.28835754423076,49.837927],[38.292059,49.834918],[38.291044,49.834396],[38.290922,49.834495],[38.29092239167209,49.834495]]]}},{"type":"Feature","properties":{"cadnum":"4425487500:07:007:0005"},"geometry":{"type":"Polygon","coordinates":[[[38.290037,49.833878],[38.289278,49.834495],[38.28927866304348,49.834495],[38.287439,49.83599277876106],[38.287439,49.835992],[38.28506139002932,49.837927],[38.28506,49.837927],[38.284679,49.838238],[38.285685,49.838757],[38.28656772409639,49.838038],[38.286568,49.838038],[38.287268,49.837468195177955],[38.287268,49.83747],[38.291044,49.834396],[38.290455,49.834095],[38.290037,49.833878]]]}},{"type":"Feature","properties":{"cadnum":"4425487500:07:007:0009"},"geometry":{"type":"Polygon","coordinates":[[[38.28321051524628,49.834384],[38.28321,49.834384],[38.28185228735689,49.835489092938786],[38.280861,49.836294],[38.281867,49.836813],[38.281946,49.836749],[38.281946,49.83674880093677],[38.28471940922191,49.834495],[38.28472,49.834495],[38.28723,49.832456],[38.28622,49.831937],[38.28321051524628,49.834384]]]}},{"type":"Feature","properties":{"cadnum":"4425487500:07:007:0006"},"geometry":{"type":"Polygon","coordinates":[[[38.289054,49.833374],[38.28781064585192,49.834384],[38.287809,49.834384],[38.28729513326205,49.83480288212835],[38.283691,49.837731],[38.284289,49.838038],[38.284289289389065,49.838038],[38.284679,49.838238],[38.28492401607717,49.838038],[38.284925,49.838038],[38.287268,49.83613116706444],[38.287268,49.836132],[38.289415,49.834384],[38.289414546191246,49.834384],[38.290037,49.833878],[38.289054,49.833374]]]}},{"type":"Feature","properties":{"cadnum":"4425487500:07:006:0031"},"geometry":{"type":"Polygon","coordinates":[[[38.28317622123893,49.837927],[38.283176,49.837927],[38.28311466024576,49.837971308230756],[38.283022,49.838038],[38.283022333003956,49.838038],[38.281946,49.83881547965739],[38.281946,49.838815],[38.278651,49.841193],[38.278746,49.841297],[38.278888470588235,49.84147],[38.278888,49.84147],[38.27897,49.841569],[38.278974,49.841581],[38.27897464285714,49.841581],[38.27923,49.842241],[38.280299,49.84147],[38.280298936962744,49.84147],[38.281113,49.840883],[38.281775,49.840404579831926],[38.281775,49.840405],[38.284374,49.838527],[38.28334263704195,49.83800829272856],[38.283179,49.837925],[38.28317622123893,49.837927]],[[38.280389,49.840306],[38.280399,49.840326],[38.280368,49.84033],[38.280362,49.840309],[38.280389,49.840306]]]}},{"type":"Feature","properties":{"cadnum":"4425487500:07:006:0073"},"geometry":{"type":"Polygon","coordinates":[[[38.276118,49.857573],[38.275974,49.85753],[38.275723,49.857684],[38.276281,49.858233591780824],[38.276281,49.858234],[38.277354,49.85929],[38.277354705232845,49.85929],[38.279357,49.861262],[38.281775,49.85977608342989],[38.281775,49.859777],[38.282519,49.859319],[38.28237,49.859179],[38.282369397769514,49.859179],[38.281917,49.858752],[38.28141,49.858289],[38.280399,49.857362],[38.280116,49.857148],[38.279905,49.857107],[38.279595,49.857162],[38.279169,49.857353],[38.278993,49.857446],[38.278854,49.857501],[38.278341,49.857947],[38.278238,49.858054],[38.278131,49.858138],[38.277947,49.858182],[38.277022,49.85788],[38.276453,49.857687261808366],[38.276453,49.857687],[38.276118,49.857573]]]}},{"type":"Feature","properties":{"cadnum":"4425487500:07:006:0074"},"geometry":{"type":"Polygon","coordinates":[[[38.275723,49.857684],[38.274479,49.858448],[38.274748,49.858813],[38.275104,49.85929],[38.275104561983476,49.85929],[38.275112,49.8593],[38.275714,49.859734],[38.276037,49.859989],[38.276281,49.86022889423077],[38.276281,49.860229],[38.278108,49.862026],[38.279357,49.861262],[38.277242,49.859179],[38.27724121306818,49.859179],[38.276453,49.858403274930104],[38.276453,49.858403],[38.275723,49.857684]]]}},{"type":"Feature","properties":{"cadnum":"4425487500:07:001:0074"},"geometry":{"type":"Polygon","coordinates":[[[38.274496,49.858819],[38.274523,49.858813],[38.27451,49.858798],[38.274488,49.858804],[38.274496,49.858819]]]}},{"type":"Feature","properties":{"cadnum":"4425487500:07:001:0023"},"geometry":{"type":"Polygon","coordinates":[[[38.274573,49.858949],[38.27394437829913,49.859179],[38.273942,49.859179],[38.270788,49.860337],[38.270788,49.86033705069637],[38.269165,49.860932],[38.269574,49.861399],[38.27096,49.86089],[38.27096,49.86088988792897],[38.274955,49.859424],[38.274852,49.859308],[38.27475677142788,49.85918637142768],[38.274573,49.858949]]]}},{"type":"Feature","properties":{"cadnum":"4425487500:07:001:0038"},"geometry":{"type":"Polygon","coordinates":[[[38.273316,49.855332],[38.272822143884895,49.855638],[38.272821,49.855638],[38.272399,49.8559],[38.272418,49.855911],[38.27275,49.856267],[38.27332,49.856858],[38.273684,49.857359],[38.274034,49.857843],[38.274389,49.858329],[38.274479,49.858448],[38.275723,49.857684],[38.275974,49.85753],[38.275647,49.857426],[38.275125,49.85698],[38.274609,49.856589],[38.27365417283978,49.85566148148175],[38.273316,49.855332]]]}},{"type":"Feature","properties":{"cadnum":"4425487500:07:001:0078"},"geometry":{"type":"Polygon","coordinates":[[[38.273077,49.856867],[38.2731,49.856861],[38.273087,49.856843],[38.273064,49.856853],[38.273077,49.856867]]]}},{"type":"Feature","properties":{"cadnum":"4425487500:07:001:0027"},"geometry":{"type":"Polygon","coordinates":[[[38.27297,49.857046],[38.272233,49.856108],[38.270788,49.856639],[38.270788,49.85663912895607],[38.266726,49.85813],[38.267525,49.859045],[38.27096,49.857785],[38.27096,49.85778478093492],[38.27297,49.857046]]]}},{"type":"Feature","properties":{"cadnum":"4425487500:05:001:0002"},"geometry":{"type":"Polygon","coordinates":[[[38.272288,49.855784],[38.272314,49.855775],[38.272301,49.855761],[38.272278,49.855769],[38.272288,49.855784]]]}},{"type":"Feature","properties":{"cadnum":"4425487500:07:001:0077"},"geometry":{"type":"Polygon","coordinates":[[[38.273437,49.857359],[38.27346,49.857351],[38.273446,49.857336],[38.273423,49.857345],[38.273437,49.857359]]]}},{"type":"Feature","properties":{"cadnum":"4425487500:07:001:0028"},"geometry":{"type":"Polygon","coordinates":[[[38.271636,49.8555],[38.27138,49.855216],[38.270788,49.855434],[38.270788,49.855434122330095],[38.270232460317466,49.855638],[38.27023,49.855638],[38.265909,49.857226],[38.266578,49.857956],[38.266726,49.85813],[38.27096,49.856576],[38.27096,49.856575794463666],[38.272233,49.856108],[38.271928,49.855718],[38.271821,49.855638],[38.2718208440367,49.855638],[38.271636,49.8555]]]}},{"type":"Feature","properties":{"cadnum":"4425487500:07:001:0026"},"geometry":{"type":"Polygon","coordinates":[[[38.270829739926114,49.859046680102516],[38.27096,49.858999],[38.27096,49.85899887045922],[38.273706,49.857991],[38.27297,49.857046],[38.270788,49.857848],[38.270788,49.857848091703055],[38.267525,49.859045],[38.267706,49.85929],[38.26770725619835,49.85929],[38.267894,49.859542],[38.268254,49.859991],[38.27016275738915,49.85929],[38.270165,49.85929],[38.270788,49.859061958490564],[38.270788,49.859062],[38.270829739926114,49.859046680102516]]]}},{"type":"Feature","properties":{"cadnum":"4425487500:07:001:0075"},"geometry":{"type":"Polygon","coordinates":[[[38.274146,49.858338],[38.274169,49.858329],[38.27416,49.858315],[38.274137,49.858323],[38.274146,49.858338]]]}},{"type":"Feature","properties":{"cadnum":"4425487500:07:001:0076"},"geometry":{"type":"Polygon","coordinates":[[[38.273787,49.857845],[38.27381,49.857837],[38.2738,49.857822],[38.273779,49.857828],[38.273787,49.857845]]]}},{"type":"Feature","properties":{"cadnum":"4425487500:07:001:0079"},"geometry":{"type":"Polygon","coordinates":[[[38.272691,49.856337],[38.272714,49.856331],[38.272705,49.856314],[38.272678,49.856323],[38.272691,49.856337]]]}},{"type":"Feature","properties":{"cadnum":"4425487500:04:003:0076"},"geometry":{"type":"Polygon","coordinates":[[[38.11938,49.816606],[38.117885,49.816664],[38.11788511607143,49.816665],[38.117885,49.816665],[38.11788620098982,49.816674346989224],[38.117898,49.816776],[38.1178992623327,49.816776],[38.118221,49.81928],[38.11817718269231,49.82021],[38.118177,49.82021],[38.11817262659851,49.8203067007664],[38.118172,49.82032],[38.11817202512563,49.82032],[38.118132,49.821205],[38.118608,49.821179],[38.119174,49.820892],[38.119659,49.820462],[38.11964130270828,49.82022727802568],[38.119391247058886,49.81676533333422],[38.11938,49.816606]]]}},{"type":"Feature","properties":{"cadnum":"4425487500:04:003:0075"},"geometry":{"type":"Polygon","coordinates":[[[38.122473,49.81649],[38.122473,49.81649039154412],[38.11938,49.816606],[38.119384164705885,49.816665],[38.119384,49.816665],[38.11939124705888,49.81676533333418],[38.119392,49.816776],[38.11939201751026,49.816776],[38.11964005471956,49.82021],[38.11964,49.82021],[38.11964130270828,49.82022727802568],[38.119648,49.82032],[38.11964829365079,49.82032],[38.119659,49.820462],[38.119949,49.82021],[38.119947533742334,49.82021],[38.121321,49.819016],[38.121986,49.818374],[38.122473,49.81774711702128],[38.122473,49.817748],[38.123227803324106,49.816776],[38.123228,49.816776],[38.123481,49.816452],[38.122473,49.81649]]]}},{"type":"Feature","properties":{"cadnum":"4425487500:07:003:0113"},"geometry":{"type":"Polygon","coordinates":[[[38.242499,49.826116],[38.241812,49.825595],[38.240837,49.82487],[38.240082,49.824723],[38.239274,49.82505],[38.239216,49.825073],[38.239067,49.82514],[38.238001,49.82561616962843],[38.238001,49.825616],[38.237639,49.825777],[38.235587,49.826678],[38.23421332876712,49.827297],[38.234212,49.827297],[38.233516,49.827611],[38.232336,49.828127],[38.232336,49.828127054545455],[38.232123,49.82822],[38.231023,49.828845],[38.231216,49.829208],[38.231287,49.829478],[38.23123,49.829747],[38.230686,49.830094],[38.230668,49.83017],[38.231212,49.830488],[38.23166847990543,49.830841],[38.231668,49.830841],[38.231759,49.830911],[38.231739,49.830952],[38.23173963888888,49.830952],[38.231674,49.831091],[38.23127,49.831351],[38.230821,49.831632],[38.230425,49.832061],[38.230358,49.832285],[38.230767,49.832754],[38.23083,49.833021],[38.230291,49.833823],[38.230287,49.834005],[38.232073,49.834495],[38.23207363636362,49.834495],[38.23215,49.834516],[38.232508,49.834682],[38.232508,49.83468164121212],[38.233161,49.834984],[38.234589,49.835158],[38.235917,49.834384],[38.2359166101083,49.834384],[38.237153,49.833664],[38.237312,49.833554],[38.238001,49.833849],[38.238001,49.83384830521643],[38.23873,49.834159],[38.239532,49.834495],[38.23953386506024,49.834495],[38.240262,49.834799],[38.241038,49.835121],[38.241847,49.83546],[38.242872,49.835883],[38.243322,49.836066038585216],[38.243322,49.836067],[38.24344801108992,49.836117293899925],[38.243494,49.836136],[38.243494,49.8361356491228],[38.24355,49.836158],[38.245728,49.835558],[38.246007,49.835046],[38.245158,49.834761],[38.24569282228118,49.834495],[38.245693,49.834495],[38.246124,49.834281],[38.246451,49.833542],[38.246581,49.832337],[38.247682,49.832371],[38.248816,49.8326933862069],[38.248816,49.832694],[38.249214,49.832806],[38.249231,49.832789],[38.249487,49.832658],[38.249896,49.832238],[38.249986,49.831285],[38.24974613333223,49.83087059999809],[38.249546,49.830523],[38.249465,49.829967],[38.249384,49.82979],[38.249174,49.828599],[38.249088,49.828477],[38.24885801626055,49.82812948780547],[38.248702,49.827893],[38.248136,49.827397],[38.247889,49.826719],[38.24801,49.826461],[38.248244,49.825565],[38.24734,49.824827],[38.247319,49.824807],[38.246061,49.825398],[38.243322,49.826694],[38.243322,49.826694371104814],[38.243141,49.82678],[38.242881,49.82651],[38.242499,49.826116]],[[38.24734,49.826206],[38.247373,49.826206],[38.247373,49.826226],[38.24734,49.826226],[38.24734,49.826206]],[[38.245598,49.827385],[38.245575,49.827376],[38.245589,49.827362],[38.245616,49.827371],[38.245598,49.827385]],[[38.244875,49.82711],[38.244849,49.827101],[38.244862,49.827087],[38.244889,49.827096],[38.244875,49.82711]],[[38.244283,49.826905],[38.24426,49.826893],[38.244273,49.826878],[38.244296,49.826886],[38.244283,49.826905]],[[38.248816,49.828328],[38.248841,49.828333],[38.248832,49.82835],[38.248805,49.828344],[38.248814,49.828327],[38.248816,49.82832744444445],[38.248816,49.828328]],[[38.248145,49.828164],[38.248122,49.828159],[38.248132,49.828142],[38.248158,49.82815],[38.248145,49.828164]],[[38.247417,49.827977],[38.247395,49.827968],[38.247403,49.827953],[38.24743,49.827959],[38.247417,49.827977]],[[38.247157,49.828162],[38.247126,49.828159],[38.247126,49.828138],[38.247161,49.828138],[38.247157,49.828162]],[[38.246977,49.830048],[38.247013,49.830051],[38.247009,49.830071],[38.246977,49.830071],[38.246977,49.830048]],[[38.246837,49.827762],[38.246801,49.82782],[38.246703,49.827788],[38.246717,49.827771],[38.246815,49.827753],[38.246837,49.827762]],[[38.246191,49.827597],[38.246168,49.827588],[38.246182,49.827573],[38.246204,49.827582],[38.246191,49.827597]],[[38.24682,49.831699],[38.246856,49.831703],[38.246851,49.831722],[38.24682,49.831722],[38.24682,49.831699]]]}},{"type":"Feature","properties":{"cadnum":"4425487500:06:001:0001"},"geometry":{"type":"Polygon","coordinates":[[[38.246478,49.83513],[38.246478,49.835153],[38.24651,49.835153],[38.246514,49.835132],[38.246478,49.83513]]]}},{"type":"Feature","properties":{"cadnum":"4425487500:06:001:0002"},"geometry":{"type":"Polygon","coordinates":[[[38.246415,49.836983],[38.246443,49.836943],[38.24633,49.836908],[38.246317,49.836906],[38.246285,49.836949],[38.246298,49.836955],[38.246415,49.836983]]]}},{"type":"Feature","properties":{"cadnum":"4425487500:07:004:0053"},"geometry":{"type":"Polygon","coordinates":[[[38.253269,49.82343],[38.253336,49.822657],[38.253336,49.822627],[38.250529,49.822599],[38.250422,49.823329],[38.253099,49.823428],[38.253269,49.82343]]]}},{"type":"Feature","properties":{"cadnum":"4425487500:07:004:0051"},"geometry":{"type":"Polygon","coordinates":[[[38.253099,49.823428],[38.25306610091744,49.823754],[38.253065,49.823754],[38.253005,49.824366],[38.25448,49.824426],[38.25448,49.82442563362069],[38.255237,49.824455],[38.255301520930246,49.82378986511613],[38.255336,49.82345],[38.254309,49.82344],[38.254309,49.82344030553262],[38.253269,49.82343],[38.253099,49.823428]]]}},{"type":"Feature","properties":{"cadnum":"4425487500:07:004:0058"},"geometry":{"type":"Polygon","coordinates":[[[38.25448,49.82189379339276],[38.256216,49.821912],[38.256252,49.82148],[38.255493,49.821074],[38.254309,49.821063],[38.254309,49.82106312649402],[38.253476,49.821054],[38.253409,49.821848],[38.253405,49.821882],[38.25448,49.821894],[38.25448,49.82189379339276]]]}},{"type":"Feature","properties":{"cadnum":"4425487500:07:004:0059"},"geometry":{"type":"Polygon","coordinates":[[[38.25448,49.82106458868243],[38.255493,49.821074],[38.254846,49.820726],[38.254621,49.82055],[38.254309,49.820547],[38.254309,49.82054711829436],[38.250845,49.820509],[38.250768,49.821025],[38.253476,49.821054],[38.25448,49.821065],[38.25448,49.82106458868243]]]}},{"type":"Feature","properties":{"cadnum":"4425487500:07:004:0054"},"geometry":{"type":"Polygon","coordinates":[[[38.25448,49.823441665043816],[38.255336,49.82345],[38.256076,49.823459],[38.256149,49.822685],[38.254309,49.822667],[38.254309,49.8226672062937],[38.253336,49.822657],[38.253269,49.82343],[38.25448,49.823442],[38.25448,49.823441665043816]]]}},{"type":"Feature","properties":{"cadnum":"4425487500:07:004:0055"},"geometry":{"type":"Polygon","coordinates":[[[38.253336,49.822627],[38.253405,49.821882],[38.253409,49.821848],[38.250646,49.821819],[38.250529,49.822599],[38.253336,49.822627]]]}},{"type":"Feature","properties":{"cadnum":"4425487500:07:004:0056"},"geometry":{"type":"Polygon","coordinates":[[[38.25448,49.822668182027655],[38.254743,49.82267],[38.256149,49.822685],[38.256216,49.821912],[38.254309,49.821892],[38.254309,49.821892091162795],[38.253405,49.821882],[38.253336,49.822627],[38.253336,49.822657],[38.25448,49.822669],[38.25448,49.822668182027655]]]}},{"type":"Feature","properties":{"cadnum":"4425487500:07:004:0057"},"geometry":{"type":"Polygon","coordinates":[[[38.253409,49.821848],[38.253476,49.821054],[38.250768,49.821025],[38.250715,49.821399],[38.250646,49.821819],[38.253409,49.821848]]]}},{"type":"Feature","properties":{"cadnum":"4425487500:07:004:0040"},"geometry":{"type":"Polygon","coordinates":[[[38.253023,49.823471],[38.250346,49.823372],[38.250314,49.823557],[38.25029154071661,49.823754],[38.250291,49.823754],[38.250049,49.825962],[38.24998621991701,49.827297],[38.249986,49.827297],[38.249964,49.827785],[38.251644,49.828078],[38.252569,49.82808],[38.252646,49.827297],[38.25264590558292,49.827297],[38.252983192665575,49.823864],[38.252984,49.823864],[38.253023,49.823471]],[[38.251128,49.825681],[38.251078,49.825681],[38.251078,49.825649],[38.251128,49.825649],[38.251128,49.825681]]]}},{"type":"Feature","properties":{"cadnum":"4425487500:04:004:0086"},"geometry":{"type":"Polygon","coordinates":[[[38.183069,49.82454],[38.179019,49.824038],[38.178575,49.825462],[38.178956,49.825449],[38.17981,49.825481],[38.182898,49.82596803037742],[38.182898,49.825969],[38.184298,49.826188],[38.184611,49.825154],[38.184732,49.824745],[38.183069,49.82454007197383],[38.183069,49.82454]]]}},{"type":"Feature","properties":{"cadnum":"4425487500:04:002:0367"},"geometry":{"type":"Polygon","coordinates":[[[38.17808,49.825653],[38.178086,49.825635],[38.178063,49.825632],[38.178059,49.825649],[38.17808,49.825653]]]}},{"type":"Feature","properties":{"cadnum":"4425487500:04:002:0365"},"geometry":{"type":"Polygon","coordinates":[[[38.177748,49.826861],[38.177753,49.826843],[38.177726,49.826841],[38.177721,49.826858],[38.177748,49.826861]]]}},{"type":"Feature","properties":{"cadnum":"4425487500:04:004:0066"},"geometry":{"type":"Polygon","coordinates":[[[38.172083,49.826936543381436],[38.177524,49.827017],[38.177803,49.826102],[38.177576,49.82609915538847],[38.177576,49.826099],[38.172083,49.826016580759045],[38.172083,49.826016],[38.169708,49.82598],[38.169708,49.826139],[38.169704,49.826901],[38.172083,49.826937],[38.172083,49.826936543381436]]]}},{"type":"Feature","properties":{"cadnum":"4425487500:04:004:0064"},"geometry":{"type":"Polygon","coordinates":[[[38.176105,49.823864],[38.17610526868986,49.823864],[38.175736,49.825105],[38.177404,49.82533163043478],[38.177404,49.825332],[38.178099,49.825426],[38.178593,49.823754],[38.17859266164469,49.823754],[38.179033,49.822271],[38.177404,49.822074],[38.177404,49.822074042810094],[38.176665,49.821984],[38.176105,49.823864]]]}},{"type":"Feature","properties":{"cadnum":"4425487500:04:004:0087"},"geometry":{"type":"Polygon","coordinates":[[[38.179428,49.822702],[38.179307,49.823106],[38.179106957783645,49.823754],[38.179106,49.823754],[38.179019,49.824038],[38.182898,49.824518804444445],[38.182898,49.824519],[38.184732,49.824745],[38.184939,49.824062],[38.18500596354174,49.82383781770808],[38.185137,49.823407],[38.183069,49.823152079053145],[38.183069,49.823152],[38.179428,49.822702]]]}},{"type":"Feature","properties":{"cadnum":"4425487500:04:002:0366"},"geometry":{"type":"Polygon","coordinates":[[[38.177977,49.826246],[38.177982,49.826232],[38.177893,49.82622],[38.177887,49.826238],[38.177977,49.826246]]]}},{"type":"Feature","properties":{"cadnum":"4425487500:04:002:0369"},"geometry":{"type":"Polygon","coordinates":[[[38.178445,49.82441],[38.178449,49.824392],[38.178422,49.824389],[38.178417,49.824407],[38.178445,49.82441]]]}},{"type":"Feature","properties":{"cadnum":"4425487500:04:002:0368"},"geometry":{"type":"Polygon","coordinates":[[[38.178265,49.825026],[38.178269,49.825009],[38.178243,49.825006],[38.178237,49.825024],[38.178265,49.825026]]]}},{"type":"Feature","properties":{"cadnum":"4425487500:04:004:0065"},"geometry":{"type":"Polygon","coordinates":[[[38.171335,49.824893],[38.169717,49.825],[38.169708,49.82598],[38.171911,49.82601339284211],[38.171911,49.826014],[38.177404,49.826096419240955],[38.177404,49.826097],[38.177803,49.826102],[38.177946,49.825632],[38.177404,49.825559],[38.177404,49.825559690149255],[38.172551,49.824902],[38.171911,49.824897],[38.171911,49.82489762032086],[38.171335,49.824893]]]}},{"type":"Feature","properties":{"cadnum":"4425487500:04:009:0028"},"geometry":{"type":"Polygon","coordinates":[[[38.21051639016272,49.85195870491808],[38.209611,49.851993],[38.209836,49.852207],[38.20983748701298,49.852207],[38.210363,49.85270349693251],[38.210363,49.852704],[38.210955,49.853262],[38.21349150180941,49.855638],[38.213491,49.855638],[38.215739,49.857742],[38.215857,49.8575549965398],[38.215857,49.857556],[38.216318,49.856826],[38.21586603921686,49.856403450981496],[38.215048,49.855638],[38.215047494661924,49.855638],[38.211266,49.852096],[38.21126565441177,49.852096],[38.211094,49.851935],[38.21051639016272,49.85195870491808]]]}},{"type":"Feature","properties":{"cadnum":"4425487500:04:001:0053"},"geometry":{"type":"Polygon","coordinates":[[[38.203961,49.851237],[38.20386801546392,49.852096],[38.203868,49.852096],[38.20386700970866,49.8521052912629],[38.203856,49.852207],[38.203856169279,49.852207],[38.2038,49.852734],[38.205042,49.852752],[38.205042,49.852751308500295],[38.210011,49.852818],[38.209246,49.852096],[38.209245772277235,49.852096],[38.208403,49.851298],[38.205042,49.85125233682423],[38.205042,49.851252],[38.203961,49.851237]]]}},{"type":"Feature","properties":{"cadnum":"4425487500:04:001:0056"},"geometry":{"type":"Polygon","coordinates":[[[38.205142,49.855656],[38.206033,49.855749],[38.206038264705896,49.855749],[38.206125,49.855758],[38.209957,49.856053],[38.210535,49.856069],[38.210535,49.85606860714286],[38.210923,49.856079],[38.211957,49.855922],[38.21256776521737,49.855749],[38.212568,49.855749],[38.212769,49.855692],[38.212795,49.855638],[38.21279490540541,49.855638],[38.21284,49.855544],[38.21223,49.854984],[38.210363,49.85497],[38.210363,49.85497069443954],[38.20487,49.854929],[38.20487,49.854929642380085],[38.203395,49.854918],[38.203337,49.855564],[38.205042,49.855652],[38.205042,49.85565085294118],[38.205142,49.855656]]]}},{"type":"Feature","properties":{"cadnum":"4425487500:04:001:0055"},"geometry":{"type":"Polygon","coordinates":[[[38.205042,49.85493030556046],[38.210535,49.854972],[38.210535,49.854971289769686],[38.21223,49.854984],[38.211125,49.853968],[38.210535,49.85396412860892],[38.210535,49.853964],[38.205042,49.85392327519858],[38.205042,49.853922],[38.203489,49.85391],[38.203395,49.854918],[38.205042,49.854931],[38.205042,49.85493030556046]]]}},{"type":"Feature","properties":{"cadnum":"4425487500:04:001:0054"},"geometry":{"type":"Polygon","coordinates":[[[38.203602,49.852715],[38.203489,49.85391],[38.20487,49.85392067095943],[38.20487,49.853922],[38.210363,49.85396272480141],[38.210363,49.853963],[38.211125,49.853968],[38.210447,49.853346],[38.209818,49.85276],[38.20487,49.852724],[38.20487,49.85272468611111],[38.203602,49.852715]]]}},{"type":"Feature","properties":{"cadnum":"4425487500:07:004:0011"},"geometry":{"type":"Polygon","coordinates":[[[38.251998,49.812939],[38.25196135153583,49.813121],[38.25196,49.813121],[38.251940079268294,49.81322664024388],[38.251939,49.813232],[38.25193906857143,49.813232],[38.251927,49.813296],[38.251724,49.813942],[38.251625,49.814333],[38.251545,49.81458],[38.25448,49.814843],[38.25448,49.81484226605775],[38.257703,49.81513],[38.258076,49.813484],[38.25448,49.81316229784975],[38.25448,49.813162],[38.251998,49.812939]]]}},{"type":"Feature","properties":{"cadnum":"4425487500:07:004:0012"},"geometry":{"type":"Polygon","coordinates":[[[38.252866,49.811478],[38.252627,49.811768],[38.252281,49.812203],[38.252107,49.812551],[38.252007,49.81289],[38.251998,49.812939],[38.254309,49.8131466361805],[38.254309,49.813147],[38.255258,49.813232],[38.25525913353113,49.813232],[38.258076,49.813484],[38.25813361983471,49.813232],[38.258134,49.813232],[38.258422,49.811974],[38.254309,49.811607],[38.254309,49.811607637546466],[38.252866,49.811478]]]}},{"type":"Feature","properties":{"cadnum":"4425487500:07:004:0013"},"geometry":{"type":"Polygon","coordinates":[[[38.25448,49.810362],[38.253198,49.810247],[38.253099,49.811122],[38.252982,49.811516],[38.252919,49.811594],[38.254309,49.811718663677134],[38.254309,49.811719],[38.258476,49.81209],[38.258781,49.810748],[38.25448,49.81036233340787],[38.25448,49.810362]]]}},{"type":"Feature","properties":{"cadnum":"4425487500:07:004:0019"},"geometry":{"type":"Polygon","coordinates":[[[38.258476,49.812041],[38.25823025692695,49.813121],[38.258229,49.813121],[38.258089,49.813739],[38.259802,49.81389257931034],[38.259802,49.813893],[38.263399,49.814215],[38.26351,49.813719],[38.26361994147157,49.813232],[38.263621,49.813232],[38.263785,49.812516],[38.259974,49.81217537333668],[38.259974,49.812175],[38.258476,49.812041]]]}},{"type":"Feature","properties":{"cadnum":"4425487500:07:004:0020"},"geometry":{"type":"Polygon","coordinates":[[[38.259974,49.810726],[38.258799,49.810621],[38.258476,49.812041],[38.259802,49.81215961415221],[38.259802,49.81216],[38.263785,49.812516],[38.263856,49.812206],[38.264112,49.811096],[38.259974,49.81072636426914],[38.259974,49.810726]]]}},{"type":"Feature","properties":{"cadnum":"4425487500:04:008:0039"},"geometry":{"type":"Polygon","coordinates":[[[38.206418,49.832629],[38.205042,49.83240411111111],[38.205042,49.832404],[38.200898,49.831726],[38.201104,49.832652],[38.201351,49.833777],[38.202425,49.833945],[38.203221,49.834165],[38.203611,49.834278],[38.204855,49.833594],[38.20487,49.83358477540107],[38.20487,49.833586],[38.206418,49.832629]]]}},{"type":"Feature","properties":{"cadnum":"4425487500:04:008:0002"},"geometry":{"type":"Polygon","coordinates":[[[38.205129,49.833687],[38.204882,49.833823],[38.207192814562,49.83448832450114],[38.210535,49.835452],[38.210535,49.835450535999996],[38.214238,49.836517],[38.214395,49.836407],[38.215249,49.836028],[38.215352,49.835999],[38.210363,49.834562],[38.210363,49.83456229657795],[38.209746,49.834384],[38.20974499112904,49.834384],[38.205829,49.833255],[38.205129,49.833687]]]}},{"type":"Feature","properties":{"cadnum":"4425487500:04:008:0005"},"geometry":{"type":"Polygon","coordinates":[[[38.20812,49.831815],[38.20786,49.832004],[38.207383,49.832296],[38.210363,49.83315445177665],[38.210363,49.833155],[38.21488719722559,49.834457906572595],[38.216028,49.834787],[38.216028,49.834786267047484],[38.218658,49.835544],[38.219507,49.835118],[38.219444,49.835074],[38.217045,49.834384],[38.21704456291392,49.834384],[38.215857,49.834042],[38.215857,49.83404276769638],[38.210535,49.83251052021183],[38.210535,49.83251],[38.20812,49.831815]]]}},{"type":"Feature","properties":{"cadnum":"4425487500:04:008:0007"},"geometry":{"type":"Polygon","coordinates":[[[38.209154,49.830952],[38.20915435074627,49.830952],[38.209148,49.830975],[38.208865,49.831282],[38.208808,49.831323],[38.210535,49.831821],[38.210535,49.83182052021183],[38.215857,49.83335276769638],[38.215857,49.833353],[38.219822,49.834495],[38.21982469696969,49.834495],[38.220127,49.834582],[38.22035609091077,49.83446418181732],[38.220957,49.834156],[38.215857,49.832688],[38.215857,49.83268876769638],[38.210363,49.831107],[38.210363,49.83110731809872],[38.209441,49.830841],[38.209438910614516,49.830841],[38.209203,49.830773],[38.209154,49.830952]]]}},{"type":"Feature","properties":{"cadnum":"4425487500:04:008:0006"},"geometry":{"type":"Polygon","coordinates":[[[38.20812,49.831815],[38.210363,49.83246050103519],[38.210363,49.832461],[38.216028,49.834092],[38.216028,49.83409124539097],[38.21743,49.834495],[38.21743092608695,49.834495],[38.219444,49.835074],[38.219318,49.834993],[38.220127,49.834582],[38.219439,49.834384],[38.21943661033276,49.834384],[38.216028,49.833402251450195],[38.216028,49.833402],[38.210363,49.831771],[38.210363,49.831771401852926],[38.208808,49.831323],[38.20812,49.831815]]]}},{"type":"Feature","properties":{"cadnum":"4425487500:04:008:0041"},"geometry":{"type":"Polygon","coordinates":[[[38.200422,49.829549],[38.200611,49.830421],[38.200632,49.830523],[38.203246,49.830952],[38.203247511111144,49.830952],[38.20487,49.831217820388346],[38.20487,49.831218],[38.207865,49.831708],[38.208548,49.831218],[38.208462,49.830868],[38.208298,49.830841],[38.20829734125635,49.830841],[38.205042,49.83030720378619],[38.205042,49.830307],[38.200422,49.829549]]]}},{"type":"Feature","properties":{"cadnum":"4425487500:04:008:0003"},"geometry":{"type":"Polygon","coordinates":[[[38.206602,49.832777],[38.205829,49.833255],[38.21013,49.834495],[38.21013011842104,49.834495],[38.210535,49.834612],[38.210535,49.83461154179194],[38.215352,49.835999],[38.215857,49.83585604355109],[38.215857,49.835857],[38.215949,49.83583],[38.216028,49.835827],[38.216028,49.83582636043361],[38.216318,49.835813],[38.215899,49.836335],[38.216028,49.836509],[38.216028,49.83650868627451],[38.216052,49.836541],[38.216043,49.836859],[38.217768,49.835993],[38.216028,49.835492215070644],[38.216028,49.835492],[38.212181,49.834384],[38.2121794763407,49.834384],[38.210535,49.833910522252495],[38.210535,49.83391],[38.206602,49.832777]]]}},{"type":"Feature","properties":{"cadnum":"4425487500:04:008:0040"},"geometry":{"type":"Polygon","coordinates":[[[38.200632,49.830523],[38.20070316083916,49.830841],[38.200703,49.830841],[38.20072692617452,49.8309472013424],[38.200728,49.830952],[38.200728007267436,49.830952],[38.200858,49.831529],[38.200898,49.831726],[38.20487,49.83237585907336],[38.20487,49.832376],[38.206418,49.832629],[38.207582,49.831914],[38.207865,49.831708],[38.205042,49.83124614023372],[38.205042,49.831246],[38.20257,49.830841],[38.20256965034963,49.830841],[38.200632,49.830523]]]}},{"type":"Feature","properties":{"cadnum":"4425487500:04:008:0004"},"geometry":{"type":"Polygon","coordinates":[[[38.207383,49.832296],[38.206602,49.832777],[38.210363,49.83386045105518],[38.210363,49.833861],[38.212565,49.834495],[38.21256639440432,49.834495],[38.215857,49.835442749155185],[38.215857,49.835443],[38.217768,49.835993],[38.218658,49.835544],[38.215857,49.834737],[38.215857,49.83473767072297],[38.21501578163771,49.834495],[38.215016,49.834495],[38.2148871972269,49.83445790657297],[38.214631,49.834384],[38.214630564925386,49.834384],[38.210535,49.83320453363421],[38.210535,49.833204],[38.207383,49.832296]]]}},{"type":"Feature","properties":{"cadnum":"4425487500:04:004:0186"},"geometry":{"type":"Polygon","coordinates":[[[38.133915,49.813206],[38.133919,49.813232],[38.133919627118644,49.813232],[38.133978,49.81356],[38.138952,49.813488831438654],[38.138952,49.81349],[38.13908,49.813487],[38.139085,49.813133],[38.133915,49.813206]]]}},{"type":"Feature","properties":{"cadnum":"4425487500:04:004:0015"},"geometry":{"type":"Polygon","coordinates":[[[38.138901,49.813994],[38.138402,49.813863],[38.137751,49.813771],[38.137535,49.813777],[38.137234,49.813736],[38.13749,49.816776],[38.13749037439484,49.816776],[38.137638,49.818524],[38.139124,49.81848],[38.139124,49.81847972392638],[38.139278,49.818475],[38.139134382872925,49.816776],[38.139135,49.816776],[38.139124,49.81664526229507],[38.139124,49.816641],[38.138901,49.813994]]]}},{"type":"Feature","properties":{"cadnum":"4425487500:04:004:0185"},"geometry":{"type":"Polygon","coordinates":[[[38.13908,49.813629],[38.13908,49.813487],[38.133978,49.81356],[38.134055,49.813977],[38.134741,49.813889],[38.135137,49.813855],[38.136955,49.813844],[38.137997,49.813889],[38.138952,49.8139438161435],[38.138952,49.813945],[38.139112,49.813953],[38.13908,49.813629]]]}},{"type":"Feature","properties":{"cadnum":"4425487500:04:004:0013"},"geometry":{"type":"Polygon","coordinates":[[[38.135693,49.813702],[38.13458,49.813707],[38.133969,49.81371],[38.134301,49.816095],[38.134517,49.816095],[38.1345647092511,49.816665],[38.134564,49.816665],[38.134728,49.818611],[38.136106,49.81857],[38.13595343937008,49.816776],[38.135954,49.816776],[38.135693,49.813702]]]}},{"type":"Feature","properties":{"cadnum":"4425487500:04:004:0198"},"geometry":{"type":"Polygon","coordinates":[[[38.139085,49.813133],[38.139094,49.812783],[38.138952,49.812785],[38.138952,49.8127850316673],[38.133852,49.812858],[38.133899612068966,49.813121],[38.133899,49.813121],[38.133915,49.813206],[38.138952,49.81313487794971],[38.138952,49.813136],[38.139085,49.813133]]]}},{"type":"Feature","properties":{"cadnum":"4425487500:04:004:0014"},"geometry":{"type":"Polygon","coordinates":[[[38.137234,49.813736],[38.136911,49.813693],[38.135693,49.813702],[38.1359445754717,49.816665],[38.135944,49.816665],[38.136106,49.81857],[38.137638,49.818524],[38.137481,49.816665],[38.13748065263158,49.816665],[38.137234,49.813736]]]}},{"type":"Feature","properties":{"cadnum":"4425487500:04:004:0016"},"geometry":{"type":"Polygon","coordinates":[[[38.138901,49.813994],[38.138952,49.814599367713065],[38.138952,49.814601],[38.13912566068966,49.816665],[38.139125,49.816665],[38.139278,49.818475],[38.141089,49.818423],[38.141299,49.818275],[38.141161,49.816665],[38.1411606464,49.816665],[38.141012,49.814901],[38.140599,49.814686],[38.139871,49.814321],[38.139108,49.814049],[38.138901,49.813994]]]}},{"type":"Feature","properties":{"cadnum":"4425487500:04:003:0023"},"geometry":{"type":"Polygon","coordinates":[[[38.107621,49.834121],[38.10683481283422,49.834384],[38.106834,49.834384],[38.105993,49.834665],[38.105993,49.83466546000884],[38.101639,49.83612],[38.101639,49.836245],[38.101625,49.837412],[38.101625,49.837632],[38.106165,49.836114],[38.106165,49.836113489164084],[38.107608,49.835631],[38.107619,49.834384],[38.10761818716578,49.834384],[38.107621,49.834121]]]}},{"type":"Feature","properties":{"cadnum":"4425487500:04:003:0024"},"geometry":{"type":"Polygon","coordinates":[[[38.105155,49.833221],[38.105016,49.833203],[38.101662,49.833084],[38.101656,49.833632],[38.10165164310544,49.834384],[38.101651,49.834384],[38.101648,49.835005],[38.101639,49.83612],[38.106165,49.834608],[38.106165,49.834607530321044],[38.106501790035594,49.834495],[38.106503,49.834495],[38.107621,49.834121],[38.107631,49.833221],[38.106165,49.833221],[38.105993,49.833221],[38.105155,49.833221]]]}},{"type":"Feature","properties":{"cadnum":"4425487500:04:005:0052"},"geometry":{"type":"Polygon","coordinates":[[[38.14142,49.803005],[38.141439,49.802991],[38.141385,49.802964],[38.141425,49.80293],[38.141406,49.802919],[38.141349,49.802968],[38.14142,49.803005]]]}},{"type":"Feature","properties":{"cadnum":"4425487500:04:005:0033"},"geometry":{"type":"Polygon","coordinates":[[[38.141573,49.803501],[38.141433,49.803428],[38.141007,49.802964],[38.138952,49.802982],[38.138952,49.802982273131015],[38.137773,49.802991],[38.137818,49.803533],[38.139124,49.803523],[38.139124,49.803522490652426],[38.141573,49.803501]]]}},{"type":"Feature","properties":{"cadnum":"4425487500:04:005:0022"},"geometry":{"type":"Polygon","coordinates":[[[38.142135,49.805577],[38.142121,49.805446],[38.142103,49.805241],[38.142094,49.805125],[38.139124,49.805150521960535],[38.139124,49.80515],[38.137963,49.80516],[38.137997,49.805611],[38.139124,49.805603],[38.139124,49.80560254099906],[38.142135,49.805577]]]}},{"type":"Feature","properties":{"cadnum":"4425487500:04:005:0051"},"geometry":{"type":"Polygon","coordinates":[[[38.142221,49.803423],[38.142238,49.803409],[38.142215,49.803396],[38.142202,49.803411],[38.142221,49.803423]]]}},{"type":"Feature","properties":{"cadnum":"4425487500:04:005:0021"},"geometry":{"type":"Polygon","coordinates":[[[38.142171,49.806032],[38.142166,49.805974],[38.142135,49.805577],[38.138952,49.805604],[38.138952,49.805604220940545],[38.137997,49.805611],[38.138038,49.806064],[38.139124,49.806056],[38.139124,49.80605566418143],[38.142171,49.806032]]]}},{"type":"Feature","properties":{"cadnum":"4425487500:04:005:0023"},"geometry":{"type":"Polygon","coordinates":[[[38.142094,49.805125],[38.142054,49.804664],[38.138952,49.804703],[38.138952,49.8047031446384],[38.137921,49.804716],[38.137963,49.80516],[38.138952,49.80515148148148],[38.138952,49.805152],[38.142094,49.805125]]]}},{"type":"Feature","properties":{"cadnum":"4425487500:04:005:0050"},"geometry":{"type":"Polygon","coordinates":[[[38.142934,49.803791],[38.142951,49.80378],[38.14293,49.803768],[38.142911,49.803782],[38.142934,49.803791]]]}},{"type":"Feature","properties":{"cadnum":"4425487500:04:005:0001"},"geometry":{"type":"Polygon","coordinates":[[[38.144502,49.802399],[38.14281587069392,49.8025128654852],[38.141533,49.802599],[38.141393,49.802675],[38.141412,49.802823],[38.141622,49.803],[38.142345,49.803365],[38.144291,49.804391],[38.144617,49.804561],[38.144617,49.80456039577594],[38.145534,49.805037],[38.146548315449984,49.802519958450496],[38.14663,49.802319],[38.144502,49.802399]]]}},{"type":"Feature","properties":{"cadnum":"4425487500:04:005:0049"},"geometry":{"type":"Polygon","coordinates":[[[38.143437,49.804055],[38.143456,49.80404],[38.143433,49.804032],[38.143419,49.804043],[38.143437,49.804055]]]}},{"type":"Feature","properties":{"cadnum":"4425487500:04:005:0048"},"geometry":{"type":"Polygon","coordinates":[[[38.144111,49.804406],[38.144129,49.804391],[38.144106,49.80438],[38.144093,49.804394],[38.144111,49.804406]]]}},{"type":"Feature","properties":{"cadnum":"4425487500:04:005:0032"},"geometry":{"type":"Polygon","coordinates":[[[38.142414,49.803944],[38.141573,49.803501],[38.138952,49.803524],[38.138952,49.80352431699847],[38.137818,49.803533],[38.137859,49.803982],[38.138952,49.803973359683795],[38.138952,49.803974],[38.142414,49.803944]]]}},{"type":"Feature","properties":{"cadnum":"4425487500:04:005:0029"},"geometry":{"type":"Polygon","coordinates":[[[38.144445,49.80542644711539],[38.144445,49.805427],[38.145207,49.80542],[38.144617,49.80510874015748],[38.144617,49.805108],[38.143747,49.804649],[38.142054,49.804664],[38.142094,49.805125],[38.142121,49.805446],[38.144445,49.80542644711539]]]}},{"type":"Feature","properties":{"cadnum":"4425487500:04:005:0028"},"geometry":{"type":"Polygon","coordinates":[[[38.14619,49.805939],[38.145207,49.80542],[38.144617,49.805425419947504],[38.144617,49.805425],[38.142121,49.805446],[38.142135,49.805577],[38.142166,49.805974],[38.144445,49.80595447368421],[38.144445,49.805955],[38.14619,49.805939]]]}},{"type":"Feature","properties":{"cadnum":"4425487500:04:005:0055"},"geometry":{"type":"Polygon","coordinates":[[[38.14066441666661,49.802486],[38.140661,49.802486],[38.140639,49.802487],[38.140724,49.802597],[38.1407243014553,49.802597],[38.141012,49.802968],[38.141991,49.803579],[38.144445,49.804843380045696],[38.144445,49.804844],[38.145607,49.805441],[38.146984,49.806142],[38.146984245886664,49.806142],[38.148917,49.807125],[38.15011,49.807747],[38.15011,49.807745871451104],[38.151207,49.808316],[38.151553,49.808545],[38.151976,49.808933],[38.151985,49.808919],[38.152012,49.808924],[38.151993,49.808948],[38.152316,49.809278],[38.152622,49.809287],[38.152232,49.808879],[38.15176,49.808447],[38.151383,49.808189],[38.150664,49.807794],[38.149939,49.807423],[38.149939,49.807423358381506],[38.148553,49.806713],[38.14853,49.806704],[38.1474394026746,49.806142],[38.14744,49.806142],[38.145795,49.805293],[38.144445,49.804606],[38.144445,49.804606452984466],[38.142171,49.803449],[38.141236,49.802867],[38.14096310614522,49.8025008994413],[38.140944,49.802475],[38.14066441666661,49.802486]],[[38.152316,49.809012],[38.15229,49.809018],[38.152286,49.809],[38.152308,49.808997],[38.152316,49.809012]]]}},{"type":"Feature","properties":{"cadnum":"4425487500:04:005:0030"},"geometry":{"type":"Polygon","coordinates":[[[38.142054,49.804664],[38.143747,49.804649],[38.143127,49.804322],[38.138952,49.804356],[38.138952,49.80435639384117],[38.13789,49.804365],[38.137921,49.804716],[38.139124,49.804701],[38.139124,49.80470083752418],[38.142054,49.804664]]]}},{"type":"Feature","properties":{"cadnum":"4425487500:04:005:0031"},"geometry":{"type":"Polygon","coordinates":[[[38.143127,49.804322],[38.142414,49.803944],[38.139124,49.80397250953206],[38.139124,49.803972],[38.137859,49.803982],[38.13789,49.804365],[38.139124,49.804355],[38.139124,49.80435459928144],[38.143127,49.804322]]]}},{"type":"Feature","properties":{"cadnum":"4425487500:04:002:0003"},"geometry":{"type":"Polygon","coordinates":[[[38.106165,49.846705],[38.102505,49.845172],[38.101782,49.84541],[38.101423,49.84552],[38.105993,49.84743300084352],[38.105993,49.847434],[38.108934,49.848665],[38.108935166666654,49.848665],[38.110734,49.849418],[38.110837,49.84936],[38.111551,49.848961],[38.11058,49.848554],[38.110578878877405,49.848554],[38.106165,49.846706012368585],[38.106165,49.846705]]]}},{"type":"Feature","properties":{"cadnum":"4425487500:04:002:0019"},"geometry":{"type":"Polygon","coordinates":[[[38.111486,49.849631931790505],[38.111486,49.849633],[38.117151,49.852006],[38.117151,49.85200570967742],[38.117631,49.852207],[38.117631991791036,49.852207],[38.120566,49.853436],[38.121101,49.85285],[38.1193,49.852096],[38.11929891312385,49.852096],[38.11698,49.851125],[38.11698,49.85112538674436],[38.111659,49.848897],[38.111551,49.848961],[38.111486,49.848997],[38.111486,49.84899732352941],[38.110837,49.84936],[38.111486,49.849631931790505]]]}},{"type":"Feature","properties":{"cadnum":"4425487500:04:002:0002"},"geometry":{"type":"Polygon","coordinates":[[[38.105993,49.848214042365406],[38.105993,49.848215],[38.107072,49.848665],[38.1070723832061,49.848665],[38.109939,49.849864],[38.110038,49.849809],[38.110734,49.849418],[38.10867,49.848554],[38.10866880828595,49.848554],[38.106165,49.84750599319959],[38.106165,49.847505],[38.101423,49.84552],[38.100709,49.84574],[38.10060511111094,49.84577777777784],[38.100371,49.845861],[38.1005,49.84591542857142],[38.1005,49.845916],[38.10066012818594,49.84598299096217],[38.100672,49.845988],[38.100672,49.845987957634605],[38.105993,49.848214042365406]]]}},{"type":"Feature","properties":{"cadnum":"4425487500:04:002:0018"},"geometry":{"type":"Polygon","coordinates":[[[38.115767,49.852207],[38.115768113043465,49.852207],[38.11698,49.85271440412622],[38.11698,49.852715],[38.120019,49.853986],[38.120027,49.85398],[38.120462,49.853551],[38.120566,49.853436],[38.117367,49.852096],[38.117366307692315,49.852096],[38.11698,49.851934],[38.11698,49.8519343701677],[38.111658,49.84970504872021],[38.111658,49.849704],[38.110837,49.84936],[38.110734,49.849418],[38.110038,49.849809],[38.111658,49.850488],[38.111658,49.850486998131274],[38.115767,49.852207]]]}},{"type":"Feature","properties":{"cadnum":"4425487500:04:002:0001"},"geometry":{"type":"Polygon","coordinates":[[[38.099316,49.846245],[38.100277,49.846644],[38.1005,49.846733199999996],[38.1005,49.846734],[38.105313,49.848665],[38.10531337878787,49.848665],[38.105993,49.84893795131846],[38.105993,49.848938],[38.106023,49.84895],[38.109199,49.850279],[38.109939,49.849864],[38.106807,49.848554],[38.106805846666674,49.848554],[38.106165,49.84828673308619],[38.106165,49.848286],[38.10066012818594,49.84598299096217],[38.100371,49.845861],[38.099316,49.846245]]]}},{"type":"Feature","properties":{"cadnum":"4425487500:04:002:0017"},"geometry":{"type":"Polygon","coordinates":[[[38.109939,49.849864],[38.109199,49.850279],[38.111466,49.851228],[38.111486,49.85123602083333],[38.111486,49.851237],[38.113926,49.852207],[38.1139269332855,49.852207],[38.11698,49.85342195147017],[38.11698,49.853422],[38.117087439308534,49.85346470636486],[38.117151,49.85349],[38.117151,49.85348997128993],[38.119453,49.854405],[38.120019,49.853986],[38.117151,49.852786517275426],[38.117151,49.852786],[38.115503,49.852096],[38.115501826450895,49.852096],[38.111486,49.850415],[38.111486,49.85041590864198],[38.110038,49.849809],[38.109939,49.849864]]]}},{"type":"Feature","properties":{"cadnum":"4425487500:04:002:0004"},"geometry":{"type":"Polygon","coordinates":[[[38.103000025806466,49.845012],[38.103,49.845012],[38.102505,49.845172],[38.105993,49.84663295737705],[38.105993,49.846634],[38.110844,49.848665],[38.11084481818181,49.848665],[38.111486,49.84893375489187],[38.111486,49.848934],[38.111551,49.848961],[38.111658,49.848898],[38.111658,49.84889759259259],[38.111659,49.848897],[38.11207632944607,49.848665],[38.112077,49.848665],[38.112396,49.848489],[38.111658,49.84818001318681],[38.111658,49.84818],[38.11156796024064,49.84814231522164],[38.111486,49.848108],[38.111486,49.84810801200353],[38.10611888890339,49.84586168889496],[38.10409,49.845012],[38.10408939032257,49.845012],[38.103615,49.844813],[38.103000025806466,49.845012]]]}},{"type":"Feature","properties":{"cadnum":"4425487500:07:007:0063"},"geometry":{"type":"Polygon","coordinates":[[[38.307137,49.82032],[38.307139017766495,49.82032],[38.30380497219669,49.823327702242715],[38.303476,49.823624],[38.303747,49.823749406320545],[38.303747,49.82375],[38.30393042232002,49.82383431509872],[38.304828,49.82425],[38.305377,49.823754],[38.30537674403183,49.823754],[38.308593,49.820848],[38.30744161935484,49.82032],[38.307442,49.82032],[38.307241,49.820228],[38.307137,49.82032]]]}},{"type":"Feature","properties":{"cadnum":"4425487500:07:007:0134"},"geometry":{"type":"Polygon","coordinates":[[[38.3034,49.817527],[38.302115,49.81759],[38.301702,49.817637],[38.303747,49.81857417636446],[38.303747,49.818575],[38.30731682808023,49.82021],[38.307316,49.82021],[38.309412,49.82117],[38.309412,49.821169754578754],[38.309513,49.821216],[38.310541,49.820292],[38.309412,49.81976958800922],[38.309412,49.819769],[38.305377,49.817898],[38.304262,49.817834],[38.303919,49.8177121184466],[38.303919,49.817712],[38.3034,49.817527]]]}},{"type":"Feature","properties":{"cadnum":"4425487500:07:007:0064"},"geometry":{"type":"Polygon","coordinates":[[[38.305862,49.819596],[38.30506,49.82032],[38.30506038983051,49.82032],[38.303747,49.821508],[38.303747,49.821508388520975],[38.302107,49.82299],[38.303476,49.823624],[38.303747,49.82337991647856],[38.303747,49.82338],[38.30380497219666,49.823327702242736],[38.303919,49.823225],[38.303919,49.82322483571838],[38.307241,49.820228],[38.305862,49.819596]]]}},{"type":"Feature","properties":{"cadnum":"4425487500:07:007:0062"},"geometry":{"type":"Polygon","coordinates":[[[38.309922,49.821457],[38.30924,49.821145],[38.30924,49.82114503540904],[38.308593,49.820848],[38.305255,49.823864],[38.30525524596774,49.823864],[38.304828,49.82425],[38.306149,49.824861],[38.307376,49.823754],[38.30737497740113,49.823754],[38.309412,49.821917],[38.309412,49.8219168973607],[38.309922,49.821457]]]}},{"type":"Feature","properties":{"cadnum":"4425487500:07:007:0065"},"geometry":{"type":"Polygon","coordinates":[[[38.304501,49.818973],[38.303801755642766,49.81960454563299],[38.303007,49.82032],[38.30300811918064,49.82032],[38.30075,49.822358],[38.302107,49.82299],[38.303919,49.821353],[38.303919,49.821352420905924],[38.305182,49.82021],[38.305181850828724,49.82021],[38.305862,49.819596],[38.304501,49.818973]]]}},{"type":"Feature","properties":{"cadnum":"4425487500:07:007:0061"},"geometry":{"type":"Polygon","coordinates":[[[38.30932632545612,49.8237923845331],[38.309412,49.823716],[38.309412,49.823715037074145],[38.311243,49.822062],[38.309922,49.821457],[38.30924,49.822072],[38.30924,49.822072110699395],[38.307253,49.823864],[38.307254075880756,49.823864],[38.306149,49.824861],[38.307465,49.825473],[38.30924622571263,49.823864],[38.309247,49.823864],[38.30932632545612,49.8237923845331]]]}},{"type":"Feature","properties":{"cadnum":"4425487500:07:003:0030"},"geometry":{"type":"Polygon","coordinates":[[[38.243494,49.823266],[38.243227,49.823044],[38.242849,49.823222],[38.242944,49.823338],[38.241853,49.823864],[38.241854028985514,49.823864],[38.240509,49.824513],[38.241641,49.825218],[38.243199,49.826684],[38.243322,49.82662646101695],[38.243322,49.826627],[38.246021,49.825359],[38.244083,49.823754],[38.243494,49.823754],[38.243494,49.823266]],[[38.243469,49.826516],[38.243491,49.826525],[38.243478,49.82654],[38.243455,49.82653],[38.243469,49.826516]],[[38.242992,49.826284],[38.243015,49.826293],[38.242962,49.826342],[38.242939,49.82633],[38.242992,49.826284]],[[38.242436,49.825925],[38.242453,49.825937],[38.242432,49.825948],[38.242413,49.825934],[38.242436,49.825925]]]}},{"type":"Feature","properties":{"cadnum":"4425487500:07:003:0029"},"geometry":{"type":"MultiPolygon","coordinates":[[[[38.243494,49.822921],[38.243227,49.823044],[38.243494,49.823266],[38.243494,49.822921]]],[[[38.247373,49.824725],[38.246198,49.823754],[38.244083,49.823754],[38.246021,49.825359],[38.247373,49.824725]]]]}},{"type":"Feature","properties":{"cadnum":"4425487500:07:003:0066"},"geometry":{"type":"Polygon","coordinates":[[[38.244291,49.826907],[38.244304,49.826893],[38.244283,49.826884],[38.244269,49.826899],[38.244291,49.826907]]]}},{"type":"Feature","properties":{"cadnum":"4425487500:07:003:0036"},"geometry":{"type":"Polygon","coordinates":[[[38.247327,49.826194],[38.247323,49.826214],[38.247359,49.826214],[38.247359,49.826194],[38.247327,49.826194]]]}},{"type":"Feature","properties":{"cadnum":"4425487500:07:003:0065"},"geometry":{"type":"Polygon","coordinates":[[[38.243442,49.826579],[38.24342,49.826571],[38.243406,49.826585],[38.243428,49.826594],[38.243442,49.826579]]]}},{"type":"Feature","properties":{"cadnum":"4425487500:07:003:0067"},"geometry":{"type":"Polygon","coordinates":[[[38.244879,49.827122],[38.244893,49.827107],[38.24487,49.827098],[38.244857,49.827113],[38.244879,49.827122]]]}},{"type":"Feature","properties":{"cadnum":"4425487500:07:003:0035"},"geometry":{"type":"Polygon","coordinates":[[[38.247499,49.824705],[38.247503,49.824685],[38.24747,49.824682],[38.247466,49.824702],[38.247499,49.824705]]]}},{"type":"Feature","properties":{"cadnum":"4425487500:04:001:0161"},"geometry":{"type":"Polygon","coordinates":[[[38.216028,49.864914332730564],[38.217518,49.866372],[38.217519519863785,49.866372],[38.218307,49.867142],[38.21949040522134,49.866372],[38.219491,49.866372],[38.219681,49.866248],[38.220404,49.865756],[38.217947,49.863356],[38.217188,49.864062],[38.215972,49.864704],[38.215859,49.864749],[38.216028,49.864915],[38.216028,49.864914332730564]]]}},{"type":"Feature","properties":{"cadnum":"4425487500:04:001:0159"},"geometry":{"type":"Polygon","coordinates":[[[38.213573,49.865643],[38.213565,49.865646],[38.211439,49.86624],[38.21146047727273,49.866261],[38.21146,49.866261],[38.214745,49.869467],[38.215857,49.86874328994544],[38.215857,49.868744],[38.216389,49.868396],[38.215857,49.867876],[38.215857,49.86787775],[38.214204,49.866261],[38.21420371604939,49.866261],[38.213573,49.865643]]]}},{"type":"Feature","properties":{"cadnum":"4425487500:04:001:0160"},"geometry":{"type":"Polygon","coordinates":[[[38.214317,49.866372],[38.214317488789234,49.866372],[38.216028,49.868045],[38.216028,49.86804314285715],[38.216389,49.868396],[38.218307,49.867142],[38.217406,49.866261],[38.21740453789279,49.866261],[38.215859,49.864749],[38.213573,49.865643],[38.214317,49.866372]]]}},{"type":"Feature","properties":{"cadnum":"4425487500:04:003:0110"},"geometry":{"type":"Polygon","coordinates":[[[38.100184,49.816295],[38.100192,49.816278],[38.10017,49.816272],[38.100161,49.81629],[38.100184,49.816295]]]}},{"type":"Feature","properties":{"cadnum":"4425487500:07:006:0058"},"geometry":{"type":"Polygon","coordinates":[[[38.28507,49.858789],[38.285096,49.858787],[38.285092,49.85877],[38.285066,49.858772],[38.28507,49.858789]]]}},{"type":"Feature","properties":{"cadnum":"4425487500:07:006:0051"},"geometry":{"type":"Polygon","coordinates":[[[38.284702,49.856209],[38.284733,49.856203],[38.284729,49.856184],[38.284697,49.85619],[38.284702,49.856209]]]}},{"type":"Feature","properties":{"cadnum":"4425487500:07:006:0052"},"geometry":{"type":"Polygon","coordinates":[[[38.285389,49.858665],[38.285406,49.858659],[38.285416,49.858512],[38.285213,49.858566],[38.285389,49.858665]]]}},{"type":"Feature","properties":{"cadnum":"4425487500:07:006:0059"},"geometry":{"type":"Polygon","coordinates":[[[38.284976,49.858306],[38.284972,49.858289],[38.284945,49.858289],[38.284949,49.858306],[38.284976,49.858306]]]}},{"type":"Feature","properties":{"cadnum":"4425487500:07:006:0054"},"geometry":{"type":"Polygon","coordinates":[[[38.286961,49.858897],[38.28697,49.858877],[38.286939,49.858871],[38.28693,49.858891],[38.286961,49.858897]]]}},{"type":"Feature","properties":{"cadnum":"4425487500:07:006:0060"},"geometry":{"type":"Polygon","coordinates":[[[38.284343,49.855917],[38.284364,49.855914],[38.284364,49.8559],[38.284337,49.8559],[38.284343,49.855917]]]}},{"type":"Feature","properties":{"cadnum":"4425487500:07:006:0072"},"geometry":{"type":"Polygon","coordinates":[[[38.282487,49.85929],[38.28248813571429,49.85929],[38.282519,49.859319],[38.282559,49.859357],[38.282721,49.859508],[38.283377,49.860098],[38.284123,49.860781],[38.284805,49.861407],[38.285096,49.861306],[38.285218,49.861355],[38.286008,49.860871],[38.287209,49.860197],[38.287268,49.86016365217391],[38.287268,49.860164],[38.288354,49.859551],[38.288818467741926,49.85929],[38.288819,49.85929],[38.289733,49.858778],[38.290658,49.858257],[38.289651,49.858025],[38.288335,49.857961],[38.287268,49.858033],[38.287268,49.85803325],[38.286907,49.858057],[38.285681,49.857805],[38.285119,49.857944],[38.284737,49.858034],[38.284203,49.858184],[38.283808,49.858283],[38.283633,49.858317],[38.28348,49.85824],[38.283427,49.858051],[38.28361,49.85795],[38.28362,49.857776],[38.283471,49.857568],[38.283067,49.857371],[38.282509,49.85718],[38.282303,49.857119],[38.281832,49.857724],[38.28154,49.858092],[38.28141,49.858289],[38.281775,49.8586223234714],[38.281775,49.858623],[38.281917,49.858752],[38.281946,49.858781],[38.281946,49.85877937192983],[38.282487,49.85929]],[[38.286939,49.858871],[38.28697,49.858877],[38.286961,49.858897],[38.28693,49.858891],[38.286939,49.858871]],[[38.285416,49.858512],[38.285406,49.858659],[38.285389,49.858665],[38.285213,49.858566],[38.285416,49.858512]],[[38.285092,49.85877],[38.285096,49.858787],[38.28507,49.858789],[38.285066,49.858772],[38.285092,49.85877]],[[38.284976,49.858306],[38.284949,49.858306],[38.284945,49.858289],[38.284972,49.858289],[38.284976,49.858306]],[[38.285735,49.859847],[38.285708,49.859849],[38.285704,49.859832],[38.285731,49.859829],[38.285735,49.859847]],[[38.285542,49.860544],[38.285519,49.860547],[38.285515,49.86053],[38.285542,49.860527],[38.285542,49.860544]],[[38.285366,49.859953],[38.285362,49.859939],[38.285389,49.859936],[38.285393,49.859953],[38.285366,49.859953]],[[38.285241,49.859348],[38.285213,49.859351],[38.285209,49.859334],[38.285236,49.859334],[38.285241,49.859348]]]}},{"type":"Feature","properties":{"cadnum":"4425487500:05:001:0025"},"geometry":{"type":"Polygon","coordinates":[[[38.284647,49.857023],[38.284643,49.857006],[38.28462,49.857008],[38.28462,49.857023],[38.284647,49.857023]]]}},{"type":"Feature","properties":{"cadnum":"4425487500:05:001:0001"},"geometry":{"type":"Polygon","coordinates":[[[38.285129,49.857755],[38.285159,49.85775],[38.285151,49.857729],[38.285123,49.857736],[38.285129,49.857755]]]}},{"type":"Feature","properties":{"cadnum":"4425487500:05:001:0026"},"geometry":{"type":"Polygon","coordinates":[[[38.28449,49.856508],[38.284517,49.856505],[38.284513,49.85649],[38.284486,49.85649],[38.28449,49.856508]]]}},{"type":"Feature","properties":{"cadnum":"4425487500:05:001:0024"},"geometry":{"type":"Polygon","coordinates":[[[38.284779,49.857637],[38.284805,49.857634],[38.2848,49.857617],[38.284773,49.85762],[38.284779,49.857637]]]}},{"type":"Feature","properties":{"cadnum":"4425487500:01:001:0054"},"geometry":{"type":"Polygon","coordinates":[[[38.146855,49.844695],[38.148328,49.844072],[38.149204,49.843678],[38.149896,49.842963],[38.149339,49.842658],[38.14858,49.843093],[38.146752,49.844063],[38.146603,49.843944],[38.146303,49.844075],[38.1465,49.844373],[38.146855,49.844695]]]}},{"type":"Feature","properties":{"cadnum":"4425487500:04:002:0045"},"geometry":{"type":"Polygon","coordinates":[[[38.147192,49.84103],[38.147192,49.840202],[38.147142,49.84017],[38.1461,49.840054],[38.14566,49.84004],[38.144744,49.841581],[38.14474412195122,49.841581],[38.144445,49.842085],[38.144445,49.842085158160685],[38.142638,49.845123],[38.142638898876406,49.845123],[38.14244,49.845457],[38.143913,49.845367],[38.14410091031404,49.845019561658944],[38.144192,49.844854],[38.144617,49.844151],[38.144617,49.84414998151951],[38.144932,49.843628],[38.145368,49.842696],[38.146595,49.841642],[38.146831,49.84147],[38.14683081165919,49.84147],[38.146985,49.841358],[38.147192,49.84103]]]}},{"type":"Feature","properties":{"cadnum":"4425487500:01:001:0047"},"geometry":{"type":"Polygon","coordinates":[[[38.14703730379746,49.84147],[38.147036,49.84147],[38.145697,49.842699],[38.14633,49.842937],[38.147484,49.842247],[38.148121,49.841818],[38.14771650344906,49.84152040000058],[38.147525,49.841378],[38.148167,49.841013],[38.148764,49.841453],[38.149308,49.841155],[38.14888,49.840915],[38.148198,49.840474],[38.147175,49.841344],[38.14703730379746,49.84147]]]}},{"type":"Feature","properties":{"cadnum":"4425487500:04:002:0392"},"geometry":{"type":"Polygon","coordinates":[[[38.145058,49.840019],[38.144928,49.840028],[38.144802,49.840805],[38.144677,49.840993],[38.144617,49.84102403448276],[38.144617,49.841024],[38.144435,49.841118],[38.144043,49.841103],[38.144003,49.841352],[38.14393704366812,49.84147],[38.143937,49.84147],[38.1439309175261,49.84148096005096],[38.143875,49.841581],[38.14387539858907,49.841581],[38.142993,49.843171],[38.141955,49.844773],[38.141596,49.844802],[38.14146385046729,49.845012],[38.141463,49.845012],[38.141137,49.845535],[38.14244,49.845457],[38.142705,49.845012],[38.14270402614969,49.845012],[38.144617,49.841796],[38.144617,49.841795191780825],[38.14481,49.84147],[38.14480998053212,49.84147],[38.14566,49.84004],[38.145058,49.840019]]]}},{"type":"Feature","properties":{"cadnum":"4425487500:04:001:0137"},"geometry":{"type":"Polygon","coordinates":[[[38.202906,49.861178],[38.202749,49.861517],[38.20403729832572,49.862721],[38.204036,49.862721],[38.20487,49.863498626242546],[38.20487,49.863499],[38.207802,49.866236],[38.208785,49.866066],[38.209274,49.866075],[38.206315,49.863315],[38.20579596296296,49.862831],[38.205796,49.862831],[38.20487,49.861966],[38.20487,49.86196611718339],[38.203139,49.860347],[38.202906,49.861178]]]}},{"type":"Feature","properties":{"cadnum":"4425487500:04:004:0017"},"geometry":{"type":"Polygon","coordinates":[[[38.144242,49.815533],[38.144196,49.815345],[38.144142,49.815214],[38.14337,49.815217],[38.142835,49.815328],[38.142422,49.81533],[38.141605,49.81515],[38.141133,49.814962],[38.141083,49.814939],[38.141229573761564,49.816665],[38.141229,49.816665],[38.141362,49.818231],[38.141789,49.817933],[38.142184,49.817741],[38.142565,49.817652],[38.143028,49.817558],[38.143783,49.817466],[38.144445,49.81730554172186],[38.144445,49.817306],[38.144538,49.817283],[38.144617,49.81725],[38.144617,49.817248928909954],[38.14496,49.817101],[38.145234,49.816901],[38.145305,49.816762],[38.145086,49.816665],[38.14508594701987,49.816665],[38.144964,49.816611],[38.144749,49.816318],[38.144645,49.816177],[38.144579579439856,49.816094897197026],[38.144331,49.815782],[38.144242,49.815533]]]}},{"type":"Feature","properties":{"cadnum":"4425487500:01:001:0050"},"geometry":{"type":"Polygon","coordinates":[[[38.148028,49.840002],[38.148571,49.839026],[38.147804,49.838881],[38.147295,49.839046],[38.14668,49.839034],[38.145827,49.838847],[38.145764,49.839075],[38.145347,49.839052],[38.145162,49.839724],[38.145584,49.839704],[38.146635,49.839813],[38.146716,49.839628],[38.147362,49.839724],[38.147291,49.839898],[38.148028,49.840002]]]}},{"type":"Feature","properties":{"cadnum":"4425487500:07:004:0025"},"geometry":{"type":"Polygon","coordinates":[[[38.264628,49.809165],[38.26453666666667,49.809576],[38.264536,49.809576],[38.264454,49.809951],[38.264265,49.810777],[38.265295,49.81086868885191],[38.265295,49.810869],[38.268617,49.811165],[38.268609,49.811133],[38.268506,49.810649],[38.268582,49.810026],[38.268663,49.809576],[38.26866294339623,49.809576],[38.268672,49.809528],[38.265467,49.809241381699735],[38.265467,49.80924],[38.264628,49.809165]]]}},{"type":"Feature","properties":{"cadnum":"4425487500:07:004:0027"},"geometry":{"type":"Polygon","coordinates":[[[38.26391,49.812325],[38.263839,49.812632],[38.263727345,49.813121],[38.263727,49.813121],[38.263565,49.813835],[38.265295,49.8139905362776],[38.265295,49.813991],[38.269768,49.814391],[38.269313,49.813121],[38.26931246575342,49.813121],[38.269196,49.812794],[38.265467,49.81246421148423],[38.265467,49.812463],[38.26391,49.812325]]]}},{"type":"Feature","properties":{"cadnum":"4425487500:07:004:0026"},"geometry":{"type":"Polygon","coordinates":[[[38.265467,49.81235033160083],[38.269143,49.812678],[38.268699,49.81144],[38.268563,49.811049],[38.265295,49.810757],[38.265295,49.81075766242038],[38.264211,49.810661],[38.264112,49.811096],[38.263856,49.812206],[38.265467,49.812351],[38.265467,49.81235033160083]]]}},{"type":"Feature","properties":{"cadnum":"4425487500:04:008:0043"},"geometry":{"type":"Polygon","coordinates":[[[38.205042,49.828458],[38.199995,49.827631],[38.200135,49.828263],[38.200211,49.828605],[38.20487,49.82936783771476],[38.20487,49.829369],[38.208228,49.829918],[38.20799,49.828941],[38.205042,49.82845911538462],[38.205042,49.828458]]]}},{"type":"Feature","properties":{"cadnum":"4425487500:04:008:0042"},"geometry":{"type":"Polygon","coordinates":[[[38.205042,49.829396],[38.200211,49.828605],[38.200372,49.829335],[38.200422,49.829549],[38.20487,49.83027878008658],[38.20487,49.830279],[38.208462,49.830868],[38.208228,49.829918],[38.205042,49.82939712030971],[38.205042,49.829396]]]}},{"type":"Feature","properties":{"cadnum":"4425487500:04:001:0284"},"geometry":{"type":"Polygon","coordinates":[[[38.186143,49.8342],[38.186323,49.833614],[38.186502,49.832888],[38.186713,49.831778],[38.186696,49.831606],[38.18498,49.831291],[38.18354741198502,49.834384],[38.183547,49.834384],[38.18308,49.835394],[38.184311,49.835585],[38.184778,49.835657],[38.18597,49.834384],[38.18596960338983,49.834384],[38.186143,49.8342]]]}},{"type":"Feature","properties":{"cadnum":"4425487500:04:001:0286"},"geometry":{"type":"Polygon","coordinates":[[[38.184562,49.831215],[38.183219,49.830996],[38.183069,49.831320766355134],[38.183069,49.83132],[38.18164942708661,49.834384],[38.181649,49.834384],[38.18131,49.835118],[38.181522,49.83515],[38.182828,49.835353],[38.18300692424177,49.83538195454535],[38.18308,49.835394],[38.18349567623762,49.834495],[38.183496,49.834495],[38.18498,49.831291],[38.184562,49.831215]]]}},{"type":"Feature","properties":{"cadnum":"4425487500:02:001:0043"},"geometry":{"type":"Polygon","coordinates":[[[38.188128,49.833484],[38.188353,49.832467],[38.188106,49.832424],[38.188114,49.832244],[38.187724,49.831899],[38.186789,49.831726],[38.186781,49.831778],[38.186619,49.832647],[38.186575,49.832893],[38.186439,49.833435],[38.188128,49.833484]]]}},{"type":"Feature","properties":{"cadnum":"4425487500:02:001:0044"},"geometry":{"type":"Polygon","coordinates":[[[38.188047,49.833843],[38.188128,49.833484],[38.186439,49.833435],[38.18639,49.833623],[38.18634,49.833791],[38.186363,49.833794],[38.187504,49.83384],[38.188047,49.833843]]]}},{"type":"Feature","properties":{"cadnum":"4425487500:07:006:0076"},"geometry":{"type":"Polygon","coordinates":[[[38.278148,49.862067],[38.278437,49.862348],[38.278806138716355,49.862721],[38.278805,49.862721],[38.279603,49.863524],[38.280389,49.864322],[38.280758,49.86406],[38.281306,49.863683],[38.281486,49.863579],[38.281775,49.86337481521739],[38.281775,49.863375],[38.28189757895004,49.86328821052442],[38.281946,49.863254],[38.281946,49.8632539270073],[38.282186,49.863084],[38.282232,49.863054],[38.28201033933934,49.862831],[38.282011,49.862831],[38.281775,49.862593],[38.281775,49.862593259775046],[38.280079,49.86088],[38.278148,49.862067]]]}},{"type":"Feature","properties":{"cadnum":"4425487500:07:001:0020"},"geometry":{"type":"Polygon","coordinates":[[[38.277345,49.861566],[38.276281,49.861957],[38.276281,49.8619570744249],[38.275714,49.862165],[38.27628085285285,49.862721],[38.27628,49.862721],[38.276281,49.86272197687861],[38.276281,49.862722],[38.278858,49.865247],[38.2799,49.864618],[38.280272,49.864424],[38.279389,49.863588],[38.27856183570207,49.86277026745005],[38.278198,49.862409],[38.277345,49.861566]],[[38.27814,49.862409],[38.278158,49.862423],[38.278135,49.862435],[38.278117,49.862418],[38.27814,49.862409]],[[38.277649,49.861948],[38.277664,49.861963],[38.277641,49.861974],[38.277628,49.861957],[38.277649,49.861948]],[[38.279119,49.863339],[38.279137,49.863352],[38.27911,49.863361],[38.279096,49.863347],[38.279119,49.863339]],[[38.278638,49.862872],[38.278651,49.862887],[38.27863,49.862895],[38.278616,49.86288],[38.278638,49.862872]]]}},{"type":"Feature","properties":{"cadnum":"4425487500:07:001:0018"},"geometry":{"type":"Polygon","coordinates":[[[38.2739,49.862831],[38.273901156069364,49.862831],[38.27279,49.86324],[38.275985,49.866372],[38.27598527459016,49.866372],[38.276281,49.866661787148594],[38.276281,49.866662],[38.27637,49.866749],[38.276453,49.866699],[38.276453,49.86669880916977],[38.277108876625455,49.86630219480394],[38.277574,49.866022],[38.276453,49.86492354137665],[38.276453,49.864923],[38.274224145041174,49.86273780916326],[38.274205,49.862719],[38.2739,49.862831]]]}},{"type":"Feature","properties":{"cadnum":"4425487500:07:001:0065"},"geometry":{"type":"Polygon","coordinates":[[[38.27863,49.862895],[38.278651,49.862884],[38.278638,49.862872],[38.278616,49.86288],[38.27863,49.862895]]]}},{"type":"Feature","properties":{"cadnum":"4425487500:07:001:0062"},"geometry":{"type":"Polygon","coordinates":[[[38.280026,49.864187],[38.280049,49.864175],[38.280035,49.864163],[38.280012,49.864172],[38.280026,49.864187]]]}},{"type":"Feature","properties":{"cadnum":"4425487500:07:001:0063"},"geometry":{"type":"Polygon","coordinates":[[[38.279603,49.863787],[38.279626,49.863779],[38.279613,49.863764],[38.27959,49.863775],[38.279603,49.863787]]]}},{"type":"Feature","properties":{"cadnum":"4425487500:07:001:0019"},"geometry":{"type":"Polygon","coordinates":[[[38.275714,49.862165],[38.274205,49.862719],[38.27420703571429,49.862721],[38.274207,49.862721],[38.27422414504117,49.86273780916325],[38.274319,49.862831],[38.27431919800181,49.862831],[38.276281,49.86475436954586],[38.276281,49.864755],[38.277574,49.866022],[38.278858,49.865247],[38.276453,49.86289052929763],[38.276453,49.86289],[38.27639260355029,49.862831],[38.276393,49.862831],[38.275714,49.862165]]]}},{"type":"Feature","properties":{"cadnum":"4425487500:07:001:0061"},"geometry":{"type":"Polygon","coordinates":[[[38.280295,49.864418],[38.280309,49.864404],[38.280251,49.864369],[38.280232,49.864384],[38.280295,49.864418]]]}},{"type":"Feature","properties":{"cadnum":"4425487500:07:001:0064"},"geometry":{"type":"Polygon","coordinates":[[[38.279123,49.863356],[38.279146,49.863347],[38.279127,49.863333],[38.27911,49.863341],[38.279123,49.863356]]]}},{"type":"Feature","properties":{"cadnum":"4425487500:04:009:0009"},"geometry":{"type":"Polygon","coordinates":[[[38.22322634259259,49.852096],[38.223226,49.852096],[38.221521,49.85464532036247],[38.221521,49.854644],[38.220781,49.855749],[38.2207817740458,49.855749],[38.220418,49.856293],[38.221521,49.856598],[38.221521,49.85659745026178],[38.221541,49.856603],[38.221838,49.856684],[38.222476100314196,49.85572639178099],[38.224784,49.852271],[38.224147,49.852096],[38.224146055555565,49.852096],[38.223369,49.851883],[38.22322634259259,49.852096]]]}},{"type":"Feature","properties":{"cadnum":"4425487500:04:009:0030"},"geometry":{"type":"Polygon","coordinates":[[[38.212913,49.851865],[38.213158184210535,49.852096],[38.213158,49.852096],[38.21318919565296,49.85212521739204],[38.213276,49.852207],[38.213276515625,49.852207],[38.216028,49.854784],[38.216028,49.854783138197426],[38.21694084509624,49.855638],[38.21694,49.855638],[38.217022,49.855714],[38.217966,49.854284],[38.215889,49.852096],[38.215887,49.852096],[38.215886762979686,49.852096],[38.215572,49.851764],[38.212913,49.851865]]]}},{"type":"Feature","properties":{"cadnum":"4425487500:04:009:0029"},"geometry":{"type":"Polygon","coordinates":[[[38.211094,49.851935],[38.211384,49.852207],[38.211384505338074,49.852207],[38.215166,49.855749],[38.215166625954204,49.855749],[38.215857,49.85639499285714],[38.215857,49.856395],[38.21586603921686,49.856403450981496],[38.216028,49.856555],[38.216028,49.856554872017355],[38.216318,49.856826],[38.216991,49.855767],[38.217022,49.855714],[38.215857,49.854623],[38.215857,49.85462384390244],[38.21318919565296,49.85212521739204],[38.212913,49.851865],[38.211094,49.851935]]]}},{"type":"Feature","properties":{"cadnum":"4425487500:04:009:0001"},"geometry":{"type":"Polygon","coordinates":[[[38.217634,49.855523],[38.21755716371681,49.855638],[38.217557,49.855638],[38.21754742998344,49.85565256836915],[38.217483,49.855749],[38.217484083682,49.855749],[38.2174,49.855877],[38.216043,49.858023],[38.21729206393054,49.859179],[38.217292,49.859179],[38.21732714462721,49.85921146694133],[38.217412,49.85929],[38.21741215463918,49.85929],[38.217607,49.85947],[38.21776874835845,49.85922612035072],[38.219838,49.856134],[38.219003,49.855903],[38.218414083305674,49.85573958332566],[38.217634,49.855523]]]}},{"type":"Feature","properties":{"cadnum":"4425487500:04:009:0008"},"geometry":{"type":"Polygon","coordinates":[[[38.221951,49.851495],[38.22154836376404,49.852096],[38.221548,49.852096],[38.22150416923075,49.8521619675214],[38.221474,49.852207],[38.221474248322146,49.852207],[38.221390274548845,49.85233338476991],[38.2191792664082,49.855638],[38.219178,49.855638],[38.219003,49.855903],[38.219838,49.856134],[38.220418,49.856293],[38.220856,49.855638],[38.22085533484164,49.855638],[38.22135,49.8548993445946],[38.22135,49.854901],[38.22315176256684,49.852207],[38.223152,49.852207],[38.223369,49.851883],[38.221951,49.851495]]]}},{"type":"Feature","properties":{"cadnum":"4425487500:07:006:0027"},"geometry":{"type":"Polygon","coordinates":[[[38.281113,49.840883],[38.280145,49.841581],[38.28014509727627,49.841581],[38.27923,49.842241],[38.27928,49.842357],[38.279285,49.84252],[38.279833,49.844031],[38.279995,49.844422],[38.281775,49.84313831983598],[38.281775,49.843139],[38.283215,49.842099],[38.282743,49.841827],[38.282126,49.84147],[38.28212475477707,49.84147],[38.281946,49.84136624953789],[38.281946,49.841366],[38.281113,49.840883]],[[38.280727,49.841529],[38.280735,49.841549],[38.280704,49.841552],[38.280695,49.841531],[38.280727,49.841529]],[[38.281081,49.842771],[38.281087,49.842791],[38.28106,49.842797],[38.28105,49.842777],[38.281081,49.842771]]]}},{"type":"Feature","properties":{"cadnum":"4425487500:07:006:0030"},"geometry":{"type":"Polygon","coordinates":[[[38.286062,49.839409],[38.284333,49.838533],[38.281946,49.840259329163416],[38.281946,49.840258],[38.281073,49.840889],[38.281775,49.84129588659794],[38.281775,49.841296],[38.282075378947376,49.84147],[38.282075,49.84147],[38.28225162500198,49.84157209375115],[38.282267,49.841581],[38.28226703305784,49.841581],[38.282703,49.841833],[38.283205,49.84147],[38.28320487707182,49.84147],[38.286062,49.839409]]]}},{"type":"Feature","properties":{"cadnum":"4425487500:07:006:0029"},"geometry":{"type":"Polygon","coordinates":[[[38.287742,49.840254],[38.287439,49.84010122151899],[38.287439,49.840101],[38.28730695890161,49.84003464383436],[38.287268,49.840015],[38.287268,49.840015065359474],[38.286062,49.839409],[38.283051,49.841581],[38.283051495867774,49.841581],[38.282703,49.841833],[38.283171,49.842105],[38.284289,49.842751],[38.28590562763467,49.841581],[38.285906,49.841581],[38.287268,49.840596592954995],[38.287268,49.840597],[38.287742,49.840254]]]}},{"type":"Feature","properties":{"cadnum":"4425487500:04:003:0027"},"geometry":{"type":"Polygon","coordinates":[[[38.115042,49.837905],[38.115042,49.837829],[38.11474893779904,49.837927],[38.114748,49.837927],[38.111658,49.83895952605763],[38.111658,49.838959],[38.107639,49.8403],[38.107631,49.841314],[38.111486,49.84002548994288],[38.111486,49.840026],[38.115032,49.83884],[38.115036,49.838252],[38.115038633846154,49.838038],[38.115039,49.838038],[38.115042,49.837905]]]}},{"type":"Feature","properties":{"cadnum":"4425487500:04:003:0025"},"geometry":{"type":"Polygon","coordinates":[[[38.115023,49.839854],[38.111658,49.84097947215154],[38.111658,49.840979],[38.11019152491693,49.84147],[38.110191,49.84147],[38.107625,49.842328],[38.107617,49.843223],[38.109768,49.842606],[38.111367,49.842093],[38.111486,49.84205742268041],[38.111486,49.842058],[38.112742,49.841679],[38.1130336555024,49.841581],[38.113034,49.841581],[38.115015,49.840915],[38.115023,49.839854]]]}},{"type":"Feature","properties":{"cadnum":"4425487500:04:003:0028"},"geometry":{"type":"Polygon","coordinates":[[[38.11505,49.836827],[38.11505,49.836816],[38.111486,49.838006],[38.111486,49.838007],[38.111486,49.83800711698113],[38.111393,49.838038],[38.111394460044814,49.838038],[38.107648,49.839289],[38.107639,49.8403],[38.111486,49.83901639039562],[38.111486,49.839017],[38.11441581467891,49.838038],[38.114417,49.838038],[38.115042,49.837829],[38.11505,49.836827]]]}},{"type":"Feature","properties":{"cadnum":"4425487500:04:002:0012"},"geometry":{"type":"Polygon","coordinates":[[[38.114682,49.841395],[38.11429705262969,49.841524710526954],[38.113084,49.841932],[38.117151,49.843635],[38.117151,49.84363453500001],[38.11938,49.844567],[38.120449,49.843967],[38.120611,49.843878],[38.11698,49.842358],[38.11698,49.842358376963354],[38.11512133735099,49.84157987951874],[38.114682,49.841395]]]}},{"type":"Feature","properties":{"cadnum":"4425487500:04:003:0026"},"geometry":{"type":"Polygon","coordinates":[[[38.115023,49.839854],[38.115028,49.839582],[38.115032,49.83884],[38.111658,49.83996847264524],[38.111658,49.839968],[38.107631,49.841314],[38.10762924719101,49.84147],[38.107629,49.84147],[38.1076288247012,49.84150760159293],[38.107628,49.841581],[38.107628482517484,49.841581],[38.107625,49.842328],[38.10985903496505,49.841581],[38.10986,49.841581],[38.111486,49.841036588431585],[38.111486,49.841037],[38.115023,49.839854]]]}},{"type":"Feature","properties":{"cadnum":"4425487500:04:009:0003"},"geometry":{"type":"Polygon","coordinates":[[[38.221861,49.856656],[38.221564,49.856574],[38.22148940979922,49.85668623385351],[38.21982223726896,49.859179],[38.219822,49.859179],[38.218878,49.860594],[38.218932,49.86064],[38.219991,49.861676],[38.22135,49.85964460588236],[38.22135,49.859646],[38.2216044023969,49.859263987397576],[38.223117,49.857003],[38.221861,49.856656]]]}},{"type":"Feature","properties":{"cadnum":"4425487500:04:009:0004"},"geometry":{"type":"Polygon","coordinates":[[[38.224407,49.857397],[38.223253,49.857075],[38.22309,49.857032],[38.221657081930914,49.859179],[38.221657,49.859179],[38.22163824339405,49.859207226553586],[38.221583,49.85929],[38.22158324025974,49.85929],[38.221521,49.85938366449511],[38.221521,49.859383],[38.21997,49.861708],[38.220913,49.862626],[38.22135,49.8619719375],[38.22135,49.861973],[38.223140907301364,49.85929],[38.223141,49.85929],[38.224407,49.857397]]]}},{"type":"Feature","properties":{"cadnum":"4425487500:04:009:0006"},"geometry":{"type":"Polygon","coordinates":[[[38.2265,49.85812],[38.226581,49.857996],[38.225553,49.857712],[38.22457035171103,49.859179],[38.22457,49.859179],[38.222126,49.862831],[38.22212640625,49.862831],[38.221729,49.863425],[38.221855,49.863547],[38.222398,49.864213],[38.222398,49.864215],[38.223439,49.862721],[38.22343771174979,49.862721],[38.224186,49.861648],[38.225805,49.859179],[38.22580395641026,49.859179],[38.2265,49.85812]]]}},{"type":"Feature","properties":{"cadnum":"4425487500:04:009:0005"},"geometry":{"type":"Polygon","coordinates":[[[38.224712,49.85748],[38.224407,49.857397],[38.223215234548334,49.859179],[38.223215,49.859179],[38.221521,49.861716820911525],[38.221521,49.861716],[38.220913,49.862626],[38.22100985365854,49.862721],[38.221008,49.862721],[38.221521,49.863222],[38.221521,49.863221390501316],[38.221729,49.863425],[38.2222,49.862721],[38.222199614457836,49.862721],[38.22449571631982,49.85929],[38.224496,49.85929],[38.225553,49.857712],[38.224712,49.85748]]]}},{"type":"Feature","properties":{"cadnum":"4425487500:04:002:0074"},"geometry":{"type":"Polygon","coordinates":[[[38.131449,49.854799],[38.131764,49.854868],[38.13193,49.855323],[38.132033,49.85554],[38.132229,49.855749],[38.13222993586699,49.855749],[38.132523,49.856059],[38.13334,49.856403],[38.133456,49.856737],[38.133169,49.857066],[38.133277,49.857759],[38.133459,49.857888559322035],[38.133459,49.857889],[38.134022,49.858289],[38.134903,49.858807],[38.135487,49.85929],[38.13548809730539,49.85929],[38.136161,49.859847],[38.136666,49.859179],[38.13666513095238,49.859179],[38.137154,49.858534],[38.133631,49.855871965899865],[38.133631,49.855871],[38.133322,49.855638],[38.13332122102839,49.855638],[38.131745,49.854446],[38.131449,49.854799]]]}},{"type":"Feature","properties":{"cadnum":"4425487500:04:002:0075"},"geometry":{"type":"Polygon","coordinates":[[[38.13246,49.853589],[38.131957,49.854194],[38.131745,49.854446],[38.133468,49.855749],[38.13346826396849,49.855749],[38.137154,49.858534],[38.137383,49.858236],[38.137831,49.857643],[38.135174,49.855638],[38.13517389537366,49.855638],[38.133631,49.85447378517723],[38.133631,49.854473],[38.13246,49.853589]]]}},{"type":"Feature","properties":{"cadnum":"4425487500:04:002:0071"},"geometry":{"type":"Polygon","coordinates":[[[38.122206,49.852096],[38.12220593814434,49.852096],[38.121958,49.851996],[38.121867004739336,49.852096],[38.121867,49.852096],[38.12186616051445,49.852096927767974],[38.121766,49.852207],[38.12176656228374,49.852207],[38.121344,49.852674],[38.122644,49.853198],[38.122644,49.853197852780234],[38.127966,49.85534074457193],[38.127966,49.855341],[38.12898,49.855749],[38.12898060326895,49.855749],[38.130376,49.856311],[38.130399,49.856293],[38.130965,49.855647],[38.130973,49.855628],[38.128138,49.85448626903891],[38.128138,49.854486],[38.122587012580354,49.852249927044724],[38.12248098795181,49.852207],[38.122482,49.852207],[38.122439,49.85219],[38.122206,49.852096]]]}},{"type":"Feature","properties":{"cadnum":"4425487500:04:008:0074"},"geometry":{"type":"Polygon","coordinates":[[[38.20487,49.80915],[38.20487,49.809150834204864],[38.20233382752293,49.809576],[38.202332,49.809576],[38.201791,49.809667],[38.201217,49.809736],[38.201613,49.810638],[38.203557,49.80993],[38.203871,49.810295],[38.20487,49.81023442869342],[38.20487,49.810235],[38.206571,49.810131],[38.206997,49.810069],[38.20682188438134,49.809687],[38.206822,49.809687],[38.206454,49.808884],[38.20487,49.80915]]]}},{"type":"Feature","properties":{"cadnum":"4425487500:04:008:0075"},"geometry":{"type":"Polygon","coordinates":[[[38.211026,49.809313],[38.214552,49.809348],[38.214324,49.808847],[38.213775,49.807655],[38.210535,49.80819911488863],[38.210535,49.808199],[38.206454,49.808884],[38.206771130759655,49.809576],[38.206771,49.809576],[38.206997,49.810069],[38.20958284615386,49.809687],[38.209586,49.809687],[38.210253,49.809588],[38.210535,49.809489],[38.210535,49.80948777526395],[38.211026,49.809313]]]}},{"type":"Feature","properties":{"cadnum":"4425487500:04:009:0011"},"geometry":{"type":"Polygon","coordinates":[[[38.227664,49.853061],[38.22688690373883,49.8528489786084],[38.226203,49.852662],[38.22421321574345,49.855638],[38.224213,49.855638],[38.223253,49.857075],[38.224407,49.857397],[38.224712,49.85748],[38.22586787947883,49.855749],[38.225868,49.855749],[38.226843,49.85429032519616],[38.226843,49.854291],[38.227664,49.853061]]]}},{"type":"Feature","properties":{"cadnum":"4425487500:04:009:0012"},"geometry":{"type":"Polygon","coordinates":[[[38.227425,49.8555],[38.227015,49.85528317307692],[38.227015,49.855283],[38.226905,49.855225],[38.226905,49.855124],[38.227205,49.854863],[38.227601,49.854677],[38.228251,49.854756],[38.228804,49.854849],[38.229123,49.854385],[38.228782,49.854052],[38.228494,49.853765],[38.228211,49.85349],[38.228045,49.853247],[38.228067,49.853172],[38.227664,49.853061],[38.227015,49.85403331425091],[38.227015,49.854033],[38.225942194055946,49.855638],[38.225942,49.855638],[38.224712,49.85748],[38.225553,49.857712],[38.226581,49.857996],[38.226843,49.85758066359447],[38.226843,49.857581],[38.2269421772667,49.857423442489655],[38.227015,49.857308],[38.227015,49.85730775298805],[38.227847,49.855986],[38.227847,49.855749],[38.227847,49.855638],[38.227847,49.855636],[38.227425,49.8555]]]}},{"type":"Feature","properties":{"cadnum":"4425487500:04:009:0017"},"geometry":{"type":"Polygon","coordinates":[[[38.22900785931559,49.848554],[38.229007,49.848554],[38.226843,49.851795],[38.226843,49.851795464285715],[38.22664144311377,49.852096],[38.22664,49.852096],[38.226302,49.852604],[38.226843,49.85275271809257],[38.226843,49.852753],[38.227788,49.853013],[38.22832591930207,49.852207],[38.228326,49.852207],[38.230597,49.848813],[38.229659,49.848554],[38.22965862737643,49.848554],[38.229109,49.848402],[38.22900785931559,49.848554]]]}},{"type":"Feature","properties":{"cadnum":"4425487500:04:009:0018"},"geometry":{"type":"Polygon","coordinates":[[[38.231818,49.850096],[38.231993,49.849778],[38.231598,49.849514],[38.231059,49.849297],[38.230847,49.849057],[38.230853,49.848972],[38.23091,49.848935],[38.230574,49.848842],[38.228323,49.852207],[38.22832476507937,49.852207],[38.227767,49.853041],[38.228081,49.853128],[38.22853,49.852928],[38.228637,49.852891],[38.228727,49.852943],[38.229253,49.853073],[38.229792,49.853232],[38.230084,49.852775],[38.230451234167894,49.852207],[38.230452,49.852207],[38.231818,49.850096]]]}},{"type":"Feature","properties":{"cadnum":"4425487500:04:002:0109"},"geometry":{"type":"Polygon","coordinates":[[[38.155603,49.84839315822786],[38.155603,49.848393],[38.15552013235294,49.848554],[38.15552,49.848554],[38.15549314354189,49.84860643540432],[38.155463,49.848665],[38.15546314782371,49.848665],[38.153649,49.852207],[38.15364919436946,49.852207],[38.152379,49.854689],[38.153821,49.855115],[38.15529859920504,49.852207],[38.155299,49.852207],[38.155432,49.851946250000005],[38.155432,49.851948],[38.155602683333484,49.85161162083303],[38.155603,49.851611],[38.155603,49.851610996753244],[38.15574,49.851341],[38.156983,49.849016],[38.156031,49.848554],[38.156030174757284,49.848554],[38.155622,49.848356],[38.155603,49.84839315822786]]]}},{"type":"Feature","properties":{"cadnum":"4425487500:04:002:0238"},"geometry":{"type":"Polygon","coordinates":[[[38.160945,49.848767],[38.160964,49.848755],[38.160941,49.848744],[38.160928,49.848755],[38.160945,49.848767]]]}},{"type":"Feature","properties":{"cadnum":"4425487500:04:002:0244"},"geometry":{"type":"Polygon","coordinates":[[[38.160802,49.851852],[38.160811,49.851833],[38.160788,49.851828],[38.160779,49.851846],[38.160802,49.851852]]]}},{"type":"Feature","properties":{"cadnum":"4425487500:04:002:0190"},"geometry":{"type":"Polygon","coordinates":[[[38.160941,49.851854],[38.16095,49.85184],[38.160928,49.851833],[38.160918,49.851848],[38.160941,49.851854]]]}},{"type":"Feature","properties":{"cadnum":"4425487500:07:006:0001"},"geometry":{"type":"Polygon","coordinates":[[[38.290496,49.852393],[38.288857,49.853398],[38.28892,49.853436],[38.289247,49.85349],[38.289517,49.8534],[38.289831,49.853239],[38.290016,49.853342],[38.289997,49.853861],[38.290195,49.854162],[38.290878,49.854556],[38.291184,49.854733],[38.291215,49.854868],[38.290985,49.855257],[38.291008,49.855448],[38.2912333488372,49.855638],[38.291233,49.855638],[38.29129089062439,49.85568651562449],[38.291365,49.855749],[38.29136544927536,49.855749],[38.29148,49.855845],[38.292761,49.85680974065421],[38.292761,49.85681],[38.292764,49.856812],[38.292933,49.856701],[38.292933,49.85670097257974],[38.29438204173764,49.855749],[38.294384,49.855749],[38.294696,49.855544],[38.294857,49.855445],[38.292933,49.854099301526716],[38.292933,49.854099],[38.290496,49.852393]]]}},{"type":"Feature","properties":{"cadnum":"4425487500:07:005:0041"},"geometry":{"type":"Polygon","coordinates":[[[38.27182,49.834174],[38.27119523364485,49.834384],[38.271193,49.834384],[38.27087019873261,49.8344931945028],[38.269812,49.834849],[38.27096,49.836364],[38.27096,49.836363917602995],[38.271856,49.837546],[38.272812,49.837224],[38.273867,49.836871],[38.271979,49.834384],[38.27197831775701,49.834384],[38.27182,49.834174]]]}},{"type":"Feature","properties":{"cadnum":"4425487500:07:005:0021"},"geometry":{"type":"Polygon","coordinates":[[[38.267342,49.832296],[38.266552,49.83269],[38.266139,49.832893],[38.266277,49.832908],[38.26665,49.833337],[38.265467,49.83376305461255],[38.265467,49.833763],[38.265011,49.833927],[38.265295,49.83416678070176],[38.265295,49.834168],[38.265683,49.834495],[38.26568471442035,49.834495],[38.266812,49.835445],[38.267122,49.835338],[38.269852,49.834411],[38.26982,49.834384],[38.269819957446806,49.834384],[38.267342,49.832296]]]}},{"type":"Feature","properties":{"cadnum":"4425487500:07:005:0020"},"geometry":{"type":"Polygon","coordinates":[[[38.265841,49.834495],[38.265467,49.83417990842491],[38.265467,49.834179],[38.264993,49.833779],[38.263314040502785,49.834384],[38.263313,49.834384],[38.262329,49.834739],[38.260915,49.835306],[38.263812,49.836303],[38.265467,49.835753],[38.265467,49.83575266666667],[38.26564,49.835695],[38.266794,49.835298],[38.26584076695842,49.834495],[38.265841,49.834495]]]}},{"type":"Feature","properties":{"cadnum":"4425487500:04:002:0053"},"geometry":{"type":"Polygon","coordinates":[[[38.133789,49.847701],[38.135703,49.848665],[38.13570334602648,49.848665],[38.136682,49.849158],[38.138649,49.850203],[38.138838,49.849789],[38.139027050846046,49.84925688135991],[38.139198,49.848776],[38.139251,49.848648],[38.139019,49.848554],[38.139018,49.848554],[38.13901714134925,49.848554],[38.133709,49.846418],[38.13355542856999,49.84656542857281],[38.133102,49.847],[38.133631,49.84754],[38.133631,49.84753964848485],[38.133789,49.847701]]]}},{"type":"Feature","properties":{"cadnum":"4425487500:04:002:0052"},"geometry":{"type":"Polygon","coordinates":[[[38.139124,49.847149],[38.134777,49.845399],[38.13449,49.845674],[38.133709,49.846418],[38.138952,49.848527787072946],[38.138952,49.848528],[38.139251,49.848648],[38.139511,49.848005],[38.139884,49.847454],[38.139124,49.847149021459224],[38.139124,49.847149]]]}},{"type":"Feature","properties":{"cadnum":"4425487500:04:002:0051"},"geometry":{"type":"Polygon","coordinates":[[[38.135864,49.844356],[38.13563,49.844579],[38.13517948897059,49.845012],[38.135178,49.845012],[38.134777,49.845399],[38.138952,49.847079756843804],[38.138952,49.84708],[38.139884,49.847454],[38.14067,49.84629],[38.138952,49.845599],[38.138952,49.84559967239264],[38.137494,49.845012],[38.13749330899608,49.845012],[38.135864,49.844356]]]}},{"type":"Feature","properties":{"cadnum":"4425487500:04:002:0097"},"geometry":{"type":"Polygon","coordinates":[[[38.139314,49.848665],[38.13931526609442,49.848665],[38.139265,49.848787],[38.139184,49.849021],[38.144617,49.850186],[38.144617,49.850185731284476],[38.145714,49.85042],[38.146002,49.849864],[38.144617,49.84956867565832],[38.144617,49.849568],[38.139884,49.848554],[38.139883864485995,49.848554],[38.139404,49.848451],[38.139314,49.848665]]]}},{"type":"Feature","properties":{"cadnum":"4425487500:04:002:0050"},"geometry":{"type":"Polygon","coordinates":[[[38.137144,49.84313],[38.136727,49.84353],[38.135864,49.844356],[38.137769,49.845123],[38.13776938812786,49.845123],[38.139124,49.845669],[38.139124,49.845668180442374],[38.14067,49.84629],[38.140743,49.846189],[38.141056,49.845541],[38.14131675614366,49.845123],[38.141317,49.845123],[38.141475,49.844871],[38.139124,49.843927059056675],[38.139124,49.843927],[38.137144,49.84313]]]}},{"type":"Feature","properties":{"cadnum":"4425487500:04:002:0110"},"geometry":{"type":"Polygon","coordinates":[[[38.139632,49.847941],[38.139579,49.84802],[38.139404,49.848451],[38.140401,49.848665],[38.140402109467445,49.848665],[38.144445,49.84953115064441],[38.144445,49.849532],[38.146002,49.849864],[38.146244,49.849392],[38.146257,49.84936],[38.144617,49.84900973509934],[38.144617,49.849009],[38.142494,49.848554],[38.14249210220996,49.848554],[38.139632,49.847941]]]}},{"type":"Feature","properties":{"cadnum":"4425487500:07:007:0155"},"geometry":{"type":"Polygon","coordinates":[[[38.324875,49.809409],[38.325072,49.809165],[38.324376,49.808537],[38.323657,49.808838],[38.323688,49.808954],[38.323172,49.809223],[38.32355847413793,49.809576],[38.323558,49.809576],[38.32367943805516,49.80968648672754],[38.32368,49.809687],[38.323680002202636,49.809687],[38.324556,49.810484],[38.32480697422634,49.80963684536237],[38.324875,49.809409]]]}},{"type":"Feature","properties":{"cadnum":"4425487500:07:007:0153"},"geometry":{"type":"Polygon","coordinates":[[[38.323378,49.811632],[38.324043,49.811162],[38.323217,49.810411],[38.322372,49.809641],[38.32164,49.810024],[38.32235,49.810681],[38.323378,49.811632]]]}},{"type":"Feature","properties":{"cadnum":"4425487500:07:007:0154"},"geometry":{"type":"Polygon","coordinates":[[[38.323172,49.809223],[38.322539,49.809556],[38.32249970588235,49.809576],[38.322499,49.809576],[38.322372,49.809641],[38.322422,49.809687],[38.32242248051948,49.809687],[38.323217,49.810411],[38.324043,49.811162],[38.324439,49.810881],[38.324556,49.810484],[38.32367943805516,49.80968648672754],[38.323172,49.809223]]]}},{"type":"Feature","properties":{"cadnum":"4425487500:07:007:0151"},"geometry":{"type":"Polygon","coordinates":[[[38.321034,49.812658],[38.321151,49.812374],[38.322229,49.812443],[38.322709,49.812104],[38.321874,49.811252],[38.320378,49.811844],[38.320325,49.811997],[38.321034,49.812658]]]}},{"type":"Feature","properties":{"cadnum":"4425487500:07:007:0148"},"geometry":{"type":"Polygon","coordinates":[[[38.320135,49.809496],[38.31935,49.808701],[38.318891,49.80794],[38.31856,49.807192],[38.31825,49.806956],[38.318191,49.806716],[38.317988,49.806713],[38.318501,49.80791],[38.3186,49.808142],[38.31921629514563,49.809576],[38.319215,49.809576],[38.319273,49.809708],[38.319705,49.810142],[38.320398,49.80987],[38.320398,49.809869284],[38.320477,49.809838],[38.320227,49.809587],[38.320227,49.80958706043956],[38.320216,49.809576],[38.320215,49.809576],[38.320135,49.809496]]]}},{"type":"Feature","properties":{"cadnum":"4425487500:07:007:0144"},"geometry":{"type":"Polygon","coordinates":[[[38.331213,49.807734],[38.331432,49.807727],[38.331213,49.807627],[38.331213,49.807627329545454],[38.331033,49.807545],[38.330717,49.807644],[38.33012,49.807573],[38.330175,49.807469],[38.329778,49.80732],[38.329842,49.807174],[38.329199,49.806861],[38.329284,49.80675],[38.328955,49.806601],[38.328225,49.80691],[38.325905,49.807889],[38.32588615926347,49.80789704550371],[38.323657,49.808839],[38.323687,49.808954],[38.322537,49.809555],[38.32242458823585,49.80961388235265],[38.321266,49.81022],[38.320895,49.810256],[38.32023398744817,49.80959300836867],[38.320137,49.809495],[38.319348,49.808702],[38.318891,49.80794],[38.31856,49.807191],[38.318251,49.806955],[38.318192,49.806717],[38.31799,49.806712],[38.318601,49.808141],[38.31921639780077,49.809576],[38.319215,49.809576],[38.319273,49.809708],[38.320211,49.810647],[38.320227,49.81067728877006],[38.320227,49.810678],[38.32028252749976,49.81078240499954],[38.320398,49.811001],[38.320398,49.81099952095808],[38.320561,49.811306],[38.320398,49.81178231137726],[38.320398,49.81178],[38.320243776254785,49.81223297717167],[38.320227,49.812282],[38.320227,49.81228225142856],[38.320223,49.812294],[38.320227,49.81231470769233],[38.320227,49.812315],[38.320353,49.812967],[38.320398,49.813011],[38.320398,49.813010050541514],[38.32063,49.813232],[38.32063091861553,49.813232],[38.32164,49.81419],[38.322549,49.813504],[38.321982,49.813194],[38.321583,49.813149],[38.321035,49.81266],[38.321152,49.812372],[38.32223,49.812443],[38.323302,49.811685],[38.32444,49.810881],[38.32479133793103,49.809687],[38.324792,49.809687],[38.324874,49.809409],[38.325411,49.808744],[38.32572,49.808594006250004],[38.32572,49.808595],[38.325856762237485,49.80852761958056],[38.325891,49.808511],[38.325891,49.808510751219515],[38.325925,49.808494],[38.326907,49.808731],[38.329024,49.807803],[38.331213,49.807733463786526],[38.331213,49.807734]]]}},{"type":"Feature","properties":{"cadnum":"4425487500:07:007:0150"},"geometry":{"type":"Polygon","coordinates":[[[38.320398,49.813009658362986],[38.320515179775285,49.813121],[38.320515,49.813121],[38.32061354014932,49.81321445985718],[38.320632,49.813232],[38.32063203373946,49.813232],[38.32164,49.814188],[38.322552,49.813504],[38.32205025242718,49.813232],[38.322051,49.813232],[38.321982,49.813195],[38.321583,49.813148],[38.321034,49.812658],[38.320325,49.811997],[38.320221,49.812293],[38.320351,49.812965],[38.320398,49.81301],[38.320398,49.813009658362986]]]}},{"type":"Feature","properties":{"cadnum":"4425487500:07:007:0152"},"geometry":{"type":"Polygon","coordinates":[[[38.322709,49.812104],[38.323302,49.811687],[38.323378,49.811632],[38.32235,49.810681],[38.32164,49.810024],[38.321267,49.81022],[38.320895,49.810256],[38.321874,49.811252],[38.322709,49.812104]]]}},{"type":"Feature","properties":{"cadnum":"4425487500:07:007:0149"},"geometry":{"type":"Polygon","coordinates":[[[38.320398,49.81099760298507],[38.320562,49.811307],[38.320378,49.811844],[38.321874,49.811252],[38.320895,49.810256],[38.320477,49.809838],[38.320227,49.809937],[38.320227,49.80993711688311],[38.319705,49.810142],[38.320212,49.810647],[38.320398,49.810999],[38.320398,49.81099760298507]]]}},{"type":"Feature","properties":{"cadnum":"4425487500:04:004:0006"},"geometry":{"type":"Polygon","coordinates":[[[38.138942,49.822198],[38.13781,49.82223],[38.137257,49.822247],[38.13738374829932,49.823754],[38.137383,49.823754],[38.137617,49.826513],[38.139124,49.826428],[38.139124,49.82642737150127],[38.139345,49.826415],[38.139318,49.82593],[38.139229,49.82474],[38.139124,49.82393117187504],[38.139124,49.823924],[38.13911588235294,49.823864],[38.139116,49.823864],[38.138936,49.822459],[38.138942,49.822198]]]}},{"type":"Feature","properties":{"cadnum":"4425487500:04:004:0043"},"geometry":{"type":"Polygon","coordinates":[[[38.139507,49.826655],[38.13900088073338,49.82668235779819],[38.137904,49.826739],[38.137898,49.827408],[38.1378982836142,49.827408],[38.137881,49.830086],[38.138349,49.830062],[38.139124,49.830021],[38.139124,49.83002075268817],[38.140347,49.829955],[38.140364,49.827297],[38.14036396882793,49.827297],[38.14037,49.826606],[38.139507,49.826655]]]}},{"type":"Feature","properties":{"cadnum":"4425487500:04:004:0031"},"geometry":{"type":"Polygon","coordinates":[[[38.147462,49.826646],[38.147448,49.826203],[38.144445,49.826373],[38.144445,49.82637372030651],[38.140441,49.8266],[38.140437,49.827017],[38.144617,49.826797],[38.144617,49.82679687835598],[38.147462,49.826646]]]}},{"type":"Feature","properties":{"cadnum":"4425487500:04:004:0029"},"geometry":{"type":"Polygon","coordinates":[[[38.145943,49.825328],[38.145913,49.825073],[38.1458,49.824218],[38.144617,49.82428609889298],[38.144617,49.824286],[38.139278,49.824589],[38.139296,49.824737],[38.139368,49.825702],[38.144445,49.8254137649076],[38.144445,49.825414],[38.145943,49.825328]]]}},{"type":"Feature","properties":{"cadnum":"4425487500:04:004:0028"},"geometry":{"type":"Polygon","coordinates":[[[38.145656,49.823102],[38.144445,49.823171],[38.144445,49.82317175775265],[38.139135,49.823473],[38.13917021483376,49.823754],[38.13917,49.823754],[38.13917690936789,49.823807419649874],[38.139184,49.823864],[38.13918422754491,49.823864],[38.139278,49.824589],[38.144445,49.824295761378536],[38.144445,49.824296],[38.1458,49.824218],[38.145791,49.824128],[38.14574,49.823754],[38.14573937666174,49.823754],[38.145664,49.823187],[38.145656,49.823102]]]}},{"type":"Feature","properties":{"cadnum":"4425487500:04:004:0030"},"geometry":{"type":"Polygon","coordinates":[[[38.146037,49.826035],[38.145943,49.825328],[38.144617,49.82540412550067],[38.144617,49.825404],[38.139368,49.825702],[38.139422,49.826409],[38.144617,49.826116],[38.144617,49.826115276381906],[38.146037,49.826035]]]}},{"type":"Feature","properties":{"cadnum":"4425487500:04:002:0239"},"geometry":{"type":"Polygon","coordinates":[[[38.160213,49.848376],[38.160232,49.848364],[38.160159,49.848327],[38.160142,49.848338],[38.160213,49.848376]]]}},{"type":"Feature","properties":{"cadnum":"4425487500:04:002:0108"},"geometry":{"type":"Polygon","coordinates":[[[38.15459,49.848081],[38.154459,49.847753],[38.153991,49.848665],[38.153991178209694,49.848665],[38.152178,49.852207],[38.15217814756318,49.852207],[38.1511,49.854312],[38.152379,49.854689],[38.153706,49.852096],[38.153705852176294,49.852096],[38.15546314782371,49.848665],[38.155464,49.848665],[38.155622,49.848356],[38.155574500001144,49.84833325000055],[38.155375,49.848237],[38.15459,49.848081]]]}},{"type":"Feature","properties":{"cadnum":"4425487500:03:001:0010"},"geometry":{"type":"Polygon","coordinates":[[[38.147534,49.813582],[38.147551,49.813571],[38.147534,49.813556],[38.147515,49.813571],[38.147534,49.813582]]]}},{"type":"Feature","properties":{"cadnum":"4425487500:03:001:0006"},"geometry":{"type":"Polygon","coordinates":[[[38.149716,49.814991],[38.149735,49.81498],[38.149716,49.814968],[38.149699,49.81498],[38.149716,49.814991]]]}},{"type":"Feature","properties":{"cadnum":"4425487500:03:001:0007"},"geometry":{"type":"Polygon","coordinates":[[[38.149226,49.814675],[38.149245,49.814664],[38.149226,49.814652],[38.149209,49.814664],[38.149226,49.814675]]]}},{"type":"Feature","properties":{"cadnum":"4425487500:03:001:0008"},"geometry":{"type":"Polygon","coordinates":[[[38.148643,49.814299],[38.148661,49.814287],[38.148643,49.814275],[38.148624,49.814287],[38.148643,49.814299]]]}},{"type":"Feature","properties":{"cadnum":"4425487500:03:001:0011"},"geometry":{"type":"Polygon","coordinates":[[[38.146968,49.813214],[38.146985,49.813203],[38.146968,49.813191],[38.146949,49.813203],[38.146968,49.813214]]]}},{"type":"Feature","properties":{"cadnum":"4425487500:03:001:0009"},"geometry":{"type":"Polygon","coordinates":[[[38.148095,49.813945],[38.148113,49.81393],[38.148095,49.813919],[38.148077,49.81393],[38.148095,49.813945]]]}},{"type":"Feature","properties":{"cadnum":"4425487500:04:004:0008"},"geometry":{"type":"Polygon","coordinates":[[[38.131189,49.818759],[38.13132,49.82032],[38.13132032456935,49.82032],[38.131498,49.822416],[38.1322,49.822395],[38.133459,49.82235980782669],[38.133459,49.82236],[38.13359069014157,49.822356126760546],[38.133631,49.822355],[38.133631,49.82235494117647],[38.133731,49.822352],[38.133631,49.82117507692309],[38.133631,49.821165],[38.133549,49.82021],[38.13354879384615,49.82021],[38.133422,49.818695],[38.131189,49.818759]]]}},{"type":"Feature","properties":{"cadnum":"4425487500:04:004:0009"},"geometry":{"type":"Polygon","coordinates":[[[38.135506,49.818631],[38.133489068927645,49.81869307457624],[38.133422,49.818695],[38.133459,49.81913709558823],[38.133459,49.819138],[38.133558,49.82032],[38.13355834640523,49.82032],[38.133731,49.822352],[38.133865,49.822346],[38.13555,49.822297],[38.135815,49.822291],[38.135647356078806,49.82032],[38.135648,49.82032],[38.135506,49.818631]]]}},{"type":"Feature","properties":{"cadnum":"4425487500:04:004:0007"},"geometry":{"type":"Polygon","coordinates":[[[38.131189,49.818759],[38.131081,49.818765],[38.130686,49.819023],[38.130012,49.819231],[38.129164,49.819454],[38.128732,49.819741],[38.128745,49.820019],[38.12875642192691,49.82021],[38.128756,49.82021],[38.12876025104601,49.820274031380485],[38.128763,49.82032],[38.12876330290457,49.82032],[38.128772,49.820451],[38.128812,49.821486],[38.128902,49.822494],[38.13055,49.822445],[38.131498,49.822416],[38.131311,49.82021],[38.13131076873799,49.82021],[38.131189,49.818759]]]}},{"type":"Feature","properties":{"cadnum":"4425487500:07:008:0020"},"geometry":{"type":"Polygon","coordinates":[[[38.317642,49.844416],[38.317598,49.844437],[38.31644045626823,49.845012],[38.316439,49.845012],[38.316111,49.845176],[38.316282,49.845294],[38.317388,49.846129],[38.318285,49.846801],[38.320019,49.848046],[38.320398,49.847888],[38.320398,49.84788747857143],[38.321487,49.847432],[38.32168,49.847348],[38.320227,49.846293],[38.320227,49.84629381301653],[38.31861484210526,49.845123],[38.318615,49.845123],[38.317642,49.844416]]]}},{"type":"Feature","properties":{"cadnum":"4425487500:07:008:0021"},"geometry":{"type":"Polygon","coordinates":[[[38.317642,49.844416],[38.318462237623756,49.845012],[38.318462,49.845012],[38.320398,49.846418],[38.320398,49.84641716035788],[38.32168,49.847348],[38.323315,49.846653],[38.321210667276056,49.845123],[38.321211,49.845123],[38.320227,49.844407],[38.320227,49.84440753349876],[38.319189,49.843652],[38.317642,49.844416]]]}},{"type":"Feature","properties":{"cadnum":"4425487500:07:001:0031"},"geometry":{"type":"Polygon","coordinates":[[[38.269579,49.853415],[38.268622,49.852514],[38.265295,49.853736],[38.265295,49.85373601794146],[38.263349,49.854449],[38.264215,49.855384],[38.265467,49.854925],[38.265467,49.85492484500467],[38.269579,49.853415]]]}},{"type":"Feature","properties":{"cadnum":"4425487500:05:001:0008"},"geometry":{"type":"Polygon","coordinates":[[[38.269583,49.853117],[38.269651,49.853088],[38.269638,49.853073],[38.269569,49.853105],[38.269583,49.853117]]]}},{"type":"Feature","properties":{"cadnum":"4425487500:07:001:0032"},"geometry":{"type":"Polygon","coordinates":[[[38.267651,49.851602],[38.266306176859494,49.852096],[38.266305,49.852096],[38.265295,49.852468],[38.265295,49.85246819305277],[38.262473,49.853505],[38.262598,49.853644],[38.263349,49.854449],[38.265467,49.853673],[38.265467,49.85367282476705],[38.268622,49.852514],[38.268177,49.852096],[38.2681768446281,49.852096],[38.267651,49.851602]]]}},{"type":"Feature","properties":{"cadnum":"4425487500:05:001:0079"},"geometry":{"type":"Polygon","coordinates":[[[38.270657,49.852816],[38.269727,49.85325],[38.270788,49.85426453284672],[38.270788,49.854265],[38.271217,49.854675],[38.27155,49.854524],[38.271999,49.855016],[38.272098,49.855335],[38.272695,49.855054],[38.271793,49.854031],[38.271932,49.853974],[38.270788,49.852935],[38.270788,49.85293532673267],[38.270657,49.852816]],[[38.270674,49.854089],[38.270697,49.854078],[38.270714,49.854093],[38.270693,49.854104],[38.270674,49.854089]],[[38.270055,49.853537],[38.270077,49.853528],[38.270091,49.853542],[38.270072,49.853551],[38.270055,49.853537]],[[38.271217,49.854574],[38.27124,49.854561],[38.271259,49.854576],[38.271236,49.854585],[38.271217,49.854574]]]}},{"type":"Feature","properties":{"cadnum":"4425487500:07:001:0029"},"geometry":{"type":"Polygon","coordinates":[[[38.270908,49.854695],[38.270513,49.854312],[38.266901334029235,49.855638],[38.2669,49.855638],[38.265332152780445,49.85621434259161],[38.265068,49.856311],[38.265295,49.8565579122807],[38.265295,49.856558],[38.265909,49.857226],[38.26992796536523,49.855749],[38.26993,49.855749],[38.27096,49.855371],[38.27096,49.855370662162166],[38.27138,49.855216],[38.270908,49.854695]]]}},{"type":"Feature","properties":{"cadnum":"4425487500:05:001:0006"},"geometry":{"type":"Polygon","coordinates":[[[38.270693,49.854104],[38.270714,49.854093],[38.270697,49.854078],[38.270674,49.854089],[38.270693,49.854104]]]}},{"type":"Feature","properties":{"cadnum":"4425487500:07:001:0030"},"geometry":{"type":"Polygon","coordinates":[[[38.270005,49.853818],[38.269579,49.853415],[38.265295,49.854988],[38.265295,49.85498805750799],[38.264215,49.855384],[38.264552,49.855749],[38.26455290625,49.855749],[38.264628,49.85583],[38.265068,49.856311],[38.265295,49.856227937343355],[38.265295,49.856228],[38.265332152780445,49.85621434259161],[38.265467,49.856165],[38.265467,49.85616477258567],[38.26659804237287,49.855749],[38.266599,49.855749],[38.270513,49.854312],[38.270005,49.853818]]]}},{"type":"Feature","properties":{"cadnum":"4425487500:05:001:0009"},"geometry":{"type":"Polygon","coordinates":[[[38.269112,49.852636],[38.269133,49.852627],[38.26912,49.852613],[38.269098,49.852621],[38.269112,49.852636]]]}},{"type":"Feature","properties":{"cadnum":"4425487500:07:001:0033"},"geometry":{"type":"Polygon","coordinates":[[[38.26283628690807,49.852096],[38.262834,49.852096],[38.261588,49.852555],[38.262473,49.853505],[38.265467,49.852405],[38.265467,49.852404649504955],[38.26600362903227,49.852207],[38.266004,49.852207],[38.267651,49.851602],[38.267571,49.85153],[38.266898,49.850762],[38.266794,49.850641],[38.265295,49.851193],[38.265295,49.85119315854074],[38.26283628690807,49.852096]]]}},{"type":"Feature","properties":{"cadnum":"4425487500:05:001:0007"},"geometry":{"type":"Polygon","coordinates":[[[38.270072,49.853551],[38.270091,49.853542],[38.270077,49.853528],[38.270055,49.853537],[38.270072,49.853551]]]}},{"type":"Feature","properties":{"cadnum":"4425487500:07:001:0053"},"geometry":{"type":"Polygon","coordinates":[[[38.257501,49.865794],[38.256430455017295,49.866261],[38.256429,49.866261],[38.254309,49.867187],[38.254309,49.86718716298343],[38.254118,49.86727],[38.254248,49.867901],[38.25448,49.868349],[38.25448,49.86834751123596],[38.254487,49.868361],[38.25473,49.868764],[38.254855,49.868949],[38.258785,49.867232],[38.257918,49.866261],[38.2579179065744,49.866261],[38.257501,49.865794]]]}},{"type":"Feature","properties":{"cadnum":"4425487500:07:001:0042"},"geometry":{"type":"Polygon","coordinates":[[[38.262141,49.864137],[38.260825,49.863011],[38.259802,49.863458],[38.259802,49.86345802967268],[38.256705,49.864809],[38.257797,49.866034],[38.259974,49.865084],[38.259974,49.8650838465156],[38.262141,49.864137]]]}},{"type":"Feature","properties":{"cadnum":"4425487500:07:001:0096"},"geometry":{"type":"Polygon","coordinates":[[[38.257011,49.86524],[38.256185,49.864311],[38.255044,49.863028],[38.25437,49.863477],[38.253481,49.864077],[38.253252,49.865],[38.253108,49.865362],[38.253143,49.866114],[38.25338913953488,49.866261],[38.253389,49.866261],[38.25345404000155,49.86629976000093],[38.253575,49.866372],[38.253575260061915,49.866372],[38.253931,49.866584],[38.254309,49.86641875409836],[38.254309,49.86642],[38.254512265306346,49.866330224489694],[38.254734,49.866234],[38.257011,49.86524]]]}},{"type":"Feature","properties":{"cadnum":"4425487500:07:001:0043"},"geometry":{"type":"Polygon","coordinates":[[[38.262141,49.864137],[38.259802,49.865159],[38.259802,49.86515905741847],[38.257797,49.866034],[38.257998479289945,49.866261],[38.257998,49.866261],[38.258785,49.867146],[38.259974,49.866627],[38.259974,49.866625771371766],[38.26070009385701,49.86630819552973],[38.263336,49.865157],[38.262141,49.864137]]]}},{"type":"Feature","properties":{"cadnum":"4425487500:07:001:0093"},"geometry":{"type":"Polygon","coordinates":[[[38.256184,49.864311],[38.255042,49.863028],[38.25448,49.86340517559524],[38.25448,49.863405],[38.25437,49.863479],[38.25348,49.864075],[38.253251,49.865],[38.253108,49.865361],[38.253142,49.866115],[38.25338741634241,49.866261],[38.253387,49.866261],[38.253941,49.86659],[38.254038,49.867221],[38.254118,49.86727],[38.254309,49.86718663535911],[38.254309,49.867187],[38.255721,49.86657],[38.256172747572826,49.866372],[38.256173,49.866372],[38.257502,49.865792],[38.256184,49.864311]]]}},{"type":"Feature","properties":{"cadnum":"4425487500:07:001:0095"},"geometry":{"type":"Polygon","coordinates":[[[38.257501,49.865794],[38.257011,49.86524],[38.254734,49.866234],[38.25467178260869,49.866261],[38.254669,49.866261],[38.25451226530626,49.86633022448974],[38.25448,49.866344226415094],[38.25448,49.866344],[38.253931,49.866584],[38.253944,49.86659],[38.254038,49.867221],[38.254118,49.86727],[38.254309,49.86718663535911],[38.254309,49.867187],[38.255722,49.866569],[38.25617356493507,49.866372],[38.256174,49.866372],[38.257501,49.865794]]]}},{"type":"Feature","properties":{"cadnum":"4425487500:07:001:0039"},"geometry":{"type":"Polygon","coordinates":[[[38.259221,49.861642],[38.257779,49.860411],[38.257101,49.860903],[38.256355,49.86194],[38.255538061728394,49.862721],[38.255538,49.862721],[38.25553064196367,49.86272809335877],[38.255423,49.862831],[38.25542389552239,49.862831],[38.255399,49.862855],[38.255129,49.863034],[38.25538,49.863321],[38.256754,49.862721],[38.25675173254836,49.862721],[38.259221,49.861642]]]}},{"type":"Feature","properties":{"cadnum":"4425487500:07:001:0041"},"geometry":{"type":"Polygon","coordinates":[[[38.259221,49.861642],[38.2565,49.862831],[38.2565021,49.862831],[38.25538,49.863321],[38.256705,49.864809],[38.259974,49.863383],[38.259974,49.86338284457478],[38.260825,49.863011],[38.26054078272534,49.86276929029429],[38.259974,49.86228497410604],[38.259974,49.862284],[38.259221,49.861642]]]}},{"type":"Feature","properties":{"cadnum":"4425487500:04:004:0195"},"geometry":{"type":"Polygon","coordinates":[[[38.138708,49.809632],[38.137472,49.809603],[38.136313,49.809716],[38.133592,49.809841],[38.133609,49.810087],[38.13895,49.810011],[38.138959,49.809684],[38.138708,49.809632]]]}},{"type":"Feature","properties":{"cadnum":"4425487500:04:005:0009"},"geometry":{"type":"Polygon","coordinates":[[[38.133459,49.805933],[38.133459,49.80593319860627],[38.133057,49.805936],[38.133064378640775,49.806031],[38.133063,49.806031],[38.13307266492149,49.80613768586414],[38.133073,49.806142],[38.13307305574913,49.806142],[38.133089,49.806318],[38.133459,49.806315269372696],[38.133459,49.806316],[38.137989,49.806279],[38.137975741935485,49.806142],[38.137976,49.806142],[38.137953,49.805895],[38.133459,49.805933]]]}},{"type":"Feature","properties":{"cadnum":"4425487500:04:005:0007"},"geometry":{"type":"Polygon","coordinates":[[[38.138056,49.80704],[38.13802,49.806661],[38.133459,49.806699],[38.133459,49.806699346379645],[38.13312,49.806702],[38.133156,49.807081],[38.133631,49.807078],[38.133631,49.807077540787475],[38.138056,49.80704]]]}},{"type":"Feature","properties":{"cadnum":"4425487500:04:005:0006"},"geometry":{"type":"Polygon","coordinates":[[[38.138087,49.807423],[38.138056,49.80704],[38.133459,49.807079],[38.133459,49.80707908631579],[38.133156,49.807081],[38.133187,49.807464],[38.133459,49.80746154954955],[38.133459,49.807462],[38.138087,49.807423]]]}},{"type":"Feature","properties":{"cadnum":"4425487500:03:001:0129"},"geometry":{"type":"Polygon","coordinates":[[[38.137621,49.807855],[38.137576,49.807438],[38.133533,49.80751],[38.133586,49.808127],[38.133631,49.808125],[38.133631,49.80812396654275],[38.137621,49.807855]]]}},{"type":"Feature","properties":{"cadnum":"4425487500:04:005:0008"},"geometry":{"type":"Polygon","coordinates":[[[38.13802,49.806661],[38.137989,49.806279],[38.133631,49.80631459514349],[38.133631,49.806314],[38.133089,49.806318],[38.13312,49.806702],[38.133631,49.806698],[38.133631,49.80669756698093],[38.13802,49.806661]]]}},{"type":"Feature","properties":{"cadnum":"4425487500:04:004:0124"},"geometry":{"type":"Polygon","coordinates":[[[38.142031,49.832395],[38.142058,49.832383],[38.142045,49.832366],[38.142018,49.832377],[38.142031,49.832395]]]}},{"type":"Feature","properties":{"cadnum":"4425487500:04:004:0038"},"geometry":{"type":"Polygon","coordinates":[[[38.138952,49.83003],[38.138952,49.83003009935484],[38.138349,49.830062],[38.138341,49.830952],[38.13834111804768,49.830952],[38.138321,49.833484],[38.139124,49.833257],[38.139124,49.83325633658537],[38.140387,49.832899],[38.144268,49.831801],[38.142009,49.831838],[38.139997,49.831656],[38.139817,49.831552],[38.139894,49.831065],[38.140338,49.831059],[38.14033899792746,49.83084145181401],[38.140347,49.829955],[38.138952,49.83003]],[[38.142045,49.832366],[38.142058,49.832383],[38.142031,49.832395],[38.142018,49.832377],[38.142045,49.832366]]]}},{"type":"Feature","properties":{"cadnum":"4425487500:04:002:0042"},"geometry":{"type":"Polygon","coordinates":[[[38.144905,49.831899],[38.144445,49.832029],[38.144445,49.83202956371225],[38.140544,49.833131],[38.138952,49.833581],[38.138952,49.83358134825871],[38.138722,49.833646],[38.138952,49.833988139303486],[38.138952,49.833989],[38.13921819565218,49.834384],[38.139218,49.834384],[38.139498,49.834799],[38.140571156626514,49.834495],[38.140572,49.834495],[38.144617,49.833349],[38.144617,49.83334832383665],[38.145498,49.833099],[38.144905,49.831899]]]}},{"type":"Feature","properties":{"cadnum":"4425487500:04:002:0043"},"geometry":{"type":"Polygon","coordinates":[[[38.145817,49.833742],[38.145498,49.833099],[38.144445,49.833397],[38.144445,49.833397729789866],[38.140963793193706,49.834384],[38.140963,49.834384],[38.139498,49.834799],[38.139741,49.83515],[38.140307,49.83599],[38.144445,49.83481580649652],[38.144445,49.834816],[38.14557444444445,49.834495],[38.145575,49.834495],[38.14590499999773,49.834401052632224],[38.145965,49.834384],[38.14596489915966,49.834384],[38.145993,49.834376],[38.145817,49.833742]]]}},{"type":"Feature","properties":{"cadnum":"4425487500:04:004:0125"},"geometry":{"type":"Polygon","coordinates":[[[38.139785,49.833096],[38.139812,49.833084],[38.139798,49.833067],[38.139772,49.833079],[38.139785,49.833096]]]}},{"type":"Feature","properties":{"cadnum":"4425487500:01:001:0003"},"geometry":{"type":"Polygon","coordinates":[[[38.144219,49.831801],[38.144246,49.831789],[38.144232,49.831772],[38.144205,49.831784],[38.144219,49.831801]]]}},{"type":"Feature","properties":{"cadnum":"4425487500:04:002:0041"},"geometry":{"type":"Polygon","coordinates":[[[38.138722,49.833646],[38.1361142261484,49.834384],[38.136113,49.834384],[38.134512,49.834837],[38.133731,49.835078],[38.135663,49.836306],[38.138952,49.8353737523837],[38.138952,49.835374],[38.139741,49.83515],[38.139498,49.834799],[38.139292891566264,49.834495],[38.139293,49.834495],[38.139124,49.83424422580645],[38.139124,49.834244],[38.138722,49.833646]]]}},{"type":"Feature","properties":{"cadnum":"4425487500:04:001:0144"},"geometry":{"type":"Polygon","coordinates":[[[38.208183,49.862472],[38.208071,49.862522],[38.207386,49.862831],[38.207386481481485,49.862831],[38.206315,49.863315],[38.209274,49.866075],[38.209504,49.866077],[38.210483,49.865904],[38.210535,49.865916],[38.210535,49.865915157480316],[38.210991,49.866013],[38.211764,49.865811],[38.210535,49.86466621413276],[38.210535,49.864666],[38.208560653327304,49.86282598836684],[38.208183,49.862472]]]}},{"type":"Feature","properties":{"cadnum":"4425487500:04:001:0146"},"geometry":{"type":"Polygon","coordinates":[[[38.210535,49.86235980473372],[38.210921341772156,49.862721],[38.210921,49.862721],[38.213613,49.865234],[38.215325,49.864615],[38.21341289862725,49.862831],[38.213413,49.862831],[38.211448,49.860996],[38.211211,49.861103],[38.210363,49.861487],[38.210363,49.86148758832117],[38.20985,49.861719],[38.210535,49.86236],[38.210535,49.86235980473372]]]}},{"type":"Feature","properties":{"cadnum":"4425487500:04:001:0147"},"geometry":{"type":"Polygon","coordinates":[[[38.212999,49.860296],[38.212769,49.860399],[38.211448,49.860996],[38.21329520708447,49.862721],[38.213295,49.862721],[38.215325,49.864615],[38.215653,49.8645],[38.215857,49.864405888],[38.215857,49.864406],[38.215916181817725,49.86437858545476],[38.216028,49.864327],[38.216028,49.864326788387096],[38.216632,49.864047],[38.216829,49.863869],[38.215857,49.862962],[38.215857,49.86296313488372],[38.21571566169154,49.862831],[38.215716,49.862831],[38.212999,49.860296]]]}},{"type":"Feature","properties":{"cadnum":"4425487500:04:001:0148"},"geometry":{"type":"Polygon","coordinates":[[[38.214521,49.859606],[38.212999,49.860296],[38.2155981025641,49.862721],[38.215598,49.862721],[38.216028,49.863123],[38.216028,49.86312156481482],[38.216829,49.863869],[38.2179954607046,49.862831],[38.217996,49.862831],[38.218073,49.862762],[38.215857,49.860692],[38.215857,49.860693309849026],[38.214637,49.859554],[38.214521,49.859606]]]}},{"type":"Feature","properties":{"cadnum":"4425487500:04:001:0145"},"geometry":{"type":"Polygon","coordinates":[[[38.209693,49.861789],[38.208183,49.862472],[38.20844864623955,49.862721],[38.208448,49.862721],[38.20856065332729,49.862825988366836],[38.208566,49.862831],[38.208566030848324,49.862831],[38.210363,49.864505702922855],[38.210363,49.864506],[38.211764,49.865811],[38.21271,49.865562],[38.213613,49.865234],[38.211038835256666,49.862831],[38.211039,49.862831],[38.210363,49.862199],[38.210363,49.862199048175185],[38.20985,49.861719],[38.209693,49.861789]]]}},{"type":"Feature","properties":{"cadnum":"4425487500:04:002:0114"},"geometry":{"type":"Polygon","coordinates":[[[38.159886,49.832852],[38.160056,49.833895],[38.160925,49.833905017291066],[38.160925,49.833906],[38.16659,49.83397],[38.16659,49.833969820981714],[38.167457,49.833979],[38.16748,49.833107],[38.167486,49.83294],[38.166418,49.832927],[38.166418,49.8329279961165],[38.160925,49.832864],[38.160925,49.83286486952932],[38.159886,49.832852]]]}},{"type":"Feature","properties":{"cadnum":"4425487500:04:002:0113"},"geometry":{"type":"Polygon","coordinates":[[[38.160056,49.833895],[38.16013525172414,49.834384],[38.160135,49.834384],[38.16015,49.834475],[38.160155,49.834495],[38.16015671949287,49.834495],[38.160362,49.835106],[38.160925,49.83504855102041],[38.160925,49.835049],[38.161578,49.834982],[38.165365,49.835112],[38.166418,49.835115438367346],[38.166418,49.835116],[38.167427,49.835118],[38.167442277929155,49.834495],[38.167443,49.834495],[38.167449,49.834272],[38.167457,49.833979],[38.166418,49.833968],[38.166418,49.83396805684025],[38.161097,49.83390794315975],[38.161097,49.833907],[38.160056,49.833895]]]}},{"type":"Feature","properties":{"cadnum":"4425487500:04:002:0116"},"geometry":{"type":"Polygon","coordinates":[[[38.15956060447761,49.830841],[38.15956,49.830841],[38.159577739669515,49.83095033884355],[38.159578,49.830952],[38.159578009183676,49.830952],[38.159719,49.831821],[38.160925,49.83183500290276],[38.160925,49.831836],[38.16659,49.831901],[38.16659,49.83190087978142],[38.167516,49.831911],[38.167539,49.831071],[38.167543,49.830911],[38.166418,49.830898],[38.166418,49.83089802647837],[38.16335612333248,49.830862894618996],[38.161498,49.830841],[38.161447923076565,49.830841],[38.16106634306332,49.83083662176507],[38.159557,49.830818],[38.15956060447761,49.830841]]]}},{"type":"Feature","properties":{"cadnum":"4425487500:04:002:0115"},"geometry":{"type":"Polygon","coordinates":[[[38.161097,49.832866003883495],[38.16659,49.83293],[38.16659,49.832929093632956],[38.167486,49.83294],[38.167512,49.832027],[38.167516,49.831911],[38.166418,49.831899],[38.166418,49.83189905684025],[38.160925,49.831837],[38.160925,49.831837127721336],[38.159719,49.831824],[38.159886,49.832852],[38.161097,49.832867],[38.161097,49.832866003883495]]]}},{"type":"Feature","properties":{"cadnum":"4425487500:04:001:0102"},"geometry":{"type":"Polygon","coordinates":[[[38.183686,49.870854],[38.183069,49.87126507233502],[38.183069,49.871264],[38.179942032434894,49.873342],[38.179942,49.873342],[38.179802958343416,49.87343442051799],[38.179775,49.873453],[38.17977500652045,49.873453],[38.177404,49.875029],[38.177404,49.87502928647215],[38.176822,49.875416],[38.177576,49.875577],[38.177576,49.87557684157161],[38.178193,49.875709],[38.18158510139418,49.873453],[38.181586,49.873453],[38.182898,49.87258157720836],[38.182898,49.872582],[38.185057,49.871146],[38.183686,49.870854]]]}},{"type":"Feature","properties":{"cadnum":"4425487500:04:001:0100"},"geometry":{"type":"Polygon","coordinates":[[[38.181476,49.870382],[38.180887,49.870226],[38.177404,49.872543],[38.177404,49.872543294613884],[38.176202041992184,49.873342],[38.176201,49.873342],[38.173989,49.874814],[38.17543,49.875121],[38.177576,49.873694],[38.177576,49.87369349714285],[38.177937261802576,49.873453],[38.177938,49.873453],[38.182294,49.870556],[38.181476,49.870382]]]}},{"type":"Feature","properties":{"cadnum":"4425487500:04:001:0288"},"geometry":{"type":"Polygon","coordinates":[[[38.17912810404624,49.869802],[38.179126,49.869802],[38.17751509677336,49.87087125806507],[38.17734,49.870987],[38.175839,49.871908],[38.174797,49.872591],[38.174488,49.873193],[38.17434931538461,49.873342],[38.174348,49.873342],[38.17428024528338,49.87341620754678],[38.174246,49.873453],[38.17424665217391,49.873453],[38.174222,49.87348],[38.172767,49.874482],[38.172682,49.874533],[38.173989,49.874814],[38.17603419836957,49.873453],[38.176035,49.873453],[38.177576,49.872429],[38.177576,49.87242858024691],[38.180887,49.870226],[38.180143,49.870032],[38.179417,49.869802],[38.179416959537576,49.869802],[38.179222,49.86974],[38.17912810404624,49.869802]]]}},{"type":"Feature","properties":{"cadnum":"4425487500:04:001:0101"},"geometry":{"type":"Polygon","coordinates":[[[38.182898,49.870685],[38.182898,49.87068615225806],[38.182294,49.870556],[38.17810490231273,49.873342],[38.178104,49.873342],[38.177404,49.873808],[38.177404,49.87380837278658],[38.17543,49.875121],[38.176822,49.875416],[38.177576,49.874915],[38.177576,49.87491467218282],[38.179802958343096,49.8734344205182],[38.182898,49.87137763661202],[38.182898,49.871379],[38.183686,49.870854],[38.182898,49.870685]]]}},{"type":"Feature","properties":{"cadnum":"4425487500:07:002:0043"},"geometry":{"type":"Polygon","coordinates":[[[38.248527,49.851929],[38.24796472661869,49.852096],[38.247964,49.852096],[38.245023,49.852969],[38.24536,49.853383],[38.245656,49.85376],[38.248816,49.85282177123987],[38.248816,49.852822],[38.248865527165414,49.85280706623639],[38.248987,49.852771],[38.248987,49.852770438931294],[38.249078,49.852743],[38.248816,49.852356],[38.248816,49.85235619596541],[38.24864,49.852096],[38.2486399352518,49.852096],[38.248527,49.851929]]]}},{"type":"Feature","properties":{"cadnum":"4425487500:07:002:0044"},"geometry":{"type":"Polygon","coordinates":[[[38.248527,49.851929],[38.247988,49.851133],[38.24473662935088,49.852096],[38.244735,49.852096],[38.244399,49.852196],[38.244407,49.852207],[38.244407879689525,49.852207],[38.245023,49.852969],[38.247590058419256,49.852207],[38.247591,49.852207],[38.248527,49.851929]]]}},{"type":"Feature","properties":{"cadnum":"4425487500:07:002:0016"},"geometry":{"type":"Polygon","coordinates":[[[38.250225,49.854396],[38.249623,49.853548],[38.249011,49.852651],[38.248987,49.85265813846154],[38.248987,49.852658],[38.245589,49.853664],[38.245877,49.854023],[38.246878,49.855387],[38.248816,49.854813594594596],[38.248816,49.854814],[38.250225,49.854396]]]}},{"type":"Feature","properties":{"cadnum":"4425487500:07:002:0018"},"geometry":{"type":"Polygon","coordinates":[[[38.243285,49.850646],[38.243322,49.85069663157894],[38.243322,49.850698],[38.243971,49.851582],[38.24433010774411,49.852096],[38.24433,49.852096],[38.244386,49.852176],[38.244399,49.852196],[38.247988,49.851133],[38.246923,49.849566],[38.24347351599897,49.85059097858403],[38.243285,49.850646]]]}},{"type":"Feature","properties":{"cadnum":"4425487500:07:002:0015"},"geometry":{"type":"Polygon","coordinates":[[[38.248816,49.85493],[38.248816,49.85493053608248],[38.24695,49.855482],[38.24699,49.85554],[38.247059397129185,49.855638],[38.247059,49.855638],[38.24711723268158,49.855719673178726],[38.247138,49.855749],[38.24713814259928,49.855749],[38.247849,49.856746],[38.248342,49.857377],[38.248816,49.857236637209304],[38.248816,49.857237],[38.251648,49.856398],[38.251554,49.856267],[38.251106,49.855638],[38.25110523150358,49.855638],[38.250292,49.854492],[38.248816,49.85493]]]}},{"type":"Feature","properties":{"cadnum":"4425487500:04:003:0068"},"geometry":{"type":"Polygon","coordinates":[[[38.108787,49.816665],[38.10729,49.816665],[38.107392,49.817243],[38.107541,49.818721],[38.10776542088806,49.82021],[38.107765,49.82021],[38.107855,49.820799],[38.107868,49.821196],[38.107845,49.821323],[38.1094,49.821529],[38.10924692721759,49.82032],[38.109247,49.82032],[38.108787,49.816665]]]}},{"type":"Feature","properties":{"cadnum":"4425487500:04:003:0069"},"geometry":{"type":"Polygon","coordinates":[[[38.110227,49.816665],[38.108787,49.816665],[38.109233155950754,49.82021],[38.109233,49.82021],[38.1094,49.821529],[38.109912,49.821596],[38.110855,49.821674],[38.110671,49.82021],[38.11067024623803,49.82021],[38.110227,49.816665]]]}},{"type":"Feature","properties":{"cadnum":"4425487500:04:003:0059"},"geometry":{"type":"Polygon","coordinates":[[[38.105757,49.818886],[38.10574592050209,49.82021],[38.105745,49.82021],[38.10571687301587,49.823754],[38.105716,49.823754],[38.105713,49.824218],[38.105996,49.824204],[38.10701,49.824128],[38.10705466292128,49.82381283146115],[38.107109,49.82345],[38.107428,49.821802],[38.107518,49.821187],[38.107509,49.82081],[38.107418,49.82021],[38.10741736134454,49.82021],[38.107218,49.818892],[38.106165,49.818888561632654],[38.106165,49.818888],[38.105757,49.818886]]]}},{"type":"Feature","properties":{"cadnum":"4425487500:04:003:0064"},"geometry":{"type":"Polygon","coordinates":[[[38.110707,49.823864],[38.11070816413374,49.823864],[38.110694,49.825728],[38.111658,49.825653],[38.111658,49.82565228315412],[38.112602,49.825577],[38.11261327591882,49.823864],[38.112614,49.823864],[38.112629,49.82186],[38.112602,49.821862],[38.111803,49.821798],[38.111486,49.821772],[38.111486,49.82177243622723],[38.110725,49.821708],[38.110707,49.823864]],[[38.112593,49.822717],[38.112535,49.822717],[38.112535,49.82267],[38.112593,49.82267],[38.112593,49.822717]],[[38.112562,49.821976],[38.112449,49.821976],[38.112449,49.821886],[38.112562,49.821886],[38.112562,49.821976]]]}},{"type":"Feature","properties":{"cadnum":"4425487500:04:003:0063"},"geometry":{"type":"Polygon","coordinates":[[[38.110725,49.821708],[38.109899,49.821639],[38.108757,49.821489],[38.108737,49.823864],[38.10873812247771,49.823864],[38.108722,49.825885],[38.110694,49.825728],[38.110709,49.823754],[38.110707918367346,49.823754],[38.110725,49.821708]]]}},{"type":"Feature","properties":{"cadnum":"4425487500:04:003:0062"},"geometry":{"type":"Polygon","coordinates":[[[38.108757,49.821489],[38.107841,49.82137],[38.107774,49.821828],[38.107455,49.823476],[38.107397,49.823864],[38.107397800475056,49.823864],[38.107352,49.824175],[38.107275,49.824549],[38.107235,49.825557],[38.107222,49.825943],[38.107356,49.825992],[38.108722,49.825885],[38.108739,49.823754],[38.10873792631579,49.823754],[38.108757,49.821489]]]}},{"type":"Feature","properties":{"cadnum":"4425487500:07:001:0021"},"geometry":{"type":"Polygon","coordinates":[[[38.276469,49.860701],[38.276281,49.86077],[38.276281,49.86077018119144],[38.270796,49.862785],[38.270835,49.862831],[38.270836,49.862831],[38.27083612765957,49.862831],[38.27096,49.862973],[38.27096,49.86297236895675],[38.271582,49.863683],[38.27279,49.86324],[38.2742,49.862721],[38.27419955357143,49.862721],[38.274205,49.862719],[38.275714,49.862165],[38.276453,49.861894],[38.276453,49.86189379323308],[38.277345,49.861566],[38.276469,49.860701]],[[38.27716,49.861485],[38.277179,49.861502],[38.277152,49.861511],[38.277138,49.861497],[38.27716,49.861485]],[[38.276666,49.861025],[38.27668,49.861039],[38.276657,49.861051],[38.276643,49.861034],[38.276666,49.861025]]]}},{"type":"Feature","properties":{"cadnum":"4425487500:07:001:0003"},"geometry":{"type":"Polygon","coordinates":[[[38.269403,49.864013],[38.268106,49.864511],[38.269851,49.866372],[38.269851358974364,49.866372],[38.269857,49.866378],[38.270788,49.86737230462376],[38.270788,49.867373],[38.272359,49.869051],[38.272831,49.868784],[38.273517,49.868402],[38.27151,49.866261],[38.27150992962543,49.866261],[38.27096,49.8656744527845],[38.27096,49.865674],[38.269403,49.864013]]]}},{"type":"Feature","properties":{"cadnum":"4425487500:07:001:0004"},"geometry":{"type":"Polygon","coordinates":[[[38.270773,49.863489],[38.269403,49.864013],[38.270788,49.865490511239564],[38.270788,49.865491],[38.271614,49.866372],[38.27161405277907,49.866372],[38.273517,49.868402],[38.274703,49.867747],[38.273334,49.866358],[38.272831,49.865828],[38.270788,49.863506],[38.270788,49.863506085561504],[38.270773,49.863489]]]}},{"type":"Feature","properties":{"cadnum":"4425487500:07:001:0017"},"geometry":{"type":"Polygon","coordinates":[[[38.27279,49.86324],[38.271582,49.863683],[38.273307,49.865643],[38.273806,49.866167],[38.27389862439025,49.866261],[38.273898,49.866261],[38.27396756397706,49.86633096344207],[38.274008,49.866372],[38.27400836623165,49.866372],[38.275117,49.867487],[38.275655,49.867178],[38.276281,49.8668024],[38.276281,49.866803],[38.27637,49.866749],[38.275872,49.866261],[38.275871767241384,49.866261],[38.27279,49.86324]]]}},{"type":"Feature","properties":{"cadnum":"4425487500:07:005:0012"},"geometry":{"type":"Polygon","coordinates":[[[38.290618,49.821341],[38.289611,49.821207],[38.288071,49.821001],[38.287439,49.821600731008715],[38.287439,49.8216],[38.28516321908127,49.823754],[38.285163,49.823754],[38.285117533333384,49.82379724102559],[38.285047,49.823864],[38.285047338235294,49.823864],[38.28502,49.82389],[38.285825,49.823754],[38.2858207962963,49.823754],[38.287083,49.82354],[38.287268,49.823508121468926],[38.287268,49.823509],[38.287437,49.823479],[38.287439,49.82348],[38.287439,49.82347924448898],[38.287936,49.82354],[38.288209,49.823624],[38.290618,49.821341]]]}},{"type":"Feature","properties":{"cadnum":"4425487500:07:005:0005"},"geometry":{"type":"Polygon","coordinates":[[[38.29024,49.818058],[38.28892,49.818084],[38.287586,49.818168],[38.287439,49.81830760377358],[38.287439,49.818307],[38.285315,49.82032],[38.28531601554404,49.82032],[38.285025,49.820596],[38.286067,49.820735],[38.287439,49.820917],[38.287439,49.820916901785715],[38.287492,49.820924],[38.288243,49.82021],[38.28824198672566,49.82021],[38.290509,49.81806],[38.29024,49.818058]]]}},{"type":"Feature","properties":{"cadnum":"4425487500:07:005:0004"},"geometry":{"type":"Polygon","coordinates":[[[38.287439,49.81817724528302],[38.287439,49.818177],[38.286966,49.818205],[38.285115,49.818316],[38.283444,49.818368],[38.281946,49.81978881126424],[38.281946,49.819788],[38.28158,49.820135],[38.281946,49.820185],[38.281946,49.82018380956376],[38.28214234591197,49.82021],[38.282137,49.82021],[38.283993,49.820457],[38.285025,49.820596],[38.285432,49.82021],[38.28543106557377,49.82021],[38.287268,49.81846906355932],[38.287268,49.81847],[38.287586,49.818168],[38.287439,49.81817724528302]]]}},{"type":"Feature","properties":{"cadnum":"4425487500:07:005:0011"},"geometry":{"type":"Polygon","coordinates":[[[38.288071,49.821001],[38.287492,49.820924],[38.287268,49.820894],[38.287268,49.82089431632653],[38.286067,49.820735],[38.282882099045736,49.823754],[38.282882,49.823754],[38.282861,49.823774],[38.283247,49.823864],[38.283857,49.823948],[38.284823,49.823926],[38.28502,49.82389],[38.285117533333384,49.82379724102559],[38.287268,49.82176184949832],[38.287268,49.821763],[38.288071,49.821001]]]}},{"type":"Feature","properties":{"cadnum":"4425487500:07:005:0009"},"geometry":{"type":"Polygon","coordinates":[[[38.281384,49.82032],[38.28138512921348,49.82032],[38.278876,49.822702],[38.27932,49.822844],[38.280672,49.823254],[38.280974,49.823323],[38.281775,49.82256237962962],[38.281775,49.822563],[38.283993,49.820457],[38.282963558704466,49.82032],[38.282967,49.82032],[38.281775,49.820161],[38.281775,49.82016163934426],[38.28158,49.820135],[38.281384,49.82032]]]}},{"type":"Feature","properties":{"cadnum":"4425487500:07:005:0010"},"geometry":{"type":"Polygon","coordinates":[[[38.286067,49.820735],[38.285025,49.820596],[38.283993,49.820457],[38.281946,49.82240063480614],[38.281946,49.8224],[38.280974,49.823323],[38.28193,49.823549],[38.281946,49.823553],[38.281946,49.823552866809884],[38.282861,49.823774],[38.286067,49.820735]]]}},{"type":"Feature","properties":{"cadnum":"4425487500:07:005:0016"},"geometry":{"type":"Polygon","coordinates":[[[38.261225,49.830257],[38.26004355539569,49.830841],[38.260042,49.830841],[38.259802,49.83096],[38.259802,49.83096062948207],[38.259472,49.831123],[38.259974,49.831546],[38.259974,49.831545835516735],[38.26255,49.833715],[38.263372,49.833539],[38.264678,49.833171],[38.262046627897,49.830952],[38.262047,49.830952],[38.261225,49.830257]]]}},{"type":"Feature","properties":{"cadnum":"4425487500:07:005:0018"},"geometry":{"type":"Polygon","coordinates":[[[38.264215,49.82877],[38.26276,49.829495],[38.26435635415236,49.830841],[38.264356,49.830841],[38.265295,49.831631247524754],[38.265295,49.831632],[38.266552,49.83269],[38.267342,49.832296],[38.268007,49.831966],[38.266671,49.830841],[38.26667038945711,49.830841],[38.265467,49.829826064366294],[38.265467,49.829825],[38.264215,49.82877]]]}},{"type":"Feature","properties":{"cadnum":"4425487500:07:005:0017"},"geometry":{"type":"Polygon","coordinates":[[[38.26276,49.829495],[38.261225,49.830257],[38.26191571654676,49.830841],[38.261915,49.830841],[38.264678,49.833171],[38.264759,49.833151],[38.265467,49.832972],[38.265467,49.83297105414552],[38.265886,49.832864],[38.266139,49.832893],[38.266552,49.83269],[38.265467,49.83177677008751],[38.265467,49.831776],[38.26448789411765,49.830952],[38.264488,49.830952],[38.26276,49.829495]]]}},{"type":"Feature","properties":{"cadnum":"4425487500:07:005:0015"},"geometry":{"type":"Polygon","coordinates":[[[38.259974,49.834173],[38.259974,49.834172307692306],[38.260254,49.83413],[38.261915,49.833852],[38.26255,49.833715],[38.259802,49.831401],[38.259802,49.83140106772908],[38.259472,49.831123],[38.257451,49.832128],[38.259802,49.83411078269783],[38.259802,49.834111],[38.25989,49.834185],[38.259974,49.834173]]]}},{"type":"Feature","properties":{"cadnum":"4425487500:04:004:0188"},"geometry":{"type":"Polygon","coordinates":[[[38.139076,49.812438],[38.139035,49.812093],[38.133776,49.812168],[38.133802,49.812513],[38.138952,49.812439763367465],[38.138952,49.812441],[38.139076,49.812438]]]}},{"type":"Feature","properties":{"cadnum":"4425487500:04:004:0187"},"geometry":{"type":"Polygon","coordinates":[[[38.139094,49.812621],[38.139076,49.812438],[38.133802,49.812513],[38.133816,49.812678],[38.133852,49.812858],[38.139094,49.812783],[38.139094,49.812621]]]}},{"type":"Feature","properties":{"cadnum":"4425487500:03:001:0181"},"geometry":{"type":"Polygon","coordinates":[[[38.144079,49.812443],[38.144079,49.812473],[38.144156,49.812467],[38.144152,49.812438],[38.144445,49.81242098709677],[38.144445,49.812421],[38.144462000003166,49.81241999999981],[38.144617,49.812411],[38.144617,49.81241088235294],[38.144649,49.812409],[38.144636,49.812342],[38.144722,49.812336],[38.144712,49.812275],[38.144628,49.812278],[38.144618,49.8122],[38.14450411557743,49.81220724120605],[38.144201,49.812224],[38.144179,49.812087],[38.143976,49.812099],[38.143999,49.812237],[38.143366,49.812275],[38.143397,49.812484],[38.144079,49.812443]]]}},{"type":"Feature","properties":{"cadnum":"4425487500:03:001:0158"},"geometry":{"type":"Polygon","coordinates":[[[38.144825,49.812821],[38.144771,49.812507],[38.144445,49.81253],[38.144445,49.81253033524355],[38.144268,49.812542],[38.144322,49.812852],[38.144445,49.812844494915254],[38.144445,49.812845],[38.144825,49.812821]]]}},{"type":"Feature","properties":{"cadnum":"4425487500:04:001:0052"},"geometry":{"type":"Polygon","coordinates":[[[38.204231,49.84872],[38.203961,49.851237],[38.20487,49.851249613321],[38.20487,49.85125],[38.208403,49.851298],[38.206728,49.849714],[38.205708,49.848741],[38.20487,49.84873],[38.20487,49.84873024290999],[38.204231,49.84872]]]}},{"type":"Feature","properties":{"cadnum":"4425487500:04:001:0049"},"geometry":{"type":"Polygon","coordinates":[[[38.197664,49.851425],[38.19760221994885,49.852096],[38.197601,49.852096],[38.197552,49.852645],[38.198068,49.852651],[38.199377,49.852660722484806],[38.199377,49.852661],[38.203534,49.852691],[38.203591,49.852096],[38.20359072244898,49.852096],[38.203651,49.851472],[38.199549,49.851440328029945],[38.199549,49.85144],[38.197664,49.851425]]]}},{"type":"Feature","properties":{"cadnum":"4425487500:04:001:0051"},"geometry":{"type":"Polygon","coordinates":[[[38.199549,49.848664],[38.197848,49.848651],[38.197749,49.850195],[38.199377,49.85020675777778],[38.199377,49.850207],[38.203764,49.850238],[38.203911,49.848697],[38.199549,49.84866428981032],[38.199549,49.848664]]]}},{"type":"Feature","properties":{"cadnum":"4425487500:04:001:0050"},"geometry":{"type":"Polygon","coordinates":[[[38.199549,49.850208],[38.197749,49.850195],[38.197682,49.851223],[38.197664,49.851425],[38.199377,49.85143863129973],[38.199377,49.851439],[38.203651,49.851472],[38.203764,49.850238],[38.199549,49.85020821540916],[38.199549,49.850208]]]}},{"type":"Feature","properties":{"cadnum":"4425487500:04:003:0021"},"geometry":{"type":"Polygon","coordinates":[[[38.106165,49.837364488169364],[38.106165,49.837364],[38.10447934124628,49.837927],[38.104478,49.837927],[38.101616,49.838884],[38.101612,49.839257],[38.101607,49.840011],[38.101602,49.840139],[38.106165,49.838614],[38.106165,49.8386134155194],[38.107591,49.838136],[38.107592,49.837927],[38.10759177016479,49.837927],[38.107599,49.836885],[38.106165,49.837364488169364]]]}},{"type":"Feature","properties":{"cadnum":"4425487500:04:003:0030"},"geometry":{"type":"Polygon","coordinates":[[[38.115055,49.835781],[38.115065,49.834895],[38.114916,49.834759],[38.111486,49.835906],[38.111486,49.83590647695391],[38.107666,49.837183],[38.10765990877193,49.837927],[38.107659,49.837927],[38.107658,49.838256],[38.10831581341334,49.838035387754346],[38.111486,49.83697550447761],[38.111486,49.836976],[38.115055,49.835781]]]}},{"type":"Feature","properties":{"cadnum":"4425487500:04:003:0029"},"geometry":{"type":"Polygon","coordinates":[[[38.11505,49.836816],[38.115055,49.835781],[38.111658,49.83691840963856],[38.111658,49.836918],[38.10864000892856,49.837927],[38.108639,49.837927],[38.10831581341334,49.838035387754346],[38.108308,49.838038],[38.108308024316116,49.838038],[38.107658,49.838256],[38.107648,49.839289],[38.111658,49.83795],[38.111658,49.837948570145905],[38.11505,49.836816]]]}},{"type":"Feature","properties":{"cadnum":"4425487500:04:003:0022"},"geometry":{"type":"Polygon","coordinates":[[[38.107599,49.836885],[38.107608,49.835631],[38.105993,49.836171],[38.105993,49.83617151013216],[38.101625,49.837632],[38.101623546798024,49.837927],[38.101623,49.837927],[38.10162,49.838447],[38.101616,49.838884],[38.104146043887155,49.838038],[38.104147,49.838038],[38.105993,49.8374214469772],[38.105993,49.837422],[38.107599,49.836885]]]}},{"type":"Feature","properties":{"cadnum":"4425487500:07:002:0020"},"geometry":{"type":"Polygon","coordinates":[[[38.244839,49.846502],[38.244794,49.846424],[38.243494,49.84680905434782],[38.243494,49.846809],[38.24103,49.847539],[38.241713,49.848495],[38.241835,49.848665],[38.24183591078838,49.848665],[38.242103,49.849036],[38.243322,49.84867494464414],[38.243322,49.848675],[38.243338697799146,49.84866999892649],[38.243494,49.848624],[38.243494,49.848623735258236],[38.245814,49.847935],[38.244839,49.846502]]]}},{"type":"Feature","properties":{"cadnum":"4425487500:07:002:0023"},"geometry":{"type":"Polygon","coordinates":[[[38.241461,49.844732],[38.24051633546327,49.845012],[38.240515,49.845012],[38.240405,49.845045],[38.240628,49.845123],[38.24062928679246,49.845123],[38.241929,49.845575],[38.242557,49.845737],[38.243494,49.84591],[38.243494,49.84590921235521],[38.243581,49.845925],[38.244655,49.84605],[38.246564,49.846181],[38.24717,49.846209],[38.24729573756432,49.845123],[38.247296,49.845123],[38.24730224489797,49.8450667959182],[38.247305,49.845043],[38.247309,49.845036],[38.243494,49.84483888688237],[38.243494,49.844838],[38.241461,49.844732]]]}},{"type":"Feature","properties":{"cadnum":"4425487500:04:009:0065"},"geometry":{"type":"Polygon","coordinates":[[[38.239086,49.84585],[38.239117,49.845842],[38.239103,49.845824],[38.239076,49.84583],[38.239086,49.84585]]]}},{"type":"Feature","properties":{"cadnum":"4425487500:07:002:0021"},"geometry":{"type":"Polygon","coordinates":[[[38.243322,49.846859957792205],[38.243322,49.84686],[38.244794,49.846424],[38.244686,49.846245],[38.243494,49.84609818475074],[38.243494,49.846098],[38.242988,49.846035],[38.241924,49.845801],[38.240864,49.845497],[38.239687,49.845126],[38.239893,49.845511],[38.240086,49.846218],[38.24103,49.847539],[38.243322,49.846859957792205]]]}},{"type":"Feature","properties":{"cadnum":"4425487500:07:006:0057"},"geometry":{"type":"Polygon","coordinates":[[[38.285213,49.859351],[38.285241,49.859348],[38.285236,49.859334],[38.285209,49.859334],[38.285213,49.859351]]]}},{"type":"Feature","properties":{"cadnum":"4425487500:07:006:0053"},"geometry":{"type":"Polygon","coordinates":[[[38.285708,49.859849],[38.285735,49.859847],[38.285731,49.859829],[38.285704,49.859832],[38.285708,49.859849]]]}},{"type":"Feature","properties":{"cadnum":"4425487500:07:006:0056"},"geometry":{"type":"Polygon","coordinates":[[[38.285393,49.859953],[38.285389,49.859936],[38.285362,49.859939],[38.285366,49.859953],[38.285393,49.859953]]]}},{"type":"Feature","properties":{"cadnum":"4425487500:07:006:0075"},"geometry":{"type":"Polygon","coordinates":[[[38.283332,49.862432],[38.284612,49.861592],[38.284805,49.861407],[38.284123,49.860781],[38.283377,49.860098],[38.282721,49.859508],[38.282559,49.859357],[38.281946,49.859734651785715],[38.281946,49.859734],[38.280079,49.86088],[38.2819014533404,49.862721],[38.281901,49.862721],[38.282232,49.863054],[38.282438,49.862933],[38.282817,49.862721],[38.28281556641603,49.862721],[38.283332,49.862432]]]}},{"type":"Feature","properties":{"cadnum":"4425487500:07:006:0055"},"geometry":{"type":"Polygon","coordinates":[[[38.285519,49.860547],[38.285542,49.860544],[38.285542,49.860527],[38.285515,49.86053],[38.285519,49.860547]]]}},{"type":"Feature","properties":{"cadnum":"4425487500:04:008:0020"},"geometry":{"type":"Polygon","coordinates":[[[38.234324,49.82706],[38.23286,49.826632],[38.232336,49.8269],[38.232336,49.826900770154374],[38.23155952268907,49.827297],[38.231558,49.827297],[38.227035,49.829611],[38.229096,49.830204],[38.231023,49.829208],[38.230937,49.828843],[38.231086,49.828623],[38.23135,49.828391],[38.23171,49.828231],[38.232508,49.827883],[38.232508,49.82788287094639],[38.233847,49.827298],[38.234324,49.82706]]]}},{"type":"Feature","properties":{"cadnum":"4425487500:04:008:0124"},"geometry":{"type":"Polygon","coordinates":[[[38.230259,49.829216],[38.230277,49.829202],[38.230259,49.82919],[38.230241,49.829202],[38.230259,49.829216]]]}},{"type":"Feature","properties":{"cadnum":"4425487500:07:003:0045"},"geometry":{"type":"Polygon","coordinates":[[[38.231409,49.828518],[38.231432,49.828507],[38.231377,49.828466],[38.231356,49.828475],[38.231409,49.828518]]]}},{"type":"Feature","properties":{"cadnum":"4425487500:04:008:0019"},"geometry":{"type":"Polygon","coordinates":[[[38.232508,49.826529221374045],[38.232508,49.826529],[38.231283,49.826171],[38.229080154405814,49.827297],[38.229079,49.827297],[38.226843,49.828441],[38.226843,49.82844180649268],[38.225444,49.829156],[38.227015,49.829606],[38.227015,49.82960527083333],[38.227035,49.829611],[38.231341036732935,49.827408],[38.231342,49.827408],[38.232508,49.826813],[38.232508,49.82681203053435],[38.23286,49.826632],[38.232508,49.826529221374045]]]}},{"type":"Feature","properties":{"cadnum":"4425487500:04:008:0125"},"geometry":{"type":"Polygon","coordinates":[[[38.230817,49.828855],[38.230834,49.82884],[38.230817,49.828828],[38.230798,49.828843],[38.230817,49.828855]]]}},{"type":"Feature","properties":{"cadnum":"4425487500:04:008:0014"},"geometry":{"type":"Polygon","coordinates":[[[38.227015,49.8296552494577],[38.227015,49.829655],[38.225808,49.829309],[38.22280927084602,49.830841],[38.222809,49.830841],[38.221521,49.83149956614119],[38.221521,49.831499],[38.219614,49.832473],[38.22111,49.832905],[38.22135,49.83278237226278],[38.22135,49.832783],[38.22494362620471,49.83094453264237],[38.227015,49.829887],[38.227015,49.82988594793926],[38.227304,49.829738],[38.227015,49.8296552494577]]]}},{"type":"Feature","properties":{"cadnum":"4425487500:07:003:0028"},"geometry":{"type":"Polygon","coordinates":[[[38.230991,49.830445],[38.230434,49.830114],[38.230461,49.830004],[38.23101,49.829654],[38.231059,49.829407],[38.230991,49.829152],[38.228297,49.830509],[38.227771,49.830786],[38.227446,49.830952],[38.22744650357994,49.830952],[38.226843,49.83126],[38.226843,49.831260686274504],[38.22676,49.831303],[38.226843,49.83132838823529],[38.226843,49.831329],[38.230169,49.83234],[38.230291,49.832377],[38.230129,49.832221],[38.230201,49.831978],[38.230605,49.831534],[38.231063,49.83125],[38.231454,49.830998],[38.23153,49.830842],[38.231529,49.830841],[38.231528642317386,49.830841],[38.230991,49.830445]]]}},{"type":"Feature","properties":{"cadnum":"4425487500:07:003:0046"},"geometry":{"type":"Polygon","coordinates":[[[38.232046,49.828188],[38.232065,49.828176],[38.232052,49.828162],[38.232029,49.828173],[38.232046,49.828188]]]}},{"type":"Feature","properties":{"cadnum":"4425487500:04:008:0015"},"geometry":{"type":"Polygon","coordinates":[[[38.22823,49.830613],[38.228993,49.830216],[38.227264,49.829718],[38.226843,49.829933],[38.226843,49.82993374538746],[38.224847,49.830952],[38.224847737091665,49.830952],[38.221521,49.8326516358008],[38.221521,49.832651],[38.221069,49.832882],[38.22135,49.832962818584065],[38.22135,49.832963],[38.222538,49.833305],[38.226843,49.83110778646415],[38.226843,49.831108],[38.227365,49.830841],[38.2273644251627,49.830841],[38.22805,49.830491],[38.22823,49.830613]]]}},{"type":"Feature","properties":{"cadnum":"4425487500:04:008:0018"},"geometry":{"type":"Polygon","coordinates":[[[38.229707,49.825713],[38.226843,49.827176],[38.226843,49.82717650877193],[38.22660617241379,49.827297],[38.226606,49.827297],[38.22656175806521,49.82731959677384],[38.226388,49.827408],[38.226388674518205,49.827408],[38.223863,49.828698],[38.225444,49.829156],[38.227015,49.828354],[38.227015,49.828353],[38.22886204545455,49.827408],[38.228863,49.827408],[38.231283,49.826171],[38.229707,49.825713]]]}},{"type":"Feature","properties":{"cadnum":"4425487500:04:008:0119"},"geometry":{"type":"Polygon","coordinates":[[[38.227987,49.830622],[38.22801,49.83061],[38.227991,49.830599],[38.227973,49.830607],[38.227987,49.830622]]]}},{"type":"Feature","properties":{"cadnum":"4425487500:04:008:0121"},"geometry":{"type":"Polygon","coordinates":[[[38.228526,49.830346],[38.228593,49.830305],[38.228576,49.830292],[38.228507,49.830332],[38.228526,49.830346]]]}},{"type":"Feature","properties":{"cadnum":"4425487500:04:008:0120"},"geometry":{"type":"Polygon","coordinates":[[[38.228427,49.830395],[38.228494,49.830363],[38.22848,49.83035],[38.228413,49.830384],[38.228427,49.830395]]]}},{"type":"Feature","properties":{"cadnum":"4425487500:04:008:0123"},"geometry":{"type":"Polygon","coordinates":[[[38.229658,49.829611],[38.229675,49.829599],[38.229658,49.829585],[38.229639,49.829599],[38.229658,49.829611]]]}},{"type":"Feature","properties":{"cadnum":"4425487500:04:008:0122"},"geometry":{"type":"Polygon","coordinates":[[[38.229056,49.830002],[38.229073,49.82999],[38.229056,49.829978],[38.229038,49.82999],[38.229056,49.830002]]]}},{"type":"Feature","properties":{"cadnum":"4425487500:07:007:0147"},"geometry":{"type":"Polygon","coordinates":[[[38.329024,49.807803],[38.331385,49.807729],[38.331385,49.807728502283105],[38.331432,49.807727],[38.331213,49.807628],[38.331213,49.807628065155804],[38.331032,49.807545],[38.330718,49.807644],[38.33012,49.807571],[38.330175,49.80747],[38.329779,49.807319],[38.329842,49.807174],[38.3292,49.806861],[38.329284,49.80675],[38.328957,49.8066],[38.328225,49.80691],[38.327879,49.807055],[38.328804,49.807899],[38.329024,49.807803]]]}},{"type":"Feature","properties":{"cadnum":"4425487500:04:008:0022"},"geometry":{"type":"Polygon","coordinates":[[[38.229486,49.820361],[38.227807,49.820404],[38.22778763583815,49.823754],[38.227787,49.823754],[38.22778,49.825102],[38.229455,49.825589],[38.229466,49.823754],[38.229465659434766,49.823754],[38.229486,49.820361]]]}},{"type":"Feature","properties":{"cadnum":"4425487500:04:008:0024"},"geometry":{"type":"Polygon","coordinates":[[[38.232388,49.820288],[38.231,49.820324],[38.23098,49.823864],[38.230981372256366,49.823864],[38.230969,49.826032],[38.232358,49.826435],[38.232371,49.823754],[38.232370553691275,49.823754],[38.232388,49.820288]]]}},{"type":"Feature","properties":{"cadnum":"4425487500:04:008:0025"},"geometry":{"type":"Polygon","coordinates":[[[38.233666,49.823864],[38.233687,49.820257],[38.232388,49.820288],[38.23237,49.823864],[38.232370466616935,49.823864],[38.232358,49.826435],[38.232508,49.82648],[38.232508,49.82647911764706],[38.23365,49.826815],[38.233665425024505,49.823864],[38.233666,49.823864]]]}},{"type":"Feature","properties":{"cadnum":"4425487500:04:008:0023"},"geometry":{"type":"Polygon","coordinates":[[[38.231,49.820324],[38.229486,49.820361],[38.229465,49.823864],[38.229465340599454,49.823864],[38.229455,49.825589],[38.230969,49.826032],[38.230982,49.823754],[38.23098062146893,49.823754],[38.231,49.820324]]]}},{"type":"Feature","properties":{"cadnum":"4425487500:07:002:0055"},"geometry":{"type":"Polygon","coordinates":[[[38.250826,49.861865],[38.250611,49.860674],[38.250336,49.860865],[38.250696,49.862311],[38.25093584189723,49.862721],[38.250934,49.862721],[38.250992,49.862817],[38.250999,49.862831],[38.251000083018866,49.862831],[38.251298,49.863347],[38.2515,49.863691],[38.252227,49.86494],[38.252902,49.866103],[38.253143,49.866114],[38.253108,49.865362],[38.253252,49.865],[38.253032,49.864882],[38.252344,49.864146],[38.252807,49.863686],[38.25187491709845,49.862831],[38.251876,49.862831],[38.250826,49.861865]],[[38.25238,49.865183],[38.252407,49.865176],[38.25242,49.865197],[38.25239,49.865203],[38.25238,49.865183]]]}},{"type":"Feature","properties":{"cadnum":"4425487500:07:002:0036"},"geometry":{"type":"Polygon","coordinates":[[[38.251231,49.858984],[38.25043634313727,49.859179],[38.250434,49.859179],[38.249784,49.859339],[38.250579,49.860498],[38.250826,49.861865],[38.251756434782614,49.862721],[38.251755,49.862721],[38.252807,49.863686],[38.253703,49.862721],[38.25370184246575,49.862721],[38.253872,49.862539],[38.251376,49.859179],[38.25137565686274,49.859179],[38.251231,49.858984]]]}},{"type":"Feature","properties":{"cadnum":"4425487500:07:002:0054"},"geometry":{"type":"Polygon","coordinates":[[[38.254869,49.861792],[38.255296,49.861381],[38.2556,49.860822],[38.255309,49.860729],[38.254653,49.861569],[38.25448,49.86178927325581],[38.25448,49.861789],[38.254002,49.862397],[38.253872,49.862539],[38.253599,49.862831],[38.253600625649916,49.862831],[38.253166,49.863298],[38.254003,49.862721],[38.25400267741936,49.862721],[38.254158,49.862614],[38.254309,49.86243955279503],[38.254309,49.862441],[38.254869,49.861792]]]}},{"type":"Feature","properties":{"cadnum":"4425487500:07:002:0037"},"geometry":{"type":"Polygon","coordinates":[[[38.253548,49.858355],[38.25212,49.858764],[38.251231,49.858984],[38.251458,49.85929],[38.25145845714286,49.85929],[38.253872,49.862539],[38.254002,49.862397],[38.254309,49.86200522175732],[38.254309,49.862006],[38.255309,49.860729],[38.254309,49.859381],[38.254309,49.85938252173913],[38.254158,49.859179],[38.254157848128344,49.859179],[38.253548,49.858355]]]}},{"type":"Feature","properties":{"cadnum":"4425487500:07:003:0018"},"geometry":{"type":"Polygon","coordinates":[[[38.238001,49.83401824137931],[38.238001,49.834018],[38.237073,49.833666],[38.235843132689986,49.834384],[38.235843,49.834384],[38.234482,49.835179],[38.234159,49.835138],[38.232508,49.83611519637959],[38.232508,49.836115],[38.230314,49.837412],[38.231643,49.837789],[38.232336,49.837385217341044],[38.232336,49.837386],[38.232842,49.837091],[38.23729269671223,49.834495],[38.237293,49.834495],[38.237895,49.834145],[38.238001,49.834079],[38.238001,49.83407859036145],[38.238061,49.834041],[38.238001,49.83401824137931]]]}},{"type":"Feature","properties":{"cadnum":"4425487500:04:001:0143"},"geometry":{"type":"Polygon","coordinates":[[[38.215857,49.85900391821561],[38.215857,49.859004],[38.215934673466265,49.85896897959324],[38.216028,49.858927],[38.216028,49.8589269017341],[38.216376,49.85877],[38.215857,49.85829],[38.215857,49.85829010273972],[38.21559,49.858042],[38.213286,49.855879],[38.211287,49.856586],[38.21406315939349,49.859179],[38.214063,49.859179],[38.214150074545195,49.85926018085327],[38.214182,49.85929],[38.21418205854801,49.85929],[38.214521,49.859606],[38.214637,49.859554],[38.215220615999996,49.85929],[38.215221,49.85929],[38.215857,49.85900391821561]]]}},{"type":"Feature","properties":{"cadnum":"4425487500:04:009:0002"},"geometry":{"type":"Polygon","coordinates":[[[38.22148940979922,49.85668623385351],[38.221521,49.856639],[38.221521,49.856638700934575],[38.221564,49.856574],[38.221415163150375,49.85653366104076],[38.220446,49.856265],[38.219861,49.856102],[38.21780516248432,49.859179],[38.217805,49.859179],[38.21779141858285,49.85919957068445],[38.217731,49.85929],[38.21773171428571,49.85929],[38.217634,49.859438],[38.218878,49.860594],[38.219747947703176,49.85929],[38.219748,49.85929],[38.22135,49.85689468020305],[38.22135,49.856896],[38.22148940979922,49.85668623385351]]]}},{"type":"Feature","properties":{"cadnum":"4425487500:04:001:0149"},"geometry":{"type":"Polygon","coordinates":[[[38.215934673466265,49.85896897959324],[38.21546776859505,49.859179],[38.215466,49.859179],[38.214637,49.859554],[38.216028,49.860853],[38.216028,49.860851733754515],[38.218073,49.862762],[38.219385,49.861592],[38.218586,49.860813],[38.216818,49.859179],[38.21681724807692,49.859179],[38.216376,49.85877],[38.215934673466265,49.85896897959324]]]}},{"type":"Feature","properties":{"cadnum":"4425487500:04:005:0002"},"geometry":{"type":"Polygon","coordinates":[[[38.149056,49.802229],[38.14663,49.802319],[38.146562118705035,49.802486],[38.146562,49.802486],[38.146548315449984,49.802519958450496],[38.146517,49.802597],[38.14651726930616,49.802597],[38.145534,49.805037],[38.147507,49.806064],[38.148952,49.802486],[38.14895194293478,49.802486],[38.149056,49.802229]]]}},{"type":"Feature","properties":{"cadnum":"4425487500:04:005:0046"},"geometry":{"type":"Polygon","coordinates":[[[38.145427,49.805087],[38.145445,49.805076],[38.145423,49.805063],[38.145404,49.805078],[38.145427,49.805087]]]}},{"type":"Feature","properties":{"cadnum":"4425487500:04:005:0045"},"geometry":{"type":"Polygon","coordinates":[[[38.146056,49.805414],[38.146069,49.805403],[38.146051,49.805391],[38.146033,49.805405],[38.146056,49.805414]]]}},{"type":"Feature","properties":{"cadnum":"4425487500:04:005:0003"},"geometry":{"type":"Polygon","coordinates":[[[38.149939,49.802195],[38.149939,49.802195489563566],[38.149056,49.802229],[38.148907,49.802597],[38.148907171883735,49.802597],[38.14752032727781,49.806031],[38.147519,49.806031],[38.147507,49.806064],[38.147656,49.806142],[38.14765705542725,49.806142],[38.149173,49.80693],[38.149490303670746,49.806142],[38.149491,49.806142],[38.149939,49.80503032310176],[38.149939,49.805031],[38.150965,49.802486],[38.15096394630873,49.802486],[38.1511,49.80215],[38.149939,49.802195]]]}},{"type":"Feature","properties":{"cadnum":"4425487500:04:005:0043"},"geometry":{"type":"Polygon","coordinates":[[[38.147295,49.806058],[38.147309,49.806047],[38.147291,49.806035],[38.147272,49.806049],[38.147295,49.806058]]]}},{"type":"Feature","properties":{"cadnum":"4425487500:04:005:0044"},"geometry":{"type":"Polygon","coordinates":[[[38.146662,49.805731],[38.14668,49.805716],[38.146658,49.805707],[38.146639,49.805719],[38.146662,49.805731]]]}},{"type":"Feature","properties":{"cadnum":"4425487500:04:005:0047"},"geometry":{"type":"Polygon","coordinates":[[[38.144758,49.804739],[38.144771,49.804728],[38.144753,49.804716],[38.144735,49.80473],[38.144758,49.804739]]]}},{"type":"Feature","properties":{"cadnum":"4425487500:04:005:0004"},"geometry":{"type":"Polygon","coordinates":[[[38.1511,49.80215],[38.150919,49.802597],[38.15092025108055,49.802597],[38.15011,49.804606833333345],[38.15011,49.804606],[38.149535732421874,49.806031],[38.149535,49.806031],[38.149173,49.80693],[38.15011,49.807421],[38.15011,49.807420893280636],[38.150192,49.807464],[38.150664,49.807708],[38.151339,49.806031],[38.15133875218819,49.806031],[38.152768,49.802486],[38.152767959302324,49.802486],[38.152932,49.802081],[38.1511,49.80215]]]}},{"type":"Feature","properties":{"cadnum":"4425487500:07:007:0136"},"geometry":{"type":"Polygon","coordinates":[[[38.325822,49.822329],[38.32572,49.822015],[38.32572,49.82201541891891],[38.325674,49.821874],[38.325602,49.821669],[38.322646,49.822068],[38.322749,49.822746],[38.32572,49.82234284119753],[38.32572,49.822343],[38.325822,49.822329]]]}},{"type":"Feature","properties":{"cadnum":"4425487500:07:007:0012"},"geometry":{"type":"Polygon","coordinates":[[[38.319669,49.82064],[38.319462,49.82044],[38.317522,49.822193],[38.320227,49.8234467430459],[38.320227,49.823447],[38.32089106235012,49.823754],[38.320891,49.823754],[38.321713,49.824134],[38.321824,49.823864],[38.322592,49.82308],[38.322315,49.821729],[38.320227,49.82087],[38.320227,49.820870395061725],[38.319669,49.82064]]]}},{"type":"Feature","properties":{"cadnum":"4425487500:07:007:0051"},"geometry":{"type":"Polygon","coordinates":[[[38.324147,49.819414],[38.320227,49.819945],[38.320227,49.81994503723987],[38.319485,49.820045],[38.319413,49.820118],[38.31951593069307,49.82021],[38.319515,49.82021],[38.319812,49.820474],[38.320227,49.82041876109215],[38.320227,49.820419],[38.32033713238296,49.820404101832985],[38.320398,49.820396],[38.320398,49.82039586796117],[38.321772,49.82021],[38.321767233644856,49.82021],[38.324124,49.819892],[38.324147,49.819414]]]}},{"type":"Feature","properties":{"cadnum":"4425487500:07:007:0105"},"geometry":{"type":"Polygon","coordinates":[[[38.32408,49.820205],[38.32408,49.820097],[38.324116,49.820048],[38.324124,49.819892],[38.320952,49.82032],[38.320958842105256,49.82032],[38.32033713238296,49.820404101832985],[38.319812,49.820474],[38.319858,49.820515],[38.320398,49.820735],[38.320398,49.82073437559429],[38.320858,49.820921],[38.324457,49.820434],[38.32426920535715,49.82032],[38.32427,49.82032],[38.32408,49.820205]]]}},{"type":"Feature","properties":{"cadnum":"4425487500:07:007:0013"},"geometry":{"type":"Polygon","coordinates":[[[38.322659,49.822073],[38.325615,49.821669],[38.325399,49.82099],[38.325355,49.820975],[38.322099,49.821411],[38.322592,49.821619],[38.322659,49.822073]]]}},{"type":"Feature","properties":{"cadnum":"4425487500:04:008:0093"},"geometry":{"type":"Polygon","coordinates":[[[38.238264,49.811734],[38.238375,49.811698],[38.238388,49.811693],[38.238348,49.81165],[38.238335,49.811655],[38.238232,49.811696],[38.238264,49.811734]]]}},{"type":"Feature","properties":{"cadnum":"4425487500:04:008:0094"},"geometry":{"type":"Polygon","coordinates":[[[38.239952,49.812304],[38.23997,49.812287],[38.239943,49.812275],[38.239925,49.812295],[38.239952,49.812304]]]}},{"type":"Feature","properties":{"cadnum":"4425487500:04:008:0095"},"geometry":{"type":"Polygon","coordinates":[[[38.242086,49.813113],[38.242099,49.813096],[38.242072,49.813087],[38.242059,49.813105],[38.242086,49.813113]]]}},{"type":"Feature","properties":{"cadnum":"4425487500:04:008:0092"},"geometry":{"type":"Polygon","coordinates":[[[38.237926,49.809977],[38.237958,49.809971],[38.237954,49.809951],[38.237922,49.809954],[38.237926,49.809977]]]}},{"type":"Feature","properties":{"cadnum":"4425487500:07:007:0102"},"geometry":{"type":"Polygon","coordinates":[[[38.314905,49.808295843636365],[38.316384,49.809687],[38.31638461142857,49.809687],[38.316453,49.809751],[38.316466,49.809742],[38.31659322891567,49.809687],[38.316594,49.809687],[38.317877,49.809133],[38.317885,49.80849],[38.317732,49.80774],[38.317472,49.806986],[38.317279,49.806702],[38.316946,49.806316],[38.314916,49.80718],[38.31489687848152,49.807188615189645],[38.314103,49.807542],[38.314905,49.808297],[38.314905,49.808295843636365]]]}},{"type":"Feature","properties":{"cadnum":"4425487500:07:007:0100"},"geometry":{"type":"Polygon","coordinates":[[[38.312637175318315,49.809687],[38.313606,49.810597],[38.314734,49.81030349422633],[38.314734,49.810304],[38.31603,49.809966],[38.316453,49.809751],[38.316266,49.809576],[38.31626599097938,49.809576],[38.314734,49.808135],[38.314734,49.80813602119701],[38.314103,49.807542],[38.311562,49.808675],[38.312519089920954,49.809576],[38.312519,49.809576],[38.312559063590115,49.809613631026224],[38.312637,49.809687],[38.312637175318315,49.809687]]]}},{"type":"Feature","properties":{"cadnum":"4425487500:07:007:0099"},"geometry":{"type":"Polygon","coordinates":[[[38.311516,49.808693],[38.310281,49.809182],[38.309814,49.809354],[38.30940174570303,49.80953139862605],[38.30929776875,49.809576],[38.309297,49.809576],[38.307757,49.810238],[38.309059,49.810574],[38.30924,49.810650399433435],[38.30924,49.810651],[38.31083,49.811319],[38.313606,49.810597],[38.312559063590115,49.809613631026224],[38.311562,49.808675],[38.311516,49.808693]]]}},{"type":"Feature","properties":{"cadnum":"4425487500:04:001:0289"},"geometry":{"type":"Polygon","coordinates":[[[38.169866,49.881367],[38.17057,49.881532],[38.171911,49.88207160182585],[38.171911,49.882072],[38.171994,49.882105],[38.172633,49.882493],[38.173302,49.883653],[38.173396,49.884073],[38.17339708389716,49.884073],[38.173539,49.884701],[38.173895,49.885642],[38.173948,49.886909],[38.174021,49.887283],[38.174125,49.887612],[38.17412649418605,49.887612],[38.174146,49.887673],[38.173828,49.888359],[38.174411,49.889175],[38.175587,49.889977],[38.176954,49.8907],[38.177404,49.89085337620579],[38.177404,49.890854],[38.178275,49.891151],[38.178275650684945,49.891151],[38.179235,49.891478],[38.179568,49.891979],[38.179432,49.89252],[38.18156689999999,49.891151],[38.181567,49.891151],[38.182898,49.890298521970706],[38.182898,49.890299],[38.183197,49.890107],[38.185604,49.888787],[38.187663,49.887501],[38.18766295238095,49.887501],[38.18799,49.887297],[38.188391,49.88705724125874],[38.188391,49.887058],[38.192598,49.884542],[38.192827,49.884441],[38.191619,49.883995],[38.191097,49.883729],[38.19067841279071,49.883962],[38.190677,49.883962],[38.189238,49.884765],[38.188562,49.88513931404959],[38.188562,49.885139],[38.186346,49.886365],[38.184625146752204,49.887501],[38.184625,49.887501],[38.184577989669265,49.88753213016539],[38.184457,49.887612],[38.18445737651822,49.887612],[38.183879,49.887995],[38.183103,49.888472],[38.182898,49.888411],[38.182898,49.88841154528707],[38.179812,49.887501],[38.17981073568819,49.887501],[38.177404,49.886791],[38.177404,49.88679106153846],[38.176796,49.886611],[38.175471,49.886545],[38.175574,49.885326],[38.175579,49.884771],[38.17595431520395,49.884073],[38.175955,49.884073],[38.176042,49.883911],[38.175835,49.883194],[38.175057,49.882562],[38.174195,49.882036],[38.17327,49.881648],[38.17199794817723,49.881451435700676],[38.171851,49.881428],[38.170036,49.881197],[38.169866,49.881367]]]}},{"type":"Feature","properties":{"cadnum":"4425487500:04:001:0294"},"geometry":{"type":"Polygon","coordinates":[[[38.186107,49.882889],[38.184252,49.884009],[38.183069,49.884725440177256],[38.183069,49.884725],[38.182227,49.885234],[38.180417,49.886324],[38.179019,49.887219],[38.180356,49.887612],[38.18035627700831,49.887612],[38.181206,49.887862],[38.182898,49.88835970048309],[38.182898,49.88836],[38.182995581280615,49.88838840394084],[38.183069,49.88841],[38.183069,49.88840977464789],[38.183111,49.888422],[38.18356,49.888142],[38.183835,49.887971],[38.18436968085107,49.887612],[38.18437,49.887612],[38.185025,49.887173],[38.18625,49.886348],[38.187692,49.885526],[38.188391,49.88512748965517],[38.188391,49.885128],[38.18895,49.884808],[38.188391,49.884431],[38.188391,49.88443161937716],[38.187695,49.883962],[38.18769427499999,49.883962],[38.187504,49.883833],[38.186107,49.882889]]]}},{"type":"Feature","properties":{"cadnum":"4425487500:04:002:0178"},"geometry":{"type":"Polygon","coordinates":[[[38.397131,48.741682],[38.397131,48.741682889528605],[38.394524,48.741757],[38.394545241666755,48.741757],[38.393114,48.741798],[38.393389,48.742124],[38.394018,48.742867],[38.394606,48.743567],[38.397131,48.74263545569151],[38.397131,48.742636],[38.399422,48.741789],[38.399315032787094,48.74166491803303],[38.399277,48.74162],[38.397131,48.741682]]]}},{"type":"Feature","properties":{"cadnum":"4425487500:04:001:0019"},"geometry":{"type":"Polygon","coordinates":[[[38.182098,49.845123],[38.18209863709677,49.845123],[38.181952,49.845384],[38.180370381590976,49.848554],[38.18037,49.848554],[38.1799,49.849497],[38.180237,49.849328],[38.181082,49.848799],[38.18132365034995,49.848617391608165],[38.181998,49.848113],[38.182883,49.84733],[38.182902461881405,49.84730017937526],[38.183893,49.845786],[38.184193,49.84517],[38.18425906666659,49.84503786666681],[38.184862,49.843846],[38.18293191866234,49.84382929359331],[38.182828,49.843828],[38.182098,49.845123]],[[38.182958,49.84466],[38.182986,49.844665],[38.182977,49.844683],[38.18295,49.844678],[38.182958,49.84466]],[[38.183812,49.845007],[38.183839,49.845013],[38.18383,49.845028],[38.183803,49.845025],[38.18381,49.845012],[38.1838095,49.845012],[38.183812,49.845007]]]}},{"type":"Feature","properties":{"cadnum":"4425487500:04:001:0291"},"geometry":{"type":"Polygon","coordinates":[[[38.187025,49.84376],[38.186827,49.843196],[38.186583,49.842515],[38.186386,49.841913],[38.186283,49.841616],[38.186194,49.841824],[38.185627,49.842716],[38.185039,49.843638],[38.18434413535354,49.845012],[38.184343,49.845012],[38.184257,49.845184],[38.183958,49.845803],[38.182942,49.847352],[38.18205,49.848141],[38.181498282442746,49.848554],[38.181497,49.848554],[38.18113,49.84883],[38.180282,49.849362],[38.179834,49.849587],[38.178937,49.849858],[38.177576,49.85056116791298],[38.177576,49.850561],[38.177466,49.850618],[38.177404,49.850663],[38.177404,49.85066375854214],[38.176149,49.85159],[38.175775,49.852038],[38.176629,49.851765],[38.176971,49.851656],[38.177404,49.85132534545454],[38.177404,49.851326],[38.177768,49.851047],[38.178072,49.85089],[38.178465,49.850777],[38.178717,49.850658],[38.17959,49.850384],[38.179824,49.85024],[38.180187,49.850145],[38.18039,49.849835],[38.180646,49.849708],[38.181137,49.849671],[38.181247,49.849638],[38.181319,49.849582],[38.181416,49.849403],[38.181613,49.849281],[38.182121,49.848964],[38.182502,49.848666],[38.18275,49.848615],[38.182873,49.848507],[38.182898,49.848451999999995],[38.182898,49.848454],[38.182928,49.848386],[38.183069,49.848263],[38.183069,49.84826267101827],[38.183311,49.848051],[38.183472,49.847955],[38.184157,49.847762],[38.184542,49.847722],[38.18584,49.84732],[38.186297,49.847106],[38.186426,49.846798],[38.18722,49.846322],[38.187321,49.846231],[38.187747,49.846072],[38.187663,49.845953],[38.187621,49.845835],[38.187667,49.84573],[38.187842,49.845645],[38.188009,49.845637],[38.1876907312,49.845123],[38.187691,49.845123],[38.187322,49.844524],[38.187025,49.84376]],[[38.18652,49.846332],[38.18654,49.846342],[38.186524,49.846356],[38.186504,49.846345],[38.18652,49.846332]],[[38.186049,49.846084],[38.186069,49.846094],[38.186053,49.846108],[38.186033,49.846097],[38.186049,49.846084]],[[38.185321,49.8457],[38.185341,49.84571],[38.185325,49.845723],[38.185305,49.845713],[38.185321,49.8457]],[[38.18448,49.845256],[38.184502,49.845267],[38.184484,49.84528],[38.184464,49.845269],[38.18448,49.845256]]]}},{"type":"Feature","properties":{"cadnum":"4425487500:04:001:0317"},"geometry":{"type":"Polygon","coordinates":[[[38.187023,49.843759],[38.186826,49.843197],[38.186583,49.842516],[38.186386,49.841914],[38.186283,49.841616],[38.186193,49.841824],[38.186143,49.841902],[38.186116,49.841943],[38.185627,49.842716],[38.185038,49.843637],[38.18434309757739,49.845012],[38.184342,49.845012],[38.184256,49.845184],[38.183956,49.845801],[38.183069,49.8471541988189],[38.183069,49.847154],[38.18294,49.847351],[38.182051,49.848141],[38.181498494274805,49.848554],[38.181497,49.848554],[38.18113,49.84883],[38.180281,49.84936],[38.179832,49.849586],[38.178912,49.850484],[38.178719,49.850658],[38.17959,49.850382],[38.179824,49.850241],[38.180187,49.850146],[38.18039,49.849836],[38.180646,49.849708],[38.181135,49.849671],[38.181247,49.849639],[38.181319,49.849581],[38.181418,49.849404],[38.181611,49.849283],[38.182124,49.848963],[38.182501,49.848665],[38.182751,49.848617],[38.182873,49.848506],[38.182898,49.84844998148148],[38.182898,49.848451],[38.182927,49.848385],[38.183313,49.848051],[38.18347,49.847956],[38.184158,49.847762],[38.184539,49.847724],[38.185843,49.847319],[38.186296,49.847108],[38.186426,49.846797],[38.187221,49.846322],[38.187319,49.84623],[38.187617,49.84612],[38.187747,49.846071],[38.187661,49.845951],[38.187621,49.845833],[38.187665,49.845728],[38.187841,49.845644],[38.187881,49.845644],[38.188007,49.845639],[38.187690157894735,49.845123],[38.187691,49.845123],[38.187325,49.844524],[38.187023,49.843759]],[[38.18652,49.846331],[38.186539,49.846342],[38.186525,49.846357],[38.186502,49.846346],[38.18652,49.846331]],[[38.186049,49.846085],[38.186071,49.846093],[38.186053,49.846108],[38.18603,49.846097],[38.186049,49.846085]],[[38.185321,49.8457],[38.18534,49.845711],[38.185325,49.845723],[38.185304,49.845711],[38.185321,49.8457]],[[38.184481,49.845256],[38.184499,49.845268],[38.184485,49.845279],[38.184463,49.845268],[38.184481,49.845256]]]}},{"type":"Feature","properties":{"cadnum":"4425487500:04:001:0319"},"geometry":{"type":"Polygon","coordinates":[[[38.188097,49.848132],[38.187868,49.847617],[38.187751,49.847301],[38.187598,49.846876],[38.187424,49.846638],[38.187275,49.846386],[38.187248,49.84634],[38.186462,49.846812],[38.186332,49.847121],[38.18586,49.847345],[38.184552,49.84775],[38.184166,49.847788],[38.183493,49.847976],[38.18334,49.848069],[38.182967,49.848399],[38.18291,49.848521],[38.18287196610169,49.848554],[38.182871,49.848554],[38.182774,49.848639],[38.182527,49.848688],[38.182155,49.848984],[38.181642,49.8493],[38.181453,49.849418],[38.181355,49.849596],[38.181275,49.849659],[38.181149,49.849697],[38.180663,49.849734],[38.180426,49.849853],[38.180218,49.850165],[38.179845,49.850264],[38.179612,49.850406],[38.179302,49.850504],[38.179244,49.850522],[38.178741,49.850681],[38.178485,49.8508],[38.17809,49.850916],[38.177937,49.851472],[38.177919,49.851539],[38.177879,49.851683],[38.178516,49.852138],[38.179631,49.851443],[38.180803,49.850597],[38.181296,49.850131],[38.181332,49.850094],[38.181365,49.850064],[38.182898,49.84952421126761],[38.182898,49.849525],[38.1837,49.849242],[38.185231,49.849021],[38.186152,49.848944],[38.187203,49.848752],[38.188434,49.848703],[38.18842,49.848677],[38.188413999999995,49.848665],[38.188414,49.848665],[38.188361,49.848559],[38.188359,49.848554],[38.188357908665104,49.848554],[38.188097,49.848132]],[[38.187194,49.846687],[38.187212,49.846699],[38.187198,49.846711],[38.187176,49.846699],[38.187194,49.846687]]]}},{"type":"Feature","properties":{"cadnum":"4425487500:04:001:0292"},"geometry":{"type":"Polygon","coordinates":[[[38.188096,49.848134],[38.187869,49.847616],[38.18775,49.8473],[38.187599,49.846876],[38.187422,49.846637],[38.187276,49.846386],[38.187248,49.846341],[38.186464,49.846813],[38.186333,49.847122],[38.185861,49.847344],[38.184554,49.847748],[38.184169,49.847788],[38.183494,49.847978],[38.183343,49.848069],[38.182967,49.848398],[38.182911,49.848519],[38.182871294117646,49.848554],[38.182869,49.848554],[38.182776,49.848638],[38.182526,49.848689],[38.182152,49.848982],[38.181641,49.849301],[38.181452,49.849417],[38.181357,49.849596],[38.181273,49.84966],[38.181147,49.849698],[38.180662,49.849734],[38.180425,49.849852],[38.180219,49.850165],[38.179848,49.850263],[38.179615,49.850407],[38.178739,49.850682],[38.178487,49.8508],[38.17809,49.850915],[38.17788,49.851683],[38.178516,49.852136],[38.178648,49.852207],[38.17864806150583,49.852207],[38.18027,49.853079],[38.180209,49.85237],[38.18026,49.852096],[38.18025915177066,49.852096],[38.180351,49.851614],[38.180804,49.850598],[38.181363,49.850065],[38.182898,49.84952424091442],[38.182898,49.849525],[38.183697,49.849242],[38.185231,49.84902],[38.186151,49.848942],[38.187204,49.848752],[38.188434,49.848702],[38.18842,49.848678],[38.18841355371901,49.848665],[38.188414,49.848665],[38.18836,49.848557],[38.188096,49.848134]],[[38.187193,49.846686],[38.187213,49.846698],[38.187196,49.846711],[38.187176,49.8467],[38.187193,49.846686]]]}},{"type":"Feature","properties":{"cadnum":"4425487500:04:001:0021"},"geometry":{"type":"Polygon","coordinates":[[[38.181723,49.841656],[38.18008,49.841627],[38.17854,49.845123],[38.17854018116806,49.845123],[38.177851,49.84669],[38.178265,49.846693],[38.179505,49.846705],[38.180248,49.845012],[38.1802477926161,49.845012],[38.181723,49.841656]]]}},{"type":"Feature","properties":{"cadnum":"4425487500:04:001:0020"},"geometry":{"type":"Polygon","coordinates":[[[38.1836,49.841688],[38.182898,49.841676],[38.182898,49.841676078008916],[38.181723,49.841656],[38.180199,49.845123],[38.18019928588304,49.845123],[38.179505,49.846705],[38.181216,49.846719],[38.181894,49.845361],[38.181548,49.845288],[38.181640663043474,49.845123],[38.181641,49.845123],[38.182896,49.842896],[38.182898,49.842892566473985],[38.182898,49.842894],[38.1836,49.841688]]]}},{"type":"Feature","properties":{"cadnum":"4425487500:04:001:0106"},"geometry":{"type":"Polygon","coordinates":[[[38.188776,49.871937],[38.188562,49.8720792961039],[38.188562,49.872079],[38.18666106550218,49.873342],[38.186661,49.873342],[38.18657126232463,49.87340166613441],[38.186494,49.873453],[38.186494056354924,49.873453],[38.183069,49.875730302949776],[38.183069,49.87573],[38.181912,49.876499],[38.183069,49.876748],[38.183069,49.87674675223881],[38.183233,49.876782],[38.188237145058146,49.873453],[38.188238,49.873453],[38.188391,49.87335147222222],[38.188391,49.873352],[38.190095,49.872218],[38.188776,49.871937]]]}},{"type":"Feature","properties":{"cadnum":"4425487500:04:001:0268"},"geometry":{"type":"Polygon","coordinates":[[[38.187535,49.871673],[38.186309,49.871412],[38.18340690788828,49.873342],[38.183406,49.873342],[38.18302713683192,49.873594824043266],[38.179446,49.875975],[38.180673,49.876235],[38.182898,49.87475569073456],[38.182898,49.874756],[38.18485618599718,49.873453],[38.184857,49.873453],[38.187535,49.871673]]]}},{"type":"Feature","properties":{"cadnum":"4425487500:07:004:0039"},"geometry":{"type":"Polygon","coordinates":[[[38.258013,49.829721],[38.256988,49.830575],[38.256787,49.830703],[38.25644227710844,49.830841],[38.256441,49.830841],[38.255919,49.83105],[38.2545,49.831774],[38.25445485454563,49.83180094545445],[38.253558,49.832334],[38.253193,49.833316],[38.253179,49.833565],[38.253315,49.833829],[38.253642,49.833713],[38.254309,49.83337790811456],[38.254309,49.833378],[38.25439260555281,49.83333590580223],[38.25448,49.833292],[38.25448,49.83329190395043],[38.2556,49.832728],[38.259365,49.830862],[38.258013,49.829721]]]}},{"type":"Feature","properties":{"cadnum":"4425487500:04:001:0066"},"geometry":{"type":"Polygon","coordinates":[[[38.176639,49.857622],[38.176509,49.858283],[38.176266,49.85929],[38.17626639213026,49.85929],[38.175763,49.86139],[38.17548525205684,49.862721],[38.175485,49.862721],[38.175484,49.862727],[38.175955,49.862831],[38.17595531914893,49.862831],[38.176549,49.862962],[38.176676,49.862721],[38.176675670745276,49.862721],[38.177576,49.861033],[38.177576,49.86103207333909],[38.17850387821691,49.85929],[38.178504,49.85929],[38.179101,49.85817],[38.177576,49.85783121096052],[38.177576,49.857831],[38.176639,49.857622]]]}},{"type":"Feature","properties":{"cadnum":"4425487500:04:001:0067"},"geometry":{"type":"Polygon","coordinates":[[[38.179101,49.85817],[38.17856316696429,49.859179],[38.178563,49.859179],[38.177404,49.861355],[38.177404,49.86135547758081],[38.176617,49.862831],[38.17661803319502,49.862831],[38.176549,49.862962],[38.177576,49.863193],[38.177576,49.86319264317181],[38.177631,49.863205],[38.178059,49.863298],[38.178366,49.862721],[38.178365524096385,49.862721],[38.18019094386637,49.85929],[38.180191,49.85929],[38.18061,49.858506],[38.179101,49.85817]]]}},{"type":"Feature","properties":{"cadnum":"4425487500:04:001:0059"},"geometry":{"type":"Polygon","coordinates":[[[38.186237,49.854307],[38.185505,49.85411],[38.184652,49.854093],[38.184495,49.854159],[38.18365,49.855749],[38.183650047151275,49.855749],[38.183069,49.85684303082614],[38.183069,49.856842],[38.182042,49.858775],[38.182898,49.85896587049659],[38.182898,49.858966],[38.183006856690426,49.85899014331267],[38.183069,49.859004],[38.183069,49.85900392607004],[38.183669,49.859137],[38.18546999456988,49.855749],[38.18547,49.855749],[38.186237,49.854307]]]}},{"type":"Feature","properties":{"cadnum":"4425487500:04:001:0058"},"geometry":{"type":"Polygon","coordinates":[[[38.18361,49.854539],[38.18335,49.854223],[38.183069,49.8543050619469],[38.183069,49.854305],[38.181791,49.854677],[38.18127912406717,49.855638],[38.181279,49.855638],[38.179868,49.858291],[38.182042,49.858775],[38.182898,49.85716385296982],[38.182898,49.857165],[38.183709,49.855638],[38.18370899056604,49.855638],[38.184495,49.854159],[38.18361,49.854539]]]}},{"type":"Feature","properties":{"cadnum":"4425487500:04:001:0298"},"geometry":{"type":"Polygon","coordinates":[[[38.180717,49.854655],[38.180254,49.854443],[38.179585,49.854446],[38.177404,49.85511],[38.177404,49.85511023966942],[38.177092,49.855205],[38.176994,49.855749],[38.17699409848485,49.855749],[38.176872,49.85643],[38.176648,49.857576],[38.177404,49.85774463362069],[38.177404,49.857745],[38.179868,49.858291],[38.18121996456841,49.855749],[38.18122,49.855749],[38.181791,49.854677],[38.180717,49.854655]],[[38.180421,49.855422],[38.180484,49.854883],[38.181059,49.854958],[38.180636,49.855735],[38.180434,49.8557],[38.180421,49.855422]],[[38.178436,49.856392],[38.179078,49.856733],[38.178113,49.857206],[38.177982,49.857133],[38.178436,49.856392]]]}},{"type":"Feature","properties":{"cadnum":"4425487500:04:001:0068"},"geometry":{"type":"Polygon","coordinates":[[[38.182042,49.858824],[38.18061,49.858506],[38.18025032270408,49.859179],[38.18025,49.859179],[38.178307,49.862831],[38.17830747313691,49.862831],[38.178059,49.863298],[38.178925,49.863492],[38.179491,49.863616],[38.179967,49.862721],[38.17996655421686,49.862721],[38.181792913472066,49.85929],[38.181794,49.85929],[38.182042,49.858824]]]}},{"type":"Feature","properties":{"cadnum":"4425487500:07:001:0012"},"geometry":{"type":"Polygon","coordinates":[[[38.265467,49.85732875080907],[38.265467,49.857328],[38.265051,49.856875],[38.262917,49.857695],[38.260806,49.858503],[38.261242,49.859006],[38.261089,49.859105],[38.260533,49.858746],[38.26001376694916,49.859179],[38.260012,49.859179],[38.259967,49.859218],[38.259324,49.859583],[38.258066,49.860217],[38.258548,49.860631],[38.259802,49.860151736325385],[38.259802,49.860152],[38.26214902902617,49.85925292155808],[38.265467,49.857985],[38.265467,49.85798403883495],[38.265913,49.857813],[38.265467,49.85732875080907]]]}},{"type":"Feature","properties":{"cadnum":"4425487500:07:001:0010"},"geometry":{"type":"Polygon","coordinates":[[[38.266615,49.858598],[38.265467,49.85903806666667],[38.265467,49.859038],[38.265098273809535,49.859179],[38.265098,49.859179],[38.26495293290533,49.85923457800889],[38.264808,49.85929],[38.2648082730409,49.85929],[38.259802,49.861208],[38.259802,49.86120876470588],[38.259396,49.861364],[38.259802,49.86171450865052],[38.259802,49.861715],[38.2602,49.862058],[38.265295,49.86010880216442],[38.265295,49.860109],[38.267257,49.859357],[38.267158,49.859223],[38.266615,49.858598]]]}},{"type":"Feature","properties":{"cadnum":"4425487500:07:001:0011"},"geometry":{"type":"Polygon","coordinates":[[[38.26616,49.858086],[38.265856,49.85775],[38.265295,49.857965],[38.265295,49.857965771664375],[38.262122276978424,49.859179],[38.262122,49.859179],[38.26198898435819,49.85922997021792],[38.261832,49.85929],[38.26183232620921,49.85929],[38.259974,49.86000209137931],[38.259974,49.860002],[38.258489,49.86057],[38.259338,49.8613],[38.259802,49.861122716981136],[38.259802,49.861123],[38.26458910956789,49.85929],[38.26459,49.85929],[38.265295,49.85902070125428],[38.265295,49.859021],[38.266556,49.858538],[38.26616,49.858086]]]}},{"type":"Feature","properties":{"cadnum":"4425487500:04:004:0157"},"geometry":{"type":"Polygon","coordinates":[[[38.152766,49.817452],[38.152762,49.817434],[38.152735,49.817437],[38.152739,49.817452],[38.152766,49.817452]]]}},{"type":"Feature","properties":{"cadnum":"4425487500:04:004:0181"},"geometry":{"type":"Polygon","coordinates":[[[38.153498,49.819338],[38.153494,49.819321],[38.153467,49.819321],[38.153471,49.819338],[38.153498,49.819338]]]}},{"type":"Feature","properties":{"cadnum":"4425487500:04:004:0182"},"geometry":{"type":"Polygon","coordinates":[[[38.153417,49.818831],[38.153413,49.818814],[38.153391,49.818817],[38.153391,49.818831],[38.153417,49.818831]]]}},{"type":"Feature","properties":{"cadnum":"4425487500:03:001:0046"},"geometry":{"type":"Polygon","coordinates":[[[38.153184,49.817487],[38.153207,49.817483],[38.153207,49.817466],[38.15318,49.817469],[38.153184,49.817487]]]}},{"type":"Feature","properties":{"cadnum":"4425487500:03:001:0045"},"geometry":{"type":"Polygon","coordinates":[[[38.153283,49.817953],[38.153278,49.817936],[38.153251,49.817938],[38.153255,49.817953],[38.153283,49.817953]]]}},{"type":"Feature","properties":{"cadnum":"4425487500:04:004:0019"},"geometry":{"type":"Polygon","coordinates":[[[38.153004,49.819869],[38.152865,49.818779],[38.152851,49.818703],[38.15011,49.81885925206044],[38.15011,49.818859],[38.146554,49.81906],[38.14628,49.81919],[38.145171,49.819394],[38.145279263157896,49.82021],[38.145278,49.82021],[38.145292,49.820306],[38.146987,49.82021],[38.14698624175823,49.82021],[38.149939,49.82004268929016],[38.149939,49.820043],[38.153004,49.819869]]]}},{"type":"Feature","properties":{"cadnum":"4425487500:04:004:0156"},"geometry":{"type":"Polygon","coordinates":[[[38.152834,49.818072],[38.152855,49.818069],[38.152855,49.818054],[38.152829,49.818054],[38.152834,49.818072]]]}},{"type":"Feature","properties":{"cadnum":"4425487500:04:004:0018"},"geometry":{"type":"Polygon","coordinates":[[[38.151563,49.816675],[38.149939,49.816726],[38.149939,49.816727],[38.149939,49.816727275862064],[38.149559,49.816739],[38.1492,49.816806],[38.147928,49.817237],[38.147484,49.817536],[38.147372,49.817947],[38.147444,49.818301],[38.146842,49.818625],[38.146788,49.81895],[38.146554,49.81906],[38.149939,49.81886866563555],[38.149939,49.818869],[38.152851,49.818703],[38.152483,49.816753],[38.151563,49.816675]]]}},{"type":"Feature","properties":{"cadnum":"4425487500:03:001:0047"},"geometry":{"type":"Polygon","coordinates":[[[38.153121,49.817098],[38.153148,49.817096],[38.153144,49.817081],[38.153117,49.817081],[38.153121,49.817098]]]}},{"type":"Feature","properties":{"cadnum":"4425487500:04:004:0155"},"geometry":{"type":"Polygon","coordinates":[[[38.152964,49.818767],[38.152959,49.81875],[38.152932,49.81875],[38.152937,49.818767],[38.152964,49.818767]]]}},{"type":"Feature","properties":{"cadnum":"4425487500:04:004:0020"},"geometry":{"type":"Polygon","coordinates":[[[38.15011,49.82003329233279],[38.15011,49.820033],[38.145292,49.820306],[38.145293,49.82032],[38.14529377464788,49.82032],[38.145418,49.8213],[38.149939,49.8210436943734],[38.149939,49.821045],[38.153134,49.820863],[38.153049,49.82021],[38.1530486097561,49.82021],[38.153004,49.819869],[38.15011,49.82003329233279]]]}},{"type":"Feature","properties":{"cadnum":"4425487500:04:004:0154"},"geometry":{"type":"Polygon","coordinates":[[[38.153014,49.819289],[38.153041,49.819286],[38.153035,49.819268],[38.153014,49.819272],[38.153014,49.819289]]]}},{"type":"Feature","properties":{"cadnum":"4425487500:04:004:0152"},"geometry":{"type":"Polygon","coordinates":[[[38.153188,49.820266],[38.153184,49.820249],[38.153157,49.820251],[38.153161,49.820269],[38.153188,49.820266]]]}},{"type":"Feature","properties":{"cadnum":"4425487500:04:004:0158"},"geometry":{"type":"Polygon","coordinates":[[[38.152614,49.816927],[38.152685,49.816886],[38.152622,49.816843],[38.152605,49.816855],[38.152649,49.816886],[38.152595,49.816916],[38.152614,49.816927]]]}},{"type":"Feature","properties":{"cadnum":"4425487500:03:001:0044"},"geometry":{"type":"Polygon","coordinates":[[[38.153337,49.818475],[38.153364,49.818471],[38.153358,49.818454],[38.153332,49.818457],[38.153337,49.818475]]]}},{"type":"Feature","properties":{"cadnum":"4425487500:04:004:0179"},"geometry":{"type":"Polygon","coordinates":[[[38.153611,49.820239],[38.153637,49.820237],[38.153633,49.820219],[38.153611,49.820222],[38.153611,49.820239]]]}},{"type":"Feature","properties":{"cadnum":"4425487500:04:004:0153"},"geometry":{"type":"Polygon","coordinates":[[[38.15309,49.819779],[38.153112,49.819776],[38.153112,49.819761],[38.153085,49.819761],[38.15309,49.819779]]]}},{"type":"Feature","properties":{"cadnum":"4425487500:04:004:0054"},"geometry":{"type":"Polygon","coordinates":[[[38.161097,49.81988557935285],[38.161097,49.819885],[38.155432,49.820121],[38.155432,49.820122019384264],[38.153849,49.820187],[38.153865,49.82032],[38.15386576274328,49.82032],[38.153987,49.821289],[38.155432,49.82122730136138],[38.155432,49.821228],[38.161097,49.820988],[38.161097,49.820986724196274],[38.161516,49.820969],[38.161381,49.820889],[38.161435,49.820404],[38.16146430150749,49.82028798994992],[38.161574,49.819865],[38.161097,49.81988557935285]]]}},{"type":"Feature","properties":{"cadnum":"4425487500:04:004:0055"},"geometry":{"type":"Polygon","coordinates":[[[38.161574,49.819865],[38.161709,49.81935],[38.161461,49.818947],[38.161097,49.818904216417906],[38.161097,49.818904],[38.160631,49.818849],[38.155603,49.81872811136758],[38.155603,49.818727],[38.153664,49.818681],[38.153849,49.820187],[38.155603,49.820115],[38.155603,49.82011387625772],[38.160925,49.81989216540159],[38.160925,49.819893],[38.161574,49.819865]]]}},{"type":"Feature","properties":{"cadnum":"4425487500:04:004:0180"},"geometry":{"type":"Polygon","coordinates":[[[38.15357,49.819816],[38.15357,49.819799],[38.153543,49.819802],[38.153547,49.819816],[38.15357,49.819816]]]}},{"type":"Feature","properties":{"cadnum":"4425487500:07:004:0028"},"geometry":{"type":"Polygon","coordinates":[[[38.265467,49.813894],[38.26351,49.813719],[38.263399,49.814215],[38.263177,49.815182],[38.265295,49.81537160262009],[38.265295,49.815372],[38.27032,49.81582],[38.269929,49.814869],[38.269714,49.814273],[38.265467,49.81389433559629],[38.265467,49.813894]]]}},{"type":"Feature","properties":{"cadnum":"4425487500:04:001:0167"},"geometry":{"type":"Polygon","coordinates":[[[38.200345,49.876241],[38.199377,49.876374],[38.199377,49.8763745598307],[38.19695,49.876707],[38.196932,49.876713],[38.196967,49.87675],[38.19650646666667,49.876882],[38.196504,49.876882],[38.196339,49.87693],[38.193935475806384,49.878506241935526],[38.193751,49.878626],[38.193397,49.87884],[38.193884,49.87917772230652],[38.193884,49.879178],[38.195005,49.879955],[38.195382,49.880218],[38.199549,49.877715],[38.199549,49.8777144015444],[38.200746711538464,49.876993],[38.200748,49.876993],[38.201114,49.876774],[38.200345,49.876241]]]}},{"type":"Feature","properties":{"cadnum":"4425487500:04:001:0261"},"geometry":{"type":"Polygon","coordinates":[[[38.171911,49.87335028148148],[38.171911,49.873351],[38.17199577310924,49.873261426704026],[38.172083,49.87317],[38.172083,49.87316926068376],[38.172847,49.872362],[38.173216,49.872099],[38.174111,49.871575],[38.174254,49.871497],[38.17222,49.870978],[38.17205727889917,49.87093745137617],[38.171105,49.870695],[38.16948493618564,49.873342],[38.169484,49.873342],[38.168545,49.874877],[38.169241,49.875549],[38.169425,49.875647],[38.16996,49.875208],[38.170293,49.874999],[38.171145,49.874119],[38.171648,49.873628],[38.17183299999985,49.87343203703719],[38.171911,49.87335028148148]]]}},{"type":"Feature","properties":{"cadnum":"4425487500:04:001:0262"},"geometry":{"type":"Polygon","coordinates":[[[38.171105,49.870695],[38.169461,49.870275],[38.168711,49.870084],[38.16671693766696,49.873342],[38.166716,49.873342],[38.166418,49.87383],[38.166418,49.873830016],[38.16634,49.873957],[38.16659,49.874047],[38.16659,49.874046393767706],[38.166771,49.874111],[38.167849,49.87449],[38.168446,49.874643],[38.168545,49.874877],[38.169416098371336,49.873453],[38.169417,49.873453],[38.171105,49.870695]]]}},{"type":"Feature","properties":{"cadnum":"4425487500:07:007:0038"},"geometry":{"type":"Polygon","coordinates":[[[38.305134,49.82884],[38.304226,49.828454],[38.303989,49.828387],[38.303747,49.828614],[38.303747,49.82861446806913],[38.30137524009604,49.830841],[38.301375,49.830841],[38.300782,49.831398],[38.302847,49.832319],[38.303919,49.831313],[38.303919,49.831312222882616],[38.30430198578199,49.830952],[38.304302,49.830952],[38.306042,49.829317],[38.305134,49.82884]]]}},{"type":"Feature","properties":{"cadnum":"4425487500:07:008:0046"},"geometry":{"type":"Polygon","coordinates":[[[38.303919,49.82841607453416],[38.303919,49.828416],[38.303306,49.828243],[38.301887,49.828422],[38.301096,49.828417],[38.300323,49.828307],[38.29831648657703,49.83019034899343],[38.298212,49.830288],[38.298254,49.83030664485982],[38.298254,49.830307],[38.299702,49.830952],[38.29970366134186,49.830952],[38.300862,49.831467],[38.30141073003195,49.830952],[38.301411,49.830952],[38.303919,49.828599],[38.303919,49.828598683229814],[38.304069,49.828458],[38.303919,49.82841607453416]]]}},{"type":"Feature","properties":{"cadnum":"4425487500:07:007:0039"},"geometry":{"type":"Polygon","coordinates":[[[38.308678,49.830642],[38.308291,49.830471],[38.307748,49.830257],[38.306918,49.829773],[38.306239,49.82942],[38.306042,49.829317],[38.30442012844037,49.830841],[38.30442,49.830841],[38.303747,49.831474],[38.303747,49.83147441044776],[38.302847,49.832319],[38.303747,49.83272022525919],[38.303747,49.832721],[38.303908,49.832792],[38.303919,49.83279],[38.303919,49.832789684210525],[38.304972,49.832568],[38.306149,49.83227],[38.307231,49.83192],[38.30843,49.831366],[38.309065,49.830978],[38.309073,49.83094],[38.308678,49.830642]]]}},{"type":"Feature","properties":{"cadnum":"4425487500:04:001:0251"},"geometry":{"type":"Polygon","coordinates":[[[38.158335,49.869193],[38.158341,49.869175],[38.158318,49.869172],[38.158314,49.869189],[38.158335,49.869193]]]}},{"type":"Feature","properties":{"cadnum":"4425487500:04:001:0252"},"geometry":{"type":"Polygon","coordinates":[[[38.158134,49.8698],[38.158138,49.869783],[38.158111,49.86978],[38.158107,49.869798],[38.158134,49.8698]]]}},{"type":"Feature","properties":{"cadnum":"4425487500:04:001:0250"},"geometry":{"type":"Polygon","coordinates":[[[38.158555,49.868541],[38.158561,49.868524],[38.158534,49.868521],[38.158528,49.868538],[38.158555,49.868541]]]}},{"type":"Feature","properties":{"cadnum":"4425487500:04:001:0247"},"geometry":{"type":"Polygon","coordinates":[[[38.159144,49.866786],[38.159149,49.866769],[38.159121,49.866766],[38.159117,49.866784],[38.159144,49.866786]]]}},{"type":"Feature","properties":{"cadnum":"4425487500:04:001:0249"},"geometry":{"type":"Polygon","coordinates":[[[38.158727,49.868034],[38.158731,49.868017],[38.158704,49.868014],[38.1587,49.868032],[38.158727,49.868034]]]}},{"type":"Feature","properties":{"cadnum":"4425487500:04:001:0283"},"geometry":{"type":"Polygon","coordinates":[[[38.161097,49.867652],[38.159616,49.866601],[38.159706,49.86723],[38.159823,49.867438],[38.160925,49.86822081789639],[38.160925,49.868221],[38.163182,49.869824],[38.163195,49.869783],[38.163434,49.869311],[38.161097,49.86765209326425],[38.161097,49.867652]]]}},{"type":"Feature","properties":{"cadnum":"4425487500:04:001:0271"},"geometry":{"type":"Polygon","coordinates":[[[38.160925902438535,49.866302999999654],[38.160867,49.866261],[38.16086679957583,49.866261],[38.159696,49.865429],[38.159513,49.865837],[38.159522,49.865904],[38.16015983674931,49.866356970559444],[38.160925,49.86690157835821],[38.160925,49.866902],[38.163662,49.868848],[38.163883,49.868405],[38.161097,49.866425225828266],[38.161097,49.866425],[38.161022670731704,49.866372],[38.161023,49.866372],[38.160925902438535,49.866302999999654]]]}},{"type":"Feature","properties":{"cadnum":"4425487500:04:001:0264"},"geometry":{"type":"Polygon","coordinates":[[[38.159899,49.86498],[38.159696,49.865429],[38.160925,49.86630235870384],[38.160925,49.866303],[38.163883,49.868405],[38.164098,49.867959],[38.161704,49.866261],[38.16170369728916,49.866261],[38.161097,49.86583014759358],[38.161097,49.86583],[38.159899,49.86498]]]}},{"type":"Feature","properties":{"cadnum":"4425487500:04:001:0278"},"geometry":{"type":"Polygon","coordinates":[[[38.16015983674924,49.866356970559394],[38.160025,49.866261],[38.160024698717955,49.866261],[38.159522,49.865904],[38.15957005769231,49.866261],[38.159569,49.866261],[38.159616,49.866601],[38.160925,49.86752993923025],[38.160925,49.86753],[38.163434,49.869311],[38.163662,49.868848],[38.161097,49.86702429156011],[38.161097,49.867024],[38.16018095281782,49.866372],[38.160181,49.866372],[38.16015983674924,49.866356970559394]]]}},{"type":"Feature","properties":{"cadnum":"4425487500:04:001:0248"},"geometry":{"type":"Polygon","coordinates":[[[38.158888,49.867551],[38.158893,49.867534],[38.158866,49.86753],[38.158861,49.867548],[38.158888,49.867551]]]}},{"type":"Feature","properties":{"cadnum":"4425487500:04:004:0141"},"geometry":{"type":"Polygon","coordinates":[[[38.154001,49.825754],[38.153993,49.825806],[38.154014,49.825806],[38.154028,49.825757],[38.154001,49.825754]]]}},{"type":"Feature","properties":{"cadnum":"4425487500:04:004:0024"},"geometry":{"type":"Polygon","coordinates":[[[38.153503,49.823691],[38.150439,49.823864],[38.15045035971226,49.823864],[38.15011,49.823883302325584],[38.15011,49.823883],[38.145791,49.824128],[38.1458,49.824218],[38.145913,49.825073],[38.149939,49.82484373766977],[38.149939,49.824844],[38.153628,49.824633],[38.153525641638225,49.823864],[38.153526,49.823864],[38.153503,49.823691]]]}},{"type":"Feature","properties":{"cadnum":"4425487500:04:004:0025"},"geometry":{"type":"Polygon","coordinates":[[[38.153754,49.825597],[38.153628,49.824633],[38.15011,49.82483421930062],[38.15011,49.824834],[38.145913,49.825073],[38.145943,49.825328],[38.146037,49.826035],[38.149939,49.82581369825681],[38.149939,49.825815],[38.153754,49.825597]]]}},{"type":"Feature","properties":{"cadnum":"4425487500:04:004:0145"},"geometry":{"type":"Polygon","coordinates":[[[38.153718,49.823815],[38.153718,49.823798],[38.153691,49.823801],[38.153696,49.823819],[38.153718,49.823815]]]}},{"type":"Feature","properties":{"cadnum":"4425487500:04:004:0023"},"geometry":{"type":"Polygon","coordinates":[[[38.153381,49.822749],[38.15011,49.822935262638],[38.15011,49.822935],[38.145664,49.823187],[38.145754,49.823864],[38.145755,49.823864],[38.145791,49.824128],[38.149939,49.82389270016208],[38.149939,49.823893],[38.15239,49.823754],[38.152387208092435,49.823754],[38.153503,49.823691],[38.153381,49.822749]]]}},{"type":"Feature","properties":{"cadnum":"4425487500:04:004:0144"},"geometry":{"type":"Polygon","coordinates":[[[38.153777,49.824354],[38.1538,49.824352],[38.1538,49.824337],[38.153773,49.824337],[38.153777,49.824354]]]}},{"type":"Feature","properties":{"cadnum":"4425487500:04:004:0143"},"geometry":{"type":"Polygon","coordinates":[[[38.15388,49.82487],[38.153876,49.824852],[38.153849,49.824852],[38.153853,49.82487],[38.15388,49.82487]]]}},{"type":"Feature","properties":{"cadnum":"4425487500:04:004:0142"},"geometry":{"type":"Polygon","coordinates":[[[38.153934,49.825406],[38.153961,49.825404],[38.153957,49.825386],[38.15393,49.825389],[38.153934,49.825406]]]}},{"type":"Feature","properties":{"cadnum":"4425487500:04:004:0165"},"geometry":{"type":"Polygon","coordinates":[[[38.154635,49.826913],[38.154662,49.82691],[38.154657,49.826893],[38.154635,49.826895],[38.154635,49.826913]]]}},{"type":"Feature","properties":{"cadnum":"4425487500:04:004:0050"},"geometry":{"type":"Polygon","coordinates":[[[38.161578,49.825157],[38.161583,49.824453],[38.161583,49.824105],[38.160925,49.824133],[38.160925,49.82413310467785],[38.155501244690655,49.82435713976035],[38.154374,49.824403],[38.154505,49.825449],[38.155603,49.825404],[38.155603,49.825403966813774],[38.161097,49.825178],[38.161097,49.825177624808575],[38.161578,49.825157]]]}},{"type":"Feature","properties":{"cadnum":"4425487500:04:004:0075"},"geometry":{"type":"Polygon","coordinates":[[[38.161228,49.825389],[38.160925,49.825402],[38.160925,49.82540210467785],[38.15552843072254,49.82562501680687],[38.154639,49.825661],[38.154846,49.826603],[38.155603,49.826615],[38.155603,49.82661456575463],[38.161097,49.826697],[38.161097,49.82669691525424],[38.16122,49.826699],[38.161228,49.825389]]]}},{"type":"Feature","properties":{"cadnum":"4425487500:04:004:0168"},"geometry":{"type":"Polygon","coordinates":[[[38.154463,49.825673],[38.154545,49.825658],[38.15454,49.825644],[38.154455,49.825655],[38.154463,49.825673]]]}},{"type":"Feature","properties":{"cadnum":"4425487500:04:004:0076"},"geometry":{"type":"Polygon","coordinates":[[[38.155023,49.827408],[38.155023641078834,49.827408],[38.155106,49.827779],[38.155432,49.82778424748491],[38.155432,49.827785],[38.161097,49.827871],[38.161097,49.8278704055944],[38.161211,49.827872],[38.161215,49.827297],[38.16121409590973,49.827297],[38.16122,49.826699],[38.160925,49.826694],[38.160925,49.82669441924096],[38.155432,49.826612],[38.155432,49.82661228929987],[38.154846,49.826603],[38.155023,49.827408]]]}},{"type":"Feature","properties":{"cadnum":"4425487500:04:004:0051"},"geometry":{"type":"Polygon","coordinates":[[[38.161591,49.823074],[38.161097,49.823094027027025],[38.161097,49.823094],[38.16107284221474,49.8230950063967],[38.160925,49.823101],[38.160925,49.82310116540159],[38.155483894212,49.82332783812285],[38.154249,49.823378],[38.154294646090534,49.823754],[38.154294,49.823754],[38.154374,49.824403],[38.155432,49.82435995687551],[38.155432,49.82436],[38.155501244690655,49.82435713976035],[38.155603,49.824353],[38.155603,49.82435293662842],[38.161097,49.824126],[38.161097,49.82412568085107],[38.161583,49.824105],[38.161585311111104,49.823834600001156],[38.161591,49.823297],[38.161591,49.823074]]]}},{"type":"Feature","properties":{"cadnum":"4425487500:04:004:0167"},"geometry":{"type":"Polygon","coordinates":[[[38.154545,49.825983],[38.154545,49.825965],[38.154463,49.825965],[38.154463,49.82598],[38.154545,49.825983]]]}},{"type":"Feature","properties":{"cadnum":"4425487500:04:004:0171"},"geometry":{"type":"Polygon","coordinates":[[[38.154217,49.824122],[38.154244,49.82412],[38.15424,49.824102],[38.154217,49.824105],[38.154217,49.824122]]]}},{"type":"Feature","properties":{"cadnum":"4425487500:04:004:0140"},"geometry":{"type":"Polygon","coordinates":[[[38.15432,49.825832],[38.154343,49.825821],[38.154276,49.825777],[38.154207,49.825818],[38.154226,49.825829],[38.154276,49.825801],[38.15432,49.825832]]]}},{"type":"Feature","properties":{"cadnum":"4425487500:04:004:0170"},"geometry":{"type":"Polygon","coordinates":[[[38.154293,49.824607],[38.15432,49.824603],[38.154316,49.824586],[38.154293,49.824589],[38.154293,49.824607]]]}},{"type":"Feature","properties":{"cadnum":"4425487500:04:004:0137"},"geometry":{"type":"Polygon","coordinates":[[[38.154518,49.827278],[38.154545,49.827275],[38.154545,49.827258],[38.154518,49.82726],[38.154518,49.827278]]]}},{"type":"Feature","properties":{"cadnum":"4425487500:04:004:0139"},"geometry":{"type":"Polygon","coordinates":[[[38.154347,49.82627],[38.15437,49.826267],[38.15437,49.82625],[38.154343,49.826252],[38.154347,49.82627]]]}},{"type":"Feature","properties":{"cadnum":"4425487500:04:004:0138"},"geometry":{"type":"Polygon","coordinates":[[[38.154442,49.826829],[38.154469,49.826826],[38.154463,49.826809],[38.154437,49.826811],[38.154442,49.826829]]]}},{"type":"Feature","properties":{"cadnum":"4425487500:04:004:0166"},"geometry":{"type":"Polygon","coordinates":[[[38.154549,49.826441],[38.154576,49.826437],[38.154572,49.82642],[38.154549,49.826424],[38.154549,49.826441]]]}},{"type":"Feature","properties":{"cadnum":"4425487500:04:004:0169"},"geometry":{"type":"Polygon","coordinates":[[[38.15437,49.825082],[38.154392,49.825079],[38.154392,49.825061],[38.154366,49.825064],[38.15437,49.825082]]]}},{"type":"Feature","properties":{"cadnum":"4425487500:03:001:0032"},"geometry":{"type":"Polygon","coordinates":[[[38.15609,49.806864],[38.156098,49.806849],[38.156071,49.806844],[38.156063,49.806858],[38.15609,49.806864]]]}},{"type":"Feature","properties":{"cadnum":"4425487500:03:001:0031"},"geometry":{"type":"Polygon","coordinates":[[[38.155811,49.807461],[38.155821,49.807444],[38.155794,49.807438],[38.155784,49.807455],[38.155811,49.807461]]]}},{"type":"Feature","properties":{"cadnum":"4425487500:03:001:0150"},"geometry":{"type":"Polygon","coordinates":[[[38.158475,49.808043],[38.158547,49.807693],[38.158066,49.807693],[38.157595,49.807655],[38.157505,49.807962],[38.158039,49.808009],[38.158475,49.808043]]]}},{"type":"Feature","properties":{"cadnum":"4425487500:03:001:0033"},"geometry":{"type":"Polygon","coordinates":[[[38.156314,49.806389],[38.15632,49.806374],[38.156297,49.806368],[38.156287,49.806383],[38.156314,49.806389]]]}},{"type":"Feature","properties":{"cadnum":"4425487500:04:002:0129"},"geometry":{"type":"Polygon","coordinates":[[[38.168271,49.844813],[38.168428,49.844072],[38.167939,49.844011],[38.167295,49.845123],[38.16729582037534,49.845123],[38.166713,49.846131],[38.166418,49.846643],[38.166418,49.84664366268656],[38.16531413971539,49.848554],[38.165313,49.848554],[38.164048,49.850747],[38.165176,49.851023],[38.16659,49.848573],[38.16659,49.84857141722488],[38.168626,49.845043],[38.168625580357144,49.845042723214284],[38.168626,49.845042],[38.168271,49.844813]]]}},{"type":"Feature","properties":{"cadnum":"4425487500:04:001:0009"},"geometry":{"type":"Polygon","coordinates":[[[38.171972,49.846644],[38.171046,49.846635],[38.170625,49.846629],[38.169729,49.848665],[38.16972916972352,49.848665],[38.168219830276485,49.852096],[38.168219,49.852096],[38.168096,49.852378],[38.168742,49.852575],[38.1693,49.852715],[38.169522403877224,49.852207],[38.169523,49.852207],[38.171131,49.848554],[38.17112993666502,49.848554],[38.171972,49.846644]]]}},{"type":"Feature","properties":{"cadnum":"4425487500:04:002:0130"},"geometry":{"type":"Polygon","coordinates":[[[38.168579,49.845123],[38.168579837658754,49.845123],[38.16660005024848,49.848554],[38.166599,49.848554],[38.166418,49.848871],[38.166418,49.84887101980198],[38.165176,49.851023],[38.16634,49.851307],[38.166418,49.85117408799999],[38.166418,49.851175],[38.166527346938615,49.85098776081661],[38.16659,49.850881],[38.16659,49.85088047744681],[38.167593,49.849163],[38.1679120076925,49.848589915384274],[38.168505,49.84753],[38.16956,49.845483],[38.16908,49.845337],[38.16871724509758,49.845102088234995],[38.168626,49.845042],[38.168579,49.845123]]]}},{"type":"Feature","properties":{"cadnum":"4425487500:04:001:0008"},"geometry":{"type":"Polygon","coordinates":[[[38.170625,49.846629],[38.169564,49.846621],[38.16849914774951,49.848554],[38.168499,49.848554],[38.166637,49.851938],[38.167527,49.852207],[38.16752903191488,49.852207],[38.168096,49.852378],[38.16817058510638,49.852207],[38.168171,49.852207],[38.169778,49.848554],[38.16977784872298,49.848554],[38.170625,49.846629]]]}},{"type":"Feature","properties":{"cadnum":"4425487500:04:002:0040"},"geometry":{"type":"Polygon","coordinates":[[[38.138972,49.836549],[38.139124,49.836522],[38.139124,49.836521643979054],[38.1405,49.836274],[38.140307,49.83599],[38.139741,49.83515],[38.139124,49.835325168567806],[38.139124,49.835325],[38.135663,49.836306],[38.136574,49.836882],[38.138952,49.836551777314426],[38.138952,49.836553],[38.138972,49.836549]]]}},{"type":"Feature","properties":{"cadnum":"4425487500:04:002:0044"},"geometry":{"type":"Polygon","coordinates":[[[38.146016,49.834446],[38.145993,49.834376],[38.14590499999798,49.83440105263215],[38.144617,49.83476711578947],[38.144617,49.834767],[38.140307,49.83599],[38.1405,49.836274],[38.141223,49.836144],[38.142131,49.836317],[38.14341,49.836578],[38.143639,49.83648],[38.143863,49.836381],[38.144142,49.836373],[38.143926,49.836511],[38.144445,49.83668975832127],[38.144445,49.83669],[38.144532510917294,49.836719899563406],[38.144617,49.836749],[38.144617,49.836748766666666],[38.144685,49.836772],[38.146779,49.836732],[38.146796,49.836547],[38.146622,49.83601],[38.146034985933504,49.834495],[38.146035,49.834495],[38.146016,49.834446]],[[38.146127,49.836083],[38.146137,49.8361],[38.14611,49.836103],[38.146106,49.836086],[38.146127,49.836083]],[[38.145588,49.836161],[38.145593,49.836176],[38.145571,49.836182],[38.145561,49.836163],[38.145588,49.836161]],[[38.144681,49.836291],[38.144685,49.836309],[38.144663,49.836311],[38.144655,49.836297],[38.144681,49.836291]]]}},{"type":"Feature","properties":{"cadnum":"4425487500:01:001:0029"},"geometry":{"type":"Polygon","coordinates":[[[38.143863,49.836451],[38.143932,49.836425],[38.14389,49.836384],[38.143823,49.83641],[38.143863,49.836451]]]}},{"type":"Feature","properties":{"cadnum":"4425487500:01:001:0028"},"geometry":{"type":"Polygon","coordinates":[[[38.144022,49.836407],[38.144111,49.836393],[38.144102,49.836375],[38.144012,49.83639],[38.144022,49.836407]]]}},{"type":"Feature","properties":{"cadnum":"4425487500:04:008:0017"},"geometry":{"type":"Polygon","coordinates":[[[38.229707,49.825713],[38.22813,49.825253],[38.227015,49.82582306216006],[38.227015,49.825823],[38.22412837791798,49.827297],[38.224128,49.827297],[38.222278,49.828243],[38.223863,49.828698],[38.22656175806483,49.82731959677403],[38.227015,49.827089],[38.227015,49.82708813826816],[38.229707,49.825713]]]}},{"type":"Feature","properties":{"cadnum":"4425487500:04:004:0027"},"geometry":{"type":"Polygon","coordinates":[[[38.145656,49.823102],[38.145544,49.822245],[38.145504,49.821949],[38.144445,49.822009],[38.144445,49.822009722539235],[38.139009,49.822317],[38.139009,49.822457],[38.139124,49.823387],[38.139124,49.823384301587296],[38.139135,49.823473],[38.144617,49.823162],[38.144617,49.82316119983485],[38.145656,49.823102]]]}},{"type":"Feature","properties":{"cadnum":"4425487500:04:004:0026"},"geometry":{"type":"Polygon","coordinates":[[[38.145171,49.819394],[38.14447,49.819524],[38.142479,49.82032],[38.14248210738255,49.82032],[38.142385,49.820359],[38.14182,49.820872],[38.141236,49.821752],[38.140913,49.821874],[38.139112,49.821802],[38.139018,49.822042],[38.139009,49.822317],[38.139124,49.822311],[38.139124,49.82231049946505],[38.144617,49.822],[38.144617,49.82199925495751],[38.145504,49.821949],[38.145418,49.8213],[38.145292,49.820306],[38.145171,49.819394]]]}},{"type":"Feature","properties":{"cadnum":"4425487500:04:004:0022"},"geometry":{"type":"Polygon","coordinates":[[[38.153381,49.822749],[38.15326,49.821807],[38.15011,49.82198626829268],[38.15011,49.821986],[38.145544,49.822245],[38.145656,49.823102],[38.145664,49.823187],[38.149939,49.82294469230769],[38.149939,49.822945],[38.153381,49.822749]]]}},{"type":"Feature","properties":{"cadnum":"4425487500:04:004:0021"},"geometry":{"type":"Polygon","coordinates":[[[38.15326,49.821807],[38.153134,49.820863],[38.15011,49.821035259154925],[38.15011,49.821034],[38.145418,49.8213],[38.145504,49.821949],[38.145544,49.822245],[38.149939,49.82199569973719],[38.149939,49.821996],[38.15326,49.821807]]]}},{"type":"Feature","properties":{"cadnum":"4425487500:07:007:0022"},"geometry":{"type":"Polygon","coordinates":[[[38.294291,49.824595],[38.293788,49.824334],[38.293213,49.824042],[38.292913733168525,49.824285650871644],[38.28907,49.827408],[38.2890705650723,49.827408],[38.288102,49.828196],[38.28918,49.828753],[38.29083168956044,49.827408],[38.290832,49.827408],[38.292761,49.82583982674917],[38.292761,49.82584],[38.294291,49.824595]]]}},{"type":"Feature","properties":{"cadnum":"4425487500:07:007:0023"},"geometry":{"type":"Polygon","coordinates":[[[38.292761,49.823807],[38.292761,49.82380714285714],[38.292486,49.823665],[38.291861,49.823343],[38.29141055662188,49.823754],[38.29141,49.823754],[38.290415,49.824665],[38.289278,49.82567],[38.287702,49.826971],[38.287439,49.82719339861751],[38.287439,49.827193],[38.28731516744186,49.827297],[38.287315,49.827297],[38.28728924505973,49.827318770750615],[38.287183,49.827408],[38.28718368627451,49.827408],[38.286953,49.827603],[38.287439,49.827855],[38.287439,49.82785416546762],[38.288102,49.828196],[38.289207,49.827297],[38.28920664531549,49.827297],[38.292761,49.824409719389074],[38.292761,49.82441],[38.292913733168525,49.824285650871644],[38.292933,49.82427],[38.292933,49.82426996460177],[38.293213,49.824042],[38.292933,49.82389642477876],[38.292933,49.823896],[38.29284299999518,49.82384952727024],[38.29280817267524,49.823831525616555],[38.292761,49.823807]]]}},{"type":"Feature","properties":{"cadnum":"4425487500:07:007:0020"},"geometry":{"type":"Polygon","coordinates":[[[38.295297,49.825114],[38.29276953872011,49.82717005387241],[38.2926124,49.827297],[38.292612,49.827297],[38.292557506840616,49.82734134600213],[38.292475,49.827408],[38.29247560121766,49.827408],[38.29019,49.829268],[38.291188,49.829785],[38.292933,49.828366],[38.292933,49.82836489480782],[38.29410773096027,49.827408],[38.294109,49.827408],[38.296299,49.825627],[38.295297,49.825114]]]}},{"type":"Feature","properties":{"cadnum":"4425487500:07:007:0019"},"geometry":{"type":"Polygon","coordinates":[[[38.2973,49.826142],[38.296394,49.825675],[38.296299,49.825627],[38.294245490735534,49.827297],[38.294244,49.827297],[38.292761,49.828505],[38.292761,49.82850586704871],[38.291188,49.829785],[38.29219,49.8303],[38.292761,49.829835822341856],[38.292761,49.829836],[38.292919288352785,49.829707146480374],[38.292933,49.829696],[38.292933,49.82969598461045],[38.29588,49.827297],[38.29587951421801,49.827297],[38.2973,49.826142]]]}},{"type":"Feature","properties":{"cadnum":"4425487500:07:007:0027"},"geometry":{"type":"Polygon","coordinates":[[[38.29842070790464,49.8223033024048],[38.298426,49.822299],[38.298426,49.822298994722956],[38.299012,49.821822],[38.298981,49.821807],[38.298426,49.821529118294364],[38.298426,49.821528],[38.29788,49.821254],[38.297696,49.821155],[38.294365,49.823864],[38.2943665862069,49.823864],[38.293788,49.824334],[38.294291,49.824595],[38.295096,49.825009],[38.296638,49.823754],[38.296636303514376,49.823754],[38.298254,49.822438833766235],[38.298254,49.822439],[38.29842070790464,49.8223033024048]]]}},{"type":"Feature","properties":{"cadnum":"4425487500:07:007:0021"},"geometry":{"type":"Polygon","coordinates":[[[38.29276953871983,49.82717005387263],[38.292933,49.827038],[38.292933,49.82703708044164],[38.295297,49.825114],[38.295096,49.825009],[38.294291,49.824595],[38.292933,49.82570003921569],[38.292933,49.8257],[38.290968540398126,49.827297],[38.290968,49.827297],[38.28918,49.828753],[38.29019,49.829268],[38.292557506840886,49.82734134600191],[38.292761,49.82717695196507],[38.292761,49.827177],[38.29276953871983,49.82717005387263]]]}},{"type":"Feature","properties":{"cadnum":"4425487500:04:001:0140"},"geometry":{"type":"Polygon","coordinates":[[[38.207276,49.857431],[38.207168,49.857448],[38.20645,49.857724],[38.205802,49.858156],[38.207016,49.85929],[38.2070168678161,49.85929],[38.209693,49.861789],[38.20985,49.861719],[38.210535,49.86141],[38.210535,49.86140911320754],[38.211211,49.861103],[38.210535,49.86047323584906],[38.210535,49.860473],[38.209266977588875,49.85929],[38.209268,49.85929],[38.207276,49.857431]]]}},{"type":"Feature","properties":{"cadnum":"4425487500:04:001:0141"},"geometry":{"type":"Polygon","coordinates":[[[38.209238,49.857107],[38.207276,49.857431],[38.20914905863367,49.859179],[38.209148,49.859179],[38.210363,49.86031253280461],[38.210363,49.860313],[38.211211,49.861103],[38.211448,49.860996],[38.212769,49.860399],[38.21146,49.859179],[38.211458966460725,49.859179],[38.210535,49.858317391769546],[38.210535,49.858317],[38.209238,49.857107]]]}},{"type":"Feature","properties":{"cadnum":"4425487500:04:008:0031"},"geometry":{"type":"Polygon","coordinates":[[[38.243322,49.819676],[38.243322,49.8196763113857],[38.237829,49.819814],[38.237829,49.81981425742574],[38.236587,49.819845],[38.236597,49.819857],[38.236552,49.820048],[38.236143,49.82032],[38.23614491419657,49.82032],[38.235348,49.820851],[38.236601,49.820819],[38.237829,49.820788300000004],[38.237829,49.820789],[38.238671,49.820767],[38.240935,49.820709],[38.243494,49.820644],[38.243494,49.82032],[38.246038,49.82032],[38.245994,49.819607],[38.243322,49.819676]]]}},{"type":"Feature","properties":{"cadnum":"4425487500:04:008:0033"},"geometry":{"type":"Polygon","coordinates":[[[38.245935,49.818643],[38.246829,49.817545],[38.243494,49.817629635015685],[38.243494,49.817629],[38.237829,49.817774],[38.237829,49.81777426666667],[38.235421,49.817834],[38.235937,49.818894],[38.238001,49.818843],[38.238001,49.818842688614296],[38.243494,49.818705],[38.243494,49.81870465556831],[38.245935,49.818643]]]}},{"type":"Feature","properties":{"cadnum":"4425487500:04:008:0032"},"geometry":{"type":"Polygon","coordinates":[[[38.245994,49.819607],[38.245935,49.818643],[38.243322,49.818709],[38.243322,49.8187093113857],[38.237829,49.818847],[38.237829,49.81884725],[38.235937,49.818894],[38.236084,49.819202],[38.236587,49.819845],[38.238001,49.81981],[38.238001,49.8198096886143],[38.243494,49.819672],[38.243494,49.819671558383234],[38.245994,49.819607]]]}},{"type":"Feature","properties":{"cadnum":"4425487500:05:001:0038"},"geometry":{"type":"Polygon","coordinates":[[[38.280911,49.84771],[38.281001,49.847701],[38.281001,49.847684],[38.280907,49.847692],[38.280911,49.84771]]]}},{"type":"Feature","properties":{"cadnum":"4425487500:07:006:0025"},"geometry":{"type":"Polygon","coordinates":[[[38.285739,49.843724],[38.285842,49.843652],[38.284647,49.84296],[38.281946,49.84491145369081],[38.281946,49.84491],[38.28180425352113,49.845012],[38.281804,49.845012],[38.28173572351108,49.84506131382479],[38.28165,49.845123],[38.28165031712707,49.845123],[38.280551,49.845917],[38.280708,49.846337],[38.281135,49.847371],[38.28119,49.847353],[38.281775,49.84663756738768],[38.281775,49.846638],[38.281791,49.846618],[38.281946,49.846476],[38.281946,49.846475704918035],[38.282218,49.846226],[38.282811,49.845813],[38.28394,49.845012],[38.28393981613509,49.845012],[38.284536,49.84459],[38.285739,49.843724]],[[38.281764,49.845234],[38.281769,49.845254],[38.281737,49.845256],[38.281733,49.845236],[38.281764,49.845234]]]}},{"type":"Feature","properties":{"cadnum":"4425487500:05:001:0039"},"geometry":{"type":"Polygon","coordinates":[[[38.280901,49.847819],[38.280974,49.847785],[38.280955,49.847771],[38.280884,49.847808],[38.280901,49.847819]]]}},{"type":"Feature","properties":{"cadnum":"4425487500:05:001:0089"},"geometry":{"type":"Polygon","coordinates":[[[38.280924,49.848057],[38.279999,49.848083],[38.278633747422674,49.848554],[38.278632,49.848554],[38.2784359648575,49.84862223322639],[38.278312,49.848665],[38.278313095238104,49.848665],[38.27827,49.84868],[38.278333,49.849384],[38.278746,49.849418],[38.280471,49.848952],[38.281108,49.848909],[38.28103991836723,49.84859914128674],[38.280924,49.848057]],[[38.280138,49.848199],[38.280142,49.848188],[38.280161,49.848182],[38.280175,49.848182],[38.280188,49.84819],[38.280192,49.848202],[38.280188,49.848211],[38.280169,49.848216],[38.280152,49.848216],[38.280142,49.848208],[38.280138,49.848199]],[[38.279896,49.848381],[38.2799,49.848373],[38.279913,49.848364],[38.279932,49.848364],[38.279945,49.848373],[38.279949,49.848381],[38.279945,49.848394],[38.279932,49.848399],[38.279913,49.848399],[38.2799,49.848394],[38.279896,49.848381]],[[38.279662,49.848573],[38.279666,49.848561],[38.27968,49.848555],[38.279698,49.848555],[38.279712,49.848561],[38.279716,49.848573],[38.279712,49.848585],[38.279698,49.84859],[38.27968,49.84859],[38.279666,49.848585],[38.279662,49.848573]],[[38.279429,49.848784],[38.279416,49.848778],[38.27941,49.848767],[38.279416,49.848758],[38.279433,49.848752],[38.279446,49.848752],[38.27946,49.848758],[38.279465,49.84877],[38.27946,49.848781],[38.279442,49.848787],[38.279429,49.848784]],[[38.279163,49.848987],[38.27915,49.848981],[38.279146,49.848969],[38.279154,49.848961],[38.279169,49.848955],[38.279186,49.848955],[38.2792,49.848963],[38.2792,49.848972],[38.279196,49.848984],[38.279182,49.84899],[38.279163,49.848987]],[[38.278917,49.849152],[38.278921,49.849141],[38.278934,49.849135],[38.278953,49.849135],[38.278966,49.849141],[38.27897,49.849152],[38.278966,49.849163],[38.278953,49.849169],[38.278934,49.849169],[38.278921,49.849163],[38.278917,49.849152]],[[38.278664,49.849355],[38.278656,49.849346],[38.27866,49.849334],[38.27867,49.849326],[38.278687,49.849323],[38.278706,49.849328],[38.27871,49.84934],[38.27871,49.849349],[38.278697,49.849358],[38.278678,49.84936],[38.278664,49.849355]]]}},{"type":"Feature","properties":{"cadnum":"4425487500:05:001:0044"},"geometry":{"type":"Polygon","coordinates":[[[38.280511,49.846415],[38.280538,49.846412],[38.280534,49.846395],[38.280507,49.8464],[38.280511,49.846415]]]}},{"type":"Feature","properties":{"cadnum":"4425487500:05:001:0040"},"geometry":{"type":"Polygon","coordinates":[[[38.280624,49.847967],[38.280687,49.847933],[38.280668,49.847921],[38.28061,49.847953],[38.280624,49.847967]]]}},{"type":"Feature","properties":{"cadnum":"4425487500:05:001:0041"},"geometry":{"type":"Polygon","coordinates":[[[38.280515,49.848017],[38.280582,49.847991],[38.280542,49.847947],[38.280479,49.847973],[38.280515,49.848017]]]}},{"type":"Feature","properties":{"cadnum":"4425487500:05:001:0042"},"geometry":{"type":"Polygon","coordinates":[[[38.280821,49.847272],[38.280848,49.847267],[38.280838,49.847252],[38.280817,49.847255],[38.280821,49.847272]]]}},{"type":"Feature","properties":{"cadnum":"4425487500:07:006:0026"},"geometry":{"type":"Polygon","coordinates":[[[38.284647,49.84296],[38.284289,49.842751],[38.283171,49.842105],[38.281946,49.842991282234955],[38.281946,49.84299],[38.279955,49.844428],[38.28019364172662,49.845012],[38.280193,49.845012],[38.280237339181454,49.84511893567292],[38.280239,49.845123],[38.28023902439024,49.845123],[38.280431,49.845586],[38.280551,49.845917],[38.28173572351108,49.84506131382479],[38.281775,49.845033050675674],[38.281775,49.845035],[38.284647,49.84296]],[[38.281418,49.843999],[38.281427,49.844019],[38.281396,49.844023],[38.281387,49.844002],[38.281418,49.843999]]]}},{"type":"Feature","properties":{"cadnum":"4425487500:05:001:0046"},"geometry":{"type":"Polygon","coordinates":[[[38.280196,49.845549],[38.280224,49.845546],[38.280219,49.845529],[38.280192,49.845532],[38.280196,49.845549]]]}},{"type":"Feature","properties":{"cadnum":"4425487500:05:001:0047"},"geometry":{"type":"Polygon","coordinates":[[[38.280035,49.845097],[38.280062,49.845094],[38.280053,49.845077],[38.280031,49.84508],[38.280035,49.845097]]]}},{"type":"Feature","properties":{"cadnum":"4425487500:05:001:0043"},"geometry":{"type":"Polygon","coordinates":[[[38.280672,49.846861],[38.2807,49.846859],[38.280695,49.84684],[38.280668,49.846846],[38.280672,49.846861]]]}},{"type":"Feature","properties":{"cadnum":"4425487500:07:006:0006"},"geometry":{"type":"Polygon","coordinates":[[[38.284316,49.846404],[38.283205,49.845625],[38.282905,49.845839],[38.282316,49.84625],[38.28189,49.846638],[38.281293,49.847388],[38.281266,49.847428],[38.281131,49.848011],[38.281294,49.848665],[38.28129603357664,49.848665],[38.281441,49.849239],[38.281775,49.84903397029702],[38.281775,49.849034],[38.28179450000518,49.84902199999682],[38.281946,49.848929],[38.281946,49.848928769230774],[38.28237462500001,49.848665],[38.282375,49.848665],[38.285129,49.846974],[38.284316,49.846404]],[[38.28246,49.847739],[38.282465,49.847759],[38.282438,49.847762],[38.282429,49.847744],[38.28246,49.847739]]]}},{"type":"Feature","properties":{"cadnum":"4425487500:07:006:0042"},"geometry":{"type":"Polygon","coordinates":[[[38.281737,49.845256],[38.281769,49.845254],[38.281764,49.845234],[38.281733,49.845236],[38.281737,49.845256]]]}},{"type":"Feature","properties":{"cadnum":"4425487500:05:001:0045"},"geometry":{"type":"Polygon","coordinates":[[[38.280358,49.845986],[38.280381,49.845981],[38.280376,49.845966],[38.280349,49.845969],[38.280358,49.845986]]]}},{"type":"Feature","properties":{"cadnum":"4425487500:05:001:0037"},"geometry":{"type":"Polygon","coordinates":[[[38.281087,49.848144],[38.281108,49.848141],[38.281104,49.848124],[38.281081,49.848126],[38.281087,49.848144]]]}},{"type":"Feature","properties":{"cadnum":"4425487500:05:001:0036"},"geometry":{"type":"Polygon","coordinates":[[[38.281225,49.848622],[38.281221,49.848605],[38.281198,49.848607],[38.281203,49.848625],[38.281225,49.848622]]]}},{"type":"Feature","properties":{"cadnum":"4425487500:07:003:0013"},"geometry":{"type":"Polygon","coordinates":[[[38.238362,49.834194],[38.23803691694352,49.834384],[38.238034,49.834384],[38.237829,49.834504],[38.237829,49.834505189237134],[38.23631,49.83539],[38.237829,49.83582566824364],[38.237829,49.835826],[38.241295,49.836818],[38.241493,49.83674],[38.242813,49.836144],[38.242742,49.835993],[38.239539,49.834677],[38.238841415428745,49.834391136672195],[38.238362,49.834194]]]}},{"type":"Feature","properties":{"cadnum":"4425487500:04:001:0093"},"geometry":{"type":"Polygon","coordinates":[[[38.17835,49.882444],[38.177576,49.88304618181819],[38.177576,49.883046],[38.176657,49.883761],[38.176464,49.884073],[38.17646479292929,49.884073],[38.175803,49.88515],[38.175857,49.885363],[38.176086,49.885445],[38.177576,49.884455],[38.177576,49.88445477242888],[38.17815085996704,49.884073],[38.178151,49.884073],[38.182348,49.881286],[38.181445,49.881092],[38.179549,49.88069],[38.177547,49.882021],[38.177576,49.882037],[38.177576,49.88203627646327],[38.17835,49.882444]]]}},{"type":"Feature","properties":{"cadnum":"4425487500:04:001:0094"},"geometry":{"type":"Polygon","coordinates":[[[38.183642,49.881561],[38.183069,49.88143931451613],[38.183069,49.881439],[38.182348,49.881286],[38.17831815715824,49.883962],[38.178318,49.883962],[38.177404,49.884569],[38.177404,49.884569281879195],[38.176086,49.885445],[38.176818,49.885706],[38.177404,49.8858698944591],[38.177404,49.885871],[38.177663,49.885942],[38.180475939393936,49.884073],[38.180477,49.884073],[38.182898,49.88246367013889],[38.182898,49.882464],[38.184109,49.881659],[38.183642,49.881561]]]}},{"type":"Feature","properties":{"cadnum":"4425487500:05:001:0095"},"geometry":{"type":"Polygon","coordinates":[[[38.272943,49.852089],[38.273351,49.851941],[38.273316,49.85182],[38.271119,49.852054],[38.271246,49.852207],[38.27124656826568,49.852207],[38.27138,49.852367],[38.27107,49.852488],[38.271294,49.852685],[38.271406,49.852683],[38.271632,49.852665],[38.272031,49.852868],[38.272278,49.852804],[38.27266,49.853175],[38.273751,49.852969],[38.27402,49.852778],[38.273697,49.852413],[38.273221,49.852552],[38.27293,49.852228],[38.272391,49.85237],[38.272458,49.852178],[38.272943,49.852089]]]}},{"type":"Feature","properties":{"cadnum":"4425487500:05:001:0094"},"geometry":{"type":"Polygon","coordinates":[[[38.273743,49.854597],[38.274848,49.854177],[38.275192,49.853986],[38.274246,49.853462],[38.273751,49.852969],[38.27266,49.853175],[38.272108,49.853395],[38.272198,49.853473],[38.272372,49.853409],[38.272552,49.85358],[38.272412,49.853653],[38.272542,49.85376],[38.272951,49.853595],[38.273194,49.8536],[38.273401,49.853739],[38.273073,49.853919],[38.273743,49.854597]]]}},{"type":"Feature","properties":{"cadnum":"4425487500:05:001:0003"},"geometry":{"type":"Polygon","coordinates":[[[38.271959,49.855332],[38.271982,49.855323],[38.271942,49.855271],[38.271919,49.855277],[38.271959,49.855332]]]}},{"type":"Feature","properties":{"cadnum":"4425487500:05:001:0004"},"geometry":{"type":"Polygon","coordinates":[[[38.271762,49.855054],[38.271783,49.855046],[38.271735,49.855002],[38.271716,49.855014],[38.271762,49.855054]]]}},{"type":"Feature","properties":{"cadnum":"4425487500:05:001:0005"},"geometry":{"type":"Polygon","coordinates":[[[38.271236,49.854585],[38.271259,49.854576],[38.27124,49.854561],[38.271217,49.854574],[38.271236,49.854585]]]}},{"type":"Feature","properties":{"cadnum":"4425487500:07:008:0013"},"geometry":{"type":"Polygon","coordinates":[[[38.308809,49.840245],[38.30848,49.840092],[38.307555,49.839663],[38.3044,49.841581],[38.30440033070867,49.841581],[38.303747,49.841978],[38.303747,49.841979470588235],[38.302457,49.842763],[38.303589,49.843417],[38.303919,49.843218],[38.303919,49.843216478660544],[38.306793,49.84147],[38.3067927013473,49.84147],[38.308809,49.840245]]]}},{"type":"Feature","properties":{"cadnum":"4425487500:07:008:0012"},"geometry":{"type":"Polygon","coordinates":[[[38.30930967187398,49.840503374999216],[38.309235,49.840446],[38.308809,49.840245],[38.30661,49.841581],[38.30661033873582,49.841581],[38.303747,49.843321],[38.303747,49.84332172121212],[38.303589,49.843417],[38.303747,49.84350892727273],[38.303747,49.84351],[38.304734,49.844083],[38.305767,49.843467],[38.307711,49.842279],[38.30884557354759,49.841581],[38.308846,49.841581],[38.309396,49.841242],[38.309412,49.841233],[38.309412,49.84123188773389],[38.309877,49.840938],[38.30930967187398,49.840503374999216]]]}},{"type":"Feature","properties":{"cadnum":"4425487500:07:008:0016"},"geometry":{"type":"Polygon","coordinates":[[[38.303706,49.837789],[38.30347821686747,49.837927],[38.303478,49.837927],[38.303402876357,49.83797264425087],[38.303295,49.838038],[38.30329531052182,49.838038],[38.301554,49.839096],[38.300107,49.839976],[38.298922,49.840695],[38.300113,49.841384],[38.303747,49.83917648344719],[38.303747,49.839177],[38.304972,49.838432],[38.304667,49.838244],[38.303998,49.837927],[38.30399639737991,49.837927],[38.303919,49.83789038016529],[38.303919,49.83789],[38.303706,49.837789]]]}},{"type":"Feature","properties":{"cadnum":"4425487500:07:008:0033"},"geometry":{"type":"Polygon","coordinates":[[[38.307339,49.837705],[38.30764366666667,49.837927],[38.307643,49.837927],[38.30924,49.83908705935557],[38.30924,49.839088],[38.312668,49.841581],[38.31267002912621,49.841581],[38.312801,49.841676],[38.312993766990296,49.841581],[38.312995,49.841581],[38.31387,49.841149],[38.30958875418994,49.838038],[38.309589,49.838038],[38.30924,49.837784],[38.30924,49.837784771929826],[38.308386,49.837163],[38.307339,49.837705]]]}},{"type":"Feature","properties":{"cadnum":"4425487500:07:008:0015"},"geometry":{"type":"Polygon","coordinates":[[[38.306319,49.83909],[38.305111,49.838531],[38.305061,49.838499],[38.303919,49.839193412480974],[38.303919,49.839193],[38.300203,49.841451],[38.30023544615385,49.84147],[38.300235,49.84147],[38.300294947761735,49.8415048432839],[38.300425,49.841581],[38.30042597515528,49.841581],[38.301343,49.842114],[38.3022194704969,49.841581],[38.30222,49.841581],[38.303919,49.840549],[38.303919,49.84054847589425],[38.306319,49.83909]]]}},{"type":"Feature","properties":{"cadnum":"4425487500:07:008:0003"},"geometry":{"type":"Polygon","coordinates":[[[38.309412,49.83578031387808],[38.309412,49.835779],[38.308166,49.834776],[38.306751,49.835463],[38.303747,49.836978],[38.303747,49.836978504892365],[38.302897,49.837406],[38.30353,49.837708],[38.303747,49.837796696658096],[38.303747,49.837797],[38.30406633609959,49.837927],[38.304066,49.837927],[38.305017,49.838314],[38.305296,49.838424],[38.305583,49.838559],[38.30658707911393,49.838038],[38.306588,49.838038],[38.309412,49.836573],[38.309412,49.83657276523994],[38.310011,49.836262],[38.309412,49.83578031387808]]]}},{"type":"Feature","properties":{"cadnum":"4425487500:07:008:0014"},"geometry":{"type":"Polygon","coordinates":[[[38.30623,49.839023],[38.303747,49.840532],[38.303747,49.840532486828245],[38.30220372159584,49.84147],[38.302202,49.84147],[38.301253,49.842048],[38.302371,49.842696],[38.303919,49.841756],[38.303919,49.84175535101404],[38.30420556153847,49.841581],[38.304206,49.841581],[38.30747,49.839596],[38.30623,49.839023]]]}},{"type":"Feature","properties":{"cadnum":"4425487500:07:008:0032"},"geometry":{"type":"Polygon","coordinates":[[[38.30691233333333,49.837927],[38.306911,49.837927],[38.30569,49.838563],[38.30924,49.84009363390115],[38.30924,49.840094],[38.309271,49.840107],[38.309625,49.840356],[38.310164,49.84077],[38.311249,49.841581],[38.31125079229122,49.841581],[38.311728,49.841937],[38.311948,49.842102],[38.312801,49.841676],[38.312517,49.84147],[38.31251536943442,49.84147],[38.309412,49.83921308634772],[38.309412,49.839212],[38.30779580856031,49.838038],[38.307796,49.838038],[38.307339,49.837705],[38.30691233333333,49.837927]]]}},{"type":"Feature","properties":{"cadnum":"4425487500:04:003:0049"},"geometry":{"type":"Polygon","coordinates":[[[38.117151,49.828427935911016],[38.122644,49.828458],[38.122644,49.82845781299525],[38.124366,49.828466],[38.124653,49.828362],[38.126796,49.827695],[38.126823,49.827687],[38.122473,49.827663],[38.122473,49.82766306408898],[38.117011554308725,49.8276331727019],[38.115634,49.827625],[38.115625,49.828419],[38.11698,49.828426991480995],[38.11698,49.828427],[38.11700006320582,49.82842710980921],[38.117151,49.828428],[38.117151,49.828427935911016]]]}},{"type":"Feature","properties":{"cadnum":"4425487500:04:003:0044"},"geometry":{"type":"Polygon","coordinates":[[[38.128252,49.830436],[38.128315,49.829469],[38.128138,49.829471028653295],[38.128138,49.829471],[38.12809813370427,49.82947148557359],[38.127966,49.829473],[38.127966,49.82947309496911],[38.122644,49.82953791721095],[38.122644,49.829537],[38.121635,49.829549],[38.119308,49.830279],[38.118266,49.830552],[38.122473,49.83050395294655],[38.122473,49.830504],[38.128138,49.830438],[38.128138,49.830437594405595],[38.128252,49.830436]]]}},{"type":"Feature","properties":{"cadnum":"4425487500:04:003:0045"},"geometry":{"type":"Polygon","coordinates":[[[38.128252,49.830436],[38.127966,49.83044],[38.127966,49.830440003883496],[38.122644,49.83050200776699],[38.122644,49.830502],[38.118266,49.830552],[38.117979,49.830627],[38.11801258153846,49.830841],[38.118012,49.830841],[38.118101,49.831395],[38.122473,49.831343994937264],[38.122473,49.831344],[38.122504502671966,49.83134362741765],[38.122644,49.831342],[38.122644,49.831341977581644],[38.128138,49.831277],[38.128138,49.83127657746479],[38.128179,49.831276],[38.12821549504941,49.83085822772388],[38.128233,49.830665],[38.128252,49.830436]]]}},{"type":"Feature","properties":{"cadnum":"4425487500:04:003:0051"},"geometry":{"type":"Polygon","coordinates":[[[38.116793,49.825661],[38.115661,49.825432],[38.115648,49.826675],[38.11563866575716,49.827297],[38.115638,49.827297],[38.115634,49.827617],[38.115634,49.827625],[38.11698,49.827633872775216],[38.11698,49.827634],[38.11710602454684,49.827634703523714],[38.117151,49.827635],[38.117151,49.827634954596206],[38.119667,49.827649],[38.11966973863636,49.827408],[38.11967,49.827408],[38.119686,49.826188],[38.117151,49.82572709090909],[38.117151,49.825727],[38.116793,49.825661]]]}},{"type":"Feature","properties":{"cadnum":"4425487500:04:003:0047"},"geometry":{"type":"Polygon","coordinates":[[[38.117893,49.830532],[38.119241,49.830178],[38.120992,49.829628],[38.11698,49.829606],[38.11698,49.82960611341543],[38.115608,49.829599],[38.115594,49.830807],[38.116011,49.830891],[38.11698,49.83070655],[38.11698,49.830707],[38.117893,49.830532]]]}},{"type":"Feature","properties":{"cadnum":"4425487500:04:003:0048"},"geometry":{"type":"Polygon","coordinates":[[[38.124366,49.828466],[38.122473,49.828457],[38.122473,49.82845706408898],[38.11700006320582,49.82842710980921],[38.115625,49.828419],[38.115621,49.828677],[38.115608,49.829599],[38.117151,49.829607],[38.117151,49.82960693768694],[38.120992,49.829628],[38.122331,49.829208],[38.122473,49.82915582747604],[38.122473,49.829157],[38.124366,49.828466]]]}},{"type":"Feature","properties":{"cadnum":"4425487500:04:003:0043"},"geometry":{"type":"Polygon","coordinates":[[[38.12824021935484,49.827297],[38.128238,49.827297],[38.128127919999756,49.82733140000008],[38.127966,49.827381],[38.127966,49.82738198578199],[38.126872,49.827719],[38.124739,49.828385],[38.12257567249588,49.82917357392692],[38.122416,49.829231],[38.12164,49.829474],[38.122473,49.82946487350598],[38.122473,49.829465],[38.128138,49.829399],[38.128138,49.829398563739375],[38.128319,49.829396],[38.12846052659576,49.827375154255165],[38.128472,49.827226],[38.12824021935484,49.827297]]]}},{"type":"Feature","properties":{"cadnum":"4425487500:04:003:0050"},"geometry":{"type":"Polygon","coordinates":[[[38.119686,49.826188],[38.1196714557377,49.827297],[38.119671,49.827297],[38.119667,49.827649],[38.122644,49.827665],[38.122644,49.82766490413793],[38.126823,49.827687],[38.12781338461566,49.82737799999991],[38.127966,49.82733098578199],[38.127966,49.827331],[38.12796920000046,49.827329999999854],[38.128138,49.827278],[38.128138,49.82727725],[38.128462,49.827176],[38.128462,49.827174],[38.128138,49.827155056451616],[38.128138,49.827155],[38.126387,49.827052],[38.122911,49.826707],[38.122473,49.826651],[38.122473,49.826651856115106],[38.121671,49.826548],[38.119686,49.826188]]]}},{"type":"Feature","properties":{"cadnum":"4425487500:04:003:0020"},"geometry":{"type":"Polygon","coordinates":[[[38.107576,49.839391],[38.107591,49.838136],[38.105993,49.838671],[38.105993,49.83867148411133],[38.101602,49.840139],[38.101598,49.840749],[38.101593,49.841389],[38.105993,49.83991944619422],[38.105993,49.83992],[38.107576,49.839391]]]}},{"type":"Feature","properties":{"cadnum":"4425487500:04:003:0018"},"geometry":{"type":"Polygon","coordinates":[[[38.106165,49.84111233904762],[38.106165,49.841112],[38.10509481663112,49.84147],[38.105093,49.84147],[38.101585,49.842644],[38.101576,49.843652],[38.101576,49.843895],[38.106165,49.842362],[38.106165,49.842361520127795],[38.107558,49.841896],[38.107561,49.84147],[38.1075609456869,49.84147],[38.107568,49.840642],[38.106165,49.84111233904762]]]}},{"type":"Feature","properties":{"cadnum":"4425487500:04:003:0019"},"geometry":{"type":"Polygon","coordinates":[[[38.107568,49.840642],[38.107576,49.839391],[38.106165,49.83986252179406],[38.106165,49.839862],[38.101593,49.841389],[38.101593,49.84147],[38.101593,49.841558],[38.101592,49.841581],[38.101592800217155,49.841581],[38.101585,49.842479],[38.101585,49.842644],[38.10476132367973,49.841581],[38.104763,49.841581],[38.105993,49.84116953780314],[38.105993,49.84117],[38.107568,49.840642]]]}},{"type":"Feature","properties":{"cadnum":"4425487500:03:001:0187"},"geometry":{"type":"Polygon","coordinates":[[[38.146505,49.811556],[38.146509,49.811467],[38.146375,49.811461],[38.146366,49.811551],[38.146505,49.811556]]]}},{"type":"Feature","properties":{"cadnum":"4425487500:03:001:0175"},"geometry":{"type":"Polygon","coordinates":[[[38.146613,49.812759],[38.146666,49.812757],[38.146639,49.812458],[38.146653,49.811835],[38.14668,49.811835],[38.146685,49.81158],[38.146119,49.811554],[38.146123,49.811507],[38.146037,49.811504],[38.14601,49.811814],[38.146595,49.811832],[38.146586,49.812458],[38.146613,49.812759]],[[38.146473,49.811794],[38.146043,49.81178],[38.146051,49.81167],[38.146483,49.811687],[38.146473,49.811794]]]}},{"type":"Feature","properties":{"cadnum":"4425487500:03:001:0174"},"geometry":{"type":"Polygon","coordinates":[[[38.14601,49.811814],[38.14601,49.811777],[38.145355,49.811748],[38.145373,49.8116],[38.145504,49.811606],[38.145498,49.811644],[38.146024,49.811667],[38.146037,49.811504],[38.145957,49.811498],[38.145947,49.811551],[38.145512,49.81153],[38.145508,49.811568],[38.145333,49.811562],[38.145305,49.811783],[38.14601,49.811814]]]}},{"type":"Feature","properties":{"cadnum":"4425487500:03:001:0015"},"geometry":{"type":"Polygon","coordinates":[[[38.149515,49.812597],[38.149542,49.812594],[38.149532,49.812577],[38.149505,49.81258],[38.149515,49.812597]]]}},{"type":"Feature","properties":{"cadnum":"4425487500:03:001:0188"},"geometry":{"type":"Polygon","coordinates":[[[38.146639,49.811562],[38.146649,49.811472],[38.146509,49.811467],[38.146505,49.811556],[38.146639,49.811562]]]}},{"type":"Feature","properties":{"cadnum":"4425487500:03:001:0012"},"geometry":{"type":"Polygon","coordinates":[[[38.147026,49.813032],[38.147071,49.812989],[38.147053,49.81298],[38.147003,49.813023],[38.147026,49.813032]]]}},{"type":"Feature","properties":{"cadnum":"4425487500:04:004:0159"},"geometry":{"type":"Polygon","coordinates":[[[38.146429,49.81287],[38.146446,49.812858],[38.146393,49.812821],[38.146375,49.812832],[38.146429,49.81287]]]}},{"type":"Feature","properties":{"cadnum":"4425487500:03:001:0013"},"geometry":{"type":"Polygon","coordinates":[[[38.147808,49.812892],[38.14783,49.81289],[38.147825,49.812873],[38.147798,49.812875],[38.147808,49.812892]]]}},{"type":"Feature","properties":{"cadnum":"4425487500:04:004:0161"},"geometry":{"type":"Polygon","coordinates":[[[38.146563,49.812855],[38.146576,49.812841],[38.146505,49.812815],[38.146496,49.812829],[38.146563,49.812855]]]}},{"type":"Feature","properties":{"cadnum":"4425487500:04:004:0160"},"geometry":{"type":"Polygon","coordinates":[[[38.14637,49.812817],[38.146383,49.812759],[38.146293,49.812751],[38.146285,49.812809],[38.14637,49.812817]]]}},{"type":"Feature","properties":{"cadnum":"4425487500:03:001:0014"},"geometry":{"type":"Polygon","coordinates":[[[38.148526,49.812768],[38.148549,49.812765],[38.148544,49.812748],[38.148517,49.812751],[38.148526,49.812768]]]}},{"type":"Feature","properties":{"cadnum":"4425487500:07:005:0001"},"geometry":{"type":"Polygon","coordinates":[[[38.278534,49.818805],[38.277775,49.818883],[38.276453,49.819011306559574],[38.276453,49.819011],[38.275521,49.8191],[38.274785,49.819141],[38.274578,49.819153],[38.274276,49.819147],[38.273643,49.819132],[38.272175,49.819109],[38.272121,49.819109],[38.271743,49.819184],[38.271879,49.819498],[38.272058,49.81971],[38.272385,49.819871],[38.273001,49.820179],[38.273071134751774,49.82021],[38.273071,49.82021],[38.274286,49.82075],[38.274779,49.820984],[38.275368,49.821263],[38.27575,49.821445],[38.275791,49.821407],[38.276281,49.82094290634441],[38.276281,49.820943],[38.27636434956659,49.82086396347695],[38.276453,49.82078],[38.276453,49.820779900388104],[38.277054,49.82021],[38.27705216541353,49.82021],[38.278481,49.818857],[38.278534,49.818805]],[[38.274632,49.819454],[38.274636,49.819472],[38.274605,49.819478],[38.2746,49.819457],[38.274632,49.819454]],[[38.271999,49.819379],[38.272009,49.819396],[38.271982,49.819399],[38.271972,49.819382],[38.271999,49.819379]],[[38.274978,49.820709],[38.274982,49.820729],[38.274951,49.820732],[38.274946,49.820712],[38.274978,49.820709]]]}},{"type":"Feature","properties":{"cadnum":"4425487500:07:005:0117"},"geometry":{"type":"Polygon","coordinates":[[[38.271811,49.818836],[38.271833,49.818834],[38.271829,49.818817],[38.271802,49.818819],[38.271811,49.818836]]]}},{"type":"Feature","properties":{"cadnum":"4425487500:07:005:0115"},"geometry":{"type":"Polygon","coordinates":[[[38.272135,49.819813],[38.272161,49.819811],[38.272156,49.819794],[38.272129,49.819796],[38.272135,49.819813]]]}},{"type":"Feature","properties":{"cadnum":"4425487500:07:005:0114"},"geometry":{"type":"Polygon","coordinates":[[[38.272278,49.820243],[38.272305,49.820237],[38.272301,49.820222],[38.272274,49.820225],[38.272278,49.820243]]]}},{"type":"Feature","properties":{"cadnum":"4425487500:07:005:0055"},"geometry":{"type":"Polygon","coordinates":[[[38.274492,49.819063],[38.274523,49.819057],[38.274519,49.81904],[38.274488,49.819042],[38.274492,49.819063]]]}},{"type":"Feature","properties":{"cadnum":"4425487500:07:005:0056"},"geometry":{"type":"Polygon","coordinates":[[[38.274605,49.819478],[38.274636,49.819472],[38.274632,49.819454],[38.2746,49.819457],[38.274605,49.819478]]]}},{"type":"Feature","properties":{"cadnum":"4425487500:07:005:0116"},"geometry":{"type":"Polygon","coordinates":[[[38.271982,49.819399],[38.272005,49.819396],[38.271999,49.819379],[38.271972,49.819382],[38.271982,49.819399]]]}},{"type":"Feature","properties":{"cadnum":"4425487500:07:005:0054"},"geometry":{"type":"Polygon","coordinates":[[[38.274255,49.818182],[38.274282,49.818179],[38.274276,49.818159],[38.274246,49.818162],[38.274255,49.818182]]]}},{"type":"Feature","properties":{"cadnum":"4425487500:07:005:0118"},"geometry":{"type":"Polygon","coordinates":[[[38.271667,49.818425],[38.271695,49.818423],[38.271676,49.818365],[38.271653,49.818368],[38.271667,49.818425]]]}},{"type":"Feature","properties":{"cadnum":"4425487500:04:008:0066"},"geometry":{"type":"Polygon","coordinates":[[[38.190283,49.816776],[38.19028439053255,49.816776],[38.190294,49.816834],[38.190378,49.817298],[38.194056,49.817311],[38.194056,49.81731055934959],[38.198189,49.817324],[38.198041,49.816665],[38.19804047674419,49.816665],[38.197951,49.81626],[38.193884,49.816246],[38.193884,49.816246331779325],[38.190195,49.816232],[38.190283,49.816776]]]}},{"type":"Feature","properties":{"cadnum":"4425487500:04:008:0065"},"geometry":{"type":"Polygon","coordinates":[[[38.194056,49.815371],[38.192495,49.81535],[38.190275,49.815258],[38.190388,49.816003],[38.193884,49.81604588985824],[38.193884,49.816047],[38.198145,49.816099],[38.198005,49.815423],[38.194056,49.81537125382189],[38.194056,49.815371]]]}},{"type":"Feature","properties":{"cadnum":"4425487500:07:003:0015"},"geometry":{"type":"Polygon","coordinates":[[[38.230205,49.837427],[38.228714,49.837004],[38.22715364796905,49.837927],[38.227153,49.837927],[38.226843,49.838111],[38.226843,49.838111713457074],[38.223567,49.840049],[38.225067,49.840466],[38.226843,49.839415716632445],[38.226843,49.839416],[38.229171440564144,49.838038],[38.229172,49.838038],[38.230205,49.837427]]]}},{"type":"Feature","properties":{"cadnum":"4425487500:07:003:0010"},"geometry":{"type":"Polygon","coordinates":[[[38.232336,49.837707],[38.232336,49.837707313937756],[38.231959322505794,49.837927],[38.231958,49.837927],[38.231432,49.838235],[38.232508,49.838544],[38.232508,49.83854331763551],[38.236413,49.839663],[38.237949,49.838737],[38.23513,49.837927],[38.23512811357342,49.837927],[38.233004,49.837316],[38.232336,49.837707]]]}},{"type":"Feature","properties":{"cadnum":"4425487500:07:003:0014"},"geometry":{"type":"Polygon","coordinates":[[[38.22935966448445,49.837927],[38.229359,49.837927],[38.227015,49.83931420826709],[38.227015,49.839314],[38.225067,49.840466],[38.226572,49.840886],[38.226843,49.840725724604965],[38.226843,49.840726],[38.22699032658186,49.840638592405305],[38.227015,49.840624],[38.227015,49.840623953878406],[38.228274,49.839877],[38.229895,49.838913],[38.23139563387424,49.838038],[38.231397,49.838038],[38.231715,49.837853],[38.230205,49.837427],[38.22935966448445,49.837927]]]}},{"type":"Feature","properties":{"cadnum":"4425487500:07:003:0016"},"geometry":{"type":"Polygon","coordinates":[[[38.227218,49.836584],[38.226843,49.836806],[38.226843,49.83680667450111],[38.22494777569392,49.837927],[38.224947,49.837927],[38.222071,49.839628],[38.222467,49.839742],[38.223567,49.840049],[38.227015,49.83801],[38.227015,49.83800901487414],[38.228714,49.837004],[38.227218,49.836584]]]}},{"type":"Feature","properties":{"cadnum":"4425487500:07:003:0008"},"geometry":{"type":"Polygon","coordinates":[[[38.232508,49.84125235652174],[38.233371,49.8415],[38.23489,49.840584],[38.232336,49.839852],[38.232336,49.83985260546282],[38.229872,49.839145],[38.228404,49.840019],[38.228337,49.840057],[38.232508,49.841253],[38.232508,49.84125235652174]]]}},{"type":"Feature","properties":{"cadnum":"4425487500:07:003:0009"},"geometry":{"type":"Polygon","coordinates":[[[38.232508,49.83990129678935],[38.23489,49.840584],[38.236413,49.839663],[38.232336,49.838494],[38.232336,49.83849460594795],[38.231432,49.838235],[38.230025,49.839052],[38.229872,49.839145],[38.232508,49.839902],[38.232508,49.83990129678935]]]}},{"type":"Feature","properties":{"cadnum":"4425487500:04:009:0027"},"geometry":{"type":"Polygon","coordinates":[[[38.226532,49.841581],[38.22653223170732,49.841581],[38.224379,49.844504],[38.224063038772215,49.845012],[38.224063,49.845012],[38.22405110898106,49.845031180625256],[38.223994,49.845123],[38.22399418560606,49.845123],[38.223572,49.845804],[38.223027,49.846673],[38.224218,49.847],[38.22547279527163,49.845123],[38.225474,49.845123],[38.227015,49.842819],[38.227015,49.84281874458875],[38.227767,49.841694],[38.227299,49.841561],[38.227052,49.841488],[38.226843,49.841428],[38.226843,49.84142834523809],[38.226679,49.841381],[38.226532,49.841581]]]}},{"type":"Feature","properties":{"cadnum":"4425487500:07:005:0046"},"geometry":{"type":"Polygon","coordinates":[[[38.260825,49.837861],[38.260263,49.838038],[38.260264428015574,49.838038],[38.259974,49.838129695331695],[38.259974,49.838129],[38.259728,49.838206],[38.258305,49.838664],[38.258875,49.839066],[38.259802,49.83960414922657],[38.259802,49.839605],[38.260093,49.839774],[38.260214,49.83984],[38.26197,49.839269],[38.26096740461997,49.838038],[38.260969,49.838038],[38.260825,49.837861]]]}},{"type":"Feature","properties":{"cadnum":"4425487500:04:003:0008"},"geometry":{"type":"Polygon","coordinates":[[[38.101593,49.84147],[38.101593,49.841389],[38.101598,49.840749],[38.100672,49.840942127504555],[38.100672,49.840942],[38.09812454460092,49.84147],[38.098122,49.84147],[38.095179,49.842080330016046],[38.095179,49.84208],[38.091815,49.842777],[38.092863,49.843368],[38.095007,49.84292364766839],[38.095007,49.842924],[38.1005,49.84178467519859],[38.1005,49.841785],[38.10148225550662,49.841581],[38.101484,49.841581],[38.101593,49.841558],[38.101593,49.84147]]]}},{"type":"Feature","properties":{"cadnum":"4425487500:04:008:0037"},"geometry":{"type":"Polygon","coordinates":[[[38.234828,49.819268],[38.234818,49.819164],[38.234598,49.818727],[38.2341,49.818112],[38.232336,49.818156],[38.232336,49.818157281023836],[38.226843,49.818294],[38.226843,49.81829419774718],[38.225417,49.818329],[38.225314,49.819138],[38.225331,49.819506],[38.227015,49.819465],[38.227015,49.819464688614296],[38.232508,49.819327],[38.232508,49.819326651685394],[38.234828,49.819268]]]}},{"type":"Feature","properties":{"cadnum":"4425487500:04:003:0084"},"geometry":{"type":"Polygon","coordinates":[[[38.127887,49.819959],[38.127806,49.818797],[38.127474,49.817556],[38.12468,49.817814],[38.124629,49.82032],[38.12463016053511,49.82032],[38.124627,49.820509],[38.127936,49.820393],[38.127915,49.82021],[38.12791481163435,49.82021],[38.127887,49.819959]]]}},{"type":"Feature","properties":{"cadnum":"4425487500:07:003:0017"},"geometry":{"type":"Polygon","coordinates":[[[38.226843,49.836478],[38.226843,49.83647837172775],[38.22606,49.836257],[38.223077,49.837705],[38.22263833333333,49.837927],[38.222637,49.837927],[38.22135,49.838579],[38.22135,49.83857937815126],[38.22045,49.839034],[38.220293,49.839113],[38.22135,49.8394194267101],[38.22135,49.83942],[38.222071,49.839628],[38.224759324515,49.838038],[38.22476,49.838038],[38.227015,49.836705],[38.227015,49.836704176000005],[38.227218,49.836584],[38.226843,49.836478]]]}},{"type":"Feature","properties":{"cadnum":"4425487500:07:003:0025"},"geometry":{"type":"Polygon","coordinates":[[[38.223563,49.833113],[38.222543,49.833626],[38.221878,49.833973],[38.22314,49.834359],[38.223222169117655,49.834384],[38.223222,49.834384],[38.223256342466975,49.834394397260645],[38.223587,49.834495],[38.22358863636362,49.834495],[38.224421,49.834747],[38.2257,49.835138],[38.226843,49.835485680608365],[38.226843,49.835486],[38.22695926490136,49.835521046357826],[38.227015,49.835538],[38.227015,49.835537846889956],[38.227052,49.835549],[38.2288,49.834707],[38.227739,49.834384],[38.22773712010444,49.834384],[38.227015,49.83416432406672],[38.227015,49.834164],[38.223563,49.833113]]]}},{"type":"Feature","properties":{"cadnum":"4425487500:07:003:0019"},"geometry":{"type":"Polygon","coordinates":[[[38.234283,49.835167],[38.233134,49.835029],[38.2324369328073,49.83469793675936],[38.232218,49.834593],[38.228382,49.836862],[38.230438,49.837441],[38.232508,49.836218],[38.232508,49.836217231124806],[38.234283,49.835167]]]}},{"type":"Feature","properties":{"cadnum":"4425487500:07:003:0026"},"geometry":{"type":"Polygon","coordinates":[[[38.227015,49.832838],[38.225152,49.83227],[38.224209,49.832751],[38.223607,49.833052],[38.226843,49.83403666314554],[38.226843,49.834037],[38.227984008733635,49.834384],[38.227984,49.834384],[38.22798822604837,49.83438528255654],[38.228349,49.834495],[38.22834974712642,49.834495],[38.228844,49.834645],[38.229156643678174,49.834495],[38.229158,49.834495],[38.229828,49.834174],[38.230129,49.833945],[38.230218,49.833814],[38.227015,49.832838389925925],[38.227015,49.832838]]]}},{"type":"Feature","properties":{"cadnum":"4425487500:07:003:0021"},"geometry":{"type":"Polygon","coordinates":[[[38.226843,49.835388],[38.226843,49.83538801184308],[38.225584,49.835005],[38.22135,49.837213],[38.22135,49.837213056410256],[38.2199791345733,49.837927],[38.219978,49.837927],[38.218672,49.838609],[38.218815,49.838652],[38.219834,49.838954],[38.22005,49.8388],[38.221521,49.838057],[38.221521,49.83805629577465],[38.221557083333344,49.838038],[38.221558,49.838038],[38.22271,49.837456],[38.226843,49.835460421301775],[38.226843,49.835461],[38.226935,49.835416],[38.226843,49.835388]]]}},{"type":"Feature","properties":{"cadnum":"4425487500:07:003:0020"},"geometry":{"type":"Polygon","coordinates":[[[38.230394,49.834093],[38.229985,49.834348],[38.229910795918364,49.834384],[38.22991,49.834384],[38.227015,49.835791383436586],[38.227015,49.835791],[38.226123,49.836225],[38.227015,49.836477],[38.227015,49.83647650422352],[38.228382,49.836862],[38.232218,49.834593],[38.232075,49.834527],[38.231522,49.834384],[38.23152035820896,49.834384],[38.230394,49.834093]]]}},{"type":"Feature","properties":{"cadnum":"4425487500:04:002:0274"},"geometry":{"type":"Polygon","coordinates":[[[38.150974,49.866395],[38.150987,49.866382],[38.15092,49.866355],[38.150907,49.866369],[38.150974,49.866395]]]}},{"type":"Feature","properties":{"cadnum":"4425487500:07:003:0022"},"geometry":{"type":"Polygon","coordinates":[[[38.225584,49.835005],[38.224303,49.834617],[38.22135,49.836156],[38.22135,49.83615611713379],[38.21795198934551,49.837927],[38.217951,49.837927],[38.217373,49.838229],[38.218672,49.838609],[38.2197654398827,49.838038],[38.219766,49.838038],[38.221521,49.837124],[38.221521,49.837123824752005],[38.225584,49.835005]]]}},{"type":"Feature","properties":{"cadnum":"4425487500:07:003:0023"},"geometry":{"type":"Polygon","coordinates":[[[38.222719921933084,49.834384],[38.222719,49.834384],[38.221521,49.83500969028488],[38.221521,49.835009],[38.216102,49.837833],[38.216587,49.837995],[38.217373,49.838229],[38.217738556291394,49.838038],[38.217739,49.838038],[38.221521,49.836067],[38.221521,49.83606688079919],[38.224303,49.834617],[38.223541,49.834384],[38.223539877323425,49.834384],[38.223023,49.834226],[38.222719921933084,49.834384]]]}},{"type":"Feature","properties":{"cadnum":"4425487500:04:009:0053"},"geometry":{"type":"Polygon","coordinates":[[[38.216028,49.838338],[38.215823,49.838278],[38.213543,49.841581],[38.21354373469388,49.841581],[38.213317,49.841911],[38.214938,49.842368],[38.215073,49.842684],[38.2151,49.842696],[38.21586849510604,49.841581],[38.215869,49.841581],[38.21587,49.841581],[38.21776,49.83884],[38.216028,49.83833851182344],[38.216028,49.838338]]]}},{"type":"Feature","properties":{"cadnum":"4425487500:07:006:0011"},"geometry":{"type":"Polygon","coordinates":[[[38.293147,49.848665],[38.294264,49.847979],[38.292769,49.846936],[38.290133784268356,49.848554],[38.290132,49.848554],[38.288905,49.849308],[38.290396,49.850354],[38.292761,49.848902559322035],[38.292761,49.848903],[38.292913442304,49.84880900289029],[38.292933,49.848797],[38.292933,49.8487969434629],[38.293146982808025,49.848665],[38.293147,49.848665]]]}},{"type":"Feature","properties":{"cadnum":"4425487500:07:006:0010"},"geometry":{"type":"Polygon","coordinates":[[[38.293244121813025,49.848554],[38.293242,49.848554],[38.292761,49.848851],[38.292761,49.8488514622824],[38.290348,49.850331],[38.29183,49.851371],[38.292933,49.850694],[38.292933,49.850693316076296],[38.295697,49.848995],[38.295065,49.848554],[38.295064518413604,49.848554],[38.294215,49.847959],[38.293244121813025,49.848554]]]}},{"type":"Feature","properties":{"cadnum":"4425487500:07:006:0009"},"geometry":{"type":"Polygon","coordinates":[[[38.29722,49.85005],[38.295746,49.849019],[38.292933,49.85074920703518],[38.292933,49.850749],[38.291884,49.851393],[38.292761,49.85200748522402],[38.292761,49.852008],[38.293045,49.852207],[38.29304581538461,49.852207],[38.293352,49.852421],[38.29370098461539,49.852207],[38.293701,49.852207],[38.29722,49.85005]]]}},{"type":"Feature","properties":{"cadnum":"4425487500:07:006:0002"},"geometry":{"type":"Polygon","coordinates":[[[38.29188,49.851457],[38.290836299999995,49.852096],[38.290836,49.852096],[38.29074442500043,49.85215224999973],[38.290655,49.852207],[38.290655292000004,49.852207],[38.290429,49.852346],[38.292761,49.85397672364218],[38.292761,49.853977],[38.294794,49.855398],[38.296025,49.85466],[38.296245,49.854512],[38.292793,49.852096],[38.29279298100408,49.852096],[38.29188,49.851457]]]}},{"type":"Feature","properties":{"cadnum":"4425487500:07:006:0019"},"geometry":{"type":"Polygon","coordinates":[[[38.299541,49.846777],[38.298254,49.845865],[38.298254,49.845865224],[38.298176,49.84581],[38.29448,49.848078],[38.295317,49.848665],[38.29531731147541,49.848665],[38.295855,49.849042],[38.29646685245902,49.848665],[38.296468,49.848665],[38.298254,49.84756858937691],[38.298254,49.847569],[38.299541,49.846777]]]}},{"type":"Feature","properties":{"cadnum":"4425487500:04:002:0008"},"geometry":{"type":"Polygon","coordinates":[[[38.108646,49.843298],[38.107289,49.843692],[38.11044002725366,49.845012],[38.11044,49.845012],[38.110499526310576,49.84503692480985],[38.110705,49.845123],[38.11070509411765,49.845123],[38.111486,49.84544998029557],[38.111486,49.845451],[38.115105,49.846965],[38.115195,49.846916],[38.116088,49.846415],[38.112738,49.845012],[38.11273699842519,49.845012],[38.111658,49.84456004485488],[38.111658,49.84456],[38.108646,49.843298]]]}},{"type":"Feature","properties":{"cadnum":"4425487500:04:002:0010"},"geometry":{"type":"Polygon","coordinates":[[[38.115429,49.845123],[38.11543012911085,49.845123],[38.11698,49.84577187506374],[38.11698,49.845772],[38.117126,49.845833],[38.117143,49.845822],[38.118191,49.845236],[38.118221,49.845216],[38.117733,49.845012],[38.11773200704225,49.845012],[38.11698,49.844697],[38.11698,49.84469746199249],[38.11156,49.84243],[38.111486,49.842452],[38.111486,49.84245251956815],[38.110078,49.842881],[38.111658,49.843544],[38.111658,49.84354306289627],[38.115429,49.845123]]]}},{"type":"Feature","properties":{"cadnum":"4425487500:04:002:0011"},"geometry":{"type":"Polygon","coordinates":[[[38.117151,49.844769],[38.117151,49.84476862831858],[38.117997,49.845123],[38.11799852941177,49.845123],[38.118221,49.845216],[38.11838694117647,49.845123],[38.118388,49.845123],[38.119286,49.84462],[38.11938,49.844567],[38.11698,49.843563],[38.11698,49.84356339611507],[38.113084,49.841932],[38.112966,49.841969],[38.11209,49.842256],[38.111606,49.842415],[38.11156,49.84243],[38.111658,49.842471],[38.111658,49.84247099839027],[38.117151,49.844769]]]}},{"type":"Feature","properties":{"cadnum":"4425487500:04:002:0006"},"geometry":{"type":"Polygon","coordinates":[[[38.106393,49.845123],[38.10639410539958,49.845123],[38.111486,49.847254983360465],[38.111486,49.847255],[38.113263,49.847999],[38.113398,49.847924],[38.114166,49.847492],[38.11154860868963,49.84639718818697],[38.108241,49.845012],[38.108240015223586,49.845012],[38.105996,49.844072],[38.105394,49.844257],[38.104782,49.844448],[38.105993,49.84495586695589],[38.105993,49.844956],[38.10606383734545,49.84498557459173],[38.106165,49.845028],[38.106165,49.845027810000005],[38.106393,49.845123]]]}},{"type":"Feature","properties":{"cadnum":"4425487500:04:002:0009"},"geometry":{"type":"Polygon","coordinates":[[[38.109984,49.842911],[38.108646,49.843298],[38.111486,49.84448793359894],[38.111486,49.844488],[38.113002,49.845123],[38.11300303920172,49.845123],[38.116088,49.846415],[38.116147,49.84638],[38.11698,49.845914575076606],[38.11698,49.845915],[38.117126,49.845833],[38.115165,49.845012],[38.115164064769964,49.845012],[38.111486,49.843471],[38.111486,49.843471825316456],[38.110078,49.842881],[38.109984,49.842911]]]}},{"type":"Feature","properties":{"cadnum":"4425487500:04:002:0007"},"geometry":{"type":"Polygon","coordinates":[[[38.108505,49.845123],[38.108506050314475,49.845123],[38.111486,49.84637096839333],[38.111486,49.846371],[38.11154860868963,49.84639718818697],[38.111658,49.846443],[38.111658,49.846442944776115],[38.114166,49.847492],[38.114283,49.847428],[38.115105,49.846965],[38.111658,49.84552295578889],[38.111658,49.845522],[38.11049952631034,49.84503692480975],[38.107289,49.843692],[38.106197,49.844011],[38.105996,49.844072],[38.106165,49.844143],[38.106165,49.84414279274611],[38.108505,49.845123]]]}},{"type":"Feature","properties":{"cadnum":"4425487500:04:003:0017"},"geometry":{"type":"Polygon","coordinates":[[[38.10614223077024,49.84364440384587],[38.106165,49.843638],[38.106165,49.84363790463918],[38.107545,49.843244],[38.107558,49.841896],[38.105993,49.842419],[38.105993,49.842419458269774],[38.101576,49.843895],[38.10156299001664,49.845012],[38.101562,49.845012],[38.101562,49.845097],[38.103579,49.844446],[38.105168,49.843948],[38.105973,49.843692],[38.105993,49.843686375],[38.105993,49.843687],[38.10614223077024,49.84364440384587]]]}},{"type":"Feature","properties":{"cadnum":"4425487500:04:002:0005"},"geometry":{"type":"Polygon","coordinates":[[[38.103809,49.844749],[38.103615,49.844813],[38.104354,49.845123],[38.10435504602993,49.845123],[38.105993,49.84580896722891],[38.105993,49.845809],[38.10611888890374,49.845861688895106],[38.106165,49.845881],[38.106165,49.84588098799647],[38.111567960240365,49.84814231522152],[38.112396,49.848489],[38.112522,49.848416],[38.113263,49.847999],[38.111658,49.847327013505904],[38.111658,49.847327],[38.106129,49.845012],[38.10612713173651,49.845012],[38.10606383734545,49.84498557459173],[38.104782,49.844448],[38.103809,49.844749]]]}},{"type":"Feature","properties":{"cadnum":"4425487500:07:008:0035"},"geometry":{"type":"Polygon","coordinates":[[[38.309958,49.836346],[38.309437,49.836618],[38.31123641408451,49.837927],[38.311236,49.837927],[38.314734,49.84046969991824],[38.314734,49.84047],[38.314939,49.840619],[38.315468,49.840356],[38.314734,49.839821],[38.314734,49.839822524324326],[38.31213,49.837927],[38.3121295390071,49.837927],[38.309958,49.836346]]]}},{"type":"Feature","properties":{"cadnum":"4425487500:07:008:0025"},"geometry":{"type":"Polygon","coordinates":[[[38.31674,49.839782],[38.314948,49.840671],[38.316198,49.841581],[38.31619886481481,49.841581],[38.318277,49.84309],[38.318312,49.843052],[38.319152,49.843186],[38.319665,49.843209],[38.320227,49.8429306834925],[38.320227,49.842931],[38.32031080100959,49.842889183128946],[38.320398,49.842846],[38.320398,49.84284567065868],[38.320728,49.842681],[38.320227,49.842317],[38.320227,49.84231777578476],[38.31921279629629,49.841581],[38.319213,49.841581],[38.31674,49.839782]]]}},{"type":"Feature","properties":{"cadnum":"4425487500:07:008:0026"},"geometry":{"type":"Polygon","coordinates":[[[38.31674,49.839782],[38.31906041356309,49.84147],[38.31906,49.84147],[38.320398,49.842442],[38.320398,49.84244123952095],[38.320728,49.842681],[38.322548,49.84178],[38.32221171428777,49.84153642857292],[38.320227,49.840093],[38.320227,49.84009361099021],[38.31856,49.838881],[38.31674,49.839782]]]}},{"type":"Feature","properties":{"cadnum":"4425487500:07:008:0036"},"geometry":{"type":"Polygon","coordinates":[[[38.31048,49.83608],[38.310065,49.836291],[38.309958,49.836346],[38.312282,49.838038],[38.31228248762376,49.838038],[38.314905,49.839947],[38.314905,49.83994563896458],[38.315468,49.840356],[38.316,49.840095],[38.314734,49.839174],[38.314734,49.83917466931637],[38.31317066545189,49.838038],[38.313171,49.838038],[38.31048,49.83608]]]}},{"type":"Feature","properties":{"cadnum":"4425487500:07:008:0027"},"geometry":{"type":"Polygon","coordinates":[[[38.32049110426539,49.837927],[38.32049,49.837927],[38.320355169200155,49.837994159067605],[38.31856,49.838881],[38.320398,49.840218],[38.320398,49.84021736363636],[38.322120375000004,49.84147],[38.32212,49.84147],[38.32221171428777,49.84153642857292],[38.322273,49.841581],[38.3222732516129,49.841581],[38.322548,49.84178],[38.323173,49.84147],[38.32317242307692,49.84147],[38.324676,49.840723],[38.32098268454935,49.838038],[38.320983,49.838038],[38.320693,49.837827],[38.32049110426539,49.837927]]]}},{"type":"Feature","properties":{"cadnum":"4425487500:07:007:0128"},"geometry":{"type":"Polygon","coordinates":[[[38.314905,49.835434],[38.313577,49.834469],[38.312531,49.835014],[38.314734,49.83661567565291],[38.314734,49.836616],[38.31653639451477,49.837927],[38.316536,49.837927],[38.318092,49.839058],[38.31916,49.838527],[38.318334,49.837927],[38.31833333431086,49.837927],[38.314905,49.83543433049041],[38.314905,49.835434]]]}},{"type":"Feature","properties":{"cadnum":"4425487500:07:008:0034"},"geometry":{"type":"Polygon","coordinates":[[[38.309436484251975,49.837927],[38.309436,49.837927],[38.31387,49.841149],[38.314734,49.84072075652174],[38.314734,49.840721],[38.31486155555285,49.84065753333468],[38.314905,49.840636],[38.314905,49.840635917073165],[38.314939,49.840619],[38.314905,49.840594287804876],[38.314905,49.840594],[38.31138870303712,49.838038],[38.311389,49.838038],[38.309437,49.836618],[38.30924,49.836721],[38.30924,49.83672101754386],[38.308386,49.837163],[38.309412,49.83791],[38.309412,49.83790918051576],[38.309436484251975,49.837927]]]}},{"type":"Feature","properties":{"cadnum":"4425487500:07:008:0040"},"geometry":{"type":"Polygon","coordinates":[[[38.314674,49.833901],[38.313741163732395,49.834384],[38.313741,49.834384],[38.313577,49.834469],[38.313612,49.834495],[38.31361278031088,49.834495],[38.314734,49.83530974171686],[38.314734,49.83531],[38.318486,49.838038],[38.318486809999996,49.838038],[38.31916,49.838527],[38.320147744565226,49.838038],[38.320148,49.838038],[38.320275,49.837975],[38.320209,49.837927],[38.320208994987475,49.837927],[38.31548963659147,49.834495],[38.31549,49.834495],[38.314905,49.834069404761905],[38.314905,49.834069],[38.314674,49.833901]]]}},{"type":"Feature","properties":{"cadnum":"4425487500:07:008:0051"},"geometry":{"type":"Polygon","coordinates":[[[38.311503,49.835547],[38.31048,49.83608],[38.31301844586313,49.837927],[38.313018,49.837927],[38.314905,49.839299],[38.314905,49.839298400473936],[38.316,49.840095],[38.317046,49.839576],[38.314778,49.837927],[38.31477706389001,49.837927],[38.311503,49.835547]]]}},{"type":"Feature","properties":{"cadnum":"4425487500:07:008:0024"},"geometry":{"type":"Polygon","coordinates":[[[38.31482377777746,49.84073311111127],[38.313443,49.841415],[38.31351821084338,49.84147],[38.313517,49.84147],[38.314905,49.842479],[38.314905,49.842478369064246],[38.317598,49.844437],[38.317642,49.844416],[38.319189,49.843652],[38.319417,49.843536],[38.319399,49.843536],[38.318747,49.843391],[38.318222,49.843148],[38.318277,49.84309],[38.316046,49.84147],[38.31604552747253,49.84147],[38.314948,49.840671],[38.31482377777746,49.84073311111127]]]}},{"type":"Feature","properties":{"cadnum":"4425487500:07:008:0043"},"geometry":{"type":"Polygon","coordinates":[[[38.314905,49.83674],[38.312531,49.835014],[38.311503,49.835547],[38.314734,49.837895695767195],[38.314734,49.837896],[38.314928,49.838038],[38.314930667070946,49.838038],[38.317046,49.839576],[38.318092,49.839058],[38.316688710875326,49.838038],[38.316689,49.838038],[38.314905,49.83674037953964],[38.314905,49.83674]]]}},{"type":"Feature","properties":{"cadnum":"4425487500:03:001:0104"},"geometry":{"type":"Polygon","coordinates":[[[38.166524,49.814956],[38.166515,49.81491],[38.166444,49.814916],[38.166452,49.814962],[38.166524,49.814956]]]}},{"type":"Feature","properties":{"cadnum":"4425487500:03:001:0087"},"geometry":{"type":"Polygon","coordinates":[[[38.171168,49.816649],[38.171172,49.816634],[38.171145,49.816632],[38.171141,49.816646],[38.171168,49.816649]]]}},{"type":"Feature","properties":{"cadnum":"4425487500:03:001:0189"},"geometry":{"type":"Polygon","coordinates":[[[38.170782,49.816774],[38.170067,49.816684],[38.170039,49.816776],[38.17004038071066,49.816776],[38.17001,49.816881],[38.170719,49.816959],[38.171622,49.81706],[38.171671,49.816875],[38.170799603960354,49.816776],[38.170805,49.816776],[38.170782,49.816774]]]}},{"type":"Feature","properties":{"cadnum":"4425487500:04:004:0098"},"geometry":{"type":"MultiPolygon","coordinates":[[[[38.174807,49.81315],[38.17412,49.813232],[38.174821,49.813232],[38.174807,49.81315]]],[[[38.172083,49.813474],[38.171312,49.813565],[38.171285,49.813977],[38.171522,49.814284],[38.172083,49.814633],[38.172083,49.813474]]]]}},{"type":"Feature","properties":{"cadnum":"4425487500:03:001:0093"},"geometry":{"type":"Polygon","coordinates":[[[38.16806,49.815898],[38.168073,49.815884],[38.168052,49.815875],[38.168038,49.815889],[38.16806,49.815898]]]}},{"type":"Feature","properties":{"cadnum":"4425487500:03:001:0095"},"geometry":{"type":"Polygon","coordinates":[[[38.168289,49.815684],[38.168306,49.815637],[38.168226,49.815626],[38.168208,49.815672],[38.168289,49.815684]]]}},{"type":"Feature","properties":{"cadnum":"4425487500:03:001:0103"},"geometry":{"type":"Polygon","coordinates":[[[38.166574,49.814976],[38.166595,49.814974],[38.166582,49.814916],[38.166555,49.814918],[38.166574,49.814976]]]}},{"type":"Feature","properties":{"cadnum":"4425487500:03:001:0097"},"geometry":{"type":"Polygon","coordinates":[[[38.16656,49.815858],[38.166582,49.815849],[38.166564,49.815835],[38.166541,49.815846],[38.16656,49.815858]]]}},{"type":"Feature","properties":{"cadnum":"4425487500:03:001:0096"},"geometry":{"type":"Polygon","coordinates":[[[38.167004,49.816159],[38.16701,49.816142],[38.166941,49.816136],[38.166955,49.816093],[38.166928,49.816089],[38.166914,49.816151],[38.167004,49.816159]]]}},{"type":"Feature","properties":{"cadnum":"4425487500:03:001:0185"},"geometry":{"type":"Polygon","coordinates":[[[38.16659,49.816503],[38.16659,49.81650081818182],[38.166631,49.816348],[38.166438,49.816325],[38.166425,49.816359],[38.166142,49.816327],[38.166128,49.816379],[38.166411,49.816411],[38.166389,49.81649],[38.166587,49.816512],[38.16659,49.816503]]]}},{"type":"Feature","properties":{"cadnum":"4425487500:03:001:0092"},"geometry":{"type":"Polygon","coordinates":[[[38.16783,49.81617],[38.167872,49.816125],[38.167849,49.816116],[38.167809,49.816162],[38.16783,49.81617]]]}},{"type":"Feature","properties":{"cadnum":"4425487500:03:001:0176"},"geometry":{"type":"Polygon","coordinates":[[[38.168742,49.815226],[38.168927,49.814611],[38.16669,49.814313],[38.166448,49.81542],[38.16659,49.815439],[38.16659,49.81543893795799],[38.168495,49.815693],[38.168549,49.815698],[38.168604,49.815704],[38.168742,49.815226]],[[38.168725,49.814942],[38.168729,49.814924],[38.168756,49.814927],[38.168752,49.814945],[38.168725,49.814942]],[[38.168648,49.815206],[38.168652,49.815188],[38.168679,49.815191],[38.168675,49.815208],[38.168648,49.815206]],[[38.168568,49.815472],[38.168576,49.815452],[38.168604,49.815457],[38.168599,49.815475],[38.168568,49.815472]]]}},{"type":"Feature","properties":{"cadnum":"4425487500:03:001:0168"},"geometry":{"type":"Polygon","coordinates":[[[38.172083,49.81618],[38.172083,49.815263],[38.170805,49.81478],[38.170503,49.815994],[38.172083,49.81618]]]}},{"type":"Feature","properties":{"cadnum":"4425487500:03:001:0091"},"geometry":{"type":"Polygon","coordinates":[[[38.167755,49.816252],[38.167759,49.816235],[38.167732,49.816232],[38.167727,49.816249],[38.167755,49.816252]]]}},{"type":"Feature","properties":{"cadnum":"4425487500:03:001:0094"},"geometry":{"type":"Polygon","coordinates":[[[38.168163,49.815782],[38.168203,49.81573],[38.168182,49.815721],[38.168136,49.815773],[38.168163,49.815782]]]}},{"type":"Feature","properties":{"cadnum":"4425487500:03:001:0193"},"geometry":{"type":"Polygon","coordinates":[[[38.168994,49.815562],[38.169094,49.81515],[38.168832,49.815124],[38.168729,49.815536],[38.168994,49.815562]]]}},{"type":"Feature","properties":{"cadnum":"4425487500:03:001:0090"},"geometry":{"type":"Polygon","coordinates":[[[38.168595,49.816348],[38.168599,49.816333],[38.168572,49.81633],[38.168568,49.816344],[38.168595,49.816348]]]}},{"type":"Feature","properties":{"cadnum":"4425487500:03:001:0088"},"geometry":{"type":"Polygon","coordinates":[[[38.170256,49.816544],[38.17026,49.816527],[38.170234,49.816524],[38.170229,49.816539],[38.170256,49.816544]]]}},{"type":"Feature","properties":{"cadnum":"4425487500:03:001:0089"},"geometry":{"type":"Polygon","coordinates":[[[38.169614,49.816469],[38.169623,49.816449],[38.169591,49.816446],[38.169583,49.816466],[38.169614,49.816469]]]}},{"type":"Feature","properties":{"cadnum":"4425487500:03:001:0167"},"geometry":{"type":"Polygon","coordinates":[[[38.170503,49.815994],[38.170805,49.81478],[38.169631,49.814336],[38.169255,49.815846],[38.170503,49.815994]]]}},{"type":"Feature","properties":{"cadnum":"4425487500:04:002:0069"},"geometry":{"type":"Polygon","coordinates":[[[38.124737,49.852207],[38.12473751384199,49.852207],[38.128138,49.853577],[38.128138,49.853576240897176],[38.131399,49.854889],[38.131449,49.854799],[38.131745,49.854446],[38.131957,49.854194],[38.128138,49.85265625682786],[38.128138,49.852656],[38.12675,49.852096],[38.12674840662087,49.852096],[38.123049,49.850606],[38.122644,49.85112502193784],[38.122644,49.851125],[38.122502,49.851307],[38.122644,49.851365],[38.122644,49.851364181208055],[38.124737,49.852207]]]}},{"type":"Feature","properties":{"cadnum":"4425487500:04:002:0022"},"geometry":{"type":"Polygon","coordinates":[[[38.1169792462364,49.84855707661434],[38.116972,49.848554],[38.11697189925062,49.848554],[38.114283,49.847428],[38.114166,49.847492],[38.113398,49.847924],[38.115168,49.848665],[38.11516905526036,49.848665],[38.117151,49.849495],[38.117151,49.84949453412577],[38.122196,49.851605],[38.122473,49.851248857142856],[38.122473,49.851251],[38.122703,49.850953],[38.122473,49.850857],[38.122473,49.85085741790254],[38.11723560860396,49.848665],[38.117236,49.848665],[38.117151,49.84862947265625],[38.117151,49.848629],[38.1169792462364,49.84855707661434]]]}},{"type":"Feature","properties":{"cadnum":"4425487500:04:002:0025"},"geometry":{"type":"Polygon","coordinates":[[[38.121606,49.848665],[38.121607177981645,49.848665],[38.122644,49.849099],[38.122644,49.84909861010831],[38.123858,49.849607],[38.12447,49.848937],[38.124505,49.848903],[38.123672,49.848554],[38.12367065196079,49.848554],[38.122473,49.848053],[38.122473,49.84805341065261],[38.117151,49.845825349209235],[38.117151,49.845825],[38.117143,49.845822],[38.117126,49.845833],[38.116147,49.84638],[38.117151,49.846801],[38.117151,49.84680056420234],[38.121606,49.848665]]]}},{"type":"Feature","properties":{"cadnum":"4425487500:04:002:0021"},"geometry":{"type":"Polygon","coordinates":[[[38.113886,49.848554],[38.113885981927716,49.848554],[38.112962,49.848167],[38.112522,49.848416],[38.113116,49.848665],[38.113117104999986,49.848665],[38.117151,49.850354],[38.117151,49.85035355978261],[38.12158,49.852207],[38.12158046853147,49.852207],[38.121657,49.852239],[38.12170269230699,49.85218500000083],[38.121927,49.851921],[38.11698,49.84985],[38.11698,49.84985035283308],[38.11415092324561,49.848665],[38.114151,49.848665],[38.1139364896709,49.84857515463087],[38.113886,49.848554]]]}},{"type":"Feature","properties":{"cadnum":"4425487500:04:002:0024"},"geometry":{"type":"Polygon","coordinates":[[[38.116088,49.846415],[38.115195,49.846916],[38.11698,49.84766431288343],[38.11698,49.847665],[38.119369,49.848665],[38.119369888064725,49.848665],[38.122644,49.850037],[38.122644,49.85003643603133],[38.123239,49.850285],[38.123858,49.849607],[38.122473,49.849027],[38.122473,49.84902742165899],[38.121342,49.848554],[38.121340769628105,49.848554],[38.11698,49.846729],[38.11698,49.84672929581673],[38.116147,49.84638],[38.116088,49.846415]]]}},{"type":"Feature","properties":{"cadnum":"4425487500:04:002:0023"},"geometry":{"type":"Polygon","coordinates":[[[38.115195,49.846916],[38.115105,49.846965],[38.114283,49.847428],[38.11698,49.848557392259416],[38.11698,49.848558],[38.122644,49.850929],[38.122644,49.85092837391304],[38.122703,49.850953],[38.123126,49.850409],[38.123239,49.850285],[38.122473,49.849965],[38.122473,49.84996534331732],[38.119105,49.848554],[38.11910382100001,49.848554],[38.117151,49.84773657806613],[38.117151,49.847736],[38.115195,49.846916]]]}},{"type":"Feature","properties":{"cadnum":"4425487500:04:002:0102"},"geometry":{"type":"Polygon","coordinates":[[[38.113398,49.847924],[38.113263,49.847999],[38.112962,49.848167],[38.1139364896709,49.84857515463087],[38.117151,49.849922],[38.117151,49.84992158702244],[38.121927,49.851921],[38.122196,49.851605],[38.11698,49.849423],[38.11698,49.84942338851802],[38.114904,49.848554],[38.1149028582996,49.848554],[38.113398,49.847924]]]}},{"type":"Feature","properties":{"cadnum":"4425487500:04:002:0020"},"geometry":{"type":"Polygon","coordinates":[[[38.112396,49.848489],[38.112278187499996,49.848554],[38.112276,49.848554],[38.111659,49.848897],[38.117151,49.851197],[38.117151,49.85119660294118],[38.119564,49.852207],[38.11956513395225,49.852207],[38.121101,49.85285],[38.121657,49.852239],[38.121315,49.852096],[38.121314753246764,49.852096],[38.11698,49.850282],[38.11698,49.85028240195395],[38.112852,49.848554],[38.11285120481928,49.848554],[38.112522,49.848416],[38.112396,49.848489]]]}},{"type":"Feature","properties":{"cadnum":"4425487500:04:002:0070"},"geometry":{"type":"Polygon","coordinates":[[[38.121958,49.851996],[38.122453,49.852196],[38.122479,49.852207],[38.12247993589744,49.852207],[38.122644,49.852274],[38.122644,49.85227288296558],[38.127966,49.85441671421006],[38.127966,49.854417],[38.130973,49.855628],[38.131319,49.855028],[38.131399,49.854889],[38.127966,49.853507],[38.127966,49.853507704026114],[38.124462,49.852096],[38.12446135000001,49.852096],[38.122502,49.851307],[38.122013,49.851938],[38.121958,49.851996]]]}},{"type":"Feature","properties":{"cadnum":"4425487500:07:007:0032"},"geometry":{"type":"Polygon","coordinates":[[[38.298163,49.818773],[38.298254,49.81881486692015],[38.298254,49.818816],[38.301149,49.820144],[38.30314,49.81835],[38.301604,49.817646],[38.299044,49.817982],[38.298313981481535,49.81863809259254],[38.298163,49.818773]]]}},{"type":"Feature","properties":{"cadnum":"4425487500:07:007:0158"},"geometry":{"type":"Polygon","coordinates":[[[38.301096,49.815186],[38.30057,49.814924],[38.299681,49.815794],[38.298797582484724,49.816665],[38.298797,49.816665],[38.29840464596375,49.81705301863254],[38.298235,49.81722],[38.297287,49.818101],[38.297413,49.818092],[38.29823,49.818026],[38.298426,49.817832],[38.298426,49.81783140356083],[38.29949008676141,49.816776],[38.299491,49.816776],[38.301096,49.815186]]]}},{"type":"Feature","properties":{"cadnum":"4425487500:07:007:0107"},"geometry":{"type":"Polygon","coordinates":[[[38.301612,49.81544],[38.301096,49.815186],[38.29960304716981,49.816665],[38.299602,49.816665],[38.298254,49.818002],[38.298254,49.81800224489796],[38.29823,49.818026],[38.298426,49.81801],[38.298426,49.81800966666667],[38.298518,49.818002],[38.299452,49.81788],[38.300527,49.816665],[38.300526371257476,49.816665],[38.301612,49.81544]]]}},{"type":"Feature","properties":{"cadnum":"4425487500:07:007:0031"},"geometry":{"type":"Polygon","coordinates":[[[38.298163,49.818773],[38.296578,49.820208],[38.296581821428575,49.82021],[38.29658,49.82021],[38.297153,49.820509],[38.29814,49.821046],[38.298254,49.82110818181818],[38.298254,49.821109],[38.299394,49.821732],[38.301076,49.82021],[38.301075874999995,49.82021],[38.301149,49.820144],[38.298426,49.81889490017271],[38.298426,49.818894],[38.298163,49.818773]]]}},{"type":"Feature","properties":{"cadnum":"4425487500:07:005:0006"},"geometry":{"type":"Polygon","coordinates":[[[38.292912,49.818075],[38.291717,49.818069],[38.290509,49.81806],[38.288126,49.82032],[38.28812729971989,49.82032],[38.287492,49.820924],[38.288071,49.821001],[38.289611,49.821207],[38.290662,49.82021],[38.29066097772829,49.82021],[38.292761,49.81821821715252],[38.292761,49.81822],[38.292912,49.818075]]]}},{"type":"Feature","properties":{"cadnum":"4425487500:07:005:0008"},"geometry":{"type":"Polygon","coordinates":[[[38.296214,49.818631],[38.296568,49.81817],[38.295949,49.818112],[38.294956,49.818092],[38.292933,49.82001361958998],[38.292933,49.820013],[38.292608,49.82032],[38.29260913570275,49.82032],[38.291421,49.821448],[38.292933,49.821649],[38.292933,49.8216484],[38.293191,49.821682],[38.293851,49.821057],[38.294688,49.82021],[38.294686828748894,49.82021],[38.295693,49.819193],[38.296214,49.818631]]]}},{"type":"Feature","properties":{"cadnum":"4425487500:07:005:0007"},"geometry":{"type":"Polygon","coordinates":[[[38.294956,49.818092],[38.294363,49.81808],[38.292912,49.818075],[38.290545,49.82032],[38.29054604212638,49.82032],[38.289611,49.821207],[38.290618,49.821341],[38.291421,49.821448],[38.292725,49.82021],[38.292724449511404,49.82021],[38.292761,49.82017547384616],[38.292761,49.820177],[38.294956,49.818092]]]}},{"type":"Feature","properties":{"cadnum":"4425487500:07:001:0044"},"geometry":{"type":"Polygon","coordinates":[[[38.264342,49.866202],[38.264282,49.86615],[38.264116,49.865826],[38.263336,49.865157],[38.26080815802469,49.866261],[38.260808,49.866261],[38.26070009385771,49.866308195529434],[38.260554,49.866372],[38.26055421363637,49.866372],[38.259802,49.866701],[38.259802,49.86670207821699],[38.258785,49.867146],[38.259737,49.868214],[38.259802,49.86818575105485],[38.259802,49.868186],[38.259897646907866,49.86814418298941],[38.259974,49.868111],[38.259974,49.86811080127186],[38.26397137142949,49.86636314285674],[38.264342,49.866202]]]}},{"type":"Feature","properties":{"cadnum":"4425487500:07:001:0002"},"geometry":{"type":"Polygon","coordinates":[[[38.265467,49.86552303913198],[38.265467,49.865522],[38.264372,49.865942],[38.264346,49.866129],[38.2644942962963,49.866261],[38.264494,49.866261],[38.26453546868346,49.86629764794901],[38.264619,49.866372],[38.264619601131535,49.866372],[38.265294,49.866968],[38.265295,49.86696895953758],[38.265295,49.86697],[38.266322,49.86795],[38.266533,49.867756],[38.267211,49.866989],[38.267252,49.866535],[38.26729483211679,49.866372],[38.267295,49.866372],[38.26749,49.865635],[38.267827,49.865212],[38.268209,49.866193],[38.26827130167597,49.866261],[38.268271,49.866261],[38.268320776536406,49.8663150000001],[38.268373,49.866372],[38.26837331843575,49.866372],[38.268766,49.866798],[38.269857,49.866378],[38.269747,49.866261],[38.26974691886083,49.866261],[38.268106,49.864511],[38.265467,49.86552303913198]]]}},{"type":"Feature","properties":{"cadnum":"4425487500:07:001:0006"},"geometry":{"type":"Polygon","coordinates":[[[38.269955,49.86256],[38.269202,49.861697],[38.266238,49.862831],[38.26624064830509,49.862831],[38.265467,49.863127157339825],[38.265467,49.863127],[38.262675,49.864195],[38.263605,49.864994],[38.265295,49.86434686251342],[38.265295,49.864347],[38.269536,49.862721],[38.2695343800738,49.862721],[38.269955,49.86256]]]}},{"type":"Feature","properties":{"cadnum":"4425487500:07:001:0094"},"geometry":{"type":"Polygon","coordinates":[[[38.2642063,49.866261],[38.264205,49.866261],[38.26397137142958,49.866363142856706],[38.263951,49.866372],[38.26395111272728,49.866372],[38.259897646907866,49.86814418298941],[38.259737,49.868214],[38.259802,49.8682869535865],[38.259802,49.868287],[38.260699,49.869296],[38.265295,49.86729199748322],[38.265295,49.867292],[38.26529538738447,49.86729182857124],[38.265467,49.867217],[38.265467,49.867215885057476],[38.265469,49.867215],[38.265467,49.86721320689655],[38.265467,49.867213],[38.265227,49.866998],[38.26453050067842,49.866372],[38.264531,49.866372],[38.264342,49.866202],[38.2642063,49.866261]]]}},{"type":"Feature","properties":{"cadnum":"4425487500:07:001:0008"},"geometry":{"type":"Polygon","coordinates":[[[38.268506,49.860909],[38.268217,49.860582],[38.267854,49.86013],[38.265467,49.86104506330598],[38.265467,49.861045],[38.261003,49.862753],[38.261093,49.862831],[38.26109396338028,49.862831],[38.261831,49.863463],[38.263772,49.862721],[38.263769681159424,49.862721],[38.265295,49.8621377672544],[38.265295,49.862138],[38.268506,49.860909]]]}},{"type":"Feature","properties":{"cadnum":"4425487500:07:001:0005"},"geometry":{"type":"Polygon","coordinates":[[[38.269955,49.86256],[38.269247,49.862831],[38.26924909348094,49.862831],[38.265467,49.86428105517567],[38.265467,49.864281],[38.263605,49.864994],[38.264409,49.865687],[38.264372,49.865942],[38.265295,49.86558797260274],[38.265295,49.865589],[38.268106,49.864511],[38.269403,49.864013],[38.270773,49.863489],[38.270192966145835,49.862831],[38.270194,49.862831],[38.269955,49.86256]]]}},{"type":"Feature","properties":{"cadnum":"4425487500:07:001:0007"},"geometry":{"type":"Polygon","coordinates":[[[38.268506,49.860909],[38.265467,49.86207216754905],[38.265467,49.862072],[38.263482,49.862831],[38.26348425067386,49.862831],[38.261831,49.863463],[38.262675,49.864195],[38.265295,49.86319279369627],[38.265295,49.863193],[38.266528,49.862721],[38.26652551322751,49.862721],[38.269202,49.861697],[38.268506,49.860909]]]}},{"type":"Feature","properties":{"cadnum":"4425487500:07:004:0018"},"geometry":{"type":"Polygon","coordinates":[[[38.259974,49.813908],[38.258089,49.813739],[38.257617,49.815805],[38.259802,49.816001529486634],[38.259802,49.816002],[38.262927,49.816281],[38.263177,49.815182],[38.263399,49.814215],[38.259974,49.813908397275505],[38.259974,49.813908]]]}},{"type":"Feature","properties":{"cadnum":"4425487500:04:001:0064"},"geometry":{"type":"Polygon","coordinates":[[[38.188562,49.858975952080705],[38.18996382451467,49.859287075806535],[38.191829,49.859702],[38.191933772466534,49.85929],[38.191934,49.85929],[38.192116,49.858584],[38.192126,49.858546],[38.188391,49.857716],[38.188391,49.857716909602075],[38.18625,49.85724],[38.185667,49.858332],[38.188391,49.85893796062176],[38.188391,49.858938],[38.18846813481693,49.858955119454954],[38.188562,49.858976],[38.188562,49.858975952080705]]]}},{"type":"Feature","properties":{"cadnum":"4425487500:04:001:0119"},"geometry":{"type":"Polygon","coordinates":[[[38.193347,49.859734],[38.192355,49.859626],[38.191672,49.862293],[38.191546,49.862831],[38.191546264150944,49.862831],[38.190828,49.865901],[38.190774,49.866152],[38.191946,49.86628],[38.192708,49.862721],[38.192707548595415,49.862721],[38.193347,49.859734]]]}},{"type":"Feature","properties":{"cadnum":"4425487500:04:001:0120"},"geometry":{"type":"Polygon","coordinates":[[[38.194056,49.861692],[38.194056,49.86169018761059],[38.194449,49.859849],[38.19394622665674,49.859797387869186],[38.193347,49.859734],[38.192684,49.862831],[38.19268444844057,49.862831],[38.19195006799663,49.866261],[38.191949,49.866261],[38.191946,49.86628],[38.192068,49.866292],[38.193051,49.866399],[38.193065512195105,49.86632747560983],[38.193836,49.862721],[38.19383466110623,49.862721],[38.193884,49.862491624489806],[38.193884,49.862496],[38.19400562248941,49.86192620401866],[38.194056,49.861692]]]}},{"type":"Feature","properties":{"cadnum":"4425487500:04:001:0127"},"geometry":{"type":"Polygon","coordinates":[[[38.19327663636364,49.855638],[38.193276,49.855638],[38.193217,49.855931],[38.192611,49.858633],[38.192470552511416,49.859179],[38.19247,49.859179],[38.192368,49.859583],[38.193884,49.85974522878229],[38.193884,49.859746],[38.193994,49.859757],[38.194056,49.859469],[38.194056,49.85946565040649],[38.194117,49.859179],[38.19411673795181,49.859179],[38.194874,49.855638],[38.19487302238806,49.855638],[38.194965,49.855213],[38.194556,49.855187],[38.19401674074028,49.855068234567796],[38.19342,49.854935],[38.19327663636364,49.855638]]]}},{"type":"Feature","properties":{"cadnum":"4425487500:05:001:0087"},"geometry":{"type":"Polygon","coordinates":[[[38.277919,49.852207],[38.27791977049179,49.852207],[38.277381,49.852312],[38.277272,49.852491],[38.277726,49.852981],[38.277209,49.853123],[38.277291,49.853244],[38.276653,49.853412],[38.276823,49.853595],[38.277098,49.853514],[38.277263,49.853366],[38.278408,49.853224],[38.27863,49.853458],[38.278068,49.85369],[38.278395,49.853936],[38.279626,49.853479],[38.279397,49.853181],[38.2795,49.853091],[38.279033,49.852471],[38.278517,49.852636],[38.278395,49.852477],[38.278247,49.852436],[38.278194,49.852332],[38.278382,49.85223],[38.27832,49.852129],[38.277919,49.852207]]]}},{"type":"Feature","properties":{"cadnum":"4425487500:04:002:0188"},"geometry":{"type":"Polygon","coordinates":[[[38.161578,49.850747],[38.161591,49.850734],[38.161565,49.850727],[38.161557,49.850742],[38.161578,49.850747]]]}},{"type":"Feature","properties":{"cadnum":"4425487500:04:002:0234"},"geometry":{"type":"Polygon","coordinates":[[[38.162423,49.848967],[38.162427,49.84895],[38.162405,49.848946],[38.162396,49.848961],[38.162423,49.848967]]]}},{"type":"Feature","properties":{"cadnum":"4425487500:04:002:0128"},"geometry":{"type":"Polygon","coordinates":[[[38.166713,49.846131],[38.166418,49.846059],[38.166418,49.846059879491435],[38.164781,49.845659],[38.16305035628743,49.848554],[38.163049,49.848554],[38.162876,49.848845],[38.162199,49.850197],[38.162163,49.850287],[38.164048,49.850747],[38.16524897127223,49.848665],[38.16525,49.848665],[38.16659,49.846346],[38.16659,49.846344477966106],[38.166713,49.846131]]]}},{"type":"Feature","properties":{"cadnum":"4425487500:04:002:0186"},"geometry":{"type":"Polygon","coordinates":[[[38.162243,49.849604],[38.162253,49.849586],[38.162176,49.849572],[38.162167,49.849589],[38.162243,49.849604]]]}},{"type":"Feature","properties":{"cadnum":"4425487500:04:002:0243"},"geometry":{"type":"Polygon","coordinates":[[[38.16113,49.851283],[38.161138,49.851266],[38.161115,49.85126],[38.161107,49.851277],[38.16113,49.851283]]]}},{"type":"Feature","properties":{"cadnum":"4425487500:04:002:0187"},"geometry":{"type":"Polygon","coordinates":[[[38.161911,49.850178],[38.16192,49.85016],[38.161897,49.850154],[38.161889,49.850171],[38.161911,49.850178]]]}},{"type":"Feature","properties":{"cadnum":"4425487500:04:002:0236"},"geometry":{"type":"Polygon","coordinates":[[[38.162109,49.849386],[38.162127,49.849375],[38.162054,49.849337],[38.162041,49.849349],[38.162109,49.849386]]]}},{"type":"Feature","properties":{"cadnum":"4425487500:04:002:0185"},"geometry":{"type":"Polygon","coordinates":[[[38.162558,49.849027],[38.162566,49.849013],[38.16254,49.849008],[38.16253,49.849021],[38.162558,49.849027]]]}},{"type":"Feature","properties":{"cadnum":"4425487500:04:002:0235"},"geometry":{"type":"Polygon","coordinates":[[[38.162136,49.849485],[38.162144,49.849471],[38.162123,49.849465],[38.162113,49.84948],[38.162136,49.849485]]]}},{"type":"Feature","properties":{"cadnum":"4425487500:04:002:0237"},"geometry":{"type":"Polygon","coordinates":[[[38.161538,49.849083],[38.161557,49.849071],[38.161538,49.849059],[38.16152,49.849074],[38.161538,49.849083]]]}},{"type":"Feature","properties":{"cadnum":"4425487500:04:002:0242"},"geometry":{"type":"Polygon","coordinates":[[[38.161467,49.850708],[38.161475,49.85069],[38.161398,49.850672],[38.16139,49.85069],[38.161467,49.850708]]]}},{"type":"Feature","properties":{"cadnum":"4425487500:04:002:0189"},"geometry":{"type":"Polygon","coordinates":[[[38.161251,49.851318],[38.16126,49.851304],[38.161237,49.851298],[38.161228,49.851313],[38.161251,49.851318]]]}},{"type":"Feature","properties":{"cadnum":"4425487500:04:002:0241"},"geometry":{"type":"Polygon","coordinates":[[[38.161781,49.850133],[38.16179,49.850116],[38.161763,49.850111],[38.161754,49.850128],[38.161781,49.850133]]]}},{"type":"Feature","properties":{"cadnum":"4425487500:07:007:0131"},"geometry":{"type":"Polygon","coordinates":[[[38.313627,49.817501],[38.311597,49.817327],[38.311134,49.817582],[38.309412,49.81794715625],[38.309412,49.817947],[38.309342,49.817962],[38.30924,49.817964],[38.30924,49.81796453063291],[38.307367,49.818011],[38.305377,49.817898],[38.30924,49.8196892448575],[38.30924,49.81969],[38.310363787375415,49.82021],[38.310363,49.82021],[38.310541,49.820292],[38.313627,49.817501]]]}},{"type":"Feature","properties":{"cadnum":"4425487500:07:007:0049"},"geometry":{"type":"Polygon","coordinates":[[[38.311292,49.819691],[38.310594,49.82032],[38.31059463565891,49.82032],[38.31043,49.820468],[38.314734,49.822462747709494],[38.314734,49.822463],[38.316323,49.823198],[38.31718,49.822421],[38.314905,49.82136720809485],[38.314905,49.821367],[38.31264630337079,49.82032],[38.312648,49.82032],[38.311292,49.819691]]]}},{"type":"Feature","properties":{"cadnum":"4425487500:07:007:0048"},"geometry":{"type":"Polygon","coordinates":[[[38.315408,49.82032],[38.314734,49.820008],[38.314734,49.82000872340425],[38.312226,49.818846],[38.311287,49.819691],[38.31240668680445,49.82021],[38.312405,49.82021],[38.314734,49.8212887928],[38.314734,49.821289],[38.31718,49.822421],[38.318118,49.821575],[38.31540664835165,49.82032],[38.315408,49.82032]]]}},{"type":"Feature","properties":{"cadnum":"4425487500:07:007:0121"},"geometry":{"type":"Polygon","coordinates":[[[38.310065,49.811568],[38.309616,49.811307],[38.30924,49.811638],[38.30924,49.81163873913043],[38.307559821203434,49.813121],[38.307559,49.813121],[38.305866,49.814615],[38.306036,49.814681],[38.306378,49.814821],[38.30817824352942,49.813232],[38.30818,49.813232],[38.309412,49.812145],[38.309412,49.81214422303031],[38.310065,49.811568]]]}},{"type":"Feature","properties":{"cadnum":"4425487500:07:007:0043"},"geometry":{"type":"Polygon","coordinates":[[[38.314872,49.812206],[38.314905,49.812192],[38.314905,49.81219160180542],[38.315869,49.811771],[38.317342,49.811093],[38.317139,49.810765],[38.316359,49.810243],[38.31603,49.809966],[38.314734,49.810303],[38.314734,49.810303480981595],[38.31083,49.811319],[38.312222,49.811904],[38.313969,49.812611],[38.314535,49.812353],[38.314734,49.8122661958457],[38.314734,49.812267],[38.314872,49.812206]]]}},{"type":"Feature","properties":{"cadnum":"4425487500:07:007:0120"},"geometry":{"type":"Polygon","coordinates":[[[38.309616,49.811307],[38.30933400000077,49.81114350000045],[38.309172,49.811049],[38.30682474576271,49.813121],[38.306824,49.813121],[38.305363,49.814411],[38.305448,49.814446],[38.305866,49.814615],[38.30743321485944,49.813232],[38.307434,49.813232],[38.309412,49.811487],[38.309412,49.81148658510638],[38.309616,49.811307]]]}},{"type":"Feature","properties":{"cadnum":"4425487500:07:007:0122"},"geometry":{"type":"Polygon","coordinates":[[[38.31052,49.811832],[38.310065,49.811568],[38.30924,49.812296],[38.30924,49.81229675649351],[38.308305806807724,49.813121],[38.308304,49.813121],[38.306378,49.814821],[38.306688,49.814945],[38.306899,49.815029],[38.30893333962264,49.813232],[38.308935,49.813232],[38.30924,49.81296280712788],[38.30924,49.812963],[38.31052,49.811832]]]}},{"type":"Feature","properties":{"cadnum":"4425487500:04:001:0162"},"geometry":{"type":"Polygon","coordinates":[[[38.219785,49.861983],[38.21874849292453,49.862721],[38.218748,49.862721],[38.218236,49.863086],[38.217947,49.863356],[38.220404,49.865756],[38.22135,49.86511573500448],[38.22135,49.865117],[38.222111,49.864601],[38.222031,49.864303],[38.221519,49.86368],[38.22064963816475,49.862831],[38.220651,49.862831],[38.219785,49.861983]]]}},{"type":"Feature","properties":{"cadnum":"4425487500:04:003:0116"},"geometry":{"type":"Polygon","coordinates":[[[38.099075,49.829758],[38.099765,49.829856],[38.100672,49.830111],[38.100672,49.83011016],[38.101275,49.830279],[38.10274638781574,49.830841],[38.102746,49.830841],[38.10291555255072,49.83090561286415],[38.103037,49.830952],[38.103037278422285,49.830952],[38.105008,49.831703],[38.105775,49.831735],[38.106013,49.831523],[38.105968,49.830938],[38.104769,49.830552],[38.10357,49.830355],[38.102272,49.829779],[38.101436,49.829497],[38.100672,49.829318243589746],[38.100672,49.829317],[38.099639,49.829074],[38.097803,49.828567],[38.096796,49.828709],[38.095826,49.829124],[38.095714,49.829257],[38.095952,49.829611],[38.095876,49.82966],[38.095503,49.829605],[38.095234,49.830271],[38.095007,49.83064],[38.095007,49.830640263736264],[38.094815,49.830952],[38.094815635761584,49.830952],[38.094698,49.831143],[38.094272,49.831769],[38.093626,49.831784],[38.09319,49.832357],[38.09328,49.833382],[38.095007,49.833706665086886],[38.095007,49.833707],[38.09511780362494,49.833727495468196],[38.095179,49.833739],[38.095179,49.8337388150289],[38.09518,49.833739],[38.095216,49.832435],[38.09545,49.832444],[38.095557,49.831879],[38.095777,49.831357],[38.09594731976744,49.830952],[38.095948,49.830952],[38.096478,49.8297],[38.099075,49.829758]]]}},{"type":"Feature","properties":{"cadnum":"4425487500:04:003:0016"},"geometry":{"type":"Polygon","coordinates":[[[38.101656,49.833632],[38.101662,49.833084],[38.1005,49.833042],[38.1005,49.833042679790026],[38.100291,49.833035],[38.095616,49.832508],[38.09561,49.832542],[38.095499,49.833927],[38.095452,49.834495],[38.09545278413284,49.834495],[38.095417,49.834926],[38.09749486531367,49.834495],[38.097496,49.834495],[38.100672,49.833837],[38.100672,49.83383629065744],[38.101656,49.833632]]]}},{"type":"Feature","properties":{"cadnum":"4425487500:04:003:0015"},"geometry":{"type":"Polygon","coordinates":[[[38.1005,49.833872],[38.1005,49.83387263476071],[38.098031768996954,49.834384],[38.09803,49.834384],[38.095417,49.834926],[38.095301,49.836323],[38.1005,49.835243706572335],[38.1005,49.835244],[38.101648,49.835005],[38.10165046376811,49.834495],[38.101651,49.834495],[38.101656,49.833632],[38.1005,49.833872]]]}},{"type":"Feature","properties":{"cadnum":"4425487500:04:003:0042"},"geometry":{"type":"Polygon","coordinates":[[[38.099075,49.829758],[38.096478,49.8297],[38.09599498881789,49.830841],[38.095994,49.830841],[38.095777,49.831357],[38.100672,49.831742],[38.100672,49.831741521555365],[38.105232,49.8321],[38.10525,49.832042],[38.105272,49.831922],[38.105264,49.831795],[38.105008,49.831703],[38.10291555255072,49.83090561286415],[38.101275,49.830279],[38.1005,49.830062],[38.1005,49.830062642778394],[38.099765,49.829856],[38.099075,49.829758]]]}},{"type":"Feature","properties":{"cadnum":"4425487500:04:003:0041"},"geometry":{"type":"Polygon","coordinates":[[[38.095777,49.831357],[38.095557,49.831879],[38.09545,49.832444],[38.100121,49.832972],[38.10058231481307,49.83298790740734],[38.104945,49.833142],[38.105232,49.8321],[38.1005,49.831728],[38.1005,49.83172847191011],[38.095777,49.831357]]]}},{"type":"Feature","properties":{"cadnum":"4425487500:04:002:0206"},"geometry":{"type":"Polygon","coordinates":[[[38.159827,49.860652],[38.159853,49.860648],[38.159853,49.860634],[38.159827,49.860634],[38.159827,49.860652]]]}},{"type":"Feature","properties":{"cadnum":"4425487500:04:002:0263"},"geometry":{"type":"Polygon","coordinates":[[[38.155685,49.861352],[38.155699,49.861337],[38.155677,49.861329],[38.155664,49.861343],[38.155685,49.861352]]]}},{"type":"Feature","properties":{"cadnum":"4425487500:04:002:0210"},"geometry":{"type":"Polygon","coordinates":[[[38.160033,49.862727],[38.16006,49.862725],[38.16006,49.86271],[38.160033,49.86271],[38.160033,49.862727]]]}},{"type":"Feature","properties":{"cadnum":"4425487500:04:002:0205"},"geometry":{"type":"Polygon","coordinates":[[[38.15979,49.860047],[38.15979,49.860029],[38.159764,49.860029],[38.159764,49.860047],[38.15979,49.860047]]]}},{"type":"Feature","properties":{"cadnum":"4425487500:04:002:0209"},"geometry":{"type":"Polygon","coordinates":[[[38.16002,49.86229],[38.160016,49.862273],[38.159989,49.862273],[38.159993,49.86229],[38.16002,49.86229]]]}},{"type":"Feature","properties":{"cadnum":"4425487500:04:002:0261"},"geometry":{"type":"Polygon","coordinates":[[[38.156607,49.860362],[38.156624,49.860347],[38.156557,49.860309],[38.156539,49.860321],[38.156607,49.860362]]]}},{"type":"Feature","properties":{"cadnum":"4425487500:04:002:0204"},"geometry":{"type":"Polygon","coordinates":[[[38.15971,49.85947],[38.159737,49.859467],[38.159733,49.85945],[38.15971,49.859453],[38.15971,49.85947]]]}},{"type":"Feature","properties":{"cadnum":"4425487500:04:002:0262"},"geometry":{"type":"Polygon","coordinates":[[[38.156193,49.860811],[38.156207,49.860796],[38.156184,49.860787],[38.156171,49.860802],[38.156193,49.860811]]]}},{"type":"Feature","properties":{"cadnum":"4425487500:04:002:0207"},"geometry":{"type":"Polygon","coordinates":[[[38.15989,49.861266],[38.159916,49.861262],[38.159916,49.861245],[38.15989,49.861248],[38.15989,49.861266]]]}},{"type":"Feature","properties":{"cadnum":"4425487500:04:002:0259"},"geometry":{"type":"Polygon","coordinates":[[[38.157069,49.859223],[38.157046,49.859221],[38.157037,49.859238],[38.157065,49.859242],[38.157069,49.859223]]]}},{"type":"Feature","properties":{"cadnum":"4425487500:04:002:0260"},"geometry":{"type":"Polygon","coordinates":[[[38.156844,49.859789],[38.156849,49.859771],[38.156826,49.859768],[38.156817,49.859785],[38.156844,49.859789]]]}},{"type":"Feature","properties":{"cadnum":"4425487500:04:002:0208"},"geometry":{"type":"Polygon","coordinates":[[[38.159966,49.861792],[38.159966,49.861775],[38.159939,49.861777],[38.159939,49.861792],[38.159966,49.861792]]]}},{"type":"Feature","properties":{"cadnum":"4425487500:04:004:0106"},"geometry":{"type":"Polygon","coordinates":[[[38.186772,49.811728],[38.185443,49.811887],[38.18568704758365,49.813121],[38.185686,49.813121],[38.186387042954856,49.816665],[38.186387,49.816665],[38.18640078149511,49.81673445278649],[38.186409,49.816776],[38.18640902569594,49.816776],[38.186665,49.818066],[38.187931,49.818228],[38.188061,49.818245],[38.18776998924051,49.816776],[38.18777,49.816776],[38.187711,49.816475],[38.187047,49.813121],[38.18704615425531,49.813121],[38.186772,49.811728]]]}},{"type":"Feature","properties":{"cadnum":"4425487500:04:004:0104"},"geometry":{"type":"Polygon","coordinates":[[[38.18290803814699,49.81218780653953],[38.182778,49.812203],[38.18295910204081,49.813121],[38.182959,49.813121],[38.183069,49.813676],[38.183069,49.813669250000025],[38.18365913406293,49.816665],[38.183659,49.816665],[38.183673356688075,49.81673719957628],[38.183681,49.816776],[38.183681072046106,49.816776],[38.183866,49.817706],[38.185285,49.817889],[38.185042,49.816665],[38.1850410125855,49.816665],[38.1843609874145,49.813232],[38.184361,49.813232],[38.184126,49.812043],[38.18290803814699,49.81218780653953]]]}},{"type":"Feature","properties":{"cadnum":"4425487500:04:004:0105"},"geometry":{"type":"Polygon","coordinates":[[[38.185443,49.811887],[38.184126,49.812043],[38.18433906139614,49.813121],[38.184339,49.813121],[38.185063,49.816776],[38.18506403676471,49.816776],[38.185285,49.817889],[38.186665,49.818066],[38.18640078149511,49.81673445278649],[38.18570795704514,49.813232],[38.185709,49.813232],[38.185443,49.811887]]]}},{"type":"Feature","properties":{"cadnum":"4425487500:04:001:0297"},"geometry":{"type":"Polygon","coordinates":[[[38.193884,49.884608],[38.193884,49.884608056994814],[38.193284,49.884235],[38.192902,49.884438],[38.192621,49.884562],[38.191493,49.885239],[38.190392,49.885897],[38.189233,49.886588],[38.188391,49.887093],[38.188391,49.88709328623853],[38.188017,49.887317],[38.187563,49.887612],[38.18756332445142,49.887612],[38.186753,49.888139],[38.187248,49.887875],[38.1877100080214,49.887612],[38.187711,49.887612],[38.188241,49.887311],[38.188391,49.88722922429906],[38.188391,49.88723],[38.189476,49.886637],[38.19094,49.885873],[38.192135,49.885254],[38.193298,49.884883],[38.194056,49.884807],[38.194056,49.884806742474915],[38.194183,49.884794],[38.193884,49.884608]]]}},{"type":"Feature","properties":{"cadnum":"4425487500:07:001:0046"},"geometry":{"type":"Polygon","coordinates":[[[38.265523,49.868828],[38.265477,49.868564],[38.266282,49.867991],[38.265469,49.867215],[38.26529538738447,49.86729182857124],[38.260699,49.869296],[38.261246,49.869913],[38.26124668491124,49.869913],[38.261749,49.870478],[38.26304030917161,49.869913],[38.263042,49.869913],[38.265467,49.868853],[38.265467,49.86885256140351],[38.265523,49.868828]]]}},{"type":"Feature","properties":{"cadnum":"4425487500:07:001:0050"},"geometry":{"type":"Polygon","coordinates":[[[38.2609,49.869609],[38.26045940131578,49.869802],[38.260459,49.869802],[38.259802,49.87009],[38.259802,49.870090134799774],[38.256428,49.871564],[38.256778,49.872119],[38.257311,49.872871],[38.259974,49.871709],[38.259974,49.87170887809349],[38.261984,49.870831],[38.261071,49.869802],[38.26107014473684,49.869802],[38.2609,49.869609]]]}},{"type":"Feature","properties":{"cadnum":"4425487500:07:001:0051"},"geometry":{"type":"Polygon","coordinates":[[[38.259854,49.868437],[38.256668797141316,49.869829170393665],[38.255655,49.870272],[38.256028,49.870875],[38.256395,49.871511],[38.256428,49.871564],[38.259974,49.870015],[38.259974,49.87001460273972],[38.26020578125,49.869913],[38.260206,49.869913],[38.2609,49.869609],[38.259974,49.86857145506693],[38.259974,49.868571],[38.259854,49.868437]]]}},{"type":"Feature","properties":{"cadnum":"4425487500:07:001:0047"},"geometry":{"type":"Polygon","coordinates":[[[38.265523,49.868828],[38.265295,49.868928],[38.265295,49.868928183505155],[38.263295938679235,49.869802],[38.263294,49.869802],[38.261749,49.870478],[38.263393,49.872322],[38.265467,49.871414],[38.265467,49.871413634408604],[38.265667,49.871326],[38.265514,49.871092],[38.265707,49.86991],[38.265523,49.868828]]]}},{"type":"Feature","properties":{"cadnum":"4425487500:07:002:0014"},"geometry":{"type":"Polygon","coordinates":[[[38.249847,49.859108],[38.250583,49.858937],[38.252137,49.858521],[38.252992,49.858231],[38.251648,49.856398],[38.248987,49.85718634004237],[38.248987,49.857186],[38.248342,49.857377],[38.248405,49.857455],[38.248459,49.857617],[38.248594,49.857967],[38.248987,49.8586],[38.248987,49.85859846428572],[38.249348,49.85918],[38.249847,49.859108]]]}},{"type":"Feature","properties":{"cadnum":"4425487500:04:003:0083"},"geometry":{"type":"Polygon","coordinates":[[[38.128099,49.821508],[38.128032,49.820477],[38.128022,49.820391],[38.127966,49.820392],[38.127966,49.82039230232559],[38.127936,49.820393],[38.124627,49.820509],[38.124311,49.820503],[38.124311,49.820599],[38.123068,49.820712],[38.122644,49.82071128739496],[38.122644,49.820711],[38.121258,49.820706],[38.121061,49.820889],[38.120965,49.821781],[38.121392,49.821784],[38.122644,49.821789],[38.122644,49.821788502941175],[38.123153,49.82179],[38.124816,49.821796],[38.126459,49.821802],[38.127966,49.82180381894991],[38.127966,49.821804],[38.128116,49.821804],[38.128099,49.821508]]]}},{"type":"Feature","properties":{"cadnum":"4425487500:04:003:0082"},"geometry":{"type":"Polygon","coordinates":[[[38.128116,49.821804],[38.126459,49.821802],[38.12644290688652,49.823754],[38.126442,49.823754],[38.126424,49.826392],[38.127596,49.825937],[38.127966,49.825937],[38.128138,49.825937],[38.128472,49.825937],[38.128476,49.825879],[38.128462,49.825262],[38.12839,49.824795],[38.128296,49.823885],[38.12828690604752,49.82379990658753],[38.128179,49.822665],[38.128138,49.82210466666666],[38.128138,49.822098],[38.128116,49.821804]]]}},{"type":"Feature","properties":{"cadnum":"4425487500:04:003:0080"},"geometry":{"type":"Polygon","coordinates":[[[38.124816,49.821796],[38.123153,49.82179],[38.123137,49.823864],[38.12313724914676,49.823864],[38.123118,49.826684],[38.124774,49.826847],[38.12479714645975,49.823864],[38.124798,49.823864],[38.124816,49.821796]]]}},{"type":"Feature","properties":{"cadnum":"4425487500:04:003:0081"},"geometry":{"type":"Polygon","coordinates":[[[38.126459,49.821802],[38.124816,49.821796],[38.12479895744681,49.823754],[38.124798,49.823754],[38.124774,49.826847],[38.125215,49.82689],[38.126108,49.826516],[38.126424,49.826392],[38.12644124943139,49.823864],[38.126442,49.823864],[38.126459,49.821802]]]}},{"type":"Feature","properties":{"cadnum":"4425487500:04:003:0079"},"geometry":{"type":"Polygon","coordinates":[[[38.12137400480769,49.823754],[38.121374,49.823754],[38.12137395887854,49.82375902803268],[38.121373,49.823864],[38.12137310037175,49.823864],[38.121352,49.826444],[38.12169,49.826504],[38.122644,49.826629],[38.122644,49.82662794247788],[38.122925,49.826664],[38.123118,49.826684],[38.123138,49.823754],[38.123137848601736,49.823754],[38.123153,49.82179],[38.122473,49.821788],[38.122473,49.821788317092654],[38.121392,49.821784],[38.12137400480769,49.823754]]]}},{"type":"Feature","properties":{"cadnum":"4425487500:02:001:0014"},"geometry":{"type":"Polygon","coordinates":[[[38.189045,49.840321],[38.189067,49.840312],[38.189053,49.840298],[38.189032,49.840306],[38.189045,49.840321]]]}},{"type":"Feature","properties":{"cadnum":"4425487500:02:001:0015"},"geometry":{"type":"Polygon","coordinates":[[[38.189579,49.840109],[38.189598,49.840101],[38.189583,49.840086],[38.189562,49.840095],[38.189579,49.840109]]]}},{"type":"Feature","properties":{"cadnum":"4425487500:02:001:0020"},"geometry":{"type":"Polygon","coordinates":[[[38.193648,49.839078],[38.193743,49.83907],[38.193734,49.839012],[38.193707,49.839012],[38.193716,49.839055],[38.193648,49.839061],[38.193648,49.839078]]]}},{"type":"Feature","properties":{"cadnum":"4425487500:02:001:0021"},"geometry":{"type":"Polygon","coordinates":[[[38.193779,49.83913],[38.193824,49.83909],[38.193761,49.839064],[38.193716,49.839104],[38.193779,49.83913]]]}},{"type":"Feature","properties":{"cadnum":"4425487500:02:001:0050"},"geometry":{"type":"Polygon","coordinates":[[[38.191466,49.837618],[38.19097454285714,49.837927],[38.190974,49.837927],[38.19086922058881,49.837993220587876],[38.190798,49.838038],[38.19079836708861,49.838038],[38.190724,49.838085],[38.190881,49.838493],[38.191973,49.838235],[38.191810538961036,49.838038],[38.191811,49.838038],[38.191466,49.837618]]]}},{"type":"Feature","properties":{"cadnum":"4425487500:02:001:0059"},"geometry":{"type":"Polygon","coordinates":[[[38.191672,49.838913],[38.192216,49.838771],[38.192503,49.838635],[38.192849,49.838482],[38.192772,49.838398],[38.192728,49.838354],[38.192584,49.838403],[38.192548,49.838415],[38.192386,49.838478],[38.192112,49.838531],[38.191412,49.838757],[38.191672,49.838913]]]}},{"type":"Feature","properties":{"cadnum":"4425487500:02:001:0016"},"geometry":{"type":"Polygon","coordinates":[[[38.190388,49.839788],[38.19041,49.839779],[38.190397,49.839764],[38.190374,49.839774],[38.190388,49.839788]]]}},{"type":"Feature","properties":{"cadnum":"4425487500:02:001:0018"},"geometry":{"type":"Polygon","coordinates":[[[38.191632,49.839448],[38.191654,49.839443],[38.19165,49.839426],[38.191623,49.839431],[38.191632,49.839448]]]}},{"type":"Feature","properties":{"cadnum":"4425487500:02:001:0017"},"geometry":{"type":"Polygon","coordinates":[[[38.190904,49.839634],[38.190927,49.839626],[38.190881,49.839573],[38.19086,49.839582],[38.190904,49.839634]]]}},{"type":"Feature","properties":{"cadnum":"4425487500:02:001:0019"},"geometry":{"type":"Polygon","coordinates":[[[38.192925,49.839197],[38.193001,49.839186],[38.192997,49.839168],[38.192917,49.839179],[38.192925,49.839197]]]}},{"type":"Feature","properties":{"cadnum":"4425487500:02:001:0022"},"geometry":{"type":"Polygon","coordinates":[[[38.193545,49.838533],[38.193573,49.838531],[38.193567,49.838514],[38.193541,49.838516],[38.193545,49.838533]]]}},{"type":"Feature","properties":{"cadnum":"4425487500:02:001:0056"},"geometry":{"type":"Polygon","coordinates":[[[38.192275,49.83785],[38.191959,49.837412],[38.19151,49.837589],[38.191466,49.837618],[38.19171982142858,49.837927],[38.191719,49.837927],[38.191973,49.838235],[38.192095,49.838209],[38.191965,49.838021],[38.192275,49.83785]]]}},{"type":"Feature","properties":{"cadnum":"4425487500:04:004:0001"},"geometry":{"type":"Polygon","coordinates":[[[38.13055,49.822445],[38.128902,49.822494],[38.128911,49.822639],[38.129024,49.823853],[38.129024,49.823864],[38.12902514380531,49.823864],[38.129118,49.824757],[38.129194,49.825235],[38.129204,49.825879],[38.129181,49.826835],[38.129158,49.826991],[38.129383,49.826989],[38.130928,49.826901],[38.130669367651734,49.823864],[38.13067,49.823864],[38.13055,49.822445]]]}},{"type":"Feature","properties":{"cadnum":"4425487500:04:004:0003"},"geometry":{"type":"Polygon","coordinates":[[[38.133731,49.822352],[38.13359069014157,49.822356126760546],[38.1322,49.822395],[38.132323,49.823864],[38.132323334862384,49.823864],[38.132573,49.826806],[38.133459,49.8267549168242],[38.133459,49.826755],[38.134234,49.82671],[38.13399234032477,49.823864],[38.133993,49.823864],[38.133865,49.822346],[38.133731,49.822352]]]}},{"type":"Feature","properties":{"cadnum":"4425487500:04:004:0040"},"geometry":{"type":"Polygon","coordinates":[[[38.133345,49.82698],[38.131158,49.827092],[38.13115605379747,49.827297],[38.131155,49.827297],[38.13113,49.830442],[38.131219,49.830436],[38.132684,49.830361],[38.133318,49.830326],[38.13334179175704,49.82732328199698],[38.133345,49.82698]]]}},{"type":"Feature","properties":{"cadnum":"4425487500:04:004:0041"},"geometry":{"type":"Polygon","coordinates":[[[38.133631,49.82696582556463],[38.133631,49.826965],[38.133345,49.82698],[38.13334203738318,49.827297],[38.133342,49.827297],[38.13334179175704,49.82732328199698],[38.133341,49.827408],[38.13334112050182,49.827408],[38.133318,49.830326],[38.133631,49.830311],[38.133631,49.83031024363637],[38.134284,49.830277],[38.135514,49.83021],[38.135535906815576,49.82730933846483],[38.13554,49.826864],[38.133631,49.82696582556463]]]}},{"type":"Feature","properties":{"cadnum":"4425487500:04:004:0039"},"geometry":{"type":"Polygon","coordinates":[[[38.131158,49.827092],[38.129068,49.827202],[38.129054,49.827408],[38.12905442332415,49.827408],[38.128839,49.830564],[38.129864,49.830509],[38.13113,49.830442],[38.13115411764706,49.827408],[38.131155,49.827408],[38.131158,49.827092]]]}},{"type":"Feature","properties":{"cadnum":"4425487500:04:004:0002"},"geometry":{"type":"Polygon","coordinates":[[[38.1322,49.822395],[38.131498,49.822416],[38.13055,49.822445],[38.13066069767442,49.823754],[38.13066,49.823754],[38.130928,49.826901],[38.132573,49.826806],[38.132314,49.823754],[38.13231378965283,49.823754],[38.1322,49.822395]]]}},{"type":"Feature","properties":{"cadnum":"4425487500:07:003:0050"},"geometry":{"type":"Polygon","coordinates":[[[38.234782,49.826963],[38.234805,49.826951],[38.234786,49.826939],[38.234769,49.826948],[38.234782,49.826963]]]}},{"type":"Feature","properties":{"cadnum":"4425487500:04:008:0028"},"geometry":{"type":"Polygon","coordinates":[[[38.238001,49.82078450593824],[38.238001,49.820784],[38.236601,49.820819],[38.23658365024631,49.823754],[38.236583,49.823754],[38.236574,49.825641],[38.237666,49.824795],[38.237829,49.82476798857142],[38.237829,49.824769],[38.237841,49.824766],[38.238001,49.824765],[38.238001,49.82476481334981],[38.23865,49.82476],[38.238655,49.823754],[38.23865460381013,49.823754],[38.238671,49.820767],[38.238001,49.82078450593824]]]}},{"type":"Feature","properties":{"cadnum":"4425487500:07:003:0054"},"geometry":{"type":"Polygon","coordinates":[[[38.237531,49.825731],[38.237549,49.825722],[38.237536,49.825707],[38.237513,49.825716],[38.237531,49.825731]]]}},{"type":"Feature","properties":{"cadnum":"4425487500:07:003:0053"},"geometry":{"type":"Polygon","coordinates":[[[38.236939,49.825997],[38.23696,49.825986],[38.236943,49.825971],[38.23692,49.825983],[38.236939,49.825997]]]}},{"type":"Feature","properties":{"cadnum":"4425487500:04:008:0026"},"geometry":{"type":"Polygon","coordinates":[[[38.233687,49.820257],[38.233685,49.82032],[38.2336866332132,49.82032],[38.233666640421404,49.823754],[38.233666,49.823754],[38.23365,49.826815],[38.234316,49.827008],[38.234962,49.826681],[38.234977,49.823754],[38.23497562362205,49.823754],[38.234993,49.820689],[38.234962,49.820631],[38.234922,49.820225],[38.233687,49.820257]]]}},{"type":"Feature","properties":{"cadnum":"4425487500:04:008:0027"},"geometry":{"type":"Polygon","coordinates":[[[38.236601,49.820819],[38.235348,49.820851],[38.235052,49.820793],[38.234993,49.820689],[38.234975,49.823864],[38.234976436282885,49.823864],[38.234962,49.826681],[38.235738,49.82629],[38.236574,49.825641],[38.236582475357714,49.823864],[38.236583,49.823864],[38.236601,49.820819]]]}},{"type":"Feature","properties":{"cadnum":"4425487500:07:003:0052"},"geometry":{"type":"Polygon","coordinates":[[[38.236278,49.826293],[38.236296,49.826281],[38.236283,49.82627],[38.23626,49.826278],[38.236278,49.826293]]]}},{"type":"Feature","properties":{"cadnum":"4425487500:07:003:0049"},"geometry":{"type":"Polygon","coordinates":[[[38.234136,49.827249],[38.234159,49.82724],[38.234145,49.827226],[38.234122,49.827234],[38.234136,49.827249]]]}},{"type":"Feature","properties":{"cadnum":"4425487500:07:003:0051"},"geometry":{"type":"Polygon","coordinates":[[[38.235532,49.826626],[38.235555,49.826615],[38.235537,49.826603],[38.235518,49.826611],[38.235532,49.826626]]]}},{"type":"Feature","properties":{"cadnum":"4425487500:04:008:0052"},"geometry":{"type":"Polygon","coordinates":[[[38.194056,49.83259317998478],[38.19925,49.833446],[38.199377,49.83346638795987],[38.199377,49.833467],[38.201351,49.833777],[38.201104,49.832652],[38.199549,49.83239808569774],[38.199549,49.832398],[38.194056,49.83149914545454],[38.194056,49.831499],[38.193743,49.831447],[38.193884,49.832159833333336],[38.193884,49.832162],[38.193887,49.832175],[38.193994,49.832583],[38.194056,49.832594],[38.194056,49.83259317998478]]]}},{"type":"Feature","properties":{"cadnum":"4425487500:04:001:0306"},"geometry":{"type":"Polygon","coordinates":[[[38.171604,49.85929],[38.17160514516129,49.85929],[38.171572,49.859427],[38.171136,49.861187],[38.171065,49.861511],[38.171855,49.861595],[38.172083,49.860565],[38.172083,49.86056304184101],[38.172364458834416,49.85929],[38.172365,49.85929],[38.172538,49.858512],[38.17198375767888,49.85845189078495],[38.171815,49.858433],[38.171604,49.85929]]]}},{"type":"Feature","properties":{"cadnum":"4425487500:04:001:0004"},"geometry":{"type":"Polygon","coordinates":[[[38.167979,49.858624],[38.16736,49.858459],[38.16693891696751,49.859179],[38.166938,49.859179],[38.166418,49.860073],[38.166418,49.86007374677148],[38.16487319069462,49.862721],[38.164873,49.862721],[38.163954,49.864296],[38.165553,49.86482],[38.16659,49.86274],[38.16659,49.86273904972376],[38.166599,49.862721],[38.16659789576753,49.862721],[38.167333,49.861248],[38.167727,49.860092],[38.167875,49.859179],[38.16787417159763,49.859179],[38.167939,49.858783],[38.167979,49.858624]]]}},{"type":"Feature","properties":{"cadnum":"4425487500:04:001:0280"},"geometry":{"type":"Polygon","coordinates":[[[38.173463,49.856044],[38.173167,49.856012],[38.173086,49.856175],[38.172996,49.856265],[38.172826,49.856331],[38.172543,49.85636],[38.172417,49.856386],[38.172331,49.85645],[38.17199,49.85771],[38.171824,49.85839],[38.171911,49.85839940540541],[38.171911,49.8584],[38.17292,49.858506],[38.173463,49.856044]]]}},{"type":"Feature","properties":{"cadnum":"4425487500:07:005:0003"},"geometry":{"type":"Polygon","coordinates":[[[38.283444,49.818368],[38.282703,49.818391],[38.281946,49.818439128232754],[38.281946,49.818439],[38.281467,49.818469],[38.281383,49.818477],[38.279442,49.82032],[38.279443195839676,49.82032],[38.277484,49.822181],[38.278597,49.822616],[38.278876,49.822702],[38.281501,49.82021],[38.28150054054054,49.82021],[38.28158,49.820135],[38.281775,49.819950122950814],[38.281775,49.819951],[38.283444,49.818368]]]}},{"type":"Feature","properties":{"cadnum":"4425487500:07:005:0002"},"geometry":{"type":"Polygon","coordinates":[[[38.281383,49.818477],[38.280695,49.818559],[38.27963,49.818739],[38.278481,49.818857],[38.276936,49.82032],[38.27693799727149,49.82032],[38.27636434956659,49.82086396347695],[38.275791,49.821407],[38.276281,49.82163986377709],[38.276281,49.821641],[38.276437,49.821714],[38.276453,49.821722],[38.276453,49.821721250807315],[38.277366,49.822135],[38.277484,49.822181],[38.279559,49.82021],[38.279557849158984,49.82021],[38.281383,49.818477]]]}},{"type":"Feature","properties":{"cadnum":"4425487500:07:007:0072"},"geometry":{"type":"Polygon","coordinates":[[[38.314905,49.82008715727003],[38.31517037179487,49.82021],[38.315169,49.82021],[38.318118,49.821575],[38.319219,49.820578],[38.31866163586957,49.82032],[38.318663,49.82032],[38.314734,49.818499],[38.314734,49.81849958386277],[38.313331,49.817848],[38.312226,49.818846],[38.314905,49.820088],[38.314905,49.82008715727003]]]}},{"type":"Feature","properties":{"cadnum":"4425487500:07:007:0135"},"geometry":{"type":"Polygon","coordinates":[[[38.318644,49.817779],[38.318843,49.817768],[38.317306,49.817023],[38.315671,49.81675],[38.31551,49.817489],[38.318644,49.817779]]]}},{"type":"Feature","properties":{"cadnum":"4425487500:07:007:0046"},"geometry":{"type":"Polygon","coordinates":[[[38.31413,49.817545],[38.313709,49.817507],[38.313331,49.817848],[38.314905,49.818579],[38.314905,49.81857825451769],[38.31842566337178,49.82021],[38.318424,49.82021],[38.319219,49.820578],[38.319417,49.820399],[38.31928949642019,49.82028532935574],[38.319107,49.820121],[38.320227,49.81902229952456],[38.320227,49.819023],[38.320369,49.818883],[38.319174,49.81793],[38.31864,49.817962],[38.314905,49.81761680414747],[38.314905,49.817616],[38.31413,49.817545]]]}},{"type":"Feature","properties":{"cadnum":"4425487500:07:007:0030"},"geometry":{"type":"Polygon","coordinates":[[[38.321975,49.816776],[38.32198052617084,49.816776],[38.320398,49.817015157785185],[38.320398,49.817015],[38.318258,49.817339],[38.319057,49.817724],[38.320227,49.81754775838926],[38.320227,49.817548],[38.322839,49.817153],[38.322629,49.816678],[38.321975,49.816776]]]}},{"type":"Feature","properties":{"cadnum":"4425487500:07:007:0141"},"geometry":{"type":"Polygon","coordinates":[[[38.324147,49.819414],[38.32417,49.818944],[38.324151,49.818913],[38.32025864516142,49.819438725806435],[38.320078,49.819463],[38.319485,49.820045],[38.320398,49.819922],[38.320398,49.81992183647959],[38.324147,49.819414]]]}},{"type":"Feature","properties":{"cadnum":"4425487500:07:007:0161"},"geometry":{"type":"Polygon","coordinates":[[[38.322193,49.816295],[38.322022,49.816185],[38.321604,49.815985],[38.320227,49.816174],[38.320227,49.816174019230765],[38.319826,49.816228],[38.318573,49.816396],[38.317351,49.816562],[38.31659970588236,49.816665],[38.316596,49.816665],[38.316359,49.816698],[38.316765,49.816776],[38.31676593939392,49.816776],[38.317392,49.816896],[38.317553,49.816991],[38.31913301710528,49.81675352393899],[38.320227,49.81658961978798],[38.320227,49.81659],[38.322193,49.816295]]]}},{"type":"Feature","properties":{"cadnum":"4425487500:07:007:0162"},"geometry":{"type":"Polygon","coordinates":[[[38.322539,49.816591],[38.322193,49.816295],[38.320398,49.81656434130213],[38.320398,49.816564],[38.3197238726415,49.816665],[38.319722,49.816665],[38.31913301710528,49.81675352393899],[38.318983,49.816776],[38.31898347546014,49.816776],[38.317553,49.816991],[38.318258,49.817339],[38.320227,49.81704088971962],[38.320227,49.817041],[38.322629,49.816678],[38.322539,49.816591]]]}},{"type":"Feature","properties":{"cadnum":"4425487500:07:007:0159"},"geometry":{"type":"Polygon","coordinates":[[[38.323262,49.817684],[38.322862,49.817208],[38.322839,49.817153],[38.320398,49.81752214050536],[38.320398,49.817522],[38.319057,49.817724],[38.319476,49.81793],[38.319835,49.818202],[38.320227,49.81814281705151],[38.320227,49.818143],[38.323262,49.817684]]]}},{"type":"Feature","properties":{"cadnum":"4425487500:04:001:0061"},"geometry":{"type":"Polygon","coordinates":[[[38.188562,49.85507795835942],[38.191585,49.855749],[38.19158796638657,49.855749],[38.192696,49.855995],[38.192768,49.855638],[38.192767749568226,49.855638],[38.193101,49.854012],[38.189342,49.853881],[38.188562,49.85394907570978],[38.188562,49.853949],[38.187971,49.854],[38.187522,49.854846],[38.188391,49.85503985384615],[38.188391,49.85504],[38.18852408333543,49.855069541667135],[38.188562,49.855078],[38.188562,49.85507795835942]]]}},{"type":"Feature","properties":{"cadnum":"4425487500:04:001:0043"},"geometry":{"type":"Polygon","coordinates":[[[38.189781,49.848723],[38.188456,49.848744],[38.18843470516893,49.852096],[38.188434,49.852096],[38.188424,49.853722],[38.188562,49.853728],[38.188562,49.85372764686098],[38.190208,49.853795],[38.19022,49.852096],[38.190219800634736,49.852096],[38.190244,49.848741],[38.189781,49.848723]]]}},{"type":"Feature","properties":{"cadnum":"4425487500:04:001:0266"},"geometry":{"type":"Polygon","coordinates":[[[38.18710100332226,49.855638],[38.187101,49.855638],[38.187099226276224,49.85564134306785],[38.187042,49.855749],[38.187042106986894,49.855749],[38.186858,49.856096],[38.188562,49.856476],[38.188562,49.856474971556885],[38.192399,49.857327],[38.192696,49.855995],[38.191088,49.855638],[38.19108495204512,49.855638],[38.18852408333543,49.855069541667135],[38.187522,49.854846],[38.18710100332226,49.855638]]]}},{"type":"Feature","properties":{"cadnum":"4425487500:04:001:0044"},"geometry":{"type":"Polygon","coordinates":[[[38.192018,49.849178],[38.191749,49.84892],[38.190244,49.848741],[38.190219,49.852207],[38.19021921600942,49.852207],[38.190208,49.853795],[38.191986,49.853867],[38.191998,49.852096],[38.19199776956091,49.852096],[38.192018,49.849178]]]}},{"type":"Feature","properties":{"cadnum":"4425487500:04:001:0293"},"geometry":{"type":"Polygon","coordinates":[[[38.193774,49.851744],[38.193724,49.8508],[38.192018,49.849178],[38.191997,49.852207],[38.19199724788255,49.852207],[38.191986,49.853867],[38.193074,49.853913],[38.193581,49.854012],[38.1936,49.853763],[38.193707,49.85345],[38.19375473707533,49.852207],[38.193755,49.852207],[38.193774,49.851744]]]}},{"type":"Feature","properties":{"cadnum":"4425487500:07:004:0024"},"geometry":{"type":"Polygon","coordinates":[[[38.265467,49.809129429259485],[38.268617,49.809412],[38.268653,49.809235],[38.268649,49.80875],[38.26876,49.807702],[38.265295,49.807368],[38.265295,49.80736821115538],[38.264965,49.807336],[38.264682,49.808583],[38.264575,49.809049],[38.265467,49.80913],[38.265467,49.809129429259485]]]}},{"type":"Feature","properties":{"cadnum":"4425487500:07:008:0002"},"geometry":{"type":"Polygon","coordinates":[[[38.30929030457159,49.834276093848715],[38.309412,49.834216],[38.309412,49.83421584157631],[38.313021,49.832429],[38.310654,49.83119],[38.309412,49.831947145685994],[38.309412,49.831947],[38.30927159776649,49.83203273742948],[38.30924,49.832052],[38.30924,49.83205203278688],[38.309168,49.832096],[38.307317,49.832946],[38.30592,49.833554],[38.304945,49.833858],[38.305698,49.834495],[38.3056986157365,49.834495],[38.306863,49.835477],[38.308273,49.834779],[38.30884675189874,49.834495],[38.308847,49.834495],[38.30924,49.83430093451327],[38.30924,49.834301],[38.30929030457159,49.834276093848715]]]}},{"type":"Feature","properties":{"cadnum":"4425487500:07:008:0045"},"geometry":{"type":"Polygon","coordinates":[[[38.314905,49.83378233333333],[38.314905,49.833782],[38.314674,49.833901],[38.314734,49.83394463636364],[38.314734,49.833945],[38.315337425454544,49.834384],[38.315337,49.834384],[38.320275,49.837975],[38.321713,49.837265],[38.320227,49.836184],[38.320227,49.83618557763506],[38.3179035529595,49.834495],[38.317904,49.834495],[38.316084,49.833171],[38.314905,49.83378233333333]]]}},{"type":"Feature","properties":{"cadnum":"4425487500:07:008:0050"},"geometry":{"type":"Polygon","coordinates":[[[38.317571,49.832398],[38.317638,49.832363],[38.316767,49.832238],[38.315631,49.832186],[38.314905,49.83232440133779],[38.314905,49.832324],[38.31476722222174,49.83235066666676],[38.314734,49.832357],[38.314734,49.832357096774196],[38.314719,49.83236],[38.31321,49.832534],[38.313021,49.832429],[38.309290304571334,49.83427609384884],[38.309071784946234,49.834384],[38.309071,49.834384],[38.308273,49.834779],[38.30924,49.83559487971905],[38.30924,49.835596],[38.310065,49.836291],[38.31048,49.83608],[38.311503,49.835547],[38.312531,49.835014],[38.313577,49.834469],[38.314674,49.833901],[38.314734,49.83387009090909],[38.314734,49.833871],[38.316084,49.833171],[38.317571,49.832398]]]}},{"type":"Feature","properties":{"cadnum":"4425487500:04:002:0068"},"geometry":{"type":"Polygon","coordinates":[[[38.123648,49.849922],[38.123185,49.850429],[38.123049,49.850606],[38.127024,49.852207],[38.12702512142856,49.852207],[38.127966,49.85258660518733],[38.127966,49.852587],[38.131957,49.854194],[38.13246,49.853589],[38.132531,49.853502],[38.129041,49.852096],[38.12904054044118,49.852096],[38.128138,49.85173230962963],[38.128138,49.851732],[38.123648,49.849922]]]}},{"type":"Feature","properties":{"cadnum":"4425487500:04:008:0108"},"geometry":{"type":"Polygon","coordinates":[[[38.220544,49.834411],[38.220562,49.8344],[38.220549,49.834385],[38.220526,49.834396],[38.220544,49.834411]]]}},{"type":"Feature","properties":{"cadnum":"4425487500:04:008:0109"},"geometry":{"type":"Polygon","coordinates":[[[38.2212,49.834075],[38.221222,49.834067],[38.221205,49.834052],[38.221186,49.834063],[38.2212,49.834075]]]}},{"type":"Feature","properties":{"cadnum":"4425487500:07:003:0024"},"geometry":{"type":"Polygon","coordinates":[[[38.221878,49.833973],[38.221521,49.834160289772726],[38.221521,49.83416],[38.221092870967745,49.834384],[38.221092,49.834384],[38.221047,49.834408],[38.220874,49.834495],[38.22087415486727,49.834495],[38.219251,49.835312],[38.217764,49.836045],[38.216028,49.836953533029615],[38.216028,49.836953],[38.216008,49.836964],[38.215599,49.83723],[38.215393,49.837522],[38.21545,49.83763],[38.215857,49.837832644957984],[38.215857,49.837833],[38.215926,49.837867],[38.216028,49.837902],[38.216028,49.83790146416383],[38.216219,49.837966],[38.221521,49.835203],[38.221521,49.83520286796785],[38.22302323685676,49.834419842097624],[38.22314,49.834359],[38.221878,49.833973]]]}},{"type":"Feature","properties":{"cadnum":"4425487500:07:003:0011"},"geometry":{"type":"Polygon","coordinates":[[[38.233102,49.837262],[38.233004,49.837316],[38.235514,49.838038],[38.235516307407394,49.838038],[38.237829,49.838702519687835],[38.237829,49.838703],[38.237949,49.838737],[38.238001,49.838706],[38.238001,49.83870544943821],[38.239141600003606,49.83801339999781],[38.239507,49.837792],[38.237829,49.837311],[38.237829,49.83731154620365],[38.234603,49.836384],[38.233102,49.837262]]]}},{"type":"Feature","properties":{"cadnum":"4425487500:07:003:0004"},"geometry":{"type":"Polygon","coordinates":[[[38.238001,49.840098],[38.236507,49.839669],[38.235083,49.840526],[38.237829,49.841315545579164],[38.237829,49.841316],[38.238752,49.841581],[38.238752392405054,49.841581],[38.240841,49.842181],[38.241363,49.841842],[38.241760814516134,49.841581],[38.241761,49.841581],[38.242189,49.8413],[38.238001,49.84009835137615],[38.238001,49.840098]]]}},{"type":"Feature","properties":{"cadnum":"4425487500:04:001:0242"},"geometry":{"type":"Polygon","coordinates":[[[38.160159,49.863755],[38.160173,49.863697],[38.160146,49.863695],[38.160136,49.863738],[38.160069,49.863732],[38.160065,49.863749],[38.160159,49.863755]]]}},{"type":"Feature","properties":{"cadnum":"4425487500:04:001:0241"},"geometry":{"type":"Polygon","coordinates":[[[38.160105,49.863161],[38.160105,49.863144],[38.160079,49.863144],[38.160079,49.863161],[38.160105,49.863161]]]}},{"type":"Feature","properties":{"cadnum":"4425487500:04:001:0243"},"geometry":{"type":"Polygon","coordinates":[[[38.159966,49.864334],[38.15997,49.864317],[38.159949,49.864314],[38.159939,49.864328],[38.159966,49.864334]]]}},{"type":"Feature","properties":{"cadnum":"4425487500:04:001:0245"},"geometry":{"type":"Polygon","coordinates":[[[38.159562,49.865533],[38.15957,49.865519],[38.159544,49.865513],[38.15954,49.86553],[38.159562,49.865533]]]}},{"type":"Feature","properties":{"cadnum":"4425487500:04:001:0316"},"geometry":{"type":"Polygon","coordinates":[[[38.161097,49.863407],[38.160748,49.863292],[38.160667,49.863446],[38.160088,49.864717],[38.160079,49.864728],[38.160925,49.865006398821215],[38.160925,49.865007],[38.164735085714284,49.866261],[38.164734,49.866261],[38.164966,49.866337],[38.165203,49.865863],[38.165509,49.86489],[38.165532,49.864864],[38.161097,49.86340748708487],[38.161097,49.863407]]]}},{"type":"Feature","properties":{"cadnum":"4425487500:04:001:0244"},"geometry":{"type":"Polygon","coordinates":[[[38.159759,49.864951],[38.159764,49.864934],[38.159742,49.864931],[38.159733,49.864948],[38.159759,49.864951]]]}},{"type":"Feature","properties":{"cadnum":"4425487500:04:001:0246"},"geometry":{"type":"Polygon","coordinates":[[[38.159364,49.866129],[38.159369,49.866112],[38.159346,49.866109],[38.159337,49.866124],[38.159364,49.866129]]]}},{"type":"Feature","properties":{"cadnum":"4425487500:04:008:0130"},"geometry":{"type":"Polygon","coordinates":[[[38.232136,49.805102],[38.232105,49.804962],[38.228153,49.805371],[38.228175,49.805432],[38.227015,49.80562446246246],[38.227015,49.805624],[38.22455596696037,49.806031],[38.224554,49.806031],[38.224272,49.806078],[38.223884,49.806142],[38.2238854206549,49.806142],[38.221874,49.806475],[38.222305,49.807432],[38.226843,49.80668241104034],[38.226843,49.806683],[38.23011472239262,49.806142],[38.230115,49.806142],[38.232415,49.805762],[38.232136,49.805102]]]}},{"type":"Feature","properties":{"cadnum":"4425487500:04:008:0078"},"geometry":{"type":"Polygon","coordinates":[[[38.233426,49.808563],[38.233282,49.807618],[38.233214,49.807476],[38.232508,49.80759259453303],[38.232508,49.807592],[38.227015,49.808500550926745],[38.227015,49.8085],[38.223096,49.809148],[38.22323,49.809444],[38.226843,49.80946977305152],[38.226843,49.80947],[38.229419,49.809487],[38.232336,49.80881464519262],[38.232336,49.808815],[38.233426,49.808563]]]}},{"type":"Feature","properties":{"cadnum":"4425487500:04:008:0080"},"geometry":{"type":"Polygon","coordinates":[[[38.232358,49.8056],[38.22974814391146,49.806031],[38.229746,49.806031],[38.226843,49.806511],[38.226843,49.806511390100674],[38.222247,49.80727],[38.222668,49.808209],[38.226843,49.8075194094778],[38.226843,49.80752],[38.232336,49.80661144907326],[38.232336,49.806612],[38.232775,49.806539],[38.23258782878412,49.806142],[38.232588,49.806142],[38.232585,49.806136],[38.232508,49.80595418502204],[38.232508,49.805953],[38.232358,49.8056]]]}},{"type":"Feature","properties":{"cadnum":"4425487500:04:008:0079"},"geometry":{"type":"Polygon","coordinates":[[[38.233214,49.807476],[38.232775,49.806539],[38.232508,49.80658339863326],[38.232508,49.806583],[38.227015,49.80749155092674],[38.227015,49.807491],[38.222668,49.808209],[38.223096,49.809148],[38.226843,49.808528439908144],[38.226843,49.808529],[38.232336,49.807620449073255],[38.232336,49.807621],[38.233214,49.807476]]]}},{"type":"Feature","properties":{"cadnum":"4425487500:07:008:0008"},"geometry":{"type":"Polygon","coordinates":[[[38.29796,49.840193],[38.295857734149855,49.84147],[38.295857,49.84147],[38.293716,49.842771],[38.293811,49.842815],[38.295041,49.843542],[38.298254,49.841588571935006],[38.298254,49.841589],[38.29827223760316,49.84157781301662],[38.299281,49.840964],[38.298426,49.840465319376825],[38.298426,49.840465],[38.29796,49.840193]]]}},{"type":"Feature","properties":{"cadnum":"4425487500:04:004:0149"},"geometry":{"type":"Polygon","coordinates":[[[38.153413,49.821776],[38.153413,49.821758],[38.153387,49.821761],[38.153387,49.821776],[38.153413,49.821776]]]}},{"type":"Feature","properties":{"cadnum":"4425487500:04:004:0146"},"geometry":{"type":"Polygon","coordinates":[[[38.153641,49.823306],[38.153641,49.823288],[38.153615,49.823291],[38.15362,49.823306],[38.153641,49.823306]]]}},{"type":"Feature","properties":{"cadnum":"4425487500:04:004:0148"},"geometry":{"type":"Polygon","coordinates":[[[38.153463,49.822266],[38.15349,49.822262],[38.153484,49.822245],[38.153458,49.822247],[38.153463,49.822266]]]}},{"type":"Feature","properties":{"cadnum":"4425487500:04:004:0174"},"geometry":{"type":"Polygon","coordinates":[[[38.15401,49.822798],[38.154037,49.822795],[38.154033,49.822778],[38.15401,49.822781],[38.15401,49.822798]]]}},{"type":"Feature","properties":{"cadnum":"4425487500:04:004:0178"},"geometry":{"type":"Polygon","coordinates":[[[38.153691,49.820735],[38.153714,49.820732],[38.153714,49.820715],[38.153687,49.820718],[38.153691,49.820735]]]}},{"type":"Feature","properties":{"cadnum":"4425487500:04:004:0173"},"geometry":{"type":"Polygon","coordinates":[[[38.154083,49.823254],[38.154109,49.82325],[38.154104,49.823233],[38.154077,49.823235],[38.154083,49.823254]]]}},{"type":"Feature","properties":{"cadnum":"4425487500:04:004:0151"},"geometry":{"type":"Polygon","coordinates":[[[38.153238,49.820764],[38.15326,49.820761],[38.15326,49.820744],[38.153234,49.820747],[38.153238,49.820764]]]}},{"type":"Feature","properties":{"cadnum":"4425487500:04:004:0176"},"geometry":{"type":"Polygon","coordinates":[[[38.153857,49.821807],[38.153884,49.821804],[38.15388,49.821787],[38.153853,49.82179],[38.153857,49.821807]]]}},{"type":"Feature","properties":{"cadnum":"4425487500:04:004:0175"},"geometry":{"type":"Polygon","coordinates":[[[38.15397,49.822361],[38.153966,49.822343],[38.153939,49.822346],[38.153943,49.822361],[38.15397,49.822361]]]}},{"type":"Feature","properties":{"cadnum":"4425487500:04:004:0147"},"geometry":{"type":"Polygon","coordinates":[[[38.153538,49.822795],[38.153566,49.822792],[38.153566,49.822775],[38.153538,49.822778],[38.153538,49.822795]]]}},{"type":"Feature","properties":{"cadnum":"4425487500:04:004:0150"},"geometry":{"type":"Polygon","coordinates":[[[38.153341,49.821295],[38.153337,49.821277],[38.153314,49.82128],[38.153314,49.821295],[38.153341,49.821295]]]}},{"type":"Feature","properties":{"cadnum":"4425487500:04:004:0177"},"geometry":{"type":"Polygon","coordinates":[[[38.153773,49.821254],[38.153794,49.821251],[38.153794,49.821237],[38.153767,49.821237],[38.153773,49.821254]]]}},{"type":"Feature","properties":{"cadnum":"4425487500:04:004:0053"},"geometry":{"type":"Polygon","coordinates":[[[38.161601,49.822034],[38.161606,49.820969],[38.161516,49.820969],[38.160925,49.820994],[38.160925,49.820995286849076],[38.155603,49.82122075551633],[38.155603,49.82122],[38.153987,49.821289],[38.154117,49.822343],[38.155432,49.82228901951548],[38.155432,49.82229],[38.161097,49.822055],[38.161097,49.822054875739646],[38.161601,49.822034]]]}},{"type":"Feature","properties":{"cadnum":"4425487500:04:004:0052"},"geometry":{"type":"Polygon","coordinates":[[[38.161591,49.823074],[38.161597,49.822131],[38.161601,49.822034],[38.160925,49.822062],[38.160925,49.822062135039715],[38.155603,49.82228290644307],[38.155603,49.822282],[38.154117,49.822343],[38.154249,49.823378],[38.155432,49.82332994608567],[38.155432,49.82333],[38.155483894212,49.82332783812285],[38.155603,49.823323],[38.155603,49.82332287625772],[38.16107284221474,49.8230950063967],[38.161591,49.823074]]]}},{"type":"Feature","properties":{"cadnum":"4425487500:04:004:0172"},"geometry":{"type":"Polygon","coordinates":[[[38.154154,49.823703],[38.15418,49.823699],[38.154176,49.823682],[38.15415,49.823685],[38.154154,49.823703]]]}},{"type":"Feature","properties":{"cadnum":"4425487500:07:001:0001"},"geometry":{"type":"Polygon","coordinates":[[[38.269857,49.866378],[38.268766,49.866798],[38.269574,49.867663],[38.270032,49.868023],[38.268317,49.868908],[38.26922,49.869913],[38.269221163179914,49.869913],[38.269768,49.870519],[38.27083973887241,49.869913],[38.27084,49.869913],[38.271137,49.869745],[38.271825,49.869349],[38.272359,49.869051],[38.27096,49.867556714831316],[38.27096,49.867556],[38.269857,49.866378]]]}},{"type":"Feature","properties":{"cadnum":"4425487500:07:002:0019"},"geometry":{"type":"Polygon","coordinates":[[[38.245814,49.847935],[38.24372890273972,49.848554],[38.243726,49.848554],[38.2433991286748,49.84865189958007],[38.243355,49.848665],[38.24335538842975,49.848665],[38.243338697799146,49.84866999892649],[38.242103,49.849036],[38.242759,49.84994],[38.243212,49.850554],[38.243322,49.850521624113476],[38.243322,49.850522],[38.24344441960745,49.85048559281057],[38.243494,49.850471],[38.243494,49.85047084776457],[38.246856,49.849471],[38.246234,49.848554],[38.24623373287671,49.848554],[38.245814,49.847935]]]}},{"type":"Feature","properties":{"cadnum":"4425487500:07:002:0011"},"geometry":{"type":"Polygon","coordinates":[[[38.25309,49.850623],[38.252066,49.849251],[38.248816,49.850025],[38.248816,49.85002565517241],[38.247885,49.850247],[38.248881,49.851625],[38.248987,49.8516],[38.248987,49.85159976550249],[38.25309,49.850623]]]}},{"type":"Feature","properties":{"cadnum":"4425487500:07:002:0022"},"geometry":{"type":"Polygon","coordinates":[[[38.245822,49.846505],[38.245158,49.846462],[38.246745,49.848665],[38.246746214843746,49.848665],[38.246851,49.84881],[38.247399,49.84868],[38.24738816666667,49.848665],[38.247389,49.848665],[38.245822,49.846505]]]}},{"type":"Feature","properties":{"cadnum":"4425487500:04:001:0260"},"geometry":{"type":"Polygon","coordinates":[[[38.171002,49.867753],[38.167023,49.866734],[38.1666,49.867652],[38.166555,49.868034],[38.166367,49.868781],[38.166155,49.869294],[38.166061,49.86941],[38.16659,49.869544],[38.16659,49.869543849382715],[38.168038,49.869913],[38.168039734042544,49.869913],[38.168711,49.870084],[38.169461,49.870275],[38.16968141437633,49.869913],[38.169682,49.869913],[38.171002,49.867753]]]}},{"type":"Feature","properties":{"cadnum":"4425487500:04:001:0259"},"geometry":{"type":"Polygon","coordinates":[[[38.169749833333334,49.869802],[38.169749,49.869802],[38.169461,49.870275],[38.171105,49.870695],[38.171911,49.87090020858896],[38.171911,49.870901],[38.17205727889917,49.87093745137617],[38.172083,49.870944],[38.172083,49.87094386084143],[38.17222,49.870978],[38.17286932397959,49.869913],[38.17287,49.869913],[38.173759,49.868457],[38.17196485792637,49.86799972677669],[38.171002,49.867753],[38.169749833333334,49.869802]]]}},{"type":"Feature","properties":{"cadnum":"4425487500:04:001:0116"},"geometry":{"type":"Polygon","coordinates":[[[38.197309,49.866854],[38.196541,49.866772],[38.196007,49.866714],[38.195323,49.869913],[38.19532331764706,49.869913],[38.194676,49.872947],[38.195953,49.873199],[38.196679,49.869802],[38.196678731284734,49.869802],[38.197309,49.866854]]]}},{"type":"Feature","properties":{"cadnum":"4425487500:04:001:0117"},"geometry":{"type":"Polygon","coordinates":[[[38.19868,49.867],[38.197789,49.866905],[38.197309,49.866854],[38.196655,49.869913],[38.196655277303506,49.869913],[38.195953,49.873199],[38.196397,49.873289],[38.196923,49.873245],[38.197156,49.87304],[38.197502,49.872504],[38.19808,49.869802],[38.19807977754892,49.869802],[38.19868,49.867]]]}},{"type":"Feature","properties":{"cadnum":"4425487500:04:001:0115"},"geometry":{"type":"Polygon","coordinates":[[[38.196007,49.866714],[38.194682,49.866573],[38.193990761976046,49.869802],[38.19399,49.869802],[38.193374,49.87268],[38.193884,49.87278843853821],[38.193884,49.872789],[38.193976,49.872808],[38.194056,49.872825],[38.194056,49.87282388571428],[38.194676,49.872947],[38.195347,49.869802],[38.195346733666774,49.869802],[38.196007,49.866714]]]}},{"type":"Feature","properties":{"cadnum":"4425487500:04:001:0118"},"geometry":{"type":"Polygon","coordinates":[[[38.199043,49.867039],[38.19868,49.867],[38.198056,49.869913],[38.198056255366396,49.869913],[38.197502,49.872504],[38.197996,49.871737],[38.198238,49.871444],[38.199549,49.870638],[38.199549,49.8706369494382],[38.200089,49.870304],[38.200213621513946,49.869913],[38.200214,49.869913],[38.200722,49.868324],[38.200848,49.867232],[38.199549,49.867093357579876],[38.199549,49.867093],[38.199043,49.867039]]]}},{"type":"Feature","properties":{"cadnum":"4425487500:04:001:0114"},"geometry":{"type":"Polygon","coordinates":[[[38.194056,49.869497251748236],[38.194682,49.866573],[38.194152,49.866515],[38.193884,49.866486],[38.193884,49.86648658031837],[38.193365,49.866431],[38.192621,49.869913],[38.19262129043411,49.869913],[38.192089,49.872405],[38.193374,49.87268],[38.193884,49.87029724025975],[38.193884,49.870301],[38.19396642084168,49.869913],[38.193967,49.869913],[38.194031490195904,49.869611745098844],[38.194056,49.869499],[38.194056,49.869497251748236]]]}},{"type":"Feature","properties":{"cadnum":"4425487500:04:001:0265"},"geometry":{"type":"Polygon","coordinates":[[[38.195934,49.874304],[38.196105,49.87407],[38.196114,49.873598],[38.195871,49.873418],[38.195768,49.873399],[38.193884,49.874652],[38.193884,49.8746523096914],[38.190529019959264,49.876882],[38.190528,49.876882],[38.188874,49.877984],[38.190923,49.878417],[38.19121,49.878027],[38.191753,49.877587],[38.192126,49.877595],[38.19303784199987,49.87696194903028],[38.193523,49.876626],[38.193884,49.87627854596623],[38.193884,49.876279],[38.195934,49.874304]]]}},{"type":"Feature","properties":{"cadnum":"4425487500:04:001:0150"},"geometry":{"type":"Polygon","coordinates":[[[38.199177,49.872564],[38.198057,49.873453],[38.19805825,49.873453],[38.197992,49.873506],[38.197565,49.874059],[38.197022,49.875202],[38.197569,49.875486],[38.199057,49.87572],[38.199549,49.875725],[38.199549,49.875724705785125],[38.199982,49.875729],[38.200728,49.875651],[38.201563,49.875555],[38.202116,49.875433],[38.199974,49.873342],[38.19997327705628,49.873342],[38.199549,49.87292788169014],[38.199549,49.872927],[38.199177,49.872564]]]}},{"type":"Feature","properties":{"cadnum":"4425487500:04:005:0005"},"geometry":{"type":"Polygon","coordinates":[[[38.155021,49.802324],[38.155165,49.802176],[38.155182,49.802118],[38.155196,49.802061],[38.155084,49.802003],[38.152932,49.802081],[38.152723,49.802597],[38.15272324781182,49.802597],[38.151294,49.806142],[38.15129432200358,49.806142],[38.150664,49.807708],[38.151041,49.807904],[38.151926,49.808385],[38.152326,49.808585],[38.152551,49.808348],[38.152725,49.808035],[38.152802,49.807667],[38.152815,49.806638],[38.15288282207578,49.806142],[38.152884,49.806142],[38.153004,49.805272],[38.15318,49.804707],[38.153647,49.804078],[38.15436,49.803284],[38.154549,49.803],[38.154733,49.802603],[38.154854,49.802486],[38.15485306593406,49.802486],[38.155021,49.802324]]]}},{"type":"Feature","properties":{"cadnum":"4425487500:04:002:0029"},"geometry":{"type":"Polygon","coordinates":[[[38.122644,49.84488761937244],[38.123206,49.845123],[38.12320713943219,49.845123],[38.126728,49.846597],[38.127569,49.845728],[38.125858,49.845012],[38.125856748526516,49.845012],[38.122473,49.843596],[38.122473,49.84359636],[38.121694,49.84327],[38.120611,49.843878],[38.120449,49.843967],[38.122644,49.844888],[38.122644,49.84488761937244]]]}},{"type":"Feature","properties":{"cadnum":"4425487500:04:002:0031"},"geometry":{"type":"Polygon","coordinates":[[[38.128138,49.84455388059702],[38.128502,49.844706],[38.128655,49.844402],[38.129594,49.843536],[38.127966,49.842855],[38.127966,49.842855028733915],[38.124797,49.841529],[38.123332,49.842348],[38.123135,49.842458],[38.127966,49.8444819408355],[38.127966,49.844482],[38.12802298850301,49.84450581609081],[38.128138,49.844554],[38.128138,49.84455388059702]]]}},{"type":"Feature","properties":{"cadnum":"4425487500:04:002:0030"},"geometry":{"type":"Polygon","coordinates":[[[38.126122,49.845123],[38.126123252793306,49.845123],[38.127569,49.845728],[38.127966,49.84531634797891],[38.127966,49.845317],[38.12805163794497,49.8452275494068],[38.128138,49.845138],[38.128138,49.845137342465755],[38.12822894174728,49.84504235194205],[38.128439,49.844825],[38.128502,49.844706],[38.12802298850301,49.84450581609081],[38.123135,49.842458],[38.122644,49.84273613444108],[38.122644,49.842736],[38.121923,49.843142],[38.121694,49.84327],[38.122644,49.843668],[38.122644,49.84366755850918],[38.126122,49.845123]]]}},{"type":"Feature","properties":{"cadnum":"4425487500:04:002:0028"},"geometry":{"type":"Polygon","coordinates":[[[38.11938,49.844567],[38.119286,49.84462],[38.120489,49.845123],[38.120489172754205,49.845123],[38.122644,49.846025],[38.122644,49.84602450014388],[38.125948,49.847406],[38.126728,49.846597],[38.122942,49.845012],[38.12294097394136,49.845012],[38.122473,49.844816],[38.122473,49.844816250113894],[38.120449,49.843967],[38.11938,49.844567]]]}},{"type":"Feature","properties":{"cadnum":"4425487500:04:008:0050"},"geometry":{"type":"Polygon","coordinates":[[[38.199549,49.82203020617828],[38.205042,49.822931],[38.205042,49.8229301691974],[38.206714,49.823204],[38.206651,49.822946],[38.206458,49.822172],[38.20487,49.821912],[38.20487,49.82191285454546],[38.199377,49.821014],[38.199377,49.82101485454546],[38.198504,49.820872],[38.198531,49.820999],[38.198733,49.821897],[38.199549,49.822031],[38.199549,49.82203020617828]]]}},{"type":"Feature","properties":{"cadnum":"4425487500:03:001:0054"},"geometry":{"type":"Polygon","coordinates":[[[38.150534,49.813844],[38.150543,49.813829],[38.150454,49.813814],[38.150444,49.813831],[38.150534,49.813844]]]}},{"type":"Feature","properties":{"cadnum":"4425487500:03:001:0052"},"geometry":{"type":"Polygon","coordinates":[[[38.151374,49.814806],[38.151396,49.814797],[38.151383,49.814782],[38.15136,49.814791],[38.151374,49.814806]]]}},{"type":"Feature","properties":{"cadnum":"4425487500:03:001:0190"},"geometry":{"type":"Polygon","coordinates":[[[38.153031,49.815861],[38.153049,49.815704],[38.152649,49.815698],[38.152461,49.815695],[38.151289,49.815669],[38.15141,49.81582],[38.152456,49.815837],[38.152591,49.815843],[38.153031,49.815861]],[[38.152249,49.815736],[38.152236,49.815721],[38.152259,49.815713],[38.152272,49.815727],[38.152249,49.815736]]]}},{"type":"Feature","properties":{"cadnum":"4425487500:03:001:0048"},"geometry":{"type":"Polygon","coordinates":[[[38.152978,49.816594],[38.153067,49.816574],[38.153035,49.816516],[38.153008,49.816524],[38.153035,49.816562],[38.152968,49.816579],[38.152978,49.816594]]]}},{"type":"Feature","properties":{"cadnum":"4425487500:03:001:0005"},"geometry":{"type":"Polygon","coordinates":[[[38.150488,49.815493],[38.150507,49.815481],[38.150488,49.81547],[38.150471,49.815481],[38.150488,49.815493]]]}},{"type":"Feature","properties":{"cadnum":"4425487500:03:001:0051"},"geometry":{"type":"Polygon","coordinates":[[[38.151756,49.815212],[38.151779,49.815203],[38.151765,49.815188],[38.151742,49.815197],[38.151756,49.815212]]]}},{"type":"Feature","properties":{"cadnum":"4425487500:03:001:0050"},"geometry":{"type":"Polygon","coordinates":[[[38.152249,49.815736],[38.152272,49.815727],[38.152259,49.815713],[38.152236,49.815721],[38.152249,49.815736]]]}},{"type":"Feature","properties":{"cadnum":"4425487500:03:001:0004"},"geometry":{"type":"Polygon","coordinates":[[[38.151033,49.815843],[38.151054,49.815831],[38.151033,49.81582],[38.151014,49.815831],[38.151033,49.815843]]]}},{"type":"Feature","properties":{"cadnum":"4425487500:03:001:0002"},"geometry":{"type":"Polygon","coordinates":[[[38.152039,49.816492],[38.152056,49.816481],[38.152039,49.816469],[38.15202,49.816481],[38.152039,49.816492]]]}},{"type":"Feature","properties":{"cadnum":"4425487500:03:001:0053"},"geometry":{"type":"Polygon","coordinates":[[[38.150911,49.814319],[38.150934,49.81431],[38.15092,49.814295],[38.150897,49.814304],[38.150911,49.814319]]]}},{"type":"Feature","properties":{"cadnum":"4425487500:03:001:0055"},"geometry":{"type":"Polygon","coordinates":[[[38.150857,49.813304],[38.150867,49.81329],[38.150844,49.813281],[38.15083,49.813298],[38.150857,49.813304]]]}},{"type":"Feature","properties":{"cadnum":"4425487500:03:001:0003"},"geometry":{"type":"Polygon","coordinates":[[[38.151522,49.816159],[38.15154,49.816145],[38.151522,49.816133],[38.151504,49.816147],[38.151522,49.816159]]]}},{"type":"Feature","properties":{"cadnum":"4425487500:03:001:0049"},"geometry":{"type":"Polygon","coordinates":[[[38.152591,49.816095],[38.152614,49.816087],[38.152595,49.816072],[38.152578,49.81608],[38.152591,49.816095]]]}},{"type":"Feature","properties":{"cadnum":"4425487500:04:001:0112"},"geometry":{"type":"Polygon","coordinates":[[[38.192068,49.866292],[38.191786,49.866261],[38.19178147142858,49.866261],[38.190774,49.866152],[38.19075021818182,49.866261],[38.19075,49.866261],[38.19073921519007,49.86631143037882],[38.190726,49.866372],[38.190726262048194,49.866372],[38.189992737951805,49.869802],[38.189992,49.869802],[38.189552,49.871864],[38.190818,49.872137],[38.191317,49.869802],[38.19131675724938,49.869802],[38.192050877658104,49.866372],[38.192051,49.866372],[38.192068,49.866292]]]}},{"type":"Feature","properties":{"cadnum":"4425487500:04:001:0025"},"geometry":{"type":"Polygon","coordinates":[[[38.189655,49.866439],[38.188562,49.86849615743672],[38.188562,49.868495],[38.18786610084626,49.869802],[38.187866,49.869802],[38.187830195085084,49.869869436250795],[38.187807,49.869913],[38.18780706514658,49.869913],[38.187051,49.871337],[38.188286,49.871609],[38.188391,49.87163296739131],[38.188391,49.871634],[38.18913,49.8718],[38.18953233333334,49.869913],[38.189533,49.869913],[38.190248,49.866573],[38.189655,49.866439]]]}},{"type":"Feature","properties":{"cadnum":"4425487500:04:001:0113"},"geometry":{"type":"Polygon","coordinates":[[[38.192068,49.866292],[38.191293,49.869913],[38.191293278800856,49.869913],[38.190818,49.872137],[38.192089,49.872405],[38.192645,49.869802],[38.192644717403795,49.869802],[38.193365,49.866431],[38.193051,49.866399],[38.192802953271,49.866372],[38.192804,49.866372],[38.192068,49.866292]]]}},{"type":"Feature","properties":{"cadnum":"4425487500:07:007:0103"},"geometry":{"type":"Polygon","coordinates":[[[38.305947,49.811777],[38.30843,49.810713],[38.307339,49.810415],[38.304937,49.811444],[38.305947,49.811777]]]}},{"type":"Feature","properties":{"cadnum":"4425487500:07:007:0104"},"geometry":{"type":"Polygon","coordinates":[[[38.304937,49.811444],[38.303747,49.811954],[38.303747,49.81195433102253],[38.303342,49.812127],[38.303289,49.812166],[38.302587,49.81271],[38.302385,49.813029],[38.3023386993464,49.813121],[38.302338,49.813121],[38.302308,49.813182],[38.301266,49.814241],[38.30057,49.814924],[38.301612,49.81544],[38.303919,49.813491],[38.303919,49.813490548440065],[38.304224739805825,49.813232],[38.304225,49.813232],[38.305947,49.811777],[38.304937,49.811444]]]}},{"type":"Feature","properties":{"cadnum":"4425487500:07:007:0118"},"geometry":{"type":"Polygon","coordinates":[[[38.308705,49.810826],[38.308386,49.810733],[38.307775,49.810995],[38.30536673714796,49.813121],[38.305366,49.813121],[38.304361,49.814009],[38.304419,49.814032],[38.304868,49.814211],[38.306103,49.813121],[38.306102855361594,49.813121],[38.308705,49.810826]]]}},{"type":"Feature","properties":{"cadnum":"4425487500:07:007:0119"},"geometry":{"type":"Polygon","coordinates":[[[38.309172,49.811049],[38.308866,49.810873],[38.308705,49.810826],[38.305977,49.813232],[38.30597723394496,49.813232],[38.304868,49.814211],[38.30491,49.814229],[38.305363,49.814411],[38.30669828604651,49.813232],[38.306699,49.813232],[38.309172,49.811049]]]}},{"type":"Feature","properties":{"cadnum":"4425487500:07:007:0117"},"geometry":{"type":"Polygon","coordinates":[[[38.307775,49.810995],[38.305947,49.811777],[38.30435636907217,49.813121],[38.304356,49.813121],[38.303747,49.813637],[38.303747,49.81363744117647],[38.303647,49.813722],[38.30381438461719,49.813789076923804],[38.303966,49.81385],[38.304361,49.814009],[38.305240375000004,49.813232],[38.305241,49.813232],[38.307775,49.810995]]]}},{"type":"Feature","properties":{"cadnum":"4425487500:07:001:0060"},"geometry":{"type":"Polygon","coordinates":[[[38.257757,49.87418],[38.257788,49.874171],[38.257774,49.874151],[38.257743,49.87416],[38.257757,49.87418]]]}},{"type":"Feature","properties":{"cadnum":"4425487500:07:008:0042"},"geometry":{"type":"Polygon","coordinates":[[[38.317711,49.832418],[38.317571,49.832398],[38.316084,49.833171],[38.31775141691843,49.834384],[38.317751,49.834384],[38.320398,49.83631],[38.320398,49.83630839502019],[38.321713,49.837265],[38.323711,49.836274],[38.32077,49.834384],[38.32076833333333,49.834384],[38.320398,49.834145928571424],[38.320398,49.834145],[38.317711,49.832418]]]}},{"type":"Feature","properties":{"cadnum":"4425487500:07:008:0044"},"geometry":{"type":"Polygon","coordinates":[[[38.323405,49.831896],[38.321847,49.831989],[38.320886,49.83181],[38.324577,49.834495],[38.32457853391685,49.834495],[38.325682,49.835298],[38.325891,49.835195],[38.325891,49.835194301204815],[38.327214,49.834539],[38.327214,49.834495],[38.327214,49.834388],[38.327636,49.832678],[38.327546,49.832349],[38.325984,49.832235],[38.325766532374054,49.83187996762583],[38.325575,49.831566],[38.323405,49.831896]]]}},{"type":"Feature","properties":{"cadnum":"4425487500:07:008:0049"},"geometry":{"type":"Polygon","coordinates":[[[38.317679,49.831766],[38.317711,49.832418],[38.320227,49.83403509415705],[38.320227,49.834036],[38.320941,49.834495],[38.320942725396826,49.834495],[38.323711,49.836274],[38.325682,49.835298],[38.324426,49.834384],[38.32442441117319,49.834384],[38.320886,49.83181],[38.320621,49.83176],[38.320227,49.831761],[38.320227,49.83176131445384],[38.317679,49.831766]]]}},{"type":"Feature","properties":{"cadnum":"4425487500:07:008:0023"},"geometry":{"type":"Polygon","coordinates":[[[38.31334327108433,49.84147],[38.313343,49.84147],[38.312046,49.842181],[38.313061,49.842982],[38.314719,49.844199],[38.314734,49.84420964516129],[38.314734,49.84421],[38.314782148147344,49.84424381481424],[38.314905,49.844331],[38.314905,49.84433009461538],[38.316034,49.845123],[38.31603537804878,49.845123],[38.316111,49.845176],[38.316217,49.845123],[38.317598,49.844437],[38.314734,49.842354],[38.314734,49.84235469236311],[38.31366969375619,49.841581],[38.31367,49.841581],[38.313443,49.841415],[38.31334327108433,49.84147]]]}},{"type":"Feature","properties":{"cadnum":"4425487500:04:001:0047"},"geometry":{"type":"Polygon","coordinates":[[[38.199549,49.855365707747374],[38.203288,49.855555],[38.203408,49.85404],[38.199549,49.85401319474076],[38.199549,49.854012],[38.197938,49.854],[38.197821,49.855277],[38.199549,49.855366],[38.199549,49.855365707747374]]]}},{"type":"Feature","properties":{"cadnum":"4425487500:04:001:0048"},"geometry":{"type":"Polygon","coordinates":[[[38.199549,49.852656],[38.198265,49.852638],[38.198118,49.853988],[38.199377,49.854004716282326],[38.199377,49.854006],[38.203588,49.854061],[38.203732,49.852711],[38.199549,49.85265625120551],[38.199549,49.852656]]]}},{"type":"Feature","properties":{"cadnum":"4425487500:07:002:0010"},"geometry":{"type":"Polygon","coordinates":[[[38.254141,49.851869],[38.253296,49.850846],[38.249048,49.851854],[38.249284,49.852207],[38.249284596208525,49.852207],[38.249919,49.853151],[38.254348,49.852097],[38.254141,49.851869]]]}},{"type":"Feature","properties":{"cadnum":"4425487500:04:001:0269"},"geometry":{"type":"Polygon","coordinates":[[[38.1830107999991,49.88384684000048],[38.183069,49.883816],[38.183069,49.8838158],[38.183183,49.883755],[38.184365,49.883121],[38.186093,49.882082],[38.184109,49.881659],[38.183069,49.88235032947976],[38.183069,49.88235],[38.1806439831689,49.883962],[38.180643,49.883962],[38.177663,49.885942],[38.178453,49.886151],[38.179114,49.886107],[38.180304,49.88537],[38.182191,49.884282],[38.182583528124994,49.884073],[38.182584,49.884073],[38.182898,49.883906612371135],[38.182898,49.883907],[38.1830107999991,49.88384684000048]]]}},{"type":"Feature","properties":{"cadnum":"4425487500:04:003:0052"},"geometry":{"type":"Polygon","coordinates":[[[38.115661,49.825432],[38.115602,49.825421],[38.111486,49.825747],[38.111486,49.82574758635195],[38.107379,49.826072],[38.107289,49.826148],[38.107285,49.826284],[38.107275,49.826632],[38.111486,49.82665409742186],[38.111486,49.826655],[38.115648,49.826675],[38.115661,49.825432]]]}},{"type":"Feature","properties":{"cadnum":"4425487500:04:003:0067"},"geometry":{"type":"Polygon","coordinates":[[[38.118118,49.821303],[38.117296,49.821399],[38.117151,49.8214136835443],[38.117151,49.821413],[38.116546,49.821474],[38.116526,49.823864],[38.11652712797282,49.823864],[38.116514,49.82552],[38.116829,49.825583],[38.117151,49.825642],[38.117151,49.825641125],[38.117436,49.825693],[38.117436,49.825731],[38.118518,49.825928],[38.118335,49.823754],[38.11833484683358,49.823754],[38.118231,49.822506],[38.118118,49.821303]],[[38.11721,49.821558],[38.117157,49.821558],[38.117157,49.821512],[38.117216,49.821514],[38.11721,49.821558]]]}},{"type":"Feature","properties":{"cadnum":"4425487500:04:003:0066"},"geometry":{"type":"Polygon","coordinates":[[[38.116546,49.821474],[38.114606,49.821665],[38.114587000454755,49.823754],[38.114587,49.823754],[38.11458699726487,49.823754350727775],[38.114586,49.823864],[38.11458614217157,49.823864],[38.114574,49.825421],[38.115616,49.825337],[38.116514,49.82552],[38.116528,49.823754],[38.11652692050209,49.823754],[38.116546,49.821474]],[[38.116061,49.821662],[38.116061,49.821619],[38.116115,49.821619],[38.116115,49.821665],[38.116061,49.821662]],[[38.115015,49.82172],[38.115015,49.821766],[38.11496,49.821766],[38.11496,49.82172],[38.115015,49.82172]]]}},{"type":"Feature","properties":{"cadnum":"4425487500:04:003:0065"},"geometry":{"type":"Polygon","coordinates":[[[38.114606,49.821665],[38.112629,49.82186],[38.1126148233533,49.823754],[38.112614,49.823754],[38.112602,49.825577],[38.114574,49.825421],[38.11458699726487,49.823754350727775],[38.114606,49.821665]],[[38.113914,49.821824],[38.113914,49.821868],[38.11386,49.821868],[38.11386,49.821824],[38.113914,49.821824]],[[38.112683,49.823389],[38.112683,49.823436],[38.112625,49.823436],[38.112629,49.823389],[38.112683,49.823389]],[[38.112759,49.824827],[38.112759,49.82487],[38.112701,49.82487],[38.112701,49.824827],[38.112759,49.824827]],[[38.112701,49.824108],[38.112701,49.824152],[38.112648,49.824152],[38.112648,49.824108],[38.112701,49.824108]]]}},{"type":"Feature","properties":{"cadnum":"4425487500:07:007:0015"},"geometry":{"type":"Polygon","coordinates":[[[38.28944,49.828941],[38.287439,49.83056888535911],[38.287439,49.830568],[38.2871034375,49.830841],[38.287103,49.830841],[38.285937,49.831789],[38.28622,49.831937],[38.28723,49.832456],[38.287268,49.83247545454545],[38.287268,49.832476],[38.287420283582115,49.83255341791046],[38.287439,49.832563],[38.287439,49.8325629329609],[38.287626,49.832658],[38.28972446450192,49.830952],[38.289725,49.830952],[38.291129,49.829811],[38.28944,49.828941]]]}},{"type":"Feature","properties":{"cadnum":"4425487500:07:007:0016"},"geometry":{"type":"Polygon","coordinates":[[[38.28944,49.828941],[38.287310369611134,49.827847750514],[38.286907,49.82764],[38.2864,49.828046],[38.285308,49.82895],[38.284486,49.829344],[38.284068,49.829523],[38.28335,49.830277],[38.283228,49.830399],[38.28408802169981,49.830841],[38.284088,49.830841],[38.28409646785275,49.83084534082023],[38.284304,49.830952],[38.284304533190586,49.830952],[38.284999,49.831308],[38.285937,49.831789],[38.28696647468354,49.830952],[38.286967,49.830952],[38.287268,49.83070711864407],[38.287268,49.830708],[38.28944,49.828941]]]}},{"type":"Feature","properties":{"cadnum":"4425487500:04:005:0015"},"geometry":{"type":"Polygon","coordinates":[[[38.137791,49.803985],[38.137755,49.803602],[38.133631,49.80363751862197],[38.133631,49.803637],[38.132856,49.803643],[38.13289,49.804026],[38.133631,49.80402],[38.133631,49.80401957063712],[38.137791,49.803985]]]}},{"type":"Feature","properties":{"cadnum":"4425487500:04:005:0016"},"geometry":{"type":"Polygon","coordinates":[[[38.137755,49.803602],[38.137724,49.80322],[38.133459,49.803255],[38.133459,49.80325549009901],[38.132823,49.803261],[38.132856,49.803643],[38.133459,49.8036383316129],[38.133459,49.803639],[38.137755,49.803602]]]}},{"type":"Feature","properties":{"cadnum":"4425487500:04:005:0017"},"geometry":{"type":"Polygon","coordinates":[[[38.137724,49.80322],[38.137684,49.802777],[38.137271,49.802791],[38.133631,49.802916089192024],[38.133631,49.802916],[38.132797,49.802945],[38.132823,49.803261],[38.133631,49.803254],[38.133631,49.80325358851114],[38.137724,49.80322]]]}},{"type":"Feature","properties":{"cadnum":"4425487500:04:005:0011"},"geometry":{"type":"Polygon","coordinates":[[[38.137921,49.805513],[38.13789,49.80513],[38.133459,49.805167],[38.133459,49.805167341653664],[38.13299,49.805171],[38.133021,49.805553],[38.133631,49.805549],[38.133631,49.805548573733745],[38.137921,49.805513]]]}},{"type":"Feature","properties":{"cadnum":"4425487500:04:005:0012"},"geometry":{"type":"Polygon","coordinates":[[[38.13789,49.80513],[38.137854,49.804751],[38.133459,49.804785],[38.133459,49.804785014749264],[38.132953,49.804788],[38.132972,49.804992],[38.13299,49.805171],[38.133631,49.805166],[38.133631,49.80516556375536],[38.13789,49.80513]]]}},{"type":"Feature","properties":{"cadnum":"4425487500:04:005:0013"},"geometry":{"type":"Polygon","coordinates":[[[38.137854,49.804751],[38.137823,49.804368],[38.133459,49.804404],[38.133459,49.804404214689264],[38.132923,49.804408],[38.132953,49.804788],[38.133631,49.804784],[38.133631,49.80478366939705],[38.137854,49.804751]]]}},{"type":"Feature","properties":{"cadnum":"4425487500:04:005:0010"},"geometry":{"type":"Polygon","coordinates":[[[38.137953,49.805895],[38.137921,49.805513],[38.133459,49.80555],[38.133459,49.805550127868855],[38.133021,49.805553],[38.133057,49.805936],[38.133631,49.805932],[38.133631,49.80593154561638],[38.137953,49.805895]]]}},{"type":"Feature","properties":{"cadnum":"4425487500:04:005:0014"},"geometry":{"type":"Polygon","coordinates":[[[38.137823,49.804368],[38.137791,49.803985],[38.133459,49.804021],[38.133459,49.80402139271255],[38.13289,49.804026],[38.132923,49.804408],[38.133631,49.804403],[38.133631,49.80440258111824],[38.137823,49.804368]]]}},{"type":"Feature","properties":{"cadnum":"4425487500:02:001:0057"},"geometry":{"type":"Polygon","coordinates":[[[38.193082,49.833058],[38.193087,49.832972],[38.192912,49.832957],[38.192902,49.833058],[38.193082,49.833058]]]}},{"type":"Feature","properties":{"cadnum":"4425487500:04:009:0116"},"geometry":{"type":"Polygon","coordinates":[[[38.195493,49.834209],[38.195547,49.834211],[38.197058,49.83421],[38.197178,49.833925],[38.194056,49.83419417061324],[38.194056,49.834194],[38.193791,49.834216],[38.193838,49.834495],[38.193838822942645,49.834495],[38.193884,49.83476141176468],[38.193884,49.834762],[38.193888,49.834785],[38.194056,49.834772],[38.194056,49.83477063328197],[38.195186,49.834674],[38.195309,49.834462],[38.195366,49.834384],[38.19536572727273,49.834384],[38.195493,49.834209]]]}},{"type":"Feature","properties":{"cadnum":"4425487500:02:001:0039"},"geometry":{"type":"Polygon","coordinates":[[[38.191825,49.834432],[38.192535,49.834391],[38.192548,49.834153],[38.19195,49.834153],[38.19133,49.834168],[38.191371,49.834428],[38.191825,49.834432]]]}},{"type":"Feature","properties":{"cadnum":"4425487500:02:001:0052"},"geometry":{"type":"Polygon","coordinates":[[[38.191066,49.833163],[38.191093,49.832908],[38.190473,49.832847],[38.190005,49.832803],[38.189916,49.833067],[38.190545,49.833145],[38.191066,49.833163]]]}},{"type":"Feature","properties":{"cadnum":"4425487500:02:001:0054"},"geometry":{"type":"Polygon","coordinates":[[[38.191084,49.834084],[38.191093,49.83382],[38.190701,49.833773],[38.190046,49.833693],[38.189975,49.833973],[38.190657,49.834067],[38.190873,49.834078],[38.191084,49.834084]]]}},{"type":"Feature","properties":{"cadnum":"4425487500:04:009:0117"},"geometry":{"type":"Polygon","coordinates":[[[38.194056,49.834057],[38.194056,49.8340566715889],[38.197415,49.833767],[38.197528,49.8335],[38.196099,49.83324],[38.193884,49.832868],[38.194014,49.833971],[38.194029,49.834059],[38.194056,49.834057]],[[38.196436,49.833454],[38.196488,49.833349],[38.197274,49.833491],[38.197188,49.833584],[38.196436,49.833454]]]}},{"type":"Feature","properties":{"cadnum":"4425487500:02:001:0053"},"geometry":{"type":"Polygon","coordinates":[[[38.189916,49.833067],[38.190005,49.832803],[38.189013,49.83271],[38.188959,49.832948],[38.189916,49.833067]]]}},{"type":"Feature","properties":{"cadnum":"4425487500:02:001:0058"},"geometry":{"type":"Polygon","coordinates":[[[38.192902,49.833058],[38.192912,49.832957],[38.192598,49.832931],[38.192592,49.832869],[38.191829,49.832824],[38.191317,49.8328],[38.1913,49.833026],[38.191798,49.833049],[38.192902,49.833058]]]}},{"type":"Feature","properties":{"cadnum":"4425487500:02:001:0040"},"geometry":{"type":"Polygon","coordinates":[[[38.192535,49.834391],[38.193034,49.834362],[38.193074,49.834153],[38.192548,49.834153],[38.192535,49.834391]]]}},{"type":"Feature","properties":{"cadnum":"4425487500:02:001:0055"},"geometry":{"type":"Polygon","coordinates":[[[38.189975,49.833973],[38.190046,49.833693],[38.189009,49.833565],[38.188996,49.83384],[38.189975,49.833973]]]}},{"type":"Feature","properties":{"cadnum":"4425487500:04:009:0121"},"geometry":{"type":"Polygon","coordinates":[[[38.193621,49.833168],[38.193783,49.83413],[38.193869,49.834495],[38.19387032411067,49.834495],[38.193884,49.834552666666646],[38.193884,49.834553],[38.193904,49.834637],[38.193917,49.834788],[38.194056,49.834775],[38.194056,49.83477495504732],[38.195185,49.834669],[38.19528390526316,49.834495],[38.195284,49.834495],[38.195491,49.834136],[38.195719,49.833777],[38.19589,49.833484],[38.194056,49.8332289222333],[38.194056,49.833228],[38.193621,49.833168]]]}},{"type":"Feature","properties":{"cadnum":"4425487500:02:001:0060"},"geometry":{"type":"Polygon","coordinates":[[[38.191803,49.833322],[38.193082,49.833305],[38.193082,49.833145],[38.191825,49.833137],[38.19133,49.833107],[38.191313,49.833307],[38.191803,49.833322]]]}},{"type":"Feature","properties":{"cadnum":"4425487500:02:001:0049"},"geometry":{"type":"Polygon","coordinates":[[[38.189508,49.834384],[38.189508,49.834495],[38.189508,49.834501],[38.19072,49.834666],[38.19107,49.834649],[38.191066,49.834463],[38.191007,49.834463],[38.190895,49.83446],[38.19068,49.83444],[38.190271,49.834408],[38.189508,49.834304],[38.189508,49.834384]]]}},{"type":"Feature","properties":{"cadnum":"4425487500:04:002:0363"},"geometry":{"type":"Polygon","coordinates":[[[38.17742,49.828089],[38.177425,49.828072],[38.177398,49.828069],[38.177394,49.828086],[38.17742,49.828089]]]}},{"type":"Feature","properties":{"cadnum":"4425487500:04:002:0359"},"geometry":{"type":"Polygon","coordinates":[[[38.176782,49.830479],[38.176792,49.830465],[38.176698,49.830453],[38.176692,49.830471],[38.176782,49.830479]]]}},{"type":"Feature","properties":{"cadnum":"4425487500:04:004:0109"},"geometry":{"type":"Polygon","coordinates":[[[38.176464,49.830363],[38.176478,49.830361],[38.176652,49.830286],[38.176644,49.830274],[38.176464,49.830343],[38.176451,49.83035],[38.176464,49.830363]]]}},{"type":"Feature","properties":{"cadnum":"4425487500:04:004:0110"},"geometry":{"type":"Polygon","coordinates":[[[38.174505,49.830199],[38.17451,49.830181],[38.174478,49.830176],[38.174474,49.830196],[38.174505,49.830199]]]}},{"type":"Feature","properties":{"cadnum":"4425487500:04:004:0111"},"geometry":{"type":"Polygon","coordinates":[[[38.17256,49.830039],[38.172564,49.830019],[38.172534,49.830016],[38.172529,49.830036],[38.17256,49.830039]]]}},{"type":"Feature","properties":{"cadnum":"4425487500:04:002:0362"},"geometry":{"type":"Polygon","coordinates":[[[38.177258,49.828695],[38.177264,49.828681],[38.177237,49.828677],[38.177231,49.828692],[38.177258,49.828695]]]}},{"type":"Feature","properties":{"cadnum":"4425487500:04:002:0361"},"geometry":{"type":"Polygon","coordinates":[[[38.177092,49.829317],[38.177097,49.8293],[38.177074,49.829298],[38.17707,49.829315],[38.177092,49.829317]]]}},{"type":"Feature","properties":{"cadnum":"4425487500:04:002:0360"},"geometry":{"type":"Polygon","coordinates":[[[38.176927,49.829955],[38.176931,49.829938],[38.176904,49.829935],[38.176899,49.829952],[38.176927,49.829955]]]}},{"type":"Feature","properties":{"cadnum":"4425487500:07:005:0013"},"geometry":{"type":"Polygon","coordinates":[[[38.292998,49.821862],[38.293191,49.821682],[38.292761,49.821626],[38.292761,49.821626134920635],[38.291421,49.821448],[38.290618,49.821341],[38.288209,49.823624],[38.288721,49.823781],[38.289633,49.824221],[38.290142,49.824479],[38.290933,49.823754],[38.29093220092736,49.823754],[38.292933,49.821923],[38.292933,49.82192178902954],[38.292998,49.821862]]]}},{"type":"Feature","properties":{"cadnum":"4425487500:07:006:0012"},"geometry":{"type":"Polygon","coordinates":[[[38.292769,49.846936],[38.291129,49.84579],[38.287945,49.847628],[38.288219,49.847793],[38.288947,49.848501],[38.288922946153846,49.848554],[38.288921,49.848554],[38.288888,49.848631],[38.28886,49.848665],[38.288860911214954,49.848665],[38.288547,49.849059],[38.288905,49.849308],[38.28995136737401,49.848665],[38.289953,49.848665],[38.292769,49.846936]]]}},{"type":"Feature","properties":{"cadnum":"4425487500:07:006:0004"},"geometry":{"type":"Polygon","coordinates":[[[38.28649,49.847927],[38.28546708943089,49.848554],[38.285467,49.848554],[38.2853966721332,49.8485971627622],[38.285286,49.848665],[38.28528614055506,49.848665],[38.281827,49.850788],[38.28185,49.850867],[38.281946,49.851128],[38.281946,49.851126084337345],[38.282016,49.851315],[38.282339,49.851865],[38.282528,49.851938],[38.283475,49.851283],[38.285331,49.850099],[38.28662,49.84936],[38.287209,49.849001],[38.287268,49.84896200869565],[38.287268,49.848963],[38.28759,49.84875],[38.287612,49.848709],[38.28739,49.848554],[38.287388826283994,49.848554],[38.28649,49.847927]],[[38.283144,49.850183],[38.283112,49.850186],[38.283108,49.850165],[38.283138,49.850163],[38.283144,49.850183]]]}},{"type":"Feature","properties":{"cadnum":"4425487500:07:006:0021"},"geometry":{"type":"Polygon","coordinates":[[[38.296824,49.844906],[38.29576,49.844324],[38.295243,49.844031],[38.29364483241759,49.845012],[38.293643,49.845012],[38.292761,49.845554],[38.292761,49.845554405128205],[38.291763,49.846166],[38.292761,49.84686374700855],[38.292761,49.846864],[38.29286047145052,49.84693329200557],[38.292933,49.846984],[38.292933,49.846983815533974],[38.293173,49.847151],[38.29646956661991,49.845123],[38.29647,49.845123],[38.296824,49.844906]]]}},{"type":"Feature","properties":{"cadnum":"4425487500:04:008:0103"},"geometry":{"type":"Polygon","coordinates":[[[38.217377,49.83601],[38.217395,49.836002],[38.217381,49.835987],[38.21736,49.835996],[38.217377,49.83601]]]}},{"type":"Feature","properties":{"cadnum":"4425487500:04:008:0104"},"geometry":{"type":"Polygon","coordinates":[[[38.218029,49.835682],[38.218051,49.835671],[38.218033,49.83566],[38.21801,49.835669],[38.218029,49.835682]]]}},{"type":"Feature","properties":{"cadnum":"4425487500:04:008:0107"},"geometry":{"type":"Polygon","coordinates":[[[38.219942,49.834715],[38.21996,49.834707],[38.219947,49.834692],[38.219924,49.834703],[38.219942,49.834715]]]}},{"type":"Feature","properties":{"cadnum":"4425487500:04:008:0106"},"geometry":{"type":"Polygon","coordinates":[[[38.219237,49.835074],[38.219255,49.835063],[38.219201,49.835025],[38.219182,49.835037],[38.219237,49.835074]]]}},{"type":"Feature","properties":{"cadnum":"4425487500:04:008:0102"},"geometry":{"type":"Polygon","coordinates":[[[38.216712,49.836343],[38.216735,49.836332],[38.216718,49.83632],[38.216699,49.836329],[38.216712,49.836343]]]}},{"type":"Feature","properties":{"cadnum":"4425487500:04:008:0101"},"geometry":{"type":"Polygon","coordinates":[[[38.216026,49.836688],[38.216043,49.83668],[38.21603,49.836665],[38.216008,49.836676],[38.216026,49.836688]]]}},{"type":"Feature","properties":{"cadnum":"4425487500:04:008:0105"},"geometry":{"type":"Polygon","coordinates":[[[38.218608,49.83539],[38.21863,49.835381],[38.218613,49.835367],[38.21859,49.835379],[38.218608,49.83539]]]}},{"type":"Feature","properties":{"cadnum":"4425487500:05:001:0088"},"geometry":{"type":"Polygon","coordinates":[[[38.27054,49.843102],[38.270328,49.843374],[38.270028,49.84391],[38.270114,49.843985],[38.270238,49.844057],[38.270603,49.844095],[38.270870749995964,49.84409649999998],[38.271119,49.844098],[38.271357,49.844219],[38.27155,49.844298],[38.271798,49.844309],[38.271932,49.844272],[38.272062,49.844211],[38.272135,49.844081],[38.272066,49.843615],[38.271932,49.843478],[38.27182,49.843443],[38.271542,49.843443],[38.271191,49.843394],[38.271093,49.843255],[38.270818,49.843182],[38.27054,49.843102]],[[38.270657,49.843316],[38.270666,49.843302],[38.270688,49.843307],[38.27068,49.843321],[38.270657,49.843316]],[[38.270473,49.843562],[38.270481,49.843545],[38.270508,49.843551],[38.2705,49.843568],[38.270473,49.843562]],[[38.270293,49.843806],[38.270301,49.843791],[38.270324,49.843796],[38.270315,49.843811],[38.270293,49.843806]]]}},{"type":"Feature","properties":{"cadnum":"4425487500:05:001:0085"},"geometry":{"type":"Polygon","coordinates":[[[38.270788,49.844622],[38.270788,49.84462234985423],[38.269888,49.844562],[38.26981216851441,49.845012],[38.269812,49.845012],[38.269812,49.845013],[38.270788,49.84515752961672],[38.270788,49.845158],[38.27089057240227,49.845172718909744],[38.27096,49.845183],[38.27096,49.845182681614354],[38.271011,49.84519],[38.270820098490944,49.84571305301361],[38.270647,49.846187],[38.270881,49.846178],[38.27096,49.846058],[38.271039,49.845938],[38.271473,49.845981],[38.271577,49.845957],[38.271645,49.845914],[38.271632,49.845204],[38.271942,49.845161],[38.272034,49.845012],[38.2720339579832,49.845012],[38.272039,49.845004],[38.272101386554574,49.845012],[38.2721,49.845012],[38.27234416441347,49.84504313207457],[38.272967,49.845123],[38.27297055714288,49.845123],[38.273198,49.845152],[38.273747,49.845144],[38.273832,49.845236],[38.27371,49.845633],[38.274047,49.845642],[38.274372,49.845427],[38.274429,49.845311],[38.274806,49.845164],[38.274829,49.845097],[38.27424,49.845012],[38.274239528455254,49.845012],[38.273123,49.844851],[38.27279,49.844799],[38.271716,49.844718],[38.27146,49.844828],[38.271326,49.844877],[38.270881,49.844935],[38.270917,49.844631],[38.270788,49.844622]]]}},{"type":"Feature","properties":{"cadnum":"4425487500:05:001:0080"},"geometry":{"type":"Polygon","coordinates":[[[38.272636969283276,49.84147],[38.272636,49.84147],[38.272651,49.841954],[38.273261,49.842033],[38.273406,49.841975],[38.273747,49.842016],[38.273917,49.841975],[38.274115,49.841728],[38.274219,49.84163],[38.27425866666673,49.841497777777576],[38.274299,49.841367],[38.273446,49.841132],[38.272884,49.84097],[38.272714,49.841184],[38.273087,49.841265],[38.27302,49.841376],[38.272632,49.841288],[38.272636969283276,49.84147]]]}},{"type":"Feature","properties":{"cadnum":"4425487500:04:002:0078"},"geometry":{"type":"Polygon","coordinates":[[[38.134148,49.851567],[38.133875,49.851897],[38.134284,49.852207],[38.134284885847244,49.852207],[38.138825114152745,49.855638],[38.138825,49.855638],[38.138952,49.85573399331104],[38.138952,49.855734],[38.138953436425524,49.85573507903735],[38.139124,49.855864],[38.139124,49.85586320574163],[38.139161,49.855891],[38.139268201581025,49.855749],[38.139269,49.855749],[38.139848,49.854982],[38.139124,49.854434959821425],[38.139124,49.854434],[38.136176892215566,49.852207],[38.136178,49.852207],[38.134607,49.85102],[38.134148,49.851567]]]}},{"type":"Feature","properties":{"cadnum":"4425487500:04:002:0079"},"geometry":{"type":"Polygon","coordinates":[[[38.136929,49.851078],[38.136758,49.85097],[38.136705,49.850852],[38.136426,49.850406],[38.136282,49.849948],[38.136039,49.849644],[38.13586,49.849514],[38.135815,49.849569],[38.135231,49.85027],[38.134678,49.850933],[38.134607,49.85102],[38.13603109098568,49.852096],[38.13603,49.852096],[38.138952,49.85430402714932],[38.138952,49.854305],[38.139848,49.854982],[38.14046,49.854183],[38.140136,49.854055],[38.139758,49.853215],[38.139165,49.852798],[38.139035359593386,49.85269879161372],[38.138252,49.852096],[38.13825176882197,49.852096],[38.136929,49.851078]]]}},{"type":"Feature","properties":{"cadnum":"4425487500:04:002:0095"},"geometry":{"type":"Polygon","coordinates":[[[38.139781,49.851816],[38.14055840350389,49.8521342877173],[38.14107,49.852344],[38.1424,49.852651],[38.144425,49.852937],[38.144445,49.852897937499996],[38.144445,49.852898],[38.14445305911394,49.85288219704308],[38.144617,49.852562],[38.144617,49.85256072860636],[38.14479739276808,49.852207],[38.144798,49.852207],[38.145085,49.851648],[38.145117,49.85159],[38.144617,49.85148360119047],[38.144617,49.851483],[38.139022635906706,49.85028413715635],[38.138716,49.850218],[38.138699,49.850255],[38.138573,49.85056],[38.138596,49.850751],[38.138852,49.851054],[38.138952,49.851136352941175],[38.138952,49.851137],[38.13909674603183,49.851255555555625],[38.139124,49.851278],[38.139124,49.851277878166464],[38.139781,49.851816]]]}},{"type":"Feature","properties":{"cadnum":"4425487500:04:002:0085"},"geometry":{"type":"Polygon","coordinates":[[[38.142251,49.854651],[38.14111,49.854437],[38.140517,49.854205],[38.139754,49.855211],[38.141503,49.855749],[38.1415069781022,49.855749],[38.141592,49.855775],[38.143846,49.856467],[38.144445,49.85665190531777],[38.144445,49.856652],[38.14449993937647,49.85666886455461],[38.144617,49.856705],[38.144617,49.85670479825834],[38.145823,49.857075],[38.146051,49.856771],[38.14688603252485,49.855672170905166],[38.146963,49.855572],[38.145943,49.855254],[38.14453690184038,49.855026846625755],[38.144209,49.854973],[38.142251,49.854651]]]}},{"type":"Feature","properties":{"cadnum":"4425487500:04:002:0084"},"geometry":{"type":"Polygon","coordinates":[[[38.139430972118966,49.855638],[38.13943,49.855638],[38.138999,49.856207],[38.139124,49.856246],[38.139124,49.856245403346385],[38.144445,49.85788015699538],[38.144445,49.857881],[38.145068,49.858072],[38.145243,49.857837],[38.145823,49.857075],[38.144445,49.856652],[38.144445,49.856652156924845],[38.141144,49.855638],[38.14114294052044,49.855638],[38.139754,49.855211],[38.139430972118966,49.855638]]]}},{"type":"Feature","properties":{"cadnum":"4425487500:04:002:0101"},"geometry":{"type":"Polygon","coordinates":[[[38.14485498926655,49.852096],[38.144854,49.852096],[38.14445305911394,49.85288219704308],[38.144425,49.852937],[38.144445,49.8529398125],[38.144445,49.85294],[38.147547,49.853378],[38.148783,49.853632],[38.149939,49.85397261492087],[38.149939,49.853973],[38.151037,49.854295],[38.15167,49.853059],[38.15011,49.85272555112651],[38.15011,49.852725],[38.147176,49.852096],[38.14717433094814,49.852096],[38.145085,49.851648],[38.14485498926655,49.852096]]]}},{"type":"Feature","properties":{"cadnum":"4425487500:03:001:0162"},"geometry":{"type":"Polygon","coordinates":[[[38.150798,49.808313],[38.150691,49.808243],[38.150305,49.808052],[38.149939,49.808063],[38.149939,49.80806319854722],[38.146393,49.808171],[38.146402,49.808447],[38.15011,49.808335],[38.15011,49.80833462514552],[38.150798,49.808313]]]}},{"type":"Feature","properties":{"cadnum":"4425487500:04:005:0035"},"geometry":{"type":"Polygon","coordinates":[[[38.152155,49.808725],[38.152178,49.808722],[38.152151,49.808661],[38.152066,49.808679],[38.15207,49.808696],[38.152133,49.808684],[38.152155,49.808725]]]}},{"type":"Feature","properties":{"cadnum":"4425487500:03:001:0066"},"geometry":{"type":"Polygon","coordinates":[[[38.15229,49.809018],[38.152316,49.809012],[38.152308,49.808997],[38.152286,49.809],[38.15229,49.809018]]]}},{"type":"Feature","properties":{"cadnum":"4425487500:03:001:0068"},"geometry":{"type":"Polygon","coordinates":[[[38.151953,49.809021],[38.151972,49.808971],[38.151899,49.808956],[38.151876,49.809006],[38.151953,49.809021]]]}},{"type":"Feature","properties":{"cadnum":"4425487500:04:005:0036"},"geometry":{"type":"Polygon","coordinates":[[[38.15154,49.808313],[38.151599,49.808278],[38.151585,49.808264],[38.151522,49.808299],[38.15154,49.808313]]]}},{"type":"Feature","properties":{"cadnum":"4425487500:03:001:0065"},"geometry":{"type":"Polygon","coordinates":[[[38.152542,49.809551],[38.152568,49.809545],[38.152559,49.80953],[38.152532,49.809534],[38.152542,49.809551]]]}},{"type":"Feature","properties":{"cadnum":"4425487500:03:001:0163"},"geometry":{"type":"Polygon","coordinates":[[[38.150305,49.808052],[38.15000469230755,49.8079067692307],[38.149888,49.80785],[38.146383,49.807916],[38.146393,49.808171],[38.15011,49.808058],[38.15011,49.80805786065574],[38.150305,49.808052]]]}},{"type":"Feature","properties":{"cadnum":"4425487500:03:001:0067"},"geometry":{"type":"Polygon","coordinates":[[[38.15198,49.808974],[38.152012,49.808924],[38.151985,49.808919],[38.151958,49.808969],[38.15198,49.808974]]]}},{"type":"Feature","properties":{"cadnum":"4425487500:04:005:0038"},"geometry":{"type":"Polygon","coordinates":[[[38.150328,49.807637],[38.150345,49.807624],[38.150322,49.807612],[38.150309,49.807626],[38.150328,49.807637]]]}},{"type":"Feature","properties":{"cadnum":"4425487500:04:005:0037"},"geometry":{"type":"Polygon","coordinates":[[[38.15101,49.807991],[38.151028,49.807977],[38.151006,49.807966],[38.150987,49.80798],[38.15101,49.807991]]]}},{"type":"Feature","properties":{"cadnum":"4425487500:03:001:0161"},"geometry":{"type":"Polygon","coordinates":[[[38.151154,49.808533],[38.150798,49.808313],[38.149939,49.80834],[38.149939,49.80834016504854],[38.146402,49.808447],[38.146406,49.808621],[38.145054,49.808661],[38.145099,49.808719],[38.15011,49.808566],[38.15011,49.80856565185185],[38.151154,49.808533]]]}},{"type":"Feature","properties":{"cadnum":"4425487500:03:001:0160"},"geometry":{"type":"Polygon","coordinates":[[[38.151522,49.808765],[38.151154,49.808533],[38.149939,49.808571],[38.149939,49.808571221113546],[38.145099,49.808719],[38.145215,49.808866],[38.148073,49.808797],[38.15011,49.808779],[38.15011,49.808778379658875],[38.151522,49.808765]]]}},{"type":"Feature","properties":{"cadnum":"4425487500:03:001:0030"},"geometry":{"type":"Polygon","coordinates":[[[38.155497,49.808127],[38.155506,49.808114],[38.155438,49.808087],[38.155425,49.808101],[38.155497,49.808127]]]}},{"type":"Feature","properties":{"cadnum":"4425487500:03:001:0028"},"geometry":{"type":"Polygon","coordinates":[[[38.154891,49.808861],[38.154905,49.808844],[38.154882,49.808838],[38.154868,49.808853],[38.154891,49.808861]]]}},{"type":"Feature","properties":{"cadnum":"4425487500:03:001:0029"},"geometry":{"type":"Polygon","coordinates":[[[38.155214,49.80847],[38.155228,49.808455],[38.155201,49.808447],[38.155192,49.808461],[38.155214,49.80847]]]}},{"type":"Feature","properties":{"cadnum":"4425487500:03:001:0027"},"geometry":{"type":"Polygon","coordinates":[[[38.154563,49.809339],[38.15458,49.809328],[38.154513,49.809287],[38.154496,49.809298],[38.154563,49.809339]]]}},{"type":"Feature","properties":{"cadnum":"4425487500:04:004:0034"},"geometry":{"type":"Polygon","coordinates":[[[38.132684,49.830361],[38.131219,49.830436],[38.13121586046511,49.830841],[38.131215,49.830841],[38.131187,49.834495],[38.13118812183544,49.834495],[38.131179,49.835648],[38.132648,49.835158],[38.132653,49.834384],[38.132652850574715,49.834384],[38.13268,49.830841],[38.132679939086294,49.830841],[38.132684,49.830361]]]}},{"type":"Feature","properties":{"cadnum":"4425487500:04:004:0032"},"geometry":{"type":"Polygon","coordinates":[[[38.129864,49.830509],[38.128839,49.830564],[38.128831,49.830685],[38.12881697752809,49.830841],[38.128816,49.830841],[38.128665,49.832523],[38.128543,49.833498],[38.128455,49.834495],[38.12845531330472,49.834495],[38.128404,49.835083],[38.128355,49.835701],[38.128359,49.835961],[38.128309,49.836355],[38.128286,49.836474],[38.128458,49.836401],[38.128915,49.836306],[38.129504,49.83621],[38.129823,49.836103],[38.129835,49.834384],[38.12983482019705,49.834384],[38.1298609898305,49.83084237627229],[38.129864,49.830509]],[[38.129235,49.836109],[38.129302,49.836161],[38.129288,49.836169],[38.129212,49.83612],[38.129235,49.836109]]]}},{"type":"Feature","properties":{"cadnum":"4425487500:04:003:0046"},"geometry":{"type":"Polygon","coordinates":[[[38.128143,49.831673],[38.128179,49.831276],[38.127966,49.831279],[38.127966,49.83127903424537],[38.122504502671966,49.83134362741765],[38.118101,49.831395],[38.118101,49.831404],[38.119524,49.831876],[38.120579,49.831995],[38.1223,49.831984],[38.122473,49.831976456395346],[38.122473,49.831977],[38.123028,49.831952],[38.123481,49.831986],[38.124676,49.83196],[38.124676,49.831926],[38.124716,49.831842],[38.12491,49.831821],[38.125057,49.831824],[38.125089,49.831952],[38.12534,49.831948],[38.126661,49.831798],[38.127694,49.831685],[38.128138,49.831674],[38.128138,49.83167314124294],[38.128143,49.831673]]]}},{"type":"Feature","properties":{"cadnum":"4425487500:04:004:0033"},"geometry":{"type":"Polygon","coordinates":[[[38.131219,49.830436],[38.13113,49.830442],[38.129864,49.830509],[38.129861002257336,49.830841],[38.129861,49.830841],[38.1298609898305,49.83084237627229],[38.12986,49.830952],[38.129860179802954,49.830952],[38.129834,49.834495],[38.12983422513089,49.834495],[38.129823,49.836103],[38.131179,49.835648],[38.131189,49.834384],[38.13118785057471,49.834384],[38.13121414942528,49.830952],[38.131215,49.830952],[38.131219,49.830436]]]}},{"type":"Feature","properties":{"cadnum":"4425487500:04:004:0134"},"geometry":{"type":"Polygon","coordinates":[[[38.128508,49.832963],[38.128521,49.832957],[38.128588,49.832919],[38.128575,49.832908],[38.128502,49.832942],[38.128489,49.832948],[38.128508,49.832963]]]}},{"type":"Feature","properties":{"cadnum":"4425487500:04:004:0035"},"geometry":{"type":"Polygon","coordinates":[[[38.133459,49.830319],[38.133459,49.830319242811505],[38.133318,49.830326],[38.132684,49.830361],[38.132679,49.830952],[38.132679149425286,49.830952],[38.132652,49.834495],[38.132652282945735,49.834495],[38.132648,49.835158],[38.133192,49.834976],[38.133459,49.834892068337126],[38.133459,49.834893],[38.134252,49.834643],[38.134253,49.834384],[38.13425282019704,49.834384],[38.134278179802955,49.830952],[38.134279,49.830952],[38.134284,49.830277],[38.133459,49.830319]]]}},{"type":"Feature","properties":{"cadnum":"4425487500:04:004:0133"},"geometry":{"type":"Polygon","coordinates":[[[38.128445,49.834142],[38.128445,49.834121],[38.128418,49.834121],[38.128413,49.834142],[38.128445,49.834142]]]}},{"type":"Feature","properties":{"cadnum":"4425487500:04:008:0064"},"geometry":{"type":"Polygon","coordinates":[[[38.194056,49.819262],[38.191007,49.818877],[38.191214,49.819799],[38.193884,49.820236797325826],[38.193884,49.820237],[38.198531,49.820999],[38.198504,49.820872],[38.198380592145014,49.82032],[38.198382,49.82032],[38.198265,49.819794],[38.196806,49.819607],[38.196626,49.819976],[38.19638,49.819923],[38.196087,49.819863],[38.19625,49.819538],[38.194056,49.819262590870665],[38.194056,49.819262]],[[38.193317,49.819376],[38.193325,49.819358],[38.193351,49.819362],[38.193343,49.819379],[38.193317,49.819376]],[[38.192426,49.819231],[38.192436,49.819214],[38.192462,49.81922],[38.192454,49.819237],[38.192426,49.819231]],[[38.19165,49.819104],[38.191654,49.819089],[38.191682,49.819092],[38.191676,49.819109],[38.19165,49.819104]],[[38.19117,49.819029],[38.191183,49.818999],[38.191227,49.819008],[38.19121,49.819037],[38.19117,49.819029]],[[38.198131,49.820121],[38.198158,49.820123],[38.198149,49.820141],[38.198127,49.820138],[38.198131,49.820121]],[[38.197336,49.819993],[38.197363,49.819999],[38.197355,49.820017],[38.197327,49.820011],[38.197336,49.819993]],[[38.195732,49.819834],[38.196011,49.819869],[38.195993,49.819932],[38.195715,49.819895],[38.195732,49.819834]],[[38.195728,49.819744],[38.195755,49.819749],[38.195747,49.819768],[38.195719,49.819761],[38.195728,49.819744]],[[38.194902,49.819611],[38.194929,49.819616],[38.194919,49.819633],[38.194892,49.819628],[38.194902,49.819611]],[[38.194084,49.81948],[38.194111,49.819483],[38.194102,49.8195],[38.194076,49.819495],[38.194084,49.81948]]]}},{"type":"Feature","properties":{"cadnum":"4425487500:04:008:0067"},"geometry":{"type":"Polygon","coordinates":[[[38.194056,49.81830260804242],[38.19841,49.818318],[38.198189,49.817324],[38.193884,49.81731],[38.193884,49.8173103920609],[38.190378,49.817298],[38.190558,49.818289],[38.194056,49.818303],[38.194056,49.81830260804242]]]}},{"type":"Feature","properties":{"cadnum":"4425487500:04:004:0108"},"geometry":{"type":"Polygon","coordinates":[[[38.188562,49.81624585984583],[38.188562,49.816245],[38.187908,49.816299],[38.187999,49.816776],[38.187999504273506,49.816776],[38.18825,49.818069],[38.188391,49.818087980769235],[38.188391,49.818088],[38.188399021645324,49.818089060606106],[38.188562,49.818111],[38.188562,49.81811060928225],[38.190244,49.818333],[38.1899396942446,49.816776],[38.189941,49.816776],[38.189818,49.816142],[38.188562,49.81624585984583]]]}},{"type":"Feature","properties":{"cadnum":"4425487500:04:008:0063"},"geometry":{"type":"Polygon","coordinates":[[[38.19130235316698,49.82021],[38.191302,49.82021],[38.1913189294827,49.82028710946864],[38.191326,49.82032],[38.191326150641025,49.82032],[38.191439,49.820834],[38.193884,49.82123480435613],[38.193884,49.821235],[38.19876,49.822034],[38.198733,49.821897],[38.198531,49.820999],[38.19439016929136,49.82032],[38.194395,49.82032],[38.19401540000091,49.820258342857294],[38.191214,49.819799],[38.19130235316698,49.82021]]]}},{"type":"Feature","properties":{"cadnum":"4425487500:04:004:0097"},"geometry":{"type":"Polygon","coordinates":[[[38.188106,49.81875],[38.186592,49.818561],[38.186233,49.819764],[38.18609615909091,49.82021],[38.186095,49.82021],[38.186071,49.820292],[38.188562,49.820601],[38.188562,49.820600139246324],[38.190567,49.820848],[38.190449482758616,49.82032],[38.190451,49.82032],[38.190185,49.819115],[38.190131,49.819077],[38.188562,49.81882451724138],[38.188562,49.818824],[38.188106,49.81875]]]}},{"type":"Feature","properties":{"cadnum":"4425487500:04:008:0068"},"geometry":{"type":"Polygon","coordinates":[[[38.190558,49.818289],[38.190634,49.818712],[38.193884,49.819129884278205],[38.193884,49.81913],[38.198733,49.819753],[38.19841,49.818318],[38.193884,49.818302],[38.193884,49.81830231160663],[38.190558,49.818289]]]}},{"type":"Feature","properties":{"cadnum":"4425487500:05:001:0082"},"geometry":{"type":"Polygon","coordinates":[[[38.275871,49.838461],[38.275683,49.838232],[38.274999,49.838962],[38.27376,49.839982],[38.274735,49.840208],[38.275068,49.839837],[38.275125,49.83977],[38.275125,49.839672],[38.275534,49.839307],[38.276137,49.839],[38.276281,49.8391479375],[38.276281,49.839149],[38.276393,49.839263],[38.276281,49.839583],[38.276281,49.839584023255824],[38.276221,49.839756],[38.276281,49.83983552830188],[38.276281,49.839836],[38.276433,49.840037],[38.276257,49.840185],[38.276267,49.840396],[38.276281,49.84040795505618],[38.276281,49.840409],[38.276356,49.840472],[38.277349,49.840107],[38.277295,49.840045],[38.276281,49.838917],[38.276281,49.83891749484536],[38.275871,49.838461]]]}},{"type":"Feature","properties":{"cadnum":"4425487500:05:001:0061"},"geometry":{"type":"Polygon","coordinates":[[[38.276702,49.839278],[38.276729,49.839266],[38.276712,49.839252],[38.276689,49.839261],[38.276702,49.839278]]]}},{"type":"Feature","properties":{"cadnum":"4425487500:07:006:0033"},"geometry":{"type":"Polygon","coordinates":[[[38.28185,49.837256],[38.280358,49.836502],[38.27838470898437,49.837927],[38.278384,49.837927],[38.276743,49.839113],[38.276953,49.839301],[38.277762,49.840205],[38.28091126225483,49.837932583333384],[38.28185,49.837256]],[[38.279685,49.837853],[38.279716,49.83785],[38.27972,49.83787],[38.279689,49.837873],[38.279685,49.837853]]]}},{"type":"Feature","properties":{"cadnum":"4425487500:07:006:0038"},"geometry":{"type":"Polygon","coordinates":[[[38.280368,49.84033],[38.280399,49.840326],[38.280389,49.840306],[38.280362,49.840309],[38.280368,49.84033]]]}},{"type":"Feature","properties":{"cadnum":"4425487500:05:001:0057"},"geometry":{"type":"Polygon","coordinates":[[[38.278085,49.840816],[38.278108,49.840811],[38.278095,49.840796],[38.278072,49.840801],[38.278085,49.840816]]]}},{"type":"Feature","properties":{"cadnum":"4425487500:07:006:0037"},"geometry":{"type":"Polygon","coordinates":[[[38.280044,49.839156],[38.280071,49.839154],[38.280066,49.839133],[38.280035,49.839136],[38.280044,49.839156]]]}},{"type":"Feature","properties":{"cadnum":"4425487500:05:001:0058"},"geometry":{"type":"Polygon","coordinates":[[[38.277758,49.840451],[38.277781,49.840442],[38.277767,49.840428],[38.277745,49.840436],[38.277758,49.840451]]]}},{"type":"Feature","properties":{"cadnum":"4425487500:05:001:0059"},"geometry":{"type":"Polygon","coordinates":[[[38.277394,49.840045],[38.277416,49.840037],[38.277403,49.840023],[38.277381,49.840031],[38.277394,49.840045]]]}},{"type":"Feature","properties":{"cadnum":"4425487500:05:001:0060"},"geometry":{"type":"Polygon","coordinates":[[[38.277052,49.839666],[38.277075,49.839658],[38.277062,49.839643],[38.277039,49.839652],[38.277052,49.839666]]]}},{"type":"Feature","properties":{"cadnum":"4425487500:07:006:0034"},"geometry":{"type":"Polygon","coordinates":[[[38.27911,49.8359],[38.278167,49.835452],[38.277479,49.836227],[38.276886,49.836998],[38.276653,49.837258],[38.27630150393703,49.83763973228344],[38.275933,49.838038],[38.27593353846154,49.838038],[38.275808,49.838174],[38.276281,49.838691],[38.276281,49.838692],[38.27654,49.838974],[38.276702,49.839119],[38.27819835067114,49.838038],[38.278199,49.838038],[38.280318,49.836509],[38.27911,49.8359]],[[38.279379,49.836618],[38.279383,49.836639],[38.279357,49.836642],[38.279347,49.836622],[38.279379,49.836618]]]}},{"type":"Feature","properties":{"cadnum":"4425487500:05:001:0081"},"geometry":{"type":"Polygon","coordinates":[[[38.276453,49.840664298245606],[38.276527,49.840811],[38.276803437662345,49.84147],[38.276803,49.84147],[38.277089,49.842149],[38.277349,49.842073],[38.278656,49.841593],[38.278656,49.841581],[38.278656,49.841575],[38.277349,49.840107],[38.276453,49.84043634541793],[38.276453,49.840436],[38.276356,49.840472],[38.276453,49.840665],[38.276453,49.840664298245606]]]}},{"type":"Feature","properties":{"cadnum":"4425487500:05:001:0056"},"geometry":{"type":"Polygon","coordinates":[[[38.278408,49.841178],[38.278431,49.84117],[38.278418,49.841155],[38.278395,49.841164],[38.278408,49.841178]]]}},{"type":"Feature","properties":{"cadnum":"4425487500:04:001:0220"},"geometry":{"type":"Polygon","coordinates":[[[38.188613,49.847287],[38.188672,49.847249],[38.188654,49.847235],[38.188596,49.847275],[38.188613,49.847287]]]}},{"type":"Feature","properties":{"cadnum":"4425487500:04:001:0219"},"geometry":{"type":"Polygon","coordinates":[[[38.188937,49.847623],[38.18895,49.847608],[38.188883,49.847576],[38.18887,49.847588],[38.188937,49.847623]]]}},{"type":"Feature","properties":{"cadnum":"4425487500:04:001:0218"},"geometry":{"type":"Polygon","coordinates":[[[38.188487,49.847371],[38.18847,49.847359],[38.188451,49.847374],[38.18847,49.847383],[38.188487,49.847371]]]}},{"type":"Feature","properties":{"cadnum":"4425487500:04:001:0221"},"geometry":{"type":"Polygon","coordinates":[[[38.189229,49.846916],[38.189246,49.846904],[38.189233,49.846893],[38.18921,49.846904],[38.189229,49.846916]]]}},{"type":"Feature","properties":{"cadnum":"4425487500:04:001:0224"},"geometry":{"type":"Polygon","coordinates":[[[38.190917,49.845911],[38.190936,49.8459],[38.190917,49.845885],[38.1909,49.845897],[38.190917,49.845911]]]}},{"type":"Feature","properties":{"cadnum":"4425487500:04:001:0223"},"geometry":{"type":"Polygon","coordinates":[[[38.190437,49.846198],[38.190455,49.846187],[38.190437,49.846172],[38.190418,49.846183],[38.190437,49.846198]]]}},{"type":"Feature","properties":{"cadnum":"4425487500:04:001:0225"},"geometry":{"type":"Polygon","coordinates":[[[38.191713,49.845433],[38.19173,49.845421],[38.191667,49.845387],[38.19165,49.845399],[38.191713,49.845433]]]}},{"type":"Feature","properties":{"cadnum":"4425487500:04:001:0222"},"geometry":{"type":"Polygon","coordinates":[[[38.189844,49.846548],[38.189866,49.846537],[38.189849,49.846525],[38.189826,49.846537],[38.189844,49.846548]]]}},{"type":"Feature","properties":{"cadnum":"4425487500:04:001:0226"},"geometry":{"type":"Polygon","coordinates":[[[38.192328,49.845065],[38.192265,49.84503],[38.192248,49.845045],[38.192309,49.84508],[38.192328,49.845065]]]}},{"type":"Feature","properties":{"cadnum":"4425487500:04:003:0078"},"geometry":{"type":"Polygon","coordinates":[[[38.121392,49.821784],[38.120965,49.821781],[38.120876,49.822625],[38.120682,49.822715],[38.119852,49.822792],[38.118954,49.822822],[38.118954,49.82285],[38.119038,49.823864],[38.11903827422859,49.823864],[38.119223,49.826055],[38.121352,49.826444],[38.12137395887854,49.82375902803268],[38.121392,49.821784]]]}},{"type":"Feature","properties":{"cadnum":"4425487500:04:003:0077"},"geometry":{"type":"Polygon","coordinates":[[[38.11895,49.822822],[38.118329,49.822842],[38.11840574363992,49.823754],[38.118405,49.823754],[38.11859,49.825943],[38.119223,49.826055],[38.1190363698392,49.823864],[38.119037,49.823864],[38.11895,49.822822]]]}},{"type":"Feature","properties":{"cadnum":"4425487500:04:001:0128"},"geometry":{"type":"Polygon","coordinates":[[[38.196559,49.855297],[38.196276,49.855303],[38.194965,49.855213],[38.194849,49.855749],[38.19485026204819,49.855749],[38.194093,49.85929],[38.19409337889273,49.85929],[38.193994,49.859757],[38.195571,49.859925],[38.19570549061662,49.85929],[38.195706,49.85929],[38.1964622924425,49.855749],[38.196463,49.855749],[38.196559,49.855297]]]}},{"type":"Feature","properties":{"cadnum":"4425487500:04:001:0129"},"geometry":{"type":"Polygon","coordinates":[[[38.198181,49.855321],[38.19752,49.855283],[38.196559,49.855297],[38.19648657522124,49.855638],[38.196486,49.855638],[38.195729707557504,49.859179],[38.195729,49.859179],[38.195571,49.859925],[38.197156,49.860096],[38.197352,49.859179],[38.19735182913472,49.859179],[38.19810220959864,49.85568360528799],[38.198181,49.855321]]]}},{"type":"Feature","properties":{"cadnum":"4425487500:03:001:0186"},"geometry":{"type":"Polygon","coordinates":[[[38.160568,49.814763],[38.160591,49.814692],[38.160604,49.814692],[38.160635,49.814562],[38.160339,49.814531],[38.160303,49.814658],[38.160316,49.81466],[38.160299,49.814733],[38.160568,49.814763]]]}},{"type":"Feature","properties":{"cadnum":"4425487500:03:001:0192"},"geometry":{"type":"Polygon","coordinates":[[[38.161097,49.815295],[38.161268,49.815304],[38.161278,49.8152],[38.161157,49.815194],[38.161161,49.815171],[38.161097,49.81516847368421],[38.161097,49.815168],[38.161085,49.815168],[38.16108,49.815191],[38.160958,49.815186],[38.160945,49.815287],[38.161097,49.815296],[38.161097,49.815295]]]}},{"type":"Feature","properties":{"cadnum":"4425487500:03:001:0191"},"geometry":{"type":"Polygon","coordinates":[[[38.156207,49.813771],[38.156679,49.813765],[38.157423,49.813754],[38.157396,49.813496],[38.156603,49.813507],[38.156188,49.813516],[38.156207,49.813771]]]}},{"type":"Feature","properties":{"cadnum":"4425487500:03:001:0157"},"geometry":{"type":"Polygon","coordinates":[[[38.160033,49.814681],[38.160069,49.814478],[38.159729,49.814452],[38.159723,49.814484],[38.15966,49.814576],[38.159647,49.814655],[38.160033,49.814681]]]}},{"type":"Feature","properties":{"cadnum":"4425487500:04:003:0104"},"geometry":{"type":"Polygon","coordinates":[[[38.099042,49.823508],[38.099075,49.823505],[38.099069,49.823485],[38.099038,49.823488],[38.099042,49.823508]]]}},{"type":"Feature","properties":{"cadnum":"4425487500:04:003:0105"},"geometry":{"type":"Polygon","coordinates":[[[38.098796,49.82199],[38.098796,49.82197],[38.098763,49.82197],[38.098763,49.82199],[38.098796,49.82199]]]}},{"type":"Feature","properties":{"cadnum":"4425487500:04:003:0106"},"geometry":{"type":"Polygon","coordinates":[[[38.098539,49.820744],[38.09857,49.820741],[38.098566,49.82072],[38.098535,49.820724],[38.098539,49.820744]]]}},{"type":"Feature","properties":{"cadnum":"4425487500:04:001:0075"},"geometry":{"type":"Polygon","coordinates":[[[38.179491,49.863616],[38.178925,49.863492],[38.177451364940524,49.866261],[38.177451,49.866261],[38.176063,49.868871],[38.177317,49.869206],[38.177404,49.86904274903475],[38.177404,49.869043],[38.17744708071721,49.86896191031443],[38.177576,49.86872],[38.177576,49.868719248985116],[38.17884038911725,49.866339323055364],[38.180205,49.863775],[38.179491,49.863616]]]}},{"type":"Feature","properties":{"cadnum":"4425487500:04:001:0076"},"geometry":{"type":"Polygon","coordinates":[[[38.181652,49.864097],[38.180852,49.86392],[38.180205,49.863775],[38.17888206892568,49.866261],[38.178882,49.866261],[38.17884038911723,49.8663393230554],[38.178823,49.866372],[38.17882302875629,49.866372],[38.17744708071721,49.86896191031443],[38.177317,49.869206],[38.177331,49.86921],[38.177576,49.869251],[38.177576,49.86925007560138],[38.177986,49.869317],[38.178306,49.869193],[38.179176,49.868747],[38.180438972646826,49.866372],[38.180439,49.866372],[38.181652,49.864097]]]}},{"type":"Feature","properties":{"cadnum":"4425487500:04:001:0074"},"geometry":{"type":"Polygon","coordinates":[[[38.1774499516622,49.86626365558807],[38.177576,49.866028],[38.177576,49.866026807363575],[38.178925,49.863492],[38.178059,49.863298],[38.177631,49.863205],[38.177404,49.863632],[38.177404,49.863632014101775],[38.176004105778645,49.866261],[38.176004,49.866261],[38.174774,49.868573],[38.174981,49.86861],[38.175767,49.868792],[38.176063,49.868871],[38.17739197011494,49.866372],[38.177392,49.866372],[38.177404,49.866349565217384],[38.177404,49.86635],[38.1774499516622,49.86626365558807]]]}},{"type":"Feature","properties":{"cadnum":"4425487500:04:001:0073"},"geometry":{"type":"Polygon","coordinates":[[[38.175461,49.862831],[38.175462249027234,49.862831],[38.175269,49.863755],[38.174994,49.864824],[38.174683,49.866372],[38.17468378789531,49.866372],[38.174339,49.868095],[38.174268,49.868477],[38.174774,49.868573],[38.175944947231834,49.866372],[38.175945,49.866372],[38.177576,49.863309],[38.177576,49.863308458149774],[38.177631,49.863205],[38.177404,49.863154],[38.177404,49.86315431256086],[38.176549,49.862962],[38.175484,49.862727],[38.175461,49.862831]]]}},{"type":"Feature","properties":{"cadnum":"4425487500:04:001:0040"},"geometry":{"type":"Polygon","coordinates":[[[38.183722,49.849285],[38.183069,49.84951640291262],[38.183069,49.849516],[38.181413,49.850099],[38.180866,49.850618],[38.180421,49.851622],[38.18032944102564,49.852096],[38.180329,49.852096],[38.18031153125012,49.85218871874938],[38.180308,49.852207],[38.18030808695652,49.852207],[38.180277,49.852372],[38.18034,49.853061],[38.180596,49.853253],[38.183069,49.853234],[38.183069,49.853233575],[38.183978,49.853226],[38.18398431238938,49.852207],[38.183985,49.852207],[38.184005,49.849244],[38.183722,49.849285]]]}},{"type":"Feature","properties":{"cadnum":"4425487500:04:001:0320"},"geometry":{"type":"Polygon","coordinates":[[[38.180353,49.851614],[38.180803,49.850597],[38.179631,49.851443],[38.178583381294956,49.852096],[38.178582,49.852096],[38.178516,49.852138],[38.179342,49.852581],[38.180273,49.853079],[38.18021,49.85237],[38.18024033941606,49.852207],[38.180241,49.852207],[38.180353,49.851614]]]}},{"type":"Feature","properties":{"cadnum":"4425487500:07:001:0009"},"geometry":{"type":"Polygon","coordinates":[[[38.267854,49.86013],[38.267517,49.859713],[38.267257,49.859357],[38.265467,49.86004307543323],[38.265467,49.860043],[38.2602,49.862058],[38.261003,49.862753],[38.265295,49.86111081003584],[38.265295,49.861111],[38.267854,49.86013]]]}},{"type":"Feature","properties":{"cadnum":"4425487500:06:001:0071"},"geometry":{"type":"Polygon","coordinates":[[[38.252996,49.830659],[38.253845,49.829946],[38.251635,49.828849],[38.25079,49.829561],[38.252996,49.830659]],[[38.251325,49.82924],[38.251307,49.829228],[38.251329,49.829216],[38.251348,49.829228],[38.251325,49.82924]],[[38.251837,49.829599],[38.251818,49.829587],[38.251841,49.829575],[38.25186,49.829587],[38.251837,49.829599]],[[38.252516,49.830097],[38.252497,49.830051],[38.252434,49.830062],[38.252426,49.830045],[38.252516,49.83003],[38.252537,49.830092],[38.252516,49.830097]],[[38.252583,49.830363],[38.252577,49.830346],[38.2526,49.830343],[38.25261,49.830358],[38.252583,49.830363]]]}},{"type":"Feature","properties":{"cadnum":"4425487500:07:003:0074"},"geometry":{"type":"Polygon","coordinates":[[[38.249573,49.828548],[38.249583,49.828533],[38.24956,49.828527],[38.249546,49.828541],[38.249573,49.828548]]]}},{"type":"Feature","properties":{"cadnum":"4425487500:07:003:0075"},"geometry":{"type":"Polygon","coordinates":[[[38.250162,49.828703],[38.250175,49.828686],[38.250149,49.828681],[38.250139,49.828698],[38.250162,49.828703]]]}},{"type":"Feature","properties":{"cadnum":"4425487500:07:003:0078"},"geometry":{"type":"Polygon","coordinates":[[[38.251814,49.82957],[38.251833,49.829558],[38.251814,49.829547],[38.251797,49.829558],[38.251814,49.82957]]]}},{"type":"Feature","properties":{"cadnum":"4425487500:07:003:0079"},"geometry":{"type":"Polygon","coordinates":[[[38.25252,49.830094],[38.252546,49.830092],[38.252524,49.83003],[38.252434,49.830045],[38.252439,49.830062],[38.252506,49.830051],[38.25252,49.830094]]]}},{"type":"Feature","properties":{"cadnum":"4425487500:07:003:0081"},"geometry":{"type":"Polygon","coordinates":[[[38.252762,49.83085],[38.252785,49.830844],[38.25278,49.830831],[38.252753,49.830833],[38.252762,49.83085]]]}},{"type":"Feature","properties":{"cadnum":"4425487500:07:003:0076"},"geometry":{"type":"Polygon","coordinates":[[[38.250768,49.828907],[38.250835,49.828863],[38.250812,49.828851],[38.250749,49.828894],[38.250768,49.828907]]]}},{"type":"Feature","properties":{"cadnum":"4425487500:07:003:0080"},"geometry":{"type":"Polygon","coordinates":[[[38.252605,49.830367],[38.252632,49.830363],[38.252623,49.830346],[38.2526,49.83035],[38.252605,49.830367]]]}},{"type":"Feature","properties":{"cadnum":"4425487500:07:004:0042"},"geometry":{"type":"Polygon","coordinates":[[[38.254384,49.826609],[38.252722,49.82654],[38.252646125576035,49.827297],[38.252646,49.827297],[38.25263946848255,49.82736341789824],[38.252635,49.827408],[38.252635084291185,49.827408],[38.252569,49.82808],[38.253638,49.828084],[38.254244,49.828031],[38.25430426294278,49.827408],[38.254305,49.827408],[38.254384,49.826609]]]}},{"type":"Feature","properties":{"cadnum":"4425487500:07:004:0043"},"geometry":{"type":"Polygon","coordinates":[[[38.256292,49.826687],[38.254384,49.826609],[38.25431597496871,49.827297],[38.254315,49.827297],[38.254244,49.828031],[38.254309,49.82802576694915],[38.254309,49.828026],[38.254426893225954,49.82801627554537],[38.25448,49.828012],[38.25448,49.82801189501875],[38.256176,49.827872],[38.256232,49.827297],[38.25623193065187,49.827297],[38.256292,49.826687]]]}},{"type":"Feature","properties":{"cadnum":"4425487500:07:003:0077"},"geometry":{"type":"Polygon","coordinates":[[[38.251311,49.82922],[38.251329,49.829208],[38.251311,49.829196],[38.251294,49.829208],[38.251311,49.82922]]]}},{"type":"Feature","properties":{"cadnum":"4425487500:07:001:0034"},"geometry":{"type":"Polygon","coordinates":[[[38.266794,49.850641],[38.266076,49.849807],[38.265467,49.84999336491677],[38.265467,49.849993],[38.262949,49.850766],[38.26059,49.851487],[38.261262,49.852207],[38.26126274509804,49.852207],[38.261588,49.852555],[38.26253267973857,49.852207],[38.262534,49.852207],[38.265467,49.85113],[38.265467,49.85112966177452],[38.266794,49.850641]]]}},{"type":"Feature","properties":{"cadnum":"4425487500:07:002:0047"},"geometry":{"type":"Polygon","coordinates":[[[38.264135,49.848349],[38.26327248148148,49.848554],[38.263271,49.848554],[38.262999,49.848619],[38.263046,49.848665],[38.2630474002642,49.848665],[38.264592,49.850133],[38.265467,49.849862],[38.265467,49.849861696485625],[38.265608,49.849818],[38.265523,49.849737],[38.265295,49.849513],[38.265295,49.849513118767],[38.264364,49.848599],[38.264323,49.848554],[38.26432278,49.848554],[38.264135,49.848349]]]}},{"type":"Feature","properties":{"cadnum":"4425487500:07:002:0049"},"geometry":{"type":"Polygon","coordinates":[[[38.262999,49.848619],[38.264135,49.848349],[38.263129,49.847269],[38.261363,49.847177],[38.2629,49.848643],[38.262999,49.848619]]]}},{"type":"Feature","properties":{"cadnum":"4425487500:07:002:0048"},"geometry":{"type":"Polygon","coordinates":[[[38.261363,49.847177],[38.25989,49.847102],[38.261409,49.848349],[38.26161918987342,49.848554],[38.261619,49.848554],[38.26167737349427,49.84861074698824],[38.261733,49.848665],[38.26173318152866,49.848665],[38.261942,49.848868],[38.2629,49.848643],[38.262807,49.848554],[38.26280668963165,49.848554],[38.261363,49.847177]]]}},{"type":"Feature","properties":{"cadnum":"4425487500:07:002:0046"},"geometry":{"type":"Polygon","coordinates":[[[38.26364,49.850429],[38.264592,49.850133],[38.262999,49.848619],[38.2629,49.848643],[38.261942,49.848868],[38.263012,49.849899],[38.263403,49.850253],[38.26364,49.850429]]]}},{"type":"Feature","properties":{"cadnum":"4425487500:04:009:0098"},"geometry":{"type":"Polygon","coordinates":[[[38.207016,49.840286],[38.207033,49.840274],[38.206961,49.840234],[38.206944,49.840249],[38.207016,49.840286]]]}},{"type":"Feature","properties":{"cadnum":"4425487500:04:009:0056"},"geometry":{"type":"Polygon","coordinates":[[[38.211192,49.83825],[38.210535,49.83841801447527],[38.210535,49.838418],[38.208915,49.838832],[38.208035,49.839564],[38.207582,49.840147],[38.207366,49.840726],[38.207536,49.840874],[38.207936,49.840998],[38.20812,49.841118],[38.209104,49.84128],[38.210535,49.839204],[38.210535,49.83920340289505],[38.211192,49.83825]],[[38.210798,49.838531],[38.210825,49.838525],[38.210833,49.838539],[38.210806,49.838545],[38.210798,49.838531]],[[38.210043,49.838722],[38.21007,49.838716],[38.210079,49.838731],[38.210052,49.838737],[38.210043,49.838722]],[[38.209221,49.838928],[38.209248,49.838922],[38.209257,49.838939],[38.209234,49.838945],[38.209221,49.838928]]]}},{"type":"Feature","properties":{"cadnum":"4425487500:04:009:0055"},"geometry":{"type":"Polygon","coordinates":[[[38.213496,49.837662],[38.21245643882978,49.837927],[38.212456,49.837927],[38.21227636176228,49.83797290439144],[38.212021,49.838038],[38.21202162229104,49.838038],[38.211192,49.83825],[38.210363,49.839453],[38.210363,49.83945352620545],[38.209104,49.84128],[38.210363,49.84148587421383],[38.210363,49.841486],[38.210944,49.841581],[38.2109455347222,49.841581],[38.211246,49.84163],[38.211356,49.84147],[38.211355673234806,49.84147],[38.21372632676519,49.838038],[38.213727,49.838038],[38.213924,49.837754],[38.213496,49.837662]]]}},{"type":"Feature","properties":{"cadnum":"4425487500:04:009:0107"},"geometry":{"type":"Polygon","coordinates":[[[38.209234,49.838945],[38.209257,49.838939],[38.209248,49.838922],[38.209221,49.838928],[38.209234,49.838945]]]}},{"type":"Feature","properties":{"cadnum":"4425487500:04:001:0031"},"geometry":{"type":"Polygon","coordinates":[[[38.20498,49.839159],[38.204994,49.839147],[38.204976,49.839136],[38.204959,49.83915],[38.20498,49.839159]]]}},{"type":"Feature","properties":{"cadnum":"4425487500:04:009:0096"},"geometry":{"type":"Polygon","coordinates":[[[38.206741,49.840633],[38.206823,49.840607],[38.206809,49.840593],[38.20675,49.84061],[38.20672,49.840573],[38.206697,49.840579],[38.206741,49.840633]]]}},{"type":"Feature","properties":{"cadnum":"4425487500:04:009:0097"},"geometry":{"type":"Polygon","coordinates":[[[38.207092,49.840306],[38.207106,49.840294],[38.207087,49.840283],[38.20707,49.840298],[38.207092,49.840306]]]}},{"type":"Feature","properties":{"cadnum":"4425487500:04:009:0108"},"geometry":{"type":"Polygon","coordinates":[[[38.210052,49.838737],[38.210079,49.838731],[38.21007,49.838716],[38.210043,49.838722],[38.210052,49.838737]]]}},{"type":"Feature","properties":{"cadnum":"4425487500:04:009:0095"},"geometry":{"type":"Polygon","coordinates":[[[38.205762,49.840839],[38.205839,49.840825],[38.205829,49.840807],[38.205753,49.840825],[38.205762,49.840839]]]}},{"type":"Feature","properties":{"cadnum":"4425487500:04:009:0106"},"geometry":{"type":"Polygon","coordinates":[[[38.208435,49.839186],[38.208458,49.839177],[38.208421,49.83913],[38.208399,49.839139],[38.208435,49.839186]]]}},{"type":"Feature","properties":{"cadnum":"4425487500:04:009:0094"},"geometry":{"type":"Polygon","coordinates":[[[38.205062,49.84099],[38.205083,49.840984],[38.205075,49.840966],[38.205053,49.840972],[38.205062,49.84099]]]}},{"type":"Feature","properties":{"cadnum":"4425487500:02:001:0063"},"geometry":{"type":"Polygon","coordinates":[[[38.206382,49.839935],[38.2064,49.839924],[38.206378,49.839912],[38.206364,49.839927],[38.206382,49.839935]]]}},{"type":"Feature","properties":{"cadnum":"4425487500:04:009:0104"},"geometry":{"type":"Polygon","coordinates":[[[38.207479,49.839973],[38.207492,49.839959],[38.207473,49.839947],[38.207456,49.839961],[38.207479,49.839973]]]}},{"type":"Feature","properties":{"cadnum":"4425487500:04:009:0105"},"geometry":{"type":"Polygon","coordinates":[[[38.207982,49.839533],[38.207999,49.839519],[38.207982,49.839506],[38.207963,49.839521],[38.207982,49.839533]]]}},{"type":"Feature","properties":{"cadnum":"4425487500:04:001:0030"},"geometry":{"type":"Polygon","coordinates":[[[38.205699,49.839559],[38.205718,49.839544],[38.205695,49.839536],[38.205678,49.839547],[38.205699,49.839559]]]}},{"type":"Feature","properties":{"cadnum":"4425487500:04:009:0059"},"geometry":{"type":"Polygon","coordinates":[[[38.20487,49.841535],[38.20487,49.841535782255214],[38.202213,49.841656],[38.201293,49.841868],[38.199802,49.842209],[38.200422,49.842977],[38.205042,49.842758],[38.205042,49.842757779774416],[38.210101,49.842516],[38.20984,49.842276],[38.206104,49.841479],[38.20487,49.841535]]]}},{"type":"Feature","properties":{"cadnum":"4425487500:04:009:0083"},"geometry":{"type":"Polygon","coordinates":[[[38.205601,49.84126],[38.205601,49.841251],[38.205623,49.841193],[38.205601,49.84119],[38.205573,49.841245],[38.205569,49.841254],[38.205601,49.84126]]]}},{"type":"Feature","properties":{"cadnum":"4425487500:07:005:0035"},"geometry":{"type":"Polygon","coordinates":[[[38.276334,49.837305],[38.276453,49.837185],[38.276453,49.837184956140355],[38.276676,49.83696],[38.276909,49.836723],[38.2769,49.836178],[38.27689,49.835764],[38.27689,49.835759],[38.276453,49.835905384236455],[38.276453,49.835905],[38.275867,49.8361],[38.273867,49.836772],[38.272812,49.837125],[38.27341986856518,49.837927],[38.273419,49.837927],[38.274452,49.839287],[38.274968,49.838849],[38.275651,49.837997],[38.275974,49.83767],[38.276281,49.83735873611111],[38.276281,49.837359],[38.276334,49.837305]]]}},{"type":"Feature","properties":{"cadnum":"4425487500:07:005:0076"},"geometry":{"type":"Polygon","coordinates":[[[38.276733,49.837108],[38.276747,49.837094],[38.276725,49.837085],[38.276712,49.837099],[38.276733,49.837108]]]}},{"type":"Feature","properties":{"cadnum":"4425487500:07:005:0075"},"geometry":{"type":"Polygon","coordinates":[[[38.276397,49.837447],[38.276374,49.837438],[38.27636,49.837453],[38.276383,49.837462],[38.276397,49.837447]]]}},{"type":"Feature","properties":{"cadnum":"4425487500:07:005:0079"},"geometry":{"type":"Polygon","coordinates":[[[38.276985,49.835819],[38.276985,49.835802],[38.276959,49.835802],[38.276959,49.835819],[38.276985,49.835819]]]}},{"type":"Feature","properties":{"cadnum":"4425487500:07:005:0081"},"geometry":{"type":"Polygon","coordinates":[[[38.276972,49.834866],[38.276972,49.834851],[38.276945,49.834851],[38.276945,49.834866],[38.276972,49.834866]]]}},{"type":"Feature","properties":{"cadnum":"4425487500:07:005:0080"},"geometry":{"type":"Polygon","coordinates":[[[38.276976,49.835336],[38.276976,49.835318],[38.276949,49.835318],[38.276949,49.835336],[38.276976,49.835336]]]}},{"type":"Feature","properties":{"cadnum":"4425487500:07:005:0077"},"geometry":{"type":"Polygon","coordinates":[[[38.277003,49.836842],[38.277003,49.836787],[38.276976,49.836787],[38.276976,49.836842],[38.277003,49.836842]]]}},{"type":"Feature","properties":{"cadnum":"4425487500:07:006:0036"},"geometry":{"type":"Polygon","coordinates":[[[38.279689,49.837873],[38.27972,49.83787],[38.279716,49.83785],[38.279685,49.837853],[38.279689,49.837873]]]}},{"type":"Feature","properties":{"cadnum":"4425487500:07:007:0101"},"geometry":{"type":"Polygon","coordinates":[[[38.279029,49.835445],[38.279056,49.835439],[38.279051,49.83542],[38.27902,49.835425],[38.279029,49.835445]]]}},{"type":"Feature","properties":{"cadnum":"4425487500:07:006:0035"},"geometry":{"type":"Polygon","coordinates":[[[38.279357,49.836642],[38.279383,49.836639],[38.279379,49.836618],[38.279347,49.836622],[38.279357,49.836642]]]}},{"type":"Feature","properties":{"cadnum":"4425487500:07:005:0078"},"geometry":{"type":"Polygon","coordinates":[[[38.276995,49.836233],[38.276995,49.836216],[38.276967,49.836216],[38.276967,49.836233],[38.276995,49.836233]]]}},{"type":"Feature","properties":{"cadnum":"4425487500:04:003:0061"},"geometry":{"type":"Polygon","coordinates":[[[38.106858,49.826044],[38.106975,49.824888],[38.107186,49.824884],[38.107203,49.824545],[38.105993,49.824652],[38.105993,49.82465207792208],[38.104625,49.824772],[38.104788,49.826136],[38.105993,49.8260826194626],[38.105993,49.826083],[38.106858,49.826044]]]}},{"type":"Feature","properties":{"cadnum":"4425487500:04:001:0258"},"geometry":{"type":"Polygon","coordinates":[[[38.177404,49.869760408536585],[38.177404,49.869761],[38.177457,49.869731],[38.177576,49.869668],[38.177576,49.86966798666666],[38.177982,49.869453],[38.177404,49.869378],[38.177404,49.8693787752809],[38.177398,49.869378],[38.174335,49.868601],[38.173759,49.868457],[38.17293777403846,49.869802],[38.172937,49.869802],[38.17222,49.870978],[38.174254,49.871497],[38.175004,49.871086],[38.175943,49.870573],[38.176828,49.870081],[38.177316854546135,49.86980876363599],[38.177404,49.869760408536585]]]}},{"type":"Feature","properties":{"cadnum":"4425487500:04:001:0299"},"geometry":{"type":"Polygon","coordinates":[[[38.174361,49.866219],[38.173266,49.866106],[38.173205,49.866372],[38.17320630745016,49.866372],[38.172807,49.868167],[38.173868,49.868437],[38.173918,49.868237],[38.174352,49.866261],[38.17435166666667,49.866261],[38.174361,49.866219]]]}},{"type":"Feature","properties":{"cadnum":"4425487500:04:001:0302"},"geometry":{"type":"Polygon","coordinates":[[[38.171324464131374,49.866261],[38.171324,49.866261],[38.171006,49.867708],[38.171895,49.867933],[38.171911,49.867860914893605],[38.171911,49.867861],[38.17191688773435,49.86783438877133],[38.172083,49.867086],[38.172083,49.86708359887006],[38.172265,49.866261],[38.17226473654391,49.866261],[38.172476,49.865313],[38.172017,49.865264],[38.171555,49.865215],[38.171324464131374,49.866261]]]}},{"type":"Feature","properties":{"cadnum":"4425487500:04:001:0303"},"geometry":{"type":"Polygon","coordinates":[[[38.173352,49.865406],[38.172682,49.865336],[38.172476,49.865313],[38.172265631728045,49.866261],[38.172265,49.866261],[38.17191688773435,49.86783438877133],[38.171895,49.867933],[38.172083,49.867982],[38.172083,49.867981193003615],[38.17274,49.86815],[38.17313532027528,49.866372],[38.173136,49.866372],[38.173352,49.865406]]]}},{"type":"Feature","properties":{"cadnum":"4425487500:04:003:0002"},"geometry":{"type":"Polygon","coordinates":[[[38.083048,49.837522],[38.081198,49.836509],[38.079307,49.836648],[38.081764,49.838038],[38.08176426954177,49.838038],[38.084192,49.839411],[38.084192,49.839410737142856],[38.086471,49.8407],[38.08744,49.839965],[38.087153,49.839736],[38.084021,49.838047],[38.084021,49.83804755583756],[38.083798,49.837927],[38.083797563953496,49.837927],[38.083048,49.837522]]]}},{"type":"Feature","properties":{"cadnum":"4425487500:04:003:0001"},"geometry":{"type":"Polygon","coordinates":[[[38.079815,49.838038],[38.079815126094566,49.838038],[38.082689,49.83964],[38.08397,49.840426],[38.084192,49.840549],[38.084192,49.84054811380597],[38.085629,49.841339],[38.086472,49.840699],[38.084192,49.83941062790698],[38.084192,49.83941],[38.081569,49.837927],[38.08156875646552,49.837927],[38.079304,49.836646],[38.078527,49.836703],[38.078527,49.8367035048011],[38.077241,49.836797],[38.078058,49.837058],[38.078527,49.8373199375975],[38.078527,49.83732],[38.078586491916674,49.83735316397218],[38.078699,49.837416],[38.078699,49.837415881987575],[38.079815,49.838038]]]}},{"type":"Feature","properties":{"cadnum":"4425487500:07:003:0047"},"geometry":{"type":"Polygon","coordinates":[[[38.232658,49.827913],[38.232681,49.827904],[38.232662,49.827889],[38.232644,49.827898],[38.232658,49.827913]]]}},{"type":"Feature","properties":{"cadnum":"4425487500:07:003:0048"},"geometry":{"type":"Polygon","coordinates":[[[38.233457,49.827554],[38.23348,49.827545],[38.233467,49.82753],[38.233444,49.827539],[38.233457,49.827554]]]}},{"type":"Feature","properties":{"cadnum":"4425487500:07:007:0143"},"geometry":{"type":"Polygon","coordinates":[[[38.30491,49.814229],[38.304868,49.814211],[38.304419,49.814032],[38.303747,49.814698],[38.303747,49.81469933230498],[38.301762086782375,49.816665],[38.301762,49.816665],[38.301722266691065,49.81670443399964],[38.30165,49.816776],[38.30165015749525,49.816776],[38.3007,49.817719],[38.301495,49.817614],[38.302452,49.816665],[38.30245113554987,49.816665],[38.303919,49.815212],[38.303919,49.81521147893379],[38.30491,49.814229]]]}},{"type":"Feature","properties":{"cadnum":"4425487500:07:007:0108"},"geometry":{"type":"Polygon","coordinates":[[[38.303966,49.81385],[38.303919,49.81383111415525],[38.303919,49.813831],[38.30381438461719,49.813789076923804],[38.303747,49.813762],[38.303747,49.81376207352941],[38.303647,49.813722],[38.301612,49.81544],[38.300428,49.816776],[38.30042879012346,49.816776],[38.299452,49.81788],[38.299968,49.817814],[38.30101322715405,49.816776],[38.301014,49.816776],[38.303747,49.81406651979346],[38.303747,49.814067],[38.303966,49.81385]]]}},{"type":"Feature","properties":{"cadnum":"4425487500:07:007:0112"},"geometry":{"type":"Polygon","coordinates":[[[38.305448,49.814446],[38.305363,49.814411],[38.30491,49.814229],[38.303747,49.815382],[38.303747,49.81538225822785],[38.302339,49.816776],[38.30234006427819,49.816776],[38.301495,49.817614],[38.301591,49.817603],[38.302107,49.817547],[38.302331,49.817536],[38.30309623536166,49.816776],[38.303097,49.816776],[38.303919,49.815962],[38.303919,49.815961516754854],[38.305448,49.814446]]]}},{"type":"Feature","properties":{"cadnum":"4425487500:07:007:0113"},"geometry":{"type":"Polygon","coordinates":[[[38.305866,49.814615],[38.305448,49.814446],[38.303747,49.816132],[38.303747,49.81613232603406],[38.303209090909085,49.816665],[38.303208,49.816665],[38.302331,49.817536],[38.303203,49.817489],[38.303919,49.81678],[38.303919,49.816778601398596],[38.30392161052632,49.816776],[38.303922,49.816776],[38.306036,49.814681],[38.305866,49.814615]]]}},{"type":"Feature","properties":{"cadnum":"4425487500:07:007:0110"},"geometry":{"type":"Polygon","coordinates":[[[38.304419,49.814032],[38.304361,49.814009],[38.303966,49.81385],[38.303919,49.81389657077626],[38.303919,49.813896],[38.301125963541665,49.816665],[38.301125,49.816665],[38.299968,49.817814],[38.3007,49.817719],[38.301722266691065,49.81670443399964],[38.303919,49.814529],[38.303919,49.814527535714284],[38.304419,49.814032]]]}},{"type":"Feature","properties":{"cadnum":"4425487500:07:005:0040"},"geometry":{"type":"Polygon","coordinates":[[[38.273823,49.833502],[38.27182,49.834174],[38.272062,49.834495],[38.27206326537998,49.834495],[38.273867,49.836871],[38.275867,49.836199],[38.274491,49.834384],[38.27449093957704,49.834384],[38.273823,49.833502]]]}},{"type":"Feature","properties":{"cadnum":"4425487500:07:005:0074"},"geometry":{"type":"Polygon","coordinates":[[[38.276033,49.837818],[38.276047,49.837803],[38.276024,49.837795],[38.27601,49.837809],[38.276033,49.837818]]]}},{"type":"Feature","properties":{"cadnum":"4425487500:04:009:0010"},"geometry":{"type":"Polygon","coordinates":[[[38.226203,49.852662],[38.224784,49.852271],[38.22253513829788,49.855638],[38.222535,49.855638],[38.222476100314196,49.85572639178099],[38.222461,49.855749],[38.222461035372845,49.855749],[38.221838,49.856684],[38.22309,49.857032],[38.223253,49.857075],[38.224138845511476,49.855749],[38.224139,49.855749],[38.226203,49.852662]]]}},{"type":"Feature","properties":{"cadnum":"4425487500:04:009:0025"},"geometry":{"type":"Polygon","coordinates":[[[38.229985,49.842368],[38.22892,49.842065],[38.226960418994224,49.84499670191568],[38.22695007246377,49.845012],[38.226949,49.845012],[38.225381,49.847359],[38.226563,49.847686],[38.227015,49.84701],[38.227015,49.847009285714286],[38.22827391796008,49.845123],[38.228274,49.845123],[38.230094,49.842398],[38.229985,49.842368]]]}},{"type":"Feature","properties":{"cadnum":"4425487500:04:009:0024"},"geometry":{"type":"Polygon","coordinates":[[[38.230197,49.844341],[38.230735,49.843536],[38.231279,49.84272],[38.230094,49.842398],[38.22834813577982,49.845012],[38.228348,49.845012],[38.226843,49.847267],[38.226843,49.84726723893805],[38.226563,49.847686],[38.226843,49.84776343362832],[38.226843,49.847764],[38.227744,49.848011],[38.228769,49.846482],[38.229563,49.845288],[38.22967240217391,49.845123],[38.229673,49.845123],[38.230197,49.844341]]]}},{"type":"Feature","properties":{"cadnum":"4425487500:04:009:0026"},"geometry":{"type":"Polygon","coordinates":[[[38.228943,49.842033],[38.227767,49.841694],[38.226843,49.843076],[38.226843,49.843076162881246],[38.225548240885416,49.845012],[38.225547,49.845012],[38.224218,49.847],[38.225408,49.84733],[38.22687996807593,49.845123],[38.22688,49.845123],[38.226882,49.845123],[38.228943,49.842033]],[[38.225211,49.846351],[38.225238,49.846363],[38.225224,49.84638],[38.225197,49.846369],[38.225211,49.846351]]]}},{"type":"Feature","properties":{"cadnum":"4425487500:04:002:0296"},"geometry":{"type":"Polygon","coordinates":[[[38.155762,49.835138],[38.155784,49.835136],[38.155784,49.835118],[38.155758,49.835121],[38.155762,49.835138]]]}},{"type":"Feature","properties":{"cadnum":"4425487500:04:002:0282"},"geometry":{"type":"Polygon","coordinates":[[[38.16002,49.835888],[38.160046,49.835886],[38.160033,49.835825],[38.160006,49.835828],[38.16002,49.835888]]]}},{"type":"Feature","properties":{"cadnum":"4425487500:04:002:0321"},"geometry":{"type":"Polygon","coordinates":[[[38.160303,49.835703],[38.160352,49.835651],[38.160276,49.835619],[38.160262,49.835634],[38.160316,49.835657],[38.160281,49.835695],[38.160303,49.835703]]]}},{"type":"Feature","properties":{"cadnum":"4425487500:04:002:0283"},"geometry":{"type":"Polygon","coordinates":[[[38.159536,49.835804],[38.159536,49.835822],[38.159616,49.835822],[38.159616,49.835804],[38.159536,49.835804]]]}},{"type":"Feature","properties":{"cadnum":"4425487500:04:002:0324"},"geometry":{"type":"Polygon","coordinates":[[[38.158452,49.835657],[38.158452,49.835643],[38.158425,49.835643],[38.158425,49.835657],[38.158452,49.835657]]]}},{"type":"Feature","properties":{"cadnum":"4425487500:04:002:0288"},"geometry":{"type":"Polygon","coordinates":[[[38.155878,49.835781],[38.155874,49.835834],[38.155901,49.835834],[38.155901,49.835781],[38.155878,49.835781]]]}},{"type":"Feature","properties":{"cadnum":"4425487500:04:002:0390"},"geometry":{"type":"Polygon","coordinates":[[[38.160406,49.837372],[38.160675,49.837271],[38.160861,49.837297],[38.160339,49.835781],[38.160136,49.835703],[38.159853,49.835778],[38.159903,49.835825],[38.160065,49.835976],[38.160073,49.836419],[38.160232,49.83665],[38.1600172997076,49.837927],[38.160017,49.837927],[38.160002,49.838018],[38.160059,49.837927],[38.16005891021672,49.837927],[38.160406,49.837372]],[[38.160352,49.837227],[38.160425,49.837192],[38.160442,49.837204],[38.160371,49.837241],[38.160352,49.837227]],[[38.160245,49.836784],[38.160272,49.836781],[38.160276,49.836796],[38.160249,49.836798],[38.160245,49.836784]],[[38.160128,49.836306],[38.16015,49.836303],[38.160155,49.836317],[38.160132,49.83632],[38.160128,49.836306]],[[38.160006,49.835828],[38.160033,49.835825],[38.160046,49.835886],[38.16002,49.835888],[38.160006,49.835828]]]}},{"type":"Feature","properties":{"cadnum":"4425487500:04:002:0323"},"geometry":{"type":"Polygon","coordinates":[[[38.159113,49.83566],[38.159113,49.835643],[38.159086,49.835643],[38.159086,49.83566],[38.159113,49.83566]]]}},{"type":"Feature","properties":{"cadnum":"4425487500:04:002:0140"},"geometry":{"type":"Polygon","coordinates":[[[38.161097,49.8357635788173],[38.166418,49.8358124211827],[38.166418,49.835813],[38.166874,49.835817],[38.166883,49.835521],[38.166418,49.835516],[38.166418,49.83551639082083],[38.161097,49.83546660917917],[38.161097,49.835466],[38.160515,49.83546],[38.160612,49.835759],[38.161097,49.835764],[38.161097,49.8357635788173]]]}},{"type":"Feature","properties":{"cadnum":"4425487500:04:002:0329"},"geometry":{"type":"Polygon","coordinates":[[[38.156306,49.835115],[38.156333,49.835112],[38.156328,49.835095],[38.156301,49.835098],[38.156306,49.835115]]]}},{"type":"Feature","properties":{"cadnum":"4425487500:04:002:0297"},"geometry":{"type":"Polygon","coordinates":[[[38.155681,49.83466],[38.155704,49.834657],[38.155704,49.83464],[38.155677,49.834643],[38.155681,49.83466]]]}},{"type":"Feature","properties":{"cadnum":"4425487500:04:002:0136"},"geometry":{"type":"Polygon","coordinates":[[[38.161097,49.83700184503762],[38.166418,49.83705236689359],[38.166418,49.837053],[38.166843,49.837056],[38.166847,49.836738],[38.166418,49.836734],[38.166418,49.83673439082083],[38.161037800454785,49.83668405532641],[38.160909,49.836682],[38.160925,49.83673355555556],[38.160925,49.836734],[38.161008,49.837001],[38.161097,49.837002],[38.161097,49.83700184503762]]]}},{"type":"Feature","properties":{"cadnum":"4425487500:04:002:0139"},"geometry":{"type":"Polygon","coordinates":[[[38.161097,49.83606654845543],[38.16659,49.836116],[38.16659,49.83611553914989],[38.166865,49.836118],[38.166874,49.835817],[38.16659,49.83581450877193],[38.16659,49.835814],[38.160925,49.835762],[38.160925,49.83576222680412],[38.160612,49.835759],[38.160708,49.836062],[38.160925,49.836064789203085],[38.160925,49.836065],[38.160979740749056,49.836065492811684],[38.161097,49.836067],[38.161097,49.83606654845543]]]}},{"type":"Feature","properties":{"cadnum":"4425487500:04:002:0281"},"geometry":{"type":"Polygon","coordinates":[[[38.160132,49.83632],[38.160155,49.836317],[38.16015,49.836303],[38.160128,49.836306],[38.160132,49.83632]]]}},{"type":"Feature","properties":{"cadnum":"4425487500:04:002:0326"},"geometry":{"type":"Polygon","coordinates":[[[38.156876,49.835654],[38.156876,49.835637],[38.156849,49.835637],[38.156849,49.835654],[38.156876,49.835654]]]}},{"type":"Feature","properties":{"cadnum":"4425487500:04:002:0285"},"geometry":{"type":"Polygon","coordinates":[[[38.158048,49.835828],[38.158048,49.83581],[38.158021,49.83581],[38.158021,49.835828],[38.158048,49.835828]]]}},{"type":"Feature","properties":{"cadnum":"4425487500:04:002:0295"},"geometry":{"type":"Polygon","coordinates":[[[38.155847,49.835503],[38.155847,49.835486],[38.155821,49.835489],[38.155821,49.835503],[38.155847,49.835503]]]}},{"type":"Feature","properties":{"cadnum":"4425487500:04:002:0284"},"geometry":{"type":"Polygon","coordinates":[[[38.158817,49.835825],[38.158817,49.835808],[38.15879,49.835808],[38.15879,49.835825],[38.158817,49.835825]]]}},{"type":"Feature","properties":{"cadnum":"4425487500:04:002:0322"},"geometry":{"type":"Polygon","coordinates":[[[38.159805,49.835663],[38.159805,49.835645],[38.159777,49.835645],[38.159777,49.83566],[38.159805,49.835663]]]}},{"type":"Feature","properties":{"cadnum":"4425487500:04:002:0325"},"geometry":{"type":"Polygon","coordinates":[[[38.157671,49.835657],[38.157671,49.835639],[38.157645,49.835639],[38.157645,49.835657],[38.157671,49.835657]]]}},{"type":"Feature","properties":{"cadnum":"4425487500:04:002:0287"},"geometry":{"type":"Polygon","coordinates":[[[38.15666,49.83583],[38.15666,49.835817],[38.156633,49.835813],[38.156633,49.83583],[38.15666,49.83583]]]}},{"type":"Feature","properties":{"cadnum":"4425487500:04:002:0111"},"geometry":{"type":"Polygon","coordinates":[[[38.157612,49.829393],[38.156387,49.82915],[38.156696,49.830952],[38.15669710755336,49.830952],[38.15728789244664,49.834384],[38.157286,49.834384],[38.157492,49.83557],[38.158452,49.835581],[38.158677,49.835567],[38.15849123499578,49.834495],[38.158492,49.834495],[38.157862,49.830841],[38.15786184733804,49.830841],[38.157612,49.829393]]]}},{"type":"Feature","properties":{"cadnum":"4425487500:04:002:0286"},"geometry":{"type":"Polygon","coordinates":[[[38.157348,49.83583],[38.157348,49.835813],[38.157325,49.835813],[38.157325,49.83583],[38.157348,49.83583]]]}},{"type":"Feature","properties":{"cadnum":"4425487500:04:002:0125"},"geometry":{"type":"Polygon","coordinates":[[[38.160232,49.83665],[38.160073,49.836419],[38.160065,49.835976],[38.159903,49.835825],[38.157976,49.835842],[38.15796080874317,49.837927],[38.15796,49.837927],[38.157949,49.839591],[38.157962,49.839591],[38.158704,49.839704],[38.158915,49.839712],[38.159257,49.839776],[38.159827,49.838559],[38.15975,49.838432],[38.159836,49.838154],[38.160002,49.838018],[38.160232,49.83665]]]}},{"type":"Feature","properties":{"cadnum":"4425487500:04:002:0327"},"geometry":{"type":"Polygon","coordinates":[[[38.1564,49.835637],[38.156396,49.835654],[38.156476,49.835654],[38.156476,49.835637],[38.1564,49.835637]]]}},{"type":"Feature","properties":{"cadnum":"4425487500:04:002:0112"},"geometry":{"type":"Polygon","coordinates":[[[38.158991,49.829665],[38.157612,49.829393],[38.157881,49.830952],[38.157881137931035,49.830952],[38.15847286206897,49.834384],[38.158472,49.834384],[38.158677,49.835567],[38.15957,49.835506],[38.15957,49.835394],[38.15975,49.835202],[38.159966,49.835089],[38.159773,49.834516],[38.159754274999926,49.83440364999955],[38.159197892446635,49.830952],[38.159198,49.830952],[38.158991,49.829665]]]}},{"type":"Feature","properties":{"cadnum":"4425487500:04:002:0395"},"geometry":{"type":"Polygon","coordinates":[[[38.155543,49.830952],[38.15554310755336,49.830952],[38.156153,49.834495],[38.15615324252776,49.834495],[38.156337,49.835555],[38.157492,49.83557],[38.157305279932544,49.834495],[38.157307,49.834495],[38.156678,49.830841],[38.15667696614872,49.830841],[38.156387,49.82915],[38.155754,49.829025],[38.155562487903474,49.8290184576613],[38.155209,49.829005],[38.155543,49.830952]],[[38.156381,49.83548],[38.156409,49.83548],[38.1564,49.835532],[38.156373,49.835529],[38.156381,49.83548]],[[38.156328,49.835095],[38.156333,49.835112],[38.156306,49.835115],[38.156301,49.835098],[38.156328,49.835095]]]}},{"type":"Feature","properties":{"cadnum":"4425487500:04:002:0124"},"geometry":{"type":"Polygon","coordinates":[[[38.157976,49.835842],[38.155888,49.835862],[38.15587091819853,49.837927],[38.15587,49.837927],[38.155861,49.839289],[38.156494,49.839368],[38.157949,49.839591],[38.157959266225966,49.838038],[38.15796,49.838038],[38.157976,49.835842]]]}},{"type":"Feature","properties":{"cadnum":"4425487500:04:002:0328"},"geometry":{"type":"Polygon","coordinates":[[[38.1564,49.835532],[38.156409,49.83548],[38.156381,49.83548],[38.156373,49.835529],[38.1564,49.835532]]]}},{"type":"Feature","properties":{"cadnum":"4425487500:04:002:0330"},"geometry":{"type":"Polygon","coordinates":[[[38.156175,49.834617],[38.156171,49.8346],[38.156144,49.834602],[38.156148,49.834617],[38.156175,49.834617]]]}},{"type":"Feature","properties":{"cadnum":"4425487500:04:002:0046"},"geometry":{"type":"Polygon","coordinates":[[[38.166834,49.83738],[38.166843,49.837056],[38.16659,49.83705421411764],[38.16659,49.837054],[38.161008,49.837001],[38.161115,49.837329],[38.16659,49.837379],[38.16659,49.837378240384616],[38.166834,49.83738]]]}},{"type":"Feature","properties":{"cadnum":"4425487500:04:002:0137"},"geometry":{"type":"Polygon","coordinates":[[[38.161097,49.83668460917917],[38.16659,49.836736],[38.16659,49.8367356037296],[38.166847,49.836738],[38.166857,49.836427],[38.16659,49.83642517539863],[38.16659,49.836425],[38.161011451194724,49.836371824071406],[38.160806,49.836369],[38.160909,49.836682],[38.160925,49.836682255319154],[38.160925,49.836683],[38.16103780045479,49.83668405532641],[38.161097,49.836685],[38.161097,49.83668460917917]]]}},{"type":"Feature","properties":{"cadnum":"4425487500:04:002:0318"},"geometry":{"type":"Polygon","coordinates":[[[38.160748,49.83696],[38.160775,49.836957],[38.160771,49.83694],[38.160743,49.836943],[38.160748,49.83696]]]}},{"type":"Feature","properties":{"cadnum":"4425487500:01:001:0046"},"geometry":{"type":"Polygon","coordinates":[[[38.160941,49.837393],[38.160958,49.83738],[38.160909,49.837352],[38.160954,49.83732],[38.160932,49.837308],[38.160869,49.837354],[38.160941,49.837393]]]}},{"type":"Feature","properties":{"cadnum":"4425487500:01:001:0017"},"geometry":{"type":"Polygon","coordinates":[[[38.160798,49.837444],[38.160792,49.837505],[38.160887,49.837505],[38.160887,49.837488],[38.160819,49.837488],[38.160819,49.837444],[38.160798,49.837444]]]}},{"type":"Feature","properties":{"cadnum":"4425487500:04:002:0280"},"geometry":{"type":"Polygon","coordinates":[[[38.160249,49.836798],[38.160276,49.836796],[38.160272,49.836781],[38.160245,49.836784],[38.160249,49.836798]]]}},{"type":"Feature","properties":{"cadnum":"4425487500:04:002:0319"},"geometry":{"type":"Polygon","coordinates":[[[38.160631,49.836592],[38.160654,49.83659],[38.160649,49.836573],[38.160622,49.836578],[38.160631,49.836592]]]}},{"type":"Feature","properties":{"cadnum":"4425487500:04:002:0279"},"geometry":{"type":"Polygon","coordinates":[[[38.160371,49.837241],[38.160442,49.837204],[38.160425,49.837192],[38.160352,49.837227],[38.160371,49.837241]]]}},{"type":"Feature","properties":{"cadnum":"4425487500:04:002:0320"},"geometry":{"type":"Polygon","coordinates":[[[38.160482,49.836144],[38.160509,49.836137],[38.160501,49.836124],[38.160478,49.836126],[38.160482,49.836144]]]}},{"type":"Feature","properties":{"cadnum":"4425487500:04:002:0138"},"geometry":{"type":"Polygon","coordinates":[[[38.161097,49.83637263954104],[38.166418,49.83642336045896],[38.166418,49.836424],[38.166857,49.836427],[38.166865,49.836118],[38.166418,49.836114],[38.166418,49.83611445154457],[38.16097974074905,49.836065492811684],[38.160708,49.836062],[38.160806,49.836369],[38.160925,49.83637063573883],[38.160925,49.836371],[38.16101145119473,49.836371824071406],[38.161097,49.836373],[38.161097,49.83637263954104]]]}},{"type":"Feature","properties":{"cadnum":"4425487500:04:002:0141"},"geometry":{"type":"Polygon","coordinates":[[[38.160442,49.835237],[38.160515,49.83546],[38.160925,49.83546422680412],[38.160925,49.835465],[38.16659,49.835518],[38.16659,49.83551784946236],[38.166883,49.835521],[38.166887,49.835251],[38.16659,49.83525036673774],[38.16659,49.83525],[38.16536,49.835246],[38.161587,49.835118],[38.160925,49.835187],[38.160925,49.83518759389313],[38.160442,49.835237]]]}},{"type":"Feature","properties":{"cadnum":"4425487500:04:002:0067"},"geometry":{"type":"Polygon","coordinates":[[[38.128138,49.850831],[38.12425,49.849265],[38.123648,49.849922],[38.127966,49.851662663697105],[38.127966,49.851663],[38.129316,49.852207],[38.12931652631578,49.852207],[38.132531,49.853502],[38.133097,49.852827],[38.131281,49.852096],[38.13128022837371,49.852096],[38.128138,49.85083123119777],[38.128138,49.850831]]]}},{"type":"Feature","properties":{"cadnum":"4425487500:04:002:0065"},"geometry":{"type":"Polygon","coordinates":[[[38.124922938538205,49.848554],[38.124922,49.848554],[38.124829,49.848651],[38.124863,49.848665],[38.12486372713643,49.848665],[38.128138,49.849985],[38.128138,49.849984262153086],[38.13338211808605,49.852096],[38.133381,49.852096],[38.133623,49.852193],[38.133631,49.852185],[38.133631,49.852184],[38.133631,49.8521836031746],[38.133875,49.851897],[38.134148,49.851567],[38.133631,49.85135914949202],[38.133631,49.851359],[38.128138,49.849147255428065],[38.128138,49.849147],[38.126668,49.848554],[38.12666712175325,49.848554],[38.125412,49.848049],[38.124922938538205,49.848554]]]}},{"type":"Feature","properties":{"cadnum":"4425487500:04:002:0066"},"geometry":{"type":"Polygon","coordinates":[[[38.124527,49.848961],[38.12425,49.849265],[38.127966,49.850761722222224],[38.127966,49.850762],[38.131556,49.852207],[38.13155675376196,49.852207],[38.133097,49.852827],[38.133165,49.852746],[38.133623,49.852193],[38.127966,49.849915],[38.127966,49.84991565941372],[38.124829,49.848651],[38.124527,49.848961]]]}},{"type":"Feature","properties":{"cadnum":"4425487500:04:002:0064"},"geometry":{"type":"Polygon","coordinates":[[[38.126001,49.847437],[38.125412,49.848049],[38.126943,49.848665],[38.12694316020236,49.848665],[38.127966,49.849077614965985],[38.127966,49.849078],[38.133459,49.851289744571936],[38.133459,49.85129],[38.134148,49.851567],[38.134607,49.85102],[38.134678,49.850933],[38.133631,49.85051127973749],[38.133631,49.850511],[38.128773,49.848554],[38.12877253669725,49.848554],[38.128138,49.84829830868762],[38.128138,49.848298],[38.126001,49.847437]]]}},{"type":"Feature","properties":{"cadnum":"4425487500:04:002:0026"},"geometry":{"type":"Polygon","coordinates":[[[38.122644,49.84812453246753],[38.123936,49.848665],[38.12393693696274,49.848665],[38.124505,49.848903],[38.124761551725825,49.84863652216574],[38.12521,49.848173],[38.122473,49.847028],[38.122473,49.84702842039074],[38.118191,49.845236],[38.117143,49.845822],[38.122644,49.848125],[38.122644,49.84812453246753]]]}},{"type":"Feature","properties":{"cadnum":"4425487500:04:002:0127"},"geometry":{"type":"Polygon","coordinates":[[[38.166955,49.843886],[38.166541720587894,49.8439229411765],[38.166394,49.843935],[38.165693,49.844237],[38.165316,49.844764],[38.16516747632312,49.845012],[38.165167,49.845012],[38.164781,49.845659],[38.16659,49.846102],[38.16659,49.84610097966102],[38.166713,49.846131],[38.16736,49.845012],[38.16735928417267,49.845012],[38.167939,49.844011],[38.166955,49.843886]]]}},{"type":"Feature","properties":{"cadnum":"4425487500:04:002:0391"},"geometry":{"type":"Polygon","coordinates":[[[38.145674,49.850502],[38.145395,49.851046],[38.145117,49.85159],[38.145085,49.851648],[38.147692,49.852207],[38.14769376470587,49.852207],[38.149939,49.8526883404908],[38.149939,49.852689],[38.15167,49.853059],[38.15210528971963,49.852207],[38.152106,49.852207],[38.152259,49.85191],[38.15011,49.851450558620684],[38.15011,49.85145],[38.145674,49.850502]]]}},{"type":"Feature","properties":{"cadnum":"4425487500:04:001:0169"},"geometry":{"type":"Polygon","coordinates":[[[38.204934564014735,49.87612601829047],[38.205042,49.876055],[38.205042,49.87605449575071],[38.205223,49.875934],[38.205042,49.8758570878187],[38.205042,49.875857],[38.204221,49.875506],[38.201302,49.876108],[38.200345,49.876241],[38.201114,49.876774],[38.20126934246576,49.876882],[38.201269,49.876882],[38.202496,49.877735],[38.202739,49.877578],[38.20362154310345,49.876993],[38.203623,49.876993],[38.20487,49.8761686969697],[38.20487,49.876169],[38.204934564014735,49.87612601829047]]]}},{"type":"Feature","properties":{"cadnum":"4425487500:04:001:0152"},"geometry":{"type":"Polygon","coordinates":[[[38.201716,49.870321],[38.20137,49.870513],[38.200458,49.871245],[38.202716,49.873453],[38.20271754036872,49.873453],[38.204213,49.874915],[38.205042,49.874663],[38.205042,49.87466256877323],[38.205408,49.874551],[38.205898,49.874409],[38.205034793892004,49.87356594656379],[38.204806,49.873342],[38.20480548371648,49.873342],[38.201716,49.870321]]]}},{"type":"Feature","properties":{"cadnum":"4425487500:04:001:0153"},"geometry":{"type":"Polygon","coordinates":[[[38.202896,49.870208],[38.20202,49.870234],[38.20189,49.870223],[38.201711,49.870321],[38.204917,49.873453],[38.20491817148554,49.873453],[38.20498524076546,49.873518438217666],[38.205042,49.873574],[38.205042,49.87357381712062],[38.205898,49.874409],[38.206567,49.874214],[38.207402,49.873888],[38.206956642857136,49.873453],[38.206957,49.873453],[38.20499098550291,49.8715331449233],[38.203458,49.870035],[38.202896,49.870208]],[[38.203718,49.870764],[38.203876,49.870768],[38.203777,49.870845],[38.20362,49.870843],[38.203718,49.870764]]]}},{"type":"Feature","properties":{"cadnum":"4425487500:07:004:0005"},"geometry":{"type":"Polygon","coordinates":[[[38.253122,49.808731],[38.250912,49.808626],[38.250792,49.809687],[38.250793597014926,49.809687],[38.250529,49.812055],[38.251078,49.812157],[38.252753,49.811218],[38.252852,49.811116],[38.253012530519484,49.809687],[38.253013,49.809687],[38.253122,49.808731]]]}},{"type":"Feature","properties":{"cadnum":"4425487500:04:002:0385"},"geometry":{"type":"Polygon","coordinates":[[[38.151441,49.83411],[38.151706,49.834099],[38.152924,49.833925],[38.152632,49.832876],[38.150425,49.833487],[38.150597,49.833618],[38.150821,49.833884],[38.150947,49.834005],[38.151176,49.834107],[38.151441,49.83411]]]}},{"type":"Feature","properties":{"cadnum":"4425487500:04:002:0383"},"geometry":{"type":"Polygon","coordinates":[[[38.152429,49.832154],[38.152263,49.831546],[38.149939,49.832191],[38.149939,49.83219129022082],[38.149159,49.832407],[38.149222,49.832517],[38.149681,49.832916],[38.15011,49.832798],[38.15011,49.83279754578313],[38.152429,49.832154]]]}},{"type":"Feature","properties":{"cadnum":"4425487500:04:002:0378"},"geometry":{"type":"Polygon","coordinates":[[[38.152901,49.8336],[38.155479,49.832884],[38.155362,49.83218],[38.152712,49.832914],[38.152901,49.8336]]]}},{"type":"Feature","properties":{"cadnum":"4425487500:04:002:0376"},"geometry":{"type":"Polygon","coordinates":[[[38.155138,49.830827],[38.155087376000004,49.830841],[38.155087,49.830841],[38.152349,49.831598],[38.152528,49.83225],[38.155249,49.831494],[38.15515769831546,49.830952],[38.155158,49.830952],[38.155138,49.830827]]]}},{"type":"Feature","properties":{"cadnum":"4425487500:04:002:0377"},"geometry":{"type":"Polygon","coordinates":[[[38.152712,49.832914],[38.155362,49.83218],[38.155249,49.831494],[38.152528,49.83225],[38.152712,49.832914]]]}},{"type":"Feature","properties":{"cadnum":"4425487500:04:002:0304"},"geometry":{"type":"Polygon","coordinates":[[[38.155088,49.83116],[38.155115,49.831158],[38.155111,49.83114],[38.155084,49.831143],[38.155088,49.83116]]]}},{"type":"Feature","properties":{"cadnum":"4425487500:04:002:0336"},"geometry":{"type":"Polygon","coordinates":[[[38.155488,49.831453],[38.155484,49.831436],[38.155461,49.831436],[38.155461,49.831453],[38.155488,49.831453]]]}},{"type":"Feature","properties":{"cadnum":"4425487500:04:002:0384"},"geometry":{"type":"Polygon","coordinates":[[[38.152632,49.832876],[38.152429,49.832154],[38.149939,49.832845],[38.149939,49.83284503496503],[38.149681,49.832916],[38.149699,49.832933],[38.149939,49.83311635766424],[38.149939,49.833117],[38.150425,49.833487],[38.152632,49.832876]]]}},{"type":"Feature","properties":{"cadnum":"4425487500:04:002:0382"},"geometry":{"type":"Polygon","coordinates":[[[38.152263,49.831546],[38.152106,49.830984],[38.15011,49.83153665343794],[38.15011,49.831536],[38.148863,49.831882],[38.149159,49.832407],[38.15011,49.832144],[38.15011,49.8321435408778],[38.152263,49.831546]]]}},{"type":"Feature","properties":{"cadnum":"4425487500:04:002:0379"},"geometry":{"type":"Polygon","coordinates":[[[38.155595,49.833626],[38.155497,49.832983],[38.155479,49.832884],[38.152901,49.8336],[38.152986,49.833904],[38.153067,49.833959],[38.15313,49.834061],[38.153211,49.834286],[38.155432,49.833671125838926],[38.155432,49.833672],[38.155595,49.833626]]]}},{"type":"Feature","properties":{"cadnum":"4425487500:04:002:0375"},"geometry":{"type":"Polygon","coordinates":[[[38.155138,49.830827],[38.155029,49.830176],[38.15262608762888,49.830841],[38.152625,49.830841],[38.152173,49.830966],[38.152349,49.831598],[38.15468552311756,49.830952],[38.154686,49.830952],[38.155138,49.830827]]]}},{"type":"Feature","properties":{"cadnum":"4425487500:04:002:0302"},"geometry":{"type":"Polygon","coordinates":[[[38.155249,49.832113],[38.155278,49.832111],[38.155272,49.832094],[38.155245,49.832096],[38.155249,49.832113]]]}},{"type":"Feature","properties":{"cadnum":"4425487500:04:002:0301"},"geometry":{"type":"Polygon","coordinates":[[[38.155358,49.8326],[38.155354,49.832583],[38.155331,49.832586],[38.155331,49.8326],[38.155358,49.8326]]]}},{"type":"Feature","properties":{"cadnum":"4425487500:04:002:0299"},"geometry":{"type":"Polygon","coordinates":[[[38.155532,49.833646],[38.155511,49.833649],[38.155511,49.833664],[38.155538,49.833664],[38.155532,49.833646]]]}},{"type":"Feature","properties":{"cadnum":"4425487500:04:002:0337"},"geometry":{"type":"Polygon","coordinates":[[[38.155389,49.830908],[38.155385,49.830891],[38.155362,49.830894],[38.155362,49.830911],[38.155389,49.830908]]]}},{"type":"Feature","properties":{"cadnum":"4425487500:04:002:0300"},"geometry":{"type":"Polygon","coordinates":[[[38.155434,49.833055],[38.155429,49.833038],[38.155408,49.833038],[38.155408,49.833055],[38.155434,49.833055]]]}},{"type":"Feature","properties":{"cadnum":"4425487500:04:002:0303"},"geometry":{"type":"Polygon","coordinates":[[[38.155196,49.831641],[38.155192,49.831624],[38.155165,49.831627],[38.155169,49.831641],[38.155196,49.831641]]]}},{"type":"Feature","properties":{"cadnum":"4425487500:07:008:0001"},"geometry":{"type":"Polygon","coordinates":[[[38.303919,49.83418001669449],[38.303919,49.83418],[38.30326555238095,49.834384],[38.303264,49.834384],[38.30306030620862,49.83444807586153],[38.30291,49.834495],[38.30291113684212,49.834495],[38.30266,49.834574],[38.301029,49.835042],[38.300673,49.835327],[38.29934,49.835561],[38.302987,49.837398],[38.303919,49.836937],[38.303919,49.83693577278562],[38.306863,49.835477],[38.305567,49.834384],[38.30556678649922,49.834384],[38.304945,49.833858],[38.303919,49.83418001669449]]]}},{"type":"Feature","properties":{"cadnum":"4425487500:07:007:0042"},"geometry":{"type":"Polygon","coordinates":[[[38.29831405793143,49.83385409793101],[38.298426,49.833847],[38.298426,49.83384682485876],[38.298608,49.833835],[38.299893,49.833704],[38.300579,49.833623],[38.301509,49.833432],[38.303652,49.832933],[38.303747,49.832912561752984],[38.303747,49.832914],[38.303903,49.832879],[38.300063,49.831166],[38.298254,49.832863],[38.298254,49.83286335676088],[38.297117,49.83393],[38.298254,49.83385790603514],[38.298254,49.833858],[38.29831405793143,49.83385409793101]]]}},{"type":"Feature","properties":{"cadnum":"4425487500:04:001:0151"},"geometry":{"type":"Polygon","coordinates":[[[38.200458,49.871245],[38.200183,49.871465],[38.199609,49.872145],[38.19951,49.872302],[38.199177,49.872564],[38.199377,49.87275916129032],[38.199377,49.87276],[38.200087,49.873453],[38.20008770731707,49.873453],[38.202116,49.875433],[38.203602,49.875106],[38.204213,49.874915],[38.202604,49.873342],[38.20260248641305,49.873342],[38.200458,49.871245]]]}},{"type":"Feature","properties":{"cadnum":"4425487500:04:008:0029"},"geometry":{"type":"Polygon","coordinates":[[[38.240935,49.820709],[38.238671,49.820767],[38.238654,49.823864],[38.23865445328032,49.823864],[38.23865,49.82476],[38.238914,49.82476],[38.239566,49.824635],[38.240599,49.82409],[38.240918,49.823937],[38.240918,49.823864],[38.240935,49.820709]]]}},{"type":"Feature","properties":{"cadnum":"4425487500:04:008:0030"},"geometry":{"type":"Polygon","coordinates":[[[38.242543,49.823146],[38.242849,49.823091],[38.243494,49.822787],[38.243494,49.820644],[38.240935,49.820709],[38.24091859270998,49.823754],[38.240918,49.823754],[38.240918,49.823864],[38.240918,49.823937],[38.241295,49.823754],[38.241293128133705,49.823754],[38.242543,49.823146]]]}},{"type":"Feature","properties":{"cadnum":"4425487500:07:001:0058"},"geometry":{"type":"Polygon","coordinates":[[[38.256198,49.871526],[38.256229,49.871517],[38.256216,49.8715],[38.256185,49.871506],[38.256198,49.871526]]]}},{"type":"Feature","properties":{"cadnum":"4425487500:07:001:0052"},"geometry":{"type":"Polygon","coordinates":[[[38.256668797141316,49.869829170393665],[38.256731,49.869802],[38.256730961382104,49.869802],[38.259854,49.868437],[38.258785,49.867232],[38.254855,49.868949],[38.255044,49.869227],[38.255369038402456,49.869802],[38.255368,49.869802],[38.255412,49.869878],[38.255433,49.869913],[38.255433586294416,49.869913],[38.255655,49.870272],[38.256476880851075,49.869913],[38.256477,49.869913],[38.256668797141316,49.869829170393665]]]}},{"type":"Feature","properties":{"cadnum":"4425487500:07:001:0057"},"geometry":{"type":"Polygon","coordinates":[[[38.255246,49.869933],[38.255273,49.869927],[38.255264,49.869907],[38.255233,49.869916],[38.255246,49.869933]]]}},{"type":"Feature","properties":{"cadnum":"4425487500:07:001:0059"},"geometry":{"type":"Polygon","coordinates":[[[38.257061,49.873042],[38.257091,49.873036],[38.257078,49.873017],[38.257047,49.873023],[38.257061,49.873042]]]}},{"type":"Feature","properties":{"cadnum":"4425487500:03:001:0201"},"geometry":{"type":"Polygon","coordinates":[[[38.16659,49.817332375],[38.16661,49.817333],[38.166618,49.817153],[38.166418,49.817147],[38.166418,49.81714740650406],[38.166344,49.817145],[38.166331,49.817324],[38.16659,49.817333],[38.16659,49.817332375]]]}},{"type":"Feature","properties":{"cadnum":"4425487500:03:001:0182"},"geometry":{"type":"Polygon","coordinates":[[[38.165419,49.816258],[38.165428,49.816241],[38.165069,49.816174],[38.164992,49.816348],[38.164669,49.81629],[38.16450696296296,49.816665],[38.164506,49.816665],[38.1644,49.816913],[38.165077,49.817038],[38.165082,49.817029],[38.165241,49.816665],[38.16524064285714,49.816665],[38.165419,49.816258]]]}},{"type":"Feature","properties":{"cadnum":"4425487500:04:008:0127"},"geometry":{"type":"Polygon","coordinates":[[[38.19938247043745,49.81147779948569],[38.199549,49.811412],[38.199549,49.811410812030076],[38.199909,49.811266],[38.201613,49.810638],[38.201217,49.809736],[38.199549,49.80993362173913],[38.199549,49.809933],[38.197368,49.810189],[38.198005,49.811586],[38.199344,49.811493],[38.199377,49.81147996097561],[38.199377,49.81148],[38.19938247043745,49.81147779948569]]]}},{"type":"Feature","properties":{"cadnum":"4425487500:07:003:0068"},"geometry":{"type":"Polygon","coordinates":[[[38.245589,49.82738],[38.245602,49.827365],[38.245579,49.827356],[38.245566,49.827371],[38.245589,49.82738]]]}},{"type":"Feature","properties":{"cadnum":"4425487500:07:003:0073"},"geometry":{"type":"Polygon","coordinates":[[[38.248841,49.828355],[38.24885,49.828342],[38.248828,49.828336],[38.248818,49.82835],[38.248841,49.828355]]]}},{"type":"Feature","properties":{"cadnum":"4425487500:07:003:0071"},"geometry":{"type":"Polygon","coordinates":[[[38.247426,49.827985],[38.247436,49.827971],[38.247413,49.827964],[38.247403,49.827979],[38.247426,49.827985]]]}},{"type":"Feature","properties":{"cadnum":"4425487500:07:003:0072"},"geometry":{"type":"Polygon","coordinates":[[[38.248132,49.82817],[38.24814,49.828153],[38.248113,49.828147],[38.248105,49.828164],[38.248132,49.82817]]]}},{"type":"Feature","properties":{"cadnum":"4425487500:07:003:0069"},"geometry":{"type":"Polygon","coordinates":[[[38.246178,49.827594],[38.246191,49.827579],[38.246168,49.827571],[38.246155,49.827586],[38.246178,49.827594]]]}},{"type":"Feature","properties":{"cadnum":"4425487500:07:003:0070"},"geometry":{"type":"Polygon","coordinates":[[[38.246829,49.827829],[38.24686,49.827773],[38.246833,49.827768],[38.246811,49.827808],[38.246748,49.827791],[38.24674,49.827808],[38.246829,49.827829]]]}},{"type":"Feature","properties":{"cadnum":"4425487500:07:003:0037"},"geometry":{"type":"Polygon","coordinates":[[[38.247143,49.82815],[38.247139,49.82817],[38.24717,49.82817],[38.247174,49.82815],[38.247143,49.82815]]]}},{"type":"Feature","properties":{"cadnum":"4425487500:07:003:0038"},"geometry":{"type":"Polygon","coordinates":[[[38.24699,49.830083],[38.246994,49.83006],[38.246959,49.83006],[38.246959,49.83008],[38.24699,49.830083]]]}},{"type":"Feature","properties":{"cadnum":"4425487500:04:004:0011"},"geometry":{"type":"Polygon","coordinates":[[[38.14033,49.819196],[38.140536,49.81893],[38.14103,49.818469],[38.1389639855821,49.818530642393604],[38.137504,49.818573],[38.137649,49.82032],[38.1376502029703,49.82032],[38.13781,49.82223],[38.138942,49.822198],[38.138946,49.822036],[38.139124,49.821656],[38.139124,49.82165590825688],[38.13917,49.821558],[38.139668,49.820608],[38.139836,49.82021],[38.13983552375434,49.82021],[38.140154,49.819457],[38.14033,49.819196]]]}},{"type":"Feature","properties":{"cadnum":"4425487500:07:003:0031"},"geometry":{"type":"Polygon","coordinates":[[[38.248212,49.817176],[38.248216,49.817156],[38.248181,49.817153],[38.248181,49.817173],[38.248212,49.817176]]]}},{"type":"Feature","properties":{"cadnum":"4425487500:07:003:0032"},"geometry":{"type":"Polygon","coordinates":[[[38.248046,49.818939],[38.248046,49.818915],[38.248015,49.818915],[38.248015,49.818935],[38.248046,49.818939]]]}},{"type":"Feature","properties":{"cadnum":"4425487500:04:009:0048"},"geometry":{"type":"Polygon","coordinates":[[[38.226316,49.841309],[38.224685,49.840839],[38.22424959299191,49.84147],[38.224249,49.84147],[38.221851,49.844949],[38.22205122413792,49.845012],[38.222051,49.845012],[38.2221513819527,49.8450435143938],[38.222404,49.845123],[38.22240456532067,49.845123],[38.223392,49.845433],[38.223581976247026,49.845123],[38.223583,49.845123],[38.224006,49.844434],[38.22611398582996,49.841581],[38.226115,49.841581],[38.226316,49.841309]]]}},{"type":"Feature","properties":{"cadnum":"4425487500:07:007:0142"},"geometry":{"type":"Polygon","coordinates":[[[38.293347,49.830952],[38.293313773201135,49.83093487629137],[38.293132,49.830841],[38.29313161589403,49.830841],[38.292933,49.83073864163823],[38.292933,49.830738],[38.292589,49.830561],[38.29224454987212,49.830841],[38.292243,49.830841],[38.289085,49.833408],[38.28914,49.833438],[38.290127,49.833945],[38.290545,49.834159],[38.292933,49.832217],[38.292933,49.83221604053001],[38.294044,49.831312],[38.29334692993631,49.830952],[38.293347,49.830952]]]}},{"type":"Feature","properties":{"cadnum":"4425487500:07:007:0014"},"geometry":{"type":"Polygon","coordinates":[[[38.292589,49.830561],[38.291129,49.829811],[38.28986158545136,49.830841],[38.289861,49.830841],[38.287626,49.832658],[38.288182,49.832946],[38.289085,49.833408],[38.29210644448772,49.830952],[38.292108,49.830952],[38.292589,49.830561]]]}},{"type":"Feature","properties":{"cadnum":"4425487500:04:002:0047"},"geometry":{"type":"Polygon","coordinates":[[[38.143603,49.841465],[38.143513,49.840958],[38.143393,49.840474],[38.143293,49.840223],[38.143069,49.839927],[38.142404,49.83975],[38.141856,49.839617],[38.141156,49.839293],[38.140167,49.84024],[38.143489,49.841581],[38.143492167999995,49.841581],[38.143527,49.841595],[38.143538675675664,49.84157472972975],[38.143603,49.841465]]]}},{"type":"Feature","properties":{"cadnum":"4425487500:07:003:0027"},"geometry":{"type":"Polygon","coordinates":[[[38.227015,49.832913296251874],[38.230178,49.833875],[38.230471,49.833455],[38.230717,49.833081],[38.230664,49.832838],[38.230281,49.832473],[38.226878,49.831436],[38.226276,49.83174],[38.225112,49.832334],[38.227015,49.832914],[38.227015,49.832913296251874]]]}},{"type":"Feature","properties":{"cadnum":"4425487500:04:008:0118"},"geometry":{"type":"Polygon","coordinates":[[[38.227322,49.83096],[38.22734,49.830949],[38.227326,49.830938],[38.227304,49.830946],[38.227322,49.83096]]]}},{"type":"Feature","properties":{"cadnum":"4425487500:04:004:0010"},"geometry":{"type":"Polygon","coordinates":[[[38.137504,49.818573],[38.135506,49.818631],[38.13563875192422,49.82021],[38.135638,49.82021],[38.135815,49.822291],[38.137257,49.822247],[38.13781,49.82223],[38.137641,49.82021],[38.13763987006297,49.82021],[38.137504,49.818573]]]}},{"type":"Feature","properties":{"cadnum":"4425487500:04:003:0072"},"geometry":{"type":"Polygon","coordinates":[[[38.114659,49.816759],[38.113128,49.816736],[38.11356709654018,49.82021],[38.113566,49.82021],[38.113757,49.821703],[38.115266,49.821555],[38.11510898513011,49.82032],[38.115109,49.82032],[38.114659,49.816759]]]}},{"type":"Feature","properties":{"cadnum":"4425487500:04:003:0073"},"geometry":{"type":"Polygon","coordinates":[[[38.116223,49.816722],[38.114969,49.816765],[38.114659,49.816759],[38.115095099410276,49.82021],[38.115095,49.82021],[38.115266,49.821555],[38.116816,49.821401],[38.11667380645164,49.82028683870988],[38.116223,49.816722]]]}},{"type":"Feature","properties":{"cadnum":"4425487500:07:002:0024"},"geometry":{"type":"Polygon","coordinates":[[[38.247426,49.844019],[38.247529,49.843113],[38.245885,49.843027],[38.245518,49.843165],[38.244476,49.843832],[38.243494,49.84412642980936],[38.243494,49.844126],[38.242589,49.844396],[38.241461,49.844732],[38.243322,49.84482903197246],[38.243322,49.84483],[38.247309,49.845036],[38.247426,49.844019]]]}},{"type":"Feature","properties":{"cadnum":"4425487500:07:002:0028"},"geometry":{"type":"Polygon","coordinates":[[[38.248987,49.84318887605932],[38.25448,49.843474],[38.25448,49.84347288661417],[38.255579,49.84353],[38.255623,49.843463],[38.255883,49.842769],[38.255897,49.842711],[38.25448,49.84263782997481],[38.25448,49.842637],[38.248816,49.842342],[38.248816,49.84234207826087],[38.247952,49.842297],[38.247808,49.842348],[38.246497,49.842797],[38.245885,49.843027],[38.247529,49.843113],[38.248987,49.843189],[38.248987,49.84318887605932]]]}},{"type":"Feature","properties":{"cadnum":"4425487500:07:002:0029"},"geometry":{"type":"Polygon","coordinates":[[[38.25448,49.841529],[38.250719,49.841335],[38.250002,49.841581],[38.25000255772995,49.841581],[38.248837,49.841981],[38.247952,49.842297],[38.248987,49.842351],[38.248987,49.842350906250005],[38.254309,49.84262809375],[38.254309,49.842629],[38.255897,49.842711],[38.256063,49.841998],[38.256135,49.841616],[38.25448,49.84153080284775],[38.25448,49.84153],[38.25448,49.841529]]]}},{"type":"Feature","properties":{"cadnum":"4425487500:07:002:0027"},"geometry":{"type":"Polygon","coordinates":[[[38.248987,49.84410093644068],[38.25448,49.844388],[38.25448,49.84438789819005],[38.254751,49.844402],[38.254833,49.844405],[38.25521,49.844075],[38.255579,49.84353],[38.254309,49.843464],[38.254309,49.843465123940675],[38.248816,49.84318],[38.248816,49.84318008641976],[38.247529,49.843113],[38.247426,49.844019],[38.248987,49.844102],[38.248987,49.84410093644068]]]}},{"type":"Feature","properties":{"cadnum":"4425487500:07:001:0022"},"geometry":{"type":"Polygon","coordinates":[[[38.27085101193869,49.86270783701551],[38.27096,49.862668],[38.27096,49.86266777335733],[38.276343,49.860689],[38.275714,49.860066],[38.275381,49.859832],[38.270788,49.86152],[38.270788,49.86152020292505],[38.269866,49.861859],[38.27067,49.862774],[38.270788,49.86273086896552],[38.270788,49.862731],[38.27085101193869,49.86270783701551]],[[38.276159,49.860573],[38.276177,49.860562],[38.276194,49.860576],[38.276173,49.860588],[38.276159,49.860573]],[[38.275664,49.86011],[38.275687,49.860101],[38.275701,49.860116],[38.275678,49.860124],[38.275664,49.86011]]]}},{"type":"Feature","properties":{"cadnum":"4425487500:04:003:0005"},"geometry":{"type":"Polygon","coordinates":[[[38.101562,49.845097],[38.101576,49.843895],[38.101576,49.843652],[38.1005,49.843848],[38.1005,49.8438482434457],[38.099604,49.844011],[38.097631,49.844373],[38.095664,49.844729],[38.09634923350253,49.845012],[38.096349,49.845012],[38.09652544775626,49.84508477611736],[38.096618,49.845123],[38.096618122641516,49.845123],[38.097377,49.845436],[38.098818,49.84603],[38.100467,49.845439],[38.100672,49.845375],[38.100672,49.845374711153475],[38.101549,49.845103],[38.101562,49.845097]]]}},{"type":"Feature","properties":{"cadnum":"4425487500:04:003:0006"},"geometry":{"type":"Polygon","coordinates":[[[38.101576,49.843652],[38.101585,49.842644],[38.101585,49.842479],[38.100672,49.84266917327189],[38.100672,49.842669],[38.095179,49.843809294439545],[38.095179,49.843809],[38.094052,49.844043],[38.095007,49.844581087843835],[38.095007,49.844582],[38.09549,49.844854],[38.095616,49.844764],[38.095664,49.844729],[38.100672,49.843817],[38.100672,49.84381666914498],[38.101576,49.843652]]]}},{"type":"Feature","properties":{"cadnum":"4425487500:04:003:0007"},"geometry":{"type":"Polygon","coordinates":[[[38.101585,49.842479],[38.101593,49.841558],[38.100672,49.84174927813358],[38.100672,49.841749],[38.095179,49.84288832480141],[38.095179,49.842888],[38.092863,49.843368],[38.094052,49.844043],[38.095007,49.84384471251109],[38.095007,49.843845],[38.1005,49.842704705560465],[38.1005,49.842705],[38.101585,49.842479]]]}},{"type":"Feature","properties":{"cadnum":"4425487500:04:003:0004"},"geometry":{"type":"Polygon","coordinates":[[[38.095179,49.845072681681685],[38.095441,49.844887],[38.095007,49.844641],[38.095007,49.844641760728216],[38.092103,49.843],[38.090486,49.844229],[38.09170254026845,49.845012],[38.091702,49.845012],[38.093569,49.846213],[38.095179,49.845074],[38.095179,49.845073],[38.095179,49.845072681681685]]]}},{"type":"Feature","properties":{"cadnum":"4425487500:04:009:0020"},"geometry":{"type":"Polygon","coordinates":[[[38.232508,49.846067],[38.229585,49.84526],[38.22879,49.84645],[38.232336,49.84742948951049],[38.232336,49.84743],[38.233444,49.847735],[38.233457,49.847724],[38.233763,49.847516],[38.234531,49.847278],[38.235111,49.847035],[38.235532,49.846902],[38.232508,49.846067466833546],[38.232508,49.846067]]]}},{"type":"Feature","properties":{"cadnum":"4425487500:04:009:0019"},"geometry":{"type":"Polygon","coordinates":[[[38.23171,49.848555],[38.232308,49.848428],[38.232336,49.84842828],[38.232336,49.848429],[38.232479287128925,49.84842971287129],[38.232508,49.84843],[38.232508,49.84842985572139],[38.232738,49.848431],[38.233444,49.847735],[38.232508,49.8474773465704],[38.232508,49.847477],[38.22879,49.84645],[38.227767,49.847982],[38.230245,49.848665],[38.2302455151515,49.848665],[38.23092,49.848851],[38.231216,49.848671],[38.23124155172417,49.848665],[38.231242,49.848665],[38.23171,49.848555]]]}},{"type":"Feature","properties":{"cadnum":"4425487500:04:009:0100"},"geometry":{"type":"Polygon","coordinates":[[[38.203624,49.838875],[38.203647,49.838872],[38.203642,49.838855],[38.20362,49.838858],[38.203624,49.838875]]]}},{"type":"Feature","properties":{"cadnum":"4425487500:04:009:0103"},"geometry":{"type":"Polygon","coordinates":[[[38.200929,49.839226],[38.200957,49.839223],[38.200952,49.839208],[38.200925,49.839211],[38.200929,49.839226]]]}},{"type":"Feature","properties":{"cadnum":"4425487500:04:009:0091"},"geometry":{"type":"Polygon","coordinates":[[[38.202982,49.84143],[38.203009,49.841425],[38.202999,49.84141],[38.202973,49.841413],[38.202982,49.84143]]]}},{"type":"Feature","properties":{"cadnum":"4425487500:04:009:0093"},"geometry":{"type":"Polygon","coordinates":[[[38.204303,49.841149],[38.204324,49.841144],[38.20432,49.841129],[38.204294,49.841135],[38.204303,49.841149]]]}},{"type":"Feature","properties":{"cadnum":"4425487500:04:009:0092"},"geometry":{"type":"Polygon","coordinates":[[[38.203661,49.841286],[38.203687,49.84128],[38.203678,49.841265],[38.203651,49.841271],[38.203661,49.841286]]]}},{"type":"Feature","properties":{"cadnum":"4425487500:04:009:0099"},"geometry":{"type":"Polygon","coordinates":[[[38.20432,49.838829],[38.20432,49.838768],[38.204294,49.838768],[38.204294,49.838829],[38.20432,49.838829]]]}},{"type":"Feature","properties":{"cadnum":"4425487500:04:009:0101"},"geometry":{"type":"Polygon","coordinates":[[[38.202699,49.838997],[38.202726,49.838994],[38.202722,49.838976],[38.202695,49.83898],[38.202699,49.838997]]]}},{"type":"Feature","properties":{"cadnum":"4425487500:04:009:0102"},"geometry":{"type":"Polygon","coordinates":[[[38.201783,49.839115],[38.20181,49.839113],[38.201806,49.839096],[38.201778,49.839098],[38.201783,49.839115]]]}},{"type":"Feature","properties":{"cadnum":"4425487500:04:009:0084"},"geometry":{"type":"Polygon","coordinates":[[[38.203462,49.84143],[38.203489,49.841427],[38.203485,49.84141],[38.203458,49.841413],[38.203462,49.84143]]]}},{"type":"Feature","properties":{"cadnum":"4425487500:04:002:0200"},"geometry":{"type":"Polygon","coordinates":[[[38.159046,49.857255],[38.159073,49.857252],[38.159063,49.857235],[38.159041,49.85724],[38.159046,49.857255]]]}},{"type":"Feature","properties":{"cadnum":"4425487500:04:002:0198"},"geometry":{"type":"Polygon","coordinates":[[[38.15852,49.856169],[38.158528,49.856154],[38.158465,49.856137],[38.158493,49.856096],[38.158471,49.856091],[38.158434,49.856146],[38.15852,49.856169]]]}},{"type":"Feature","properties":{"cadnum":"4425487500:04:002:0255"},"geometry":{"type":"Polygon","coordinates":[[[38.157918,49.857107],[38.157922,49.85709],[38.157899,49.857087],[38.157891,49.857102],[38.157918,49.857107]]]}},{"type":"Feature","properties":{"cadnum":"4425487500:04:002:0253"},"geometry":{"type":"Polygon","coordinates":[[[38.158264,49.856233],[38.158287,49.856181],[38.158264,49.856175],[38.158241,49.856229],[38.158264,49.856233]]]}},{"type":"Feature","properties":{"cadnum":"4425487500:04:002:0254"},"geometry":{"type":"Polygon","coordinates":[[[38.158125,49.856583],[38.158134,49.856566],[38.158107,49.856563],[38.158102,49.856577],[38.158125,49.856583]]]}},{"type":"Feature","properties":{"cadnum":"4425487500:04:002:0201"},"geometry":{"type":"Polygon","coordinates":[[[38.159364,49.857837],[38.159391,49.857831],[38.159383,49.857817],[38.159356,49.857822],[38.159364,49.857837]]]}},{"type":"Feature","properties":{"cadnum":"4425487500:04:002:0202"},"geometry":{"type":"Polygon","coordinates":[[[38.15954,49.858259],[38.159616,49.858248],[38.159612,49.858234],[38.159536,49.858242],[38.15954,49.858259]]]}},{"type":"Feature","properties":{"cadnum":"4425487500:04:002:0199"},"geometry":{"type":"Polygon","coordinates":[[[38.158731,49.856679],[38.158754,49.856673],[38.158744,49.856656],[38.158721,49.856661],[38.158731,49.856679]]]}},{"type":"Feature","properties":{"cadnum":"4425487500:04:002:0251"},"geometry":{"type":"Polygon","coordinates":[[[38.15852,49.855793],[38.158528,49.855775],[38.158502,49.855769],[38.158493,49.855787],[38.15852,49.855793]]]}},{"type":"Feature","properties":{"cadnum":"4425487500:04:002:0252"},"geometry":{"type":"Polygon","coordinates":[[[38.158308,49.856152],[38.158345,49.856096],[38.158318,49.856091],[38.158287,49.856146],[38.158308,49.856152]]]}},{"type":"Feature","properties":{"cadnum":"4425487500:04:002:0256"},"geometry":{"type":"Polygon","coordinates":[[[38.157693,49.857663],[38.157702,49.857646],[38.157675,49.857643],[38.157671,49.85766],[38.157693,49.857663]]]}},{"type":"Feature","properties":{"cadnum":"4425487500:04:002:0197"},"geometry":{"type":"Polygon","coordinates":[[[38.158624,49.855865],[38.158632,49.855851],[38.15861,49.855845],[38.158601,49.855859],[38.158624,49.855865]]]}},{"type":"Feature","properties":{"cadnum":"4425487500:04:002:0258"},"geometry":{"type":"Polygon","coordinates":[[[38.157276,49.858708],[38.157285,49.858694],[38.157258,49.858688],[38.157253,49.858706],[38.157276,49.858708]]]}},{"type":"Feature","properties":{"cadnum":"4425487500:04:002:0203"},"geometry":{"type":"Polygon","coordinates":[[[38.159674,49.858839],[38.15967,49.858821],[38.159647,49.858821],[38.159647,49.858839],[38.159674,49.858839]]]}},{"type":"Feature","properties":{"cadnum":"4425487500:04:002:0257"},"geometry":{"type":"Polygon","coordinates":[[[38.157496,49.858161],[38.1575,49.858147],[38.157478,49.858141],[38.157469,49.858158],[38.157496,49.858161]]]}},{"type":"Feature","properties":{"cadnum":"4425487500:07:008:0007"},"geometry":{"type":"Polygon","coordinates":[[[38.29844942139384,49.84147],[38.298448,49.84147],[38.29833289587414,49.84154060510813],[38.295041,49.843542],[38.295123,49.843591],[38.296429,49.844281],[38.298426,49.843068],[38.298426,49.84306750381033],[38.300616,49.841737],[38.300154,49.84147],[38.3001535834684,49.84147],[38.299281,49.840964],[38.29844942139384,49.84147]]]}},{"type":"Feature","properties":{"cadnum":"4425487500:04:001:0235"},"geometry":{"type":"Polygon","coordinates":[[[38.195328,49.843345],[38.195346,49.843334],[38.195292,49.843287],[38.195275,49.843295],[38.195328,49.843345]]]}},{"type":"Feature","properties":{"cadnum":"4425487500:04:001:0171"},"geometry":{"type":"Polygon","coordinates":[[[38.19638,49.842739],[38.196411,49.842733],[38.196401,49.842713],[38.19637,49.84272],[38.19638,49.842739]]]}},{"type":"Feature","properties":{"cadnum":"4425487500:04:001:0236"},"geometry":{"type":"Polygon","coordinates":[[[38.196078,49.843102],[38.196105,49.843096],[38.196097,49.843081],[38.19607,49.843087],[38.196078,49.843102]]]}},{"type":"Feature","properties":{"cadnum":"4425487500:04:001:0170"},"geometry":{"type":"Polygon","coordinates":[[[38.198171,49.842323],[38.198198,49.842314],[38.198189,49.842297],[38.198158,49.842302],[38.198171,49.842323]]]}},{"type":"Feature","properties":{"cadnum":"4425487500:04:001:0240"},"geometry":{"type":"Polygon","coordinates":[[[38.19916,49.842348],[38.199187,49.842342],[38.199146,49.842288],[38.199124,49.842293],[38.19916,49.842348]]]}},{"type":"Feature","properties":{"cadnum":"4425487500:04:001:0237"},"geometry":{"type":"Polygon","coordinates":[[[38.196873,49.842896],[38.196896,49.84289],[38.196887,49.842873],[38.196864,49.842879],[38.196873,49.842896]]]}},{"type":"Feature","properties":{"cadnum":"4425487500:04:009:0125"},"geometry":{"type":"Polygon","coordinates":[[[38.199349,49.841836],[38.199377,49.84187156],[38.199377,49.841872],[38.199622,49.842183],[38.200255,49.84203],[38.20004,49.841717],[38.199377,49.841831],[38.199377,49.84183124],[38.199349,49.841836]],[[38.200026,49.841865],[38.200058,49.841859],[38.200066,49.841876],[38.20004,49.841885],[38.200026,49.841865]],[[38.19964,49.842114],[38.199663,49.842108],[38.199699,49.842163],[38.199676,49.842169],[38.19964,49.842114]]]}},{"type":"Feature","properties":{"cadnum":"4425487500:04:001:0239"},"geometry":{"type":"Polygon","coordinates":[[[38.198315,49.84252],[38.198387,49.842502],[38.198378,49.842484],[38.198301,49.842505],[38.198315,49.84252]]]}},{"type":"Feature","properties":{"cadnum":"4425487500:02:001:0046"},"geometry":{"type":"Polygon","coordinates":[[[38.194672,49.836227],[38.194573,49.836436],[38.195760588014984,49.837927],[38.19576,49.837927],[38.197099,49.839605],[38.197609,49.840208],[38.198717,49.841581],[38.198718779411756,49.841581],[38.198904,49.84181],[38.19915,49.841772],[38.198901,49.84147],[38.19890080529172,49.84147],[38.197781,49.840107],[38.197368,49.83953],[38.196059,49.837927],[38.19605847156267,49.837927],[38.194672,49.836227]]]}},{"type":"Feature","properties":{"cadnum":"4425487500:04:001:0238"},"geometry":{"type":"Polygon","coordinates":[[[38.197638,49.842696],[38.197664,49.84269],[38.197651,49.842675],[38.197628,49.842681],[38.197638,49.842696]]]}},{"type":"Feature","properties":{"cadnum":"4425487500:04:001:0234"},"geometry":{"type":"Polygon","coordinates":[[[38.194758,49.843626],[38.194776,49.843615],[38.194758,49.8436],[38.19474,49.843611],[38.194758,49.843626]]]}},{"type":"Feature","properties":{"cadnum":"4425487500:02:001:0061"},"geometry":{"type":"Polygon","coordinates":[[[38.194056,49.841959],[38.193938478262766,49.84193719565253],[38.193884,49.841927],[38.193884,49.84192708805032],[38.193738,49.8419],[38.193573,49.841836],[38.193298,49.841728],[38.192898,49.841595],[38.192777,49.841696],[38.193011,49.841801],[38.193082,49.841827],[38.193118,49.841844],[38.193204,49.841882],[38.19328,49.841917],[38.19351,49.841998],[38.193884,49.84210828205128],[38.193884,49.842109],[38.194367,49.84225],[38.1946,49.842061],[38.194056,49.841959189944134],[38.194056,49.841959]]]}},{"type":"Feature","properties":{"cadnum":"4425487500:04:001:0233"},"geometry":{"type":"Polygon","coordinates":[[[38.19412,49.844002],[38.194139,49.843991],[38.19412,49.843979],[38.194102,49.843991],[38.19412,49.844002]]]}},{"type":"Feature","properties":{"cadnum":"4425487500:07:004:0052"},"geometry":{"type":"Polygon","coordinates":[[[38.256076,49.823459],[38.255336,49.82345],[38.25530515942029,49.823754],[38.255305,49.823754],[38.255301520930246,49.82378986511613],[38.255294,49.823864],[38.25529432952924,49.823864],[38.255237,49.824455],[38.255992,49.824487],[38.258974,49.824609],[38.259009,49.824253],[38.256041,49.823903],[38.256043879194635,49.823864],[38.256044,49.823864],[38.256076,49.823459]]]}},{"type":"Feature","properties":{"cadnum":"4425487500:07:002:0030"},"geometry":{"type":"Polygon","coordinates":[[[38.256171,49.840697],[38.256019,49.840292],[38.255709,49.840089],[38.255296,49.840002],[38.254644,49.840049],[38.254309,49.840142],[38.254309,49.84014254738155],[38.253678,49.840318],[38.250719,49.841335],[38.25333619072161,49.84147],[38.253318,49.84147],[38.254309,49.841521170395865],[38.254309,49.841522],[38.255451,49.841581],[38.25545510638293,49.841581],[38.256135,49.841616],[38.25614147260274,49.841581],[38.256142,49.841581],[38.256198,49.841288],[38.256171,49.840697]]]}},{"type":"Feature","properties":{"cadnum":"4425487500:06:001:0070"},"geometry":{"type":"Polygon","coordinates":[[[38.252205,49.837797],[38.25203,49.837801],[38.251954,49.837476],[38.251508,49.83752],[38.251661,49.837882],[38.251490230769235,49.837927],[38.25149,49.837927],[38.251365,49.83796],[38.251055,49.838278],[38.251518,49.838392],[38.251558,49.838821],[38.251715,49.83909],[38.252546,49.838847],[38.253841,49.83875],[38.253876,49.838594],[38.253661,49.838366],[38.253238,49.838198],[38.252703,49.838076],[38.252493,49.838626],[38.25243,49.838626],[38.252412,49.838406],[38.25199,49.838354],[38.25199,49.83827],[38.252353,49.83796],[38.252205,49.837797]]]}},{"type":"Feature","properties":{"cadnum":"4425487500:07:002:0031"},"geometry":{"type":"Polygon","coordinates":[[[38.252259,49.84044],[38.253674,49.839924],[38.253413,49.838904],[38.252736,49.838997],[38.251401,49.839293],[38.252259,49.84044]]]}},{"type":"Feature","properties":{"cadnum":"4425487500:04:001:0314"},"geometry":{"type":"Polygon","coordinates":[[[38.17531,49.861946],[38.174209,49.861833],[38.17401324849699,49.862721],[38.174013,49.862721],[38.173738,49.86397],[38.174838,49.864082],[38.1751137531227,49.862831],[38.175114,49.862831],[38.17531,49.861946]]]}},{"type":"Feature","properties":{"cadnum":"4425487500:04:001:0304"},"geometry":{"type":"Polygon","coordinates":[[[38.174128,49.861882],[38.173463,49.861813],[38.173236,49.862831],[38.173237602294456,49.862831],[38.172682,49.865336],[38.173352,49.865406],[38.173918787709496,49.862831],[38.173919,49.862831],[38.174128,49.861882]]]}},{"type":"Feature","properties":{"cadnum":"4425487500:04:001:0315"},"geometry":{"type":"Polygon","coordinates":[[[38.174361,49.866219],[38.174838,49.864082],[38.173738,49.86397],[38.173266,49.866106],[38.174361,49.866219]]]}},{"type":"Feature","properties":{"cadnum":"4425487500:04:001:0305"},"geometry":{"type":"Polygon","coordinates":[[[38.173463,49.861813],[38.172799,49.86174],[38.172580500458295,49.862721],[38.17258,49.862721],[38.172017,49.865264],[38.172476,49.865313],[38.172682,49.865336],[38.173262,49.862721],[38.17326052848723,49.862721],[38.173463,49.861813]]]}},{"type":"Feature","properties":{"cadnum":"4425487500:04:001:0272"},"geometry":{"type":"Polygon","coordinates":[[[38.172233,49.861682],[38.17193719274978,49.862721],[38.171937,49.862721],[38.171635,49.863784],[38.171577,49.86397],[38.171545,49.864013],[38.171298,49.865189],[38.171555,49.865215],[38.171911,49.86525275757576],[38.171911,49.865253],[38.172017,49.865264],[38.172083,49.864968],[38.172083,49.864965886323255],[38.172555646873775,49.862831],[38.172556,49.862831],[38.172799,49.86174],[38.172233,49.861682]]]}},{"type":"Feature","properties":{"cadnum":"4425487500:04:003:0014"},"geometry":{"type":"Polygon","coordinates":[[[38.101639,49.836245],[38.101639,49.83612],[38.101648,49.835005],[38.100672,49.83520819163763],[38.100672,49.835208],[38.095301,49.836323],[38.095278,49.836549],[38.095007,49.837195],[38.095007,49.83719607909604],[38.094825,49.83763],[38.094834,49.837655],[38.095007,49.83761989855072],[38.095007,49.83762],[38.09502946742299,49.837615339943156],[38.095179,49.837585],[38.095179,49.83758432480141],[38.1005,49.83648067519859],[38.1005,49.836481],[38.101639,49.836245]]]}},{"type":"Feature","properties":{"cadnum":"4425487500:04:001:0211"},"geometry":{"type":"Polygon","coordinates":[[[38.183816,49.845028],[38.18383,49.845016],[38.183812,49.845004],[38.183793,49.845019],[38.183816,49.845028]]]}},{"type":"Feature","properties":{"cadnum":"4425487500:02:001:0028"},"geometry":{"type":"Polygon","coordinates":[[[38.186417,49.841541],[38.186367,49.841497],[38.186346,49.841505],[38.186395,49.841549],[38.186417,49.841541]]]}},{"type":"Feature","properties":{"cadnum":"4425487500:04:001:0200"},"geometry":{"type":"Polygon","coordinates":[[[38.187298,49.842366],[38.187319,49.842357],[38.187302,49.842342],[38.187284,49.842351],[38.187298,49.842366]]]}},{"type":"Feature","properties":{"cadnum":"4425487500:04:001:0018"},"geometry":{"type":"Polygon","coordinates":[[[38.186246,49.841514],[38.186258,49.841362],[38.186219,49.841415],[38.186134,49.841389],[38.186143,49.841376],[38.186206,49.841393],[38.186233,49.841355],[38.18626,49.841361],[38.18626,49.841352],[38.186273,49.841216],[38.18635,49.840851],[38.186439,49.840741],[38.185277,49.840747],[38.185263,49.840674],[38.184656,49.840671],[38.184575,49.840811],[38.184125,49.841581],[38.18412521967213,49.841581],[38.1833,49.842995],[38.18306343846026,49.84341280769457],[38.182828,49.843828],[38.182898,49.8438288713693],[38.182898,49.843829],[38.18293191866234,49.84382929359331],[38.183069,49.843831],[38.183069,49.843830480142564],[38.184862,49.843846],[38.184975,49.843623],[38.18613,49.84181],[38.186242,49.841543],[38.186246,49.841514]],[[38.185451,49.840949],[38.185438,49.840944],[38.185456,49.840929],[38.18547,49.840932],[38.185644,49.841007],[38.185631,49.841019],[38.185451,49.840949]],[[38.18556,49.841213],[38.185573,49.841198],[38.185595,49.841204],[38.185581,49.841219],[38.18556,49.841213]],[[38.184845,49.840993],[38.184858,49.840979],[38.184881,49.840984],[38.184868,49.841002],[38.184845,49.840993]]]}},{"type":"Feature","properties":{"cadnum":"4425487500:02:001:0005"},"geometry":{"type":"Polygon","coordinates":[[[38.188304,49.842189],[38.188321,49.842175],[38.1883,49.84216],[38.188281,49.842175],[38.188304,49.842189]]]}},{"type":"Feature","properties":{"cadnum":"4425487500:04:001:0205"},"geometry":{"type":"Polygon","coordinates":[[[38.1836,49.841865],[38.18361,49.84185],[38.183583,49.841844],[38.183573,49.841859],[38.1836,49.841865]]]}},{"type":"Feature","properties":{"cadnum":"4425487500:04:001:0206"},"geometry":{"type":"Polygon","coordinates":[[[38.183254,49.842499],[38.183264,49.842482],[38.183241,49.842476],[38.183233,49.842493],[38.183254,49.842499]]]}},{"type":"Feature","properties":{"cadnum":"4425487500:04:001:0202"},"geometry":{"type":"Polygon","coordinates":[[[38.188304,49.843276],[38.188321,49.843263],[38.188277,49.843223],[38.188254,49.843231],[38.188304,49.843276]]]}},{"type":"Feature","properties":{"cadnum":"4425487500:04:001:0203"},"geometry":{"type":"Polygon","coordinates":[[[38.188357,49.843351],[38.18842,49.843321],[38.188376,49.843281],[38.188313,49.84331],[38.188357,49.843351]]]}},{"type":"Feature","properties":{"cadnum":"4425487500:04:001:0210"},"geometry":{"type":"Polygon","coordinates":[[[38.182986,49.844671],[38.182963,49.844663],[38.18295,49.844674],[38.182967,49.844686],[38.182986,49.844671]]]}},{"type":"Feature","properties":{"cadnum":"4425487500:04:001:0201"},"geometry":{"type":"Polygon","coordinates":[[[38.187818,49.842838],[38.187841,49.842827],[38.187823,49.842815],[38.187805,49.842823],[38.187818,49.842838]]]}},{"type":"Feature","properties":{"cadnum":"4425487500:04:001:0199"},"geometry":{"type":"Polygon","coordinates":[[[38.186781,49.8419],[38.186803,49.841891],[38.186785,49.841876],[38.186768,49.841888],[38.186781,49.8419]]]}},{"type":"Feature","properties":{"cadnum":"4425487500:06:001:0008"},"geometry":{"type":"Polygon","coordinates":[[[38.253373,49.832754],[38.253399,49.832748],[38.253395,49.832734],[38.253369,49.832736],[38.253373,49.832754]]]}},{"type":"Feature","properties":{"cadnum":"4425487500:06:001:0005"},"geometry":{"type":"Polygon","coordinates":[[[38.252929,49.831366],[38.25295,49.831363],[38.252946,49.831346],[38.252919,49.831349],[38.252929,49.831366]]]}},{"type":"Feature","properties":{"cadnum":"4425487500:06:001:0007"},"geometry":{"type":"Polygon","coordinates":[[[38.253233,49.832311],[38.253256,49.832308],[38.253252,49.832291],[38.253225,49.832296],[38.253233,49.832311]]]}},{"type":"Feature","properties":{"cadnum":"4425487500:07:005:0069"},"geometry":{"type":"Polygon","coordinates":[[[38.253732,49.833872],[38.253759,49.833867],[38.253755,49.833852],[38.253728,49.833855],[38.253732,49.833872]]]}},{"type":"Feature","properties":{"cadnum":"4425487500:07:005:0071"},"geometry":{"type":"Polygon","coordinates":[[[38.253831,49.834466],[38.253822,49.834423],[38.253745,49.834432],[38.253755,49.834475],[38.253831,49.834466]]]}},{"type":"Feature","properties":{"cadnum":"4425487500:07:004:0041"},"geometry":{"type":"Polygon","coordinates":[[[38.253589,49.833426],[38.253615,49.833423],[38.253611,49.833406],[38.253585,49.833408],[38.253589,49.833426]]]}},{"type":"Feature","properties":{"cadnum":"4425487500:06:001:0006"},"geometry":{"type":"Polygon","coordinates":[[[38.253086,49.831856],[38.253108,49.83185],[38.253103,49.831836],[38.253076,49.831838],[38.253086,49.831856]]]}},{"type":"Feature","properties":{"cadnum":"4425487500:07:005:0070"},"geometry":{"type":"Polygon","coordinates":[[[38.253799,49.834281],[38.253799,49.834298],[38.253894,49.834298],[38.253894,49.834237],[38.253867,49.834237],[38.253867,49.834281],[38.253799,49.834281]]]}},{"type":"Feature","properties":{"cadnum":"4425487500:04:009:0031"},"geometry":{"type":"Polygon","coordinates":[[[38.21051639016272,49.85195870491808],[38.210535,49.851958],[38.210535,49.85195794117647],[38.211094,49.851935],[38.212913,49.851865],[38.215572,49.851764],[38.214448,49.850588],[38.210535,49.85073838947369],[38.210535,49.850738],[38.208368,49.85082],[38.209611,49.851993],[38.210363,49.851964515151515],[38.210363,49.851965],[38.21051639016272,49.85195870491808]]]}},{"type":"Feature","properties":{"cadnum":"4425487500:04:009:0032"},"geometry":{"type":"Polygon","coordinates":[[[38.214448,49.850588],[38.213951,49.850062],[38.213349,49.849436],[38.210535,49.84954343335566],[38.210535,49.849543],[38.207154,49.849671],[38.208368,49.85082],[38.210363,49.85074450853715],[38.210363,49.850745],[38.214448,49.850588]]]}},{"type":"Feature","properties":{"cadnum":"4425487500:04:001:0300"},"geometry":{"type":"Polygon","coordinates":[[[38.169025,49.86531],[38.167979,49.865026],[38.16737251040119,49.866261],[38.167372,49.866261],[38.167148,49.86672],[38.168631,49.867099],[38.168815,49.866261],[38.16881456214689,49.866261],[38.169025,49.86531]]]}},{"type":"Feature","properties":{"cadnum":"4425487500:04:001:0273"},"geometry":{"type":"Polygon","coordinates":[[[38.172083,49.86221],[38.172083,49.862208863354034],[38.172233,49.861682],[38.171911,49.861648],[38.171911,49.86164874488802],[38.171056,49.861558],[38.17093,49.862157],[38.17081870623145,49.862721],[38.170818,49.862721],[38.170696,49.86335],[38.170598,49.863732],[38.171635,49.863784],[38.17190574882408,49.862831],[38.171906,49.862831],[38.172083,49.86221]]]}},{"type":"Feature","properties":{"cadnum":"4425487500:04:001:0290"},"geometry":{"type":"Polygon","coordinates":[[[38.171555,49.865215],[38.171298,49.865189],[38.171222,49.865571],[38.171136,49.865605],[38.170549,49.865611],[38.170302,49.865582],[38.17015244810126,49.866261],[38.170152,49.866261],[38.169897,49.867423],[38.171006,49.867708],[38.17129960608155,49.866372],[38.1713,49.866372],[38.171555,49.865215]]]}},{"type":"Feature","properties":{"cadnum":"4425487500:04:001:0301"},"geometry":{"type":"Polygon","coordinates":[[[38.170302,49.865582],[38.170103,49.865556],[38.169784,49.865515],[38.169025,49.86531],[38.16879,49.866372],[38.16879062768496,49.866372],[38.168631,49.867099],[38.169897,49.867423],[38.17012764113598,49.866372],[38.170128,49.866372],[38.170302,49.865582]]]}},{"type":"Feature","properties":{"cadnum":"4425487500:07:007:0156"},"geometry":{"type":"Polygon","coordinates":[[[38.327363,49.808531],[38.32642,49.807672],[38.325904,49.80789],[38.325891,49.807895510869564],[38.325891,49.807895],[38.324376,49.808537],[38.325072,49.809165],[38.325413,49.808745],[38.325891,49.80851],[38.325891,49.80850975121951],[38.325925,49.808493],[38.326904,49.808731],[38.327363,49.808531]]]}},{"type":"Feature","properties":{"cadnum":"4425487500:07:007:0157"},"geometry":{"type":"Polygon","coordinates":[[[38.327363,49.808531],[38.328804,49.807899],[38.327879,49.807055],[38.32642,49.807672],[38.327363,49.808531]]]}},{"type":"Feature","properties":{"cadnum":"4425487500:04:008:0083"},"geometry":{"type":"Polygon","coordinates":[[[38.218913,49.812522],[38.216587,49.812661],[38.216693,49.813232],[38.21669386374829,49.813232],[38.21733913625171,49.816665],[38.217338,49.816665],[38.217693,49.818544],[38.21841,49.818471],[38.219376,49.818318],[38.21992,49.818147],[38.219964,49.818116],[38.21971188421778,49.816776],[38.219712,49.816776],[38.219044894117644,49.813232],[38.219046,49.813232],[38.218913,49.812522]]]}},{"type":"Feature","properties":{"cadnum":"4425487500:04:008:0084"},"geometry":{"type":"Polygon","coordinates":[[[38.223109,49.812322],[38.223186,49.811966],[38.222192,49.81205],[38.221469,49.812174],[38.220073,49.812473],[38.219156,49.812507],[38.218913,49.812522],[38.21902520704225,49.813121],[38.219024,49.813121],[38.219691105882355,49.816665],[38.219691,49.816665],[38.219964,49.818116],[38.220306,49.817889],[38.220473,49.817719],[38.220616,49.817603],[38.221136,49.817371],[38.221312,49.817269],[38.22135,49.81723138383838],[38.22135,49.817232],[38.221411,49.817171],[38.221478,49.817066],[38.221559,49.816832],[38.22159948192766,49.81672636747001],[38.221748,49.816348],[38.222354,49.814907],[38.222624,49.813979],[38.22274,49.813452],[38.22284,49.813121],[38.22283997217676,49.813121],[38.222993,49.812621],[38.223109,49.812322]]]}},{"type":"Feature","properties":{"cadnum":"4425487500:04:003:0101"},"geometry":{"type":"Polygon","coordinates":[[[38.099501,49.826583],[38.099618,49.826553],[38.099635,49.826551],[38.099622,49.826534],[38.099608,49.826536],[38.099492,49.826568],[38.099501,49.826583]]]}},{"type":"Feature","properties":{"cadnum":"4425487500:04:003:0103"},"geometry":{"type":"Polygon","coordinates":[[[38.099316,49.825003],[38.099348,49.825],[38.099343,49.824981],[38.099312,49.824983],[38.099316,49.825003]]]}},{"type":"Feature","properties":{"cadnum":"4425487500:04:003:0102"},"geometry":{"type":"Polygon","coordinates":[[[38.099446,49.825725],[38.099478,49.825722],[38.099474,49.825702],[38.099442,49.825705],[38.099446,49.825725]]]}},{"type":"Feature","properties":{"cadnum":"4425487500:07:005:0026"},"geometry":{"type":"Polygon","coordinates":[[[38.2738861693811,49.827297],[38.273885,49.827297],[38.270788,49.828835],[38.270788,49.82883530911631],[38.268097,49.83017],[38.268893276214826,49.830841],[38.268893,49.830841],[38.269152,49.831059],[38.26936747247706,49.830952],[38.269368,49.830952],[38.27096,49.830162],[38.27096,49.830161574610244],[38.274829,49.82824],[38.274605,49.827724],[38.27443996955503,49.827408],[38.27444,49.827408],[38.274282,49.827101],[38.2738861693811,49.827297]]]}},{"type":"Feature","properties":{"cadnum":"4425487500:07:005:0027"},"geometry":{"type":"Polygon","coordinates":[[[38.274282,49.827101],[38.274137,49.82682],[38.273859,49.825954],[38.270928,49.827408],[38.27092877348067,49.827408],[38.270788,49.827478],[38.270788,49.827478204755614],[38.270203,49.827768],[38.267085,49.829315],[38.268097,49.83017],[38.27096,49.82875],[38.27096,49.828749583144976],[38.273661484395326,49.827408],[38.273662,49.827408],[38.274282,49.827101]]]}},{"type":"Feature","properties":{"cadnum":"4425487500:07:005:0019"},"geometry":{"type":"Polygon","coordinates":[[[38.264215,49.82877],[38.265295,49.82968006389776],[38.265295,49.829681],[38.266802,49.830952],[38.266802818666676,49.830952],[38.268007,49.831966],[38.269309,49.83132],[38.269169,49.831204],[38.268738,49.830841],[38.26873764420063,49.830841],[38.268114,49.830314],[38.267104,49.829459],[38.265518,49.828124],[38.265295,49.828235],[38.265295,49.82823517571885],[38.264215,49.82877]]]}},{"type":"Feature","properties":{"cadnum":"4425487500:07:005:0025"},"geometry":{"type":"Polygon","coordinates":[[[38.274991,49.828721],[38.274848,49.828387],[38.270788,49.830401],[38.270788,49.8304021950078],[38.269902097637804,49.830841],[38.269902,49.830841],[38.269169,49.831204],[38.269309,49.83132],[38.27019,49.832064],[38.27096,49.831683],[38.27096,49.831681690948045],[38.272655,49.830841],[38.27265468530021,49.830841],[38.275351,49.829503],[38.274991,49.828721]]]}},{"type":"Feature","properties":{"cadnum":"4425487500:07:005:0058"},"geometry":{"type":"Polygon","coordinates":[[[38.275332,49.822111],[38.275364,49.822109],[38.275355,49.822088],[38.275324,49.822092],[38.275332,49.822111]]]}},{"type":"Feature","properties":{"cadnum":"4425487500:07:005:0057"},"geometry":{"type":"Polygon","coordinates":[[[38.274951,49.820732],[38.274982,49.820729],[38.274978,49.820709],[38.274946,49.820712],[38.274951,49.820732]]]}},{"type":"Feature","properties":{"cadnum":"4425487500:07:005:0059"},"geometry":{"type":"Polygon","coordinates":[[[38.275588,49.823053],[38.27562,49.82305],[38.275615,49.82303],[38.275584,49.823033],[38.275588,49.823053]]]}},{"type":"Feature","properties":{"cadnum":"4425487500:07:005:0109"},"geometry":{"type":"Polygon","coordinates":[[[38.27302,49.822451],[38.273047,49.822445],[38.273041,49.82243],[38.273014,49.822433],[38.27302,49.822451]]]}},{"type":"Feature","properties":{"cadnum":"4425487500:07:005:0110"},"geometry":{"type":"Polygon","coordinates":[[[38.272867,49.821998],[38.272894,49.821996],[38.272888,49.821978],[38.272862,49.821984],[38.272867,49.821998]]]}},{"type":"Feature","properties":{"cadnum":"4425487500:07:005:0111"},"geometry":{"type":"Polygon","coordinates":[[[38.272727,49.821572],[38.27275,49.82157],[38.272745,49.821555],[38.272722,49.821558],[38.272727,49.821572]]]}},{"type":"Feature","properties":{"cadnum":"4425487500:07:005:0107"},"geometry":{"type":"Polygon","coordinates":[[[38.273316,49.823331],[38.273338,49.823325],[38.273334,49.823312],[38.273311,49.823314],[38.273316,49.823331]]]}},{"type":"Feature","properties":{"cadnum":"4425487500:07:005:0113"},"geometry":{"type":"Polygon","coordinates":[[[38.272422,49.820671],[38.272448,49.820668],[38.272444,49.820651],[38.272418,49.820657],[38.272422,49.820671]]]}},{"type":"Feature","properties":{"cadnum":"4425487500:07:005:0112"},"geometry":{"type":"Polygon","coordinates":[[[38.272565,49.821091],[38.272592,49.821089],[38.272584,49.821071],[38.272561,49.821077],[38.272565,49.821091]]]}},{"type":"Feature","properties":{"cadnum":"4425487500:07:005:0108"},"geometry":{"type":"Polygon","coordinates":[[[38.273171,49.822908],[38.273198,49.822906],[38.273194,49.822888],[38.273167,49.822894],[38.273171,49.822908]]]}},{"type":"Feature","properties":{"cadnum":"4425487500:07:005:0106"},"geometry":{"type":"Polygon","coordinates":[[[38.27346,49.823757],[38.273481,49.823752],[38.273477,49.823737],[38.27345,49.82374],[38.27346,49.823757]]]}},{"type":"Feature","properties":{"cadnum":"4425487500:07:005:0073"},"geometry":{"type":"Polygon","coordinates":[[[38.275714,49.838192],[38.275737,49.838186],[38.275714,49.838145],[38.275781,49.838128],[38.275773,49.838113],[38.275683,49.838134],[38.275714,49.838192]]]}},{"type":"Feature","properties":{"cadnum":"4425487500:05:001:0063"},"geometry":{"type":"Polygon","coordinates":[[[38.27597,49.838461],[38.275993,49.838452],[38.27598,49.838438],[38.275957,49.838447],[38.27597,49.838461]]]}},{"type":"Feature","properties":{"cadnum":"4425487500:05:001:0086"},"geometry":{"type":"Polygon","coordinates":[[[38.274299,49.841367],[38.274578,49.840947],[38.27403,49.840761],[38.274142,49.840625],[38.274861,49.840715],[38.275714,49.840069],[38.275125,49.83977],[38.275068,49.839837],[38.274735,49.840208],[38.27376,49.839982],[38.272898,49.840671],[38.273517,49.840929],[38.273427,49.841126],[38.274299,49.841367]]]}},{"type":"Feature","properties":{"cadnum":"4425487500:05:001:0062"},"geometry":{"type":"Polygon","coordinates":[[[38.27633,49.838861],[38.276352,49.838852],[38.276339,49.838838],[38.276316,49.838847],[38.27633,49.838861]]]}},{"type":"Feature","properties":{"cadnum":"4425487500:01:001:0045"},"geometry":{"type":"Polygon","coordinates":[[[38.161561,49.837363],[38.161561,49.837346],[38.161534,49.837346],[38.161534,49.837363],[38.161561,49.837363]]]}},{"type":"Feature","properties":{"cadnum":"4425487500:01:001:0013"},"geometry":{"type":"Polygon","coordinates":[[[38.164197,49.837476],[38.164197,49.837459],[38.16417,49.837459],[38.16417,49.837476],[38.164197,49.837476]]]}},{"type":"Feature","properties":{"cadnum":"4425487500:01:001:0042"},"geometry":{"type":"Polygon","coordinates":[[[38.163595,49.837361],[38.163595,49.837346],[38.163568,49.837346],[38.163568,49.837361],[38.163595,49.837361]]]}},{"type":"Feature","properties":{"cadnum":"4425487500:01:001:0012"},"geometry":{"type":"Polygon","coordinates":[[[38.165163,49.837468],[38.165163,49.83745],[38.16514,49.83745],[38.16514,49.837468],[38.165163,49.837468]]]}},{"type":"Feature","properties":{"cadnum":"4425487500:01:001:0038"},"geometry":{"type":"Polygon","coordinates":[[[38.166304,49.837343],[38.166304,49.837395],[38.166331,49.837395],[38.166331,49.837343],[38.166304,49.837343]]]}},{"type":"Feature","properties":{"cadnum":"4425487500:01:001:0041"},"geometry":{"type":"Polygon","coordinates":[[[38.164304,49.837361],[38.164304,49.837343],[38.164278,49.837343],[38.164278,49.837361],[38.164304,49.837361]]]}},{"type":"Feature","properties":{"cadnum":"4425487500:01:001:0043"},"geometry":{"type":"Polygon","coordinates":[[[38.162863,49.837361],[38.162863,49.837346],[38.162836,49.837346],[38.162836,49.837361],[38.162863,49.837361]]]}},{"type":"Feature","properties":{"cadnum":"4425487500:01:001:0014"},"geometry":{"type":"Polygon","coordinates":[[[38.163236,49.837485],[38.163262,49.837482],[38.163262,49.837468],[38.163236,49.837468],[38.163236,49.837485]]]}},{"type":"Feature","properties":{"cadnum":"4425487500:01:001:0011"},"geometry":{"type":"Polygon","coordinates":[[[38.166277,49.837499],[38.166277,49.837441],[38.16625,49.837438],[38.16625,49.837499],[38.166277,49.837499]]]}},{"type":"Feature","properties":{"cadnum":"4425487500:01:001:0015"},"geometry":{"type":"Polygon","coordinates":[[[38.16232,49.83749],[38.16232,49.837473],[38.162293,49.837476],[38.162293,49.83749],[38.16232,49.83749]]]}},{"type":"Feature","properties":{"cadnum":"4425487500:01:001:0040"},"geometry":{"type":"Polygon","coordinates":[[[38.164987,49.837361],[38.164987,49.837343],[38.16496,49.837343],[38.16496,49.837361],[38.164987,49.837361]]]}},{"type":"Feature","properties":{"cadnum":"4425487500:01:001:0039"},"geometry":{"type":"Polygon","coordinates":[[[38.165702,49.837361],[38.165702,49.837343],[38.165675,49.837343],[38.165675,49.837361],[38.165702,49.837361]]]}},{"type":"Feature","properties":{"cadnum":"4425487500:01:001:0044"},"geometry":{"type":"Polygon","coordinates":[[[38.162203,49.837363],[38.162203,49.837346],[38.16218,49.837346],[38.162176,49.837363],[38.162203,49.837363]]]}},{"type":"Feature","properties":{"cadnum":"4425487500:01:001:0016"},"geometry":{"type":"Polygon","coordinates":[[[38.161591,49.837499],[38.16162,49.837496],[38.16162,49.837482],[38.161591,49.837482],[38.161591,49.837499]]]}},{"type":"Feature","properties":{"cadnum":"4425487500:04:002:0049"},"geometry":{"type":"Polygon","coordinates":[[[38.139124,49.842072],[38.13851,49.841824],[38.137823,49.842484],[38.137144,49.84313],[38.138952,49.843857765656566],[38.138952,49.843858],[38.141475,49.844871],[38.141529,49.844785],[38.1424,49.843521],[38.142462,49.843414],[38.139124,49.84207214301994],[38.139124,49.842072]]]}},{"type":"Feature","properties":{"cadnum":"4425487500:07:006:0003"},"geometry":{"type":"Polygon","coordinates":[[[38.291943,49.851504],[38.288515,49.849103],[38.288339,49.849323],[38.287949,49.850139],[38.287899,49.851202],[38.287968,49.851964],[38.2879772345679,49.852096],[38.287977,49.852096],[38.28798134662047,49.85215477816319],[38.287985,49.852207],[38.28798520840336,49.852207],[38.288021,49.852691],[38.288115,49.852862],[38.288165,49.852975],[38.288375,49.853137],[38.288857,49.853398],[38.290496,49.852393],[38.290979,49.852096],[38.29097794736841,49.852096],[38.291943,49.851504]]]}},{"type":"Feature","properties":{"cadnum":"4425487500:07:004:0038"},"geometry":{"type":"Polygon","coordinates":[[[38.259974,49.82679900813008],[38.259974,49.826799],[38.259048325123146,49.827297],[38.259047,49.827297],[38.258552,49.827565],[38.258602,49.827921],[38.259212,49.82804],[38.259315,49.82822],[38.259109,49.828538],[38.258372,49.829289],[38.258022,49.829581],[38.259369,49.830723],[38.259974,49.830424],[38.259974,49.83042361716068],[38.263007,49.828918],[38.261088,49.827297],[38.26108770204604,49.827297],[38.260294,49.826626],[38.259974,49.82679900813008]]]}},{"type":"Feature","properties":{"cadnum":"4425487500:07:004:0048"},"geometry":{"type":"Polygon","coordinates":[[[38.25883,49.826061],[38.258902,49.825337],[38.255919,49.825215],[38.255848,49.825939],[38.25883,49.826061]]]}},{"type":"Feature","properties":{"cadnum":"4425487500:07:004:0046"},"geometry":{"type":"Polygon","coordinates":[[[38.258763,49.826789],[38.25883,49.826061],[38.255848,49.825939],[38.255776,49.826667],[38.256292,49.826687],[38.258763,49.826789]]]}},{"type":"Feature","properties":{"cadnum":"4425487500:07:004:0047"},"geometry":{"type":"Polygon","coordinates":[[[38.25448,49.82588388888889],[38.255848,49.825939],[38.255919,49.825215],[38.25448,49.82515511614907],[38.25448,49.825155],[38.252933,49.82509],[38.25286,49.825818],[38.25448,49.825884],[38.25448,49.82588388888889]]]}},{"type":"Feature","properties":{"cadnum":"4425487500:07:004:0050"},"geometry":{"type":"Polygon","coordinates":[[[38.258902,49.825337],[38.258974,49.824609],[38.255992,49.824487],[38.255919,49.825215],[38.258902,49.825337]]]}},{"type":"Feature","properties":{"cadnum":"4425487500:07:004:0044"},"geometry":{"type":"Polygon","coordinates":[[[38.258789,49.827214],[38.25883,49.826791],[38.256292,49.826687],[38.256221,49.827408],[38.25622118956522,49.827408],[38.256176,49.827872],[38.258229,49.827698],[38.258693,49.827297],[38.2586927371134,49.827297],[38.258789,49.827214]]]}},{"type":"Feature","properties":{"cadnum":"4425487500:07:004:0045"},"geometry":{"type":"Polygon","coordinates":[[[38.25448,49.826612999999995],[38.255776,49.826667],[38.255848,49.825939],[38.254309,49.825877],[38.254309,49.825877033333335],[38.25286,49.825818],[38.252789,49.826542],[38.254309,49.82660584952978],[38.254309,49.826606],[38.254384,49.826609],[38.25448,49.826613],[38.25448,49.826612999999995]]]}},{"type":"Feature","properties":{"cadnum":"4425487500:07:004:0049"},"geometry":{"type":"Polygon","coordinates":[[[38.253005,49.824366],[38.252933,49.82509],[38.254309,49.82514781512605],[38.254309,49.825148],[38.255919,49.825215],[38.255992,49.824487],[38.255237,49.824455],[38.254309,49.824419],[38.254309,49.824419044067795],[38.253005,49.824366]]]}},{"type":"Feature","properties":{"cadnum":"4425487500:07:005:0024"},"geometry":{"type":"Polygon","coordinates":[[[38.275876,49.83061],[38.275827,49.830479],[38.2754,49.829613],[38.275351,49.829503],[38.272431,49.830952],[38.27243120194384,49.830952],[38.270788,49.831767],[38.270788,49.831768106493506],[38.27019,49.832064],[38.27096,49.832715],[38.27096,49.832714444180525],[38.271209,49.832925],[38.27518624232245,49.830952],[38.275187,49.830952],[38.275876,49.83061]]]}},{"type":"Feature","properties":{"cadnum":"4425487500:07:005:0089"},"geometry":{"type":"Polygon","coordinates":[[[38.27624,49.831276],[38.276267,49.831271],[38.276257,49.831256],[38.276236,49.831259],[38.27624,49.831276]]]}},{"type":"Feature","properties":{"cadnum":"4425487500:07:005:0022"},"geometry":{"type":"Polygon","coordinates":[[[38.27096,49.834037],[38.27096,49.834036868522816],[38.272081,49.833658],[38.271209,49.832925],[38.270788,49.832569],[38.270788,49.832569581818184],[38.27019,49.832064],[38.269309,49.83132],[38.268007,49.831966],[38.267342,49.832296],[38.269852,49.834411],[38.27096,49.834037]]]}},{"type":"Feature","properties":{"cadnum":"4425487500:04:003:0058"},"geometry":{"type":"Polygon","coordinates":[[[38.105757,49.818886],[38.104122,49.818881],[38.10411276441974,49.82021],[38.104112,49.82021],[38.104085,49.823864],[38.104085194139195,49.823864],[38.104082,49.8243],[38.105713,49.824218],[38.10571528879311,49.823864],[38.105716,49.823864],[38.10574412698413,49.82032],[38.105745,49.82032],[38.105757,49.818886]]]}},{"type":"Feature","properties":{"cadnum":"4425487500:04:003:0057"},"geometry":{"type":"Polygon","coordinates":[[[38.104122,49.818881],[38.103373,49.818881],[38.103181,49.82032],[38.10318137621832,49.82032],[38.102855,49.822775],[38.102914,49.823398],[38.102891,49.823864],[38.10289163898917,49.823864],[38.10287,49.824308],[38.10357,49.824322],[38.104082,49.8243],[38.104086,49.823754],[38.10408581280788,49.823754],[38.10411118719212,49.82032],[38.104112,49.82032],[38.104122,49.818881]]]}},{"type":"Feature","properties":{"cadnum":"4425487500:07:001:0087"},"geometry":{"type":"Polygon","coordinates":[[[38.26758,49.847959],[38.267602,49.84795],[38.267557,49.847898],[38.267535,49.847907],[38.26758,49.847959]]]}},{"type":"Feature","properties":{"cadnum":"4425487500:07:005:0053"},"geometry":{"type":"Polygon","coordinates":[[[38.269529,49.844575],[38.270051,49.843617],[38.270118,49.84353],[38.265779,49.84494],[38.26584667213115,49.845012],[38.265846,49.845012],[38.266282,49.845474],[38.267072,49.846458],[38.267678,49.847162],[38.267894,49.847128],[38.268339,49.846507],[38.269179,49.845268],[38.269308,49.845012],[38.26930731021898,49.845012],[38.269529,49.844575]]]}},{"type":"Feature","properties":{"cadnum":"4425487500:05:001:0016"},"geometry":{"type":"Polygon","coordinates":[[[38.268074,49.847327],[38.268091,49.847316],[38.268024,49.847275],[38.268007,49.847287],[38.268074,49.847327]]]}},{"type":"Feature","properties":{"cadnum":"4425487500:05:001:0017"},"geometry":{"type":"Polygon","coordinates":[[[38.268343,49.846881],[38.268353,49.846867],[38.268326,49.846861],[38.268317,49.846876],[38.268343,49.846881]]]}},{"type":"Feature","properties":{"cadnum":"4425487500:05:001:0093"},"geometry":{"type":"Polygon","coordinates":[[[38.27096,49.848218236503854],[38.271708,49.848274],[38.271942,49.847976],[38.272328,49.847652],[38.271873,49.847539],[38.271137,49.847435],[38.27096,49.84743908461539],[38.27096,49.847439],[38.270877,49.847441],[38.270788,49.847539],[38.270788,49.84753938671874],[38.270621,49.847724],[38.270548,49.848051],[38.270788,49.84807230177515],[38.270788,49.848073],[38.270886,49.848081],[38.27093,49.848216],[38.27096,49.848219],[38.27096,49.848218236503854]]]}},{"type":"Feature","properties":{"cadnum":"4425487500:07:001:0085"},"geometry":{"type":"Polygon","coordinates":[[[38.267751,49.848553],[38.267768,49.848541],[38.267705,49.848506],[38.267688,49.848521],[38.267751,49.848553]]]}},{"type":"Feature","properties":{"cadnum":"4425487500:07:001:0086"},"geometry":{"type":"Polygon","coordinates":[[[38.267657,49.848257],[38.267684,49.848254],[38.267678,49.848237],[38.267651,49.84824],[38.267657,49.848257]]]}},{"type":"Feature","properties":{"cadnum":"4425487500:07:001:0090"},"geometry":{"type":"Polygon","coordinates":[[[38.267621,49.847542],[38.267643,49.84753],[38.26763,49.847516],[38.267607,49.847527],[38.267621,49.847542]]]}},{"type":"Feature","properties":{"cadnum":"4425487500:05:001:0019"},"geometry":{"type":"Polygon","coordinates":[[[38.268923,49.845897],[38.268932,49.84588],[38.268909,49.845874],[38.2689,49.845891],[38.268923,49.845897]]]}},{"type":"Feature","properties":{"cadnum":"4425487500:05:001:0077"},"geometry":{"type":"Polygon","coordinates":[[[38.265467,49.84818796192385],[38.26573018876081,49.848554],[38.26573,49.848554],[38.266318,49.849372],[38.267688,49.849021],[38.267530204225245,49.84864115140819],[38.267112,49.847623],[38.267072,49.847626],[38.265467,49.84794043781942],[38.265467,49.84794],[38.265311,49.847971],[38.265467,49.848188],[38.265467,49.84818796192385]]]}},{"type":"Feature","properties":{"cadnum":"4425487500:05:001:0075"},"geometry":{"type":"Polygon","coordinates":[[[38.269125,49.847698],[38.269169,49.847539],[38.267827,49.847383],[38.267795,49.847432],[38.267795,49.847533],[38.268626,49.847634],[38.268726,49.847672],[38.26881,49.847684],[38.269125,49.847698]]]}},{"type":"Feature","properties":{"cadnum":"4425487500:05:001:0020"},"geometry":{"type":"Polygon","coordinates":[[[38.269242,49.845358],[38.269251,49.845341],[38.269228,49.845335],[38.269219,49.845352],[38.269242,49.845358]]]}},{"type":"Feature","properties":{"cadnum":"4425487500:07:001:0089"},"geometry":{"type":"Polygon","coordinates":[[[38.267018,49.847287],[38.267041,49.847278],[38.267001,49.847235],[38.266978,49.847241],[38.267018,49.847287]]]}},{"type":"Feature","properties":{"cadnum":"4425487500:07:001:0088"},"geometry":{"type":"Polygon","coordinates":[[[38.267338,49.847675],[38.267401,49.847646],[38.267387,49.847632],[38.267319,49.847664],[38.267338,49.847675]]]}},{"type":"Feature","properties":{"cadnum":"4425487500:05:001:0066"},"geometry":{"type":"Polygon","coordinates":[[[38.269839,49.848515],[38.26992,49.848344],[38.269399,49.848237],[38.269322,49.848407],[38.269839,49.848515]]]}},{"type":"Feature","properties":{"cadnum":"4425487500:05:001:0018"},"geometry":{"type":"Polygon","coordinates":[[[38.26859,49.846458],[38.2686,49.846444],[38.268577,49.846438],[38.268567,49.846453],[38.26859,49.846458]]]}},{"type":"Feature","properties":{"cadnum":"4425487500:04:009:0054"},"geometry":{"type":"Polygon","coordinates":[[[38.214224,49.837818],[38.213924,49.837754],[38.213803996478866,49.837927],[38.213803,49.837927],[38.211279,49.841581],[38.2112796875,49.841581],[38.211246,49.84163],[38.211907,49.841737],[38.212563,49.84176],[38.21329,49.841905],[38.213317,49.841911],[38.21362,49.84147],[38.21361962125341,49.84147],[38.215823,49.838278],[38.214603,49.837927],[38.21460252727274,49.837927],[38.214224,49.837818]]]}},{"type":"Feature","properties":{"cadnum":"4425487500:04:009:0113"},"geometry":{"type":"Polygon","coordinates":[[[38.213978,49.837745],[38.213991,49.837687],[38.213964,49.837685],[38.213955,49.837726],[38.213888,49.837719],[38.213882,49.837737],[38.213978,49.837745]]]}},{"type":"Feature","properties":{"cadnum":"4425487500:04:008:0100"},"geometry":{"type":"Polygon","coordinates":[[[38.215352,49.837028],[38.215374,49.837015],[38.215356,49.837004],[38.215339,49.837013],[38.215352,49.837028]]]}},{"type":"Feature","properties":{"cadnum":"4425487500:04:008:0099"},"geometry":{"type":"Polygon","coordinates":[[[38.214731,49.837386],[38.21476,49.83738],[38.214727,49.837325],[38.214701,49.837331],[38.214731,49.837386]]]}},{"type":"Feature","properties":{"cadnum":"4425487500:04:009:0112"},"geometry":{"type":"Polygon","coordinates":[[[38.213129,49.837957],[38.213152,49.837951],[38.213142,49.837934],[38.213119,49.837939],[38.213129,49.837957]]]}},{"type":"Feature","properties":{"cadnum":"4425487500:04:001:0046"},"geometry":{"type":"Polygon","coordinates":[[[38.197821,49.855277],[38.197938,49.854],[38.198068,49.852651],[38.197552,49.852645],[38.197498,49.85323],[38.197435,49.853644],[38.197273,49.855248],[38.197821,49.855277]]]}},{"type":"Feature","properties":{"cadnum":"4425487500:04:008:0113"},"geometry":{"type":"Polygon","coordinates":[[[38.223939,49.832682],[38.223962,49.83267],[38.223945,49.832658],[38.223922,49.832667],[38.223939,49.832682]]]}},{"type":"Feature","properties":{"cadnum":"4425487500:04:008:0114"},"geometry":{"type":"Polygon","coordinates":[[[38.224631,49.832328],[38.224654,49.832319],[38.224635,49.832305],[38.224618,49.832317],[38.224631,49.832328]]]}},{"type":"Feature","properties":{"cadnum":"4425487500:04:008:0111"},"geometry":{"type":"Polygon","coordinates":[[[38.222584,49.833371],[38.222606,49.833363],[38.222588,49.833348],[38.22257,49.833359],[38.222584,49.833371]]]}},{"type":"Feature","properties":{"cadnum":"4425487500:04:008:0110"},"geometry":{"type":"Polygon","coordinates":[[[38.221896,49.833722],[38.221914,49.833713],[38.221901,49.833698],[38.221878,49.83371],[38.221896,49.833722]]]}},{"type":"Feature","properties":{"cadnum":"4425487500:04:008:0112"},"geometry":{"type":"Polygon","coordinates":[[[38.223247,49.833035],[38.223266,49.833023],[38.223253,49.833009],[38.22323,49.833021],[38.223247,49.833035]]]}},{"type":"Feature","properties":{"cadnum":"4425487500:04:008:0116"},"geometry":{"type":"Polygon","coordinates":[[[38.225952,49.831656],[38.225974,49.831647],[38.225956,49.831632],[38.225939,49.831645],[38.225952,49.831656]]]}},{"type":"Feature","properties":{"cadnum":"4425487500:04:008:0115"},"geometry":{"type":"Polygon","coordinates":[[[38.225283,49.831997],[38.225305,49.831986],[38.225287,49.831975],[38.22527,49.831984],[38.225283,49.831997]]]}},{"type":"Feature","properties":{"cadnum":"4425487500:04:008:0117"},"geometry":{"type":"Polygon","coordinates":[[[38.226639,49.831308],[38.226656,49.831297],[38.226643,49.831285],[38.226622,49.831294],[38.226639,49.831308]]]}},{"type":"Feature","properties":{"cadnum":"4425487500:04:003:0120"},"geometry":{"type":"Polygon","coordinates":[[[38.122606,49.833835],[38.123261,49.833484],[38.12645,49.832592],[38.126827,49.832487],[38.1272,49.832383],[38.12698,49.832163],[38.12508,49.83267],[38.123283,49.83262],[38.122473,49.83269],[38.122473,49.83269062081784],[38.121568,49.832768],[38.12035,49.83278],[38.122286,49.834125],[38.122473,49.83395553125],[38.122473,49.833956],[38.122606,49.833835]]]}},{"type":"Feature","properties":{"cadnum":"4425487500:04:003:0087"},"geometry":{"type":"Polygon","coordinates":[[[38.126894,49.832763],[38.126904,49.832742],[38.126872,49.832736],[38.126868,49.832757],[38.126894,49.832763]]]}},{"type":"Feature","properties":{"cadnum":"4425487500:04:003:0088"},"geometry":{"type":"Polygon","coordinates":[[[38.125036,49.832534],[38.125044,49.832514],[38.125013,49.83251],[38.125003,49.832528],[38.125036,49.832534]]]}},{"type":"Feature","properties":{"cadnum":"4425487500:04:002:0103"},"geometry":{"type":"Polygon","coordinates":[[[38.15011,49.85022],[38.146244,49.849392],[38.146002,49.849864],[38.145714,49.85042],[38.145674,49.850502],[38.149939,49.85141345626691],[38.149939,49.851414],[38.152259,49.85191],[38.152825,49.8508],[38.15011,49.850220498960496],[38.15011,49.85022]]]}},{"type":"Feature","properties":{"cadnum":"4425487500:04:002:0350"},"geometry":{"type":"Polygon","coordinates":[[[38.174402,49.83577],[38.174407,49.835753],[38.174384,49.83575],[38.174375,49.835764],[38.174402,49.83577]]]}},{"type":"Feature","properties":{"cadnum":"4425487500:04:002:0147"},"geometry":{"type":"Polygon","coordinates":[[[38.16696,49.835251],[38.16695,49.835596],[38.171911,49.83560953087863],[38.171911,49.83561],[38.172407,49.835611],[38.172421,49.835364],[38.17222,49.835263],[38.172083,49.835263],[38.16696,49.835251]]]}},{"type":"Feature","properties":{"cadnum":"4425487500:04:002:0144"},"geometry":{"type":"Polygon","coordinates":[[[38.166933,49.836291],[38.16692,49.83665],[38.171911,49.836664522793406],[38.171911,49.836665],[38.172075,49.836665],[38.17222,49.836306],[38.172083,49.836306],[38.166933,49.836291]]]}},{"type":"Feature","properties":{"cadnum":"4425487500:04:002:0143"},"geometry":{"type":"Polygon","coordinates":[[[38.172075,49.836665],[38.16692,49.83665],[38.16691,49.837018],[38.171911,49.83703296409335],[38.171911,49.837033],[38.171923,49.837033],[38.172075,49.836665]]]}},{"type":"Feature","properties":{"cadnum":"4425487500:04:002:0153"},"geometry":{"type":"Polygon","coordinates":[[[38.173423,49.83725],[38.173432,49.83723],[38.1734,49.837224],[38.173396,49.837245],[38.173423,49.83725]]]}},{"type":"Feature","properties":{"cadnum":"4425487500:04:002:0317"},"geometry":{"type":"Polygon","coordinates":[[[38.172466,49.837537],[38.172543,49.837531],[38.172543,49.837514],[38.172461,49.83752],[38.172466,49.837537]]]}},{"type":"Feature","properties":{"cadnum":"4425487500:04:002:0316"},"geometry":{"type":"Polygon","coordinates":[[[38.172597,49.837572],[38.172614,49.837514],[38.172587,49.837511],[38.17257,49.837572],[38.172597,49.837572]]]}},{"type":"Feature","properties":{"cadnum":"4425487500:04:002:0154"},"geometry":{"type":"Polygon","coordinates":[[[38.173962,49.83608],[38.173971,49.83606],[38.173939,49.836054],[38.173935,49.836074],[38.173962,49.83608]]]}},{"type":"Feature","properties":{"cadnum":"4425487500:04:002:0351"},"geometry":{"type":"Polygon","coordinates":[[[38.174667,49.835179],[38.174677,49.835162],[38.17465,49.835158],[38.17464,49.835173],[38.174667,49.835179]]]}},{"type":"Feature","properties":{"cadnum":"4425487500:04:002:0349"},"geometry":{"type":"Polygon","coordinates":[[[38.174101,49.836431],[38.174111,49.836413],[38.174088,49.836407],[38.174078,49.836425],[38.174101,49.836431]]]}},{"type":"Feature","properties":{"cadnum":"4425487500:04:002:0146"},"geometry":{"type":"Polygon","coordinates":[[[38.172083,49.835954413461536],[38.172327,49.835955],[38.17239,49.835727],[38.172407,49.835611],[38.172083,49.835610346774196],[38.172083,49.83561],[38.16695,49.835596],[38.166941,49.835941],[38.172083,49.835955],[38.172083,49.835954413461536]]]}},{"type":"Feature","properties":{"cadnum":"4425487500:04:002:0145"},"geometry":{"type":"Polygon","coordinates":[[[38.166941,49.835941],[38.166933,49.836291],[38.171911,49.83630549902912],[38.171911,49.836306],[38.172083,49.836306],[38.17222,49.836306],[38.172277,49.836132],[38.172327,49.835955],[38.171911,49.835954],[38.171911,49.83595453169973],[38.166941,49.835941]]]}},{"type":"Feature","properties":{"cadnum":"4425487500:04:002:0315"},"geometry":{"type":"Polygon","coordinates":[[[38.172614,49.837943],[38.172619,49.837928],[38.172593,49.837925],[38.172593,49.837943],[38.172614,49.837943]]]}},{"type":"Feature","properties":{"cadnum":"4425487500:04:002:0347"},"geometry":{"type":"Polygon","coordinates":[[[38.173553,49.837647],[38.173562,49.83763],[38.173535,49.837627],[38.173531,49.837642],[38.173553,49.837647]]]}},{"type":"Feature","properties":{"cadnum":"4425487500:04:002:0352"},"geometry":{"type":"Polygon","coordinates":[[[38.174923,49.834608],[38.174933,49.834591],[38.174905,49.834588],[38.174901,49.834602],[38.174923,49.834608]]]}},{"type":"Feature","properties":{"cadnum":"4425487500:01:001:0030"},"geometry":{"type":"Polygon","coordinates":[[[38.172107,49.837517],[38.172107,49.837499],[38.17208,49.837499],[38.17208,49.837517],[38.172107,49.837517]]]}},{"type":"Feature","properties":{"cadnum":"4425487500:04:002:0348"},"geometry":{"type":"Polygon","coordinates":[[[38.173836,49.837024],[38.173841,49.837009],[38.173818,49.837004],[38.173809,49.837018],[38.173836,49.837024]]]}},{"type":"Feature","properties":{"cadnum":"4425487500:04:002:0155"},"geometry":{"type":"Polygon","coordinates":[[[38.174501,49.834907],[38.17451,49.834889],[38.174478,49.834883],[38.174474,49.834901],[38.174501,49.834907]]]}},{"type":"Feature","properties":{"cadnum":"4425487500:04:002:0278"},"geometry":{"type":"Polygon","coordinates":[[[38.172551,49.837713],[38.172551,49.837757],[38.172579,49.837757],[38.172579,49.837696],[38.172484,49.837696],[38.172484,49.837713],[38.172551,49.837713]]]}},{"type":"Feature","properties":{"cadnum":"4425487500:07:001:0084"},"geometry":{"type":"Polygon","coordinates":[[[38.267602,49.849137],[38.267657,49.849106],[38.267607,49.849068],[38.267548,49.8491],[38.267602,49.849137]]]}},{"type":"Feature","properties":{"cadnum":"4425487500:05:001:0012"},"geometry":{"type":"Polygon","coordinates":[[[38.267944,49.851264],[38.267971,49.851258],[38.267961,49.851243],[38.267934,49.851249],[38.267944,49.851264]]]}},{"type":"Feature","properties":{"cadnum":"4425487500:05:001:0015"},"geometry":{"type":"Polygon","coordinates":[[[38.267059,49.849618],[38.267081,49.849613],[38.267055,49.849575],[38.267118,49.849555],[38.267108,49.84954],[38.267022,49.849566],[38.267059,49.849618]]]}},{"type":"Feature","properties":{"cadnum":"4425487500:05:001:0010"},"geometry":{"type":"Polygon","coordinates":[[[38.268626,49.852144],[38.268649,49.852135],[38.268636,49.852121],[38.268613,49.852129],[38.268626,49.852144]]]}},{"type":"Feature","properties":{"cadnum":"4425487500:05:001:0011"},"geometry":{"type":"Polygon","coordinates":[[[38.268173,49.85168],[38.268244,49.851657],[38.268231,49.851642],[38.26816,49.851666],[38.268173,49.85168]]]}},{"type":"Feature","properties":{"cadnum":"4425487500:05:001:0096"},"geometry":{"type":"Polygon","coordinates":[[[38.27096,49.85094],[38.270567,49.850858],[38.269871,49.850716],[38.269844,49.850919],[38.2693,49.851208],[38.269502,49.851365],[38.270018,49.851072],[38.270508,49.851455],[38.270788,49.851575488997554],[38.270788,49.851576],[38.270917,49.851631],[38.271119,49.852054],[38.273316,49.85182],[38.273307,49.851429],[38.271936,49.851144],[38.27096,49.85094080836237],[38.27096,49.85094]],[[38.270777,49.851365],[38.270777,49.851382],[38.270751,49.851382],[38.270751,49.851365],[38.270777,49.851365]],[[38.270756,49.851159],[38.270756,49.851176],[38.270724,49.851176],[38.270724,49.851159],[38.270756,49.851159]],[[38.270737,49.850991],[38.270737,49.851009],[38.27071,49.851009],[38.27071,49.850991],[38.270737,49.850991]],[[38.270733,49.851359],[38.270733,49.851379],[38.270706,49.851379],[38.270706,49.851359],[38.270733,49.851359]]]}},{"type":"Feature","properties":{"cadnum":"4425487500:07:001:0082"},"geometry":{"type":"Polygon","coordinates":[[[38.265734,49.849132],[38.265756,49.849123],[38.265711,49.849077],[38.265689,49.849085],[38.265734,49.849132]]]}},{"type":"Feature","properties":{"cadnum":"4425487500:05:001:0014"},"geometry":{"type":"Polygon","coordinates":[[[38.267351,49.850169],[38.267374,49.850163],[38.267364,49.850148],[38.267342,49.850154],[38.267351,49.850169]]]}},{"type":"Feature","properties":{"cadnum":"4425487500:07:001:0081"},"geometry":{"type":"Polygon","coordinates":[[[38.265949,49.849364],[38.265972,49.849355],[38.265959,49.84934],[38.265936,49.849349],[38.265949,49.849364]]]}},{"type":"Feature","properties":{"cadnum":"4425487500:05:001:0013"},"geometry":{"type":"Polygon","coordinates":[[[38.267643,49.85071],[38.26767,49.850704],[38.267661,49.85069],[38.267634,49.850695],[38.267643,49.85071]]]}},{"type":"Feature","properties":{"cadnum":"4425487500:07:001:0080"},"geometry":{"type":"Polygon","coordinates":[[[38.266322,49.849749],[38.266353,49.849693],[38.266326,49.849688],[38.266295,49.849743],[38.266322,49.849749]]]}},{"type":"Feature","properties":{"cadnum":"4425487500:07:001:0083"},"geometry":{"type":"Polygon","coordinates":[[[38.267531,49.849149],[38.267548,49.849135],[38.267481,49.849094],[38.267464,49.849106],[38.267531,49.849149]]]}},{"type":"Feature","properties":{"cadnum":"4425487500:05:001:0069"},"geometry":{"type":"Polygon","coordinates":[[[38.267944,49.851625],[38.268636,49.851272],[38.268936,49.851118],[38.268707,49.850939],[38.268402,49.851086],[38.267701,49.851397],[38.267944,49.851625]],[[38.268043,49.851275],[38.268034,49.85126],[38.268056,49.851255],[38.268064,49.851269],[38.268043,49.851275]]]}},{"type":"Feature","properties":{"cadnum":"4425487500:04:009:0111"},"geometry":{"type":"Polygon","coordinates":[[[38.212374,49.838149],[38.212397,49.838142],[38.212387,49.838128],[38.212364,49.838134],[38.212374,49.838149]]]}},{"type":"Feature","properties":{"cadnum":"4425487500:04:009:0109"},"geometry":{"type":"Polygon","coordinates":[[[38.210806,49.838545],[38.210833,49.838539],[38.210825,49.838525],[38.210798,49.838531],[38.210806,49.838545]]]}},{"type":"Feature","properties":{"cadnum":"4425487500:04:009:0110"},"geometry":{"type":"Polygon","coordinates":[[[38.211588,49.838348],[38.211615,49.838342],[38.211605,49.838325],[38.211578,49.838331],[38.211588,49.838348]]]}},{"type":"Feature","properties":{"cadnum":"4425487500:01:001:0058"},"geometry":{"type":"Polygon","coordinates":[[[38.146465,49.834145],[38.146167,49.834185],[38.14624146451613,49.834384],[38.146241,49.834384],[38.14681,49.835894],[38.147075,49.836639],[38.147358,49.836552],[38.146756,49.834935],[38.146593096188745,49.834495],[38.146594,49.834495],[38.146465,49.834145]],[[38.147031,49.835952],[38.147053,49.83595],[38.147062,49.835967],[38.147035,49.83597],[38.147031,49.835952]]]}},{"type":"Feature","properties":{"cadnum":"4425487500:04:002:0292"},"geometry":{"type":"Polygon","coordinates":[[[38.14611,49.836103],[38.146137,49.8361],[38.146127,49.836083],[38.146106,49.836086],[38.14611,49.836103]]]}},{"type":"Feature","properties":{"cadnum":"4425487500:01:001:0025"},"geometry":{"type":"Polygon","coordinates":[[[38.148639,49.835738],[38.148666,49.835735],[38.148656,49.835718],[38.148634,49.835721],[38.148639,49.835738]]]}},{"type":"Feature","properties":{"cadnum":"4425487500:01:001:0026"},"geometry":{"type":"Polygon","coordinates":[[[38.147804,49.83586],[38.147825,49.835856],[38.147821,49.835839],[38.147794,49.835842],[38.147804,49.83586]]]}},{"type":"Feature","properties":{"cadnum":"4425487500:01:001:0027"},"geometry":{"type":"Polygon","coordinates":[[[38.147035,49.83597],[38.147062,49.835967],[38.147053,49.83595],[38.147031,49.835952],[38.147035,49.83597]]]}},{"type":"Feature","properties":{"cadnum":"4425487500:04:002:0294"},"geometry":{"type":"Polygon","coordinates":[[[38.144663,49.836311],[38.144685,49.836309],[38.144681,49.836291],[38.144655,49.836297],[38.144663,49.836311]]]}},{"type":"Feature","properties":{"cadnum":"4425487500:01:001:0024"},"geometry":{"type":"Polygon","coordinates":[[[38.149348,49.835637],[38.149375,49.835631],[38.14937,49.835616],[38.149343,49.835619],[38.149348,49.835637]]]}},{"type":"Feature","properties":{"cadnum":"4425487500:04:002:0293"},"geometry":{"type":"Polygon","coordinates":[[[38.145571,49.836182],[38.145593,49.836176],[38.145588,49.836161],[38.145561,49.836163],[38.145571,49.836182]]]}},{"type":"Feature","properties":{"cadnum":"4425487500:04:002:0027"},"geometry":{"type":"Polygon","coordinates":[[[38.119286,49.84462],[38.11858616699802,49.845012],[38.118585,49.845012],[38.118221,49.845216],[38.118191,49.845236],[38.122644,49.8471],[38.122644,49.847099536353674],[38.12521,49.848173],[38.125948,49.847406],[38.122473,49.845953],[38.122473,49.84595342024793],[38.120224,49.845012],[38.120223526838956,49.845012],[38.119286,49.84462]]]}},{"type":"Feature","properties":{"cadnum":"4425487500:07:002:0008"},"geometry":{"type":"Polygon","coordinates":[[[38.255718,49.853728],[38.255349,49.853305],[38.254309,49.853552],[38.254309,49.8535525809396],[38.250755,49.854396],[38.251185,49.855034],[38.252061,49.854817],[38.253202,49.854449],[38.254303,49.854156],[38.254309,49.85415420338983],[38.254309,49.854155],[38.255718,49.853728]]]}},{"type":"Feature","properties":{"cadnum":"4425487500:04:002:0058"},"geometry":{"type":"Polygon","coordinates":[[[38.133631,49.843774243666516],[38.13563,49.844579],[38.135864,49.844356],[38.136727,49.84353],[38.133631,49.842284210526316],[38.133631,49.842284],[38.131791,49.841543],[38.130829,49.842473],[38.130699,49.842595],[38.133631,49.843775],[38.133631,49.843774243666516]]]}},{"type":"Feature","properties":{"cadnum":"4425487500:04:002:0059"},"geometry":{"type":"Polygon","coordinates":[[[38.129527,49.843675],[38.133121,49.845123],[38.13312174367089,49.845123],[38.133459,49.84525876178344],[38.133459,49.845259],[38.13449,49.845674],[38.134777,49.845399],[38.13506298449612,49.845123],[38.135064,49.845123],[38.13563,49.844579],[38.133459,49.843705],[38.133459,49.8437057776262],[38.130699,49.842595],[38.129527,49.843675]]]}},{"type":"Feature","properties":{"cadnum":"4425487500:07:007:0040"},"geometry":{"type":"Polygon","coordinates":[[[38.298426,49.830446],[38.298426,49.830445629213486],[38.298432,49.83044],[38.298426,49.830437337078656],[38.298426,49.830437],[38.296928,49.82977],[38.29578541878173,49.830841],[38.295785,49.830841],[38.294771,49.831792],[38.294251,49.83225],[38.294089,49.833165],[38.294601,49.833768],[38.294817,49.833837],[38.29788688651535,49.830952],[38.297887,49.830952],[38.298426,49.830446]]]}},{"type":"Feature","properties":{"cadnum":"4425487500:07:007:0041"},"geometry":{"type":"Polygon","coordinates":[[[38.298254,49.830607],[38.298254,49.83060746938776],[38.29800523913044,49.830841],[38.298005,49.830841],[38.294817,49.833837],[38.295216,49.833965],[38.29562,49.834009],[38.296838,49.833947],[38.297117,49.83393],[38.298426,49.832702],[38.298426,49.83270164897734],[38.300063,49.831166],[38.299332,49.830841],[38.29933111718749,49.830841],[38.298432,49.83044],[38.298254,49.830607]]]}},{"type":"Feature","properties":{"cadnum":"4425487500:04:002:0077"},"geometry":{"type":"Polygon","coordinates":[[[38.13370558108108,49.852096],[38.133705,49.852096],[38.133623,49.852193],[38.133611,49.852207],[38.1336114040404,49.852207],[38.133459,49.852391],[38.133459,49.85239101746725],[38.133165,49.852746],[38.1336001983057,49.853074733484135],[38.137138,49.855749],[38.13713895498677,49.855749],[38.138492,49.856771],[38.138952,49.85616688607595],[38.138952,49.856167],[38.13896764241159,49.856146343035405],[38.139124,49.855941],[38.139124,49.85593986124402],[38.139161,49.855891],[38.13897196815287,49.855749],[38.138972,49.855749],[38.134138,49.852096],[38.13413755161291,49.852096],[38.133875,49.851897],[38.13370558108108,49.852096]]]}},{"type":"Feature","properties":{"cadnum":"4425487500:04:002:0081"},"geometry":{"type":"Polygon","coordinates":[[[38.137441,49.858259],[38.13674229970902,49.859179],[38.136741,49.859179],[38.136596,49.859371],[38.138952,49.86009699841772],[38.138952,49.860098],[38.142664,49.86124],[38.142817,49.861036],[38.143509,49.860124],[38.140434,49.859179],[38.14043212035397,49.859179],[38.139124,49.85877775787188],[38.139124,49.858777],[38.137441,49.858259]]]}},{"type":"Feature","properties":{"cadnum":"4425487500:04:002:0076"},"geometry":{"type":"Polygon","coordinates":[[[38.133631,49.853098],[38.13360019830572,49.85307473348415],[38.133459,49.852968],[38.133459,49.85296807725322],[38.133165,49.852746],[38.133097,49.852827],[38.132531,49.853502],[38.13246,49.853589],[38.133459,49.85434315542272],[38.133459,49.854344],[38.135321,49.855749],[38.1353210957606,49.855749],[38.137831,49.857643],[38.138492,49.856771],[38.136992,49.855638],[38.1369911574973,49.855638],[38.133631,49.8530980168524],[38.133631,49.853098]]]}},{"type":"Feature","properties":{"cadnum":"4425487500:04:002:0082"},"geometry":{"type":"Polygon","coordinates":[[[38.139124,49.85748],[38.13824,49.857208],[38.137441,49.858259],[38.138952,49.85872406120024],[38.138952,49.858725],[38.140794,49.85929],[38.140795190476204,49.85929],[38.143509,49.860124],[38.143626,49.859968],[38.144139011406835,49.85929],[38.14414,49.85929],[38.144305,49.859073],[38.139124,49.857480856342235],[38.139124,49.85748]]]}},{"type":"Feature","properties":{"cadnum":"4425487500:04:002:0083"},"geometry":{"type":"Polygon","coordinates":[[[38.13824,49.857208],[38.138952,49.85742707692308],[38.138952,49.857428],[38.144305,49.859073],[38.144435,49.858903],[38.144617,49.858664],[38.144617,49.85866343980739],[38.145068,49.858072],[38.144617,49.85793373194221],[38.144617,49.857933],[38.138999,49.856207],[38.13824,49.857208]]]}},{"type":"Feature","properties":{"cadnum":"4425487500:04:001:0035"},"geometry":{"type":"Polygon","coordinates":[[[38.198361,49.839573],[38.198432,49.839564],[38.198414,49.839515],[38.198342,49.839527],[38.198361,49.839573]]]}},{"type":"Feature","properties":{"cadnum":"4425487500:02:001:0047"},"geometry":{"type":"Polygon","coordinates":[[[38.194713,49.840749],[38.195126,49.840541],[38.194758,49.840344],[38.194587,49.840494],[38.194713,49.840749]]]}},{"type":"Feature","properties":{"cadnum":"4425487500:02:001:0048"},"geometry":{"type":"Polygon","coordinates":[[[38.195126,49.840541],[38.195535,49.840332],[38.195912,49.839929],[38.195674,49.839843],[38.195359,49.840199],[38.195099,49.840045],[38.194758,49.840344],[38.195126,49.840541]]]}},{"type":"Feature","properties":{"cadnum":"4425487500:04:001:0034"},"geometry":{"type":"Polygon","coordinates":[[[38.198441,49.839553],[38.198521,49.839542],[38.198517,49.839524],[38.198437,49.839536],[38.198441,49.839553]]]}},{"type":"Feature","properties":{"cadnum":"4425487500:04:001:0063"},"geometry":{"type":"Polygon","coordinates":[[[38.188562,49.857754],[38.192126,49.858546],[38.192399,49.857327],[38.188391,49.856437],[38.188391,49.85643786619718],[38.186858,49.856096],[38.18625,49.85724],[38.188562,49.857755],[38.188562,49.857754]]]}},{"type":"Feature","properties":{"cadnum":"4425487500:04:003:0112"},"geometry":{"type":"Polygon","coordinates":[[[38.101432,49.814241],[38.101442,49.814223],[38.101419,49.814217],[38.101409,49.814235],[38.101432,49.814241]]]}},{"type":"Feature","properties":{"cadnum":"4425487500:04:003:0111"},"geometry":{"type":"Polygon","coordinates":[[[38.100834,49.815229],[38.100843,49.815212],[38.100817,49.815206],[38.100807,49.815223],[38.100834,49.815229]]]}},{"type":"Feature","properties":{"cadnum":"4425487500:04:003:0060"},"geometry":{"type":"Polygon","coordinates":[[[38.106165,49.815348],[38.104742,49.815029],[38.10397503720664,49.816665],[38.103974,49.816665],[38.103898,49.816828],[38.103413,49.818585],[38.103373,49.818881],[38.104122,49.818881],[38.105757,49.818886],[38.105993,49.81888715686274],[38.105993,49.818888],[38.107218,49.818892],[38.107195,49.818741],[38.107046,49.817263],[38.106939,49.816665],[38.106165,49.816665],[38.106165,49.815348]]]}},{"type":"Feature","properties":{"cadnum":"4425487500:07:003:0040"},"geometry":{"type":"Polygon","coordinates":[[[38.246644,49.833374],[38.246644,49.833395],[38.246676,49.833395],[38.246676,49.833374],[38.246644,49.833374]]]}},{"type":"Feature","properties":{"cadnum":"4425487500:07:003:0039"},"geometry":{"type":"Polygon","coordinates":[[[38.246807,49.831711],[38.246801,49.831731],[38.246833,49.831731],[38.246837,49.831711],[38.246807,49.831711]]]}},{"type":"Feature","properties":{"cadnum":"4425487500:04:001:0229"},"geometry":{"type":"Polygon","coordinates":[[[38.193554,49.844993],[38.193567,49.844981],[38.193545,49.84497],[38.193531,49.844985],[38.193554,49.844993]]]}},{"type":"Feature","properties":{"cadnum":"4425487500:04:001:0232"},"geometry":{"type":"Polygon","coordinates":[[[38.193514,49.844358],[38.193537,49.844347],[38.193518,49.844335],[38.1935,49.844347],[38.193514,49.844358]]]}},{"type":"Feature","properties":{"cadnum":"4425487500:04:001:0228"},"geometry":{"type":"Polygon","coordinates":[[[38.193078,49.844776],[38.193091,49.844761],[38.193015,49.844727],[38.193001,49.844741],[38.193078,49.844776]]]}},{"type":"Feature","properties":{"cadnum":"4425487500:02:001:0002"},"geometry":{"type":"Polygon","coordinates":[[[38.193833,49.843388],[38.193856,49.843379],[38.193814,49.843327],[38.19381,49.843319],[38.193783,49.843327],[38.193787,49.843336],[38.193833,49.843388]]]}},{"type":"Feature","properties":{"cadnum":"4425487500:02:001:0004"},"geometry":{"type":"Polygon","coordinates":[[[38.189485,49.842893],[38.189508,49.842879],[38.189485,49.842864],[38.189462,49.842879],[38.189485,49.842893]]]}},{"type":"Feature","properties":{"cadnum":"4425487500:02:001:0062"},"geometry":{"type":"Polygon","coordinates":[[[38.192238,49.843267],[38.192531,49.843029],[38.192135,49.842759],[38.191739,49.842531],[38.191479,49.842739],[38.191676,49.842847],[38.191825,49.842963],[38.192013,49.843098],[38.192238,49.843267]]]}},{"type":"Feature","properties":{"cadnum":"4425487500:04:001:0227"},"geometry":{"type":"Polygon","coordinates":[[[38.192934,49.844703],[38.192952,49.844691],[38.192934,49.84468],[38.192917,49.844691],[38.192934,49.844703]]]}},{"type":"Feature","properties":{"cadnum":"4425487500:02:001:0003"},"geometry":{"type":"Polygon","coordinates":[[[38.191129,49.84389],[38.191147,49.843881],[38.191007,49.843776],[38.190998,49.843768],[38.190976,49.843782],[38.190984,49.843788],[38.191129,49.84389]]]}},{"type":"Feature","properties":{"cadnum":"4425487500:04:004:0092"},"geometry":{"type":"Polygon","coordinates":[[[38.188562,49.825651],[38.184607,49.82516],[38.184298,49.826188],[38.185181,49.826345],[38.187042,49.826542],[38.188391,49.826724825],[38.188391,49.826725],[38.191923,49.827202],[38.191676,49.826038],[38.188562,49.82565123835616],[38.188562,49.825651]]]}},{"type":"Feature","properties":{"cadnum":"4425487500:04:004:0093"},"geometry":{"type":"Polygon","coordinates":[[[38.184939,49.824068],[38.184732,49.824745],[38.184611,49.825154],[38.184607,49.82516],[38.188391,49.82562977092288],[38.188391,49.82563],[38.191676,49.826038],[38.19143,49.82487],[38.188391,49.824494],[38.188391,49.82449485509247],[38.184939,49.824068]]]}},{"type":"Feature","properties":{"cadnum":"4425487500:04:004:0094"},"geometry":{"type":"Polygon","coordinates":[[[38.185277,49.82343],[38.18518069585253,49.823754],[38.18518,49.823754],[38.18515198840598,49.82385058164189],[38.185148,49.823864],[38.18514809667674,49.823864],[38.185084,49.824085],[38.188562,49.824516],[38.188562,49.824515181591266],[38.191596,49.824891],[38.191474,49.824363],[38.19136256486043,49.823864],[38.191364,49.823864],[38.191326,49.823694],[38.188391,49.823331],[38.188391,49.82333182908975],[38.18542,49.822964],[38.185277,49.82343]]]}},{"type":"Feature","properties":{"cadnum":"4425487500:07:007:0054"},"geometry":{"type":"Polygon","coordinates":[[[38.314905,49.827791],[38.314157,49.827443],[38.313327,49.828191],[38.314902,49.828921],[38.314905,49.828921],[38.315021,49.828921],[38.315806,49.828211],[38.314905,49.82779159794776],[38.314905,49.827791]]]}},{"type":"Feature","properties":{"cadnum":"4425487500:07:007:0106"},"geometry":{"type":"Polygon","coordinates":[[[38.310245,49.817579],[38.310034,49.816962],[38.309412,49.81705130478589],[38.309412,49.817051],[38.30817,49.817229],[38.307829,49.817251],[38.308023,49.817814],[38.309293,49.817782],[38.309412,49.817757],[38.309412,49.817756625],[38.310245,49.817579]]]}},{"type":"Feature","properties":{"cadnum":"4425487500:07:007:0116"},"geometry":{"type":"Polygon","coordinates":[[[38.307137,49.816634],[38.307551,49.816379],[38.308457,49.815988],[38.308853,49.815817],[38.308512,49.815681],[38.307964,49.815457],[38.307434,49.815244],[38.306000014360315,49.816665],[38.305999,49.816665],[38.305273,49.817385],[38.306059,49.817321],[38.30691388567074,49.816776],[38.306914,49.816776],[38.307137,49.816634]]]}},{"type":"Feature","properties":{"cadnum":"4425487500:07:007:0114"},"geometry":{"type":"Polygon","coordinates":[[[38.306688,49.814945],[38.306378,49.814821],[38.306036,49.814681],[38.30403400668258,49.816665],[38.304033,49.816665],[38.303747,49.81695],[38.303747,49.81695031843576],[38.303203,49.817489],[38.303413,49.817481],[38.303919,49.817468],[38.303919,49.81746731683169],[38.304151,49.817461],[38.304953,49.816665],[38.304952030584374,49.816665],[38.306688,49.814945]]]}},{"type":"Feature","properties":{"cadnum":"4425487500:07:007:0115"},"geometry":{"type":"Polygon","coordinates":[[[38.307434,49.815244],[38.307424,49.815244],[38.306899,49.815029],[38.306688,49.814945],[38.30484,49.816776],[38.30484116331658,49.816776],[38.304151,49.817461],[38.304402,49.817455],[38.305273,49.817385],[38.305887075,49.816776],[38.305888,49.816776],[38.307434,49.815244]]]}},{"type":"Feature","properties":{"cadnum":"4425487500:07:007:0109"},"geometry":{"type":"Polygon","coordinates":[[[38.307375,49.817831],[38.308023,49.817814],[38.307829,49.817251],[38.30393,49.81751],[38.304348,49.817657],[38.307375,49.817831]]]}},{"type":"Feature","properties":{"cadnum":"4425487500:07:007:0066"},"geometry":{"type":"Polygon","coordinates":[[[38.30380175564285,49.81960454563291],[38.303919,49.819499],[38.303919,49.8194986525199],[38.304501,49.818973],[38.303760491819936,49.81863515541918],[38.30314,49.81835],[38.301149,49.820144],[38.300954,49.82032],[38.30095443626807,49.82032],[38.299394,49.821732],[38.30075,49.822358],[38.30313,49.82021],[38.30312919244823,49.82021],[38.303747,49.8196538377193],[38.303747,49.819654],[38.30380175564285,49.81960454563291]]]}},{"type":"Feature","properties":{"cadnum":"4425487500:04:004:0004"},"geometry":{"type":"Polygon","coordinates":[[[38.13555,49.822297],[38.133865,49.822346],[38.13398372463768,49.823754],[38.133983,49.823754],[38.134234,49.82671],[38.135919,49.826611],[38.13568247147357,49.823864],[38.135683,49.823864],[38.13555,49.822297]]]}},{"type":"Feature","properties":{"cadnum":"4425487500:04:004:0005"},"geometry":{"type":"Polygon","coordinates":[[[38.137257,49.822247],[38.135815,49.822291],[38.13555,49.822297],[38.13567366368858,49.823754],[38.135673,49.823754],[38.135919,49.826611],[38.137617,49.826513],[38.1373923294672,49.823864],[38.137393,49.823864],[38.137257,49.822247]]]}},{"type":"Feature","properties":{"cadnum":"4425487500:05:001:0091"},"geometry":{"type":"Polygon","coordinates":[[[38.272592,49.846418],[38.272888,49.845893],[38.273423,49.845833],[38.27332,49.84532],[38.272139,49.845381],[38.272188,49.845517],[38.272737,49.845586],[38.272718,49.845665],[38.272085,49.845737],[38.272005,49.846114],[38.272377,49.846187],[38.272368,49.846404],[38.272592,49.846418]]]}},{"type":"Feature","properties":{"cadnum":"4425487500:05:001:0073"},"geometry":{"type":"Polygon","coordinates":[[[38.272601,49.847307],[38.272615,49.847272],[38.272557,49.847258],[38.272584,49.847166],[38.272605,49.847168],[38.272624,49.847108],[38.272597,49.847104],[38.272615,49.847061],[38.272584,49.847055],[38.272674,49.846765],[38.272125,49.846679],[38.271963,49.847197],[38.272601,49.847307]]]}},{"type":"Feature","properties":{"cadnum":"4425487500:05:001:0074"},"geometry":{"type":"Polygon","coordinates":[[[38.271963,49.847197],[38.272125,49.846679],[38.271537,49.846583],[38.271412,49.846653],[38.271303,49.846676],[38.271196,49.847023],[38.271613,49.847139],[38.271963,49.847197]]]}},{"type":"Feature","properties":{"cadnum":"4425487500:04:009:0016"},"geometry":{"type":"Polygon","coordinates":[[[38.227601,49.84802],[38.22724334418605,49.848554],[38.227243,49.848554],[38.227169,49.848665],[38.226843,49.849154],[38.226843,49.84915402934537],[38.224874279456195,49.852096],[38.224874,49.852096],[38.224788,49.852225],[38.22628,49.852633],[38.226564,49.852207],[38.227015,49.851533],[38.227015,49.85153231851852],[38.22892890852905,49.848665],[38.22893,49.848665],[38.229087,49.848431],[38.227601,49.84802]]]}},{"type":"Feature","properties":{"cadnum":"4425487500:04:009:0066"},"geometry":{"type":"Polygon","coordinates":[[[38.231476,49.848729],[38.231494,49.848712],[38.231467,49.848703],[38.23145,49.84872],[38.231476,49.848729]]]}},{"type":"Feature","properties":{"cadnum":"4425487500:04:009:0015"},"geometry":{"type":"Polygon","coordinates":[[[38.226113,49.847611],[38.22548224573055,49.848554],[38.225482,49.848554],[38.223302,49.851816],[38.224727,49.852207],[38.22472827906978,49.852207],[38.224794,49.852225],[38.224806,49.852207],[38.227015,49.848899],[38.227015,49.84889721446384],[38.227244,49.848554],[38.22724334418605,49.848554],[38.227601,49.84802],[38.227015,49.84785919788918],[38.227015,49.847859],[38.226113,49.847611]]]}},{"type":"Feature","properties":{"cadnum":"4425487500:03:001:0041"},"geometry":{"type":"Polygon","coordinates":[[[38.160226,49.802797],[38.160236,49.802779],[38.16015,49.802762],[38.160142,49.802777],[38.160226,49.802797]]]}},{"type":"Feature","properties":{"cadnum":"4425487500:03:001:0036"},"geometry":{"type":"Polygon","coordinates":[[[38.157329,49.804936],[38.157348,49.804922],[38.157325,49.80491],[38.157312,49.804924],[38.157329,49.804936]]]}},{"type":"Feature","properties":{"cadnum":"4425487500:03:001:0040"},"geometry":{"type":"Polygon","coordinates":[[[38.159629,49.803235],[38.159643,49.803223],[38.159625,49.803211],[38.159607,49.803226],[38.159629,49.803235]]]}},{"type":"Feature","properties":{"cadnum":"4425487500:03:001:0034"},"geometry":{"type":"Polygon","coordinates":[[[38.156597,49.805783],[38.156603,49.805765],[38.15658,49.805762],[38.15657,49.805777],[38.156597,49.805783]]]}},{"type":"Feature","properties":{"cadnum":"4425487500:03:001:0039"},"geometry":{"type":"Polygon","coordinates":[[[38.159059,49.803655],[38.159077,49.803643],[38.159059,49.803632],[38.159041,49.803643],[38.159059,49.803655]]]}},{"type":"Feature","properties":{"cadnum":"4425487500:03:001:0038"},"geometry":{"type":"Polygon","coordinates":[[[38.158421,49.804127],[38.158439,49.804116],[38.158417,49.804104],[38.158404,49.804116],[38.158421,49.804127]]]}},{"type":"Feature","properties":{"cadnum":"4425487500:03:001:0035"},"geometry":{"type":"Polygon","coordinates":[[[38.156853,49.805351],[38.156872,49.805339],[38.156804,49.805299],[38.156786,49.80531],[38.156853,49.805351]]]}},{"type":"Feature","properties":{"cadnum":"4425487500:03:001:0037"},"geometry":{"type":"Polygon","coordinates":[[[38.157851,49.80455],[38.157865,49.804539],[38.157846,49.804528],[38.157828,49.804539],[38.157851,49.80455]]]}},{"type":"Feature","properties":{"cadnum":"4425487500:04:002:0062"},"geometry":{"type":"Polygon","coordinates":[[[38.127267,49.846125],[38.12681,49.846597],[38.126617,49.846801],[38.127966,49.84734467981591],[38.127966,49.847345],[38.131245,49.848665],[38.131245532649245,49.848665],[38.133459,49.849556708756104],[38.133459,49.849557],[38.135231,49.85027],[38.135815,49.849569],[38.133631,49.848689281833614],[38.133631,49.848689],[38.13357162222221,49.848665],[38.133572,49.848665],[38.133463620164235,49.848621346473564],[38.133297,49.848554],[38.13329641718336,49.848554],[38.128138,49.846476278630035],[38.128138,49.846476],[38.127267,49.846125]]]}},{"type":"Feature","properties":{"cadnum":"4425487500:04:002:0389"},"geometry":{"type":"Polygon","coordinates":[[[38.139124,49.84965441476368],[38.144445,49.85079415808108],[38.144445,49.850795],[38.145418,49.851002],[38.145674,49.850502],[38.145714,49.85042],[38.144445,49.850149],[38.144445,49.8501491179827],[38.139184,49.849021],[38.138968,49.849621],[38.139124,49.849655],[38.139124,49.84965441476368]]]}},{"type":"Feature","properties":{"cadnum":"4425487500:04:002:0061"},"geometry":{"type":"Polygon","coordinates":[[[38.127966,49.846406686567164],[38.127966,49.846407],[38.133459,49.84861948555119],[38.133459,49.84862],[38.135815,49.849569],[38.13586,49.849514],[38.134921,49.848822],[38.134473,49.848554],[38.134471861538465,49.848554],[38.133631,49.84805256880734],[38.133631,49.848052],[38.133236,49.847817],[38.132967,49.847597],[38.132424,49.846954],[38.131678,49.84652],[38.131669,49.846511],[38.128233,49.845126],[38.12803171458105,49.84533482419869],[38.127267,49.846125],[38.127966,49.846406686567164]]]}},{"type":"Feature","properties":{"cadnum":"4425487500:04:002:0063"},"geometry":{"type":"Polygon","coordinates":[[[38.126617,49.846801],[38.126001,49.847437],[38.127966,49.84822870098269],[38.127966,49.848229],[38.129048,49.848665],[38.12904854317833,49.848665],[38.133459,49.85044171140387],[38.133459,49.850442],[38.134678,49.850933],[38.135231,49.85027],[38.133631,49.849626207674945],[38.133631,49.849626],[38.13097,49.848554],[38.1309692659091,49.848554],[38.128138,49.847414240622136],[38.128138,49.847414],[38.126617,49.846801]]]}},{"type":"Feature","properties":{"cadnum":"4425487500:04:002:0135"},"geometry":{"type":"Polygon","coordinates":[[[38.138905,49.8498],[38.138716,49.850221],[38.138952,49.85027132352941],[38.138952,49.850272],[38.144617,49.851484],[38.144617,49.85148360119047],[38.145117,49.85159],[38.145418,49.851002],[38.144617,49.85083159198356],[38.144617,49.850831],[38.138968,49.849621],[38.138905,49.8498]]]}},{"type":"Feature","properties":{"cadnum":"4425487500:04:008:0090"},"geometry":{"type":"Polygon","coordinates":[[[38.237015,49.806168],[38.237046,49.806163],[38.237042,49.806142],[38.23701,49.806145],[38.237015,49.806168]]]}},{"type":"Feature","properties":{"cadnum":"4425487500:04:008:0091"},"geometry":{"type":"Polygon","coordinates":[[[38.237486,49.808148],[38.237518,49.808142],[38.237513,49.808122],[38.237482,49.808125],[38.237486,49.808148]]]}},{"type":"Feature","properties":{"cadnum":"4425487500:02:001:0038"},"geometry":{"type":"Polygon","coordinates":[[[38.192885,49.835153],[38.192881,49.834901],[38.192063,49.834895],[38.192068,49.834935],[38.191403,49.83502],[38.191407,49.835144],[38.191483,49.835141],[38.191583,49.835138],[38.192122,49.835144],[38.192885,49.835153]]]}},{"type":"Feature","properties":{"cadnum":"4425487500:02:001:0001"},"geometry":{"type":"Polygon","coordinates":[[[38.193684,49.836016],[38.19385,49.83601],[38.19394,49.835938],[38.193927,49.835776],[38.193667,49.835787],[38.193684,49.836016]]]}},{"type":"Feature","properties":{"cadnum":"4425487500:02:001:0042"},"geometry":{"type":"Polygon","coordinates":[[[38.194056,49.836594],[38.194056,49.83659300180832],[38.194449,49.836453],[38.194439,49.836367],[38.194353,49.836187],[38.194056,49.83617053518124],[38.194056,49.83617],[38.193743,49.836152],[38.193541,49.836242],[38.193118,49.836277],[38.193884,49.836644246786626],[38.193884,49.836645],[38.193896,49.83665],[38.194056,49.836594]]]}},{"type":"Feature","properties":{"cadnum":"4425487500:02:001:0023"},"geometry":{"type":"Polygon","coordinates":[[[38.193357,49.837966],[38.193384,49.837963],[38.19338,49.837945],[38.193351,49.837949],[38.193357,49.837966]]]}},{"type":"Feature","properties":{"cadnum":"4425487500:02:001:0024"},"geometry":{"type":"Polygon","coordinates":[[[38.193195,49.837468],[38.193221,49.837464],[38.193213,49.837447],[38.193191,49.83745],[38.193195,49.837468]]]}},{"type":"Feature","properties":{"cadnum":"4425487500:02:001:0026"},"geometry":{"type":"Polygon","coordinates":[[[38.192845,49.836395],[38.192871,49.836393],[38.192854,49.836337],[38.192827,49.836341],[38.192845,49.836395]]]}},{"type":"Feature","properties":{"cadnum":"4425487500:02:001:0025"},"geometry":{"type":"Polygon","coordinates":[[[38.19302,49.836932],[38.193047,49.836929],[38.193038,49.836912],[38.193015,49.836914],[38.19302,49.836932]]]}},{"type":"Feature","properties":{"cadnum":"4425487500:02:001:0051"},"geometry":{"type":"Polygon","coordinates":[[[38.192409,49.837673],[38.192454,49.837659],[38.192759,49.83756],[38.192655,49.837421],[38.192296,49.837514],[38.192409,49.837673]]]}},{"type":"Feature","properties":{"cadnum":"4425487500:02:001:0037"},"geometry":{"type":"Polygon","coordinates":[[[38.189175,49.836552],[38.189283,49.836549],[38.189359,49.836537],[38.189458,49.836515],[38.189678,49.836422],[38.189328,49.835822],[38.188955,49.835886],[38.189126,49.836375],[38.189175,49.836552]]]}},{"type":"Feature","properties":{"cadnum":"4425487500:02:001:0027"},"geometry":{"type":"Polygon","coordinates":[[[38.192889,49.836341],[38.192902,49.836285],[38.192827,49.836279],[38.192814,49.836332],[38.192889,49.836341]]]}},{"type":"Feature","properties":{"cadnum":"4425487500:02:001:0041"},"geometry":{"type":"Polygon","coordinates":[[[38.193545,49.835162],[38.19346,49.834907],[38.192881,49.834901],[38.192885,49.835153],[38.193545,49.835162]]]}},{"type":"Feature","properties":{"cadnum":"4425487500:04:002:0091"},"geometry":{"type":"Polygon","coordinates":[[[38.146959,49.855572],[38.14690903389831,49.855638],[38.146908,49.855638],[38.146051,49.856771],[38.15011,49.858019],[38.15011,49.85801854034229],[38.152393,49.85872],[38.153381,49.85742],[38.152689,49.857188],[38.152618,49.857293],[38.15011,49.85653563829787],[38.15011,49.856535],[38.148553,49.856065],[38.147279392154665,49.8556714901954],[38.146959,49.855572]]]}},{"type":"Feature","properties":{"cadnum":"4425487500:04:009:0077"},"geometry":{"type":"Polygon","coordinates":[[[38.215289,49.843298],[38.215303,49.843281],[38.215276,49.843276],[38.215262,49.843289],[38.215289,49.843298]]]}},{"type":"Feature","properties":{"cadnum":"4425487500:04:009:0079"},"geometry":{"type":"Polygon","coordinates":[[[38.212549,49.842505],[38.212557,49.842484],[38.212527,49.842479],[38.212517,49.842499],[38.212549,49.842505]]]}},{"type":"Feature","properties":{"cadnum":"4425487500:04:009:0078"},"geometry":{"type":"Polygon","coordinates":[[[38.213896,49.84289],[38.213911,49.842875],[38.213882,49.842867],[38.213874,49.842881],[38.213896,49.84289]]]}},{"type":"Feature","properties":{"cadnum":"4425487500:07:004:0037"},"geometry":{"type":"Polygon","coordinates":[[[38.262441,49.825728],[38.261772,49.82602],[38.26073,49.826525],[38.260286,49.826765],[38.26091645723173,49.827297],[38.260916,49.827297],[38.263003,49.829057],[38.265131,49.828],[38.264299,49.827297],[38.26429858392857,49.827297],[38.262441,49.825728]]]}},{"type":"Feature","properties":{"cadnum":"4425487500:04:002:0177"},"geometry":{"type":"Polygon","coordinates":[[[38.165069,49.844411],[38.165077,49.844396],[38.165056,49.84439],[38.165046,49.844405],[38.165069,49.844411]]]}},{"type":"Feature","properties":{"cadnum":"4425487500:04:002:0175"},"geometry":{"type":"Polygon","coordinates":[[[38.165656,49.84333],[38.165679,49.843289],[38.165742,49.843307],[38.165752,49.843289],[38.165662,49.84327],[38.165635,49.843325],[38.165656,49.84333]]]}},{"type":"Feature","properties":{"cadnum":"4425487500:04:002:0225"},"geometry":{"type":"Polygon","coordinates":[[[38.165239,49.84382],[38.165249,49.843802],[38.165222,49.843796],[38.165212,49.843814],[38.165239,49.84382]]]}},{"type":"Feature","properties":{"cadnum":"4425487500:04:002:0176"},"geometry":{"type":"Polygon","coordinates":[[[38.165379,49.84384],[38.165388,49.843826],[38.165365,49.84382],[38.165356,49.843837],[38.165379,49.84384]]]}},{"type":"Feature","properties":{"cadnum":"4425487500:04:002:0223"},"geometry":{"type":"Polygon","coordinates":[[[38.165558,49.843177],[38.165612,49.843142],[38.165595,49.84313],[38.165536,49.843165],[38.165558,49.843177]]]}},{"type":"Feature","properties":{"cadnum":"4425487500:04:002:0174"},"geometry":{"type":"Polygon","coordinates":[[[38.166201,49.842942],[38.166218,49.842931],[38.166201,49.842919],[38.166182,49.842931],[38.166201,49.842942]]]}},{"type":"Feature","properties":{"cadnum":"4425487500:04:002:0227"},"geometry":{"type":"Polygon","coordinates":[[[38.16462,49.844947],[38.164629,49.844932],[38.164606,49.844927],[38.164597,49.84494],[38.16462,49.844947]]]}},{"type":"Feature","properties":{"cadnum":"4425487500:04:002:0226"},"geometry":{"type":"Polygon","coordinates":[[[38.164933,49.844379],[38.164943,49.844362],[38.164916,49.844356],[38.164907,49.844373],[38.164933,49.844379]]]}},{"type":"Feature","properties":{"cadnum":"4425487500:04:002:0222"},"geometry":{"type":"Polygon","coordinates":[[[38.166044,49.842867],[38.166061,49.842855],[38.166044,49.842844],[38.166025,49.842855],[38.166044,49.842867]]]}},{"type":"Feature","properties":{"cadnum":"4425487500:04:002:0224"},"geometry":{"type":"Polygon","coordinates":[[[38.16554,49.843261],[38.165572,49.843212],[38.165549,49.843206],[38.165518,49.843255],[38.16554,49.843261]]]}},{"type":"Feature","properties":{"cadnum":"4425487500:04:001:0041"},"geometry":{"type":"Polygon","coordinates":[[[38.186579,49.848912],[38.186166,49.848987],[38.185245,49.849065],[38.184005,49.849244],[38.183985749240634,49.852096],[38.183985,49.852096],[38.183978,49.853226],[38.184306,49.853224],[38.185873,49.853299],[38.186547,49.853514],[38.186556,49.852096],[38.18655580849772,49.852096],[38.186579,49.848912]]]}},{"type":"Feature","properties":{"cadnum":"4425487500:04:001:0042"},"geometry":{"type":"Polygon","coordinates":[[[38.188456,49.848744],[38.187216,49.848796],[38.186579,49.848912],[38.186559,49.852207],[38.18655937376587,49.852207],[38.186552,49.853514],[38.187028,49.853664],[38.188065,49.853707],[38.188424,49.853722],[38.188433317343176,49.852207],[38.188434,49.852207],[38.188456,49.848744]]]}},{"type":"Feature","properties":{"cadnum":"4425487500:07:003:0041"},"geometry":{"type":"Polygon","coordinates":[[[38.243172,49.840709],[38.243195,49.840691],[38.243168,49.840677],[38.243151,49.840695],[38.243172,49.840709]]]}},{"type":"Feature","properties":{"cadnum":"4425487500:04:003:0003"},"geometry":{"type":"Polygon","coordinates":[[[38.087933,49.840354],[38.087442,49.839963],[38.086472,49.840699],[38.085629,49.841339],[38.08586547179487,49.84147],[38.085865,49.84147],[38.085981,49.841534],[38.086059,49.841581],[38.08606002315024,49.841581],[38.089685,49.843737],[38.089685,49.843736440677965],[38.090163,49.84402],[38.090486,49.844229],[38.092103,49.843],[38.090951,49.842348],[38.090376,49.843107],[38.089833,49.84286],[38.089662135135484,49.84274216216241],[38.089262,49.842465],[38.088814,49.841813],[38.08861628080288,49.84148695343937],[38.087933,49.840354]]]}},{"type":"Feature","properties":{"cadnum":"4425487500:03:001:0133"},"geometry":{"type":"Polygon","coordinates":[[[38.145054,49.808661],[38.146406,49.808621],[38.14637,49.807386],[38.144632,49.807403],[38.144726,49.808507],[38.144838,49.808507],[38.145054,49.808661]]]}},{"type":"Feature","properties":{"cadnum":"4425487500:03:001:0166"},"geometry":{"type":"Polygon","coordinates":[[[38.146375,49.807513],[38.149096,49.807464],[38.148836,49.807336],[38.146366,49.807356],[38.146375,49.807513]]]}},{"type":"Feature","properties":{"cadnum":"4425487500:04:005:0039"},"geometry":{"type":"Polygon","coordinates":[[[38.149815,49.807368],[38.149829,49.807356],[38.149811,49.807345],[38.149792,49.80736],[38.149815,49.807368]]]}},{"type":"Feature","properties":{"cadnum":"4425487500:04:005:0040"},"geometry":{"type":"Polygon","coordinates":[[[38.14924,49.80707],[38.149259,49.807058],[38.149236,49.807046],[38.149218,49.807061],[38.14924,49.80707]]]}},{"type":"Feature","properties":{"cadnum":"4425487500:04:005:0041"},"geometry":{"type":"Polygon","coordinates":[[[38.148553,49.806713],[38.148571,49.806702],[38.148549,49.80669],[38.14853,49.806704],[38.148553,49.806713]]]}},{"type":"Feature","properties":{"cadnum":"4425487500:04:005:0042"},"geometry":{"type":"Polygon","coordinates":[[[38.147938,49.806395],[38.147955,49.80638],[38.147934,49.806371],[38.147915,49.806383],[38.147938,49.806395]]]}},{"type":"Feature","properties":{"cadnum":"4425487500:03:001:0164"},"geometry":{"type":"Polygon","coordinates":[[[38.146383,49.807916],[38.149888,49.80785],[38.149357,49.807588],[38.146375,49.807646],[38.146383,49.807916]]]}},{"type":"Feature","properties":{"cadnum":"4425487500:03:001:0165"},"geometry":{"type":"Polygon","coordinates":[[[38.146375,49.807646],[38.149357,49.807588],[38.149096,49.807464],[38.146375,49.807513],[38.146375,49.807646]]]}},{"type":"Feature","properties":{"cadnum":"4425487500:02:001:0007"},"geometry":{"type":"Polygon","coordinates":[[[38.186466,49.840868],[38.18647,49.840851],[38.186443,49.840848],[38.186439,49.840863],[38.186466,49.840868]]]}},{"type":"Feature","properties":{"cadnum":"4425487500:02:001:0011"},"geometry":{"type":"Polygon","coordinates":[[[38.187023,49.84112],[38.187046,49.841112],[38.187032,49.841097],[38.187009,49.841106],[38.187023,49.84112]]]}},{"type":"Feature","properties":{"cadnum":"4425487500:02:001:0010"},"geometry":{"type":"Polygon","coordinates":[[[38.186386,49.841372],[38.186462,49.84134],[38.186449,49.841326],[38.186372,49.841358],[38.186386,49.841372]]]}},{"type":"Feature","properties":{"cadnum":"4425487500:04:001:0192"},"geometry":{"type":"Polygon","coordinates":[[[38.184868,49.841002],[38.184881,49.840984],[38.184858,49.840979],[38.184845,49.840993],[38.184868,49.841002]]]}},{"type":"Feature","properties":{"cadnum":"4425487500:02:001:0006"},"geometry":{"type":"Polygon","coordinates":[[[38.187023,49.841427],[38.187036,49.841421],[38.187109,49.841384],[38.187095,49.841372],[38.187019,49.841407],[38.187005,49.841413],[38.187023,49.841427]]]}},{"type":"Feature","properties":{"cadnum":"4425487500:04:001:0190"},"geometry":{"type":"Polygon","coordinates":[[[38.183659,49.840799],[38.183659,49.840781],[38.183632,49.840781],[38.183632,49.840799],[38.183659,49.840799]]]}},{"type":"Feature","properties":{"cadnum":"4425487500:02:001:0013"},"geometry":{"type":"Polygon","coordinates":[[[38.188191,49.840659],[38.18821,49.840651],[38.188196,49.840637],[38.188173,49.840646],[38.188191,49.840659]]]}},{"type":"Feature","properties":{"cadnum":"4425487500:04:001:0198"},"geometry":{"type":"Polygon","coordinates":[[[38.186898,49.840178],[38.186969,49.840165],[38.186948,49.840118],[38.186875,49.840133],[38.186898,49.840178]]]}},{"type":"Feature","properties":{"cadnum":"4425487500:04:001:0197"},"geometry":{"type":"Polygon","coordinates":[[[38.186902,49.840124],[38.186925,49.840121],[38.186902,49.840063],[38.186875,49.840069],[38.186902,49.840124]]]}},{"type":"Feature","properties":{"cadnum":"4425487500:04:001:0173"},"geometry":{"type":"Polygon","coordinates":[[[38.184005,49.840187],[38.184009,49.840178],[38.184009,49.840043],[38.183987,49.840043],[38.183978,49.840178],[38.183978,49.840187],[38.184005,49.840187]]]}},{"type":"Feature","properties":{"cadnum":"4425487500:04:001:0191"},"geometry":{"type":"Polygon","coordinates":[[[38.184275,49.840805],[38.184279,49.840848],[38.184302,49.840848],[38.184302,49.840787],[38.184212,49.840787],[38.184212,49.840805],[38.184275,49.840805]]]}},{"type":"Feature","properties":{"cadnum":"4425487500:04:001:0172"},"geometry":{"type":"Polygon","coordinates":[[[38.185631,49.841019],[38.185644,49.841007],[38.18547,49.840932],[38.185456,49.840929],[38.185438,49.840944],[38.185451,49.840949],[38.185631,49.841019]]]}},{"type":"Feature","properties":{"cadnum":"4425487500:04:001:0204"},"geometry":{"type":"Polygon","coordinates":[[[38.183925,49.841262],[38.183938,49.841245],[38.183856,49.841224],[38.183848,49.841239],[38.183925,49.841262]]]}},{"type":"Feature","properties":{"cadnum":"4425487500:04:001:0195"},"geometry":{"type":"Polygon","coordinates":[[[38.186592,49.840477],[38.186596,49.84046],[38.18657,49.840457],[38.186565,49.840474],[38.186592,49.840477]]]}},{"type":"Feature","properties":{"cadnum":"4425487500:02:001:0012"},"geometry":{"type":"Polygon","coordinates":[[[38.187634,49.84088],[38.187657,49.840868],[38.187644,49.840857],[38.187621,49.840865],[38.187634,49.84088]]]}},{"type":"Feature","properties":{"cadnum":"4425487500:04:001:0193"},"geometry":{"type":"Polygon","coordinates":[[[38.185581,49.841219],[38.185595,49.841204],[38.185573,49.841198],[38.18556,49.841213],[38.185581,49.841219]]]}},{"type":"Feature","properties":{"cadnum":"4425487500:04:001:0194"},"geometry":{"type":"Polygon","coordinates":[[[38.186219,49.841415],[38.18626,49.841361],[38.186233,49.841355],[38.186206,49.841393],[38.186143,49.841376],[38.186134,49.841389],[38.186219,49.841415]]]}},{"type":"Feature","properties":{"cadnum":"4425487500:02:001:0008"},"geometry":{"type":"Polygon","coordinates":[[[38.186512,49.839255],[38.186533,49.839252],[38.186529,49.839235],[38.186502,49.83924],[38.186512,49.839255]]]}},{"type":"Feature","properties":{"cadnum":"4425487500:04:001:0196"},"geometry":{"type":"Polygon","coordinates":[[[38.186799,49.839849],[38.186799,49.839831],[38.186709,49.839822],[38.186705,49.839837],[38.186799,49.839849]]]}},{"type":"Feature","properties":{"cadnum":"4425487500:02:001:0009"},"geometry":{"type":"Polygon","coordinates":[[[38.186242,49.838658],[38.186269,49.838652],[38.186242,49.838594],[38.186215,49.8386],[38.186242,49.838658]]]}},{"type":"Feature","properties":{"cadnum":"4425487500:07:001:0069"},"geometry":{"type":"Polygon","coordinates":[[[38.276662,49.861048],[38.276684,49.861039],[38.27667,49.861025],[38.276649,49.861034],[38.276662,49.861048]]]}},{"type":"Feature","properties":{"cadnum":"4425487500:07:001:0068"},"geometry":{"type":"Polygon","coordinates":[[[38.277156,49.861511],[38.277173,49.8615],[38.27716,49.861485],[38.277138,49.861497],[38.277156,49.861511]]]}},{"type":"Feature","properties":{"cadnum":"4425487500:07:001:0066"},"geometry":{"type":"Polygon","coordinates":[[[38.27814,49.862432],[38.278158,49.862423],[38.278144,49.862409],[38.278121,49.862421],[38.27814,49.862432]]]}},{"type":"Feature","properties":{"cadnum":"4425487500:07:001:0067"},"geometry":{"type":"Polygon","coordinates":[[[38.277645,49.861972],[38.277668,49.861963],[38.277655,49.861948],[38.277632,49.861957],[38.277645,49.861972]]]}},{"type":"Feature","properties":{"cadnum":"4425487500:05:001:0023"},"geometry":{"type":"Polygon","coordinates":[[[38.269915,49.844414],[38.269942,49.844371],[38.269875,49.84435],[38.269844,49.844393],[38.269915,49.844414]]]}},{"type":"Feature","properties":{"cadnum":"4425487500:05:001:0022"},"geometry":{"type":"Polygon","coordinates":[[[38.269794,49.844422],[38.269825,49.844364],[38.269804,49.844358],[38.269772,49.844414],[38.269794,49.844422]]]}},{"type":"Feature","properties":{"cadnum":"4425487500:05:001:0021"},"geometry":{"type":"Polygon","coordinates":[[[38.269579,49.844787],[38.269588,49.84477],[38.269565,49.844764],[38.269556,49.844781],[38.269579,49.844787]]]}},{"type":"Feature","properties":{"cadnum":"4425487500:04:004:0042"},"geometry":{"type":"Polygon","coordinates":[[[38.137904,49.826739],[38.13554,49.826864],[38.135536020220584,49.827297],[38.135536,49.827297],[38.135535906815576,49.82730933846483],[38.135535,49.827408],[38.135535161688985,49.827408],[38.135514,49.83021],[38.136102,49.830181],[38.137881,49.830086],[38.137899,49.827297],[38.1378989955157,49.827297],[38.137904,49.826739]]]}},{"type":"Feature","properties":{"cadnum":"4425487500:04:001:0282"},"geometry":{"type":"Polygon","coordinates":[[[38.176738,49.855552],[38.176895,49.855156],[38.17694,49.854979],[38.175713,49.854759],[38.175597,49.855153],[38.175623,49.855439],[38.176738,49.855552]]]}},{"type":"Feature","properties":{"cadnum":"4425487500:04:001:0163"},"geometry":{"type":"Polygon","coordinates":[[[38.175237,49.849459],[38.173818,49.849448],[38.172863030808266,49.852096],[38.172863,49.852096],[38.17285210011245,49.85212630933644],[38.172823,49.852207],[38.17282308201893,49.852207],[38.172749,49.852413],[38.172497,49.852389],[38.172165,49.853354],[38.172407,49.85336],[38.173593,49.853195],[38.17402721656051,49.852207],[38.174028,49.852207],[38.175237,49.849459]]]}},{"type":"Feature","properties":{"cadnum":"4425487500:04:001:0281"},"geometry":{"type":"Polygon","coordinates":[[[38.175552,49.855451],[38.174447,49.855309],[38.174015,49.855219],[38.173876,49.855387],[38.17351822099448,49.855638],[38.173518,49.855638],[38.17344599999844,49.85568866666777],[38.17336,49.855749],[38.17336026315789,49.855749],[38.173356,49.855752],[38.173252,49.855847],[38.173167,49.856012],[38.173463,49.856044],[38.174415,49.856149],[38.175373,49.856256],[38.175484572815535,49.855749],[38.175485,49.855749],[38.175552,49.855451]]]}},{"type":"Feature","properties":{"cadnum":"4425487500:04:001:0311"},"geometry":{"type":"Polygon","coordinates":[[[38.176711,49.855628],[38.176738,49.855552],[38.175623,49.855439],[38.175554,49.855749],[38.17555449948186,49.855749],[38.175153,49.857568],[38.176252,49.85768],[38.176689075999995,49.855722743000015],[38.176711,49.855628]]]}},{"type":"Feature","properties":{"cadnum":"4425487500:07:002:0040"},"geometry":{"type":"Polygon","coordinates":[[[38.25239,49.865203],[38.25242,49.865197],[38.252407,49.865176],[38.25238,49.865183],[38.25239,49.865203]]]}},{"type":"Feature","properties":{"cadnum":"4425487500:04:003:0107"},"geometry":{"type":"Polygon","coordinates":[[[38.098211,49.81937],[38.098301,49.819376],[38.098314,49.819376],[38.098319,49.819356],[38.098301,49.819356],[38.098211,49.819358],[38.098211,49.81937]]]}},{"type":"Feature","properties":{"cadnum":"4425487500:04:003:0108"},"geometry":{"type":"Polygon","coordinates":[[[38.09893,49.818356],[38.098939,49.818342],[38.098916,49.818333],[38.098908,49.81835],[38.09893,49.818356]]]}},{"type":"Feature","properties":{"cadnum":"4425487500:04:003:0109"},"geometry":{"type":"Polygon","coordinates":[[[38.099568,49.817309],[38.099577,49.817292],[38.099551,49.817287],[38.099541,49.817304],[38.099568,49.817309]]]}},{"type":"Feature","properties":{"cadnum":"4425487500:04:004:0037"},"geometry":{"type":"Polygon","coordinates":[[[38.138349,49.830062],[38.137881,49.830086],[38.136102,49.830181],[38.13609771984436,49.830841],[38.136097,49.830841],[38.136076,49.834125],[38.138321,49.833484],[38.138342,49.830841],[38.1383419977528,49.830841],[38.138349,49.830062]],[[38.137728,49.83362],[38.137755,49.833612],[38.137769,49.833629],[38.137741,49.833638],[38.137728,49.83362]]]}},{"type":"Feature","properties":{"cadnum":"4425487500:04:004:0036"},"geometry":{"type":"Polygon","coordinates":[[[38.136102,49.830181],[38.135514,49.83021],[38.134284,49.830277],[38.13427982222222,49.830841],[38.134279,49.830841],[38.134252,49.834495],[38.13425257142857,49.834495],[38.134252,49.834643],[38.134355,49.834611],[38.13499275277089,49.83443048892894],[38.136076,49.834125],[38.136096290194885,49.830952],[38.136097,49.830952],[38.136102,49.830181]],[[38.135595,49.834234],[38.135609,49.834252],[38.135581,49.83426],[38.135567,49.834243],[38.135595,49.834234]]]}},{"type":"Feature","properties":{"cadnum":"4425487500:05:001:0084"},"geometry":{"type":"Polygon","coordinates":[[[38.273607,49.850841],[38.274173,49.850774],[38.274649,49.849723],[38.274555,49.849407],[38.274169,49.849308],[38.273481,49.849212],[38.273275,49.849506],[38.273221,49.849671],[38.27332,49.849946],[38.272471,49.84965],[38.272179,49.850082],[38.272081,49.850229],[38.272768,49.85049],[38.273177,49.850644],[38.273607,49.850841]]]}},{"type":"Feature","properties":{"cadnum":"4425487500:05:001:0072"},"geometry":{"type":"Polygon","coordinates":[[[38.277502,49.850684],[38.277542,49.850409],[38.27630025190653,49.850453312977166],[38.275993,49.850464],[38.276041,49.850747],[38.276281,49.850737097087375],[38.276281,49.850738],[38.277502,49.850684]]]}},{"type":"Feature","properties":{"cadnum":"4425487500:07:003:0012"},"geometry":{"type":"Polygon","coordinates":[[[38.238001,49.83736030393325],[38.239507,49.837792],[38.239903,49.837554],[38.240239,49.837299],[38.240702,49.837056],[38.241295,49.836818],[38.238001,49.83587522792845],[38.238001,49.835875],[38.23631,49.83539],[38.234603,49.836384],[38.238001,49.837361],[38.238001,49.83736030393325]]]}},{"type":"Feature","properties":{"cadnum":"4425487500:07:005:0097"},"geometry":{"type":"Polygon","coordinates":[[[38.274883,49.827747],[38.274905,49.827745],[38.274901,49.827727],[38.274875,49.827733],[38.274883,49.827747]]]}},{"type":"Feature","properties":{"cadnum":"4425487500:07:005:0095"},"geometry":{"type":"Polygon","coordinates":[[[38.275221,49.828631],[38.275247,49.828628],[38.275242,49.828611],[38.275215,49.828617],[38.275221,49.828631]]]}},{"type":"Feature","properties":{"cadnum":"4425487500:07:005:0096"},"geometry":{"type":"Polygon","coordinates":[[[38.275049,49.828176],[38.275072,49.828173],[38.275068,49.828156],[38.275041,49.828162],[38.275049,49.828176]]]}},{"type":"Feature","properties":{"cadnum":"4425487500:07:005:0093"},"geometry":{"type":"Polygon","coordinates":[[[38.275571,49.829538],[38.275597,49.829532],[38.275588,49.829517],[38.275565,49.829521],[38.275571,49.829538]]]}},{"type":"Feature","properties":{"cadnum":"4425487500:07:005:0091"},"geometry":{"type":"Polygon","coordinates":[[[38.275911,49.830419],[38.275934,49.830413],[38.27593,49.830399],[38.275903,49.830401],[38.275911,49.830419]]]}},{"type":"Feature","properties":{"cadnum":"4425487500:07:005:0092"},"geometry":{"type":"Polygon","coordinates":[[[38.275737,49.829967],[38.275764,49.829964],[38.275754,49.829946],[38.275727,49.829952],[38.275737,49.829967]]]}},{"type":"Feature","properties":{"cadnum":"4425487500:07:005:0090"},"geometry":{"type":"Polygon","coordinates":[[[38.276073,49.830848],[38.2761,49.830842],[38.276091,49.830827],[38.276069,49.830831],[38.276073,49.830848]]]}},{"type":"Feature","properties":{"cadnum":"4425487500:07:005:0094"},"geometry":{"type":"Polygon","coordinates":[[[38.275395,49.829086],[38.275422,49.829083],[38.275418,49.829066],[38.275391,49.829072],[38.275395,49.829086]]]}},{"type":"Feature","properties":{"cadnum":"4425487500:07:004:0010"},"geometry":{"type":"Polygon","coordinates":[[[38.251545,49.81458],[38.251474,49.814797],[38.251185,49.815631],[38.250984,49.816052],[38.254309,49.81634778804348],[38.254309,49.816349],[38.257361,49.81662],[38.257703,49.81513],[38.254309,49.814827],[38.254309,49.81482767700171],[38.251545,49.81458]]]}},{"type":"Feature","properties":{"cadnum":"4425487500:04:009:0070"},"geometry":{"type":"Polygon","coordinates":[[[38.225224,49.84638],[38.225238,49.846363],[38.225211,49.846351],[38.225197,49.846369],[38.225224,49.84638]]]}},{"type":"Feature","properties":{"cadnum":"4425487500:04:009:0071"},"geometry":{"type":"Polygon","coordinates":[[[38.223387,49.845702],[38.2234,49.845685],[38.223432,49.845644],[38.22341,49.845639],[38.223379,49.845676],[38.223365,49.845694],[38.223387,49.845702]]]}},{"type":"Feature","properties":{"cadnum":"4425487500:04:009:0014"},"geometry":{"type":"Polygon","coordinates":[[[38.226113,49.847611],[38.224631,49.8472],[38.223651,49.848665],[38.223651831464615,49.848665],[38.221819,49.851408],[38.223302,49.851816],[38.22540781851625,49.848665],[38.225408,49.848665],[38.226113,49.847611]]]}},{"type":"Feature","properties":{"cadnum":"4425487500:04:009:0072"},"geometry":{"type":"Polygon","coordinates":[[[38.222144,49.845332],[38.222152,49.845314],[38.222129,49.845309],[38.222115,49.845324],[38.222144,49.845332]]]}},{"type":"Feature","properties":{"cadnum":"4425487500:01:001:0034"},"geometry":{"type":"Polygon","coordinates":[[[38.169128,49.837436],[38.169134,49.837418],[38.169107,49.837418],[38.169107,49.837436],[38.169128,49.837436]]]}},{"type":"Feature","properties":{"cadnum":"4425487500:04:002:0142"},"geometry":{"type":"Polygon","coordinates":[[[38.171761,49.837427],[38.171923,49.837033],[38.16691,49.837018],[38.166901,49.837383],[38.171761,49.837427]]]}},{"type":"Feature","properties":{"cadnum":"4425487500:01:001:0005"},"geometry":{"type":"Polygon","coordinates":[[[38.171608,49.837673],[38.171608,49.837655],[38.171581,49.837655],[38.171581,49.837673],[38.171608,49.837673]]]}},{"type":"Feature","properties":{"cadnum":"4425487500:01:001:0033"},"geometry":{"type":"Polygon","coordinates":[[[38.17,49.837459],[38.17,49.837444],[38.169973,49.837441],[38.169973,49.837459],[38.17,49.837459]]]}},{"type":"Feature","properties":{"cadnum":"4425487500:01:001:0036"},"geometry":{"type":"Polygon","coordinates":[[[38.167786,49.837401],[38.16779,49.837383],[38.167763,49.837383],[38.167763,49.837398],[38.167786,49.837401]]]}},{"type":"Feature","properties":{"cadnum":"4425487500:01:001:0010"},"geometry":{"type":"Polygon","coordinates":[[[38.16705,49.837488],[38.16705,49.83747],[38.167027,49.83747],[38.167027,49.837488],[38.16705,49.837488]]]}},{"type":"Feature","properties":{"cadnum":"4425487500:01:001:0035"},"geometry":{"type":"Polygon","coordinates":[[[38.168469,49.837418],[38.168473,49.837401],[38.168446,49.837401],[38.168446,49.837418],[38.168469,49.837418]]]}},{"type":"Feature","properties":{"cadnum":"4425487500:01:001:0006"},"geometry":{"type":"Polygon","coordinates":[[[38.170652,49.837636],[38.170652,49.837618],[38.170625,49.837618],[38.170625,49.837632],[38.170652,49.837636]]]}},{"type":"Feature","properties":{"cadnum":"4425487500:01:001:0007"},"geometry":{"type":"Polygon","coordinates":[[[38.169901,49.837604],[38.169901,49.837586],[38.169874,49.837586],[38.169874,49.837604],[38.169901,49.837604]]]}},{"type":"Feature","properties":{"cadnum":"4425487500:01:001:0009"},"geometry":{"type":"Polygon","coordinates":[[[38.168002,49.837526],[38.168002,49.837511],[38.167975,49.837508],[38.167975,49.837526],[38.168002,49.837526]]]}},{"type":"Feature","properties":{"cadnum":"4425487500:01:001:0031"},"geometry":{"type":"Polygon","coordinates":[[[38.171375,49.837496],[38.171379,49.837479],[38.171352,49.837479],[38.171352,49.837496],[38.171375,49.837496]]]}},{"type":"Feature","properties":{"cadnum":"4425487500:01:001:0032"},"geometry":{"type":"Polygon","coordinates":[[[38.17058,49.837476],[38.17058,49.837459],[38.170553,49.837459],[38.170553,49.837473],[38.17058,49.837476]]]}},{"type":"Feature","properties":{"cadnum":"4425487500:01:001:0008"},"geometry":{"type":"Polygon","coordinates":[[[38.168941,49.837604],[38.168945,49.837548],[38.168918,49.837548],[38.168914,49.837601],[38.168941,49.837604]]]}},{"type":"Feature","properties":{"cadnum":"4425487500:01:001:0037"},"geometry":{"type":"Polygon","coordinates":[[[38.167067,49.83738],[38.167067,49.837363],[38.167044,49.837363],[38.16704,49.83738],[38.167067,49.83738]]]}},{"type":"Feature","properties":{"cadnum":"4425487500:04:006:0002"},"geometry":{"type":"Polygon","coordinates":[[[38.16659,49.804649482517476],[38.166704,49.80473],[38.167516,49.805014],[38.168411,49.805261],[38.169102,49.805441],[38.170557,49.805751],[38.170225,49.803406],[38.16659,49.803320066193855],[38.16659,49.80332],[38.163016,49.803235],[38.164138,49.803437],[38.165428,49.803565],[38.165801,49.803875],[38.166201,49.804374],[38.166418,49.80452796401028],[38.166418,49.804528],[38.166429184356,49.804535899440246],[38.16659,49.80465],[38.16659,49.804649482517476]]]}},{"type":"Feature","properties":{"cadnum":"4425487500:07:006:0044"},"geometry":{"type":"Polygon","coordinates":[[[38.282433,49.847762],[38.282465,49.847759],[38.28246,49.847739],[38.282429,49.847744],[38.282433,49.847762]]]}},{"type":"Feature","properties":{"cadnum":"4425487500:07:006:0005"},"geometry":{"type":"Polygon","coordinates":[[[38.28649,49.847927],[38.285681,49.847359],[38.285129,49.846974],[38.282555777054995,49.848554],[38.282555,49.848554],[38.28179450000518,49.84902199999682],[38.281441,49.849239],[38.281827,49.850788],[38.281946,49.850715],[38.281946,49.85071496538462],[38.28539667213321,49.848597162762196],[38.28649,49.847927]],[[38.282802,49.848969],[38.282811,49.84899],[38.282779,49.848995],[38.282771,49.848976],[38.282802,49.848969]]]}},{"type":"Feature","properties":{"cadnum":"4425487500:07:006:0043"},"geometry":{"type":"Polygon","coordinates":[[[38.282043,49.846453],[38.282074,49.84645],[38.28207,49.84643],[38.282039,49.846436],[38.282043,49.846453]]]}},{"type":"Feature","properties":{"cadnum":"4425487500:07:003:0042"},"geometry":{"type":"Polygon","coordinates":[[[38.241461,49.841952],[38.241484,49.841934],[38.241457,49.84192],[38.241439,49.841937],[38.241461,49.841952]]]}},{"type":"Feature","properties":{"cadnum":"4425487500:07:003:0043"},"geometry":{"type":"Polygon","coordinates":[[[38.239759,49.843186],[38.239782,49.843171],[38.239755,49.843156],[38.239736,49.843174],[38.239759,49.843186]]]}},{"type":"Feature","properties":{"cadnum":"4425487500:07:003:0044"},"geometry":{"type":"Polygon","coordinates":[[[38.238105,49.844309],[38.238115,49.84426],[38.238101,49.84426],[38.237975,49.844251],[38.237967,49.844295],[38.238088,49.844309],[38.238105,49.844309]]]}},{"type":"Feature","properties":{"cadnum":"4425487500:03:001:0194"},"geometry":{"type":"Polygon","coordinates":[[[38.177576,49.8220948004911],[38.179033,49.822271],[38.179226,49.821587],[38.179128,49.821575],[38.178625,49.821514],[38.178072,49.821448],[38.17752,49.821384],[38.176971,49.821317],[38.176472,49.821259],[38.176388,49.821604],[38.176302,49.82194],[38.176665,49.821984],[38.177576,49.822095],[38.177576,49.8220948004911]]]}},{"type":"Feature","properties":{"cadnum":"4425487500:03:001:0139"},"geometry":{"type":"Polygon","coordinates":[[[38.174878,49.816954],[38.174887,49.816927],[38.174335,49.816864],[38.174325,49.81689],[38.173268,49.82032],[38.17326915384615,49.82032],[38.173103,49.82086],[38.173656,49.820926],[38.173876,49.82021],[38.17387488888889,49.82021],[38.174878,49.816954]]]}},{"type":"Feature","properties":{"cadnum":"4425487500:03:001:0142"},"geometry":{"type":"Polygon","coordinates":[[[38.176541,49.817139],[38.176545,49.817118],[38.175992,49.817055],[38.175988,49.817078],[38.17502192967304,49.82021],[38.175021,49.82021],[38.174761,49.821057],[38.175314,49.821123],[38.175594,49.82021],[38.17559392329456,49.82021],[38.176541,49.817139]]]}},{"type":"Feature","properties":{"cadnum":"4425487500:03:001:0141"},"geometry":{"type":"Polygon","coordinates":[[[38.175988,49.817078],[38.175992,49.817055],[38.17544,49.816991],[38.175436,49.817014],[38.174415,49.82032],[38.17441614303959,49.82032],[38.174209,49.820993],[38.174761,49.821057],[38.17498723376623,49.82032],[38.174988,49.82032],[38.175988,49.817078]]]}},{"type":"Feature","properties":{"cadnum":"4425487500:03:001:0137"},"geometry":{"type":"Polygon","coordinates":[[[38.173782,49.8168],[38.173226,49.816736],[38.172123,49.82032],[38.172123300578036,49.82032],[38.171998,49.820729],[38.172551,49.820796],[38.172731,49.82021],[38.17273090625,49.82021],[38.173782,49.8168]]]}},{"type":"Feature","properties":{"cadnum":"4425487500:03:001:0143"},"geometry":{"type":"Polygon","coordinates":[[[38.177092,49.817203],[38.177097,49.817182],[38.176545,49.817118],[38.176541,49.817139],[38.17556,49.82032],[38.17556026506024,49.82032],[38.175314,49.821123],[38.175866,49.821187],[38.176167,49.82021],[38.17616587872955,49.82021],[38.177092,49.817203]]]}},{"type":"Feature","properties":{"cadnum":"4425487500:04:004:0063"},"geometry":{"type":"Polygon","coordinates":[[[38.176665,49.821984],[38.174331,49.821703],[38.173687,49.823864],[38.17368737198068,49.823864],[38.173413,49.824789],[38.175736,49.825105],[38.176138,49.823754],[38.17613776595745,49.823754],[38.176665,49.821984]]]}},{"type":"Feature","properties":{"cadnum":"4425487500:03:001:0140"},"geometry":{"type":"Polygon","coordinates":[[[38.175436,49.817014],[38.17544,49.816991],[38.174887,49.816927],[38.174878,49.816954],[38.173841,49.82032],[38.17384220111732,49.82032],[38.173656,49.820926],[38.174205,49.821022],[38.174454,49.82021],[38.174452838475496,49.82021],[38.175436,49.817014]]]}},{"type":"Feature","properties":{"cadnum":"4425487500:03:001:0138"},"geometry":{"type":"Polygon","coordinates":[[[38.174325,49.81689],[38.174335,49.816864],[38.173782,49.8168],[38.173773,49.816828],[38.172697,49.82032],[38.172697211604095,49.82032],[38.172551,49.820796],[38.173103,49.82086],[38.173303,49.82021],[38.173301897959185,49.82021],[38.174325,49.81689]]]}},{"type":"Feature","properties":{"cadnum":"4425487500:04:001:0253"},"geometry":{"type":"Polygon","coordinates":[[[38.157932,49.870405],[38.157936,49.870388],[38.157909,49.870385],[38.157905,49.870403],[38.157932,49.870405]]]}},{"type":"Feature","properties":{"cadnum":"4425487500:04:001:0254"},"geometry":{"type":"Polygon","coordinates":[[[38.157734,49.870993],[38.157738,49.870976],[38.157712,49.870972],[38.157706,49.87099],[38.157734,49.870993]]]}},{"type":"Feature","properties":{"cadnum":"4425487500:04:001:0255"},"geometry":{"type":"Polygon","coordinates":[[[38.157536,49.871581],[38.157541,49.871564],[38.157513,49.87156],[38.157509,49.871577],[38.157536,49.871581]]]}},{"type":"Feature","properties":{"cadnum":"4425487500:04:001:0256"},"geometry":{"type":"Polygon","coordinates":[[[38.15741,49.871951],[38.157415,49.871934],[38.157392,49.871931],[38.157388,49.871948],[38.15741,49.871951]]]}},{"type":"Feature","properties":{"cadnum":"4425487500:04:008:0062"},"geometry":{"type":"Polygon","coordinates":[[[38.194056,49.821263],[38.191439,49.820834],[38.191667,49.821868],[38.193884,49.82223177731268],[38.193884,49.822232],[38.198989,49.823068],[38.19894,49.82285],[38.19876,49.822034],[38.194056,49.821263184577525],[38.194056,49.821263]]]}},{"type":"Feature","properties":{"cadnum":"4425487500:04:004:0095"},"geometry":{"type":"Polygon","coordinates":[[[38.18565,49.821706],[38.185505,49.822176],[38.185277,49.822943],[38.188391,49.82332786575343],[38.188391,49.823328],[38.191174,49.823671],[38.190895,49.822355],[38.188391,49.822045],[38.188391,49.82204580116758],[38.18565,49.821706]]]}},{"type":"Feature","properties":{"cadnum":"4425487500:04:004:0096"},"geometry":{"type":"Polygon","coordinates":[[[38.188562,49.8220661701278],[38.190895,49.822355],[38.190567,49.820848],[38.188391,49.820579],[38.188391,49.82057978803694],[38.186071,49.820292],[38.185869,49.820969],[38.18565,49.821706],[38.188562,49.822067],[38.188562,49.8220661701278]]]}},{"type":"Feature","properties":{"cadnum":"4425487500:07:001:0070"},"geometry":{"type":"Polygon","coordinates":[[[38.276173,49.860588],[38.276194,49.860576],[38.276177,49.860562],[38.276159,49.860573],[38.276173,49.860588]]]}},{"type":"Feature","properties":{"cadnum":"4425487500:07:001:0071"},"geometry":{"type":"Polygon","coordinates":[[[38.275678,49.860124],[38.275701,49.860116],[38.275687,49.860101],[38.275664,49.86011],[38.275678,49.860124]]]}},{"type":"Feature","properties":{"cadnum":"4425487500:07:001:0072"},"geometry":{"type":"Polygon","coordinates":[[[38.2754,49.859789],[38.275404,49.859771],[38.275314,49.859762],[38.27531,49.85978],[38.2754,49.859789]]]}},{"type":"Feature","properties":{"cadnum":"4425487500:07:001:0073"},"geometry":{"type":"Polygon","coordinates":[[[38.274861,49.859313],[38.274883,49.859305],[38.274869,49.859291],[38.274848,49.8593],[38.274861,49.859313]]]}},{"type":"Feature","properties":{"cadnum":"4425487500:04:004:0126"},"geometry":{"type":"Polygon","coordinates":[[[38.137741,49.833638],[38.137769,49.833629],[38.137755,49.833612],[38.137728,49.83362],[38.137741,49.833638]]]}},{"type":"Feature","properties":{"cadnum":"4425487500:04:004:0127"},"geometry":{"type":"Polygon","coordinates":[[[38.135581,49.83426],[38.135609,49.834252],[38.135595,49.834234],[38.135567,49.834243],[38.135581,49.83426]]]}},{"type":"Feature","properties":{"cadnum":"4425487500:04:002:0039"},"geometry":{"type":"Polygon","coordinates":[[[38.132351,49.835538],[38.133459,49.836240887500004],[38.133459,49.836241],[38.135707,49.837668],[38.136125,49.837262],[38.136525,49.836917],[38.133663,49.8351],[38.133459,49.835169],[38.133459,49.83516924375],[38.132351,49.835538]]]}},{"type":"Feature","properties":{"cadnum":"4425487500:04:004:0132"},"geometry":{"type":"Polygon","coordinates":[[[38.128382,49.835055],[38.128386,49.835034],[38.128355,49.835034],[38.128349,49.835055],[38.128382,49.835055]]]}},{"type":"Feature","properties":{"cadnum":"4425487500:04:004:0130"},"geometry":{"type":"Polygon","coordinates":[[[38.129288,49.836169],[38.129302,49.836161],[38.129244,49.836115],[38.129235,49.836109],[38.129212,49.83612],[38.129221,49.836129],[38.129288,49.836169]]]}},{"type":"Feature","properties":{"cadnum":"4425487500:04:004:0128"},"geometry":{"type":"Polygon","coordinates":[[[38.133393,49.834909],[38.133422,49.834898],[38.133407,49.834881],[38.13338,49.834892],[38.133393,49.834909]]]}},{"type":"Feature","properties":{"cadnum":"4425487500:04:004:0131"},"geometry":{"type":"Polygon","coordinates":[[[38.128219,49.836112],[38.128305,49.836088],[38.128319,49.836086],[38.128305,49.836068],[38.128292,49.836071],[38.128211,49.8361],[38.128219,49.836112]]]}},{"type":"Feature","properties":{"cadnum":"4425487500:04:004:0129"},"geometry":{"type":"Polygon","coordinates":[[[38.131278,49.835521],[38.131305,49.835509],[38.131288,49.835491],[38.131261,49.835503],[38.131278,49.835521]]]}},{"type":"Feature","properties":{"cadnum":"4425487500:07:003:0055"},"geometry":{"type":"Polygon","coordinates":[[[38.238686,49.825215],[38.238704,49.825204],[38.23869,49.825189],[38.238667,49.8252],[38.238686,49.825215]]]}},{"type":"Feature","properties":{"cadnum":"4425487500:07:003:0058"},"geometry":{"type":"Polygon","coordinates":[[[38.2401,49.824656],[38.240105,49.824638],[38.240025,49.824629],[38.240019,49.824644],[38.2401,49.824656]]]}},{"type":"Feature","properties":{"cadnum":"4425487500:07:003:0062"},"geometry":{"type":"Polygon","coordinates":[[[38.241847,49.825539],[38.241866,49.825528],[38.241853,49.825516],[38.24183,49.825528],[38.241847,49.825539]]]}},{"type":"Feature","properties":{"cadnum":"4425487500:07:003:0056"},"geometry":{"type":"Polygon","coordinates":[[[38.239153,49.825003],[38.239176,49.824994],[38.239157,49.824981],[38.239139,49.824989],[38.239153,49.825003]]]}},{"type":"Feature","properties":{"cadnum":"4425487500:07:003:0057"},"geometry":{"type":"Polygon","coordinates":[[[38.239893,49.824682],[38.239948,49.824644],[38.239929,49.824633],[38.239876,49.82467],[38.239893,49.824682]]]}},{"type":"Feature","properties":{"cadnum":"4425487500:07:003:0064"},"geometry":{"type":"Polygon","coordinates":[[[38.242998,49.826441],[38.243051,49.826392],[38.243029,49.826383],[38.242975,49.826429],[38.242998,49.826441]]]}},{"type":"Feature","properties":{"cadnum":"4425487500:07:003:0060"},"geometry":{"type":"Polygon","coordinates":[[[38.240935,49.824824],[38.240958,49.824812],[38.240904,49.824775],[38.240887,49.824786],[38.240935,49.824824]]]}},{"type":"Feature","properties":{"cadnum":"4425487500:07:003:0063"},"geometry":{"type":"Polygon","coordinates":[[[38.242396,49.825969],[38.242413,49.825956],[38.242396,49.825945],[38.242378,49.825956],[38.242396,49.825969]]]}},{"type":"Feature","properties":{"cadnum":"4425487500:07:003:0059"},"geometry":{"type":"Polygon","coordinates":[[[38.240518,49.824728],[38.240522,49.824714],[38.240495,49.824708],[38.240491,49.824725],[38.240518,49.824728]]]}},{"type":"Feature","properties":{"cadnum":"4425487500:07:003:0061"},"geometry":{"type":"Polygon","coordinates":[[[38.241411,49.825198],[38.24143,49.825186],[38.241411,49.825174],[38.241394,49.825186],[38.241411,49.825198]]]}},{"type":"Feature","properties":{"cadnum":"4425487500:04:004:0088"},"geometry":{"type":"Polygon","coordinates":[[[38.183069,49.821874],[38.179792,49.821469],[38.179428,49.822702],[38.182898,49.823130865696236],[38.182898,49.823131],[38.185137,49.823407],[38.185277,49.822943],[38.185505,49.822176],[38.183069,49.821875120828544],[38.183069,49.821874]]]}},{"type":"Feature","properties":{"cadnum":"4425487500:04:002:0119"},"geometry":{"type":"Polygon","coordinates":[[[38.172083,49.832077932112334],[38.176006,49.832122],[38.176199,49.831705],[38.176388,49.83117],[38.171911,49.83112],[38.171911,49.83112006954225],[38.167539,49.831071],[38.167516,49.831911],[38.167512,49.832027],[38.172083,49.832079],[38.172083,49.832077932112334]]]}},{"type":"Feature","properties":{"cadnum":"4425487500:04:002:0120"},"geometry":{"type":"Polygon","coordinates":[[[38.172083,49.833160961067854],[38.175507,49.8332],[38.176006,49.832122],[38.171911,49.832076],[38.171911,49.83207704331656],[38.167512,49.832027],[38.167486,49.83294],[38.16748,49.833107],[38.171911,49.83315898218553],[38.171911,49.833159],[38.17196499598642,49.83315961563834],[38.172083,49.833161],[38.172083,49.833160961067854]],[[38.17556,49.832557],[38.175566,49.83254],[38.175597,49.832542],[38.175587,49.832562],[38.17556,49.832557]]]}},{"type":"Feature","properties":{"cadnum":"4425487500:04:002:0121"},"geometry":{"type":"Polygon","coordinates":[[[38.172083,49.834325969250905],[38.174968,49.834359],[38.174981,49.83433],[38.175507,49.8332],[38.17196499598642,49.83315961563834],[38.16748,49.833107],[38.167457,49.833979],[38.167449,49.834272],[38.171911,49.83432399568407],[38.171911,49.834324],[38.17193217038451,49.83432424238255],[38.172083,49.834326],[38.172083,49.834325969250905]],[[38.175013,49.83373],[38.175017,49.83371],[38.175049,49.833715],[38.17504,49.833736],[38.175013,49.83373]]]}},{"type":"Feature","properties":{"cadnum":"4425487500:04:002:0232"},"geometry":{"type":"Polygon","coordinates":[[[38.163048,49.847825],[38.163052,49.847808],[38.163029,49.847802],[38.163021,49.847819],[38.163048,49.847825]]]}},{"type":"Feature","properties":{"cadnum":"4425487500:04:002:0184"},"geometry":{"type":"Polygon","coordinates":[[[38.162872,49.848448],[38.162882,49.848434],[38.162855,49.848428],[38.162845,49.848445],[38.162872,49.848448]]]}},{"type":"Feature","properties":{"cadnum":"4425487500:04:002:0229"},"geometry":{"type":"Polygon","coordinates":[[[38.163987,49.846105],[38.163995,49.846088],[38.163973,49.846082],[38.163964,49.846099],[38.163987,49.846105]]]}},{"type":"Feature","properties":{"cadnum":"4425487500:04:002:0233"},"geometry":{"type":"Polygon","coordinates":[[[38.162778,49.848318],[38.162782,49.8483],[38.16276,49.848298],[38.162751,49.848312],[38.162778,49.848318]]]}},{"type":"Feature","properties":{"cadnum":"4425487500:04:002:0179"},"geometry":{"type":"Polygon","coordinates":[[[38.16444,49.845569],[38.164449,49.845554],[38.164421,49.845549],[38.164413,49.845563],[38.16444,49.845569]]]}},{"type":"Feature","properties":{"cadnum":"4425487500:04:002:0230"},"geometry":{"type":"Polygon","coordinates":[[[38.163685,49.846661],[38.16369,49.846644],[38.163667,49.846638],[38.163658,49.846655],[38.163685,49.846661]]]}},{"type":"Feature","properties":{"cadnum":"4425487500:04:002:0228"},"geometry":{"type":"Polygon","coordinates":[[[38.1643,49.845532],[38.16431,49.845517],[38.164283,49.845511],[38.164278,49.845526],[38.1643,49.845532]]]}},{"type":"Feature","properties":{"cadnum":"4425487500:04:002:0181"},"geometry":{"type":"Polygon","coordinates":[[[38.163807,49.846731],[38.163815,49.846713],[38.163794,49.846707],[38.163784,49.846725],[38.163807,49.846731]]]}},{"type":"Feature","properties":{"cadnum":"4425487500:04:002:0182"},"geometry":{"type":"Polygon","coordinates":[[[38.163497,49.847299],[38.163505,49.847281],[38.163482,49.847275],[38.163474,49.847293],[38.163497,49.847299]]]}},{"type":"Feature","properties":{"cadnum":"4425487500:04:002:0231"},"geometry":{"type":"Polygon","coordinates":[[[38.163358,49.847258],[38.163366,49.847241],[38.163339,49.847235],[38.163331,49.847252],[38.163358,49.847258]]]}},{"type":"Feature","properties":{"cadnum":"4425487500:04:002:0180"},"geometry":{"type":"Polygon","coordinates":[[[38.164121,49.846151],[38.16413,49.846137],[38.164107,49.846131],[38.164098,49.846146],[38.164121,49.846151]]]}},{"type":"Feature","properties":{"cadnum":"4425487500:04:002:0183"},"geometry":{"type":"Polygon","coordinates":[[[38.163186,49.847875],[38.163191,49.847857],[38.163169,49.847851],[38.163159,49.847869],[38.163186,49.847875]]]}},{"type":"Feature","properties":{"cadnum":"4425487500:07:006:0041"},"geometry":{"type":"Polygon","coordinates":[[[38.281396,49.844023],[38.281427,49.844019],[38.281418,49.843999],[38.281387,49.844002],[38.281396,49.844023]]]}},{"type":"Feature","properties":{"cadnum":"4425487500:05:001:0049"},"geometry":{"type":"Polygon","coordinates":[[[38.279707,49.844197],[38.279735,49.844191],[38.279729,49.844176],[38.279703,49.844179],[38.279707,49.844197]]]}},{"type":"Feature","properties":{"cadnum":"4425487500:05:001:0053"},"geometry":{"type":"Polygon","coordinates":[[[38.27907,49.842426],[38.279092,49.842421],[38.279087,49.842406],[38.27906,49.842409],[38.27907,49.842426]]]}},{"type":"Feature","properties":{"cadnum":"4425487500:05:001:0048"},"geometry":{"type":"Polygon","coordinates":[[[38.279869,49.844642],[38.279896,49.844639],[38.279892,49.844622],[38.279865,49.844625],[38.279869,49.844642]]]}},{"type":"Feature","properties":{"cadnum":"4425487500:07:006:0040"},"geometry":{"type":"Polygon","coordinates":[[[38.28106,49.842797],[38.281087,49.842791],[38.281081,49.842771],[38.28105,49.842777],[38.28106,49.842797]]]}},{"type":"Feature","properties":{"cadnum":"4425487500:05:001:0052"},"geometry":{"type":"Polygon","coordinates":[[[38.279226,49.842867],[38.279253,49.842864],[38.279244,49.842847],[38.279222,49.842849],[38.279226,49.842867]]]}},{"type":"Feature","properties":{"cadnum":"4425487500:05:001:0055"},"geometry":{"type":"Polygon","coordinates":[[[38.278691,49.841572],[38.278781,49.841569],[38.278777,49.841552],[38.278687,49.841558],[38.278691,49.841572]]]}},{"type":"Feature","properties":{"cadnum":"4425487500:05:001:0051"},"geometry":{"type":"Polygon","coordinates":[[[38.279397,49.843339],[38.279424,49.843336],[38.27942,49.843319],[38.279393,49.843325],[38.279397,49.843339]]]}},{"type":"Feature","properties":{"cadnum":"4425487500:07:006:0039"},"geometry":{"type":"Polygon","coordinates":[[[38.280704,49.841552],[38.280735,49.841549],[38.280727,49.841529],[38.280695,49.841531],[38.280704,49.841552]]]}},{"type":"Feature","properties":{"cadnum":"4425487500:05:001:0054"},"geometry":{"type":"Polygon","coordinates":[[[38.278907,49.84199],[38.278934,49.841984],[38.27893,49.841969],[38.278903,49.841972],[38.278907,49.84199]]]}},{"type":"Feature","properties":{"cadnum":"4425487500:05:001:0050"},"geometry":{"type":"Polygon","coordinates":[[[38.27955,49.843753],[38.279572,49.84375],[38.279568,49.843733],[38.27954,49.843739],[38.27955,49.843753]]]}},{"type":"Feature","properties":{"cadnum":"4425487500:04:008:0076"},"geometry":{"type":"Polygon","coordinates":[[[38.222274,49.807525],[38.22135,49.807678],[38.22135,49.80767819809322],[38.215857,49.808584],[38.215857,49.808584200000006],[38.214318,49.808838],[38.214548,49.809339],[38.215857,49.80935403581081],[38.215857,49.809355],[38.215995096773945,49.80935562205754],[38.216028,49.809356],[38.216028,49.80935577027027],[38.216079,49.809356],[38.22135,49.80939377453142],[38.22135,49.809394],[38.223123,49.809406],[38.222274,49.807525]]]}},{"type":"Feature","properties":{"cadnum":"4425487500:04:008:0077"},"geometry":{"type":"Polygon","coordinates":[[[38.222274,49.807525],[38.221735,49.806331],[38.221521,49.80636657402597],[38.221521,49.806366],[38.215857,49.807301],[38.215857,49.80730120853713],[38.213779,49.807644],[38.214318,49.808838],[38.216028,49.808556],[38.216028,49.808555801906785],[38.221521,49.80765],[38.221521,49.80764968506494],[38.222274,49.807525]]]}},{"type":"Feature","properties":{"cadnum":"4425487500:04:001:0276"},"geometry":{"type":"Polygon","coordinates":[[[38.174061,49.858671],[38.173297,49.85859],[38.173142,49.85929],[38.17314263956748,49.85929],[38.172619,49.861676],[38.173378,49.861757],[38.173948,49.859179],[38.17394774636511,49.859179],[38.174061,49.858671]]]}},{"type":"Feature","properties":{"cadnum":"4425487500:04:001:0307"},"geometry":{"type":"Polygon","coordinates":[[[38.173297,49.85859],[38.172538,49.858512],[38.17238968251928,49.859179],[38.172389,49.859179],[38.171911,49.861341],[38.171911,49.861342017543855],[38.171855,49.861595],[38.172083,49.86162],[38.172083,49.86161922033899],[38.172619,49.861676],[38.173167,49.859179],[38.173166578571426,49.859179],[38.173297,49.85859]]]}},{"type":"Feature","properties":{"cadnum":"4425487500:04:001:0308"},"geometry":{"type":"Polygon","coordinates":[[[38.17482,49.858752],[38.174061,49.858671],[38.173923,49.85929],[38.17392345771916,49.85929],[38.173378,49.861757],[38.174137,49.861835],[38.17470042620482,49.85929],[38.174701,49.85929],[38.17482,49.858752]]]}},{"type":"Feature","properties":{"cadnum":"4425487500:04:001:0312"},"geometry":{"type":"Polygon","coordinates":[[[38.176252,49.85768],[38.175153,49.857568],[38.17477,49.85929],[38.174770665384614,49.85929],[38.174681,49.859699],[38.17578,49.859815],[38.17589556603773,49.85929],[38.175896,49.85929],[38.176252,49.85768]]]}},{"type":"Feature","properties":{"cadnum":"4425487500:04:001:0313"},"geometry":{"type":"Polygon","coordinates":[[[38.17531,49.861946],[38.17578,49.859815],[38.174681,49.859699],[38.174209,49.861833],[38.17531,49.861946]]]}},{"type":"Feature","properties":{"cadnum":"4425487500:04:001:0142"},"geometry":{"type":"Polygon","coordinates":[[[38.210303,49.856933],[38.209238,49.857107],[38.210363,49.85815653739399],[38.210363,49.858157],[38.211578,49.85929],[38.21157909754099,49.85929],[38.212769,49.860399],[38.212999,49.860296],[38.214521,49.859606],[38.214150074545195,49.85926018085327],[38.211287,49.856586],[38.210363,49.856912],[38.210363,49.85691205172414],[38.210303,49.856933]]]}},{"type":"Feature","properties":{"cadnum":"4425487500:05:001:0034"},"geometry":{"type":"Polygon","coordinates":[[[38.281441,49.849508],[38.281437,49.849491],[38.281414,49.849494],[38.281418,49.849508],[38.281441,49.849508]]]}},{"type":"Feature","properties":{"cadnum":"4425487500:05:001:0031"},"geometry":{"type":"Polygon","coordinates":[[[38.281742,49.850852],[38.281769,49.850849],[38.281764,49.850832],[38.281737,49.850835],[38.281742,49.850852]]]}},{"type":"Feature","properties":{"cadnum":"4425487500:05:001:0035"},"geometry":{"type":"Polygon","coordinates":[[[38.281306,49.849059],[38.281333,49.849057],[38.281328,49.849039],[38.281301,49.849042],[38.281306,49.849059]]]}},{"type":"Feature","properties":{"cadnum":"4425487500:05:001:0070"},"geometry":{"type":"Polygon","coordinates":[[[38.277574,49.851854],[38.278158,49.851709],[38.278144,49.851353],[38.277366,49.851483],[38.277574,49.851854]]]}},{"type":"Feature","properties":{"cadnum":"4425487500:05:001:0067"},"geometry":{"type":"Polygon","coordinates":[[[38.278697,49.850461],[38.279257,49.850392],[38.279096,49.849798],[38.278741,49.849888],[38.278787,49.849969],[38.278548,49.850041],[38.278697,49.850461]]]}},{"type":"Feature","properties":{"cadnum":"4425487500:05:001:0033"},"geometry":{"type":"Polygon","coordinates":[[[38.281521,49.849946],[38.281549,49.849942],[38.281544,49.849928],[38.281517,49.849931],[38.281521,49.849946]]]}},{"type":"Feature","properties":{"cadnum":"4425487500:05:001:0068"},"geometry":{"type":"Polygon","coordinates":[[[38.278831,49.850835],[38.279362,49.850768],[38.279257,49.850392],[38.278697,49.850461],[38.278831,49.850835]]]}},{"type":"Feature","properties":{"cadnum":"4425487500:05:001:0030"},"geometry":{"type":"Polygon","coordinates":[[[38.281939,49.851272],[38.281935,49.851255],[38.281846,49.851269],[38.28185,49.851283],[38.281939,49.851272]]]}},{"type":"Feature","properties":{"cadnum":"4425487500:05:001:0071"},"geometry":{"type":"Polygon","coordinates":[[[38.280291,49.850867],[38.280542,49.850832],[38.280161,49.849283],[38.279756,49.849395],[38.279981,49.850223],[38.280121,49.850215],[38.280291,49.850867]]]}},{"type":"Feature","properties":{"cadnum":"4425487500:05:001:0032"},"geometry":{"type":"Polygon","coordinates":[[[38.281639,49.850427],[38.281666,49.850423],[38.281661,49.850406],[38.281634,49.850409],[38.281639,49.850427]]]}},{"type":"Feature","properties":{"cadnum":"4425487500:05:001:0083"},"geometry":{"type":"Polygon","coordinates":[[[38.277381,49.84919],[38.277718,49.848744],[38.277052,49.848697],[38.276896,49.848799],[38.276806,49.849149],[38.277381,49.84919]]]}},{"type":"Feature","properties":{"cadnum":"4425487500:04:002:0217"},"geometry":{"type":"Polygon","coordinates":[[[38.16797,49.841642],[38.167993,49.841627],[38.16797,49.841616],[38.167952,49.841627],[38.16797,49.841642]]]}},{"type":"Feature","properties":{"cadnum":"4425487500:04:002:0220"},"geometry":{"type":"Polygon","coordinates":[[[38.167189,49.842033],[38.167247,49.841998],[38.167197,49.841966],[38.16714,49.842001],[38.167189,49.842033]]]}},{"type":"Feature","properties":{"cadnum":"4425487500:04:002:0172"},"geometry":{"type":"Polygon","coordinates":[[[38.167354,49.842177],[38.167373,49.842166],[38.167354,49.842151],[38.167333,49.842163],[38.167354,49.842177]]]}},{"type":"Feature","properties":{"cadnum":"4425487500:04:002:0171"},"geometry":{"type":"Polygon","coordinates":[[[38.168128,49.841662],[38.168149,49.841651],[38.168132,49.841636],[38.168109,49.841651],[38.168128,49.841662]]]}},{"type":"Feature","properties":{"cadnum":"4425487500:04:002:0221"},"geometry":{"type":"Polygon","coordinates":[[[38.166568,49.842534],[38.166587,49.84252],[38.166568,49.842508],[38.166551,49.84252],[38.166568,49.842534]]]}},{"type":"Feature","properties":{"cadnum":"4425487500:04:002:0218"},"geometry":{"type":"Polygon","coordinates":[[[38.167287,49.842076],[38.167306,49.842065],[38.167287,49.84205],[38.16727,49.842065],[38.167287,49.842076]]]}},{"type":"Feature","properties":{"cadnum":"4425487500:04:002:0219"},"geometry":{"type":"Polygon","coordinates":[[[38.167264,49.842059],[38.167283,49.84205],[38.167233,49.842007],[38.167216,49.842018],[38.167264,49.842059]]]}},{"type":"Feature","properties":{"cadnum":"4425487500:04:002:0173"},"geometry":{"type":"Polygon","coordinates":[[[38.166685,49.842621],[38.166704,49.842609],[38.166685,49.842598],[38.166663,49.842609],[38.166685,49.842621]]]}},{"type":"Feature","properties":{"cadnum":"4425487500:04:002:0060"},"geometry":{"type":"Polygon","coordinates":[[[38.128718,49.844422],[38.128502,49.844845],[38.12834160791367,49.845012],[38.128341,49.845012],[38.12829691304356,49.8450585362318],[38.128235,49.845123],[38.12823584210526,49.845123],[38.128233,49.845126],[38.131669,49.846511],[38.130434,49.84559],[38.129693,49.845123],[38.129475,49.845012],[38.12947442592592,49.845012],[38.129055,49.844799],[38.128992,49.844738],[38.128992,49.844654],[38.129141,49.844633],[38.129357,49.844683],[38.130188,49.845123],[38.13018901646844,49.845123],[38.132047,49.846105],[38.132909,49.846803],[38.133102,49.847],[38.133459,49.84665784688091],[38.133459,49.846658],[38.13355542856999,49.84656542857281],[38.133631,49.846493],[38.133631,49.84649288],[38.133709,49.846418],[38.13449,49.845674],[38.133631,49.845328233753634],[38.133631,49.845328],[38.132846,49.845012],[38.13284549309392,49.845012],[38.129527,49.843675],[38.128718,49.844422]]]}},{"type":"Feature","properties":{"cadnum":"4425487500:01:001:0052"},"geometry":{"type":"Polygon","coordinates":[[[38.146167,49.834185],[38.147058,49.834061],[38.147035,49.833947],[38.146955,49.83362],[38.146955,49.833354],[38.146689,49.833064],[38.146626,49.832876],[38.146733,49.832798],[38.146595,49.832383],[38.146505,49.832345],[38.1465,49.832247],[38.146609,49.832175],[38.146595,49.831876],[38.145817,49.831853],[38.145117,49.831856],[38.146033,49.833707],[38.146167,49.834185]]]}},{"type":"Feature","properties":{"cadnum":"4425487500:01:001:0002"},"geometry":{"type":"Polygon","coordinates":[[[38.146163,49.831198],[38.14619,49.83119],[38.146177,49.831172],[38.14615,49.831181],[38.146163,49.831198]]]}},{"type":"Feature","properties":{"cadnum":"4425487500:04:004:0122"},"geometry":{"type":"Polygon","coordinates":[[[38.152524,49.829292],[38.152555,49.82928],[38.152538,49.829263],[38.152509,49.829274],[38.152524,49.829292]]]}},{"type":"Feature","properties":{"cadnum":"4425487500:04:002:0338"},"geometry":{"type":"Polygon","coordinates":[[[38.155272,49.830404],[38.155299,49.830401],[38.155295,49.830384],[38.155268,49.830387],[38.155272,49.830404]]]}},{"type":"Feature","properties":{"cadnum":"4425487500:04:004:0163"},"geometry":{"type":"Polygon","coordinates":[[[38.154842,49.827889],[38.154836,49.827872],[38.154809,49.827875],[38.154815,49.827889],[38.154842,49.827889]]]}},{"type":"Feature","properties":{"cadnum":"4425487500:04:002:0339"},"geometry":{"type":"Polygon","coordinates":[[[38.155178,49.829897],[38.155205,49.829894],[38.155201,49.82988],[38.155178,49.82988],[38.155178,49.829897]]]}},{"type":"Feature","properties":{"cadnum":"4425487500:04:004:0123"},"geometry":{"type":"Polygon","coordinates":[[[38.150377,49.829938],[38.150404,49.829929],[38.150385,49.829912],[38.150358,49.82992],[38.150377,49.829938]]]}},{"type":"Feature","properties":{"cadnum":"4425487500:04:002:0309"},"geometry":{"type":"Polygon","coordinates":[[[38.154792,49.828724],[38.154796,49.828707],[38.154716,49.828695],[38.154712,49.828712],[38.154792,49.828724]]]}},{"type":"Feature","properties":{"cadnum":"4425487500:04:002:0305"},"geometry":{"type":"Polygon","coordinates":[[[38.155008,49.830677],[38.155029,49.830674],[38.155029,49.830657],[38.155003,49.830659],[38.155008,49.830677]]]}},{"type":"Feature","properties":{"cadnum":"4425487500:04:002:0341"},"geometry":{"type":"Polygon","coordinates":[[[38.154995,49.828877],[38.155021,49.828875],[38.155016,49.828857],[38.154989,49.82886],[38.154995,49.828877]]]}},{"type":"Feature","properties":{"cadnum":"4425487500:04:004:0135"},"geometry":{"type":"Polygon","coordinates":[[[38.154683,49.828237],[38.154712,49.828234],[38.154706,49.828217],[38.154683,49.82822],[38.154683,49.828237]]]}},{"type":"Feature","properties":{"cadnum":"4425487500:04:002:0306"},"geometry":{"type":"Polygon","coordinates":[[[38.155056,49.830189],[38.155084,49.830187],[38.155079,49.83017],[38.155056,49.830172],[38.155056,49.830189]]]}},{"type":"Feature","properties":{"cadnum":"4425487500:04:004:0164"},"geometry":{"type":"Polygon","coordinates":[[[38.154756,49.827414],[38.154752,49.827397],[38.154725,49.8274],[38.154729,49.827414],[38.154756,49.827414]]]}},{"type":"Feature","properties":{"cadnum":"4425487500:04:004:0162"},"geometry":{"type":"Polygon","coordinates":[[[38.154905,49.828376],[38.154926,49.828374],[38.154926,49.828359],[38.154899,49.828359],[38.154905,49.828376]]]}},{"type":"Feature","properties":{"cadnum":"4425487500:04:002:0340"},"geometry":{"type":"Polygon","coordinates":[[[38.155115,49.829411],[38.155115,49.829393],[38.155088,49.829396],[38.155092,49.829411],[38.155115,49.829411]]]}},{"type":"Feature","properties":{"cadnum":"4425487500:04:004:0077"},"geometry":{"type":"Polygon","coordinates":[[[38.155603,49.82861460930232],[38.156507,49.828787],[38.159823,49.829422],[38.160925,49.82957769858713],[38.160925,49.829578],[38.161008583595574,49.82958950788635],[38.161097,49.829602],[38.161097,49.82960168115942],[38.161201,49.829616],[38.161211,49.827872],[38.160925,49.827868],[38.160925,49.82786838887908],[38.155603,49.82778759593998],[38.155603,49.827787],[38.155106,49.827779],[38.155282,49.828553],[38.155432,49.82858197196261],[38.155432,49.828582],[38.155443449703455,49.82858418343182],[38.155603,49.828615],[38.155603,49.82861460930232]]]}},{"type":"Feature","properties":{"cadnum":"4425487500:04:004:0121"},"geometry":{"type":"Polygon","coordinates":[[[38.15467,49.82864],[38.154698,49.828637],[38.154698,49.828628],[38.154675,49.828507],[38.154653,49.828509],[38.154666,49.828631],[38.15467,49.82864]]]}},{"type":"Feature","properties":{"cadnum":"4425487500:04:004:0136"},"geometry":{"type":"Polygon","coordinates":[[[38.154603,49.827753],[38.154626,49.82775],[38.154626,49.827733],[38.154599,49.827736],[38.154603,49.827753]]]}},{"type":"Feature","properties":{"cadnum":"4425487500:04:002:0308"},"geometry":{"type":"Polygon","coordinates":[[[38.154972,49.829216],[38.154972,49.829199],[38.154891,49.829199],[38.154891,49.829214],[38.154972,49.829216]]]}},{"type":"Feature","properties":{"cadnum":"4425487500:04:002:0307"},"geometry":{"type":"Polygon","coordinates":[[[38.154976,49.829715],[38.155003,49.829712],[38.155003,49.829695],[38.154976,49.829697],[38.154976,49.829715]]]}},{"type":"Feature","properties":{"cadnum":"4425487500:04:002:0267"},"geometry":{"type":"Polygon","coordinates":[[[38.153943,49.863217],[38.153957,49.863202],[38.153934,49.863193],[38.15392,49.863208],[38.153943,49.863217]]]}},{"type":"Feature","properties":{"cadnum":"4425487500:04:002:0272"},"geometry":{"type":"Polygon","coordinates":[[[38.151796,49.865519],[38.151805,49.865504],[38.151783,49.865495],[38.151769,49.86551],[38.151796,49.865519]]]}},{"type":"Feature","properties":{"cadnum":"4425487500:04:002:0273"},"geometry":{"type":"Polygon","coordinates":[[[38.151374,49.865967],[38.151387,49.865953],[38.151364,49.865944],[38.151351,49.865959],[38.151374,49.865967]]]}},{"type":"Feature","properties":{"cadnum":"4425487500:04:002:0271"},"geometry":{"type":"Polygon","coordinates":[[[38.152218,49.865064],[38.152232,49.865049],[38.152209,49.865041],[38.152196,49.865055],[38.152218,49.865064]]]}},{"type":"Feature","properties":{"cadnum":"4425487500:04:002:0268"},"geometry":{"type":"Polygon","coordinates":[[[38.153503,49.863689],[38.153517,49.863674],[38.153494,49.863665],[38.15348,49.86368],[38.153503,49.863689]]]}},{"type":"Feature","properties":{"cadnum":"4425487500:04:002:0269"},"geometry":{"type":"Polygon","coordinates":[[[38.153081,49.864143],[38.153094,49.864129],[38.153071,49.86412],[38.153058,49.864135],[38.153081,49.864143]]]}},{"type":"Feature","properties":{"cadnum":"4425487500:04:002:0270"},"geometry":{"type":"Polygon","coordinates":[[[38.152641,49.864615],[38.152649,49.864601],[38.152627,49.864592],[38.152618,49.864607],[38.152641,49.864615]]]}},{"type":"Feature","properties":{"cadnum":"4425487500:04:004:0073"},"geometry":{"type":"Polygon","coordinates":[[[38.16659,49.82696156482045],[38.169704,49.827008],[38.169704,49.826901],[38.169708,49.826139],[38.16659,49.826092561702126],[38.16659,49.826092],[38.161295,49.826012],[38.161287,49.826881],[38.16659,49.826962],[38.16659,49.82696156482045]]]}},{"type":"Feature","properties":{"cadnum":"4425487500:04:004:0074"},"geometry":{"type":"Polygon","coordinates":[[[38.169708,49.82598],[38.169717,49.825],[38.168176,49.825099],[38.166418,49.825173],[38.166418,49.825173153119096],[38.1613,49.825386],[38.161295,49.826012],[38.166418,49.826089401322],[38.166418,49.82609],[38.169708,49.826139],[38.169708,49.82598]]]}},{"type":"Feature","properties":{"cadnum":"4425487500:04:004:0059"},"geometry":{"type":"Polygon","coordinates":[[[38.167746,49.824899],[38.167935,49.824189],[38.166418,49.824252],[38.166418,49.82425214519672],[38.161583,49.824453],[38.161578,49.825157],[38.16659,49.824948],[38.16659,49.82494774698795],[38.167746,49.824899]]]}},{"type":"Feature","properties":{"cadnum":"4425487500:04:002:0080"},"geometry":{"type":"Polygon","coordinates":[[[38.139124,49.86191167992048],[38.141124,49.862525],[38.141596,49.862644],[38.142664,49.86124],[38.139124,49.860150915948275],[38.139124,49.86015],[38.136596,49.859371],[38.136206,49.859884],[38.137252,49.860831],[38.137733,49.861152],[38.138626,49.861451],[38.138952,49.861757547325105],[38.138952,49.861758],[38.139112,49.861908],[38.139124,49.861912],[38.139124,49.86191167992048]]]}},{"type":"Feature","properties":{"cadnum":"4425487500:07:005:0072"},"geometry":{"type":"Polygon","coordinates":[[[38.253894,49.834883],[38.253894,49.834866],[38.253867,49.834866],[38.253867,49.834883],[38.253894,49.834883]]]}},{"type":"Feature","properties":{"cadnum":"4425487500:07:005:0098"},"geometry":{"type":"Polygon","coordinates":[[[38.274708,49.827298],[38.274735,49.827292],[38.274726,49.827278],[38.274703,49.827281],[38.274708,49.827298]]]}},{"type":"Feature","properties":{"cadnum":"4425487500:07:005:0099"},"geometry":{"type":"Polygon","coordinates":[[[38.274538,49.826852],[38.274565,49.826849],[38.274555,49.826832],[38.274533,49.826838],[38.274538,49.826852]]]}},{"type":"Feature","properties":{"cadnum":"4425487500:07:005:0102"},"geometry":{"type":"Polygon","coordinates":[[[38.274056,49.825545],[38.274083,49.825542],[38.274079,49.825528],[38.274052,49.825531],[38.274056,49.825545]]]}},{"type":"Feature","properties":{"cadnum":"4425487500:07:005:0061"},"geometry":{"type":"Polygon","coordinates":[[[38.276284,49.825557],[38.276311,49.825554],[38.276307,49.825533],[38.276276,49.825537],[38.276284,49.825557]]]}},{"type":"Feature","properties":{"cadnum":"4425487500:07:005:0100"},"geometry":{"type":"Polygon","coordinates":[[[38.274376,49.826435],[38.274402,49.826432],[38.274393,49.826415],[38.274372,49.82642],[38.274376,49.826435]]]}},{"type":"Feature","properties":{"cadnum":"4425487500:07:005:0060"},"geometry":{"type":"Polygon","coordinates":[[[38.275903,49.824192],[38.275934,49.824186],[38.275925,49.824169],[38.275894,49.824172],[38.275903,49.824192]]]}},{"type":"Feature","properties":{"cadnum":"4425487500:07:005:0101"},"geometry":{"type":"Polygon","coordinates":[[[38.274146,49.82602],[38.274236,49.826012],[38.274236,49.825995],[38.274142,49.826003],[38.274146,49.82602]]]}},{"type":"Feature","properties":{"cadnum":"4425487500:07:005:0105"},"geometry":{"type":"Polygon","coordinates":[[[38.273599,49.824175],[38.273621,49.824172],[38.273617,49.824154],[38.273594,49.824158],[38.273599,49.824175]]]}},{"type":"Feature","properties":{"cadnum":"4425487500:07:005:0104"},"geometry":{"type":"Polygon","coordinates":[[[38.273751,49.824629],[38.273773,49.824627],[38.273769,49.824609],[38.273743,49.824612],[38.273751,49.824629]]]}},{"type":"Feature","properties":{"cadnum":"4425487500:07:005:0103"},"geometry":{"type":"Polygon","coordinates":[[[38.273917,49.825128],[38.273944,49.825125],[38.273936,49.825108],[38.273913,49.825114],[38.273917,49.825128]]]}},{"type":"Feature","properties":{"cadnum":"4425487500:07:007:0140"},"geometry":{"type":"Polygon","coordinates":[[[38.316359,49.816698],[38.317351,49.816562],[38.316812,49.815197],[38.315631,49.815403],[38.31613,49.81666],[38.316359,49.816698]]]}},{"type":"Feature","properties":{"cadnum":"4425487500:07:007:0053"},"geometry":{"type":"Polygon","coordinates":[[[38.318573,49.816396],[38.31934,49.816292],[38.319826,49.816228],[38.319256,49.814782],[38.318015,49.814988],[38.318573,49.816396]]]}},{"type":"Feature","properties":{"cadnum":"4425487500:07:007:0160"},"geometry":{"type":"Polygon","coordinates":[[[38.321604,49.815985],[38.321241,49.81582],[38.320665,49.815365],[38.320227,49.814641],[38.320227,49.81464119230769],[38.320216,49.814623],[38.319256,49.814782],[38.319826,49.816228],[38.320398,49.816151],[38.320398,49.816150529411765],[38.321604,49.815985]]]}},{"type":"Feature","properties":{"cadnum":"4425487500:07:007:0138"},"geometry":{"type":"Polygon","coordinates":[[[38.317351,49.816562],[38.318573,49.816396],[38.318015,49.814988],[38.317724,49.815034],[38.316812,49.815197],[38.317351,49.816562]]]}},{"type":"Feature","properties":{"cadnum":"4425487500:04:001:0231"},"geometry":{"type":"Polygon","coordinates":[[[38.194111,49.845288],[38.194183,49.845277],[38.19416,49.845225],[38.194089,49.845236],[38.194111,49.845288]]]}},{"type":"Feature","properties":{"cadnum":"4425487500:04:001:0230"},"geometry":{"type":"Polygon","coordinates":[[[38.194084,49.845239],[38.194097,49.845225],[38.19403,49.845196],[38.194017,49.84521],[38.194084,49.845239]]]}},{"type":"Feature","properties":{"cadnum":"4425487500:03:001:0085"},"geometry":{"type":"Polygon","coordinates":[[[38.172834,49.816846],[38.172839,49.816828],[38.172812,49.816826],[38.172807,49.816843],[38.172834,49.816846]]]}},{"type":"Feature","properties":{"cadnum":"4425487500:03:001:0081"},"geometry":{"type":"Polygon","coordinates":[[[38.176153,49.817234],[38.176159,49.817217],[38.176132,49.817214],[38.176126,49.817231],[38.176153,49.817234]]]}},{"type":"Feature","properties":{"cadnum":"4425487500:03:001:0083"},"geometry":{"type":"Polygon","coordinates":[[[38.174483,49.817038],[38.174488,49.81702],[38.174461,49.817017],[38.174455,49.817034],[38.174483,49.817038]]]}},{"type":"Feature","properties":{"cadnum":"4425487500:03:001:0082"},"geometry":{"type":"Polygon","coordinates":[[[38.175336,49.817139],[38.175346,49.817121],[38.175319,49.817118],[38.175314,49.817136],[38.175336,49.817139]]]}},{"type":"Feature","properties":{"cadnum":"4425487500:03:001:0084"},"geometry":{"type":"Polygon","coordinates":[[[38.173621,49.816935],[38.173625,49.816922],[38.173598,49.816918],[38.173593,49.816933],[38.173621,49.816935]]]}},{"type":"Feature","properties":{"cadnum":"4425487500:03:001:0080"},"geometry":{"type":"Polygon","coordinates":[[[38.176975,49.81733],[38.176981,49.817313],[38.176954,49.817309],[38.176948,49.817327],[38.176975,49.81733]]]}},{"type":"Feature","properties":{"cadnum":"4425487500:04:003:0099"},"geometry":{"type":"Polygon","coordinates":[[[38.102761,49.827901],[38.10278,49.827884],[38.102752,49.827872],[38.102734,49.827889],[38.102761,49.827901]]]}},{"type":"Feature","properties":{"cadnum":"4425487500:04:003:0097"},"geometry":{"type":"Polygon","coordinates":[[[38.105641,49.82919],[38.105694,49.829141],[38.1057,49.829132],[38.105677,49.829121],[38.105667,49.82913],[38.105623,49.829182],[38.105641,49.82919]]]}},{"type":"Feature","properties":{"cadnum":"4425487500:04:003:0098"},"geometry":{"type":"Polygon","coordinates":[[[38.104159,49.828498],[38.104176,49.828484],[38.104153,49.828471],[38.104136,49.828486],[38.104159,49.828498]]]}},{"type":"Feature","properties":{"cadnum":"4425487500:04:008:0135"},"geometry":{"type":"Polygon","coordinates":[[[38.215136,49.817924],[38.214903,49.816819],[38.210535,49.81717209603524],[38.210535,49.817172],[38.20627,49.817515],[38.206481,49.818619],[38.210363,49.81830778885052],[38.210363,49.818308],[38.215136,49.817924]]]}},{"type":"Feature","properties":{"cadnum":"4425487500:04:008:0131"},"geometry":{"type":"Polygon","coordinates":[[[38.211008,49.819631],[38.211601,49.819138],[38.215339,49.818872],[38.215136,49.817924],[38.210535,49.81829416216216],[38.210535,49.818294],[38.206481,49.818619],[38.206714,49.819822],[38.208951,49.819744],[38.210535,49.819658],[38.210535,49.819657400000004],[38.211008,49.819631]]]}},{"type":"Feature","properties":{"cadnum":"4425487500:04:002:0372"},"geometry":{"type":"Polygon","coordinates":[[[38.178975,49.822581],[38.178979,49.822563],[38.178952,49.822561],[38.178948,49.822578],[38.178975,49.822581]]]}},{"type":"Feature","properties":{"cadnum":"4425487500:03:001:0070"},"geometry":{"type":"Polygon","coordinates":[[[38.179302,49.821448],[38.179307,49.821433],[38.179279,49.821431],[38.179275,49.821445],[38.179302,49.821448]]]}},{"type":"Feature","properties":{"cadnum":"4425487500:03:001:0069"},"geometry":{"type":"Polygon","coordinates":[[[38.179145,49.821981],[38.179149,49.821964],[38.179128,49.821961],[38.179122,49.821978],[38.179145,49.821981]]]}},{"type":"Feature","properties":{"cadnum":"4425487500:03:001:0071"},"geometry":{"type":"Polygon","coordinates":[[[38.179501,49.820761],[38.179505,49.820747],[38.179478,49.820744],[38.179474,49.820758],[38.179501,49.820761]]]}},{"type":"Feature","properties":{"cadnum":"4425487500:04:002:0371"},"geometry":{"type":"Polygon","coordinates":[[[38.178795,49.82319],[38.178799,49.823172],[38.178776,49.823169],[38.178772,49.823187],[38.178795,49.82319]]]}},{"type":"Feature","properties":{"cadnum":"4425487500:04:002:0370"},"geometry":{"type":"Polygon","coordinates":[[[38.178619,49.823801],[38.178625,49.823783],[38.178597,49.823781],[38.178593,49.823798],[38.178619,49.823801]]]}},{"type":"Feature","properties":{"cadnum":"4425487500:04:001:0214"},"geometry":{"type":"Polygon","coordinates":[[[38.186053,49.846108],[38.186071,49.846093],[38.186049,49.846085],[38.18603,49.846097],[38.186053,49.846108]]]}},{"type":"Feature","properties":{"cadnum":"4425487500:04:001:0213"},"geometry":{"type":"Polygon","coordinates":[[[38.185325,49.845723],[38.18534,49.845711],[38.185321,49.8457],[38.185304,49.845711],[38.185325,49.845723]]]}},{"type":"Feature","properties":{"cadnum":"4425487500:04:001:0215"},"geometry":{"type":"Polygon","coordinates":[[[38.186525,49.846357],[38.186539,49.846342],[38.18652,49.846331],[38.186502,49.846346],[38.186525,49.846357]]]}},{"type":"Feature","properties":{"cadnum":"4425487500:04:001:0212"},"geometry":{"type":"Polygon","coordinates":[[[38.184485,49.845279],[38.184499,49.845268],[38.184481,49.845256],[38.184463,49.845268],[38.184485,49.845279]]]}},{"type":"Feature","properties":{"cadnum":"4425487500:04:001:0216"},"geometry":{"type":"Polygon","coordinates":[[[38.187198,49.846711],[38.187212,49.846699],[38.187194,49.846687],[38.187176,49.846699],[38.187198,49.846711]]]}},{"type":"Feature","properties":{"cadnum":"4425487500:04:001:0217"},"geometry":{"type":"Polygon","coordinates":[[[38.187734,49.846994],[38.187747,49.84698],[38.187728,49.846968],[38.187711,49.846983],[38.187734,49.846994]]]}},{"type":"Feature","properties":{"cadnum":"4425487500:04:001:0207"},"geometry":{"type":"Polygon","coordinates":[[[38.182927,49.843104],[38.182936,49.84309],[38.182914,49.843084],[38.182904,49.843102],[38.182927,49.843104]]]}},{"type":"Feature","properties":{"cadnum":"4425487500:04:001:0208"},"geometry":{"type":"Polygon","coordinates":[[[38.18259,49.843736],[38.1826,49.843721],[38.182572,49.843716],[38.182564,49.84373],[38.18259,49.843736]]]}},{"type":"Feature","properties":{"cadnum":"4425487500:04:001:0209"},"geometry":{"type":"Polygon","coordinates":[[[38.182235,49.844393],[38.182321,49.844373],[38.182312,49.844358],[38.182227,49.844376],[38.182235,49.844393]]]}},{"type":"Feature","properties":{"cadnum":"4425487500:04:004:0118"},"geometry":{"type":"Polygon","coordinates":[[[38.159544,49.829486],[38.159553,49.829465],[38.159526,49.829459],[38.159513,49.82948],[38.159544,49.829486]]]}},{"type":"Feature","properties":{"cadnum":"4425487500:04:004:0120"},"geometry":{"type":"Polygon","coordinates":[[[38.155897,49.828851],[38.155905,49.828831],[38.155874,49.828825],[38.155865,49.828845],[38.155897,49.828851]]]}},{"type":"Feature","properties":{"cadnum":"4425487500:04:004:0119"},"geometry":{"type":"Polygon","coordinates":[[[38.157635,49.829152],[38.157645,49.829135],[38.157612,49.829126],[38.157603,49.829147],[38.157635,49.829152]]]}},{"type":"Feature","properties":{"cadnum":"4425487500:07:001:0014"},"geometry":{"type":"Polygon","coordinates":[[[38.262523,49.854139],[38.260317,49.854982],[38.26105,49.855749],[38.26105037732063,49.855749],[38.262854,49.857631],[38.264993,49.856812],[38.264215,49.85596],[38.263915,49.855638],[38.263914928571424,49.855638],[38.262523,49.854139]]]}},{"type":"Feature","properties":{"cadnum":"4425487500:04:001:0318"},"geometry":{"type":"Polygon","coordinates":[[[38.177767,49.851046],[38.178072,49.85089],[38.178467,49.850777],[38.178719,49.850658],[38.178912,49.850484],[38.179832,49.849586],[38.178939,49.849858],[38.177465,49.850618],[38.177404,49.850663],[38.177404,49.85066305471124],[38.176149,49.85159],[38.175776,49.852037],[38.176629,49.851764],[38.176971,49.851657],[38.177576,49.851193],[38.177576,49.85119227548209],[38.177767,49.851046]]]}},{"type":"Feature","properties":{"cadnum":"4425487500:07:006:0046"},"geometry":{"type":"Polygon","coordinates":[[[38.283112,49.850186],[38.283144,49.850183],[38.283138,49.850163],[38.283108,49.850165],[38.283112,49.850186]]]}},{"type":"Feature","properties":{"cadnum":"4425487500:05:001:0029"},"geometry":{"type":"Polygon","coordinates":[[[38.282119,49.851683],[38.282142,49.851674],[38.282133,49.85166],[38.282106,49.851666],[38.282119,49.851683]]]}},{"type":"Feature","properties":{"cadnum":"4425487500:07:006:0045"},"geometry":{"type":"Polygon","coordinates":[[[38.282779,49.848995],[38.282811,49.84899],[38.282802,49.848969],[38.282771,49.848976],[38.282779,49.848995]]]}},{"type":"Feature","properties":{"cadnum":"4425487500:07:006:0047"},"geometry":{"type":"Polygon","coordinates":[[[38.283404,49.851498],[38.283435,49.851495],[38.283431,49.851475],[38.283399,49.851481],[38.283404,49.851498]]]}},{"type":"Feature","properties":{"cadnum":"4425487500:05:001:0028"},"geometry":{"type":"Polygon","coordinates":[[[38.282393,49.852095],[38.282416,49.852086],[38.282406,49.852071],[38.282385,49.852077],[38.282393,49.852095]]]}},{"type":"Feature","properties":{"cadnum":"4425487500:03:001:0202"},"geometry":{"type":"Polygon","coordinates":[[[38.171155,49.81804],[38.171213,49.817822],[38.170405,49.817738],[38.169826,49.817678],[38.169767,49.817898],[38.170243,49.817947],[38.171155,49.81804]]]}},{"type":"Feature","properties":{"cadnum":"4425487500:03:001:0200"},"geometry":{"type":"Polygon","coordinates":[[[38.167706,49.81777],[38.167755,49.817573],[38.167624,49.817556],[38.167014,49.817478],[38.166964,49.817672],[38.167706,49.81777]]]}},{"type":"Feature","properties":{"cadnum":"4425487500:03:001:0198"},"geometry":{"type":"Polygon","coordinates":[[[38.171379,49.817837],[38.171419,49.817648],[38.170503,49.817545],[38.169866,49.817478],[38.169826,49.817678],[38.170405,49.817738],[38.171379,49.817837]]]}},{"type":"Feature","properties":{"cadnum":"4425487500:03:001:0159"},"geometry":{"type":"Polygon","coordinates":[[[38.16961,49.817217],[38.169664,49.817025],[38.168977,49.81695],[38.168069,49.81684],[38.168006,49.817029],[38.168679,49.817115],[38.168895,49.81713],[38.16961,49.817217]]]}},{"type":"Feature","properties":{"cadnum":"4425487500:03:001:0196"},"geometry":{"type":"Polygon","coordinates":[[[38.169277,49.817779],[38.16934,49.817588],[38.168652,49.817501],[38.167669,49.817382],[38.167624,49.817556],[38.168589,49.817684],[38.168878,49.817715],[38.168878,49.817719],[38.168972,49.817732],[38.169277,49.817779]]]}},{"type":"Feature","properties":{"cadnum":"4425487500:03:001:0172"},"geometry":{"type":"Polygon","coordinates":[[[38.168006,49.817029],[38.168069,49.81684],[38.167126,49.816727],[38.167144,49.816918],[38.168006,49.817029]]]}},{"type":"Feature","properties":{"cadnum":"4425487500:03:001:0195"},"geometry":{"type":"Polygon","coordinates":[[[38.171537,49.817251],[38.171581,49.817057],[38.170719,49.816959],[38.170004,49.816896],[38.169964,49.817081],[38.17066,49.817153],[38.171537,49.817251]]]}},{"type":"Feature","properties":{"cadnum":"4425487500:03:001:0203"},"geometry":{"type":"Polygon","coordinates":[[[38.170836,49.81828],[38.170908,49.818014],[38.170243,49.817947],[38.169767,49.817898],[38.16969,49.818162],[38.170836,49.81828]]]}},{"type":"Feature","properties":{"cadnum":"4425487500:03:001:0153"},"geometry":{"type":"Polygon","coordinates":[[[38.167822,49.817176],[38.167853,49.817008],[38.167144,49.816918],[38.16714,49.817092],[38.167822,49.817176]]]}},{"type":"Feature","properties":{"cadnum":"4425487500:03:001:0199"},"geometry":{"type":"Polygon","coordinates":[[[38.169214,49.81797],[38.169277,49.817779],[38.168972,49.817732],[38.168878,49.817719],[38.168878,49.817715],[38.168589,49.817684],[38.167755,49.817573],[38.167706,49.81777],[38.168545,49.817886],[38.169214,49.81797]]]}},{"type":"Feature","properties":{"cadnum":"4425487500:03:001:0197"},"geometry":{"type":"Polygon","coordinates":[[[38.16934,49.817588],[38.16939,49.817411],[38.168694,49.817327],[38.167643,49.817205],[38.167597,49.817373],[38.168652,49.817501],[38.16934,49.817588]]]}},{"type":"Feature","properties":{"cadnum":"4425487500:03:001:0152"},"geometry":{"type":"Polygon","coordinates":[[[38.169564,49.817397],[38.16961,49.817217],[38.168895,49.81713],[38.168679,49.817115],[38.167853,49.817008],[38.167822,49.817176],[38.168626,49.817278],[38.168868,49.817313],[38.169564,49.817397]]]}},{"type":"Feature","properties":{"cadnum":"4425487500:03:001:0086"},"geometry":{"type":"Polygon","coordinates":[[[38.171981,49.816744],[38.171985,49.81673],[38.171964,49.816727],[38.171958,49.816742],[38.171981,49.816744]]]}},{"type":"Feature","properties":{"cadnum":"4425487500:03:001:0151"},"geometry":{"type":"Polygon","coordinates":[[[38.167821,49.817178],[38.167856,49.817009],[38.167142,49.816918],[38.167137,49.817091],[38.167821,49.817178]]]}},{"type":"Feature","properties":{"cadnum":"4425487500:03:001:0204"},"geometry":{"type":"Polygon","coordinates":[[[38.171501,49.817449],[38.171545,49.817255],[38.17066,49.817153],[38.169964,49.817081],[38.16992,49.817278],[38.170593,49.817341],[38.171501,49.817449]]]}},{"type":"Feature","properties":{"cadnum":"4425487500:04:003:0100"},"geometry":{"type":"Polygon","coordinates":[[[38.101352,49.827298],[38.101369,49.827284],[38.101342,49.827272],[38.101324,49.827287],[38.101352,49.827298]]]}},{"type":"Feature","properties":{"cadnum":"4425487500:07:008:0005"},"geometry":{"type":"Polygon","coordinates":[[[38.297823289915975,49.845012],[38.297822,49.845012],[38.29771506741481,49.8450775393264],[38.29764,49.845123],[38.29764089473683,49.845123],[38.297574,49.845164],[38.297624,49.84521],[38.298254,49.845664825436415],[38.298254,49.845665],[38.29835159890457,49.84573528649096],[38.298426,49.845789],[38.298426,49.84578886692759],[38.298765,49.846033],[38.30026146425073,49.845123],[38.300262,49.845123],[38.303283,49.843287],[38.301945,49.84251],[38.298254,49.844751],[38.298254,49.844751162849875],[38.297823289915975,49.845012]]]}},{"type":"Feature","properties":{"cadnum":"4425487500:07:008:0004"},"geometry":{"type":"Polygon","coordinates":[[[38.304595,49.844049],[38.303919,49.843656792452826],[38.303919,49.843656],[38.303283,49.843287],[38.30044464215687,49.845012],[38.300444,49.845012],[38.298765,49.846033],[38.29983,49.846803],[38.300094,49.846789],[38.300203,49.846771],[38.301968,49.845659],[38.30286922126049,49.84508957601999],[38.30323,49.844863],[38.303747,49.84455460087082],[38.303747,49.844555],[38.304595,49.844049]]]}},{"type":"Feature","properties":{"cadnum":"4425487500:04:001:0309"},"geometry":{"type":"Polygon","coordinates":[[[38.174828,49.858708],[38.175373,49.856256],[38.174415,49.856149],[38.173876,49.858607],[38.174828,49.858708]]]}},{"type":"Feature","properties":{"cadnum":"4425487500:04:001:0310"},"geometry":{"type":"Polygon","coordinates":[[[38.173876,49.858607],[38.174415,49.856149],[38.173463,49.856044],[38.17292,49.858506],[38.173876,49.858607]]]}},{"type":"Feature","properties":{"cadnum":"4425487500:07:008:0006"},"geometry":{"type":"Polygon","coordinates":[[[38.302035,49.842578],[38.3007,49.841804],[38.298254,49.84329],[38.298254,49.84329140607012],[38.296515,49.844347],[38.297278,49.844749],[38.297364,49.844802],[38.297484,49.845054],[38.297554,49.845123],[38.297554568181816,49.845123],[38.297664,49.84523],[38.297839715596325,49.845123],[38.29784,49.845123],[38.298426,49.844768],[38.298426,49.844767644538486],[38.302035,49.842578]]]}},{"type":"Feature","properties":{"cadnum":"4425487500:04:003:0089"},"geometry":{"type":"Polygon","coordinates":[[[38.122547,49.832227],[38.122556,49.832209],[38.122524,49.832203],[38.122516,49.832224],[38.122547,49.832227]]]}},{"type":"Feature","properties":{"cadnum":"4425487500:04:003:0090"},"geometry":{"type":"Polygon","coordinates":[[[38.12022,49.831943],[38.120225,49.831922],[38.120193,49.83192],[38.120189,49.831937],[38.12022,49.831943]]]}},{"type":"Feature","properties":{"cadnum":"4425487500:04:003:0091"},"geometry":{"type":"Polygon","coordinates":[[[38.117489,49.831606],[38.117493,49.831587],[38.117466,49.831583],[38.117458,49.831604],[38.117489,49.831606]]]}},{"type":"Feature","properties":{"cadnum":"4425487500:04:002:0393"},"geometry":{"type":"Polygon","coordinates":[[[38.1538,49.843903],[38.154553,49.843499],[38.15445,49.843423],[38.154001,49.842954],[38.153377,49.842061],[38.152878,49.8424],[38.153075,49.842809],[38.153075,49.843052],[38.153125,49.843235],[38.153341,49.843545],[38.153714,49.843823],[38.1538,49.843903]]]}},{"type":"Feature","properties":{"cadnum":"4425487500:04:002:0298"},"geometry":{"type":"Polygon","coordinates":[[[38.155628,49.834194],[38.155622,49.834177],[38.155595,49.834179],[38.155601,49.834194],[38.155628,49.834194]]]}},{"type":"Feature","properties":{"cadnum":"4425487500:04:002:0333"},"geometry":{"type":"Polygon","coordinates":[[[38.155771,49.833142],[38.155798,49.833139],[38.155794,49.833122],[38.155767,49.833125],[38.155771,49.833142]]]}},{"type":"Feature","properties":{"cadnum":"4425487500:04:002:0332"},"geometry":{"type":"Polygon","coordinates":[[[38.155919,49.83362],[38.155915,49.833603],[38.155892,49.833606],[38.155892,49.83362],[38.155919,49.83362]]]}},{"type":"Feature","properties":{"cadnum":"4425487500:04:002:0331"},"geometry":{"type":"Polygon","coordinates":[[[38.156023,49.834121],[38.15605,49.834119],[38.156045,49.834101],[38.156018,49.834104],[38.156023,49.834121]]]}},{"type":"Feature","properties":{"cadnum":"4425487500:04:002:0335"},"geometry":{"type":"Polygon","coordinates":[[[38.15556,49.831995],[38.155587,49.831992],[38.155582,49.831978],[38.15556,49.831978],[38.15556,49.831995]]]}},{"type":"Feature","properties":{"cadnum":"4425487500:04:002:0334"},"geometry":{"type":"Polygon","coordinates":[[[38.155664,49.832549],[38.155685,49.832545],[38.155685,49.832528],[38.155658,49.832531],[38.155664,49.832549]]]}},{"type":"Feature","properties":{"cadnum":"4425487500:04:004:0116"},"geometry":{"type":"Polygon","coordinates":[[[38.163029,49.829703],[38.163061,49.8297],[38.163061,49.82968],[38.163029,49.829683],[38.163029,49.829703]]]}},{"type":"Feature","properties":{"cadnum":"4425487500:04:004:0115"},"geometry":{"type":"Polygon","coordinates":[[[38.164853,49.829631],[38.164884,49.829628],[38.164884,49.829607],[38.164853,49.829611],[38.164853,49.829631]]]}},{"type":"Feature","properties":{"cadnum":"4425487500:04:004:0117"},"geometry":{"type":"Polygon","coordinates":[[[38.161224,49.829776],[38.161228,49.829755],[38.161197,49.829753],[38.161192,49.829773],[38.161224,49.829776]]]}},{"type":"Feature","properties":{"cadnum":"4425487500:07:001:0055"},"geometry":{"type":"Polygon","coordinates":[[[38.253395,49.866931],[38.253426,49.866923],[38.253413,49.866902],[38.253382,49.866911],[38.253395,49.866931]]]}},{"type":"Feature","properties":{"cadnum":"4425487500:07:001:0056"},"geometry":{"type":"Polygon","coordinates":[[[38.254334,49.868402],[38.254365,49.868396],[38.254352,49.868376],[38.254325,49.868382],[38.254334,49.868402]]]}},{"type":"Feature","properties":{"cadnum":"4425487500:07:002:0053"},"geometry":{"type":"Polygon","coordinates":[[[38.256158,49.860391],[38.256715,49.85962],[38.256508,49.859491],[38.255929,49.860238],[38.256158,49.860391]]]}},{"type":"Feature","properties":{"cadnum":"4425487500:04:008:0097"},"geometry":{"type":"Polygon","coordinates":[[[38.24655,49.814808],[38.246568,49.814791],[38.246537,49.81478],[38.246524,49.8148],[38.24655,49.814808]]]}},{"type":"Feature","properties":{"cadnum":"4425487500:04:008:0096"},"geometry":{"type":"Polygon","coordinates":[[[38.244309,49.813959],[38.244327,49.813939],[38.2443,49.81393],[38.244283,49.813947],[38.244309,49.813959]]]}},{"type":"Feature","properties":{"cadnum":"4425487500:04:008:0098"},"geometry":{"type":"Polygon","coordinates":[[[38.248347,49.81551],[38.248361,49.815504],[38.248464,49.815461],[38.248428,49.815423],[38.248319,49.815463],[38.248306,49.81547],[38.248347,49.81551]]]}},{"type":"Feature","properties":{"cadnum":"4425487500:07:006:0020"},"geometry":{"type":"Polygon","coordinates":[[[38.29656978481013,49.845012],[38.296568,49.845012],[38.293123,49.847128],[38.29448,49.848078],[38.298176,49.84581],[38.297386,49.845251],[38.297008,49.845012],[38.297007844827576,49.845012],[38.297,49.845007],[38.296775,49.844886],[38.29656978481013,49.845012]]]}},{"type":"Feature","properties":{"cadnum":"4425487500:03:001:0108"},"geometry":{"type":"Polygon","coordinates":[[[38.164148,49.814643],[38.16417,49.814594],[38.164148,49.814589],[38.164121,49.814638],[38.164148,49.814643]]]}},{"type":"Feature","properties":{"cadnum":"4425487500:03:001:0115"},"geometry":{"type":"Polygon","coordinates":[[[38.163559,49.815814],[38.163578,49.8158],[38.163515,49.815768],[38.163497,49.815782],[38.163559,49.815814]]]}},{"type":"Feature","properties":{"cadnum":"4425487500:03:001:0101"},"geometry":{"type":"Polygon","coordinates":[[[38.166002,49.816626],[38.166084,49.816617],[38.166079,49.8166],[38.166002,49.816608],[38.166002,49.816626]]]}},{"type":"Feature","properties":{"cadnum":"4425487500:03:001:0100"},"geometry":{"type":"Polygon","coordinates":[[[38.165895,49.816536],[38.165918,49.816486],[38.165891,49.816481],[38.165864,49.816527],[38.165895,49.816536]]]}},{"type":"Feature","properties":{"cadnum":"4425487500:03:001:0098"},"geometry":{"type":"Polygon","coordinates":[[[38.166317,49.815666],[38.166407,49.815657],[38.166402,49.81564],[38.166312,49.815649],[38.166317,49.815666]]]}},{"type":"Feature","properties":{"cadnum":"4425487500:03:001:0102"},"geometry":{"type":"Polygon","coordinates":[[[38.166452,49.815319],[38.166457,49.815304],[38.16643,49.815298],[38.166425,49.815316],[38.166452,49.815319]]]}},{"type":"Feature","properties":{"cadnum":"4425487500:03:001:0106"},"geometry":{"type":"Polygon","coordinates":[[[38.165702,49.814814],[38.165706,49.814797],[38.165684,49.814794],[38.165675,49.814811],[38.165702,49.814814]]]}},{"type":"Feature","properties":{"cadnum":"4425487500:03:001:0109"},"geometry":{"type":"Polygon","coordinates":[[[38.163398,49.814533],[38.163402,49.814516],[38.163379,49.814513],[38.163375,49.814531],[38.163398,49.814533]]]}},{"type":"Feature","properties":{"cadnum":"4425487500:03:001:0155"},"geometry":{"type":"Polygon","coordinates":[[[38.163106,49.815852],[38.163299,49.815287],[38.16227,49.815142],[38.162064,49.815773],[38.163106,49.815852]]]}},{"type":"Feature","properties":{"cadnum":"4425487500:03:001:0184"},"geometry":{"type":"Polygon","coordinates":[[[38.166165,49.815588],[38.166205,49.815489],[38.166102,49.81547],[38.166385,49.814858],[38.165782,49.81478],[38.165383,49.814727],[38.165195,49.815122],[38.165082,49.815101],[38.16497,49.815382],[38.165509,49.815472],[38.165509,49.815481],[38.166165,49.815588]]]}},{"type":"Feature","properties":{"cadnum":"4425487500:03:001:0183"},"geometry":{"type":"Polygon","coordinates":[[[38.164629,49.815947],[38.16479,49.815826],[38.164633,49.815742],[38.164457,49.815875],[38.164629,49.815947]]]}},{"type":"Feature","properties":{"cadnum":"4425487500:03:001:0156"},"geometry":{"type":"Polygon","coordinates":[[[38.165127,49.815446],[38.165153,49.815356],[38.165002,49.815333],[38.164974,49.815423],[38.165127,49.815446]]]}},{"type":"Feature","properties":{"cadnum":"4425487500:03:001:0154"},"geometry":{"type":"Polygon","coordinates":[[[38.164071,49.815921],[38.164449,49.815481],[38.163299,49.815287],[38.163106,49.815852],[38.164071,49.815921]]]}},{"type":"Feature","properties":{"cadnum":"4425487500:03:001:0110"},"geometry":{"type":"Polygon","coordinates":[[[38.162566,49.814449],[38.162572,49.814432],[38.162545,49.814429],[38.16254,49.814446],[38.162566,49.814449]]]}},{"type":"Feature","properties":{"cadnum":"4425487500:03:001:0114"},"geometry":{"type":"Polygon","coordinates":[[[38.163775,49.815391],[38.163784,49.815373],[38.163757,49.815371],[38.163752,49.815386],[38.163775,49.815391]]]}},{"type":"Feature","properties":{"cadnum":"4425487500:03:001:0107"},"geometry":{"type":"Polygon","coordinates":[[[38.16496,49.814716],[38.164966,49.814698],[38.164943,49.814696],[38.164939,49.814713],[38.16496,49.814716]]]}},{"type":"Feature","properties":{"cadnum":"4425487500:03:001:0112"},"geometry":{"type":"Polygon","coordinates":[[[38.16166,49.814486],[38.161687,49.814379],[38.161551,49.814365],[38.161524,49.814473],[38.16166,49.814486]]]}},{"type":"Feature","properties":{"cadnum":"4425487500:03:001:0099"},"geometry":{"type":"Polygon","coordinates":[[[38.166155,49.816104],[38.166165,49.816084],[38.166084,49.816075],[38.166079,49.816095],[38.166155,49.816104]]]}},{"type":"Feature","properties":{"cadnum":"4425487500:03:001:0118"},"geometry":{"type":"Polygon","coordinates":[[[38.16205,49.816174],[38.162123,49.816147],[38.162077,49.816101],[38.16201,49.81613],[38.16205,49.816174]]]}},{"type":"Feature","properties":{"cadnum":"4425487500:03:001:0117"},"geometry":{"type":"Polygon","coordinates":[[[38.16214,49.816112],[38.16222,49.816099],[38.162212,49.816084],[38.162136,49.816095],[38.16214,49.816112]]]}},{"type":"Feature","properties":{"cadnum":"4425487500:03:001:0105"},"geometry":{"type":"Polygon","coordinates":[[[38.166362,49.814904],[38.166371,49.814887],[38.166285,49.814866],[38.166277,49.814881],[38.166362,49.814904]]]}},{"type":"Feature","properties":{"cadnum":"4425487500:03:001:0111"},"geometry":{"type":"Polygon","coordinates":[[[38.161673,49.814359],[38.161677,49.814342],[38.161587,49.814333],[38.161583,49.814351],[38.161673,49.814359]]]}},{"type":"Feature","properties":{"cadnum":"4425487500:03:001:0116"},"geometry":{"type":"Polygon","coordinates":[[[38.162849,49.815962],[38.162876,49.815956],[38.162868,49.815942],[38.162841,49.815947],[38.162849,49.815962]]]}},{"type":"Feature","properties":{"cadnum":"4425487500:03:001:0113"},"geometry":{"type":"Polygon","coordinates":[[[38.163987,49.814974],[38.163991,49.814956],[38.163968,49.81495],[38.163958,49.814968],[38.163987,49.814974]]]}},{"type":"Feature","properties":{"cadnum":"4425487500:04:002:0249"},"geometry":{"type":"Polygon","coordinates":[[[38.159153,49.854695],[38.159163,49.854677],[38.15914,49.854672],[38.159131,49.854689],[38.159153,49.854695]]]}},{"type":"Feature","properties":{"cadnum":"4425487500:04:002:0194"},"geometry":{"type":"Polygon","coordinates":[[[38.159597,49.854179],[38.159607,49.854165],[38.159584,49.854159],[38.159576,49.854174],[38.159597,49.854179]]]}},{"type":"Feature","properties":{"cadnum":"4425487500:04:002:0248"},"geometry":{"type":"Polygon","coordinates":[[[38.159477,49.854142],[38.159486,49.854125],[38.159459,49.854119],[38.15945,49.854136],[38.159477,49.854142]]]}},{"type":"Feature","properties":{"cadnum":"4425487500:04:002:0196"},"geometry":{"type":"Polygon","coordinates":[[[38.158941,49.855317],[38.158951,49.855303],[38.158924,49.855297],[38.158915,49.855312],[38.158941,49.855317]]]}},{"type":"Feature","properties":{"cadnum":"4425487500:04:002:0195"},"geometry":{"type":"Polygon","coordinates":[[[38.159266,49.854756],[38.159274,49.854741],[38.159253,49.854735],[38.159239,49.85475],[38.159266,49.854756]]]}},{"type":"Feature","properties":{"cadnum":"4425487500:04:002:0250"},"geometry":{"type":"Polygon","coordinates":[[[38.158811,49.855283],[38.158821,49.855265],[38.158798,49.855259],[38.15879,49.855277],[38.158811,49.855283]]]}},{"type":"Feature","properties":{"cadnum":"4425487500:04:002:0193"},"geometry":{"type":"Polygon","coordinates":[[[38.159922,49.853621],[38.15993,49.853606],[38.159908,49.853597],[38.159899,49.853615],[38.159922,49.853621]]]}},{"type":"Feature","properties":{"cadnum":"4425487500:04:002:0192"},"geometry":{"type":"Polygon","coordinates":[[[38.160249,49.85305],[38.160258,49.853035],[38.160236,49.85303],[38.160226,49.853044],[38.160249,49.85305]]]}},{"type":"Feature","properties":{"cadnum":"4425487500:04:002:0246"},"geometry":{"type":"Polygon","coordinates":[[[38.160128,49.853013],[38.160136,49.852995],[38.160115,49.85299],[38.160105,49.853007],[38.160128,49.853013]]]}},{"type":"Feature","properties":{"cadnum":"4425487500:04:002:0191"},"geometry":{"type":"Polygon","coordinates":[[[38.160608,49.852434],[38.160618,49.852419],[38.160591,49.85241],[38.160582,49.852427],[38.160608,49.852434]]]}},{"type":"Feature","properties":{"cadnum":"4425487500:04:002:0247"},"geometry":{"type":"Polygon","coordinates":[[[38.159805,49.853569],[38.159813,49.853551],[38.15979,49.853546],[38.159782,49.853563],[38.159805,49.853569]]]}},{"type":"Feature","properties":{"cadnum":"4425487500:04:002:0245"},"geometry":{"type":"Polygon","coordinates":[[[38.160465,49.85243],[38.160474,49.852413],[38.160452,49.852408],[38.160442,49.852425],[38.160465,49.85243]]]}},{"type":"Feature","properties":{"cadnum":"4425487500:04:009:0068"},"geometry":{"type":"Polygon","coordinates":[[[38.22823,49.84751],[38.228243,49.847492],[38.228216,49.847481],[38.228203,49.847499],[38.22823,49.84751]]]}},{"type":"Feature","properties":{"cadnum":"4425487500:04:009:0067"},"geometry":{"type":"Polygon","coordinates":[[[38.229312,49.847915],[38.229325,49.847898],[38.229298,49.847889],[38.229285,49.847907],[38.229312,49.847915]]]}},{"type":"Feature","properties":{"cadnum":"4425487500:04:009:0069"},"geometry":{"type":"Polygon","coordinates":[[[38.227025,49.847058],[38.227043,49.847041],[38.227016,49.847029],[38.226998,49.847046],[38.227025,49.847058]]]}},{"type":"Feature","properties":{"cadnum":"4425487500:04:002:0158"},"geometry":{"type":"Polygon","coordinates":[[[38.176126,49.831372],[38.176132,49.831363],[38.176181,49.831245],[38.176159,49.831241],[38.176105,49.831357],[38.1761,49.831366],[38.176126,49.831372]]]}},{"type":"Feature","properties":{"cadnum":"4425487500:04:002:0357"},"geometry":{"type":"Polygon","coordinates":[[[38.176275,49.831604],[38.176285,49.831589],[38.176262,49.831583],[38.176252,49.831598],[38.176275,49.831604]]]}},{"type":"Feature","properties":{"cadnum":"4425487500:04:002:0355"},"geometry":{"type":"Polygon","coordinates":[[[38.175732,49.832818],[38.175736,49.832803],[38.175713,49.832798],[38.175705,49.832811],[38.175732,49.832818]]]}},{"type":"Feature","properties":{"cadnum":"4425487500:04:002:0358"},"geometry":{"type":"Polygon","coordinates":[[[38.176576,49.830946],[38.176581,49.830929],[38.176558,49.830926],[38.176549,49.83094],[38.176576,49.830946]]]}},{"type":"Feature","properties":{"cadnum":"4425487500:04:002:0354"},"geometry":{"type":"Polygon","coordinates":[[[38.175457,49.83342],[38.175467,49.833406],[38.17544,49.8334],[38.175436,49.833417],[38.175457,49.83342]]]}},{"type":"Feature","properties":{"cadnum":"4425487500:04:002:0356"},"geometry":{"type":"Polygon","coordinates":[[[38.175996,49.832229],[38.176002,49.832212],[38.175979,49.832209],[38.175969,49.832224],[38.175996,49.832229]]]}},{"type":"Feature","properties":{"cadnum":"4425487500:04:002:0156"},"geometry":{"type":"Polygon","coordinates":[[[38.17504,49.833736],[38.175049,49.833715],[38.175017,49.83371],[38.175013,49.83373],[38.17504,49.833736]]]}},{"type":"Feature","properties":{"cadnum":"4425487500:04:002:0353"},"geometry":{"type":"Polygon","coordinates":[[[38.175188,49.83402],[38.175197,49.834003],[38.17517,49.834],[38.175166,49.834014],[38.175188,49.83402]]]}},{"type":"Feature","properties":{"cadnum":"4425487500:04:002:0157"},"geometry":{"type":"Polygon","coordinates":[[[38.175579,49.832566],[38.175587,49.832545],[38.175556,49.83254],[38.175552,49.83256],[38.175579,49.832566]]]}},{"type":"Feature","properties":{"cadnum":"4425487500:05:001:0092"},"geometry":{"type":"Polygon","coordinates":[[[38.264229,49.848451],[38.265118,49.848246],[38.264405,49.847299],[38.263362,49.847518],[38.264135,49.848349],[38.264229,49.848451]]]}},{"type":"Feature","properties":{"cadnum":"4425487500:04:009:0057"},"geometry":{"type":"Polygon","coordinates":[[[38.205672,49.844124],[38.207563,49.844049],[38.207865,49.844037],[38.210272,49.844008],[38.210263,49.843553],[38.205042,49.84380180344891],[38.205042,49.843801],[38.20123,49.843982],[38.201523,49.844341],[38.202745,49.844283],[38.205042,49.844159],[38.205042,49.84415856359102],[38.205672,49.844124]]]}},{"type":"Feature","properties":{"cadnum":"4425487500:04:009:0058"},"geometry":{"type":"Polygon","coordinates":[[[38.210263,49.843553],[38.210253,49.842658],[38.210101,49.842516],[38.20487,49.842766],[38.20487,49.84276615324676],[38.200422,49.842977],[38.20123,49.843982],[38.20487,49.84380916684155],[38.20487,49.84381],[38.210263,49.843553]]]}},{"type":"Feature","properties":{"cadnum":"4425487500:04:009:0082"},"geometry":{"type":"Polygon","coordinates":[[[38.207007,49.841607],[38.207016,49.841589],[38.206988,49.841584],[38.20698,49.841601],[38.207007,49.841607]]]}},{"type":"Feature","properties":{"cadnum":"4425487500:04:009:0080"},"geometry":{"type":"Polygon","coordinates":[[[38.21002,49.842421],[38.210033,49.842342],[38.210033,49.842331],[38.210003,49.842331],[38.210003,49.84234],[38.209997,49.842421],[38.21002,49.842421]]]}},{"type":"Feature","properties":{"cadnum":"4425487500:04:009:0081"},"geometry":{"type":"Polygon","coordinates":[[[38.208592,49.841998],[38.208601,49.841984],[38.208574,49.841975],[38.208565,49.841992],[38.208592,49.841998]]]}},{"type":"Feature","properties":{"cadnum":"4425487500:04:009:0090"},"geometry":{"type":"Polygon","coordinates":[[[38.202079,49.841621],[38.202102,49.841616],[38.202093,49.841601],[38.20207,49.841607],[38.202079,49.841621]]]}},{"type":"Feature","properties":{"cadnum":"4425487500:04:009:0086"},"geometry":{"type":"Polygon","coordinates":[[[38.20004,49.841885],[38.200066,49.841876],[38.200058,49.841859],[38.200026,49.841865],[38.20004,49.841885]]]}},{"type":"Feature","properties":{"cadnum":"4425487500:04:009:0088"},"geometry":{"type":"Polygon","coordinates":[[[38.200494,49.842003],[38.200521,49.841995],[38.200494,49.841958],[38.200556,49.84194],[38.200548,49.841926],[38.200458,49.841949],[38.200494,49.842003]]]}},{"type":"Feature","properties":{"cadnum":"4425487500:04:009:0087"},"geometry":{"type":"Polygon","coordinates":[[[38.199676,49.842169],[38.199699,49.842163],[38.199663,49.842108],[38.19964,49.842114],[38.199676,49.842169]]]}},{"type":"Feature","properties":{"cadnum":"4425487500:04:009:0085"},"geometry":{"type":"Polygon","coordinates":[[[38.20119,49.841616],[38.20119,49.841598],[38.201194,49.841555],[38.201171,49.841555],[38.201163,49.841598],[38.201163,49.841616],[38.20119,49.841616]]]}},{"type":"Feature","properties":{"cadnum":"4425487500:04:009:0089"},"geometry":{"type":"Polygon","coordinates":[[[38.201302,49.841786],[38.201324,49.84178],[38.20132,49.841766],[38.201293,49.841772],[38.201302,49.841786]]]}},{"type":"Feature","properties":{"cadnum":"4425487500:04:002:0215"},"geometry":{"type":"Polygon","coordinates":[[[38.169348,49.840825],[38.169367,49.840813],[38.169308,49.84077],[38.169287,49.840781],[38.169348,49.840825]]]}},{"type":"Feature","properties":{"cadnum":"4425487500:04:002:0163"},"geometry":{"type":"Polygon","coordinates":[[[38.171972,49.840738],[38.171972,49.840723],[38.171945,49.840723],[38.171945,49.840738],[38.171972,49.840738]]]}},{"type":"Feature","properties":{"cadnum":"4425487500:04:002:0169"},"geometry":{"type":"Polygon","coordinates":[[[38.169407,49.840874],[38.169425,49.840863],[38.169358,49.840822],[38.16934,49.840833],[38.169407,49.840874]]]}},{"type":"Feature","properties":{"cadnum":"4425487500:04:002:0149"},"geometry":{"type":"Polygon","coordinates":[[[38.171514,49.84046],[38.171555,49.84041],[38.171478,49.840384],[38.171438,49.840434],[38.171514,49.84046]]]}},{"type":"Feature","properties":{"cadnum":"4425487500:04:002:0213"},"geometry":{"type":"Polygon","coordinates":[[[38.170585,49.840118],[38.170602,49.840109],[38.170589,49.840095],[38.170566,49.840107],[38.170585,49.840118]]]}},{"type":"Feature","properties":{"cadnum":"4425487500:04:002:0159"},"geometry":{"type":"Polygon","coordinates":[[[38.171213,49.840031],[38.171294,49.840017],[38.171285,49.839999],[38.171209,49.840017],[38.171213,49.840031]]]}},{"type":"Feature","properties":{"cadnum":"4425487500:04:002:0342"},"geometry":{"type":"Polygon","coordinates":[[[38.171604,49.840011],[38.171694,49.840008],[38.171694,49.839991],[38.171599,49.839993],[38.171604,49.840011]]]}},{"type":"Feature","properties":{"cadnum":"4425487500:04:002:0165"},"geometry":{"type":"Polygon","coordinates":[[[38.171325,49.840031],[38.171365,49.84004],[38.171406,49.84004],[38.171438,49.839993],[38.171361,49.839979],[38.171325,49.840031]]]}},{"type":"Feature","properties":{"cadnum":"4425487500:04:002:0164"},"geometry":{"type":"Polygon","coordinates":[[[38.171339,49.840013],[38.171348,49.839996],[38.171285,49.839982],[38.171276,49.839996],[38.171339,49.840013]]]}},{"type":"Feature","properties":{"cadnum":"4425487500:04:002:0214"},"geometry":{"type":"Polygon","coordinates":[[[38.169947,49.840457],[38.169964,49.840446],[38.169951,49.840431],[38.169929,49.840442],[38.169947,49.840457]]]}},{"type":"Feature","properties":{"cadnum":"4425487500:04:002:0216"},"geometry":{"type":"Polygon","coordinates":[[[38.168698,49.841181],[38.168715,49.84117],[38.168698,49.841158],[38.168679,49.84117],[38.168698,49.841181]]]}},{"type":"Feature","properties":{"cadnum":"4425487500:04:002:0168"},"geometry":{"type":"Polygon","coordinates":[[[38.170086,49.840483],[38.170103,49.840472],[38.17009,49.84046],[38.170067,49.840468],[38.170086,49.840483]]]}},{"type":"Feature","properties":{"cadnum":"4425487500:04:002:0275"},"geometry":{"type":"Polygon","coordinates":[[[38.171491,49.840028],[38.171528,49.839973],[38.171505,49.839967],[38.171465,49.840023],[38.171491,49.840028]]]}},{"type":"Feature","properties":{"cadnum":"4425487500:01:001:0049"},"geometry":{"type":"Polygon","coordinates":[[[38.168801,49.840063],[38.169438,49.839858],[38.169165,49.83951],[38.168958,49.839249],[38.168289,49.839478],[38.168801,49.840063]]]}},{"type":"Feature","properties":{"cadnum":"4425487500:04:002:0167"},"geometry":{"type":"Polygon","coordinates":[[[38.170696,49.840176],[38.170715,49.840167],[38.170702,49.840153],[38.170679,49.840165],[38.170696,49.840176]]]}},{"type":"Feature","properties":{"cadnum":"4425487500:04:002:0160"},"geometry":{"type":"Polygon","coordinates":[[[38.171195,49.840045],[38.171218,49.839987],[38.171191,49.839985],[38.171168,49.840043],[38.171195,49.840045]]]}},{"type":"Feature","properties":{"cadnum":"4425487500:04:002:0276"},"geometry":{"type":"Polygon","coordinates":[[[38.171847,49.83951],[38.171855,49.839495],[38.171833,49.839489],[38.17182,49.839504],[38.171847,49.83951]]]}},{"type":"Feature","properties":{"cadnum":"4425487500:04:002:0162"},"geometry":{"type":"Polygon","coordinates":[[[38.171019,49.840735],[38.171109,49.840732],[38.171109,49.840715],[38.171042,49.840717],[38.171042,49.840671],[38.171015,49.840674],[38.171019,49.840735]]]}},{"type":"Feature","properties":{"cadnum":"4425487500:04:002:0170"},"geometry":{"type":"Polygon","coordinates":[[[38.168778,49.84123],[38.168797,49.841219],[38.168778,49.841207],[38.168761,49.841219],[38.168778,49.84123]]]}},{"type":"Feature","properties":{"cadnum":"4425487500:04:002:0212"},"geometry":{"type":"Polygon","coordinates":[[[38.171088,49.839898],[38.171082,49.839843],[38.171056,49.839843],[38.171061,49.839898],[38.171088,49.839898]]]}},{"type":"Feature","properties":{"cadnum":"4425487500:04:002:0311"},"geometry":{"type":"Polygon","coordinates":[[[38.17186,49.839648],[38.171868,49.839631],[38.171847,49.839626],[38.171833,49.83964],[38.17186,49.839648]]]}},{"type":"Feature","properties":{"cadnum":"4425487500:04:002:0211"},"geometry":{"type":"Polygon","coordinates":[[[38.171357,49.839987],[38.171361,49.839979],[38.171398,49.839985],[38.171325,49.839953],[38.171312,49.839967],[38.171357,49.839987]]]}},{"type":"Feature","properties":{"cadnum":"4425487500:04:002:0310"},"geometry":{"type":"Polygon","coordinates":[[[38.171555,49.840025],[38.171595,49.83997],[38.171568,49.839961],[38.171532,49.840017],[38.171555,49.840025]]]}},{"type":"Feature","properties":{"cadnum":"4425487500:04:002:0161"},"geometry":{"type":"Polygon","coordinates":[[[38.171123,49.840396],[38.171123,49.840378],[38.171101,49.840376],[38.171096,49.840393],[38.171123,49.840396]]]}},{"type":"Feature","properties":{"cadnum":"4425487500:01:001:0048"},"geometry":{"type":"Polygon","coordinates":[[[38.16917,49.840477],[38.169736,49.840231],[38.16969,49.840191],[38.169717,49.840176],[38.169591,49.840054],[38.169438,49.839858],[38.168801,49.840063],[38.16917,49.840477]]]}},{"type":"Feature","properties":{"cadnum":"4425487500:04:002:0166"},"geometry":{"type":"Polygon","coordinates":[[[38.171178,49.839987],[38.171168,49.839927],[38.171141,49.839929],[38.171151,49.839987],[38.171178,49.839987]]]}},{"type":"Feature","properties":{"cadnum":"4425487500:04:004:0192"},"geometry":{"type":"Polygon","coordinates":[[[38.133686,49.811122],[38.138896,49.811047],[38.138923,49.810699],[38.133659,49.810774],[38.133686,49.811122]]]}},{"type":"Feature","properties":{"cadnum":"4425487500:04:004:0193"},"geometry":{"type":"Polygon","coordinates":[[[38.133659,49.810774],[38.138923,49.810699],[38.138932,49.810594],[38.138936,49.810353],[38.133636,49.810429],[38.133659,49.810774]]]}},{"type":"Feature","properties":{"cadnum":"4425487500:04:004:0191"},"geometry":{"type":"Polygon","coordinates":[[[38.133713,49.81147],[38.138905,49.811394],[38.138892,49.811087],[38.138896,49.811047],[38.133686,49.811122],[38.133695,49.811246],[38.133713,49.81147]]]}},{"type":"Feature","properties":{"cadnum":"4425487500:04:004:0189"},"geometry":{"type":"Polygon","coordinates":[[[38.133776,49.812168],[38.139035,49.812093],[38.139031,49.812058],[38.138955,49.811745],[38.133745,49.81182],[38.133776,49.812168]]]}},{"type":"Feature","properties":{"cadnum":"4425487500:04:004:0190"},"geometry":{"type":"Polygon","coordinates":[[[38.133745,49.81182],[38.138955,49.811745],[38.138915,49.811586],[38.138905,49.811394],[38.133713,49.81147],[38.133745,49.81182]]]}},{"type":"Feature","properties":{"cadnum":"4425487500:04:004:0194"},"geometry":{"type":"Polygon","coordinates":[[[38.133636,49.810429],[38.138936,49.810353],[38.13895,49.810011],[38.133609,49.810087],[38.133636,49.810429]]]}}]}