{"type":"FeatureCollection","features":[{"type":"Feature","properties":{"cadnum":"6321885000:03:000:0071"},"geometry":{"type":"Polygon","coordinates":[[[37.595301,49.943689],[37.595301,49.943688082152974],[37.595482,49.943544],[37.595129,49.943407],[37.595129,49.943407177011494],[37.594866,49.943305],[37.594806,49.943281],[37.594041,49.942985],[37.59288190909091,49.944095],[37.592881,49.944095],[37.590467,49.946406],[37.591126,49.947016],[37.59479,49.944095],[37.59478976982592,49.944095],[37.595301,49.943689]]]}},{"type":"Feature","properties":{"cadnum":"6321885000:03:000:0025"},"geometry":{"type":"Polygon","coordinates":[[[37.58933,49.945435],[37.588383,49.944643],[37.588122,49.944145],[37.587639,49.945363],[37.589636,49.947122459197786],[37.589636,49.947123],[37.590337,49.94774],[37.59033796493689,49.94774],[37.591833,49.949056],[37.592868,49.948515],[37.59190122033899,49.94774],[37.591902,49.94774],[37.591318,49.947271],[37.589808,49.94587680856124],[37.589808,49.945876],[37.58933,49.945435]]]}},{"type":"Feature","properties":{"cadnum":"6321885000:03:000:0024"},"geometry":{"type":"Polygon","coordinates":[[[37.587639,49.945363],[37.58709,49.946745],[37.58809596482411,49.94763],[37.588095,49.94763],[37.589636,49.94898658377116],[37.589636,49.948987],[37.590505,49.949752],[37.591833,49.949056],[37.590213,49.94763],[37.59021202431118,49.94763],[37.589808,49.94727438944365],[37.589808,49.947274],[37.587639,49.945363]]]}},{"type":"Feature","properties":{"cadnum":"6321885000:03:000:0070"},"geometry":{"type":"Polygon","coordinates":[[[37.594041,49.942985],[37.592195,49.94227],[37.59056230371901,49.944095],[37.590561,49.944095],[37.589636,49.945132],[37.589636,49.945132066666666],[37.589388,49.945409],[37.589808,49.945797],[37.589808,49.94579696028881],[37.590467,49.946406],[37.592765052790995,49.944206],[37.592766,49.944206],[37.594041,49.942985]]]}},{"type":"Feature","properties":{"cadnum":"6321885000:03:000:0069"},"geometry":{"type":"Polygon","coordinates":[[[37.589684,49.941296],[37.58854650684931,49.944095],[37.588546,49.944095],[37.588527,49.944143],[37.588355,49.944104],[37.588308,49.944095],[37.58830715789471,49.944095],[37.588153,49.944066],[37.588168121428566,49.944095],[37.588167,49.944095],[37.58821776754884,49.94419021173751],[37.588226,49.944206],[37.588226185958256,49.944206],[37.588448,49.944622],[37.589388,49.945409],[37.589808,49.94494],[37.589808,49.944939174054056],[37.59046198842815,49.944206],[37.590463,49.944206],[37.592195,49.94227],[37.589808,49.941344098765434],[37.589808,49.941344],[37.589684,49.941296]]]}},{"type":"Feature","properties":{"cadnum":"6321885000:03:000:0072"},"geometry":{"type":"Polygon","coordinates":[[[37.595129,49.943825],[37.595129,49.94382559600614],[37.59465,49.944206],[37.59465076549127,49.944206],[37.591126,49.947016],[37.591373,49.947243],[37.591854997987916,49.94763],[37.591854,49.94763],[37.593718,49.949126],[37.594285,49.949224],[37.593732,49.948495],[37.593166,49.948012],[37.59265261780106,49.94774],[37.592653,49.94774],[37.59218,49.947488],[37.592101,49.947349],[37.592989,49.94684],[37.594007,49.94612],[37.595301,49.945122],[37.595301,49.94512115447154],[37.595621,49.944874],[37.595991,49.94449],[37.596258,49.944364],[37.597067,49.94428],[37.597438,49.944301],[37.596927,49.944104],[37.596905,49.944095],[37.59690361329304,49.944095],[37.595482,49.943544],[37.595129,49.943825]]]}},{"type":"Feature","properties":{"cadnum":"6321885000:02:000:0214"},"geometry":{"type":"Polygon","coordinates":[[[37.579965,49.925792],[37.579362,49.925903],[37.578951,49.925942],[37.578821,49.92607415946844],[37.578821,49.926074],[37.57848330022075,49.926417],[37.578483,49.926417],[37.576965,49.927959],[37.577758,49.928283],[37.57865,49.92737673471307],[37.57865,49.927378],[37.579594,49.926417],[37.57959347692307,49.926417],[37.580126,49.925877],[37.579965,49.925792]]]}},{"type":"Feature","properties":{"cadnum":"6321885000:02:000:0294"},"geometry":{"type":"Polygon","coordinates":[[[37.573341,49.924989],[37.573328,49.92500221081081],[37.573328,49.925002],[37.572545,49.925798],[37.571826,49.926527],[37.571826736842105,49.926527],[37.571748,49.926607],[37.57095,49.927416],[37.570154,49.928226],[37.569357,49.929035],[37.568559,49.929845],[37.568343,49.930063],[37.56834372610557,49.930063],[37.567762,49.930654],[37.566964,49.931464],[37.567293,49.931445],[37.567392,49.931426],[37.567835,49.930977],[37.567835,49.93097622815946],[37.568842,49.929953],[37.56884157142857,49.929953],[37.568961,49.929832],[37.569747,49.929034],[37.572101,49.926644],[37.572324,49.926417],[37.572323546255504,49.926417],[37.572887,49.925846],[37.573328,49.925398],[37.573328,49.92539732815534],[37.573671,49.925049],[37.573341,49.924989]]]}},{"type":"Feature","properties":{"cadnum":"6321885000:02:000:0302"},"geometry":{"type":"Polygon","coordinates":[[[37.575046,49.925304],[37.574697,49.92524],[37.573948,49.926001],[37.57353753612167,49.926417],[37.573537,49.926417],[37.57346047964943,49.92649509576956],[37.573429,49.926527],[37.57342921902018,49.926527],[37.573197,49.926764],[37.573156,49.926805],[37.573156,49.926805601333335],[37.572447,49.927525],[37.571696,49.928288],[37.570946,49.92905],[37.570195,49.929811],[37.569947,49.930063],[37.56994794847021,49.930063],[37.569446,49.930574],[37.568695,49.931335],[37.569077,49.931366],[37.569822,49.930608],[37.570469,49.929953],[37.57046796226415,49.929953],[37.570569,49.929851],[37.572061,49.928335],[37.572808,49.927577],[37.573328,49.927049],[37.573328,49.92704840050378],[37.573553,49.92682],[37.573949,49.926417],[37.57394858064516,49.926417],[37.574299,49.926062],[37.575046,49.925304]]]}},{"type":"Feature","properties":{"cadnum":"6321885000:02:000:0307"},"geometry":{"type":"Polygon","coordinates":[[[37.573671,49.925049],[37.573156,49.925572],[37.573156,49.925572730158734],[37.572887,49.925846],[37.572215,49.926527],[37.572215938325996,49.926527],[37.572101,49.926644],[37.569747,49.929034],[37.568961,49.929832],[37.568733,49.930063],[37.56873374457429,49.930063],[37.567663,49.931151],[37.567663,49.9311513295711],[37.567392,49.931426],[37.56768733338113,49.93136933332416],[37.567882,49.931332],[37.568648,49.930555],[37.569239,49.929953],[37.56923844924812,49.929953],[37.570179,49.928999],[37.570945,49.928222],[37.571711,49.927444],[37.572476,49.926667],[37.572722,49.926417],[37.57272144827586,49.926417],[37.573242,49.925889],[37.573328,49.925802],[37.573328,49.92580153856209],[37.574007,49.925111],[37.573671,49.925049]]]}},{"type":"Feature","properties":{"cadnum":"6321885000:02:000:0321"},"geometry":{"type":"Polygon","coordinates":[[[37.573315,49.924983],[37.573006,49.92497],[37.572975,49.924969],[37.571441,49.926527],[37.57144123595506,49.926527],[37.571374,49.926595],[37.570573,49.927408],[37.567958,49.930063],[37.56795913592233,49.930063],[37.56774891855171,49.930277380090835],[37.567371,49.930661],[37.56657,49.931473],[37.56694,49.931465],[37.566964,49.931464],[37.567663,49.9307544887218],[37.567663,49.930755],[37.567762,49.930654],[37.567835,49.93058],[37.567835,49.93057983623188],[37.568452,49.929953],[37.568451990825686,49.929953],[37.568559,49.929845],[37.569357,49.929035],[37.570154,49.928226],[37.57095,49.927416],[37.571748,49.926607],[37.571935,49.926417],[37.571934491083674,49.926417],[37.572545,49.925798],[37.573156,49.92517685568327],[37.573156,49.925177],[37.573341,49.924989],[37.573315,49.924983]]]}},{"type":"Feature","properties":{"cadnum":"6321885000:02:000:0297"},"geometry":{"type":"Polygon","coordinates":[[[37.576111,49.925491],[37.575918,49.925465],[37.575749,49.925434],[37.575011,49.926184],[37.574780717201165,49.926417],[37.57478,49.926417],[37.574272,49.926933],[37.573156,49.928067],[37.573156,49.92806765802592],[37.571322,49.92993],[37.571299172932335,49.929953],[37.571299,49.929953],[37.57127668656725,49.92997565671633],[37.57119,49.930063],[37.571190666666666,49.930063],[37.570584,49.930679],[37.569845,49.931428],[37.570234,49.93146],[37.570969,49.930713],[37.571703,49.929968],[37.573172,49.928476],[37.573328,49.928318],[37.573328,49.92831745306123],[37.573907,49.927729],[37.5752,49.926417],[37.575198862068966,49.926417],[37.575377,49.926237],[37.576111,49.925491]]]}},{"type":"Feature","properties":{"cadnum":"6321885000:02:000:0314"},"geometry":{"type":"Polygon","coordinates":[[[37.575749,49.925434],[37.575396,49.925369],[37.5743633851468,49.926417],[37.574363,49.926417],[37.574286367697134,49.926495164948925],[37.574255,49.926527],[37.57425515686274,49.926527],[37.573913,49.926876],[37.57317,49.92763],[37.573156,49.927643],[37.573156,49.92764422656777],[37.571687,49.929137],[37.570944,49.92989],[37.57088136416185,49.929953],[37.570881,49.929953],[37.57084568520724,49.92998888639039],[37.570772,49.930063],[37.570772752077566,49.930063],[37.56946,49.931397],[37.569845,49.931428],[37.570584,49.930679],[37.57127668656725,49.92997565671633],[37.571322,49.92993],[37.573328,49.927893],[37.573328,49.92789222580645],[37.574272,49.926933],[37.574671705426354,49.926527],[37.574672,49.926527],[37.575011,49.926184],[37.575749,49.925434]]]}},{"type":"Feature","properties":{"cadnum":"6321885000:02:000:0295"},"geometry":{"type":"Polygon","coordinates":[[[37.574697,49.92524],[37.574351,49.925175],[37.573596,49.925942],[37.573156,49.926389],[37.573156,49.92638923376624],[37.57312858974359,49.926417],[37.573128,49.926417],[37.573053932203074,49.92649262711896],[37.57302,49.926527],[37.57302026804123,49.926527],[37.572843,49.926708],[37.572087,49.927474],[37.571334,49.92824],[37.570579,49.929007],[37.569824,49.929772],[37.56964548797251,49.929953],[37.569645,49.929953],[37.56907,49.930538],[37.568315,49.931305],[37.568695,49.931335],[37.569446,49.930574],[37.570056,49.929953],[37.570055253968256,49.929953],[37.570195,49.929811],[37.570946,49.92905],[37.571696,49.928288],[37.572447,49.927525],[37.573197,49.926764],[37.573328,49.926631],[37.573328,49.92663030294118],[37.57346047964926,49.926495095769724],[37.573948,49.926001],[37.574697,49.92524]]]}},{"type":"Feature","properties":{"cadnum":"6321885000:02:000:0320"},"geometry":{"type":"Polygon","coordinates":[[[37.574351,49.925175],[37.574007,49.925111],[37.573242,49.925889],[37.573156,49.925976],[37.573156,49.92597623052464],[37.572613,49.926527],[37.57261376,49.926527],[37.572476,49.926667],[37.571711,49.927444],[37.570945,49.928222],[37.570179,49.928999],[37.56913,49.930063],[37.56913100996678,49.930063],[37.568648,49.930555],[37.567882,49.931332],[37.56811,49.931288],[37.568315,49.931305],[37.56907,49.930538],[37.569536880341886,49.930063],[37.569537,49.930063],[37.569824,49.929772],[37.570579,49.929007],[37.571334,49.92824],[37.572087,49.927474],[37.572843,49.926708],[37.57305393220316,49.92649262711888],[37.573328,49.926215],[37.573328,49.92621426363637],[37.573596,49.925942],[37.574351,49.925175]]]}},{"type":"Feature","properties":{"cadnum":"6321885000:02:000:0316"},"geometry":{"type":"Polygon","coordinates":[[[37.575046,49.925304],[37.574299,49.926062],[37.57384,49.926527],[37.57384091066997,49.926527],[37.573553,49.92682],[37.573156,49.927223],[37.573156,49.92722364615384],[37.572808,49.927577],[37.572061,49.928335],[37.570569,49.929851],[37.570359,49.930063],[37.57036034351145,49.930063],[37.569822,49.930608],[37.569077,49.931366],[37.56946,49.931397],[37.57084568520724,49.92998888639039],[37.570944,49.92989],[37.571687,49.929137],[37.57317,49.92763],[37.573328,49.92747],[37.573328,49.927469660834454],[37.573913,49.926876],[37.574286367697134,49.926495164948925],[37.575396,49.925369],[37.575046,49.925304]]]}},{"type":"Feature","properties":{"cadnum":"6321885000:02:000:0311"},"geometry":{"type":"Polygon","coordinates":[[[37.578821,49.925944591362125],[37.578821,49.925944],[37.578552,49.925949],[37.57809047750865,49.926417],[37.57809,49.926417],[37.577778,49.926734],[37.577004,49.927521],[37.57623,49.928306],[37.575456,49.929093],[37.574681,49.929879],[37.57460780434783,49.929953],[37.574607,49.929953],[37.573907,49.930665],[37.573156,49.931428],[37.573156,49.93142865979382],[37.573134,49.931451],[37.57236,49.932237],[37.572589,49.932403],[37.573328,49.931653],[37.573328,49.931652317738795],[37.573669,49.931306],[37.574748,49.930209],[37.57489171875,49.930063],[37.574892,49.930063],[37.575857,49.929084],[37.576965,49.927959],[37.577958,49.92695],[37.578483,49.926417],[37.578481785871965,49.926417],[37.57865,49.926246908482135],[37.57865,49.926248],[37.578951,49.925942],[37.578821,49.925944591362125]]]}},{"type":"Feature","properties":{"cadnum":"6321885000:02:000:0298"},"geometry":{"type":"Polygon","coordinates":[[[37.576852,49.925588],[37.576482,49.925539],[37.575746,49.926287],[37.57551,49.926527],[37.57551077993528,49.926527],[37.575011,49.927035],[37.574275,49.927782],[37.573328,49.92874338695264],[37.573328,49.928743],[37.572136876755074,49.929953],[37.572136,49.929953],[37.572066,49.930025],[37.572027,49.930063],[37.57202856032172,49.930063],[37.571331,49.930771],[37.570595,49.931519],[37.570953,49.93158],[37.571691,49.930831],[37.572428,49.930082],[37.572556,49.929953],[37.572554523489934,49.929953],[37.573328,49.929169],[37.573328,49.929168236947795],[37.573903,49.928584],[37.574641,49.927835],[37.575379,49.927086],[37.576037,49.926417],[37.57603684210526,49.926417],[37.576116,49.926337],[37.576852,49.925588]]]}},{"type":"Feature","properties":{"cadnum":"6321885000:02:000:0326"},"geometry":{"type":"Polygon","coordinates":[[[37.578194,49.925955],[37.578153,49.925943],[37.57768549315068,49.926417],[37.577685,49.926417],[37.577398,49.926709],[37.576645,49.927476],[37.57589,49.928242],[37.575134,49.929008],[37.574381,49.929775],[37.574096,49.930063],[37.57409668367347,49.930063],[37.573626,49.930541],[37.573156,49.931018],[37.573156,49.93101825820569],[37.572871,49.931307],[37.572117,49.932074],[37.572161,49.932093],[37.57236,49.932237],[37.573134,49.931451],[37.573328,49.931254],[37.573328,49.931253251664444],[37.573907,49.930665],[37.57449885393258,49.930063],[37.574499,49.930063],[37.574681,49.929879],[37.575456,49.929093],[37.57623,49.928306],[37.577004,49.927521],[37.577778,49.926734],[37.577981735015776,49.926527],[37.577982,49.926527],[37.578552,49.925949],[37.578194,49.925955]]]}},{"type":"Feature","properties":{"cadnum":"6321885000:02:000:0315"},"geometry":{"type":"Polygon","coordinates":[[[37.5772,49.925658],[37.577056,49.925615],[37.576852,49.925588],[37.576116,49.926337],[37.575928,49.926527],[37.57592880866966,49.926527],[37.575379,49.927086],[37.574641,49.927835],[37.573903,49.928584],[37.573156,49.929343],[37.573156,49.92934334013606],[37.572446,49.930063],[37.572446852713185,49.930063],[37.572428,49.930082],[37.571691,49.930831],[37.570953,49.93158],[37.570961,49.931581],[37.571247,49.931704],[37.571991,49.930947],[37.57297,49.929953],[37.57296983474576,49.929953],[37.573156,49.929764841541754],[37.573156,49.929765],[37.57325267742128,49.929667129030314],[37.573328,49.929591],[37.573328,49.929590876543216],[37.57348,49.929437],[37.574224,49.92868],[37.575713,49.927169],[37.576386826085795,49.92648239130553],[37.576455,49.926413],[37.5772,49.925658]]]}},{"type":"Feature","properties":{"cadnum":"6321885000:02:000:0306"},"geometry":{"type":"Polygon","coordinates":[[[37.577837,49.925849],[37.57727653982301,49.926417],[37.577276,49.926417],[37.57720401242228,49.92649050310567],[37.577168,49.926527],[37.57716826804124,49.926527],[37.577086,49.926611],[37.576335,49.927374],[37.575584,49.928136],[37.574082,49.929663],[37.573686,49.930063],[37.57368686440678,49.930063],[37.573331,49.930425],[37.573156,49.930603],[37.573156,49.93060352941176],[37.57258,49.931188],[37.571829,49.93195],[37.572117,49.932074],[37.572871,49.931307],[37.573328,49.930844],[37.573328,49.93084343829787],[37.573626,49.930541],[37.574205,49.929953],[37.574204854166666,49.929953],[37.574381,49.929775],[37.575134,49.929008],[37.57589,49.928242],[37.576645,49.927476],[37.577398,49.926709],[37.57757688356165,49.926527],[37.577577,49.926527],[37.578153,49.925943],[37.577837,49.925849]]]}},{"type":"Feature","properties":{"cadnum":"6321885000:02:000:0300"},"geometry":{"type":"Polygon","coordinates":[[[37.576482,49.925539],[37.576111,49.925491],[37.575377,49.926237],[37.57509,49.926527],[37.57509159298781,49.926527],[37.573907,49.927729],[37.573172,49.928476],[37.573156,49.928492],[37.573156,49.92849225051056],[37.57171776876676,49.929953],[37.571716,49.929953],[37.571703,49.929968],[37.571607,49.930063],[37.571609402684565,49.930063],[37.570969,49.930713],[37.570234,49.93146],[37.570257,49.931462],[37.570595,49.931519],[37.571331,49.930771],[37.572066,49.930025],[37.573156,49.92891772583201],[37.573156,49.928918],[37.574275,49.927782],[37.575011,49.927035],[37.575619,49.926417],[37.57561816666667,49.926417],[37.575746,49.926287],[37.576482,49.925539]]]}},{"type":"Feature","properties":{"cadnum":"6321885000:02:000:0308"},"geometry":{"type":"Polygon","coordinates":[[[37.577519,49.925753],[37.576772,49.926512],[37.576757,49.926527],[37.576757217391304,49.926527],[37.576024,49.927271],[37.575277,49.928031],[37.574528,49.92879],[37.573781,49.92955],[37.573274,49.930063],[37.57327589655172,49.930063],[37.573156,49.930185],[37.573156,49.930185340136056],[37.573034,49.930309],[37.572286,49.931068],[37.571538,49.931827],[37.571829,49.93195],[37.57258,49.931188],[37.573328,49.930429],[37.573328,49.93042805142858],[37.573331,49.930425],[37.573795,49.929953],[37.5737949,49.929953],[37.574082,49.929663],[37.575584,49.928136],[37.576335,49.927374],[37.577086,49.926611],[37.57720401242228,49.92649050310567],[37.577837,49.925849],[37.577519,49.925753]]]}},{"type":"Feature","properties":{"cadnum":"6321885000:02:000:0327"},"geometry":{"type":"Polygon","coordinates":[[[37.5772,49.925658],[37.576455,49.926413],[37.57645107017544,49.926417],[37.576451,49.926417],[37.576386826085795,49.92648239130553],[37.576343,49.926527],[37.57634304787234,49.926527],[37.575713,49.927169],[37.574224,49.92868],[37.57348,49.929437],[37.57325267742101,49.929667129030584],[37.572861,49.930063],[37.572861659959756,49.930063],[37.571991,49.930947],[37.571247,49.931704],[37.571538,49.931827],[37.572286,49.931068],[37.573034,49.930309],[37.573328,49.930011],[37.573328,49.93001],[37.573328,49.93000998245614],[37.573384,49.929953],[37.57338271345029,49.929953],[37.573781,49.92955],[37.574528,49.92879],[37.575277,49.928031],[37.576024,49.927271],[37.576772,49.926512],[37.576866,49.926417],[37.576865498023714,49.926417],[37.577519,49.925753],[37.5772,49.925658]]]}},{"type":"Feature","properties":{"cadnum":"6321885000:02:000:0247"},"geometry":{"type":"Polygon","coordinates":[[[37.571548,49.921899],[37.571636,49.922469],[37.571692,49.922872],[37.571676,49.922991],[37.571677101522845,49.922991],[37.571617,49.923471],[37.571713,49.923681],[37.571858,49.923741],[37.572702,49.923761],[37.572305,49.924458],[37.572346,49.924661],[37.572299,49.924995],[37.572747,49.924959],[37.573006,49.92497],[37.573156,49.92497631067961],[37.573156,49.924977],[37.573315,49.924983],[37.573328,49.924986],[37.573328,49.92498540722243],[37.575918,49.925465],[37.577056,49.925615],[37.57717,49.925413],[37.57727,49.925443],[37.578041,49.924889],[37.57865,49.92441489507771],[37.57865,49.924415],[37.578813,49.924288],[37.579134,49.924025],[37.579388,49.923661],[37.579236,49.923511],[37.578656699693475,49.92324804115779],[37.577952011673574,49.922926540856224],[37.577544,49.92274],[37.575989,49.922192],[37.575434,49.922138],[37.575202,49.922312],[37.574967,49.922402],[37.573541,49.922096],[37.573156,49.921999],[37.573156,49.9219993159627],[37.571505,49.92158],[37.571548,49.921899]]]}},{"type":"Feature","properties":{"cadnum":"6321885000:04:000:0251"},"geometry":{"type":"Polygon","coordinates":[[[37.683194,49.907967],[37.6831,49.907956],[37.682821,49.907922],[37.682578,49.908842],[37.682578972222224,49.908842],[37.682494,49.909164],[37.682498,49.909164],[37.682867,49.909209],[37.68296240461216,49.908842],[37.682963,49.908842],[37.68302,49.908626000000005],[37.68302,49.90863],[37.683194,49.907967]]]}},{"type":"Feature","properties":{"cadnum":"6321885000:04:000:0252"},"geometry":{"type":"Polygon","coordinates":[[[37.683194,49.907967],[37.683191,49.90797843103448],[37.683191,49.907978],[37.68299202777778,49.908732],[37.682991,49.908732],[37.682867,49.909209],[37.682869,49.909209],[37.68302,49.90922775776397],[37.68302,49.909228],[37.68306009345764,49.90923273831772],[37.683191,49.909249],[37.683191,49.909248209090904],[37.68324,49.909254],[37.683366979592115,49.90876662244791],[37.683567,49.908012],[37.683194,49.907967]]]}},{"type":"Feature","properties":{"cadnum":"6321885000:04:000:0402"},"geometry":{"type":"Polygon","coordinates":[[[37.683191,49.910374],[37.683016,49.910371],[37.682947,49.91063],[37.68302,49.91063149590164],[37.68302,49.910632],[37.683686,49.910644],[37.6837,49.910569],[37.683708,49.910524],[37.683733,49.910384],[37.683191,49.91037487798037],[37.683191,49.910374]]]}},{"type":"Feature","properties":{"cadnum":"6321885000:04:000:0255"},"geometry":{"type":"Polygon","coordinates":[[[37.68324,49.909254],[37.68306009345764,49.90923273831772],[37.682869,49.909209],[37.68254,49.910459],[37.68255,49.910461],[37.68291,49.910504],[37.68302,49.91008631316726],[37.68302,49.910088],[37.68324,49.909254]]]}},{"type":"Feature","properties":{"cadnum":"6321885000:04:000:0404"},"geometry":{"type":"Polygon","coordinates":[[[37.683016,49.910371],[37.68302,49.91037106857143],[37.68302,49.910372],[37.683733,49.910384],[37.683781,49.910117],[37.683087,49.910104],[37.683016,49.910371]]]}},{"type":"Feature","properties":{"cadnum":"6321885000:04:000:0210"},"geometry":{"type":"Polygon","coordinates":[[[37.682947,49.91063],[37.68302,49.91063149590164],[37.68302,49.910632],[37.683686,49.910644],[37.6837,49.910569],[37.683708,49.910524],[37.683831,49.909837],[37.683158,49.909832],[37.682947,49.91063]]]}},{"type":"Feature","properties":{"cadnum":"6321885000:04:000:0389"},"geometry":{"type":"Polygon","coordinates":[[[37.672228,49.905064],[37.672631,49.905305],[37.672632541666665,49.905305],[37.673051,49.905554],[37.673876,49.906045],[37.675523,49.907026],[37.676348,49.907517],[37.677171,49.908008],[37.677526,49.90821884440228],[37.677526,49.90822],[37.677996,49.908499],[37.678387956268224,49.908732],[37.678386,49.908732],[37.678819,49.908989],[37.679116,49.908782],[37.677698,49.9079383345912],[37.677698,49.907938],[37.677502,49.907821],[37.67589,49.906861],[37.674278,49.905901],[37.67317381395466,49.9052433255821],[37.672668,49.904941],[37.672228,49.905064]]]}},{"type":"Feature","properties":{"cadnum":"6321885000:04:000:0392"},"geometry":{"type":"Polygon","coordinates":[[[37.671757418803416,49.905194],[37.671756,49.905194],[37.671376,49.9053],[37.671383,49.905305],[37.67138440770792,49.905305],[37.672033,49.905690712907116],[37.672033,49.905691],[37.672236,49.905812],[37.673952,49.906834],[37.674812,49.907346],[37.676529,49.908369],[37.67713911627907,49.908732],[37.677138,49.908732],[37.677388,49.90888],[37.677526,49.908962354838714],[37.677526,49.908963],[37.678247,49.909392],[37.67853,49.909193],[37.677940685466375,49.908842],[37.677941,49.908842],[37.677689,49.908691],[37.676847,49.90819],[37.676006,49.907689],[37.675163,49.907187],[37.674323,49.906686],[37.67348,49.906186],[37.672639,49.905685],[37.672205,49.9054264620462],[37.672205,49.905426],[37.671816,49.905194],[37.67181539344262,49.905194],[37.671797,49.905183],[37.671757418803416,49.905194]]]}},{"type":"Feature","properties":{"cadnum":"6321885000:04:000:0342"},"geometry":{"type":"Polygon","coordinates":[[[37.675984,49.911265],[37.675936,49.911292],[37.675359,49.911629],[37.676433620505996,49.912269],[37.676433,49.912269],[37.676918,49.912557],[37.677526,49.91291946153846],[37.677526,49.91292],[37.678201,49.913322],[37.679486,49.914086],[37.679475,49.913911],[37.679269,49.913709],[37.678982,49.913516],[37.678842,49.913195],[37.678784,49.912932],[37.677671,49.912269],[37.67767006091371,49.912269],[37.67754408219038,49.91219379451971],[37.677486,49.912159],[37.675984,49.911265]]]}},{"type":"Feature","properties":{"cadnum":"6321885000:04:000:0261"},"geometry":{"type":"Polygon","coordinates":[[[37.68256,49.911835],[37.682226,49.911794],[37.68210036006826,49.912269],[37.6821,49.912269],[37.681858,49.913191],[37.682132,49.913246],[37.682243,49.913034],[37.68241483529412,49.91238],[37.682415,49.91238],[37.68256,49.911835]]]}},{"type":"Feature","properties":{"cadnum":"6321885000:04:000:0254"},"geometry":{"type":"Polygon","coordinates":[[[37.68254,49.910459],[37.682869,49.909209],[37.682867,49.909209],[37.682498,49.909164],[37.682168,49.910414],[37.682189,49.910417],[37.68254,49.910459]]]}},{"type":"Feature","properties":{"cadnum":"6321885000:04:000:0259"},"geometry":{"type":"Polygon","coordinates":[[[37.681888,49.911754],[37.681839,49.911748],[37.681493,49.911706],[37.68135935014837,49.912269],[37.681358,49.912269],[37.681241,49.912763],[37.681367,49.912985],[37.681539,49.913074],[37.681751,49.912269],[37.68175061182109,49.912269],[37.681888,49.911754]]]}},{"type":"Feature","properties":{"cadnum":"6321885000:04:000:0250"},"geometry":{"type":"Polygon","coordinates":[[[37.682821,49.907922],[37.682521,49.907886],[37.682286,49.908391],[37.682177,49.908842],[37.68217778238342,49.908842],[37.682112,49.909118],[37.682494,49.909164],[37.682608,49.908732],[37.68260705434783,49.908732],[37.682821,49.907922]]]}},{"type":"Feature","properties":{"cadnum":"6321885000:04:000:0338"},"geometry":{"type":"Polygon","coordinates":[[[37.677698,49.912285678787875],[37.677856,49.91238],[37.67785733936651,49.91238],[37.678784,49.912932],[37.678774,49.912884],[37.678664,49.912607],[37.678472,49.912379],[37.678397,49.912269],[37.67839687804878,49.912269],[37.67822,49.91201],[37.678115,49.911818],[37.677872,49.911502],[37.67778,49.91134],[37.677578049180354,49.91126208196722],[37.677427,49.911203],[37.677123,49.911054],[37.676797,49.910821],[37.675984,49.911265],[37.677486,49.912159],[37.677526,49.912182962264154],[37.677526,49.912183],[37.67754408219038,49.91219379451971],[37.677698,49.912286],[37.677698,49.912285678787875]]]}},{"type":"Feature","properties":{"cadnum":"6321885000:04:000:0257"},"geometry":{"type":"Polygon","coordinates":[[[37.682199,49.911791],[37.682538,49.910505],[37.682177,49.910461],[37.681839,49.911748],[37.681888,49.911754],[37.682199,49.911791]]]}},{"type":"Feature","properties":{"cadnum":"6321885000:04:000:0403"},"geometry":{"type":"Polygon","coordinates":[[[37.683191,49.9101059481268],[37.683781,49.910117],[37.683831,49.909837],[37.683158,49.909832],[37.683087,49.910104],[37.683191,49.910107],[37.683191,49.9101059481268]]]}},{"type":"Feature","properties":{"cadnum":"6321885000:04:000:0356"},"geometry":{"type":"Polygon","coordinates":[[[37.672882,49.907259],[37.674703,49.908344],[37.675355120481925,49.908732],[37.675355,49.908732],[37.675371872963645,49.9087419674264],[37.67554,49.908842],[37.67554120915033,49.908842],[37.675614,49.908885],[37.677435,49.90997],[37.677435,49.909969],[37.677526,49.909903604562736],[37.677526,49.909905],[37.677698,49.90978],[37.676806,49.909249],[37.676121893617015,49.908842],[37.676122,49.908842],[37.675913,49.908717],[37.675021,49.908186],[37.674128,49.907654],[37.673236,49.907123],[37.672343,49.906591],[37.672205,49.90650909032258],[37.672205,49.906509],[37.671451,49.906059],[37.670559,49.905527],[37.670445,49.905559],[37.670152,49.905632],[37.671973,49.906717],[37.672033,49.90675294827586],[37.672033,49.906753],[37.672049458805525,49.90676280937055],[37.672205,49.906856],[37.672205,49.90685551118963],[37.672882,49.907259]]]}},{"type":"Feature","properties":{"cadnum":"6321885000:04:000:0376"},"geometry":{"type":"Polygon","coordinates":[[[37.671839,49.905937],[37.670964,49.905415],[37.670559,49.905527],[37.671451,49.906059],[37.672033,49.90640634748011],[37.672033,49.906407],[37.672343,49.906591],[37.673236,49.907123],[37.674128,49.907654],[37.675021,49.908186],[37.675913,49.908717],[37.675938079999995,49.908732],[37.675937,49.908732],[37.676806,49.909249],[37.677526,49.90967760986547],[37.677526,49.909678],[37.677698,49.90978],[37.67789,49.909643],[37.677969,49.909588],[37.677526,49.909324],[37.677526,49.9093245664096],[37.67671570503597,49.908842],[37.676716,49.908842],[37.67359,49.906979],[37.672715,49.906458],[37.672205,49.906155140762465],[37.672205,49.906155],[37.671839,49.905937]]]}},{"type":"Feature","properties":{"cadnum":"6321885000:04:000:0253"},"geometry":{"type":"Polygon","coordinates":[[[37.682168,49.910414],[37.682498,49.909164],[37.682494,49.909164],[37.682112,49.909118],[37.681813,49.910371],[37.682168,49.910414]]]}},{"type":"Feature","properties":{"cadnum":"6321885000:04:000:0365"},"geometry":{"type":"Polygon","coordinates":[[[37.672205,49.90507036923077],[37.672205,49.90507],[37.671797,49.905183],[37.672001,49.905305],[37.6720021163793,49.905305],[37.672033,49.90532341902314],[37.672033,49.905324],[37.672639,49.905685],[37.67348,49.906186],[37.674323,49.906686],[37.675163,49.907187],[37.676006,49.907689],[37.676847,49.90819],[37.677526,49.90859401306413],[37.677526,49.908595],[37.677689,49.908691],[37.677698,49.908697],[37.677698,49.90869639285714],[37.677757423841065,49.908732],[37.677756,49.908732],[37.67853,49.909193],[37.678819,49.908989],[37.6785713307393,49.908842],[37.678573,49.908842],[37.677996,49.908499],[37.677698,49.908322102127656],[37.677698,49.908321],[37.677171,49.908008],[37.676348,49.907517],[37.675523,49.907026],[37.673876,49.906045],[37.673051,49.905554],[37.672446,49.905194],[37.67244538589212,49.905194],[37.672228,49.905064],[37.672205,49.90507036923077]]]}},{"type":"Feature","properties":{"cadnum":"6321885000:04:000:0362"},"geometry":{"type":"Polygon","coordinates":[[[37.671376,49.9053],[37.670964,49.905415],[37.671839,49.905937],[37.672033,49.906052551912566],[37.672033,49.906053],[37.672715,49.906458],[37.67359,49.906979],[37.67653142673108,49.908732],[37.676531,49.908732],[37.677698,49.909427],[37.677698,49.909426501128664],[37.677969,49.909588],[37.678247,49.909392],[37.677698,49.909065341192786],[37.677698,49.909065],[37.677388,49.90888],[37.677323810810805,49.908842],[37.677324,49.908842],[37.676529,49.908369],[37.674812,49.907346],[37.673952,49.906834],[37.672236,49.905812],[37.672205,49.905793522167485],[37.672205,49.905793],[37.671376,49.9053]]]}},{"type":"Feature","properties":{"cadnum":"6321885000:04:000:0260"},"geometry":{"type":"Polygon","coordinates":[[[37.682226,49.911794],[37.682199,49.911791],[37.681888,49.911754],[37.681721,49.91238],[37.681721767701866,49.91238],[37.681539,49.913074],[37.681705,49.91316],[37.681858,49.913191],[37.68207086550976,49.91238],[37.682071,49.91238],[37.682226,49.911794]]]}},{"type":"Feature","properties":{"cadnum":"6321885000:04:000:0213"},"geometry":{"type":"Polygon","coordinates":[[[37.68251454676259,49.912269],[37.682514,49.912269],[37.682424,49.912613],[37.683191,49.912706],[37.683191,49.912705583333334],[37.683344,49.912724],[37.68340265,49.91233725000001],[37.683445,49.912065],[37.68302,49.912014],[37.68302,49.91201430756303],[37.682596,49.911963],[37.68251454676259,49.912269]]]}},{"type":"Feature","properties":{"cadnum":"6321885000:04:000:0258"},"geometry":{"type":"Polygon","coordinates":[[[37.68256,49.911835],[37.682899,49.910548],[37.682538,49.910505],[37.682199,49.911791],[37.682226,49.911794],[37.68256,49.911835]]]}},{"type":"Feature","properties":{"cadnum":"6321885000:04:000:0211"},"geometry":{"type":"Polygon","coordinates":[[[37.683191,49.910635],[37.682947,49.91063],[37.682776,49.91128],[37.68302,49.91130998554217],[37.68302,49.911311],[37.68361,49.911381],[37.683803,49.910646],[37.683686,49.910644],[37.683191,49.91063508108108],[37.683191,49.910635]]]}},{"type":"Feature","properties":{"cadnum":"6321885000:04:000:0212"},"geometry":{"type":"Polygon","coordinates":[[[37.683191,49.91203452],[37.683445,49.912065],[37.683464,49.911938],[37.68361,49.911381],[37.683191,49.91133128813559],[37.683191,49.911331],[37.682776,49.91128],[37.682596,49.911963],[37.683191,49.912035],[37.683191,49.91203452]]]}},{"type":"Feature","properties":{"cadnum":"6321885000:04:000:0032"},"geometry":{"type":"Polygon","coordinates":[[[37.65961363636364,49.919343],[37.659613,49.919343],[37.658515,49.922991],[37.65851535560859,49.922991],[37.658422,49.923299],[37.659355,49.923501],[37.66001,49.923526],[37.660205,49.92288],[37.660204504608295,49.92288],[37.661219,49.919519],[37.661219,49.91951742307691],[37.661255,49.919398],[37.661146478260775,49.91937921739129],[37.660941,49.919343],[37.66093761567163,49.919343],[37.65968,49.919124],[37.65961363636364,49.919343]]]}},{"type":"Feature","properties":{"cadnum":"6321885000:04:000:0031"},"geometry":{"type":"Polygon","coordinates":[[[37.65968,49.919124],[37.658113,49.918851],[37.65793,49.919454],[37.65793052960526,49.919454],[37.656864,49.922991],[37.65686403731343,49.922991],[37.656857,49.923014],[37.656963,49.923045],[37.657886,49.923182],[37.658422,49.923299],[37.658549,49.92288],[37.65854840953948,49.92288],[37.659579590460524,49.919454],[37.65958,49.919454],[37.65968,49.919124]]]}},{"type":"Feature","properties":{"cadnum":"6321885000:04:000:0030"},"geometry":{"type":"Polygon","coordinates":[[[37.656507,49.918571],[37.65624,49.919454],[37.65624064440735,49.919454],[37.655725,49.92116995000002],[37.655725,49.921168],[37.655307,49.922557],[37.655554,49.92263027272727],[37.655554,49.922631],[37.656777,49.922991],[37.656779074626876,49.922991],[37.656857,49.923014],[37.656898,49.92288],[37.65689747039474,49.92288],[37.657964,49.919343],[37.657963686567165,49.919343],[37.658113,49.918851],[37.656507,49.918571]]]}},{"type":"Feature","properties":{"cadnum":"6321885000:04:000:0039"},"geometry":{"type":"Polygon","coordinates":[[[37.654673,49.918769],[37.654466,49.919454],[37.65446638485804,49.919454],[37.654404,49.91966],[37.654092,49.920694],[37.653675,49.922077],[37.655307,49.922557],[37.655554,49.92173622727272],[37.655554,49.921739],[37.656274,49.919343],[37.65627356398641,49.919343],[37.656507,49.918571],[37.655554,49.918406],[37.655554,49.91840614585635],[37.65482,49.918278],[37.654673,49.918769]]]}},{"type":"Feature","properties":{"cadnum":"6321885000:04:000:0334"},"geometry":{"type":"Polygon","coordinates":[[[37.660494,49.917368],[37.656605,49.918542],[37.661047,49.91931506588643],[37.661047,49.919316],[37.661314,49.919362],[37.661591,49.918698],[37.661331,49.9184],[37.661113,49.91815],[37.660494,49.917368]]]}},{"type":"Feature","properties":{"cadnum":"6321885000:04:000:0041"},"geometry":{"type":"Polygon","coordinates":[[[37.660626,49.917318],[37.661047,49.91784904215852],[37.661047,49.91785],[37.661248,49.918103],[37.661648,49.918562],[37.662006,49.917705],[37.66225,49.917439],[37.66107446170697,49.91735203166411],[37.660626,49.917318]]]}},{"type":"Feature","properties":{"cadnum":"6321885000:04:000:0028"},"geometry":{"type":"Polygon","coordinates":[[[37.660383,49.915741],[37.659478,49.915192],[37.65802218482758,49.915806],[37.65802,49.915806],[37.655725,49.91677574452555],[37.655725,49.916775],[37.653016,49.917918],[37.653117,49.917935],[37.655725,49.917148],[37.655725,49.917147349455476],[37.658676,49.916256],[37.65979771333334,49.915917],[37.6598,49.915917],[37.660383,49.915741]]]}},{"type":"Feature","properties":{"cadnum":"6321885000:04:000:0044"},"geometry":{"type":"Polygon","coordinates":[[[37.663781,49.915426],[37.664554,49.914905],[37.664581,49.914831],[37.664421,49.914777],[37.664256,49.914681],[37.661219,49.91559900872546],[37.661219,49.915599],[37.66053160377357,49.915806],[37.660529,49.915806],[37.659643,49.916074],[37.660626,49.917318],[37.661047,49.917349947723444],[37.661047,49.91735],[37.66107446170697,49.91735203166411],[37.661219,49.917363],[37.661219,49.91736272485453],[37.66225,49.917439],[37.664394,49.916502],[37.6644,49.916401],[37.663823,49.915963],[37.663731,49.915806],[37.66373031654676,49.915806],[37.663633,49.915639],[37.663781,49.915426]]]}},{"type":"Feature","properties":{"cadnum":"6321885000:04:000:0043"},"geometry":{"type":"Polygon","coordinates":[[[37.660494,49.917368],[37.660308,49.917134],[37.659503,49.916116],[37.655725,49.91725734059256],[37.655725,49.917257],[37.653346,49.917975],[37.655554,49.918359242118534],[37.655554,49.91836],[37.656605,49.918542],[37.660494,49.917368]]]}},{"type":"Feature","properties":{"cadnum":"6321885000:04:000:0051"},"geometry":{"type":"Polygon","coordinates":[[[37.659038,49.914924],[37.658204,49.914416],[37.65721,49.914835],[37.657194,49.914979],[37.656886,49.915167],[37.655725,49.915529594594595],[37.655725,49.915529],[37.655117,49.915719],[37.65491048484848,49.915806],[37.654909,49.915806],[37.650814,49.917534],[37.653016,49.917918],[37.655554,49.91684714950166],[37.655554,49.916848],[37.65775730710173,49.915917],[37.657759,49.915917],[37.659478,49.915192],[37.659038,49.914924]]]}},{"type":"Feature","properties":{"cadnum":"6321885000:03:000:0144"},"geometry":{"type":"Polygon","coordinates":[[[37.621086,49.9363],[37.621106,49.935258],[37.621409,49.934115],[37.617102,49.93651],[37.617102,49.93651007692307],[37.616532,49.936827],[37.617102,49.93704392307693],[37.617102,49.937044],[37.61734,49.937135],[37.61734073153153,49.937135],[37.618558,49.937599],[37.62046,49.937719],[37.621199,49.937441],[37.62116423382048,49.93709664926955],[37.621086,49.9363]]]}},{"type":"Feature","properties":{"cadnum":"6321885000:03:000:0290"},"geometry":{"type":"Polygon","coordinates":[[[37.616603,49.940091],[37.617102,49.940142389552236],[37.617102,49.940143],[37.618272,49.940262],[37.619656,49.940397],[37.62020172161172,49.94056],[37.620201,49.94056],[37.620798,49.940739],[37.62085,49.941272],[37.622109,49.941734],[37.622766,49.942359],[37.622766,49.94235749771689],[37.624566,49.944068],[37.62457656521739,49.944095],[37.624576,49.944095],[37.6245975343512,49.944148587786415],[37.62462,49.944206],[37.624620605555556,49.944206],[37.624793,49.944635],[37.62547,49.944174],[37.625213,49.943811],[37.623699,49.942566],[37.62264577393075,49.94067],[37.622646,49.94067],[37.622647,49.94067],[37.622608,49.940602],[37.622779,49.94056],[37.62277777351247,49.94056],[37.624714,49.940081],[37.624653,49.939541],[37.623846,49.939561],[37.62357,49.939097],[37.622946,49.9392],[37.622766,49.93945128205128],[37.622766,49.939451],[37.62196964867181,49.94056],[37.621969,49.94056],[37.621928,49.940618],[37.621818,49.94067],[37.621819910112364,49.94067],[37.621558,49.940796],[37.621097,49.94083],[37.62058440740741,49.94067],[37.620586,49.94067],[37.619642,49.940375],[37.618105,49.940041],[37.61723573333146,49.93997513333319],[37.617013,49.939958],[37.616306,49.939923],[37.615445,49.939793],[37.61493,49.93968],[37.614563,49.939456],[37.614157,49.938985],[37.613918,49.939147],[37.614787,49.940039],[37.613516,49.94067],[37.61351744162437,49.94067],[37.613343,49.940757],[37.61349,49.940928],[37.614394,49.94056],[37.61439386021505,49.94056],[37.615039,49.940298],[37.615559,49.940184],[37.616603,49.940091]]]}},{"type":"Feature","properties":{"cadnum":"6321885000:03:000:0241"},"geometry":{"type":"Polygon","coordinates":[[[37.620385,49.94063],[37.619595,49.940417],[37.618258,49.940285],[37.61825212811388,49.94056],[37.618252,49.94056],[37.618252,49.940566],[37.61825,49.94067],[37.61825064052288,49.94067],[37.61825,49.940719],[37.620752,49.941066],[37.620716,49.940737],[37.62050873831775,49.94067],[37.620509,49.94067],[37.620385,49.94063]]]}},{"type":"Feature","properties":{"cadnum":"6321885000:03:000:0252"},"geometry":{"type":"Polygon","coordinates":[[[37.61682,49.940538],[37.6168195,49.94056],[37.616819,49.94056],[37.616817939759045,49.940628650601994],[37.616817,49.94067],[37.6168173011583,49.94067],[37.616815,49.940819],[37.617102,49.94082463973799],[37.617102,49.940825],[37.618247,49.940848],[37.61825,49.940719],[37.618252,49.940566],[37.617948,49.94056],[37.61793836363638,49.94056],[37.617273,49.94054727130435],[37.617273,49.940547],[37.61682,49.940538]]]}},{"type":"Feature","properties":{"cadnum":"6321885000:03:000:0236"},"geometry":{"type":"Polygon","coordinates":[[[37.616587,49.940121],[37.615845,49.940187],[37.615838,49.940518],[37.617102,49.94054354425087],[37.617102,49.940544],[37.618252,49.940566],[37.618258,49.940285],[37.617102,49.940172],[37.617102,49.94017280029155],[37.616587,49.940121]]]}},{"type":"Feature","properties":{"cadnum":"6321885000:03:000:0289"},"geometry":{"type":"Polygon","coordinates":[[[37.616571,49.93701],[37.61658996,49.937025],[37.616588,49.937025],[37.616898,49.937267],[37.617238,49.937559],[37.617324,49.937987],[37.617265,49.938114],[37.616976,49.938326],[37.616664,49.938487],[37.616344,49.938484],[37.61603,49.938451],[37.615694,49.938382],[37.615412,49.938297],[37.615267,49.938172],[37.615313,49.937859],[37.61553,49.937519],[37.615685,49.937206],[37.61564264204545,49.937135],[37.615643,49.937135],[37.61558,49.93703],[37.615433,49.937018],[37.61539,49.937135],[37.61539122140221,49.937135],[37.615333,49.937296],[37.614999,49.937517],[37.613926,49.937798],[37.613927,49.938236],[37.614157,49.938985],[37.614563,49.939456],[37.61493,49.93968],[37.615445,49.939793],[37.616306,49.939923],[37.617013,49.939958],[37.617102,49.93996484615385],[37.617102,49.939965],[37.61723573333146,49.93997513333319],[37.617273,49.939978],[37.617273,49.93997795712861],[37.618105,49.940041],[37.619642,49.940375],[37.620233999999996,49.94056],[37.620232,49.94056],[37.621097,49.94083],[37.621558,49.940796],[37.621928,49.940618],[37.621384,49.940207],[37.620865,49.939677],[37.620582,49.938885],[37.620422,49.937744],[37.618545,49.937625],[37.617273,49.937139295218294],[37.617273,49.937139],[37.617262508771915,49.937135],[37.617263,49.937135],[37.616774,49.936948],[37.616571,49.93701]]]}},{"type":"Feature","properties":{"cadnum":"6321885000:03:000:0188"},"geometry":{"type":"Polygon","coordinates":[[[37.628628,49.940502],[37.62855791666667,49.94056],[37.628557,49.94056],[37.628273,49.940796],[37.629385,49.941354],[37.629794,49.941046],[37.628987843621395,49.94067],[37.628988,49.94067],[37.628628,49.940502]]]}},{"type":"Feature","properties":{"cadnum":"6321885000:03:000:0185"},"geometry":{"type":"Polygon","coordinates":[[[37.62791,49.941096],[37.627523,49.941415],[37.628088,49.94171934871099],[37.628088,49.94172],[37.628563,49.941975],[37.628969,49.941668],[37.62818846491218,49.94124716666661],[37.62791,49.941096]]]}},{"type":"Feature","properties":{"cadnum":"6321885000:03:000:0184"},"geometry":{"type":"Polygon","coordinates":[[[37.62826,49.942205],[37.62826,49.94220390393013],[37.628563,49.941975],[37.62826,49.941812336842105],[37.62826,49.941812],[37.627523,49.941415],[37.627273,49.941622],[37.627257,49.941636],[37.627839,49.94225],[37.628088,49.94231646240601],[37.628088,49.942317],[37.628105,49.942321],[37.62826,49.942205]]]}},{"type":"Feature","properties":{"cadnum":"6321885000:03:000:0187"},"geometry":{"type":"Polygon","coordinates":[[[37.62826,49.941285735527806],[37.628969,49.941668],[37.629385,49.941354],[37.628273,49.940796],[37.628088,49.940949],[37.628088,49.94094902285715],[37.62791,49.941096],[37.628088,49.94119262857143],[37.628088,49.941193],[37.62818846491218,49.94124716666661],[37.62826,49.941286],[37.62826,49.941285735527806]]]}},{"type":"Feature","properties":{"cadnum":"6321885000:03:000:0189"},"geometry":{"type":"Polygon","coordinates":[[[37.628977,49.940214],[37.628628,49.940502],[37.62875228571428,49.94056],[37.628752,49.94056],[37.629794,49.941046],[37.630195,49.940742],[37.630028450549446,49.94067],[37.630029,49.94067],[37.628977,49.940214]]]}},{"type":"Feature","properties":{"cadnum":"6321885000:03:000:0190"},"geometry":{"type":"Polygon","coordinates":[[[37.630592,49.940443],[37.629318,49.939932],[37.628977,49.940214],[37.62977522807018,49.94056],[37.629774,49.94056],[37.630195,49.940742],[37.63036725225233,49.94061137537532],[37.630592,49.940443]]]}},{"type":"Feature","properties":{"cadnum":"6321885000:01:000:0621"},"geometry":{"type":"Polygon","coordinates":[[[37.578641,49.985465],[37.578664,49.98574],[37.578675,49.98588],[37.578659,49.986285],[37.57864,49.98636],[37.57857732388664,49.986497],[37.578577,49.986497],[37.578566438543334,49.98652079362651],[37.578527,49.986607],[37.578528173469394,49.986607],[37.57849,49.986693],[37.578144,49.986964],[37.57865,49.98706639586411],[37.57865,49.987067],[37.579197,49.987177],[37.579527,49.986633],[37.579528,49.986625],[37.5795580000001,49.98650499999962],[37.579584,49.986403],[37.57865,49.985441],[37.57865,49.98544214204546],[37.578645,49.985437],[37.578641,49.985465]]]}},{"type":"Feature","properties":{"cadnum":"6321885000:04:000:0020"},"geometry":{"type":"Polygon","coordinates":[[[37.653675,49.922077],[37.654092,49.920694],[37.650232,49.92197045249318],[37.650232,49.92197],[37.647525,49.922865],[37.64754678571428,49.92288],[37.647546,49.92288],[37.64762445652154,49.92293347826073],[37.647708,49.922991],[37.647708845121954,49.922991],[37.648749,49.9237],[37.649864,49.923288],[37.650232,49.923154],[37.650232,49.92315368329717],[37.650678410714264,49.922991],[37.650679,49.922991],[37.653408,49.921999],[37.653675,49.922077]]]}},{"type":"Feature","properties":{"cadnum":"6321885000:03:000:0104"},"geometry":{"type":"Polygon","coordinates":[[[37.605272,49.947367],[37.604621,49.94641],[37.602749,49.946807],[37.602756,49.946819],[37.603306352877304,49.94763],[37.603306,49.94763],[37.603398,49.947765],[37.604031,49.94763],[37.604030329758736,49.94763],[37.605272,49.947367]]]}},{"type":"Feature","properties":{"cadnum":"6321885000:03:000:0198"},"geometry":{"type":"Polygon","coordinates":[[[37.605111,49.944074],[37.60485838550027,49.94412778244188],[37.603084,49.944504],[37.602981,49.94471],[37.605107,49.944258],[37.605109437500005,49.944125562499764],[37.605111,49.944074]]]}},{"type":"Feature","properties":{"cadnum":"6321885000:03:000:0194"},"geometry":{"type":"Polygon","coordinates":[[[37.601041,49.944034],[37.601776,49.943356],[37.601506,49.94321],[37.600622,49.943802],[37.600622,49.94380200145985],[37.600183781659396,49.944095],[37.600182,49.944095],[37.600109,49.944145],[37.600551,49.944181],[37.600622,49.944170189300415],[37.600622,49.944171],[37.600779599999335,49.9441461925927],[37.600794,49.944144],[37.600794,49.94414392592592],[37.600838,49.944137],[37.601041,49.944034]]]}},{"type":"Feature","properties":{"cadnum":"6321885000:03:000:0203"},"geometry":{"type":"Polygon","coordinates":[[[37.606924,49.943872],[37.606929,49.943567],[37.606115,49.94374],[37.606115,49.9437404493617],[37.605112,49.943953],[37.605111,49.944074],[37.60511036363636,49.944095],[37.60511,49.944095],[37.605109437500005,49.944125562499764],[37.605107,49.944206],[37.60510795705521,49.944206],[37.605107,49.944258],[37.605351687116546,49.944206],[37.605354,49.944206],[37.606287,49.944008],[37.606287,49.944007431396784],[37.606924,49.943872]]]}},{"type":"Feature","properties":{"cadnum":"6321885000:03:000:0199"},"geometry":{"type":"Polygon","coordinates":[[[37.60485838550027,49.94412778244188],[37.605013,49.944095],[37.605012363636384,49.944095],[37.605111,49.944074],[37.605112,49.943953],[37.605116,49.94379],[37.603677813602026,49.944095],[37.603675,49.944095],[37.603244,49.944187],[37.603233,49.944206],[37.603234410094636,49.944206],[37.603084,49.944504],[37.60448948166258,49.944206],[37.604491,49.944206],[37.60485838550027,49.94412778244188]]]}},{"type":"Feature","properties":{"cadnum":"6321885000:03:000:0106"},"geometry":{"type":"Polygon","coordinates":[[[37.610638,49.944992],[37.610211,49.944207],[37.606115,49.945076],[37.606115,49.94507643055555],[37.602543,49.945833],[37.602521,49.946017],[37.602694,49.946676],[37.606287,49.945915],[37.606287,49.945914531284544],[37.610638,49.944992]]]}},{"type":"Feature","properties":{"cadnum":"6321885000:03:000:0103"},"geometry":{"type":"Polygon","coordinates":[[[37.611332,49.946082],[37.606115,49.947188],[37.606115,49.94718843349754],[37.605272,49.947367],[37.603511,49.94774],[37.60351522222219,49.94774],[37.603398,49.947765],[37.603903,49.948504],[37.606115,49.948035434563764],[37.606115,49.948036],[37.608025,49.94763],[37.608024268292716,49.94763],[37.611609,49.94687062282762],[37.611609,49.946871],[37.611763,49.946838],[37.611332,49.946082]]]}},{"type":"Feature","properties":{"cadnum":"6321885000:03:000:0107"},"geometry":{"type":"Polygon","coordinates":[[[37.609708,49.943281],[37.606115,49.944044],[37.606115,49.94404450160771],[37.60587704545455,49.944095],[37.605874,49.944095],[37.602981,49.94471],[37.602913,49.944847],[37.602665,49.94547],[37.602556,49.94571],[37.602543,49.945833],[37.606287,49.94504],[37.606287,49.945039508789066],[37.610211,49.944207],[37.610178,49.944145],[37.609708,49.943281]]]}},{"type":"Feature","properties":{"cadnum":"6321885000:03:000:0095"},"geometry":{"type":"Polygon","coordinates":[[[37.60272,49.946877],[37.602083,49.947186],[37.601648,49.947446],[37.600987,49.94774],[37.60098890510948,49.94774],[37.600622,49.947904],[37.600622,49.94790408579088],[37.600421,49.947993],[37.598843,49.94859],[37.597547,49.948975],[37.596168,49.949176],[37.595129,49.949227],[37.595129,49.9492284148728],[37.594279,49.94927],[37.593774,49.949182],[37.594863,49.950277],[37.595301,49.950129],[37.595301,49.95012879629303],[37.600794,49.94827],[37.600794,49.948269805138146],[37.602685,49.94763],[37.602684192307706,49.94763],[37.603129,49.94748],[37.60272,49.946877]]]}},{"type":"Feature","properties":{"cadnum":"6321885000:03:000:0096"},"geometry":{"type":"Polygon","coordinates":[[[37.602358,49.94774],[37.602359885386804,49.94774],[37.600622,49.948328],[37.600622,49.94832820370697],[37.595129,49.950187],[37.595129,49.95018711872146],[37.594863,49.950277],[37.5953001782364,49.95071517636023],[37.595472,49.950888],[37.600794,49.949088],[37.600794,49.949086814126396],[37.603581,49.948144],[37.60330590272374,49.94774],[37.603306,49.94774],[37.603129,49.94748],[37.602358,49.94774]]]}},{"type":"Feature","properties":{"cadnum":"6321885000:03:000:0105"},"geometry":{"type":"Polygon","coordinates":[[[37.611332,49.946082],[37.611307,49.946035],[37.610792,49.945132],[37.610516,49.94516],[37.606115,49.946093],[37.606115,49.94609344417768],[37.604621,49.94641],[37.605272,49.947367],[37.606287,49.947152],[37.606287,49.94715153613188],[37.611332,49.946082]]]}},{"type":"Feature","properties":{"cadnum":"6321885000:03:000:0200"},"geometry":{"type":"Polygon","coordinates":[[[37.605116,49.94379],[37.605118,49.943646],[37.605122,49.943478],[37.603422,49.943839],[37.603406,49.943862],[37.603244,49.944187],[37.605116,49.94379]]]}},{"type":"Feature","properties":{"cadnum":"6321885000:03:000:0076"},"geometry":{"type":"Polygon","coordinates":[[[37.60276,49.942115],[37.601274,49.941906],[37.600622,49.941786],[37.600622,49.94178601477832],[37.599982,49.941667],[37.596938282314326,49.944095],[37.596938,49.944095],[37.596927,49.944104],[37.59719,49.944206],[37.597191578680196,49.944206],[37.597438,49.944301],[37.598755,49.944379],[37.5991,49.944439],[37.599423,49.944375],[37.59959042790697,49.944206],[37.599591,49.944206],[37.599636,49.94416],[37.599767,49.944117],[37.600794,49.943431],[37.600794,49.943429957904584],[37.60276,49.942115]]]}},{"type":"Feature","properties":{"cadnum":"6321885000:04:000:0383"},"geometry":{"type":"Polygon","coordinates":[[[37.659605,49.908593],[37.65988223308248,49.90875775187956],[37.661219,49.909554],[37.661219,49.909553445141064],[37.661366,49.909641],[37.664888,49.91174],[37.665962,49.91238],[37.665962710982654,49.91238],[37.66654,49.912723199312715],[37.66654,49.912724],[37.666649,49.912788],[37.666712,49.912772],[37.666712,49.91277130120482],[37.666815,49.912744],[37.66709,49.912697],[37.66654,49.912369],[37.66654,49.91236926978998],[37.66532,49.911642],[37.663551,49.910589],[37.661781,49.909534],[37.661047,49.909097],[37.661047,49.90909745732484],[37.66061850854701,49.908842],[37.660619,49.908842],[37.660012,49.90848],[37.659605,49.908593]]]}},{"type":"Feature","properties":{"cadnum":"6321885000:04:000:0049"},"geometry":{"type":"Polygon","coordinates":[[[37.65962,49.910019],[37.65798,49.909043],[37.657138,49.909242],[37.655554,49.909911],[37.655554,49.90991113909559],[37.653978,49.910576],[37.652673,49.911054],[37.653505,49.911558],[37.654516,49.912173],[37.655725,49.911663],[37.655725,49.9116628317757],[37.65962,49.910019]]]}},{"type":"Feature","properties":{"cadnum":"6321885000:04:000:0366"},"geometry":{"type":"Polygon","coordinates":[[[37.660155,49.909986],[37.658384,49.90893],[37.65798,49.909043],[37.65962,49.910019],[37.661047,49.91086948843027],[37.661047,49.91087],[37.661315,49.911029],[37.662773,49.911898],[37.66358,49.91238],[37.66358123849372,49.91238],[37.664197,49.912747],[37.665104,49.913287],[37.665467,49.913151],[37.663988,49.912269],[37.66398695774648,49.912269],[37.663697,49.912096],[37.661925,49.911041],[37.661047,49.910518],[37.661047,49.91051834962406],[37.660155,49.909986]]]}},{"type":"Feature","properties":{"cadnum":"6321885000:04:000:0369"},"geometry":{"type":"Polygon","coordinates":[[[37.660816,49.908257],[37.660415,49.908368],[37.6610262742616,49.908732],[37.661024,49.908732],[37.66115163636351,49.9088072727272],[37.662198,49.90943],[37.663981,49.910492],[37.666712,49.91212],[37.666712,49.912119690789474],[37.667148,49.91238],[37.66714949279539,49.91238],[37.667546,49.912616],[37.668001,49.912537],[37.66755,49.912269],[37.667549544943824,49.912269],[37.666712,49.911770394648826],[37.666712,49.91177],[37.666204,49.911467],[37.66179764716637,49.908842],[37.661798,49.908842],[37.661219,49.90849737549934],[37.661219,49.908497],[37.660816,49.908257]]]}},{"type":"Feature","properties":{"cadnum":"6321885000:04:000:0368"},"geometry":{"type":"Polygon","coordinates":[[[37.661219,49.91062045558087],[37.661925,49.911041],[37.663697,49.912096],[37.664173,49.91238],[37.66417413265306,49.91238],[37.665467,49.913151],[37.665833,49.913015],[37.664582,49.912269],[37.664581375903616,49.912269],[37.664073,49.911965],[37.662312,49.910917],[37.661219,49.910266384189725],[37.661219,49.910266],[37.65879,49.908818],[37.658384,49.90893],[37.660155,49.909986],[37.661219,49.910621],[37.661219,49.91062045558087]]]}},{"type":"Feature","properties":{"cadnum":"6321885000:04:000:0048"},"geometry":{"type":"Polygon","coordinates":[[[37.661219,49.91107],[37.661219,49.911069835820896],[37.661315,49.911029],[37.661219,49.91097204477612],[37.661219,49.910972],[37.65962,49.910019],[37.655554,49.911735],[37.655554,49.91173513399503],[37.654516,49.912173],[37.654854,49.91238],[37.654855374722835,49.91238],[37.655414,49.91272],[37.655554,49.91280553054663],[37.655554,49.912806],[37.65567094710403,49.912876977330434],[37.655725,49.91291],[37.655725,49.91290978301887],[37.65619,49.913192],[37.6582136664607,49.912337542477935],[37.661047,49.911142543464265],[37.661047,49.911143],[37.6611735059917,49.9110891877498],[37.661219,49.91107]]]}},{"type":"Feature","properties":{"cadnum":"6321885000:04:000:0353"},"geometry":{"type":"Polygon","coordinates":[[[37.659839,49.908732],[37.65983889959839,49.908732],[37.659605,49.908593],[37.659198,49.908706],[37.6592415882353,49.908732],[37.659241,49.908732],[37.660957,49.909753],[37.661047,49.909806931297716],[37.661047,49.909807],[37.661067039999345,49.90981893999961],[37.661219,49.90991],[37.661219,49.909909479041914],[37.662717,49.910802],[37.664476,49.911849],[37.665365,49.91238],[37.66536635294117,49.91238],[37.666236,49.912898],[37.66654,49.912817031477],[37.66654,49.912818],[37.666649,49.912788],[37.665776,49.912269],[37.665775728125006,49.912269],[37.664888,49.91174],[37.661366,49.909641],[37.661047,49.909451],[37.661047,49.90945154782609],[37.66002367153285,49.908842],[37.660024,49.908842],[37.65988223308248,49.90875775187956],[37.659839,49.908732]]]}},{"type":"Feature","properties":{"cadnum":"6321885000:04:000:0377"},"geometry":{"type":"Polygon","coordinates":[[[37.65910328571429,49.908732],[37.659102,49.908732],[37.65879,49.908818],[37.65883,49.908842],[37.65883025966852,49.908842],[37.661047,49.91016346562371],[37.661047,49.910164],[37.662312,49.910917],[37.664073,49.911965],[37.664767,49.91238],[37.66476814075067,49.91238],[37.665833,49.913015],[37.66593,49.912978],[37.666236,49.912898],[37.66518,49.912269],[37.66517916384181,49.912269],[37.664476,49.911849],[37.662717,49.910802],[37.661067039999345,49.90981893999961],[37.660957,49.909753],[37.65942587757101,49.908842],[37.659426,49.908842],[37.659198,49.908706],[37.65910328571429,49.908732]]]}},{"type":"Feature","properties":{"cadnum":"6321885000:04:000:0363"},"geometry":{"type":"Polygon","coordinates":[[[37.660012,49.90848],[37.66043455248619,49.908732],[37.660434,49.908732],[37.661219,49.9092],[37.661219,49.90919940326976],[37.661781,49.909534],[37.663551,49.910589],[37.66532,49.911642],[37.666371796747974,49.912269],[37.666371,49.912269],[37.666712,49.912472],[37.666712,49.91247157454545],[37.66709,49.912697],[37.667546,49.912616],[37.666963,49.912269],[37.66696208264463,49.912269],[37.66654,49.912017],[37.66654,49.91201746759429],[37.663981,49.910492],[37.662198,49.90943],[37.661219,49.90884736316247],[37.661219,49.908847],[37.66121052173913,49.908842],[37.661211,49.908842],[37.660415,49.908368],[37.660012,49.90848]]]}},{"type":"Feature","properties":{"cadnum":"6321885000:04:000:0262"},"geometry":{"type":"Polygon","coordinates":[[[37.657138,49.909242],[37.65671,49.908917],[37.655903,49.909364],[37.655725,49.90947620630373],[37.655725,49.909476],[37.655532,49.909597],[37.655554,49.90961387046632],[37.655554,49.909614],[37.655567127614844,49.90962393723833],[37.655725,49.909745],[37.655725,49.909743442231076],[37.655805,49.909804],[37.657138,49.909242]]]}},{"type":"Feature","properties":{"cadnum":"6321885000:04:000:0052"},"geometry":{"type":"Polygon","coordinates":[[[37.661315,49.911029],[37.6611735059917,49.9110891877498],[37.658376180152665,49.912269],[37.658376,49.912269],[37.6582136664608,49.91233754247789],[37.658113,49.91238],[37.65811311159264,49.91238],[37.65619,49.913192],[37.656682,49.913491],[37.65763,49.914068],[37.661047,49.91262655725829],[37.661047,49.912627],[37.661630600316464,49.912379746848174],[37.662773,49.911898],[37.661315,49.911029]]]}},{"type":"Feature","properties":{"cadnum":"6321885000:02:000:0127"},"geometry":{"type":"Polygon","coordinates":[[[37.630106,49.901392],[37.630302,49.901302],[37.630645,49.901164],[37.63067,49.901154],[37.631154,49.90096],[37.628512,49.900429],[37.628088,49.90102],[37.628088,49.901020536723166],[37.62763170385396,49.901656],[37.627631,49.901656],[37.626908,49.902663],[37.627729,49.902828],[37.628017,49.902538],[37.628063,49.902506],[37.628088,49.90248848730965],[37.628088,49.902489],[37.62821497142854,49.90239954285717],[37.62826,49.902368],[37.62826,49.90236781818182],[37.628528,49.902179],[37.628765,49.902013],[37.629048,49.901881],[37.62929525333334,49.901767],[37.629296,49.901767],[37.629565,49.901643],[37.630106,49.901392]],[[37.630629,49.901102],[37.63066,49.901143],[37.630636,49.901151],[37.630605,49.90111],[37.630629,49.901102]],[[37.630051,49.901324],[37.630063,49.90134],[37.630039,49.901348],[37.630026,49.901332],[37.630051,49.901324]],[[37.629488,49.90157],[37.629504,49.901586],[37.62948,49.901595],[37.629465,49.90158],[37.629488,49.90157]],[[37.629441,49.901522],[37.629455,49.901538],[37.629429,49.901546],[37.629417,49.90153],[37.629441,49.901522]],[[37.628929,49.901842],[37.628948,49.90183],[37.628991,49.901837],[37.629009,49.90185],[37.628989,49.901862],[37.628948,49.901855],[37.628929,49.901842]],[[37.628461,49.902137],[37.62848,49.90215],[37.628459,49.902162],[37.628441,49.90215],[37.628461,49.902137]],[[37.627973,49.902445],[37.628022,49.90248],[37.628002,49.902492],[37.627953,49.902458],[37.627973,49.902445]]]}},{"type":"Feature","properties":{"cadnum":"6321885000:04:000:0420"},"geometry":{"type":"Polygon","coordinates":[[[37.632397,49.901454],[37.63210529392971,49.901656],[37.632105,49.901656],[37.63202592186096,49.9017109634016],[37.631945,49.901767],[37.63194529966888,49.901767],[37.631236,49.90226],[37.63254,49.902873],[37.633085,49.903156],[37.633753,49.902703],[37.633753,49.90270198787879],[37.634241,49.90237],[37.633753,49.902128218181815],[37.633753,49.902128],[37.632803,49.901656],[37.632802936102244,49.901656],[37.632397,49.901454]]]}},{"type":"Feature","properties":{"cadnum":"6321885000:04:000:0419"},"geometry":{"type":"Polygon","coordinates":[[[37.628575,49.904271],[37.628533,49.904144],[37.628088,49.904119],[37.628088,49.90411938082556],[37.627509,49.904087],[37.62662012807881,49.905194],[37.626619,49.905194],[37.62586,49.906142],[37.626551,49.906327],[37.626884,49.905952],[37.627181,49.906048],[37.627851,49.905194],[37.627850427892234,49.905194],[37.62826,49.904674],[37.62826,49.90467267351129],[37.628575,49.904271]]]}},{"type":"Feature","properties":{"cadnum":"6321885000:04:000:0416"},"geometry":{"type":"Polygon","coordinates":[[[37.632641,49.90084],[37.6322,49.900775],[37.630195547379024,49.901656],[37.630194,49.901656],[37.629166,49.902108],[37.62906,49.902146],[37.631531,49.90337],[37.631962,49.903174],[37.630371,49.902372],[37.631431,49.901656],[37.63143064401294,49.901656],[37.632641,49.90084]]]}},{"type":"Feature","properties":{"cadnum":"6321885000:04:000:0415"},"geometry":{"type":"Polygon","coordinates":[[[37.628777,49.903614],[37.629904,49.90278],[37.631316,49.903466],[37.631531,49.90337],[37.62906,49.902146],[37.628942,49.902188],[37.628673,49.90237],[37.628088,49.902882],[37.628088,49.90288238420108],[37.627703,49.903219],[37.628061,49.903402],[37.628014,49.903485],[37.627623,49.903991],[37.62826,49.904038],[37.62826,49.90403796482412],[37.628486,49.904055],[37.628777,49.903614]]]}},{"type":"Feature","properties":{"cadnum":"6321885000:04:000:0417"},"geometry":{"type":"Polygon","coordinates":[[[37.633085,49.903156],[37.633581,49.90341439520958],[37.633581,49.903415],[37.634855,49.904075],[37.636062,49.903274],[37.634241,49.90237],[37.633581,49.902819],[37.633581,49.90281964071856],[37.633085,49.903156]]]}},{"type":"Feature","properties":{"cadnum":"6321885000:03:000:0021"},"geometry":{"type":"Polygon","coordinates":[[[37.586003,49.949485],[37.585536,49.950661],[37.58610813029316,49.951165],[37.586107,49.951165],[37.589419,49.954079],[37.589636,49.953965758354755],[37.589636,49.953966],[37.589735814433205,49.953913670102985],[37.589808,49.953876],[37.589808,49.95387582524272],[37.590151,49.953696],[37.590549,49.953488],[37.589808,49.95283546549835],[37.589808,49.952835],[37.588035017964074,49.951275],[37.588036,49.951275],[37.586003,49.949485]]]}},{"type":"Feature","properties":{"cadnum":"6321885000:03:000:0026"},"geometry":{"type":"Polygon","coordinates":[[[37.590546,49.949788],[37.5897360000001,49.95021258241753],[37.588898,49.95065],[37.589606,49.951275],[37.58960694773519,49.951275],[37.589808,49.951452],[37.589808,49.951451519494206],[37.591534,49.952972],[37.592644,49.95239],[37.593341,49.952026],[37.592487075493615,49.951275],[37.592488,49.951275],[37.590705,49.949705],[37.590546,49.949788]]]}},{"type":"Feature","properties":{"cadnum":"6321885000:03:000:0022"},"geometry":{"type":"Polygon","coordinates":[[[37.588898,49.95065],[37.588857,49.950614],[37.586409,49.94846],[37.586003,49.949485],[37.58791106703911,49.951165],[37.58791,49.951165],[37.589636,49.95268366174921],[37.589636,49.952684],[37.590549,49.953488],[37.591411,49.953035],[37.591534,49.952972],[37.589636,49.9513],[37.589636,49.951300576687125],[37.589482,49.951165],[37.589481392,49.951165],[37.588898,49.95065]]]}},{"type":"Feature","properties":{"cadnum":"6321885000:03:000:0033"},"geometry":{"type":"Polygon","coordinates":[[[37.591452,49.953072],[37.590192,49.953732],[37.59128986466941,49.954699],[37.591289,49.954699],[37.591291,49.9547],[37.591414,49.95481],[37.59141601551189,49.95481],[37.59239,49.955667],[37.59349,49.956635],[37.59393,49.957023],[37.595129,49.956500221726195],[37.595129,49.956501],[37.595274,49.956437],[37.5933,49.954699],[37.5932980552359,49.954699],[37.591452,49.953072]]]}},{"type":"Feature","properties":{"cadnum":"6321885000:03:000:0029"},"geometry":{"type":"Polygon","coordinates":[[[37.590192,49.953732],[37.589636,49.954023],[37.589636,49.954023846153845],[37.58834349657535,49.954699],[37.588343,49.954699],[37.585858,49.955999],[37.586958,49.956967],[37.589636,49.95556598315789],[37.589636,49.955566],[37.5897964848583,49.95548202423729],[37.589808,49.955476],[37.589808,49.95547599879154],[37.591291,49.9547],[37.590192,49.953732]]]}},{"type":"Feature","properties":{"cadnum":"6321885000:03:000:0030"},"geometry":{"type":"Polygon","coordinates":[[[37.59108,49.95481],[37.591080780600464,49.95481],[37.5897964848583,49.95548202423729],[37.586958,49.956967],[37.588057,49.957936],[37.589636,49.957109978298114],[37.589636,49.95711],[37.5896619746845,49.957096390170754],[37.589808,49.95702],[37.589808,49.95701987799564],[37.59239,49.955667],[37.591291,49.9547],[37.59108,49.95481]]]}},{"type":"Feature","properties":{"cadnum":"6321885000:03:000:0035"},"geometry":{"type":"Polygon","coordinates":[[[37.595301,49.95279],[37.594067,49.951704],[37.592686,49.952427],[37.595129,49.9545775873805],[37.595129,49.954578],[37.59526616810344,49.954699],[37.595266,49.954699],[37.59531860464876,49.95474525581184],[37.595392,49.95481],[37.59539223529413,49.95481],[37.596136,49.955464],[37.597376438016525,49.95481],[37.597377,49.95481],[37.597513,49.954738],[37.597469,49.954699],[37.59746870462125,49.954699],[37.595301,49.95279043791946],[37.595301,49.95279]]]}},{"type":"Feature","properties":{"cadnum":"6321885000:03:000:0034"},"geometry":{"type":"Polygon","coordinates":[[[37.592686,49.952427],[37.591452,49.953072],[37.593424,49.95481],[37.593426072497124,49.95481],[37.595129,49.95630933535968],[37.595129,49.95631],[37.595274,49.956437],[37.595301,49.956426],[37.595301,49.95642523498099],[37.596589,49.955864],[37.596136,49.955464],[37.595318604649094,49.95474525581213],[37.595301,49.95472972623574],[37.595301,49.954729],[37.592686,49.952427]]]}},{"type":"Feature","properties":{"cadnum":"6321885000:03:000:0036"},"geometry":{"type":"Polygon","coordinates":[[[37.595129,49.951147],[37.595129,49.95114772115385],[37.59509587557604,49.951165],[37.595095,49.951165],[37.5949248606275,49.95125420731691],[37.594885,49.951275],[37.594885204081635,49.951275],[37.594067,49.951704],[37.595129,49.95263862884927],[37.595129,49.952639],[37.597513,49.954738],[37.597889,49.95454],[37.599396,49.953746],[37.597956,49.953272],[37.59753,49.953038],[37.59577358889482,49.951275],[37.595774,49.951275],[37.59547,49.950969],[37.595129,49.951147]]]}},{"type":"Feature","properties":{"cadnum":"6321885000:03:000:0027"},"geometry":{"type":"Polygon","coordinates":[[[37.595149,49.951079],[37.592513,49.948759],[37.591874,49.949093],[37.590705,49.949705],[37.592363076433124,49.951165],[37.592362,49.951165],[37.593341,49.952026],[37.594025,49.951667],[37.594986,49.951165],[37.59498445918367,49.951165],[37.595149,49.951079]]]}},{"type":"Feature","properties":{"cadnum":"6321885000:04:000:0073"},"geometry":{"type":"Polygon","coordinates":[[[37.627712,49.908635],[37.627537,49.908842],[37.62753833826755,49.908842],[37.624558,49.91238],[37.62455860517436,49.91238],[37.623904,49.913158],[37.624271,49.91326],[37.624455,49.913218],[37.625836,49.912908],[37.625843,49.912907],[37.62628574608151,49.91238],[37.626287,49.91238],[37.62826,49.910038],[37.62826,49.91003780558428],[37.629055,49.909094],[37.62826,49.908822697001035],[37.62826,49.908822],[37.627712,49.908635]]]}},{"type":"Feature","properties":{"cadnum":"6321885000:04:000:0074"},"geometry":{"type":"Polygon","coordinates":[[[37.629055,49.909094],[37.628088,49.910242],[37.628088,49.910242168271665],[37.626380511101615,49.912269],[37.626379,49.912269],[37.625843,49.912907],[37.626135,49.912896],[37.626433,49.912884],[37.626652,49.912907],[37.626866,49.912932],[37.627641,49.913103],[37.627718,49.913119],[37.62826,49.912476],[37.62826,49.91247509565218],[37.62833982481752,49.91238],[37.62834,49.91238],[37.63065,49.909638],[37.629055,49.909094]]]}},{"type":"Feature","properties":{"cadnum":"6321885000:04:000:0077"},"geometry":{"type":"Polygon","coordinates":[[[37.635227,49.909439],[37.634792,49.909408],[37.633581,49.910848],[37.633581,49.91084823529412],[37.63238448041474,49.912269],[37.632384,49.912269],[37.63102,49.913891],[37.632198,49.91417],[37.63238,49.914204],[37.633753,49.912572],[37.633753,49.91257081411765],[37.633912952662726,49.91238],[37.633914,49.91238],[37.636274,49.909576],[37.635227,49.909439]]]}},{"type":"Feature","properties":{"cadnum":"6321885000:04:000:0075"},"geometry":{"type":"Polygon","coordinates":[[[37.632346,49.910197],[37.63206,49.910119],[37.63065,49.909638],[37.62843351203501,49.912269],[37.628433,49.912269],[37.628088,49.91268],[37.628088,49.912680051660516],[37.627718,49.913119],[37.628088,49.913200918819186],[37.628088,49.913201],[37.628413,49.913273],[37.629532,49.913539],[37.630601,49.912269],[37.63060050847457,49.912269],[37.632346,49.910197]]]}},{"type":"Feature","properties":{"cadnum":"6321885000:04:000:0329"},"geometry":{"type":"Polygon","coordinates":[[[37.62826,49.90859950057274],[37.628643019867546,49.908732],[37.628642,49.908732],[37.629288,49.908955],[37.630843,49.909414],[37.632189,49.909812],[37.632602,49.909948],[37.633506,49.908874],[37.63340932394367,49.908842],[37.63341,49.908842],[37.631995,49.908372],[37.628088,49.907123],[37.628088,49.90712390625],[37.627108,49.90681],[37.626307,49.907933],[37.626628,49.908036],[37.627922,49.908482],[37.628088,49.90853995266272],[37.628088,49.90854],[37.62810289125872,49.90854515138618],[37.62826,49.9086],[37.62826,49.90859950057274]]]}},{"type":"Feature","properties":{"cadnum":"6321885000:04:000:0076"},"geometry":{"type":"Polygon","coordinates":[[[37.634792,49.909408],[37.633829,49.909339],[37.63370094771276,49.90929459477136],[37.633572,49.909249],[37.632695,49.910293],[37.632346,49.910197],[37.630507,49.91238],[37.630507567716535,49.91238],[37.629532,49.913539],[37.630306,49.913722],[37.63102,49.913891],[37.63229065598028,49.91238],[37.632291,49.91238],[37.633753,49.910644],[37.633753,49.91064347481421],[37.634792,49.909408]]]}},{"type":"Feature","properties":{"cadnum":"6321885000:03:000:0143"},"geometry":{"type":"Polygon","coordinates":[[[37.621374,49.933227],[37.620949,49.932782],[37.619478,49.933599],[37.61947933775297,49.933599],[37.617273,49.93482683766991],[37.617273,49.934826],[37.615376,49.935881],[37.615377,49.935882],[37.615614,49.936477],[37.616532,49.936827],[37.617273,49.936415],[37.617273,49.936414911771536],[37.621409,49.934115],[37.621486,49.93383],[37.621826,49.9337],[37.62172930805687,49.933599],[37.62173,49.933599],[37.621374,49.933227]]]}},{"type":"Feature","properties":{"cadnum":"6321885000:03:000:0139"},"geometry":{"type":"Polygon","coordinates":[[[37.62826,49.931328263598324],[37.62826,49.931328],[37.625728,49.930808],[37.622766,49.93245492116182],[37.622766,49.932454],[37.621374,49.933227],[37.6216247311828,49.933489],[37.621624,49.933489],[37.621826,49.9337],[37.622383,49.933489],[37.6223826763285,49.933489],[37.622595,49.93340865082267],[37.622595,49.933409],[37.622639,49.933392],[37.62391,49.932863],[37.62551,49.93208],[37.626479,49.931582],[37.627192,49.931989],[37.628088,49.93232206367041],[37.628088,49.932323],[37.628524,49.932484],[37.629288,49.93283],[37.629283,49.931538],[37.62826,49.931328263598324]]]}},{"type":"Feature","properties":{"cadnum":"6321885000:03:000:0142"},"geometry":{"type":"Polygon","coordinates":[[[37.61767,49.932823],[37.618193,49.932368],[37.618706,49.931906],[37.61953,49.931602],[37.619817,49.931596],[37.619416,49.931174],[37.618711,49.931483],[37.617959,49.931812],[37.617102,49.932184],[37.617102,49.932184279112754],[37.616732,49.932345],[37.615506,49.932875],[37.614816,49.933232],[37.614135,49.933586],[37.614124,49.933599],[37.61412496828752,49.933599],[37.61377,49.934059],[37.613423,49.93451],[37.613982,49.934832],[37.614587,49.93518],[37.614979,49.935527],[37.615376,49.935881],[37.617102,49.93492110015814],[37.617102,49.934922],[37.619677,49.933489],[37.61967605385557,49.933489],[37.620949,49.932782],[37.620039,49.931826],[37.619701,49.932408],[37.619027,49.933344],[37.61872,49.933599],[37.61872086982249,49.933599],[37.618447,49.933827],[37.618138629777796,49.933558368208494],[37.617684,49.93316],[37.61767,49.932823]]]}},{"type":"Feature","properties":{"cadnum":"6321885000:02:000:0122"},"geometry":{"type":"Polygon","coordinates":[[[37.621392,49.901559],[37.62132204807692,49.901656],[37.621322,49.901656],[37.621310891069776,49.901671471049916],[37.621242,49.901767],[37.62124229686013,49.901767],[37.619058,49.904809],[37.61906346099291,49.905194],[37.619062,49.905194],[37.619064,49.905232],[37.618911,49.90563],[37.619895,49.905852],[37.620412,49.905194],[37.62041115819935,49.905194],[37.622595,49.902412776412774],[37.622595,49.902414],[37.623011,49.901884],[37.622595,49.901801],[37.622595,49.9018015704698],[37.62242329999999,49.901767],[37.622425,49.901767],[37.621576,49.901596],[37.621392,49.901559]]]}},{"type":"Feature","properties":{"cadnum":"6321885000:02:000:0123"},"geometry":{"type":"Polygon","coordinates":[[[37.621392,49.901559],[37.618783,49.901037],[37.61862,49.901005],[37.618388,49.901329],[37.618146,49.901767],[37.61814716034986,49.901767],[37.61802,49.901999],[37.617984,49.902411],[37.618027,49.902647],[37.61826,49.903146],[37.618797,49.903853],[37.619056,49.904604],[37.619058,49.904809],[37.621310891069776,49.901671471049916],[37.621392,49.901559]]]}},{"type":"Feature","properties":{"cadnum":"6321885000:02:000:0115"},"geometry":{"type":"Polygon","coordinates":[[[37.618783,49.901037],[37.62026,49.898981],[37.620094,49.898953],[37.61862,49.901005],[37.618783,49.901037]]]}},{"type":"Feature","properties":{"cadnum":"6321885000:02:000:0125"},"geometry":{"type":"Polygon","coordinates":[[[37.623397,49.89952],[37.623103,49.89947],[37.622766,49.89993967716535],[37.622766,49.899939],[37.621576,49.901596],[37.621873894736865,49.901656],[37.621872,49.901656],[37.622766,49.901836],[37.622766,49.901835117788465],[37.623011,49.901884],[37.624279,49.902137],[37.62454438461538,49.901767],[37.624545,49.901767],[37.625855,49.899943],[37.623397,49.89952]]]}},{"type":"Feature","properties":{"cadnum":"6321885000:02:000:0113"},"geometry":{"type":"Polygon","coordinates":[[[37.618467,49.898627],[37.617335,49.898432],[37.617314,49.898746],[37.617273,49.89881600943397],[37.617273,49.898815],[37.616982,49.899312],[37.616622,49.899745],[37.615895,49.900677],[37.615593,49.900994],[37.614111,49.901647],[37.613929046261305,49.90169119928875],[37.613424,49.901813],[37.613081,49.901919],[37.612814,49.90233],[37.612563,49.902641],[37.612502,49.902768],[37.612553,49.902952],[37.613698,49.903216],[37.614453,49.903488],[37.614775,49.903546],[37.615051,49.903647],[37.615691,49.902707],[37.616330486203616,49.901767],[37.616331,49.901767],[37.617102,49.90063341719745],[37.617102,49.900634],[37.618467,49.898627]]]}},{"type":"Feature","properties":{"cadnum":"6321885000:02:000:0114"},"geometry":{"type":"Polygon","coordinates":[[[37.618181,49.901274],[37.619046,49.90007],[37.619905,49.898874],[37.619163,49.898747],[37.618467,49.898627],[37.617273,49.90038257362638],[37.617273,49.900382],[37.61640649602888,49.901656],[37.616406,49.901656],[37.615691,49.902707],[37.617102,49.90295049115044],[37.617102,49.902951],[37.61801,49.903107],[37.61793,49.902938],[37.617808,49.902676],[37.617784,49.902546],[37.617761,49.902414],[37.61778,49.902194],[37.6178,49.90197],[37.61791119745223,49.901767],[37.617912,49.901767],[37.617992,49.901621],[37.618181,49.901274]]]}},{"type":"Feature","properties":{"cadnum":"6321885000:02:000:0124"},"geometry":{"type":"Polygon","coordinates":[[[37.623103,49.89947],[37.622595,49.899382],[37.622595,49.89938352194733],[37.62026,49.898981],[37.618783,49.901037],[37.621392,49.901559],[37.621576,49.901596],[37.622595,49.900177106722694],[37.622595,49.900178],[37.623103,49.89947]]]}},{"type":"Feature","properties":{"cadnum":"6321885000:02:000:0219"},"geometry":{"type":"Polygon","coordinates":[[[37.605725,49.915639],[37.605445,49.915232],[37.605152,49.914931],[37.604975,49.9148],[37.604699,49.914616],[37.604499,49.914573],[37.60422,49.914563],[37.603904,49.914565],[37.604957,49.915917],[37.604957505920346,49.915917],[37.605595,49.916735],[37.605816,49.916683],[37.606115,49.916648719745226],[37.606115,49.916649],[37.606315,49.916626],[37.60615,49.916377],[37.605989,49.916163],[37.605913,49.916007],[37.60581,49.915806],[37.60580970143885,49.915806],[37.605725,49.915639]]]}},{"type":"Feature","properties":{"cadnum":"6321885000:01:000:0617"},"geometry":{"type":"Polygon","coordinates":[[[37.579704,49.985925],[37.579709,49.9855],[37.579713,49.985238],[37.580052,49.984444],[37.58019,49.984123],[37.57939,49.983331],[37.579264,49.983458],[37.579215,49.983588],[37.578985,49.984217],[37.578833,49.984604],[37.578723,49.984882],[37.578645,49.985437],[37.578821,49.985618],[37.578821,49.985617126338326],[37.579584,49.986403],[37.579704,49.985925]]]}},{"type":"Feature","properties":{"cadnum":"6321885000:01:000:0626"},"geometry":{"type":"Polygon","coordinates":[[[37.581054,49.982663],[37.58164,49.982087],[37.58184,49.98189],[37.581169,49.981174],[37.580974,49.981405],[37.580653,49.981784],[37.580146,49.982637],[37.580126,49.982669],[37.579655,49.983075],[37.57965633333333,49.983075],[37.579555,49.983163],[37.57939,49.983331],[37.58019,49.984123],[37.5803,49.983866],[37.580709,49.983213],[37.580865,49.982965],[37.58086415048544,49.982965],[37.581054,49.982663]]]}},{"type":"Feature","properties":{"cadnum":"6321885000:02:000:0239"},"geometry":{"type":"Polygon","coordinates":[[[37.577119,49.940257],[37.577367,49.940105],[37.577966,49.939713],[37.578434,49.939395],[37.578161,49.939213],[37.577861,49.939062],[37.576631,49.939926],[37.577119,49.940257]]]}},{"type":"Feature","properties":{"cadnum":"6321885000:02:000:0238"},"geometry":{"type":"Polygon","coordinates":[[[37.57651,49.939845],[37.576631,49.939926],[37.577861,49.939062],[37.577346,49.938803],[37.577279,49.938768],[37.57457,49.94067],[37.57457061823362,49.94067],[37.574228,49.940911],[37.574646,49.941155],[37.574959,49.940935],[37.575491,49.94056],[37.5754908,49.94056],[37.57651,49.939845]]]}},{"type":"Feature","properties":{"cadnum":"6321885000:02:000:0175"},"geometry":{"type":"Polygon","coordinates":[[[37.572722,49.933012],[37.57213,49.932621],[37.571644,49.932404],[37.571139,49.932206],[37.570573,49.932053],[37.570005,49.931923],[37.569711,49.931883],[37.569161,49.931903],[37.568922,49.93197],[37.56854,49.932209],[37.568381,49.932272],[37.567864,49.932138],[37.567835,49.93213523809524],[37.567835,49.932135],[37.567675,49.93212],[37.56723,49.932323],[37.566708,49.932391],[37.566146,49.932484],[37.565625,49.932613],[37.565137,49.93277],[37.565006,49.932889],[37.565041,49.93301],[37.565285,49.933173],[37.5657295730659,49.933489],[37.565729,49.933489],[37.565776,49.933522],[37.566095,49.933751],[37.56629,49.933869],[37.566723,49.934118],[37.567278,49.934437],[37.567663,49.93468088446215],[37.567663,49.934682],[37.56778,49.934755],[37.567835,49.934801],[37.567835,49.93480048872181],[37.567913,49.934865],[37.567835,49.93493325],[37.567835,49.934933],[37.567673,49.935075],[37.567663,49.935083],[37.567663,49.935083382352936],[37.567333,49.93536],[37.567054,49.935679],[37.566759,49.936023],[37.566653,49.936204],[37.566521,49.936572],[37.566483,49.936698],[37.566514,49.936866],[37.56656365055762,49.937025],[37.566563,49.937025],[37.56658302814253,49.93708705440883],[37.566598,49.937135],[37.566598502645505,49.937135],[37.566624,49.937214],[37.566702,49.937375],[37.566896,49.937899],[37.56714,49.938439],[37.56725,49.93862],[37.567475,49.938746],[37.567663,49.93880083333333],[37.567663,49.938801],[37.567703387096124,49.938812612903035],[37.567835,49.938851],[37.567835,49.938850456869005],[37.567976,49.938891],[37.568528,49.939005],[37.568783,49.939059],[37.569195,49.939142],[37.569963,49.939311],[37.570215,49.939342],[37.570481,49.939346],[37.570721,49.939292],[37.570899,49.9392],[37.571936,49.938309],[37.572306,49.93801],[37.573282,49.937277],[37.573328,49.937239],[37.573328,49.93723899344263],[37.573587,49.937025],[37.57358638582677,49.937025],[37.573915,49.936754],[37.574298,49.936557],[37.575088,49.936312],[37.575682,49.936208],[37.576276,49.936107],[37.576846,49.936009],[37.577418,49.935933],[37.577708,49.935902],[37.577971,49.935959],[37.578108,49.93603],[37.57865,49.93544010939691],[37.57865,49.935441],[37.579332,49.934698],[37.57865,49.934381],[37.57865,49.934381358409205],[37.57697018312757,49.933599],[37.576972,49.933599],[37.576215,49.933247],[37.576124,49.933344],[37.575954107296134,49.933489],[37.575954,49.933489],[37.575851,49.933577],[37.575804,49.933599],[37.57580601626016,49.933599],[37.575348,49.933823],[37.574834,49.934063],[37.574681,49.934054],[37.574401,49.933947],[37.574025,49.933693],[37.573765701863216,49.933554888198685],[37.573598,49.933465],[37.573201,49.933251],[37.572722,49.933012]]]}},{"type":"Feature","properties":{"cadnum":"6321885000:02:000:0237"},"geometry":{"type":"Polygon","coordinates":[[[37.577279,49.938768],[37.576687,49.938458],[37.576607,49.938416],[37.573583,49.940539],[37.573619870229,49.94056],[37.573619,49.94056],[37.573917,49.940729],[37.574228,49.940911],[37.574727,49.94056],[37.57472667192429,49.94056],[37.577279,49.938768]]]}},{"type":"Feature","properties":{"cadnum":"6321885000:02:000:0236"},"geometry":{"type":"Polygon","coordinates":[[[37.576607,49.938416],[37.576205,49.938206],[37.575658,49.938229],[37.575285,49.938428],[37.574766,49.938834],[37.574319,49.939188],[37.573805,49.939549],[37.573606,49.939688],[37.573299973214176,49.93991786011913],[37.573109,49.94006],[37.573065,49.940153],[37.573123,49.940262],[37.573156,49.94028228292682],[37.573156,49.940283],[37.573251720930486,49.94034111627923],[37.573328,49.940388],[37.573328,49.94038742857143],[37.573492,49.940487],[37.573583,49.940539],[37.576607,49.938416]]]}},{"type":"Feature","properties":{"cadnum":"6321885000:02:000:0013"},"geometry":{"type":"Polygon","coordinates":[[[37.577217,49.940389],[37.576512,49.939911],[37.5755868115942,49.94056],[37.575586,49.94056],[37.575063,49.940928],[37.576996,49.941816],[37.577605,49.941605],[37.577649,49.940872],[37.57737,49.94056],[37.577369743772245,49.94056],[37.577217,49.940389]]]}},{"type":"Feature","properties":{"cadnum":"6321885000:02:000:0033"},"geometry":{"type":"Polygon","coordinates":[[[37.589808,49.930342],[37.589149,49.930008],[37.588594,49.930095],[37.588283,49.930063],[37.587904,49.93046],[37.589636,49.93133600630252],[37.589636,49.931337],[37.591326,49.932191],[37.592239,49.931573],[37.589808,49.93034209028045],[37.589808,49.930342]]]}},{"type":"Feature","properties":{"cadnum":"6321885000:02:000:0028"},"geometry":{"type":"Polygon","coordinates":[[[37.587058,49.931346],[37.586453,49.931979],[37.586217,49.932228],[37.588925,49.933599],[37.588925235188505,49.933599],[37.589636,49.933958905454546],[37.589636,49.933959],[37.591403,49.934854],[37.591802,49.934356],[37.59223,49.933965],[37.59150568907563,49.933599],[37.591507,49.933599],[37.589808,49.93273905718867],[37.589808,49.932739],[37.587058,49.931346]]]}},{"type":"Feature","properties":{"cadnum":"6321885000:02:000:0026"},"geometry":{"type":"Polygon","coordinates":[[[37.593343,49.933213],[37.594338,49.932636],[37.593623,49.932274],[37.593411,49.932449],[37.593113,49.932272],[37.593306,49.932114],[37.592239,49.931573],[37.591326,49.932191],[37.593343,49.933213]]]}},{"type":"Feature","properties":{"cadnum":"6321885000:02:000:0027"},"geometry":{"type":"Polygon","coordinates":[[[37.589808,49.931423],[37.587904,49.93046],[37.587269,49.931125],[37.587058,49.931346],[37.589636,49.932651874181815],[37.589636,49.932652],[37.59128967159451,49.933489],[37.591288,49.933489],[37.59223,49.933965],[37.59255,49.933674],[37.592868,49.933489],[37.592866792746115,49.933489],[37.593343,49.933213],[37.591326,49.932191],[37.589808,49.93142391597633],[37.589808,49.931423]]]}},{"type":"Feature","properties":{"cadnum":"6321885000:03:000:0081"},"geometry":{"type":"Polygon","coordinates":[[[37.598891,49.931673],[37.598387,49.931275],[37.595242,49.932904],[37.594134,49.933599],[37.59413469428008,49.933599],[37.593502,49.933996],[37.5927,49.934712],[37.592636,49.934793],[37.593361,49.935071],[37.595129,49.934154191752576],[37.595129,49.934155],[37.596412,49.933489],[37.59641119178082,49.933489],[37.599297,49.931993],[37.598891,49.931673]]]}},{"type":"Feature","properties":{"cadnum":"6321885000:02:000:0038"},"geometry":{"type":"Polygon","coordinates":[[[37.594556,49.926527],[37.59455751230199,49.926527],[37.589808,49.929284151829386],[37.589808,49.929284],[37.588886,49.929818],[37.58915269387755,49.929953],[37.589152,49.929953],[37.589636,49.93019795121951],[37.589636,49.930198],[37.58968924137914,49.930224896551636],[37.589808,49.930285],[37.589808,49.93028489119171],[37.590022,49.930393],[37.59078,49.929953],[37.59077865239664,49.929953],[37.595129,49.9274297614601],[37.595129,49.92743],[37.595927,49.926967],[37.595301,49.926601441102754],[37.595301,49.926601],[37.595175624718735,49.92652822696608],[37.595129,49.926501],[37.595129,49.92650116403786],[37.59505983137482,49.92646101568759],[37.594866,49.926348],[37.594556,49.926527]]]}},{"type":"Feature","properties":{"cadnum":"6321885000:02:000:0034"},"geometry":{"type":"Polygon","coordinates":[[[37.600298,49.929518],[37.600025,49.929359],[37.598935,49.928723],[37.596623,49.930063],[37.596623593047035,49.930063],[37.595129,49.930931],[37.595129,49.93093170777989],[37.594247,49.931443],[37.594303,49.931471],[37.595129,49.931889793587175],[37.595129,49.93189],[37.595225996932,49.93193897239238],[37.595301,49.931977],[37.595301,49.93197684039088],[37.595436,49.932045],[37.599461,49.929953],[37.599459926605505,49.929953],[37.600298,49.929518]]]}},{"type":"Feature","properties":{"cadnum":"6321885000:02:000:0037"},"geometry":{"type":"Polygon","coordinates":[[[37.596941,49.927559],[37.595981,49.926999],[37.595927,49.926967],[37.595301,49.92733020551378],[37.595301,49.92733],[37.590589,49.930063],[37.590590500000005,49.930063],[37.590022,49.930393],[37.591108,49.930944],[37.592816,49.929953],[37.59281466494845,49.929953],[37.595129,49.928610754858],[37.595129,49.928611],[37.596941,49.927559]]]}},{"type":"Feature","properties":{"cadnum":"6321885000:02:000:0036"},"geometry":{"type":"Polygon","coordinates":[[[37.597932,49.928137],[37.597217,49.92772],[37.596941,49.927559],[37.595301,49.92851114128035],[37.595301,49.928511],[37.592625,49.930063],[37.59262641372351,49.930063],[37.591108,49.930944],[37.592171,49.931481],[37.59476063948415,49.92997759227516],[37.595129,49.9297645],[37.595129,49.929765],[37.597932,49.928137]]]}},{"type":"Feature","properties":{"cadnum":"6321885000:02:000:0035"},"geometry":{"type":"Polygon","coordinates":[[[37.598552,49.928498],[37.597932,49.928137],[37.595301,49.92966510132002],[37.595301,49.929665],[37.59480315075377,49.929953],[37.594803,49.929953],[37.59476063948415,49.92997759227516],[37.594613,49.930063],[37.59461352356021,49.930063],[37.592171,49.931481],[37.593245,49.932026],[37.594247,49.931443],[37.595301,49.930832],[37.595301,49.93083110926366],[37.596813,49.929953],[37.596812791044776,49.929953],[37.598935,49.928723],[37.598552,49.928498]]]}},{"type":"Feature","properties":{"cadnum":"6321885000:02:000:0087"},"geometry":{"type":"Polygon","coordinates":[[[37.582627,49.91545],[37.578821,49.915543345638426],[37.578821,49.915543],[37.578672,49.915547],[37.57865,49.915547],[37.57865,49.91554753538614],[37.574645,49.915645],[37.573266,49.915679],[37.573203,49.915917],[37.57320460465117,49.915917],[37.573189,49.915978],[37.573328,49.915976],[37.573328,49.91597461878551],[37.575696678832124,49.915917],[37.575698,49.915917],[37.578821,49.915841],[37.578821,49.91584081859539],[37.582167,49.915759],[37.582627,49.91545]]]}},{"type":"Feature","properties":{"cadnum":"6321885000:02:000:0085"},"geometry":{"type":"Polygon","coordinates":[[[37.580514,49.917511],[37.580886,49.917153],[37.581308,49.916577],[37.57865,49.916642],[37.57865,49.91664219576346],[37.57317233742139,49.916776599134764],[37.572982,49.916781],[37.572758,49.917651],[37.572746,49.917701],[37.573156,49.91769113745705],[37.573156,49.917692],[37.578821,49.917553],[37.578821,49.91755278004292],[37.580514,49.917511]]]}},{"type":"Feature","properties":{"cadnum":"6321885000:02:000:0082"},"geometry":{"type":"Polygon","coordinates":[[[37.56802921126752,49.915806],[37.568008,49.915806],[37.567663,49.915815],[37.567663,49.9158151299435],[37.566419,49.915845],[37.566361,49.915917],[37.56636149950642,49.915917],[37.56561,49.916858],[37.567835,49.916805],[37.567835,49.916804817433594],[37.573009,49.916679],[37.573189,49.915978],[37.57320460465117,49.915917],[37.573205,49.915917],[37.573266,49.915679],[37.570552,49.915744],[37.56802921126752,49.915806]]]}},{"type":"Feature","properties":{"cadnum":"6321885000:02:000:0086"},"geometry":{"type":"Polygon","coordinates":[[[37.58024491860448,49.915806],[37.580223,49.915806],[37.57865,49.915845],[37.57865,49.91584515962358],[37.573189,49.915978],[37.573156,49.916104],[37.573156,49.91610651666667],[37.573009,49.916679],[37.572982,49.916781],[37.573156,49.916776976878616],[37.573156,49.916777],[37.57317233742139,49.916776599134764],[37.573328,49.916773],[37.573328,49.91677277969991],[37.578821,49.916638],[37.578821,49.91663781828443],[37.581308,49.916577],[37.581654,49.916104],[37.581982804878685,49.91588231707274],[37.582167,49.915759],[37.58024491860448,49.915806]]]}},{"type":"Feature","properties":{"cadnum":"6321885000:02:000:0084"},"geometry":{"type":"Polygon","coordinates":[[[37.579429,49.918552],[37.580514,49.917511],[37.57865,49.917557],[37.57865,49.91755719576346],[37.573328,49.91768777969991],[37.573328,49.917687],[37.572746,49.917701],[37.572522,49.918569],[37.572483,49.918723],[37.573328,49.918703],[37.573328,49.91870181006178],[37.578821,49.918568],[37.578821,49.918567609756096],[37.579429,49.918552]]]}},{"type":"Feature","properties":{"cadnum":"6321885000:02:000:0080"},"geometry":{"type":"Polygon","coordinates":[[[37.572522,49.918569],[37.572746,49.917701],[37.572758,49.917651],[37.567663,49.917775],[37.567663,49.9177751686587],[37.564823,49.917844],[37.564081,49.918774],[37.567835,49.918684],[37.567835,49.91868282300885],[37.572522,49.918569]]]}},{"type":"Feature","properties":{"cadnum":"6321885000:02:000:0083"},"geometry":{"type":"Polygon","coordinates":[[[37.57865,49.918572],[37.57865,49.91857216557811],[37.573156,49.918706],[37.573156,49.91870707100592],[37.572483,49.918723],[37.572425,49.918945],[37.572829,49.919023],[37.572987,49.919159],[37.57279925762712,49.919343],[37.572798,49.919343],[37.572627,49.919512],[37.572733,49.919663],[37.573156,49.91981869243698],[37.573156,49.919819],[37.573568,49.91997],[37.578108,49.919821],[37.57848882008368,49.919454],[37.578489,49.919454],[37.57865,49.919299789156625],[37.57865,49.919301],[37.579429,49.918552],[37.57865,49.918572]]]}},{"type":"Feature","properties":{"cadnum":"6321885000:02:000:0079"},"geometry":{"type":"Polygon","coordinates":[[[37.572425,49.918945],[37.572483,49.918723],[37.572522,49.918569],[37.567663,49.918687],[37.567663,49.91868812360149],[37.564081,49.918774],[37.5636258,49.919343],[37.563625,49.919343],[37.563331,49.919712],[37.567835,49.919603],[37.567835,49.91960278753181],[37.570807,49.91953],[37.57101036708763,49.919392708861416],[37.57132,49.919185],[37.572425,49.918945]]]}},{"type":"Feature","properties":{"cadnum":"6321885000:02:000:0129"},"geometry":{"type":"Polygon","coordinates":[[[37.572758,49.917651],[37.572982,49.916781],[37.573009,49.916679],[37.567663,49.916809],[37.567663,49.91680909707865],[37.56561,49.916858],[37.564823,49.917844],[37.567835,49.917771],[37.567835,49.91777081393523],[37.572758,49.917651]]]}},{"type":"Feature","properties":{"cadnum":"6321885000:04:000:0095"},"geometry":{"type":"Polygon","coordinates":[[[37.65482,49.918278],[37.653248,49.918004],[37.650232,49.919002393473484],[37.650232,49.919002],[37.64919843805311,49.919343],[37.649196,49.919343],[37.647836,49.919793],[37.649059,49.920625],[37.650061,49.92029356265985],[37.650061,49.920294],[37.652599548895886,49.919454],[37.652601,49.919454],[37.654673,49.918769],[37.65482,49.918278]]]}},{"type":"Feature","properties":{"cadnum":"6321885000:04:000:0047"},"geometry":{"type":"Polygon","coordinates":[[[37.65619,49.913192],[37.65567094710403,49.912876977330434],[37.655414,49.91272],[37.650061,49.914979],[37.650061,49.914979095744684],[37.648446,49.91566],[37.64835226459144,49.915806],[37.648352,49.915806],[37.648298068966824,49.91589041379106],[37.648281,49.915917],[37.64828108333334,49.915917],[37.647915,49.91649],[37.648466,49.916957],[37.650061,49.91628413759909],[37.650061,49.916285],[37.6511272376928,49.91583382698335],[37.655725,49.913895],[37.655725,49.913894840425534],[37.656682,49.913491],[37.65619,49.913192]]]}},{"type":"Feature","properties":{"cadnum":"6321885000:04:000:0045"},"geometry":{"type":"Polygon","coordinates":[[[37.657142,49.914616],[37.65723,49.914666],[37.65721,49.914835],[37.658204,49.914416],[37.65763,49.914068],[37.656682,49.913491],[37.655554,49.913967],[37.655554,49.913967108863396],[37.65119322700296,49.915806],[37.651193,49.915806],[37.65112723769272,49.91583382698339],[37.65093,49.915917],[37.65093067849688,49.915917],[37.650232,49.91621264222615],[37.650232,49.916212],[37.648466,49.916957],[37.648572,49.917047],[37.648702,49.917167],[37.649847,49.917365],[37.650061,49.917402797402595],[37.650061,49.917403],[37.65013737711301,49.917416287386196],[37.650232,49.917433],[37.650232,49.917432749003986],[37.650814,49.917534],[37.65464595312501,49.915917],[37.654647,49.915917],[37.655117,49.915719],[37.654837545454534,49.915806],[37.654836,49.915806],[37.653531,49.916213],[37.652693,49.916305],[37.651387,49.916447],[37.650077,49.916755],[37.649897,49.91666],[37.649957,49.916524],[37.650061,49.91650130909091],[37.650061,49.916502],[37.65020711904813,49.91646942857132],[37.650232,49.916464],[37.650232,49.91646388235294],[37.65103,49.916286],[37.651938,49.91623],[37.652459,49.916003],[37.652776768657624,49.915889798507145],[37.653208,49.915737],[37.653592,49.915749],[37.65412,49.915502],[37.65436,49.915454],[37.655158,49.915502],[37.655554,49.91526104761905],[37.655554,49.915262],[37.656552,49.914653],[37.657142,49.914616]]]}},{"type":"Feature","properties":{"cadnum":"6321885000:04:000:0025"},"geometry":{"type":"Polygon","coordinates":[[[37.64652,49.918181],[37.644567,49.919071],[37.644567,49.91907225914935],[37.64397195869566,49.919343],[37.643969,49.919343],[37.643599,49.919513],[37.643495,49.919417],[37.643429,49.919454],[37.643429573170735,49.919454],[37.642915,49.919745],[37.644475,49.920793],[37.644567,49.92076268181818],[37.644567,49.920763],[37.648451,49.919479],[37.64841386764706,49.919454],[37.648414,49.919454],[37.64824900000658,49.919343000004424],[37.648249,49.919343],[37.64824899999999,49.919343],[37.648084,49.919232],[37.64652,49.918181]]]}},{"type":"Feature","properties":{"cadnum":"6321885000:04:000:0011"},"geometry":{"type":"Polygon","coordinates":[[[37.653029,49.917966],[37.652298,49.917839],[37.650232,49.91852243316942],[37.650232,49.918522],[37.648084,49.919232],[37.64824900000658,49.919343000004424],[37.648451,49.919479],[37.648795,49.919365],[37.650061,49.91894652400835],[37.650061,49.918947],[37.653029,49.917966]]]}},{"type":"Feature","properties":{"cadnum":"6321885000:04:000:0027"},"geometry":{"type":"Polygon","coordinates":[[[37.652298,49.917839],[37.650061,49.91745],[37.650061,49.9174501048951],[37.648659,49.917205],[37.64652,49.918181],[37.648084,49.919232],[37.650061,49.91857852234637],[37.650061,49.918579],[37.652298,49.917839]]]}},{"type":"Feature","properties":{"cadnum":"6321885000:04:000:0055"},"geometry":{"type":"Polygon","coordinates":[[[37.648939,49.914887],[37.64873,49.914809],[37.648202,49.914257],[37.647899,49.913322],[37.647763,49.912926],[37.647366,49.9127],[37.644739,49.91434340014291],[37.644739,49.914343],[37.644058,49.914768],[37.643106,49.915638],[37.643222817204304,49.915806],[37.643222,49.915806],[37.643886,49.916752],[37.644567,49.91678074091442],[37.644567,49.916781],[37.646358,49.916857],[37.647915,49.91649],[37.648298068966824,49.91589041379106],[37.648446,49.91566],[37.648939,49.914887]]]}},{"type":"Feature","properties":{"cadnum":"6321885000:04:000:0053"},"geometry":{"type":"Polygon","coordinates":[[[37.654516,49.912173],[37.653505,49.911558],[37.651811,49.912179],[37.651796272727275,49.912269],[37.651796,49.912269],[37.651784,49.912344],[37.650232,49.91340148578062],[37.650232,49.913401],[37.649802,49.913694],[37.650078,49.914158],[37.648939,49.914887],[37.648446,49.91566],[37.650232,49.914907],[37.650232,49.91490683691388],[37.655414,49.91272],[37.654673,49.912269],[37.65467275362319,49.912269],[37.654516,49.912173]]]}},{"type":"Feature","properties":{"cadnum":"6321885000:01:000:0620"},"geometry":{"type":"Polygon","coordinates":[[[37.585767,49.979308],[37.586042,49.979169],[37.585665,49.978783],[37.584855,49.979325],[37.584528,49.979543],[37.58452904336043,49.979543],[37.584314,49.979687274545455],[37.584314,49.979687],[37.583072,49.980517],[37.582453,49.980221],[37.582041,49.980417],[37.582851,49.981246],[37.583221,49.981059],[37.583625,49.980905],[37.584143,49.98079205263158],[37.584143,49.980793],[37.584157,49.980789],[37.584314,49.980732],[37.584314,49.9807316092437],[37.584395,49.980702],[37.584502,49.980555],[37.584566,49.980398],[37.584604,49.98017],[37.584525,49.980051],[37.585016,49.979686],[37.585519,49.979433],[37.58551859574468,49.979433],[37.585767,49.979308]]]}},{"type":"Feature","properties":{"cadnum":"6321885000:03:000:0086"},"geometry":{"type":"Polygon","coordinates":[[[37.606248103225816,49.929953],[37.606248,49.929953],[37.60612813847212,49.93001518908636],[37.606115,49.930022],[37.606115,49.930022005865624],[37.60610898047551,49.9300251290423],[37.606035,49.930063],[37.606035989037345,49.930063],[37.600622,49.932872],[37.600622,49.93287230872483],[37.600496,49.932937],[37.600622,49.9330367852349],[37.600622,49.933037],[37.6006606484016,49.933067392693886],[37.600794,49.933173],[37.600794,49.933172258979205],[37.601151,49.933453],[37.60119612328767,49.933489],[37.601195,49.933489],[37.60127970329665,49.93355568131864],[37.601334,49.933599],[37.601334729729736,49.933599],[37.601336,49.9336],[37.60155,49.933489],[37.6015491153097,49.933489],[37.606115,49.93112119676768],[37.606115,49.931122],[37.607482,49.930412],[37.606896,49.930156],[37.60685413432827,49.93005601492517],[37.606713,49.929712],[37.606248103225816,49.929953]]]}},{"type":"Feature","properties":{"cadnum":"6321885000:03:000:0091"},"geometry":{"type":"Polygon","coordinates":[[[37.603838,49.936305],[37.603593,49.936278],[37.603276,49.936242],[37.602885,49.936144],[37.602494,49.936047],[37.60202,49.935862],[37.601562,49.935683],[37.60072591272664,49.93648084072788],[37.600039,49.937135],[37.600039718969555,49.937135],[37.59926,49.937879],[37.599374,49.93791],[37.599699,49.938191],[37.600622,49.938479279452054],[37.600622,49.93848],[37.601071,49.93862],[37.601397,49.938632],[37.602662,49.937427],[37.602967800995025,49.937135],[37.602968,49.937135],[37.603283,49.936835],[37.603838,49.936305]]]}},{"type":"Feature","properties":{"cadnum":"6321885000:03:000:0093"},"geometry":{"type":"Polygon","coordinates":[[[37.6030835,49.937025],[37.603083,49.937025],[37.602662,49.937427],[37.606115,49.93871199227586],[37.606115,49.938712],[37.610207,49.940235],[37.61041,49.940247],[37.610698,49.94021],[37.611527,49.939823],[37.611609,49.939746509881424],[37.611609,49.939747],[37.611803,49.939566],[37.611828,49.939484],[37.61178,49.93946909589041],[37.61178,49.939469],[37.606287,49.93776631544572],[37.606287,49.937766],[37.604249236167334,49.937135],[37.604251,49.937135],[37.603283,49.936835],[37.6030835,49.937025]]]}},{"type":"Feature","properties":{"cadnum":"6321885000:03:000:0085"},"geometry":{"type":"Polygon","coordinates":[[[37.606245,49.93234],[37.606287,49.932325],[37.606287,49.93232449515419],[37.60738,49.931921],[37.607812,49.931684],[37.607906,49.931496],[37.607694,49.930505],[37.607482,49.930412],[37.606287,49.9310326656913],[37.606287,49.931032],[37.601337,49.933599],[37.60133792792793,49.933599],[37.601336,49.9336],[37.602008,49.934128],[37.602486,49.934013],[37.603149,49.933675],[37.60325482795699,49.933599],[37.603255,49.933599],[37.603927,49.933118],[37.604458,49.932867],[37.606115,49.932378337996646],[37.606115,49.932379],[37.606245,49.93234]]]}},{"type":"Feature","properties":{"cadnum":"6321885000:03:000:0094"},"geometry":{"type":"Polygon","coordinates":[[[37.606268,49.937016],[37.605918,49.937083],[37.605694,49.936988],[37.605489,49.936899],[37.605262,49.936709],[37.605046,49.936527],[37.604898,49.936439],[37.604762,49.936359],[37.604346,49.936337],[37.603905,49.936312],[37.603838,49.936305],[37.603283,49.936835],[37.603896066666664,49.937025],[37.603894,49.937025],[37.606115,49.937712739657336],[37.606115,49.937713],[37.611609,49.939415994527806],[37.611609,49.939416],[37.611828,49.939484],[37.611874,49.939339],[37.611776,49.938085],[37.6117,49.937975],[37.611609,49.937954],[37.611609,49.93795413620982],[37.610518,49.937704],[37.609406,49.937448],[37.609095,49.937427],[37.608769,49.937405],[37.608041,49.937257],[37.607317,49.937109],[37.607027,49.937027],[37.606756,49.93695],[37.606671,49.936953],[37.606578,49.936956],[37.606287,49.93701232258064],[37.606287,49.937012],[37.606268,49.937016]]]}},{"type":"Feature","properties":{"cadnum":"6321885000:03:000:0090"},"geometry":{"type":"Polygon","coordinates":[[[37.60072591272674,49.93648084072779],[37.600794,49.936416],[37.600794,49.936415868085106],[37.601562,49.935683],[37.601539,49.935674],[37.601211,49.935401],[37.600885,49.935129],[37.600794,49.93498640206186],[37.600794,49.934986],[37.600788,49.934977],[37.600691,49.934823],[37.600691,49.93476],[37.598199,49.937135],[37.59819968441815,49.937135],[37.597252,49.938039],[37.597889,49.938153],[37.598179,49.938065],[37.59857,49.938036],[37.598896,49.937924],[37.599104,49.937838],[37.59926,49.937879],[37.600155,49.937025],[37.60015450764951,49.937025],[37.600622,49.936579798675496],[37.600622,49.93658],[37.60072591272674,49.93648084072779]]]}},{"type":"Feature","properties":{"cadnum":"6321885000:03:000:0083"},"geometry":{"type":"Polygon","coordinates":[[[37.600189,49.932695],[37.598446,49.933599],[37.59844693009284,49.933599],[37.595129,49.93532],[37.595129,49.935320185185184],[37.594653,49.935567],[37.595129,49.93574917283951],[37.595129,49.93575],[37.595565,49.935916],[37.596048,49.9361],[37.600794,49.933639],[37.600794,49.93363863478261],[37.601082,49.933489],[37.601081465753424,49.933489],[37.601151,49.933453],[37.6006606484016,49.933067392693886],[37.600496,49.932937],[37.600189,49.932695]]]}},{"type":"Feature","properties":{"cadnum":"6321885000:03:000:0084"},"geometry":{"type":"Polygon","coordinates":[[[37.601151,49.933453],[37.600869,49.933599],[37.60087028451883,49.933599],[37.600622,49.933728],[37.600622,49.93372818921197],[37.596048,49.9361],[37.597408,49.936621],[37.598297,49.936962],[37.600622,49.934746871846215],[37.600622,49.934747],[37.60068886315706,49.93468316842185],[37.600794,49.934583],[37.600794,49.93458279848867],[37.601019,49.934368],[37.602008,49.934128],[37.601336,49.9336],[37.60127970329665,49.93355568131864],[37.601151,49.933453]]]}},{"type":"Feature","properties":{"cadnum":"6321885000:02:000:0077"},"geometry":{"type":"Polygon","coordinates":[[[37.606287,49.902651],[37.606105,49.902481],[37.605929,49.9025],[37.6058,49.902514],[37.605101,49.902824],[37.604499,49.903092],[37.606115,49.90504873378076],[37.606115,49.90505],[37.6062335882353,49.905194],[37.606233,49.905194],[37.607942,49.907263],[37.608041,49.907172],[37.608399,49.906966],[37.607974,49.906032],[37.607843,49.905194],[37.60784275371901,49.905194],[37.607672,49.904095],[37.607498,49.903732],[37.607082,49.903254],[37.606637,49.902977],[37.606287,49.90265113793103],[37.606287,49.902651]]]}},{"type":"Feature","properties":{"cadnum":"6321885000:02:000:0075"},"geometry":{"type":"Polygon","coordinates":[[[37.603854,49.904937],[37.6033537937853,49.905194],[37.603353,49.905194],[37.603165,49.905291],[37.603138,49.905305],[37.60313893421052,49.905305],[37.602882,49.905443],[37.602604,49.905592],[37.602359,49.905767],[37.60480717398374,49.908732],[37.604806,49.908732],[37.605224,49.909236],[37.605291,49.909177],[37.60591203344491,49.90874985953171],[37.606115,49.908611364705884],[37.606115,49.908612],[37.60627121428652,49.90850477142802],[37.606287,49.908494],[37.606287,49.90849393580247],[37.60652,49.908334],[37.606703,49.908231],[37.6062772697669,49.90771621395283],[37.604195,49.905194],[37.604194351089596,49.905194],[37.603945,49.904892],[37.603854,49.904937]]]}},{"type":"Feature","properties":{"cadnum":"6321885000:02:000:0076"},"geometry":{"type":"Polygon","coordinates":[[[37.604499,49.903092],[37.604388,49.903141],[37.604042,49.903264],[37.60372,49.903378],[37.603677,49.903446],[37.603638,49.903509],[37.603746,49.903638],[37.603866,49.903784],[37.604214,49.904155],[37.604595,49.904559],[37.603945,49.904892],[37.604286,49.905305],[37.60428663851617,49.905305],[37.606115,49.90751965965583],[37.606115,49.90752],[37.6062772697669,49.90771621395283],[37.606287,49.907728],[37.606287,49.90772797959183],[37.606703,49.908231],[37.607204,49.907947],[37.607942,49.907263],[37.6063246863219,49.905305],[37.606325,49.905305],[37.606287,49.90525885714286],[37.606287,49.905258],[37.606287,49.905257],[37.604499,49.903092]]]}},{"type":"Feature","properties":{"cadnum":"6321885000:03:000:0153"},"geometry":{"type":"Polygon","coordinates":[[[37.636094,49.930414],[37.635036,49.931071],[37.638630479430375,49.933489],[37.638629,49.933489],[37.639246,49.933904],[37.639246,49.93390367605634],[37.639926,49.934361],[37.64055,49.933968],[37.64098,49.9337],[37.64082921800948,49.933599],[37.64083,49.933599],[37.639246,49.93253458086561],[37.639246,49.932534],[37.636094,49.930414]]]}},{"type":"Feature","properties":{"cadnum":"6321885000:04:000:0003"},"geometry":{"type":"Polygon","coordinates":[[[37.641997,49.928538],[37.641063,49.927909],[37.639074,49.929243],[37.639074,49.92924320057306],[37.63785,49.930063],[37.63785100917432,49.930063],[37.63704,49.930607],[37.638374,49.931505],[37.639246,49.930921],[37.639246,49.93092065882353],[37.640689,49.929953],[37.64068812420382,49.929953],[37.642398,49.928807],[37.641997,49.928538]]]}},{"type":"Feature","properties":{"cadnum":"6321885000:04:000:0001"},"geometry":{"type":"Polygon","coordinates":[[[37.643744,49.929713],[37.643221,49.930063],[37.64322189503662,49.930063],[37.639719,49.932411],[37.641268,49.933453],[37.642361,49.93274],[37.643434,49.932043],[37.643413,49.9319],[37.643387,49.931725],[37.643575,49.931384],[37.643764,49.93104],[37.644464,49.930714],[37.644567,49.93066643272727],[37.644567,49.930667],[37.644919,49.930504],[37.644739,49.93038331818182],[37.644739,49.930383],[37.64426272093023,49.930063],[37.644264,49.930063],[37.643744,49.929713]]]}},{"type":"Feature","properties":{"cadnum":"6321885000:04:000:0002"},"geometry":{"type":"Polygon","coordinates":[[[37.643744,49.929713],[37.643686,49.929675],[37.642398,49.928807],[37.640524,49.930063],[37.64052496491228,49.930063],[37.639074,49.931036],[37.639074,49.93103619266055],[37.638374,49.931505],[37.639245999998366,49.932091999998896],[37.639719,49.932411],[37.643386,49.929953],[37.64338537142857,49.929953],[37.643744,49.929713]]]}},{"type":"Feature","properties":{"cadnum":"6321885000:04:000:0014"},"geometry":{"type":"Polygon","coordinates":[[[37.649025,49.929394],[37.647707,49.928245],[37.646857,49.927548],[37.644567,49.929084],[37.644567,49.929085294820716],[37.643735,49.929643],[37.64419630952381,49.929953],[37.644195,49.929953],[37.644739,49.930319],[37.644739,49.930318509803925],[37.644975,49.930477],[37.645155,49.930394],[37.646861,49.929953],[37.64686084883721,49.929953],[37.647102,49.929891],[37.649025,49.929394]]]}},{"type":"Feature","properties":{"cadnum":"6321885000:04:000:0091"},"geometry":{"type":"Polygon","coordinates":[[[37.655725,49.901580749999994],[37.65584014765101,49.901656],[37.655839,49.901656],[37.660076,49.904419],[37.660079,49.904419],[37.660619,49.904199],[37.661177,49.903971],[37.661219,49.903952],[37.661219,49.903113],[37.660969,49.90296],[37.66027,49.902618],[37.6583,49.902014],[37.657422,49.901662],[37.656619,49.901415],[37.655554,49.900805],[37.655554,49.900805665127024],[37.655292,49.900655],[37.654689,49.900904],[37.655725,49.901582],[37.655725,49.901580749999994]]]}},{"type":"Feature","properties":{"cadnum":"6321885000:04:000:0090"},"geometry":{"type":"Polygon","coordinates":[[[37.653159,49.901536],[37.653511,49.901767],[37.65351210482315,49.901767],[37.655725,49.903211],[37.655725,49.90320959309021],[37.657638,49.904458],[37.6589,49.903879],[37.659088,49.903992],[37.659241,49.904082],[37.659414,49.904256],[37.659562,49.904404],[37.659815,49.904412],[37.660076,49.904419],[37.656009216069485,49.901767],[37.65601,49.901767],[37.655554,49.901469],[37.655554,49.90147009073359],[37.654689,49.900904],[37.653159,49.901536]]]}},{"type":"Feature","properties":{"cadnum":"6321885000:04:000:0418"},"geometry":{"type":"MultiPolygon","coordinates":[[[[37.664443,49.900114],[37.663505,49.899817],[37.662537,49.900074],[37.662493,49.90057],[37.66179,49.900956],[37.661262,49.901621],[37.661295,49.901767],[37.66654,49.901767],[37.66654,49.904027],[37.666902,49.903961],[37.66928,49.903509],[37.671171,49.903303],[37.672205,49.903136],[37.672205,49.90313517647059],[37.672441,49.903097],[37.673049,49.902895],[37.6720832381237,49.90255945478116],[37.671438,49.902334],[37.669393,49.901685],[37.667364,49.901041],[37.666712,49.900834480582525],[37.666712,49.900834],[37.665373,49.900409],[37.664443,49.900114]]],[[[37.654319,49.90368],[37.65406,49.90347],[37.653641,49.903499],[37.653063,49.90403],[37.652322,49.904711],[37.651985,49.905305],[37.65198536871509,49.905305],[37.651745,49.905731],[37.652323,49.906325],[37.653283,49.907311],[37.65382,49.907863],[37.655185,49.907526],[37.655554,49.907465183333336],[37.655554,49.907466],[37.656537,49.907303],[37.657944,49.907178],[37.659218,49.907064],[37.660174,49.906738],[37.66096,49.906474],[37.661047,49.90643872972973],[37.661047,49.906439],[37.661718,49.906167],[37.662246,49.905727],[37.662772,49.905277],[37.662914,49.905194],[37.661219,49.905194],[37.661219,49.903997],[37.661208,49.904001],[37.66065,49.904229],[37.660215,49.904459],[37.659532,49.90444],[37.659367,49.904276],[37.659198,49.904106],[37.65905,49.904017],[37.658895,49.903926],[37.657724,49.904463],[37.656393,49.905074],[37.655554,49.904526],[37.655554,49.90452696551725],[37.655493,49.904487],[37.654586,49.903895],[37.654319,49.90368]]]]}},{"type":"Feature","properties":{"cadnum":"6321885000:04:000:0089"},"geometry":{"type":"Polygon","coordinates":[[[37.65286809090909,49.901656],[37.652868,49.901656],[37.6528181715992,49.90167659171533],[37.652599,49.901767],[37.652599399137934,49.901767],[37.650232,49.90274533380834],[37.650232,49.902745],[37.64847,49.903472],[37.649449,49.904399],[37.649745,49.904205],[37.650061,49.90399703418803],[37.650061,49.903998],[37.650096,49.903974],[37.650232,49.903834],[37.650232,49.90383381538461],[37.650551,49.903505],[37.651016,49.903028],[37.651513,49.902712],[37.652021,49.902389],[37.652358,49.902363],[37.65268,49.902337],[37.653257,49.9024],[37.653833,49.902463],[37.654084,49.902534],[37.654341,49.902609],[37.654518,49.902732],[37.654708,49.902864],[37.654677,49.903003],[37.654647,49.903136],[37.654362,49.903324],[37.654134,49.903472],[37.654363,49.903656],[37.654627,49.903871],[37.655532,49.904461],[37.655554,49.904475476683935],[37.655554,49.904476],[37.65562013467531,49.90451899535629],[37.655725,49.904588],[37.655725,49.904587170212764],[37.6564,49.905026],[37.657603,49.904474],[37.657638,49.904458],[37.655554,49.903098],[37.655554,49.903099415862364],[37.653342,49.901656],[37.65334185714286,49.901656],[37.653159,49.901536],[37.65286809090909,49.901656]]]}},{"type":"Feature","properties":{"cadnum":"6321885000:02:000:0333"},"geometry":{"type":"Polygon","coordinates":[[[37.561721,49.922296],[37.561343,49.922233],[37.56062003298153,49.92288],[37.56062,49.92288],[37.56053906778629,49.92295245763636],[37.560496,49.922991],[37.560496017543855,49.922991],[37.560429,49.923051],[37.560692,49.923503],[37.561658,49.924434],[37.561856,49.925782],[37.56211681879195,49.926417],[37.562116,49.926417],[37.562241,49.926719],[37.562568,49.928161],[37.563015,49.92951],[37.563075882459316,49.929953],[37.563075,49.929953],[37.56313,49.93034],[37.56342,49.930966],[37.563692,49.93133],[37.563557,49.931918],[37.563685,49.932525],[37.564018,49.932947],[37.564333,49.933599],[37.5643334341637,49.933599],[37.564553,49.934051],[37.564973,49.934349],[37.565192,49.934695],[37.565574,49.934994],[37.565265,49.9365],[37.564929,49.937127],[37.564933,49.937135],[37.56493430628803,49.937135],[37.565583,49.938113],[37.565524,49.938756],[37.565574,49.939001],[37.56543,49.939255],[37.567835,49.93977],[37.567835,49.939769679089025],[37.568629,49.939939],[37.570422,49.940004],[37.571078,49.939909],[37.571019,49.939684],[37.570712,49.939787],[37.570378,49.939794],[37.569774,49.93972],[37.568221,49.939356],[37.567835,49.939228716845875],[37.567835,49.939228],[37.56683,49.938896],[37.566498,49.938174],[37.56610102785031,49.937135],[37.566102,49.937135],[37.56605,49.936997],[37.566085,49.936475],[37.566409,49.935703],[37.567018,49.934949],[37.565112,49.933573],[37.564331,49.933032],[37.564298,49.932785],[37.56454,49.932515],[37.565521,49.932267],[37.566712,49.932094],[37.566694,49.931822],[37.565205,49.931337],[37.564066,49.930075],[37.564036,49.929953],[37.56403532373272,49.929953],[37.563641,49.928327],[37.563917,49.926875],[37.563274187772926,49.926527],[37.563275,49.926527],[37.562975,49.926364],[37.562727,49.925761],[37.563716,49.924562],[37.566358306183105,49.922991],[37.56636,49.922991],[37.567828,49.922118],[37.567835,49.922118],[37.567835,49.922117874135544],[37.568551,49.922105],[37.568139,49.920918],[37.567835,49.921000386554624],[37.567835,49.921],[37.565338,49.921677],[37.563353,49.922294],[37.562618,49.922318],[37.562342,49.92231183928571],[37.562342,49.922311],[37.561721,49.922296]]]}},{"type":"Feature","properties":{"cadnum":"6321885000:03:000:0161"},"geometry":{"type":"Polygon","coordinates":[[[37.607097,49.965254],[37.606923,49.96497],[37.60628515419837,49.965166563867086],[37.605485,49.965411],[37.60548666666664,49.965411],[37.605405,49.965436],[37.605604,49.965735],[37.606287,49.965526],[37.606287,49.96552517960089],[37.607017,49.965301],[37.607016492753644,49.965301],[37.607108,49.965273],[37.607097,49.965254]]]}},{"type":"Feature","properties":{"cadnum":"6321885000:03:000:0162"},"geometry":{"type":"Polygon","coordinates":[[[37.60628515419837,49.965166563867086],[37.606287,49.965166],[37.606287,49.9651659950495],[37.606923,49.96497],[37.606807,49.964784],[37.606115,49.964833],[37.606115,49.96483315547703],[37.605438,49.964881],[37.60539996226415,49.965301],[37.605399,49.965301],[37.60539246153846,49.965383820512876],[37.60539,49.965411],[37.60539031578947,49.965411],[37.60539,49.965415],[37.605405,49.965436],[37.605846,49.965301],[37.60584508163268,49.965301],[37.606115,49.9652185436409],[37.606115,49.965219],[37.60628515419837,49.965166563867086]]]}},{"type":"Feature","properties":{"cadnum":"6321885000:03:000:0044"},"geometry":{"type":"Polygon","coordinates":[[[37.609402,49.957991],[37.608431,49.957507],[37.60766163082437,49.958233],[37.60766,49.958233],[37.606115,49.95969],[37.606115,49.959690102643854],[37.604358,49.961346],[37.604332,49.961422],[37.60406776136364,49.961767],[37.604067,49.961767],[37.603995,49.961862],[37.603595,49.962111],[37.603577,49.962145],[37.605477,49.961968],[37.605682,49.961767],[37.605681526315784,49.961767],[37.606287,49.961175],[37.606287,49.96117452125984],[37.609176680064316,49.958344],[37.609177,49.958344],[37.609373,49.958153],[37.609402,49.957991]]]}},{"type":"Feature","properties":{"cadnum":"6321885000:03:000:0278"},"geometry":{"type":"Polygon","coordinates":[[[37.60929090575916,49.958233],[37.60929,49.958233],[37.606115,49.961343],[37.606115,49.961343172461746],[37.605568,49.961878],[37.60556879104478,49.961878],[37.605477,49.961968],[37.60605,49.961915],[37.606287,49.961877],[37.606287,49.9618762077728],[37.606945,49.961769],[37.607314,49.961568],[37.60751,49.961324],[37.608779,49.960084],[37.609017,49.959796],[37.609126,49.959495],[37.609358,49.958233],[37.609357921465964,49.958233],[37.609373,49.958153],[37.60929090575916,49.958233]]]}},{"type":"Feature","properties":{"cadnum":"6321885000:03:000:0046"},"geometry":{"type":"Polygon","coordinates":[[[37.608285,49.961343],[37.607947,49.961076],[37.607643,49.961375],[37.607544,49.961496],[37.607436,49.961631],[37.607227,49.961744],[37.607185,49.961767],[37.607184,49.961767],[37.607017,49.961859],[37.60654,49.961936],[37.60623257009373,49.96198663551397],[37.606079,49.962011],[37.604827,49.962129],[37.603601,49.962242],[37.603614,49.962261],[37.605173,49.962753],[37.60559,49.963121],[37.605783,49.963369],[37.60539,49.964121],[37.606287,49.963797],[37.606287,49.96379670557823],[37.60979,49.962528],[37.609681,49.962443],[37.608963884615385,49.961878],[37.608964,49.961878],[37.608285,49.961343]]]}},{"type":"Feature","properties":{"cadnum":"6321885000:03:000:0047"},"geometry":{"type":"Polygon","coordinates":[[[37.607849,49.964666],[37.609038,49.96452],[37.610204,49.964001],[37.61077,49.96361],[37.610951,49.963454],[37.610962,49.963451],[37.610891,49.963395],[37.60979,49.962528],[37.606115,49.963859],[37.606115,49.9638591270903],[37.60539,49.964121],[37.605333,49.964229],[37.605442,49.964835],[37.606287,49.964776],[37.606287,49.96477589850058],[37.607849,49.964666]]]}},{"type":"Feature","properties":{"cadnum":"6321885000:01:000:0623"},"geometry":{"type":"Polygon","coordinates":[[[37.594371,49.975685],[37.593154,49.97601],[37.59315519095477,49.97601],[37.592822,49.976099],[37.591548,49.976345],[37.589808,49.97700751046025],[37.589808,49.977007],[37.58957,49.977097],[37.589636,49.97716438655462],[37.589636,49.977165],[37.589952,49.977489],[37.590182,49.977388],[37.590412,49.977149],[37.590624,49.976945],[37.591288,49.97672],[37.591594,49.976862],[37.591786,49.976872],[37.591921,49.976847],[37.591973,49.976881],[37.592357,49.976699],[37.592676,49.976545],[37.59303,49.976543],[37.593313,49.976662],[37.593445,49.97678],[37.5942,49.976392],[37.594775,49.976097],[37.594582,49.9759],[37.594581369230774,49.9759],[37.594371,49.975685]]]}},{"type":"Feature","properties":{"cadnum":"6321885000:01:000:0625"},"geometry":{"type":"Polygon","coordinates":[[[37.589952,49.977489],[37.589808,49.97734135443038],[37.589808,49.97734],[37.58957,49.977097],[37.589549,49.977105],[37.58834,49.977425],[37.586727,49.978072],[37.585665,49.978783],[37.586042,49.979169],[37.586306,49.979033],[37.586837,49.978786],[37.587536,49.978398],[37.588363,49.978012],[37.589368,49.977746],[37.589808,49.977553],[37.589808,49.97755234177215],[37.589952,49.977489]]]}},{"type":"Feature","properties":{"cadnum":"6321885000:01:000:0618"},"geometry":{"type":"Polygon","coordinates":[[[37.600622,49.973544],[37.600622,49.973544396357795],[37.598889,49.973265],[37.598995,49.973682],[37.599006,49.974115],[37.597354,49.974798],[37.596058,49.975189],[37.595129,49.97547],[37.595129,49.97547069573284],[37.594762,49.975581],[37.594371,49.975685],[37.594689,49.97601],[37.59468976649746,49.97601],[37.594775,49.976097],[37.595129,49.97591531746032],[37.595129,49.975916],[37.595153,49.975903],[37.595301,49.975847],[37.595301,49.97584615942029],[37.596671,49.97532],[37.598191,49.974736],[37.598861,49.974479],[37.59925,49.974329],[37.599665,49.974065],[37.599901,49.973915],[37.600622,49.97362069707602],[37.600622,49.973621],[37.600756,49.973566],[37.600622,49.973544]]]}},{"type":"Feature","properties":{"cadnum":"6321885000:04:000:0012"},"geometry":{"type":"Polygon","coordinates":[[[37.645221,49.92576],[37.645146,49.925034],[37.644567,49.925295],[37.644567,49.925295450292396],[37.641832,49.926527],[37.64183294562648,49.926527],[37.6402,49.927263],[37.642045,49.928505],[37.644739,49.926699],[37.644739,49.926698460236885],[37.64506911609631,49.92647670712312],[37.645575,49.926138],[37.645221,49.92576]]]}},{"type":"Feature","properties":{"cadnum":"6321885000:04:000:0013"},"geometry":{"type":"Polygon","coordinates":[[[37.645575,49.926138],[37.645158293059126,49.926417],[37.645158,49.926417],[37.64506911609655,49.92647670712296],[37.644994,49.926527],[37.64499424685139,49.926527],[37.644567,49.926814],[37.644567,49.92681430512249],[37.642045,49.928505],[37.643735,49.929643],[37.644739,49.92897],[37.644739,49.928968632314415],[37.646857,49.927548],[37.646217,49.927024],[37.645891,49.926475],[37.645575,49.926138]]]}},{"type":"Feature","properties":{"cadnum":"6321885000:03:000:0270"},"geometry":{"type":"Polygon","coordinates":[[[37.606992,49.956789],[37.606115,49.957659],[37.606115,49.95765920833333],[37.60553516842105,49.958233],[37.605535,49.958233],[37.60548145333463,49.95828615555427],[37.605423,49.958344],[37.6054231832776,49.958344],[37.604029,49.959728],[37.604462,49.960009],[37.604507,49.960276],[37.606287,49.958599],[37.606287,49.95859882857143],[37.606675,49.958233],[37.606674805699484,49.958233],[37.607786,49.957186],[37.606992,49.956789]]]}},{"type":"Feature","properties":{"cadnum":"6321885000:03:000:0042"},"geometry":{"type":"Polygon","coordinates":[[[37.606992,49.956789],[37.606115,49.956352],[37.606115,49.956352193258425],[37.605397,49.955994],[37.603274237446804,49.958233],[37.603274,49.958233],[37.602607,49.958936],[37.603607,49.959454],[37.604029,49.959728],[37.60548145333459,49.95828615555431],[37.606287,49.957489],[37.606287,49.95748837286203],[37.606992,49.956789]]]}},{"type":"Feature","properties":{"cadnum":"6321885000:03:000:0269"},"geometry":{"type":"Polygon","coordinates":[[[37.608431,49.957507],[37.607786,49.957186],[37.606557,49.958344],[37.60655727272728,49.958344],[37.606115,49.958761],[37.606115,49.95876104719101],[37.604507,49.960276],[37.604581,49.960701],[37.604358,49.961346],[37.606287,49.959528],[37.606287,49.95952779676376],[37.607542295813325,49.958344],[37.607544,49.958344],[37.608431,49.957507]]]}},{"type":"Feature","properties":{"cadnum":"6321885000:02:000:0251"},"geometry":{"type":"Polygon","coordinates":[[[37.616584,49.915374],[37.614098,49.914702],[37.612365,49.914308],[37.612103,49.914667],[37.612107,49.914994],[37.612243,49.915205],[37.612381,49.915302],[37.612541,49.915357],[37.612875,49.915413],[37.613807,49.915563],[37.614244,49.915636],[37.61476,49.915764],[37.614987,49.915844],[37.615046,49.915879],[37.615144,49.915917],[37.61514509803922,49.915917],[37.615711,49.916134],[37.615912,49.916207],[37.61614486783043,49.915917],[37.616145,49.915917],[37.616584,49.915374]]]}},{"type":"Feature","properties":{"cadnum":"6321885000:04:000:0062"},"geometry":{"type":"Polygon","coordinates":[[[37.617778,49.916467],[37.617273,49.917066874260364],[37.617273,49.917066],[37.61535547613066,49.919343],[37.615354,49.919343],[37.614583,49.92026],[37.614878,49.920342],[37.614901,49.920304],[37.614928,49.920311],[37.614917,49.920328],[37.614905,49.920349],[37.615932,49.920633],[37.616258,49.920723],[37.616416,49.920766],[37.617102,49.91995112485414],[37.617102,49.919952],[37.617614,49.919343],[37.61761354435484,49.919343],[37.61961,49.916974],[37.617778,49.916467]],[[37.615942,49.92058],[37.61597,49.920588],[37.615956,49.920604],[37.615931,49.920597],[37.615942,49.92058]]]}},{"type":"Feature","properties":{"cadnum":"6321885000:03:000:0063"},"geometry":{"type":"Polygon","coordinates":[[[37.617778,49.916467],[37.617273,49.91632805029585],[37.617273,49.916328],[37.617063,49.916269],[37.6144744700157,49.919343],[37.614473,49.919343],[37.613878,49.920052],[37.613871,49.920063],[37.614583,49.92026],[37.61526067284624,49.919454],[37.615262,49.919454],[37.617102,49.91726905718547],[37.617102,49.91727],[37.617778,49.916467]]]}},{"type":"Feature","properties":{"cadnum":"6321885000:04:000:0064"},"geometry":{"type":"Polygon","coordinates":[[[37.62043120610687,49.912269],[37.62043,49.912269],[37.617359,49.915917],[37.61735979186603,49.915917],[37.61720948325416,49.91609599999932],[37.617096,49.91623],[37.617102,49.916231694915254],[37.617102,49.916232],[37.617152509234835,49.91624596306069],[37.617273,49.91628],[37.617273,49.91627927221439],[37.617811,49.916428],[37.61888,49.916724],[37.61955865359477,49.915917],[37.61956,49.915917],[37.622234,49.912743],[37.621458,49.912528],[37.62069051248425,49.912316307490336],[37.620448,49.912249],[37.62043120610687,49.912269]]]}},{"type":"Feature","properties":{"cadnum":"6321885000:02:000:0301"},"geometry":{"type":"Polygon","coordinates":[[[37.570926,49.924956],[37.569378,49.926527],[37.56937878994083,49.926527],[37.568822,49.927093],[37.568121,49.927806],[37.567663,49.92827],[37.567663,49.92827048076923],[37.567419,49.928518],[37.566716,49.92923],[37.566015,49.929943],[37.56600508333334,49.929953],[37.566004,49.929953],[37.56589933255526,49.930059639440074],[37.565896,49.930063],[37.565896034139406,49.930063],[37.565314,49.930656],[37.565555,49.930854],[37.566443,49.929953],[37.56644148325673,49.929953],[37.567663,49.9287144047936],[37.567663,49.928715],[37.569089,49.927267],[37.569794,49.92655],[37.56987252791855,49.926469659898714],[37.571208,49.925115],[37.570926,49.924956]]]}},{"type":"Feature","properties":{"cadnum":"6321885000:02:000:0317"},"geometry":{"type":"Polygon","coordinates":[[[37.571208,49.925115],[37.56992444192635,49.926417],[37.569924,49.926417],[37.56987252791855,49.926469659898714],[37.569816,49.926527],[37.569816481203006,49.926527],[37.569794,49.92655],[37.569089,49.927267],[37.567835,49.92854034642356],[37.567835,49.92854],[37.566333,49.930063],[37.56633458712542,49.930063],[37.565555,49.930854],[37.565792,49.931049],[37.566871,49.929953],[37.566870456913826,49.929953],[37.567254,49.929564],[37.567835,49.928976],[37.567835,49.928975337461296],[37.567986,49.928822],[37.568717,49.928079],[37.569448,49.927338],[37.570355,49.926417],[37.57035429216655,49.926417],[37.571641,49.92511],[37.571208,49.925115]]]}},{"type":"Feature","properties":{"cadnum":"6321885000:02:000:0296"},"geometry":{"type":"Polygon","coordinates":[[[37.572138,49.925023],[37.571645,49.92511],[37.571641,49.92511],[37.570246,49.926527],[37.57024667209555,49.926527],[37.569448,49.927338],[37.568717,49.928079],[37.567986,49.928822],[37.567663,49.92915],[37.567663,49.929150072289154],[37.567254,49.929564],[37.566762,49.930063],[37.56676270620438,49.930063],[37.565792,49.931049],[37.56602,49.931236],[37.566785,49.93046],[37.567284,49.929953],[37.56728384210526,49.929953],[37.567551,49.929683],[37.56767541904648,49.92955639047735],[37.568315,49.928907],[37.569079,49.92813],[37.569845,49.927353],[37.57061,49.926576],[37.570767,49.926417],[37.57076633562586,49.926417],[37.571374,49.9258],[37.572138,49.925023]]]}},{"type":"Feature","properties":{"cadnum":"6321885000:02:000:0305"},"geometry":{"type":"Polygon","coordinates":[[[37.572585,49.924972],[37.572299,49.924995],[37.572138,49.925023],[37.571374,49.9258],[37.570658,49.926527],[37.570658383647796,49.926527],[37.57061,49.926576],[37.569845,49.927353],[37.569079,49.92813],[37.568315,49.928907],[37.567835,49.92939436196319],[37.567835,49.929394],[37.56767541904648,49.92955639047735],[37.567663,49.929569],[37.567663,49.92956902816901],[37.567551,49.929683],[37.567175,49.930063],[37.5671757357002,49.930063],[37.566785,49.93046],[37.56602,49.931236],[37.566101,49.931301],[37.566275,49.93138],[37.56757077295024,49.930063],[37.567571,49.930063],[37.567663,49.92996995454545],[37.567663,49.92997],[37.56767307999992,49.92995976000008],[37.567835,49.929796],[37.567835,49.92979526984127],[37.567852,49.929778],[37.568641,49.928977],[37.569431,49.928176],[37.571008,49.926574],[37.57108540740886,49.92649508465461],[37.571796,49.925773],[37.572585,49.924972]]]}},{"type":"Feature","properties":{"cadnum":"6321885000:02:000:0309"},"geometry":{"type":"Polygon","coordinates":[[[37.572747,49.924959],[37.572585,49.924972],[37.571796,49.925773],[37.571162249336865,49.926417],[37.571162,49.926417],[37.57108540740886,49.92649508465461],[37.571054,49.926527],[37.57105410191083,49.926527],[37.571008,49.926574],[37.569431,49.928176],[37.568641,49.928977],[37.567852,49.929778],[37.567679734375005,49.929953],[37.567679,49.929953],[37.566275,49.93138],[37.566488,49.931476],[37.56657,49.931473],[37.567371,49.930661],[37.567663,49.93036459482759],[37.567663,49.930365],[37.56774891855171,49.930277380090835],[37.567835,49.93019],[37.567835,49.93018959405941],[37.568067,49.929953],[37.568066342749525,49.929953],[37.570573,49.927408],[37.571374,49.926595],[37.57155,49.926417],[37.571549305519895,49.926417],[37.572975,49.924969],[37.572747,49.924959]]]}},{"type":"Feature","properties":{"cadnum":"6321885000:02:000:0324"},"geometry":{"type":"Polygon","coordinates":[[[37.571253,49.924189],[37.57131,49.923995],[37.571147,49.923893],[37.570375,49.924676],[37.569604,49.92546],[37.568831,49.926244],[37.568552,49.926527],[37.56855280032733,49.926527],[37.56806,49.927028],[37.567663,49.927431],[37.567663,49.92743147575757],[37.566515,49.928596],[37.565744,49.92938],[37.565069,49.930063],[37.565070606635075,49.930063],[37.564972,49.930164],[37.565131,49.930406],[37.565578,49.929953],[37.565576732718895,49.929953],[37.565897,49.929629],[37.566661,49.928852],[37.567427,49.928074],[37.567835,49.927661],[37.567835,49.92766040377359],[37.568193,49.927297],[37.569059,49.926417],[37.56905854182754,49.926417],[37.570489,49.924966],[37.571253,49.924189]]]}},{"type":"Feature","properties":{"cadnum":"6321885000:02:000:0310"},"geometry":{"type":"Polygon","coordinates":[[[37.570827,49.924899],[37.57093,49.924686],[37.571232,49.924264],[37.571253,49.924189],[37.570489,49.924966],[37.568957,49.92652],[37.568949,49.926527],[37.568950750000006,49.926527],[37.568193,49.927297],[37.567663,49.927835],[37.567663,49.92783510784314],[37.567427,49.928074],[37.566661,49.928852],[37.565897,49.929629],[37.565468,49.930063],[37.56546945695364,49.930063],[37.565131,49.930406],[37.565272,49.930621],[37.565314,49.930656],[37.56589933255526,49.930059639440074],[37.566015,49.929943],[37.566716,49.92923],[37.567419,49.928518],[37.567835,49.928096],[37.567835,49.928095746724885],[37.568121,49.927806],[37.568822,49.927093],[37.569487,49.926417],[37.56948638956079,49.926417],[37.570926,49.924956],[37.570827,49.924899]]]}},{"type":"Feature","properties":{"cadnum":"6321885000:02:000:0292"},"geometry":{"type":"Polygon","coordinates":[[[37.567835,49.9264345580434],[37.570647,49.923578],[37.570391,49.923416],[37.568918,49.924913],[37.567663,49.926188],[37.567663,49.92618803550296],[37.567328,49.926527],[37.56732865829146,49.926527],[37.564497,49.929402],[37.564512,49.929461],[37.564648,49.92967],[37.566897,49.927385],[37.567648,49.926624],[37.567663,49.92660883957218],[37.567663,49.926609],[37.56769398360772,49.92657752458899],[37.56774397354498,49.926527],[37.567744,49.926527],[37.56774919134412,49.926521726395514],[37.567835,49.926435],[37.567835,49.9264345580434]]]}},{"type":"Feature","properties":{"cadnum":"6321885000:02:000:0325"},"geometry":{"type":"Polygon","coordinates":[[[37.569604,49.92546],[37.570375,49.924676],[37.571147,49.923893],[37.570899,49.923737],[37.570138,49.924509],[37.568617,49.926055],[37.56815,49.926527],[37.56815160583942,49.926527],[37.567855,49.926828],[37.567835,49.9268483125],[37.567835,49.926848],[37.567095,49.9276],[37.566333,49.928373],[37.565572,49.929146],[37.564811,49.929918],[37.564833689655174,49.929953],[37.564832,49.929953],[37.564972,49.930164],[37.565178,49.929953],[37.56517771156662,49.929953],[37.565744,49.92938],[37.566515,49.928596],[37.567835,49.927257],[37.567835,49.92725640050378],[37.56806,49.927028],[37.568661,49.926417],[37.56866044522968,49.926417],[37.568831,49.926244],[37.569604,49.92546]]]}},{"type":"Feature","properties":{"cadnum":"6321885000:02:000:0293"},"geometry":{"type":"Polygon","coordinates":[[[37.568617,49.926055],[37.570138,49.924509],[37.570899,49.923737],[37.570647,49.923578],[37.56785228416412,49.926417],[37.567852,49.926417],[37.56769398360772,49.92657752458899],[37.567648,49.926624],[37.566897,49.927385],[37.564648,49.92967],[37.564811,49.929918],[37.565572,49.929146],[37.566333,49.928373],[37.567095,49.9276],[37.567663,49.92702278918919],[37.567663,49.927023],[37.567855,49.926828],[37.56826,49.926417],[37.56825883474576,49.926417],[37.568617,49.926055]]]}},{"type":"Feature","properties":{"cadnum":"6321885000:03:000:0020"},"geometry":{"type":"Polygon","coordinates":[[[37.585536,49.950661],[37.585291,49.951275],[37.58529138888889,49.951275],[37.585021,49.951957],[37.584951,49.952067],[37.58793997947214,49.954699],[37.587939,49.954699],[37.588049,49.954795],[37.589419,49.954079],[37.58623202402196,49.951275],[37.586233,49.951275],[37.585536,49.950661]]]}},{"type":"Feature","properties":{"cadnum":"6321885000:03:000:0019"},"geometry":{"type":"Polygon","coordinates":[[[37.584314,49.95383269375],[37.585423,49.95481],[37.58542509968848,49.95481],[37.586393,49.955662],[37.588020349480956,49.95481],[37.588021,49.95481],[37.588049,49.954795],[37.584951,49.952067],[37.584703,49.952458],[37.584201800000564,49.95284284999956],[37.58405,49.952959],[37.583624,49.953224],[37.584314,49.953833],[37.584314,49.95383269375]]]}},{"type":"Feature","properties":{"cadnum":"6321885000:02:000:0001"},"geometry":{"type":"Polygon","coordinates":[[[37.583156,49.951275],[37.583156339095254,49.951275],[37.58084,49.953884],[37.581317,49.954354],[37.58249,49.953657],[37.583826,49.952823],[37.584143,49.95258070286886],[37.584143,49.952581],[37.58431207114602,49.95245147430847],[37.584314,49.95245],[37.584314,49.95244999661017],[37.584438,49.952355],[37.58473,49.951894],[37.585018,49.951165],[37.58501787190684,49.951165],[37.585248,49.950588],[37.584240142856856,49.950284274725185],[37.58408,49.950235],[37.583156,49.951275]]]}},{"type":"Feature","properties":{"cadnum":"6321885000:03:000:0018"},"geometry":{"type":"Polygon","coordinates":[[[37.583624,49.953224],[37.583087,49.953559],[37.584248627047366,49.954582405736105],[37.584506,49.95481],[37.58450719224684,49.95481],[37.585818,49.955963],[37.586393,49.955662],[37.585299,49.954699],[37.58529704255319,49.954699],[37.584143,49.953682],[37.584143,49.95368207391304],[37.583624,49.953224]]]}},{"type":"Feature","properties":{"cadnum":"6321885000:03:000:0092"},"geometry":{"type":"Polygon","coordinates":[[[37.605987,49.940324],[37.606115,49.94023866666666],[37.606115,49.940239],[37.606703,49.939846],[37.607171,49.939728],[37.60802,49.939753],[37.609994,49.940222],[37.610207,49.940235],[37.606287,49.938776016617794],[37.606287,49.938776],[37.602662,49.937427],[37.601397,49.938632],[37.601849,49.938649],[37.602866,49.938954],[37.605645,49.940342],[37.605987,49.940324]]]}},{"type":"Feature","properties":{"cadnum":"6321885000:02:000:0330"},"geometry":{"type":"Polygon","coordinates":[[[37.606373,49.911686],[37.606487,49.911587],[37.606559,49.911422],[37.606746,49.911273],[37.606908,49.911098],[37.607029,49.910893],[37.607018,49.910644],[37.60699,49.91045],[37.606873,49.91033],[37.606791,49.910146],[37.606506,49.91005],[37.606778,49.909797],[37.606518,49.909977],[37.606337,49.910116],[37.606358,49.910204],[37.606554,49.910347],[37.606901,49.910598],[37.606779,49.911026],[37.606585,49.911227],[37.606287,49.91134429787234],[37.606287,49.911344],[37.605958,49.911474],[37.606115,49.911651],[37.606059,49.91183],[37.605779,49.911953],[37.605182,49.911895],[37.604835,49.911928],[37.605816,49.912087],[37.606115,49.911931],[37.606287,49.911768],[37.606287,49.91176766666667],[37.606373,49.911686]]]}},{"type":"Feature","properties":{"cadnum":"6321885000:02:000:0250"},"geometry":{"type":"Polygon","coordinates":[[[37.609499,49.908302],[37.60911,49.907678],[37.608918,49.907438],[37.608702,49.90682],[37.608533,49.907246],[37.608464,49.907489],[37.607963,49.908034],[37.60749,49.908043],[37.607078,49.908358],[37.607287,49.908511],[37.606688,49.908842],[37.60669000000001,49.908842],[37.606672,49.908852],[37.606115,49.909226],[37.606115,49.90922619557196],[37.605745,49.909474],[37.605682,49.909617],[37.605906,49.909623],[37.606115,49.909530842519686],[37.606115,49.909531],[37.60615999999997,49.909511000000016],[37.606287,49.909455],[37.606287,49.909454555555556],[37.606304,49.909447],[37.606531,49.909413],[37.606779,49.909442],[37.607117,49.909419],[37.607317,49.90937],[37.607992,49.909108],[37.608323,49.909007],[37.60841,49.909063],[37.608275,49.909161],[37.607792,49.909483],[37.607214,49.909655],[37.606778,49.909797],[37.606518,49.909977],[37.606337,49.910116],[37.606358,49.910204],[37.606554,49.910347],[37.606901,49.910598],[37.606779,49.911026],[37.606585,49.911227],[37.606287,49.91134429787234],[37.606287,49.911344],[37.605958,49.911474],[37.606115,49.911651],[37.606059,49.91183],[37.605779,49.911953],[37.605182,49.911895],[37.604835,49.911928],[37.606287,49.912164],[37.606287,49.91216384928717],[37.607097,49.912295],[37.607419,49.912155],[37.607797,49.912179],[37.607954,49.91217],[37.608245,49.912166],[37.608477,49.912179],[37.608916,49.911596],[37.609393,49.910896],[37.609809,49.910029],[37.609833,49.909814],[37.609797,49.909366],[37.609675,49.90879],[37.609499,49.908302]],[[37.607371,49.908791],[37.607608,49.908787],[37.607949,49.908763],[37.607977,49.90882],[37.607867,49.908842],[37.607869693877554,49.908842],[37.607738,49.908869],[37.607611,49.908907],[37.607368,49.908974],[37.607177,49.908958],[37.607127,49.908916],[37.607239,49.908884],[37.607273,49.908809],[37.607371,49.908791]]]}},{"type":"Feature","properties":{"cadnum":"6321885000:02:000:0332"},"geometry":{"type":"Polygon","coordinates":[[[37.607419,49.912155],[37.607683,49.912173],[37.608464,49.910986],[37.608525,49.910823],[37.60699,49.91045],[37.607018,49.910644],[37.607029,49.910893],[37.606908,49.911098],[37.606746,49.911273],[37.606559,49.911422],[37.606487,49.911587],[37.606373,49.911686],[37.606115,49.911931],[37.605816,49.912087],[37.606115,49.912135881104035],[37.606115,49.912136],[37.60619085103391,49.91214828137922],[37.606287,49.912164],[37.606287,49.91216384928717],[37.607097,49.912295],[37.607419,49.912155]]]}},{"type":"Feature","properties":{"cadnum":"6321885000:02:000:0331"},"geometry":{"type":"Polygon","coordinates":[[[37.608525,49.910823],[37.608611,49.91071],[37.608851,49.910447],[37.609,49.910241],[37.609095,49.909849],[37.608903,49.909376],[37.608028,49.909325],[37.607792,49.909483],[37.607214,49.909655],[37.606778,49.909797],[37.606506,49.91005],[37.606791,49.910146],[37.606873,49.91033],[37.60699,49.91045],[37.608525,49.910823]]]}},{"type":"Feature","properties":{"cadnum":"6321885000:02:000:0329"},"geometry":{"type":"Polygon","coordinates":[[[37.609499,49.908302],[37.60911,49.907678],[37.608918,49.907438],[37.608702,49.90682],[37.608533,49.907246],[37.608464,49.907489],[37.607963,49.908034],[37.60749,49.908043],[37.607078,49.908358],[37.607287,49.908511],[37.606688,49.908842],[37.60669000000001,49.908842],[37.606672,49.908852],[37.606115,49.909226],[37.606115,49.90922619557196],[37.605745,49.909474],[37.605682,49.909617],[37.605906,49.909623],[37.606115,49.909530842519686],[37.606115,49.909531],[37.60615999999997,49.909511000000016],[37.606287,49.909455],[37.606287,49.909454555555556],[37.606304,49.909447],[37.606531,49.909413],[37.606779,49.909442],[37.607117,49.909419],[37.607317,49.90937],[37.607992,49.909108],[37.608323,49.909007],[37.60841,49.909063],[37.608275,49.909161],[37.608028,49.909325],[37.608903,49.909376],[37.609095,49.909849],[37.609,49.910241],[37.608851,49.910447],[37.608611,49.91071],[37.608525,49.910823],[37.608464,49.910986],[37.607683,49.912173],[37.607797,49.912179],[37.607954,49.91217],[37.608245,49.912166],[37.608477,49.912179],[37.608916,49.911596],[37.609393,49.910896],[37.609809,49.910029],[37.609833,49.909814],[37.609797,49.909366],[37.609675,49.90879],[37.609499,49.908302]],[[37.607371,49.908791],[37.607609,49.908787],[37.607949,49.908763],[37.607975,49.90882],[37.607867,49.908842],[37.60786859183674,49.908842],[37.607738,49.908869],[37.607611,49.908907],[37.607368,49.908974],[37.607176,49.908958],[37.607127,49.908916],[37.607239,49.908883],[37.607273,49.908809],[37.607371,49.908791]]]}},{"type":"Feature","properties":{"cadnum":"6321885000:02:000:0074"},"geometry":{"type":"Polygon","coordinates":[[[37.602359,49.905767],[37.602333,49.905786],[37.602041,49.905995],[37.601468,49.906021],[37.600937,49.906046],[37.600936,49.906047],[37.603152205724506,49.908732],[37.603152,49.908732],[37.605392,49.911446],[37.606287,49.910988],[37.606287,49.91098722580645],[37.606518,49.910868],[37.606287,49.91068629528536],[37.606287,49.910686],[37.606113,49.910548],[37.605185,49.909984],[37.60481,49.9098],[37.604777,49.909628],[37.605224,49.909236],[37.604897230158734,49.908842],[37.604898,49.908842],[37.602359,49.905767]]]}},{"type":"Feature","properties":{"cadnum":"6321885000:04:000:0072"},"geometry":{"type":"Polygon","coordinates":[[[37.626452,49.908205],[37.625914,49.908842],[37.625915338267546,49.908842],[37.622935,49.91238],[37.622935820116055,49.91238],[37.622766,49.91258229723502],[37.622766,49.912582],[37.622588,49.912793],[37.622595,49.91279500561798],[37.622595,49.912796],[37.622694738700034,49.91282358243653],[37.622766,49.912844],[37.622766,49.912843289533996],[37.623904,49.913158],[37.624652,49.912269],[37.62465150411184,49.912269],[37.627631,49.908732],[37.62762999516908,49.908732],[37.627712,49.908635],[37.626452,49.908205]]]}},{"type":"Feature","properties":{"cadnum":"6321885000:04:000:0069"},"geometry":{"type":"Polygon","coordinates":[[[37.625278,49.906512],[37.623316,49.908842],[37.6233165,49.908842],[37.622766,49.90949664864865],[37.622766,49.909496],[37.620481,49.912211],[37.621093,49.91238],[37.62109512272727,49.91238],[37.62149,49.912489],[37.621675,49.912269],[37.621674552631575,49.912269],[37.622595,49.91117689113924],[37.622595,49.911178],[37.62456044889616,49.908842],[37.624561,49.908842],[37.626267,49.906817],[37.625278,49.906512]]]}},{"type":"Feature","properties":{"cadnum":"6321885000:04:000:0071"},"geometry":{"type":"Polygon","coordinates":[[[37.626015,49.908056],[37.626936,49.906816],[37.626813,49.906764],[37.626649,49.906696],[37.6267,49.906612],[37.626491,49.906551],[37.626267,49.906817],[37.62465367160494,49.908732],[37.624653,49.908732],[37.622766,49.910974760932945],[37.622766,49.910974],[37.621581,49.91238],[37.621581659090914,49.91238],[37.62149,49.912489],[37.622588,49.912793],[37.622595,49.912784702247194],[37.622595,49.912786],[37.623029,49.912269],[37.623028504111836,49.912269],[37.626008,49.908732],[37.62600690423862,49.908732],[37.626452,49.908205],[37.626015,49.908056]]]}},{"type":"Feature","properties":{"cadnum":"6321885000:01:001:0026"},"geometry":{"type":"Polygon","coordinates":[[[37.554904,49.965411],[37.55490485409652,49.965411],[37.554571,49.966235],[37.553520462901446,49.968834],[37.55352,49.968834],[37.5527,49.970865],[37.553026,49.970899],[37.553952,49.970996],[37.55478058279371,49.968944],[37.554781,49.968944],[37.555777,49.966481],[37.555745,49.966431],[37.555447,49.965969],[37.555119,49.96557],[37.554932,49.965344],[37.554904,49.965411]]]}},{"type":"Feature","properties":{"cadnum":"6321885000:01:001:0027"},"geometry":{"type":"Polygon","coordinates":[[[37.556454,49.968726],[37.556488,49.968171],[37.556264,49.967531],[37.556041,49.966891],[37.555777,49.966481],[37.55482548233861,49.968834],[37.554825,49.968834],[37.553952,49.970996],[37.554899,49.971095],[37.55612,49.971223],[37.556134,49.970844],[37.556147,49.970563],[37.556161,49.97028],[37.556292,49.969779],[37.556422,49.969285],[37.556448,49.968834],[37.55644755963303,49.968834],[37.556454,49.968726]]]}},{"type":"Feature","properties":{"cadnum":"6321885000:01:001:0025"},"geometry":{"type":"Polygon","coordinates":[[[37.554571,49.966235],[37.553218,49.966078],[37.552058,49.968944],[37.55205954555085,49.968944],[37.551341,49.970722],[37.5527,49.970865],[37.55347558838011,49.968944],[37.553476,49.968944],[37.554571,49.966235]]]}},{"type":"Feature","properties":{"cadnum":"6321885000:01:000:0029"},"geometry":{"type":"Polygon","coordinates":[[[37.556611,49.971247],[37.556284,49.970924],[37.55623571428571,49.972367],[37.556234,49.972367],[37.556152,49.974837],[37.556677,49.974855830703014],[37.556677,49.974856],[37.557062,49.97487],[37.557145,49.972367],[37.557144820059,49.972367],[37.557176,49.971461],[37.556849,49.97133714629258],[37.556849,49.971337],[37.556611,49.971247]]]}},{"type":"Feature","properties":{"cadnum":"6321885000:01:000:0024"},"geometry":{"type":"Polygon","coordinates":[[[37.55612,49.971223],[37.554899,49.971095],[37.55487048806941,49.972367],[37.554869,49.972367],[37.554821,49.974586],[37.556005,49.974695],[37.556006,49.974651],[37.556081,49.972367],[37.55608080318725,49.972367],[37.55612,49.971223]]]}},{"type":"Feature","properties":{"cadnum":"6321885000:01:001:0023"},"geometry":{"type":"Polygon","coordinates":[[[37.554899,49.971095],[37.553952,49.970996],[37.553026,49.970899],[37.55299,49.972478],[37.55299061523438,49.972478],[37.552949,49.974415],[37.55327,49.974444],[37.55424,49.974533],[37.554821,49.974586],[37.55486659891843,49.972478],[37.554868,49.972478],[37.554899,49.971095]]]}},{"type":"Feature","properties":{"cadnum":"6321885000:01:001:0022"},"geometry":{"type":"Polygon","coordinates":[[[37.55112646560464,49.972367],[37.551126,49.972367],[37.551033,49.97424],[37.551355,49.97427],[37.551355,49.974268695184136],[37.552949,49.974415],[37.552993,49.972367],[37.55299253071564,49.972367],[37.553026,49.970899],[37.5527,49.970865],[37.551341,49.970722],[37.551189,49.971097],[37.55112646560464,49.972367]]]}},{"type":"Feature","properties":{"cadnum":"6321885000:04:000:0198"},"geometry":{"type":"Polygon","coordinates":[[[37.688502,49.907638],[37.68833481063123,49.908732],[37.688334,49.908732],[37.688296,49.908993],[37.68838,49.908994],[37.688513,49.9089953125],[37.688513,49.908996],[37.690448,49.909008],[37.690771,49.90874],[37.690793,49.908732],[37.69079056557376,49.908732],[37.691112,49.908617],[37.69114,49.908587],[37.6912,49.908253],[37.691294,49.907657],[37.688684,49.90764010679612],[37.688684,49.90764],[37.688502,49.907638]]]}},{"type":"Feature","properties":{"cadnum":"6321885000:04:000:0209"},"geometry":{"type":"Polygon","coordinates":[[[37.688684,49.908997],[37.68838,49.908994],[37.6881,49.910555],[37.688482,49.910557],[37.688513,49.91055730693069],[37.688513,49.910558],[37.689916,49.910567],[37.690115,49.910348],[37.69028,49.910066],[37.690317,49.909409],[37.690386,49.90906],[37.690448,49.909008],[37.688684,49.90899706046512],[37.688684,49.908997]]]}},{"type":"Feature","properties":{"cadnum":"6321885000:04:000:0228"},"geometry":{"type":"Polygon","coordinates":[[[37.688684,49.912139052734375],[37.689187,49.912142],[37.690267,49.91215],[37.690323,49.912008],[37.690327,49.911778],[37.690187,49.911559],[37.689992,49.911395],[37.689814,49.911254],[37.689736,49.910989],[37.689857,49.910631],[37.689874,49.910612],[37.688684,49.91060413078619],[37.688684,49.910604],[37.688474,49.910602],[37.688198,49.912135],[37.688513,49.91213764150944],[37.688513,49.912138],[37.688675,49.912139],[37.688684,49.91214],[37.688684,49.912139052734375]]]}},{"type":"Feature","properties":{"cadnum":"6321885000:04:000:0232"},"geometry":{"type":"Polygon","coordinates":[[[37.690267,49.91215],[37.689187,49.912142],[37.68916405462185,49.912269],[37.689163,49.912269],[37.688888,49.913804],[37.689056,49.91392],[37.689851,49.913344],[37.690217,49.913065],[37.690241,49.91294],[37.690199,49.912737],[37.690174,49.912382],[37.690219,49.912269],[37.69021888260869,49.912269],[37.690267,49.91215]]]}},{"type":"Feature","properties":{"cadnum":"6321885000:04:000:0231"},"geometry":{"type":"Polygon","coordinates":[[[37.689187,49.912142],[37.688675,49.912139],[37.68865126556017,49.912269],[37.688651,49.912269],[37.68863544395113,49.9123556592677],[37.688631,49.91238],[37.68863107459016,49.91238],[37.688432,49.913489],[37.688513,49.913544928571426],[37.688513,49.913545],[37.688888,49.913804],[37.68914311400651,49.91238],[37.689144,49.91238],[37.689187,49.912142]]]}},{"type":"Feature","properties":{"cadnum":"6321885000:04:000:0230"},"geometry":{"type":"Polygon","coordinates":[[[37.688198,49.912135],[37.688011,49.912134],[37.687986853658536,49.912269],[37.687986,49.912269],[37.687842,49.913079],[37.688432,49.913489],[37.688513,49.913037767123285],[37.688513,49.913041],[37.68863856056334,49.9123385887326],[37.688675,49.912139],[37.688198,49.912135]]]}},{"type":"Feature","properties":{"cadnum":"6321885000:02:000:0208"},"geometry":{"type":"Polygon","coordinates":[[[37.588886,49.940285],[37.588968,49.940193],[37.588988,49.940133],[37.589338,49.939333],[37.589208,49.939285],[37.589082,49.939238],[37.58790493994413,49.94056],[37.587904,49.94056],[37.585891,49.942823],[37.586405,49.943074],[37.588641,49.94056],[37.588886,49.940285]]]}},{"type":"Feature","properties":{"cadnum":"6321885000:02:000:0268"},"geometry":{"type":"Polygon","coordinates":[[[37.5872,49.939598],[37.587137,49.939579],[37.586763,49.939465],[37.58559802904564,49.94056],[37.585598,49.94056],[37.58558138499003,49.940575644373645],[37.585481,49.94067],[37.58548117518248,49.94067],[37.584314,49.94176898969072],[37.584314,49.941768],[37.584116,49.941955],[37.584314,49.942052],[37.584314,49.942051498327764],[37.58504,49.942406],[37.586459,49.94056],[37.58645875746269,49.94056],[37.5872,49.939598]]]}},{"type":"Feature","properties":{"cadnum":"6321885000:02:000:0031"},"geometry":{"type":"Polygon","coordinates":[[[37.584642,49.934857],[37.584934,49.935053],[37.58523,49.935251],[37.585398,49.935452],[37.58850567973857,49.937025],[37.588504,49.937025],[37.589636,49.93759707668711],[37.589636,49.937598],[37.589995,49.937779],[37.59024867108753,49.937135],[37.590249,49.937135],[37.590379,49.936805],[37.589808,49.9365168102288],[37.589808,49.936516],[37.584627,49.933893],[37.584195,49.934344],[37.584005,49.934544],[37.584143,49.934612268551234],[37.584143,49.934613],[37.584288,49.934684],[37.584314,49.934697],[37.584314,49.93469670621469],[37.584642,49.934857]]]}},{"type":"Feature","properties":{"cadnum":"6321885000:02:000:0032"},"geometry":{"type":"Polygon","coordinates":[[[37.585398,49.935452],[37.585429,49.935487],[37.585626,49.935722],[37.58574,49.935948],[37.585851,49.936172],[37.585984,49.936525],[37.586117,49.936879],[37.58614665625,49.937025],[37.586146,49.937025],[37.586217,49.937366],[37.586327,49.937895],[37.588024,49.938701],[37.589412,49.939258],[37.589808,49.938255],[37.589808,49.938253532033436],[37.589995,49.937779],[37.589808,49.93768471866295],[37.589808,49.937684],[37.588721663125945,49.937135],[37.588723,49.937135],[37.585398,49.935452]]]}},{"type":"Feature","properties":{"cadnum":"6321885000:02:000:0209"},"geometry":{"type":"Polygon","coordinates":[[[37.589082,49.939238],[37.588552,49.939043],[37.587104,49.94067],[37.58710417391304,49.94067],[37.585402,49.942584],[37.585891,49.942823],[37.58780615201061,49.94067],[37.587807,49.94067],[37.589082,49.939238]]]}},{"type":"Feature","properties":{"cadnum":"6321885000:02:000:0336"},"geometry":{"type":"Polygon","coordinates":[[[37.587149,49.939554],[37.587215,49.93951],[37.587528,49.939219],[37.587045,49.939003],[37.586751,49.93931],[37.58666,49.939401],[37.587149,49.939554]]]}},{"type":"Feature","properties":{"cadnum":"6321885000:02:000:0267"},"geometry":{"type":"Polygon","coordinates":[[[37.588552,49.939043],[37.588426,49.938998],[37.588044,49.938829],[37.5872,49.939598],[37.586374,49.94067],[37.586374444203685,49.94067],[37.58504,49.942406],[37.585402,49.942584],[37.587202,49.94056],[37.587201897971724,49.94056],[37.588552,49.939043]]]}},{"type":"Feature","properties":{"cadnum":"6321885000:02:000:0020"},"geometry":{"type":"Polygon","coordinates":[[[37.584314,49.9369422113402],[37.584490494505495,49.937025],[37.584489,49.937025],[37.585071,49.937297],[37.586156,49.937813],[37.586012063829706,49.93712559574429],[37.585965,49.936897],[37.585705,49.936198],[37.585485,49.935761],[37.585106,49.93531],[37.584538,49.934931],[37.584143,49.934737],[37.584143,49.934737061269146],[37.583857,49.934595],[37.583011,49.934407],[37.582808,49.934394],[37.581585,49.935674],[37.582225,49.935961],[37.584314,49.936943],[37.584314,49.9369422113402]]]}},{"type":"Feature","properties":{"cadnum":"6321885000:02:000:0207"},"geometry":{"type":"Polygon","coordinates":[[[37.588968,49.940193],[37.588886,49.940285],[37.588543,49.94067],[37.588543163882264,49.94067],[37.586405,49.943074],[37.587482,49.943601],[37.587672,49.943694],[37.587674,49.943686],[37.587718,49.943431],[37.587577,49.943363],[37.587493,49.943323],[37.58766,49.943166],[37.587772,49.943062],[37.587884,49.942934],[37.588073,49.942548],[37.588395,49.941735],[37.588756,49.940806],[37.588841,49.94056],[37.58884028092243,49.94056],[37.588968,49.940193]]]}},{"type":"Feature","properties":{"cadnum":"6321885000:02:000:0051"},"geometry":{"type":"Polygon","coordinates":[[[37.592285,49.91864],[37.591513,49.919032],[37.591827,49.919454],[37.591827824013166,49.919454],[37.59438417598684,49.92288],[37.594383,49.92288],[37.594435202482416,49.92294838525197],[37.594467,49.922991],[37.59446773282443,49.922991],[37.594483,49.923011],[37.59451979389313,49.922991],[37.59452,49.922991],[37.594775,49.922853],[37.594764,49.922844],[37.594745,49.92283],[37.594767,49.922819],[37.594784,49.922832],[37.594796,49.92284],[37.595129,49.92265998217822],[37.595129,49.92266],[37.595132666666565,49.922658000000055],[37.595301,49.922567],[37.595301,49.922566181818176],[37.595338,49.922546],[37.595322,49.922535],[37.595305,49.922521],[37.595326,49.922509],[37.595344,49.922523],[37.59536,49.922534],[37.59572,49.922338],[37.595531,49.922086],[37.595301,49.92177761691542],[37.595301,49.921777],[37.593485,49.919343],[37.59348427161654,49.919343],[37.592774,49.91839],[37.592285,49.91864]]]}},{"type":"Feature","properties":{"cadnum":"6321885000:02:000:0048"},"geometry":{"type":"Polygon","coordinates":[[[37.59572,49.922338],[37.595926,49.922226],[37.595889,49.922197],[37.59591,49.922186],[37.595928,49.922199],[37.595948,49.922214],[37.59651,49.921908],[37.597064,49.921607],[37.596862,49.92135],[37.595531,49.922086],[37.59572,49.922338]],[[37.596463,49.921903],[37.596445,49.921889],[37.596466,49.921878],[37.596485,49.921892],[37.596463,49.921903]]]}},{"type":"Feature","properties":{"cadnum":"6321885000:02:000:0047"},"geometry":{"type":"Polygon","coordinates":[[[37.595301,49.92262512296111],[37.595301,49.922625],[37.59483280327869,49.92288],[37.594831,49.92288],[37.594318,49.923161],[37.593222,49.923793],[37.593246,49.923891],[37.593048,49.924097],[37.592762,49.924256],[37.59227,49.924427],[37.592086,49.924447],[37.591846,49.924586],[37.593341,49.925459],[37.595129,49.92442177755102],[37.595129,49.924422],[37.597593,49.922992],[37.59733,49.92288],[37.59732874964638,49.92288],[37.595926,49.922284],[37.595301,49.92262512296111]]]}},{"type":"Feature","properties":{"cadnum":"6321885000:02:000:0052"},"geometry":{"type":"Polygon","coordinates":[[[37.594716,49.918642],[37.594778,49.918622],[37.594701,49.918559],[37.59474,49.918539],[37.594079,49.917727],[37.592774,49.91839],[37.593567,49.919454],[37.59356781676254,49.919454],[37.595129,49.92154646696035],[37.595129,49.921547],[37.595531,49.922086],[37.596862,49.92135],[37.595271,49.919343],[37.5952709188092,49.919343],[37.594716,49.918642]]]}},{"type":"Feature","properties":{"cadnum":"6321885000:01:001:0030"},"geometry":{"type":"Polygon","coordinates":[[[37.557946,49.971755],[37.557176,49.971461],[37.557141,49.972478],[37.55714131921694,49.972478],[37.557062,49.97487],[37.558359,49.974919],[37.562073,49.97506],[37.562112,49.974987],[37.56143,49.974446],[37.560347,49.973551],[37.559965,49.973237],[37.559444,49.973008],[37.558011,49.972949],[37.558029,49.972378],[37.557946,49.971755]]]}},{"type":"Feature","properties":{"cadnum":"6321885000:04:000:0120"},"geometry":{"type":"Polygon","coordinates":[[[37.673893,49.901444],[37.67348,49.901301],[37.673204,49.901767],[37.67320450386741,49.901767],[37.672736,49.902561],[37.673326,49.902406],[37.673701732,49.901767],[37.673703,49.901767],[37.673893,49.901444]]]}},{"type":"Feature","properties":{"cadnum":"6321885000:04:000:0119"},"geometry":{"type":"Polygon","coordinates":[[[37.67348,49.901301],[37.673122,49.901177],[37.672839471186435,49.901656],[37.672838,49.901656],[37.672363,49.902461],[37.672701,49.902571],[37.672736,49.902561],[37.67327,49.901656],[37.67326974248927,49.901656],[37.67348,49.901301]]]}},{"type":"Feature","properties":{"cadnum":"6321885000:04:000:0118"},"geometry":{"type":"Polygon","coordinates":[[[37.673122,49.901177],[37.672766,49.901053],[37.672343,49.901767],[37.67234348037677,49.901767],[37.67211740816375,49.90214999999918],[37.672002,49.902345],[37.672033,49.902355078817735],[37.672033,49.902356],[37.672165709677344,49.90239822580643],[37.672205,49.902411],[37.672205,49.90241072727273],[37.672363,49.902461],[37.67277250310559,49.901767],[37.672774,49.901767],[37.673122,49.901177]]]}},{"type":"Feature","properties":{"cadnum":"6321885000:04:000:0380"},"geometry":{"type":"Polygon","coordinates":[[[37.677698,49.904086],[37.677407,49.904117],[37.677526,49.90418774570447],[37.677526,49.904189],[37.678544,49.904794],[37.6794,49.905305],[37.67940146402877,49.905305],[37.679682,49.905472],[37.681956,49.906826],[37.682377,49.906542],[37.682408,49.906522],[37.681362,49.905899],[37.680316,49.905276],[37.67927,49.904652],[37.678223,49.90403],[37.677698,49.90408649210904],[37.677698,49.904086]]]}},{"type":"Feature","properties":{"cadnum":"6321885000:04:000:0379"},"geometry":{"type":"Polygon","coordinates":[[[37.676032,49.904335],[37.677298,49.905089],[37.67747348611112,49.905194],[37.677473,49.905194],[37.677526,49.90522556444444],[37.677526,49.905226],[37.677659,49.905305],[37.67765916045381,49.905305],[37.678566,49.905843],[37.679832,49.906598],[37.681099,49.907352],[37.68153,49.907104],[37.680319,49.906382],[37.679109,49.905662],[37.678322,49.905194],[37.67832198351649,49.905194],[37.677898,49.904941],[37.677526,49.90472],[37.677526,49.90472031089109],[37.676688,49.90422],[37.676032,49.904335]]]}},{"type":"Feature","properties":{"cadnum":"6321885000:04:000:0357"},"geometry":{"type":"Polygon","coordinates":[[[37.674234,49.904651],[37.673686,49.904747],[37.674622,49.905305],[37.674623479999994,49.905305],[37.675193,49.905644],[37.676699,49.906542],[37.677526,49.90703455755756],[37.677526,49.907035],[37.679714,49.908337],[37.680026,49.9081],[37.678578,49.907238],[37.677526,49.906611],[37.677526,49.90661146737214],[37.677131,49.906376],[37.675682,49.905513],[37.675146,49.905194],[37.675145642201834,49.905194],[37.674234,49.904651]]]}},{"type":"Feature","properties":{"cadnum":"6321885000:04:000:0396"},"geometry":{"type":"Polygon","coordinates":[[[37.677298,49.905089],[37.676032,49.904335],[37.675405,49.904445],[37.67673,49.905234],[37.676848,49.905305],[37.676849112651645,49.905305],[37.677526,49.90570847520661],[37.677526,49.905709],[37.67938,49.906813],[37.680705,49.907601],[37.680848,49.907498],[37.681099,49.907352],[37.679832,49.906598],[37.678566,49.905843],[37.677698,49.905328042307694],[37.677698,49.905328],[37.67757753539869,49.90525625663744],[37.677298,49.905089]]]}},{"type":"Feature","properties":{"cadnum":"6321885000:04:000:0358"},"geometry":{"type":"Polygon","coordinates":[[[37.673157,49.904839],[37.672822,49.904898],[37.672668,49.904941],[37.67309128846154,49.905194],[37.673091,49.905194],[37.67317381395466,49.9052433255821],[37.673277,49.905305],[37.67327736067892,49.905305],[37.674278,49.905901],[37.67589,49.906861],[37.677502,49.907821],[37.677526,49.907835326530616],[37.677526,49.907836],[37.679116,49.908782],[37.679306,49.908647],[37.679413,49.908566],[37.67785,49.907634],[37.677669454545764,49.9075270101012],[37.676285,49.906703],[37.673753,49.905194],[37.673751967811164,49.905194],[37.673157,49.904839]]]}},{"type":"Feature","properties":{"cadnum":"6321885000:04:000:0121"},"geometry":{"type":"Polygon","coordinates":[[[37.674151,49.901533],[37.673893,49.901444],[37.67376829411765,49.901656],[37.673767,49.901656],[37.673326,49.902406],[37.67353,49.902351],[37.673857,49.902089],[37.674324,49.902077],[37.674545,49.901702],[37.674438,49.901656],[37.674437757396454,49.901656],[37.674151,49.901533]]]}},{"type":"Feature","properties":{"cadnum":"6321885000:04:000:0350"},"geometry":{"type":"Polygon","coordinates":[[[37.677698,49.9048221827957],[37.677898,49.904941],[37.678508,49.905305],[37.678508660256405,49.905305],[37.679109,49.905662],[37.680319,49.906382],[37.68153,49.907104],[37.68165,49.907034],[37.681956,49.906826],[37.679682,49.905472],[37.679215,49.905194],[37.67921405870842,49.905194],[37.678544,49.904794],[37.677698,49.9042912200393],[37.677698,49.90429],[37.677407,49.904117],[37.67707,49.904153],[37.676688,49.90422],[37.677698,49.904823],[37.677698,49.9048221827957]]]}},{"type":"Feature","properties":{"cadnum":"6321885000:04:000:0372"},"geometry":{"type":"Polygon","coordinates":[[[37.675405,49.904445],[37.674807,49.90455],[37.676074,49.905305],[37.676075236263735,49.905305],[37.676195,49.905376],[37.677526,49.906170182539675],[37.677526,49.906171],[37.677581,49.906203],[37.677698,49.906273],[37.677698,49.9062724924406],[37.67897,49.907028],[37.680356,49.907855],[37.680705,49.907601],[37.67938,49.906813],[37.677698,49.90581142071198],[37.677698,49.905811],[37.67673,49.905234],[37.676663,49.905194],[37.67666282636249,49.905194],[37.675405,49.904445]]]}},{"type":"Feature","properties":{"cadnum":"6321885000:04:000:0117"},"geometry":{"type":"Polygon","coordinates":[[[37.672475,49.900951],[37.672409,49.900935],[37.672033,49.90157],[37.672033,49.901570847222224],[37.67198264271047,49.901656],[37.671981,49.901656],[37.671643,49.902229],[37.672002,49.902345],[37.672033,49.90229262068965],[37.672033,49.902293],[37.67211740816375,49.90214999999918],[37.672205,49.902002],[37.672205,49.90200160638298],[37.672409,49.901656],[37.6724087605042,49.901656],[37.672766,49.901053],[37.672475,49.900951]]]}},{"type":"Feature","properties":{"cadnum":"6321885000:04:000:0370"},"geometry":{"type":"Polygon","coordinates":[[[37.674807,49.90455],[37.674234,49.904651],[37.675332,49.905305],[37.675332507836984,49.905305],[37.675682,49.905513],[37.677131,49.906376],[37.677698,49.906714],[37.677698,49.906713513307984],[37.678578,49.907238],[37.680026,49.9081],[37.680176,49.907986],[37.680356,49.907855],[37.67897,49.907028],[37.677581,49.906203],[37.676195,49.905376],[37.675888,49.905194],[37.67588772582782,49.905194],[37.674807,49.90455]]]}},{"type":"Feature","properties":{"cadnum":"6321885000:04:000:0412"},"geometry":{"type":"MultiPolygon","coordinates":[[[[37.680459,49.902671],[37.679383,49.902364],[37.678594,49.90224],[37.67762,49.902244],[37.677526,49.902248],[37.677526,49.90224807494489],[37.676259,49.902303],[37.673661,49.902733],[37.67246,49.90313],[37.672033,49.9032],[37.672033,49.90320091006843],[37.671182,49.903339],[37.669293,49.903544],[37.666918,49.903996],[37.66654,49.904064],[37.66654,49.90491],[37.666661,49.904881],[37.668301,49.904596],[37.670329,49.904243],[37.672205,49.903937],[37.672205,49.90393649714286],[37.672208,49.903936],[37.674111,49.903356],[37.676028,49.902919],[37.677522,49.902585],[37.677526,49.90258484090909],[37.677526,49.902585],[37.677547888493535,49.90258397034401],[37.677698,49.902578],[37.677698,49.90257690895296],[37.678185,49.902554],[37.679797,49.902826],[37.681507,49.903293],[37.68288,49.90351],[37.683191,49.903559],[37.683191,49.90355897815534],[37.684256,49.903727],[37.684405,49.903082],[37.683024,49.902998],[37.681394,49.902901],[37.680459,49.902671]]],[[[37.663317,49.905878],[37.663893,49.905561],[37.665258,49.905203],[37.665298,49.905194],[37.662997,49.905194],[37.662813,49.905301],[37.66229,49.905748],[37.661755,49.906194],[37.661219,49.906412033898306],[37.661219,49.906412],[37.660988,49.906505],[37.660199,49.90677],[37.659235,49.907098],[37.656548,49.907339],[37.655554,49.907503],[37.655554,49.90750311854684],[37.655202,49.907561],[37.653845,49.907895],[37.65192344977679,49.908732],[37.651923,49.908732],[37.651788,49.908791],[37.65167,49.908842],[37.65167089944134,49.908842],[37.650144,49.909507],[37.648206,49.910352],[37.649484,49.910833],[37.650061,49.91056841310161],[37.650061,49.910569],[37.651395,49.909956],[37.653578,49.908952],[37.65404,49.908732],[37.654039021611,49.908732],[37.654877,49.908333],[37.655554,49.908218836084906],[37.655554,49.908219],[37.656831,49.908003],[37.657936,49.907845],[37.658931,49.907686],[37.660167,49.907351],[37.661219,49.906984],[37.661219,49.90698286013986],[37.661333,49.906943],[37.662444,49.906406],[37.663317,49.905878]]]]}},{"type":"Feature","properties":{"cadnum":"6321885000:04:000:0367"},"geometry":{"type":"Polygon","coordinates":[[[37.673686,49.904747],[37.673157,49.904839],[37.673938,49.905305],[37.673939250497014,49.905305],[37.676285,49.906703],[37.677526,49.907441627742394],[37.677526,49.907442],[37.677669454545764,49.9075270101012],[37.677698,49.907544],[37.677698,49.90754392592593],[37.67785,49.907634],[37.679413,49.908566],[37.679714,49.908337],[37.677698,49.90713735100549],[37.677698,49.907137],[37.676699,49.906542],[37.675193,49.905644],[37.674437,49.905194],[37.67443580645162,49.905194],[37.673686,49.904747]]]}},{"type":"Feature","properties":{"cadnum":"6321885000:03:000:0074"},"geometry":{"type":"Polygon","coordinates":[[[37.595035,49.940329],[37.594078,49.940208],[37.590605,49.939554],[37.590204,49.940543],[37.59031172115408,49.940568148137075],[37.595129,49.9416986361465],[37.595129,49.941699],[37.596198,49.94195],[37.597092,49.941093],[37.596828,49.94106],[37.59637,49.940837],[37.595974,49.940707],[37.59589798639455,49.94067],[37.595899,49.94067],[37.595329,49.940392],[37.595301,49.94038612],[37.595301,49.940386],[37.595035,49.940329]]]}},{"type":"Feature","properties":{"cadnum":"6321885000:03:000:0073"},"geometry":{"type":"Polygon","coordinates":[[[37.590009,49.940497],[37.58998314450867,49.94056],[37.589982,49.94056],[37.589684,49.941296],[37.592195,49.94227],[37.594041,49.942985],[37.594806,49.943281],[37.595301,49.942808],[37.595301,49.94280756220767],[37.596198,49.94195],[37.595301,49.94173938540692],[37.595301,49.941739],[37.59074573621713,49.94067],[37.590748,49.94067],[37.590311721154094,49.940568148137075],[37.590277,49.94056],[37.590276818897635,49.94056],[37.590204,49.940543],[37.590009,49.940497]]]}},{"type":"Feature","properties":{"cadnum":"6321885000:03:000:0075"},"geometry":{"type":"Polygon","coordinates":[[[37.599982,49.941667],[37.599193,49.941521],[37.597292,49.941118],[37.597166,49.941103],[37.596265,49.941965],[37.595129,49.943053],[37.595129,49.94305348735632],[37.594866,49.943305],[37.595301,49.943474],[37.595301,49.94347375354108],[37.595482,49.943544],[37.596927,49.944104],[37.599982,49.941667]]]}},{"type":"Feature","properties":{"cadnum":"6321885000:04:000:0313"},"geometry":{"type":"Polygon","coordinates":[[[37.65047,49.907848],[37.650507,49.907829],[37.65016586502286,49.907693616836426],[37.649485,49.907422],[37.648942,49.907751],[37.647931,49.908364],[37.6473220292887,49.908732],[37.647322,49.908732],[37.647313308989894,49.90873726966224],[37.64714,49.908842],[37.647140582089555,49.908842],[37.64688,49.909],[37.646766,49.909069],[37.6475,49.909362],[37.64773,49.909289],[37.648277,49.909015],[37.64874880094728,49.908772236967124],[37.648863,49.908714],[37.649504,49.90838],[37.650061,49.90807319093406],[37.650061,49.908074],[37.65047,49.907848]]]}},{"type":"Feature","properties":{"cadnum":"6321885000:04:000:0336"},"geometry":{"type":"Polygon","coordinates":[[[37.623295,49.919204],[37.623281,49.919035],[37.623209,49.91885],[37.623118,49.918618],[37.623771,49.91852],[37.624341,49.918433],[37.624543,49.91834],[37.623088,49.917937],[37.622766,49.91831974239351],[37.622766,49.918319],[37.621903494273134,49.919343],[37.621903,49.919343],[37.619911,49.921709],[37.620086,49.921756],[37.621124,49.922037],[37.621613,49.922169],[37.622595,49.92065128620989],[37.622595,49.920652],[37.622824,49.920298],[37.622797,49.920114],[37.62306,49.91973],[37.623308,49.919368],[37.623295,49.919204]],[[37.62114,49.921958],[37.621165,49.921965],[37.621154,49.921982],[37.621129,49.921975],[37.62114,49.921958]],[[37.6201,49.921683],[37.620126,49.921689],[37.620115,49.921706],[37.62009,49.921699],[37.6201,49.921683]]]}},{"type":"Feature","properties":{"cadnum":"6321885000:04:000:0060"},"geometry":{"type":"Polygon","coordinates":[[[37.623088,49.917937],[37.622595,49.9178],[37.622595,49.91780064615384],[37.621401,49.91747],[37.61982254435484,49.919343],[37.619821,49.919343],[37.618215,49.921252],[37.619038,49.921474],[37.619911,49.921709],[37.621809546069315,49.919454],[37.62181,49.919454],[37.622595,49.91852201778243],[37.622595,49.918523],[37.623088,49.917937]],[[37.61906,49.921407],[37.619089,49.921415],[37.619076,49.92143],[37.619049,49.921424],[37.61906,49.921407]]]}},{"type":"Feature","properties":{"cadnum":"6321885000:04:000:0066"},"geometry":{"type":"Polygon","coordinates":[[[37.625691,49.914646],[37.625548,49.914648],[37.625323,49.914573],[37.625121,49.914507],[37.624841,49.914468],[37.624565,49.914429],[37.62381,49.914485],[37.62318,49.914533],[37.622766,49.91502413846154],[37.622766,49.915023],[37.62210649328859,49.915806],[37.622105,49.915806],[37.620869,49.917275],[37.621433,49.917432],[37.622595,49.91775279219805],[37.622595,49.917753],[37.623001,49.917865],[37.624735,49.915806],[37.624734620771044,49.915806],[37.625713,49.914646],[37.625691,49.914646]]]}},{"type":"Feature","properties":{"cadnum":"6321885000:04:000:0067"},"geometry":{"type":"Polygon","coordinates":[[[37.62794,49.914438],[37.627443,49.914318],[37.627125,49.914362],[37.626792,49.914408],[37.626319,49.914524],[37.62583,49.914644],[37.625713,49.914646],[37.624641,49.915917],[37.62464152064109,49.915917],[37.623001,49.917865],[37.623121,49.917899],[37.624609,49.91831],[37.624725,49.918257],[37.62669361689107,49.915917],[37.626695,49.915917],[37.62794,49.914438]]]}},{"type":"Feature","properties":{"cadnum":"6321885000:04:000:0068"},"geometry":{"type":"Polygon","coordinates":[[[37.62794,49.914438],[37.62678843813387,49.915806],[37.626787,49.915806],[37.624725,49.918257],[37.626369,49.917501],[37.62826,49.91663],[37.62826,49.91662953164557],[37.628404,49.916563],[37.62973717147192,49.915917],[37.629738,49.915917],[37.629764,49.915904],[37.631032,49.91529],[37.630261,49.915054],[37.629389,49.914787],[37.628407,49.914551],[37.62826,49.91451551724138],[37.62826,49.914515],[37.62794,49.914438]]]}},{"type":"Feature","properties":{"cadnum":"6321885000:04:000:0088"},"geometry":{"type":"Polygon","coordinates":[[[37.654689,49.900904],[37.655292,49.900655],[37.654647,49.900285],[37.654155,49.900004],[37.650232,49.90162628602833],[37.650232,49.901625],[37.65015711971831,49.901656],[37.650156,49.901656],[37.649406,49.901966],[37.647647,49.902692],[37.648395,49.903401],[37.64847,49.903472],[37.650061,49.902815554483546],[37.650061,49.902816],[37.6528181715992,49.90167659171533],[37.653159,49.901536],[37.654689,49.900904]]]}},{"type":"Feature","properties":{"cadnum":"6321885000:04:000:0332"},"geometry":{"type":"Polygon","coordinates":[[[37.654155,49.900004],[37.653985,49.899908],[37.65357,49.89972],[37.653305,49.899513],[37.653106,49.899351],[37.652831,49.89907],[37.650232,49.90023814259928],[37.650232,49.900238],[37.649437,49.900595],[37.648584,49.90095],[37.64915433047736,49.901656],[37.649154,49.901656],[37.64920699065469,49.90172118691648],[37.649244,49.901767],[37.64924423225806,49.901767],[37.649406,49.901966],[37.64988745161291,49.901767],[37.649889,49.901767],[37.650061,49.901695793002915],[37.650061,49.901697],[37.654155,49.900004]]]}},{"type":"Feature","properties":{"cadnum":"6321885000:04:000:0330"},"geometry":{"type":"Polygon","coordinates":[[[37.655666,49.897944],[37.654862,49.898228],[37.65486297435896,49.898228],[37.653961,49.898547],[37.654588,49.898814],[37.655217,49.898921],[37.655554,49.89896638154614],[37.655554,49.898967],[37.655618,49.898975],[37.655725,49.898968],[37.655725,49.89896685985986],[37.656617,49.898899],[37.65614016901409,49.898228],[37.656141,49.898228],[37.6559,49.897888],[37.655666,49.897944]],[[37.655178,49.898833],[37.655125,49.898792],[37.655151,49.898759],[37.655219,49.898742],[37.655326,49.898747],[37.655385,49.898814],[37.65532,49.89886],[37.655225,49.898854],[37.655178,49.898833]]]}},{"type":"Feature","properties":{"cadnum":"6321885000:03:000:0010"},"geometry":{"type":"Polygon","coordinates":[[[37.582067,49.95798],[37.582492,49.958344],[37.58249322309079,49.958344],[37.584314,49.959896],[37.584314,49.95989469769721],[37.586184,49.961488],[37.587073,49.960968],[37.587316,49.960827],[37.58427,49.958233],[37.58426983636364,49.958233],[37.584143,49.958124],[37.584143,49.95812515156951],[37.583199,49.95732],[37.582067,49.95798]]]}},{"type":"Feature","properties":{"cadnum":"6321885000:03:000:0015"},"geometry":{"type":"Polygon","coordinates":[[[37.578821,49.95711974461538],[37.578975,49.957251],[37.580256,49.958344],[37.58025718518518,49.958344],[37.580697,49.958719],[37.581339746913585,49.958344],[37.581341,49.958344],[37.582025,49.957945],[37.5825,49.957667],[37.579909,49.955459],[37.578821,49.95610626926132],[37.578821,49.956106],[37.57812,49.956523],[37.578821,49.95712],[37.578821,49.95711974461538]]]}},{"type":"Feature","properties":{"cadnum":"6321885000:03:000:0009"},"geometry":{"type":"Polygon","coordinates":[[[37.581633980769226,49.958233],[37.581633,49.958233],[37.580221,49.959058],[37.580822,49.959167],[37.581919,49.959564],[37.583007,49.960417],[37.584314,49.961158],[37.584314,49.96115675],[37.584371,49.961189],[37.58507498668885,49.961767],[37.585073,49.961767],[37.585103,49.96179],[37.585181,49.961878],[37.58518199534883,49.961878],[37.585296,49.962005],[37.58551371428572,49.961878],[37.585515,49.961878],[37.585818,49.961701],[37.586184,49.961488],[37.584143,49.959749],[37.584143,49.959750242439775],[37.582363,49.958233],[37.582362398351655,49.958233],[37.582067,49.95798],[37.581633980769226,49.958233]]]}},{"type":"Feature","properties":{"cadnum":"6321885000:03:000:0013"},"geometry":{"type":"Polygon","coordinates":[[[37.57865,49.957445],[37.57865,49.95744542348754],[37.57732214599999,49.958233],[37.577322,49.958233],[37.57723855277797,49.95828258079598],[37.577135,49.958344],[37.57713518086041,49.958344],[37.575405,49.959372],[37.576624,49.960438],[37.576924,49.96035],[37.577029,49.960279],[37.577201,49.960083],[37.577574,49.95983],[37.577846,49.95957],[37.578054,49.959272],[37.578297,49.959094],[37.578647,49.959015],[37.57865,49.95901462068966],[37.57865,49.959015],[37.579075,49.958961],[37.579992,49.959017],[37.580142,49.959043],[37.580697,49.958719],[37.580127,49.958233],[37.58012590759378,49.958233],[37.578975,49.957251],[37.57865,49.957445]]]}},{"type":"Feature","properties":{"cadnum":"6321885000:03:000:0124"},"geometry":{"type":"Polygon","coordinates":[[[37.617273,49.92178089601594],[37.619612,49.922395],[37.619989,49.921905],[37.617273,49.921173081745756],[37.617273,49.921172],[37.61616,49.920872],[37.613705,49.920193],[37.613691,49.92021],[37.613737,49.920225],[37.613725,49.920241],[37.613679,49.920226],[37.61329,49.920735],[37.617273,49.921781],[37.617273,49.92178089601594]]]}},{"type":"Feature","properties":{"cadnum":"6321885000:04:000:0123"},"geometry":{"type":"Polygon","coordinates":[[[37.617273,49.922838856191746],[37.617853,49.922991],[37.617854362025334,49.922991],[37.618935,49.923275],[37.61915285316456,49.922991],[37.619154,49.922991],[37.619612,49.922395],[37.617102,49.921736],[37.617102,49.92173609264374],[37.61329,49.920735],[37.613194,49.920862],[37.612697,49.921511],[37.612617,49.921616],[37.617273,49.922839],[37.617273,49.922838856191746]],[[37.613206,49.920885],[37.613219,49.920868],[37.613243,49.920877],[37.613231,49.920893],[37.613206,49.920885]],[[37.612712,49.921537],[37.612726,49.92152],[37.61275,49.921529],[37.612738,49.921544],[37.612712,49.921537]]]}},{"type":"Feature","properties":{"cadnum":"6321885000:03:000:0121"},"geometry":{"type":"Polygon","coordinates":[[[37.611702,49.922813],[37.61165080898876,49.92288],[37.61165,49.92288],[37.611269,49.923379],[37.611609,49.92346882387475],[37.611609,49.923469],[37.61171557746209,49.923496980347124],[37.61178,49.923514],[37.61178,49.923513893538136],[37.617273,49.924956],[37.617273,49.92495571757322],[37.61758,49.925036],[37.618258,49.924155],[37.617273,49.92389682093425],[37.617273,49.923896],[37.6134,49.92288],[37.613397939148065,49.92288],[37.611942,49.922498],[37.611702,49.922813]],[[37.611737,49.922824],[37.611763,49.922833],[37.611751,49.922848],[37.611725,49.92284],[37.611737,49.922824]]]}},{"type":"Feature","properties":{"cadnum":"6321885000:04:000:0061"},"geometry":{"type":"Polygon","coordinates":[[[37.621401,49.91747],[37.61961,49.916974],[37.61752,49.919454],[37.61752067980296,49.919454],[37.617273,49.91974860351563],[37.617273,49.919748],[37.616416,49.920766],[37.616978,49.920918],[37.617273,49.920998],[37.617273,49.920997038461536],[37.618012,49.921196],[37.618215,49.921252],[37.61972761812467,49.919454],[37.619729,49.919454],[37.621401,49.91747]],[[37.61802,49.921132],[37.618046,49.921139],[37.618035,49.921155],[37.61801,49.921148],[37.61802,49.921132]],[[37.616981,49.920856],[37.617006,49.920863],[37.616996,49.92088],[37.61697,49.920873],[37.616981,49.920856]]]}},{"type":"Feature","properties":{"cadnum":"6321885000:04:000:0122"},"geometry":{"type":"Polygon","coordinates":[[[37.6122,49.922162],[37.611942,49.922498],[37.613821,49.922991],[37.61382313287403,49.922991],[37.617102,49.92385114175058],[37.617102,49.923852],[37.618258,49.924155],[37.618935,49.923275],[37.617432,49.92288],[37.61742984771572,49.92288],[37.617102,49.922794],[37.617102,49.92279408311856],[37.612617,49.921616],[37.6122,49.922162]],[[37.612231,49.922172],[37.612256,49.922181],[37.612244,49.922196],[37.612219,49.922189],[37.612231,49.922172]]]}},{"type":"Feature","properties":{"cadnum":"6321885000:03:000:0067"},"geometry":{"type":"Polygon","coordinates":[[[37.624649,49.953928],[37.624704,49.953638],[37.62467,49.953589],[37.622595,49.953752],[37.622595,49.95375237447034],[37.617102,49.954182],[37.617102,49.95418237722717],[37.613681,49.95445],[37.614179691666656,49.954699],[37.614179,49.954699],[37.614914,49.955065],[37.614942,49.955079],[37.617273,49.954897],[37.617273,49.954896591973245],[37.61837735545021,49.95481],[37.618382,49.95481],[37.622595,49.95448037887774],[37.622595,49.954481],[37.62437,49.954341],[37.624649,49.953928]]]}},{"type":"Feature","properties":{"cadnum":"6321885000:03:000:0176"},"geometry":{"type":"Polygon","coordinates":[[[37.61715438888883,49.95345616666667],[37.617273,49.953448],[37.617273,49.95344748780488],[37.618455,49.953361],[37.618459,49.953041],[37.617444,49.952972],[37.617273,49.953151000000005],[37.617273,49.953151],[37.616968,49.953469],[37.617102,49.95345977377049],[37.617102,49.95346],[37.61715438888883,49.95345616666667]]]}},{"type":"Feature","properties":{"cadnum":"6321885000:03:000:0276"},"geometry":{"type":"Polygon","coordinates":[[[37.62467,49.953589],[37.624129,49.952948],[37.623425,49.953],[37.622595,49.95306],[37.622595,49.95306043265793],[37.621927,49.953109],[37.621857,49.953114],[37.620324,49.953225],[37.618455,49.953361],[37.61715438888883,49.95345616666667],[37.616968,49.953469],[37.614853,49.953675],[37.614299,49.953878],[37.613072,49.954147],[37.613674,49.954447],[37.613681,49.95445],[37.617273,49.954169],[37.617273,49.95416862552966],[37.622766,49.953739],[37.622766,49.95373856722892],[37.62467,49.953589]]]}},{"type":"Feature","properties":{"cadnum":"6321885000:03:000:0060"},"geometry":{"type":"Polygon","coordinates":[[[37.613072,49.954147],[37.612378,49.954299],[37.611609,49.954405],[37.611609,49.95440533782646],[37.610593,49.954544],[37.60890569406394,49.954699],[37.608903,49.954699],[37.608209,49.954763],[37.606115,49.954765],[37.606115,49.95476534747475],[37.605792,49.954766],[37.60484,49.954672],[37.604821,49.95467],[37.6046813857143,49.954699],[37.604679,49.954699],[37.603433,49.954958],[37.605721,49.956099],[37.606115,49.95601685865724],[37.606115,49.956017],[37.611609,49.95487649796999],[37.611609,49.954877],[37.61214683199846,49.95476450400032],[37.613674,49.954447],[37.613072,49.954147]]]}},{"type":"Feature","properties":{"cadnum":"6321885000:03:000:0059"},"geometry":{"type":"Polygon","coordinates":[[[37.613674,49.954447],[37.61246190082647,49.954699],[37.61246,49.954699],[37.61214683199846,49.95476450400032],[37.611928,49.95481],[37.61192932022472,49.95481],[37.61178,49.954841232667455],[37.61178,49.954841],[37.606287,49.955981294439546],[37.606287,49.955981],[37.605721,49.956099],[37.606287,49.956382],[37.606287,49.9563808],[37.606975,49.956724],[37.61178,49.955721],[37.61178,49.955720247806354],[37.614914,49.955065],[37.614401909836076,49.95481],[37.614402,49.95481],[37.613681,49.95445],[37.613674,49.954447]]]}},{"type":"Feature","properties":{"cadnum":"6321885000:03:000:0054"},"geometry":{"type":"Polygon","coordinates":[[[37.619597,49.957244],[37.617273,49.95792303647295],[37.617273,49.957923],[37.61620898574821,49.958233],[37.616206,49.958233],[37.613384,49.959056],[37.613738,49.959184],[37.614213,49.959233],[37.614725,49.959286],[37.614851,49.959384],[37.614952,49.959463],[37.615803,49.959753],[37.617273,49.95922],[37.617273,49.959219952611555],[37.61968708865587,49.958344],[37.619689,49.958344],[37.620582,49.95802],[37.619597,49.957244]]]}},{"type":"Feature","properties":{"cadnum":"6321885000:03:000:0056"},"geometry":{"type":"Polygon","coordinates":[[[37.618102,49.956067],[37.617273,49.956239432],[37.617273,49.956239],[37.61178,49.95738046557204],[37.61178,49.95738],[37.61003,49.957743],[37.611233,49.958344],[37.61123448260869,49.958344],[37.611473,49.958463],[37.611609,49.95842888925081],[37.611609,49.958429],[37.61166201811026,49.95841559154889],[37.61178,49.958386],[37.61178,49.95838575354839],[37.61196888674585,49.95833798348105],[37.617273,49.957002],[37.617273,49.95700192289582],[37.618801,49.956617],[37.618102,49.956067]]]}},{"type":"Feature","properties":{"cadnum":"6321885000:03:000:0273"},"geometry":{"type":"Polygon","coordinates":[[[37.616116,49.955665],[37.614942,49.955079],[37.614914,49.955065],[37.611609,49.955756],[37.611609,49.95575669469302],[37.606975,49.956724],[37.608162,49.957316],[37.611609,49.95660049502487],[37.611609,49.956601],[37.616116,49.955665]]]}},{"type":"Feature","properties":{"cadnum":"6321885000:03:000:0066"},"geometry":{"type":"Polygon","coordinates":[[[37.624334,49.954394],[37.62437,49.954341],[37.622766,49.954467512676054],[37.622766,49.954467],[37.61980072886302,49.954699],[37.619793,49.954699],[37.617102,49.95491],[37.617102,49.95491035135135],[37.614942,49.955079],[37.616116,49.955665],[37.61719,49.9562],[37.622766,49.955042],[37.622766,49.955041620689656],[37.622914,49.955011],[37.62356639249146,49.95481],[37.623567,49.95481],[37.623865,49.954718],[37.624334,49.954394]]]}},{"type":"Feature","properties":{"cadnum":"6321885000:03:000:0057"},"geometry":{"type":"Polygon","coordinates":[[[37.61719,49.9562],[37.617102,49.956156],[37.617102,49.95615616387337],[37.616116,49.955665],[37.61178,49.95656548724207],[37.61178,49.956565],[37.608162,49.957316],[37.609236,49.957851],[37.611609,49.95735849056604],[37.611609,49.957359],[37.617102,49.956218274861136],[37.617102,49.956219],[37.61719,49.9562]]]}},{"type":"Feature","properties":{"cadnum":"6321885000:03:000:0055"},"geometry":{"type":"Polygon","coordinates":[[[37.61958,49.957231],[37.618801,49.956617],[37.617102,49.957045],[37.617102,49.957045070945945],[37.6123856915052,49.958233],[37.612384,49.958233],[37.61196888674388,49.95833798348155],[37.611945,49.958344],[37.6119450969388,49.958344],[37.61166201811026,49.95841559154889],[37.611473,49.958463],[37.610801,49.958632],[37.611505,49.958982],[37.61154,49.958931],[37.6116,49.958843],[37.611609,49.958843200000004],[37.611609,49.958844],[37.61173304347832,49.95884595652174],[37.61178,49.958847],[37.61178,49.95884669716089],[37.612243,49.958854],[37.612854,49.958864],[37.613309,49.959029],[37.613384,49.959056],[37.61582539003646,49.958344],[37.615828,49.958344],[37.617102,49.95797282076124],[37.617102,49.957973],[37.619597,49.957244],[37.61958,49.957231]]]}},{"type":"Feature","properties":{"cadnum":"6321885000:01:000:0615"},"geometry":{"type":"Polygon","coordinates":[[[37.554789,49.96517],[37.554534,49.964879],[37.554284,49.964595],[37.553979,49.964429],[37.553901,49.964388],[37.553486,49.965411],[37.55348754697554,49.965411],[37.553218,49.966078],[37.554571,49.966235],[37.554932,49.965344],[37.554789,49.96517]]]}},{"type":"Feature","properties":{"cadnum":"6321885000:02:000:0103"},"geometry":{"type":"Polygon","coordinates":[[[37.591724,49.908281],[37.591965,49.90792],[37.592348,49.907571],[37.590925,49.906878],[37.590792,49.906757],[37.589636,49.907828],[37.589636,49.90782811356467],[37.58854,49.908842],[37.588541243016756,49.908842],[37.587887,49.909448],[37.588469,49.909664],[37.589808,49.91016],[37.589808,49.910159601286175],[37.589947,49.910211],[37.591544,49.908732],[37.59154366520788,49.908732],[37.591918,49.908385],[37.591724,49.908281]]]}},{"type":"Feature","properties":{"cadnum":"6321885000:02:000:0221"},"geometry":{"type":"Polygon","coordinates":[[[37.588932,49.911401],[37.587575,49.912252],[37.587588148437504,49.912269],[37.587588,49.912269],[37.58760825063354,49.91229499071811],[37.587674,49.91238],[37.587674485502774,49.91238],[37.588851,49.91389],[37.589636,49.913460997910136],[37.589636,49.913461],[37.58963680143012,49.913460559929],[37.589808,49.913367],[37.589808,49.91336655357143],[37.590308,49.913092],[37.589639,49.912269],[37.589637,49.912269],[37.58963686210419,49.912269],[37.588932,49.911401]]]}},{"type":"Feature","properties":{"cadnum":"6321885000:02:000:0096"},"geometry":{"type":"Polygon","coordinates":[[[37.589737843904445,49.91083395121825],[37.589808,49.91079],[37.589808,49.910789830635125],[37.590439,49.910393],[37.589947,49.910211],[37.589636,49.910096],[37.589636,49.910096286781176],[37.588469,49.909664],[37.58509,49.912097],[37.585854,49.91238],[37.58585427210884,49.91238],[37.586744,49.91271],[37.58726930612245,49.91238],[37.58727,49.91238],[37.589636,49.91089775413712],[37.589636,49.910898],[37.589737843904445,49.91083395121825]]]}},{"type":"Feature","properties":{"cadnum":"6321885000:02:000:0056"},"geometry":{"type":"Polygon","coordinates":[[[37.58754790625,49.912269],[37.587546,49.912269],[37.586288,49.913059],[37.588204,49.915711],[37.58813713106796,49.915806],[37.588136,49.915806],[37.587772,49.916328],[37.588069,49.916863],[37.588319,49.916724],[37.589808,49.915901],[37.589808,49.9159],[37.589808,49.915899882352946],[37.58981396875071,49.915896546874606],[37.590115,49.91573],[37.590234,49.915664],[37.589808,49.91511760869565],[37.589808,49.915117],[37.58760710326146,49.91229350724714],[37.587575,49.912252],[37.58754790625,49.912269]]]}},{"type":"Feature","properties":{"cadnum":"6321885000:02:000:0098"},"geometry":{"type":"Polygon","coordinates":[[[37.584575,49.90822],[37.584314,49.90846166666667],[37.584314,49.908461],[37.583903,49.908842],[37.58390312735849,49.908842],[37.581731,49.910852],[37.583431,49.911482],[37.584143,49.91089014496036],[37.584143,49.910891],[37.5865,49.908934],[37.58625174603174,49.908842],[37.586252,49.908842],[37.58616,49.908808],[37.584575,49.90822]]]}},{"type":"Feature","properties":{"cadnum":"6321885000:02:000:0097"},"geometry":{"type":"Polygon","coordinates":[[[37.588469,49.909664],[37.587887,49.909448],[37.5865,49.908934],[37.584314,49.9107490199406],[37.584314,49.910748],[37.583431,49.911482],[37.584314,49.91181],[37.584314,49.91180938014784],[37.58509,49.912097],[37.588469,49.909664]]]}},{"type":"Feature","properties":{"cadnum":"6321885000:02:000:0102"},"geometry":{"type":"Polygon","coordinates":[[[37.590792,49.906757],[37.590404,49.906407],[37.590243,49.906113],[37.589808,49.90595175617792],[37.589808,49.905951],[37.589405,49.905802],[37.5862420425815,49.908732],[37.586242,49.908732],[37.58616,49.908808],[37.5865,49.908934],[37.587887,49.909448],[37.58866,49.908732],[37.58865890878091,49.908732],[37.589808,49.907669],[37.589808,49.90766864705883],[37.590792,49.906757]]]}},{"type":"Feature","properties":{"cadnum":"6321885000:02:000:0101"},"geometry":{"type":"Polygon","coordinates":[[[37.587662,49.905157],[37.587502,49.905305],[37.58750209905661,49.905305],[37.584416,49.908162],[37.584575,49.90822],[37.58595513605442,49.908732],[37.585955,49.908732],[37.58616,49.908808],[37.589405,49.905802],[37.58785260843418,49.905227879518236],[37.587662,49.905157]]]}},{"type":"Feature","properties":{"cadnum":"6321885000:02:000:0063"},"geometry":{"type":"Polygon","coordinates":[[[37.58973684033835,49.910896596637265],[37.588932,49.911401],[37.589727,49.91238],[37.589727818181814,49.91238],[37.589808,49.912478],[37.589808,49.91247689160645],[37.591438,49.914482],[37.592888,49.913744],[37.59186985491525,49.91238],[37.59187,49.91238],[37.590436,49.910457],[37.58973684033835,49.910896596637265]]]}},{"type":"Feature","properties":{"cadnum":"6321885000:02:000:0095"},"geometry":{"type":"Polygon","coordinates":[[[37.579088,49.910909],[37.583055,49.91238],[37.583056526863075,49.91238],[37.584143,49.912782630057805],[37.584143,49.912783],[37.585727,49.913369],[37.586187,49.913059],[37.586693,49.912742],[37.585415,49.912269],[37.58541437628867,49.912269],[37.584143,49.911798],[37.584143,49.91179861431368],[37.579717,49.910158],[37.579088,49.910909]]]}},{"type":"Feature","properties":{"cadnum":"6321885000:03:000:0012"},"geometry":{"type":"Polygon","coordinates":[[[37.586667,49.957001],[37.585503,49.955975],[37.58433,49.956659],[37.586307,49.958344],[37.58630740920848,49.958344],[37.588448,49.960166],[37.589538,49.959528],[37.58808207276445,49.95824800966053],[37.586667,49.957001]]]}},{"type":"Feature","properties":{"cadnum":"6321885000:03:000:0032"},"geometry":{"type":"Polygon","coordinates":[[[37.595301,49.958322955223885],[37.595397,49.958314],[37.595305,49.958233],[37.59530462553191,49.958233],[37.59525002556133,49.95818512316012],[37.59393,49.957023],[37.59349,49.956635],[37.59043799765944,49.958233],[37.590436,49.958233],[37.589636,49.958653],[37.589636,49.95865383102919],[37.589157,49.958904],[37.589636,49.95932487250384],[37.589636,49.959325],[37.590615,49.960187],[37.59069,49.959761],[37.590811,49.959153],[37.59098,49.95881],[37.591123,49.958672],[37.591407,49.958539],[37.592078,49.958441],[37.594453,49.958401],[37.595301,49.958324],[37.595301,49.958323],[37.595301,49.958322955223885]]]}},{"type":"Feature","properties":{"cadnum":"6321885000:03:000:0011"},"geometry":{"type":"Polygon","coordinates":[[[37.584314,49.958270953125],[37.584399,49.958344],[37.58440034155743,49.958344],[37.587316,49.960827],[37.588305,49.960249],[37.588448,49.960166],[37.586177,49.958233],[37.586176764391695,49.958233],[37.58433,49.956659],[37.584262318540745,49.95669917455603],[37.583199,49.95732],[37.584314,49.958271],[37.584314,49.958270953125]]]}},{"type":"Feature","properties":{"cadnum":"6321885000:03:000:0008"},"geometry":{"type":"Polygon","coordinates":[[[37.589808,49.959765],[37.589649219510534,49.9596256260148],[37.589636,49.959614],[37.589636,49.95961402222222],[37.589538,49.959528],[37.588448,49.960166],[37.588305,49.960249],[37.589636,49.961381634065205],[37.589636,49.961382],[37.590218,49.961878],[37.59021836702428,49.961878],[37.592168,49.963538],[37.593815,49.962576],[37.593793,49.962571],[37.593461,49.962488],[37.593227,49.962378],[37.592999,49.962271],[37.592572,49.962047],[37.592144,49.961823],[37.591947,49.961708],[37.591747,49.96159],[37.591627,49.961494],[37.591508,49.9614],[37.591296,49.961186],[37.591086,49.960972],[37.590888,49.960738],[37.590697,49.960508],[37.590576,49.960422],[37.590449,49.960329],[37.589808,49.95976526691267],[37.589808,49.959765]]]}},{"type":"Feature","properties":{"cadnum":"6321885000:03:000:0031"},"geometry":{"type":"Polygon","coordinates":[[[37.59239,49.955667],[37.5896619746845,49.957096390170754],[37.588057,49.957936],[37.58852,49.958344],[37.58852105365126,49.958344],[37.589157,49.958904],[37.589808,49.958564],[37.589808,49.9585627],[37.59022457142858,49.958344],[37.590226,49.958344],[37.59349,49.956635],[37.59239,49.955667]]]}},{"type":"Feature","properties":{"cadnum":"6321885000:03:000:0272"},"geometry":{"type":"Polygon","coordinates":[[[37.588305,49.960249],[37.587316,49.960827],[37.587073,49.960968],[37.58801072747253,49.961767],[37.58801,49.961767],[37.589636,49.96315154171302],[37.589636,49.963152],[37.590935,49.964258],[37.592168,49.963538],[37.590088,49.961767],[37.59008775403226,49.961767],[37.589808,49.961528584192436],[37.589808,49.961528],[37.588305,49.960249]]]}},{"type":"Feature","properties":{"cadnum":"6321885000:03:000:0005"},"geometry":{"type":"Polygon","coordinates":[[[37.585818,49.961701],[37.58570501694915,49.961767],[37.585704,49.961767],[37.585296,49.962005],[37.585437,49.96216],[37.586154,49.96388],[37.586156,49.964415],[37.586064,49.964693],[37.586115,49.964893],[37.586885,49.965212],[37.58731703015073,49.965301],[37.587316,49.965301],[37.587720459450416,49.96538410810625],[37.587851,49.965411],[37.587851333333354,49.965411],[37.588119,49.965466],[37.588686,49.965547],[37.588788,49.96551],[37.58895884070796,49.965411],[37.588959,49.965411],[37.588983,49.965397],[37.589219,49.965214],[37.589425,49.965128],[37.589441,49.965129],[37.58968,49.96499],[37.585896,49.961767],[37.58589481355933,49.961767],[37.585818,49.961701]]]}},{"type":"Feature","properties":{"cadnum":"6321885000:03:000:0006"},"geometry":{"type":"Polygon","coordinates":[[[37.587073,49.960968],[37.586184,49.961488],[37.585818,49.961701],[37.586024,49.961878],[37.58602632081911,49.961878],[37.589636,49.96495252325581],[37.589636,49.964953],[37.58968,49.96499],[37.589808,49.964916],[37.589808,49.96491534183267],[37.590935,49.964258],[37.589808,49.96329844495766],[37.589808,49.963298],[37.588140357935984,49.961878],[37.588141,49.961878],[37.587073,49.960968]]]}},{"type":"Feature","properties":{"cadnum":"6321885000:04:000:0139"},"geometry":{"type":"Polygon","coordinates":[[[37.693494,49.8981],[37.693456,49.898086],[37.692996,49.898062],[37.691977,49.898068],[37.691121,49.898024],[37.691058,49.898228],[37.691058760124605,49.898228],[37.690995,49.898439],[37.690829,49.898985],[37.693161,49.899001],[37.693278,49.898459],[37.693426592592594,49.89821061728395],[37.693494,49.8981]]]}},{"type":"Feature","properties":{"cadnum":"6321885000:04:000:0124"},"geometry":{"type":"Polygon","coordinates":[[[37.691066,49.898021],[37.690621,49.898018],[37.690366,49.898017],[37.690059,49.898059],[37.688945,49.898034],[37.688513,49.898045],[37.688513,49.89804521182266],[37.688278,49.898051],[37.68825150282486,49.898118],[37.688251,49.898118],[37.68823319999989,49.89816428000028],[37.688208,49.898228],[37.68820869230769,49.898228],[37.688196,49.898261],[37.68799761627909,49.898228],[37.687999,49.898228],[37.687679,49.898175],[37.687043,49.898144],[37.68683,49.898228],[37.68683235384615,49.898228],[37.686391,49.898404],[37.686393,49.898407],[37.688513,49.89842180576168],[37.688513,49.898423],[37.690995,49.898439],[37.691092,49.898118],[37.69109197058824,49.898118],[37.691121,49.898024],[37.691066,49.898021]]]}},{"type":"Feature","properties":{"cadnum":"6321885000:02:000:0216"},"geometry":{"type":"Polygon","coordinates":[[[37.60212,49.915016],[37.6021,49.915027],[37.601552,49.915284],[37.602044,49.915917],[37.60204453445555,49.915917],[37.60344,49.917707],[37.604003,49.917435],[37.602734,49.915806],[37.60273376248613,49.915806],[37.60212,49.915016]]]}},{"type":"Feature","properties":{"cadnum":"6321885000:02:000:0218"},"geometry":{"type":"Polygon","coordinates":[[[37.603904,49.914565],[37.603756,49.914565],[37.603468,49.914606],[37.603107,49.914657],[37.602903,49.914695],[37.603854,49.915917],[37.60385449920886,49.915917],[37.604753,49.91707],[37.605107,49.916898],[37.605179,49.916869],[37.60546,49.916767],[37.605595,49.916735],[37.604871,49.915806],[37.604870548076924,49.915806],[37.603904,49.914565]]]}},{"type":"Feature","properties":{"cadnum":"6321885000:02:000:0215"},"geometry":{"type":"Polygon","coordinates":[[[37.601552,49.915284],[37.601544,49.915287],[37.601208,49.915476],[37.600904,49.915605],[37.600869,49.915672],[37.60086188979592,49.915806],[37.600861,49.915806],[37.600841,49.916189],[37.600858,49.916838],[37.600868,49.917053],[37.600976,49.917041],[37.601031,49.917034],[37.602382,49.916881],[37.602582,49.917126],[37.602716,49.917321],[37.602763,49.917398],[37.602877,49.91756],[37.603107,49.917882],[37.603432,49.917711],[37.60344,49.917707],[37.601958,49.915806],[37.60195772511849,49.915806],[37.601552,49.915284]],[[37.60101,49.916962],[37.601011,49.916971],[37.600996,49.916971],[37.600996,49.916962],[37.60101,49.916962]],[[37.601008,49.916407],[37.601007,49.916473],[37.600992,49.916473],[37.600994,49.916407],[37.601008,49.916407]],[[37.601007,49.916683],[37.601007,49.916692],[37.600992,49.916692],[37.600992,49.916683],[37.601007,49.916683]]]}},{"type":"Feature","properties":{"cadnum":"6321885000:02:000:0217"},"geometry":{"type":"Polygon","coordinates":[[[37.602903,49.914695],[37.602602,49.914752],[37.60212,49.915016],[37.60282,49.915917],[37.602820469613256,49.915917],[37.604003,49.917435],[37.604581,49.917153],[37.604753,49.91707],[37.603768,49.915806],[37.603767616202944,49.915806],[37.602903,49.914695]]]}},{"type":"Feature","properties":{"cadnum":"6321885000:03:000:0118"},"geometry":{"type":"Polygon","coordinates":[[[37.622595,49.943996],[37.622595,49.943996111111105],[37.622579,49.943973],[37.622158,49.943682],[37.622092,49.943566],[37.622105,49.943401],[37.622021,49.943124],[37.621912,49.942979],[37.621761,49.942868],[37.62158,49.942834],[37.621427,49.942845],[37.618267,49.943516],[37.620491,49.944206],[37.62049226555388,49.944206],[37.622261,49.944754],[37.622328,49.944659],[37.622595,49.94451973741007],[37.622595,49.94452],[37.622606,49.944514],[37.622726,49.944367],[37.622714,49.944168],[37.622665,49.944095],[37.62266349418604,49.944095],[37.622595,49.943996]]]}},{"type":"Feature","properties":{"cadnum":"6321885000:03:000:0114"},"geometry":{"type":"Polygon","coordinates":[[[37.618267,49.943516],[37.618106,49.94355],[37.618096030487806,49.944095],[37.618095,49.944095],[37.618078,49.945108],[37.618315,49.945168],[37.619088,49.945359],[37.619627,49.945553],[37.620166,49.945748],[37.620841,49.946077],[37.621515,49.946408],[37.62168,49.946509],[37.621841,49.946608],[37.622595,49.94606675027027],[37.622595,49.946067],[37.62267796066062,49.946007197969024],[37.622766,49.945944],[37.622766,49.945943734982336],[37.622878,49.945863],[37.622761,49.945485],[37.622595,49.945268],[37.622595,49.94526831858407],[37.622309,49.944895],[37.622243,49.944779],[37.622261,49.944754],[37.620134,49.944095],[37.62013322608694,49.944095],[37.618267,49.943516]],[[37.621344,49.944936],[37.621258,49.944768],[37.621435,49.944686],[37.621655,49.944698],[37.621816,49.944999],[37.621699,49.945038],[37.621484,49.945035],[37.621344,49.944936]]]}},{"type":"Feature","properties":{"cadnum":"6321885000:04:000:0019"},"geometry":{"type":"Polygon","coordinates":[[[37.640481,49.922564],[37.64348,49.920436],[37.642685,49.919901],[37.641708,49.921066],[37.640079,49.922294],[37.640481,49.922564]]]}},{"type":"Feature","properties":{"cadnum":"6321885000:04:000:0017"},"geometry":{"type":"Polygon","coordinates":[[[37.64472218072625,49.921817421684466],[37.644739,49.921806],[37.644739,49.92180597857143],[37.645127,49.921542],[37.644739,49.921282178571424],[37.644739,49.921282],[37.64348,49.920436],[37.640481,49.922564],[37.64095123809524,49.92288],[37.640951,49.92288],[37.641106,49.922984],[37.641115,49.922991],[37.641116412500004,49.922991],[37.642058,49.923624],[37.64256,49.923287],[37.643158,49.92288],[37.64315745569621,49.92288],[37.644567,49.92192280229226],[37.644567,49.921923],[37.64472218072625,49.921817421684466]]]}},{"type":"Feature","properties":{"cadnum":"6321885000:04:000:0018"},"geometry":{"type":"Polygon","coordinates":[[[37.645454,49.921515],[37.644638432469186,49.92207035827352],[37.64344730131447,49.92288],[37.643446,49.92288],[37.642769,49.923341],[37.64403,49.92419],[37.644739,49.923715],[37.644739,49.92371460333007],[37.645588,49.923145],[37.64581696603773,49.922991],[37.645817,49.922991],[37.646724,49.922383],[37.645454,49.921515]]]}},{"type":"Feature","properties":{"cadnum":"6321885000:04:000:0024"},"geometry":{"type":"Polygon","coordinates":[[[37.649059,49.920625],[37.647836,49.919793],[37.644586,49.920867],[37.644739,49.92097],[37.644739,49.92096983333334],[37.645504,49.921484],[37.645815,49.921696],[37.649059,49.920625]]]}},{"type":"Feature","properties":{"cadnum":"6321885000:04:000:0009"},"geometry":{"type":"Polygon","coordinates":[[[37.64091460000318,49.92292080000214],[37.640854,49.92288],[37.64085392307692,49.92288],[37.640033,49.922328],[37.639317,49.922869],[37.63930040983606,49.92288],[37.6393,49.92288],[37.63913753993407,49.922987827477385],[37.63736,49.924165],[37.635677,49.925312],[37.634504,49.92588],[37.63575,49.92642],[37.639246,49.924178],[37.639246,49.92417761453078],[37.641056,49.923016],[37.64101886764707,49.922991],[37.641019,49.922991],[37.64091460000318,49.92292080000214]]]}},{"type":"Feature","properties":{"cadnum":"6321885000:04:000:0021"},"geometry":{"type":"Polygon","coordinates":[[[37.646724,49.922383],[37.64598258717106,49.92288],[37.645982,49.92288],[37.645588,49.923145],[37.647242,49.924258],[37.648687,49.923723],[37.647452,49.92288],[37.64745151644736,49.92288],[37.646724,49.922383]]]}},{"type":"Feature","properties":{"cadnum":"6321885000:04:000:0015"},"geometry":{"type":"Polygon","coordinates":[[[37.645146,49.925034],[37.647242,49.924258],[37.645588,49.923145],[37.644567,49.92383],[37.644567,49.923830232722146],[37.64403,49.92419],[37.640544,49.926527],[37.64054511111111,49.926527],[37.639824,49.927011],[37.6402,49.927263],[37.642077,49.926417],[37.64207628571428,49.926417],[37.644739,49.925218],[37.644739,49.92521746632124],[37.645146,49.925034]]]}},{"type":"Feature","properties":{"cadnum":"6321885000:03:000:0028"},"geometry":{"type":"Polygon","coordinates":[[[37.595301,49.951],[37.595301,49.950999508833924],[37.595432,49.950931],[37.595301,49.95079956765676],[37.595301,49.950799],[37.593662,49.949152],[37.592911,49.94855],[37.592513,49.948759],[37.595129,49.95106139757208],[37.595129,49.951062],[37.595149,49.951079],[37.595301,49.951]]]}},{"type":"Feature","properties":{"cadnum":"6321885000:03:000:0099"},"geometry":{"type":"Polygon","coordinates":[[[37.604529,49.949538],[37.600622,49.95086],[37.600622,49.95086002853067],[37.599392,49.951275],[37.59939470646766,49.951275],[37.596748,49.95217],[37.597582,49.953008],[37.598012,49.952588],[37.599087,49.952349],[37.600571,49.951798],[37.600622,49.95177421524664],[37.600622,49.951775],[37.601463,49.95138],[37.6021,49.951165],[37.602098124653736,49.951165],[37.604974,49.950192],[37.604529,49.949538]]]}},{"type":"Feature","properties":{"cadnum":"6321885000:03:000:0098"},"geometry":{"type":"Polygon","coordinates":[[[37.604529,49.949538],[37.604133,49.948956],[37.604042,49.948821],[37.600622,49.949978],[37.600622,49.9499781777334],[37.596788,49.951275],[37.5967890867052,49.951275],[37.596092,49.951511],[37.596748,49.95217],[37.59972,49.951165],[37.599718046511626,49.951165],[37.600794,49.950802],[37.600794,49.95080180087023],[37.604529,49.949538]],[[37.600756,49.950102],[37.600794,49.950089],[37.600794,49.950088020354315],[37.603409,49.949126],[37.603471,49.949197],[37.600818,49.950172],[37.600756,49.950102]]]}},{"type":"Feature","properties":{"cadnum":"6321885000:03:000:0097"},"geometry":{"type":"Polygon","coordinates":[[[37.604042,49.948821],[37.603581,49.948144],[37.600622,49.949145],[37.600622,49.94914617361894],[37.595472,49.950888],[37.59574756847545,49.951165],[37.595747,49.951165],[37.596092,49.951511],[37.597114,49.951165],[37.5971132103321,49.951165],[37.600794,49.94992],[37.600794,49.949919811695906],[37.604042,49.948821]]]}},{"type":"Feature","properties":{"cadnum":"6321885000:04:000:0033"},"geometry":{"type":"Polygon","coordinates":[[[37.661237,49.919454],[37.66123811884058,49.919454],[37.661047,49.920088],[37.661047,49.92008883206106],[37.660171,49.922991],[37.66017149380804,49.922991],[37.66001,49.923526],[37.661047,49.92356605970149],[37.661047,49.923567],[37.661149,49.92357],[37.661219,49.923587],[37.661219,49.92358670454545],[37.661677,49.923696],[37.661923,49.92288],[37.661922477787854,49.92288],[37.662887,49.919682],[37.6615768028169,49.919454],[37.661577,49.919454],[37.661255,49.919398],[37.661237,49.919454]]]}},{"type":"Feature","properties":{"cadnum":"6321885000:03:000:0263"},"geometry":{"type":"Polygon","coordinates":[[[37.60073835805632,49.96861999232733],[37.600794,49.968581],[37.600794,49.96858077659574],[37.600998,49.968437],[37.600756,49.968304],[37.600278,49.968139],[37.599132,49.968944],[37.599132655221744,49.968944],[37.597302,49.970232],[37.597779,49.970702],[37.600433,49.968834],[37.60043296969697,49.968834],[37.600622,49.968701532818535],[37.600622,49.968702],[37.60073835805632,49.96861999232733]]]}},{"type":"Feature","properties":{"cadnum":"6321885000:03:000:0265"},"geometry":{"type":"Polygon","coordinates":[[[37.601604,49.968771],[37.60151405202312,49.968834],[37.601514,49.968834],[37.601503965000894,49.968841064999374],[37.601357,49.968944],[37.601357757961786,49.968944],[37.60063870893516,49.96945023631023],[37.598228,49.971146],[37.598514,49.971426],[37.598695,49.971478],[37.599925,49.970696],[37.600794,49.970086],[37.600794,49.97008499936508],[37.602197,49.969098],[37.60191758333333,49.968944],[37.601918,49.968944],[37.601604,49.968771]]]}},{"type":"Feature","properties":{"cadnum":"6321885000:03:000:0284"},"geometry":{"type":"Polygon","coordinates":[[[37.602193,49.972119],[37.603079,49.971151],[37.603451,49.970836],[37.602988,49.970363],[37.60205,49.971013],[37.600689,49.972029],[37.600794,49.972137],[37.600794,49.97213688329519],[37.601126,49.972478],[37.60112780921053,49.972478],[37.601466,49.972823],[37.60182083552631,49.972478],[37.601822,49.972478],[37.602193,49.972119]]]}},{"type":"Feature","properties":{"cadnum":"6321885000:03:000:0261"},"geometry":{"type":"Polygon","coordinates":[[[37.599514,49.967785],[37.598435,49.967253],[37.597129,49.968171],[37.597176,49.96821],[37.597176,49.968357],[37.597041919931854,49.968834],[37.597041,49.968834],[37.596919,49.969275],[37.596922,49.969547],[37.596933,49.969601],[37.598022,49.968834],[37.59802150560828,49.968834],[37.599514,49.967785]]]}},{"type":"Feature","properties":{"cadnum":"6321885000:03:000:0262"},"geometry":{"type":"Polygon","coordinates":[[[37.600278,49.968139],[37.600127,49.968086],[37.599514,49.967785],[37.597865,49.968944],[37.597865820078226,49.968944],[37.596933,49.969601],[37.596988,49.969864],[37.597107,49.970041],[37.597302,49.970232],[37.599289,49.968834],[37.59928859627329,49.968834],[37.600278,49.968139]]]}},{"type":"Feature","properties":{"cadnum":"6321885000:03:000:0264"},"geometry":{"type":"Polygon","coordinates":[[[37.600998,49.968437],[37.60073835805627,49.96861999232737],[37.600276,49.968944],[37.60027671520343,49.968944],[37.597779,49.970702],[37.598228,49.971146],[37.600622,49.9694619898675],[37.600622,49.969462],[37.60063870893516,49.96945023631023],[37.600794,49.969341],[37.600794,49.9693409058296],[37.60150396500088,49.96884106499938],[37.601604,49.968771],[37.600998,49.968437]]]}},{"type":"Feature","properties":{"cadnum":"6321885000:03:000:0288"},"geometry":{"type":"Polygon","coordinates":[[[37.594299,49.970294],[37.594259,49.970318],[37.594976,49.970811],[37.595129,49.970888206153845],[37.595129,49.970889],[37.595724,49.971187],[37.596699,49.971579],[37.59743,49.971872],[37.597704,49.972061],[37.598306,49.972478],[37.598307097345135,49.972478],[37.59831,49.97248],[37.598855,49.973125],[37.598889,49.973265],[37.600756,49.973566],[37.600794,49.973551],[37.600794,49.973550677419354],[37.60088,49.973516],[37.601007,49.973268],[37.601466,49.972823],[37.601019,49.972367],[37.60101796659242,49.972367],[37.600689,49.972029],[37.600622,49.972079],[37.600622,49.97207925],[37.600597,49.972098],[37.600488692105266,49.972367],[37.600488,49.972367],[37.600244,49.972975],[37.599977,49.97332],[37.599482,49.973281],[37.599233,49.973079],[37.59869,49.97261],[37.598454,49.972367],[37.59845397924528,49.972367],[37.59805,49.971948],[37.596915,49.971279],[37.595828,49.971034],[37.59523577637816,49.97082134173235],[37.594802,49.970664],[37.594299,49.970294]]]}},{"type":"Feature","properties":{"cadnum":"6321885000:02:000:0248"},"geometry":{"type":"Polygon","coordinates":[[[37.59187028899082,49.901656],[37.591869,49.901656],[37.590136,49.902572],[37.589636,49.902806],[37.589636,49.90280637574316],[37.588967,49.903119],[37.588596,49.903127],[37.587086,49.90269],[37.585315,49.904257],[37.587697,49.905118],[37.5882,49.905305],[37.58820203163444,49.905305],[37.58944,49.905763],[37.589636,49.90583578362573],[37.589636,49.905837],[37.589782,49.90589],[37.589808,49.905679],[37.589808,49.905672900000006],[37.589822,49.905556],[37.58994775778532,49.90529733910065],[37.590125,49.904936],[37.590673,49.903908],[37.591051,49.903187],[37.591379,49.902626],[37.591741,49.902059],[37.592003,49.901656],[37.592002811926605,49.901656],[37.592073,49.901549],[37.59187028899082,49.901656]]]}},{"type":"Feature","properties":{"cadnum":"6321885000:02:000:0067"},"geometry":{"type":"Polygon","coordinates":[[[37.594709,49.908842],[37.59470933445946,49.908842],[37.593089,49.909325],[37.593304,49.9096],[37.595301,49.909005],[37.595075,49.908733],[37.594709,49.908842]]]}},{"type":"Feature","properties":{"cadnum":"6321885000:02:000:0344"},"geometry":{"type":"Polygon","coordinates":[[[37.595053,49.908701],[37.594324,49.908257],[37.593829,49.908134],[37.593087,49.907925],[37.592146,49.908461],[37.592503,49.908653],[37.59254280620155,49.908732],[37.592542,49.908732],[37.592568,49.908782],[37.592538,49.908842],[37.59253959574468,49.908842],[37.592479,49.90897],[37.592208,49.909119],[37.592011,49.909269],[37.591976,49.909445],[37.592161,49.909562],[37.593066,49.909292],[37.59492873037566,49.90873773378833],[37.595053,49.908701]]]}},{"type":"Feature","properties":{"cadnum":"6321885000:02:000:0104"},"geometry":{"type":"Polygon","coordinates":[[[37.592455,49.908674],[37.591918,49.908385],[37.591425,49.908842],[37.59142522379987,49.908842],[37.589947,49.910211],[37.590439,49.910393],[37.590604,49.91029],[37.592093,49.909573],[37.591917,49.909458],[37.591959,49.909254],[37.592169,49.909093],[37.592431,49.90895],[37.59251,49.908782],[37.592455,49.908674]]]}},{"type":"Feature","properties":{"cadnum":"6321885000:02:000:0008"},"geometry":{"type":"Polygon","coordinates":[[[37.582626,49.941279],[37.582142,49.94104],[37.581769,49.940856],[37.58083,49.941286],[37.580382,49.941303],[37.579887,49.94153],[37.579434,49.941872],[37.578821,49.94228249107143],[37.578821,49.942282],[37.577727,49.943014],[37.577109,49.943413],[37.57844,49.94408],[37.57865,49.94394],[37.57865,49.943941],[37.582626,49.941279]]]}},{"type":"Feature","properties":{"cadnum":"6321885000:02:000:0328"},"geometry":{"type":"Polygon","coordinates":[[[37.57865,49.94233265889213],[37.57865,49.942334],[37.579253,49.941921],[37.57875,49.941574],[37.57865,49.941502],[37.57865,49.94150201302932],[37.578443,49.941353],[37.57801,49.940989],[37.577703,49.940821],[37.577649,49.940872],[37.577605,49.941605],[37.576996,49.941816],[37.576638,49.941651],[37.576443,49.941798],[37.577158,49.942074],[37.577802,49.942125],[37.578478,49.94245],[37.57865,49.94233265889213]]]}},{"type":"Feature","properties":{"cadnum":"6321885000:02:000:0011"},"geometry":{"type":"Polygon","coordinates":[[[37.5871,49.943627],[37.587227,49.943532],[37.586707,49.943279],[37.586095,49.942979],[37.58571,49.942791],[37.585604,49.942868],[37.585418,49.943002],[37.584314,49.94379428235294],[37.584314,49.943794],[37.58389391504855,49.944095],[37.583893,49.944095],[37.581664,49.945695],[37.583082,49.946405],[37.58325,49.946489],[37.584314,49.945698],[37.584314,49.9456978706489],[37.58632069537572,49.944206],[37.586321,49.944206],[37.586916,49.943764],[37.5871,49.943627]],[[37.586516,49.943434],[37.586538,49.943445],[37.586523,49.94346],[37.586499,49.943448],[37.586516,49.943434]],[[37.585889,49.943116],[37.58591,49.943127],[37.585893,49.943141],[37.585871,49.943129],[37.585889,49.943116]]]}},{"type":"Feature","properties":{"cadnum":"6321885000:02:000:0009"},"geometry":{"type":"Polygon","coordinates":[[[37.583671,49.941794],[37.583539,49.941729],[37.582761,49.941346],[37.582626,49.941279],[37.578821,49.943826512575455],[37.578821,49.943826],[37.57844,49.94408],[37.578469761904756,49.944095],[37.578468,49.944095],[37.578821,49.944272],[37.578821,49.9442715],[37.579022,49.944372],[37.580074,49.944899],[37.581072126865664,49.944206],[37.581073,49.944206],[37.584188,49.942047],[37.583671,49.941794]],[[37.5835,49.941902],[37.583522,49.941913],[37.583504,49.941927],[37.583483,49.941916],[37.5835,49.941902]],[[37.582623,49.941457],[37.582646,49.941468],[37.582629,49.941482],[37.582606,49.94147],[37.582623,49.941457]]]}},{"type":"Feature","properties":{"cadnum":"6321885000:02:000:0010"},"geometry":{"type":"Polygon","coordinates":[[[37.585418,49.943002],[37.585604,49.942868],[37.58571,49.942791],[37.585417,49.942648],[37.584509,49.942203],[37.584188,49.942047],[37.584104,49.942106],[37.583913,49.942238],[37.58123318292684,49.944095],[37.581232,49.944095],[37.580074,49.944899],[37.581061,49.945393],[37.581664,49.945695],[37.583738363125,49.944206],[37.583739,49.944206],[37.584143,49.94391652521739],[37.584143,49.943917],[37.585418,49.943002]],[[37.585217,49.942797],[37.585234,49.942783],[37.585257,49.942794],[37.58524,49.942809],[37.585217,49.942797]],[[37.584325,49.942344],[37.584341,49.942329],[37.584364,49.94234],[37.584348,49.942355],[37.584325,49.942344]]]}},{"type":"Feature","properties":{"cadnum":"6321885000:03:000:0037"},"geometry":{"type":"Polygon","coordinates":[[[37.595602,49.958295],[37.596678,49.958123],[37.597421,49.958045],[37.597743,49.958075],[37.597991,49.95813],[37.598333,49.95811],[37.598674,49.958011],[37.598914,49.95791],[37.596589,49.955864],[37.595274,49.956437],[37.59393,49.957023],[37.595129,49.95807857476295],[37.595129,49.958079],[37.59525002556133,49.95818512316012],[37.595301,49.95823],[37.595301,49.958229820895525],[37.595397,49.958314],[37.595602,49.958295]]]}},{"type":"Feature","properties":{"cadnum":"6321885000:03:000:0038"},"geometry":{"type":"Polygon","coordinates":[[[37.597889,49.95454],[37.59758706060607,49.954699],[37.597587,49.954699],[37.597513,49.954738],[37.596136,49.955464],[37.596589,49.955864],[37.598914,49.95791],[37.599121,49.957822],[37.5994,49.957778],[37.600386,49.956739],[37.59816167999573,49.95478059999623],[37.597889,49.95454]]]}},{"type":"Feature","properties":{"cadnum":"6321885000:03:000:0039"},"geometry":{"type":"Polygon","coordinates":[[[37.599396,49.953746],[37.597889,49.95454],[37.5980692,49.954699],[37.598069,49.954699],[37.59816167999573,49.95478059999623],[37.598195,49.95481],[37.59819507205883,49.95481],[37.600386,49.956739],[37.600794,49.956309],[37.600794,49.95630856947041],[37.602214675723566,49.95481],[37.602215,49.95481],[37.602227,49.954797],[37.601738,49.954366],[37.600794,49.95413],[37.599828,49.953888],[37.599396,49.953746]]]}},{"type":"Feature","properties":{"cadnum":"6321885000:03:000:0040"},"geometry":{"type":"Polygon","coordinates":[[[37.602531,49.954564],[37.60240258536586,49.954699],[37.602402,49.954699],[37.600622,49.956577],[37.600622,49.9565774155744],[37.599497,49.957764],[37.600004,49.957865],[37.600622,49.95809704597701],[37.600622,49.958098],[37.600787,49.958159],[37.600794,49.958161],[37.600794,49.95816033415842],[37.601191,49.958236],[37.603984,49.95529],[37.6028,49.954699],[37.60279990243902,49.954699],[37.602531,49.954564]]]}},{"type":"Feature","properties":{"cadnum":"6321885000:04:000:0331"},"geometry":{"type":"Polygon","coordinates":[[[37.661067,49.896811],[37.660704,49.896627],[37.658288,49.897532],[37.657785,49.897638],[37.656639,49.897763],[37.656098,49.89784],[37.6559,49.897888],[37.65606302941176,49.898118],[37.656062,49.898118],[37.656617,49.898899],[37.65664,49.898897],[37.657068,49.898948],[37.657961,49.899513],[37.658473,49.899781],[37.659446,49.899552],[37.660228027894,49.898228],[37.660229,49.898228],[37.661067,49.896811]]]}},{"type":"Feature","properties":{"cadnum":"6321885000:04:000:0094"},"geometry":{"type":"Polygon","coordinates":[[[37.66382,49.898228],[37.663555,49.898181],[37.6631,49.898007],[37.662742,49.897664],[37.661067,49.896811],[37.66029405292873,49.898118],[37.660293,49.898118],[37.659446,49.899552],[37.659798,49.89947],[37.660457,49.899266],[37.661047,49.89928729679144],[37.661047,49.899288],[37.661205,49.899293],[37.661219,49.899299],[37.661219,49.899298865284976],[37.662556,49.899859],[37.66293,49.899766],[37.663372,49.899527],[37.66411,49.89828],[37.6638184848485,49.898228],[37.66382,49.898228]]]}},{"type":"Feature","properties":{"cadnum":"6321885000:02:000:0042"},"geometry":{"type":"Polygon","coordinates":[[[37.602767,49.926238],[37.602655,49.926116],[37.601947,49.926527],[37.60194828441411,49.926527],[37.600622,49.927296],[37.600622,49.92729680909902],[37.598552,49.928498],[37.598935,49.928723],[37.600025,49.929359],[37.600622,49.92901275552666],[37.600622,49.929013],[37.603807,49.927163],[37.603382,49.926917],[37.60302788,49.926527],[37.603028,49.926527],[37.602767,49.926238]]]}},{"type":"Feature","properties":{"cadnum":"6321885000:02:000:0043"},"geometry":{"type":"Polygon","coordinates":[[[37.601725,49.925104],[37.600794,49.925645043517676],[37.600794,49.925645],[37.599272,49.926527],[37.599272475825025,49.926527],[37.597217,49.92772],[37.597932,49.928137],[37.598552,49.928498],[37.600794,49.927197],[37.600794,49.92719627176781],[37.602138,49.926417],[37.6021364890511,49.926417],[37.602655,49.926116],[37.601725,49.925104]]]}},{"type":"Feature","properties":{"cadnum":"6321885000:02:000:0044"},"geometry":{"type":"Polygon","coordinates":[[[37.601725,49.925104],[37.601375,49.924724],[37.600955,49.924416],[37.600652,49.924288],[37.596792,49.926527],[37.596792807560135,49.926527],[37.595981,49.926999],[37.596941,49.927559],[37.597217,49.92772],[37.599462,49.926417],[37.5994618185941,49.926417],[37.600622,49.92574467411301],[37.600622,49.925745],[37.601725,49.925104]]]}},{"type":"Feature","properties":{"cadnum":"6321885000:03:000:0235"},"geometry":{"type":"Polygon","coordinates":[[[37.61682,49.940538],[37.615838,49.940518],[37.615838,49.940527],[37.615837538461534,49.94056],[37.615837,49.94056],[37.615834,49.9408],[37.616815,49.940819],[37.616817939759045,49.940628650601994],[37.61682,49.940538]]]}},{"type":"Feature","properties":{"cadnum":"6321885000:03:000:0230"},"geometry":{"type":"Polygon","coordinates":[[[37.615769,49.940542],[37.615775,49.940193],[37.615598,49.940209],[37.615086,49.940322],[37.614221,49.94067],[37.6142225984252,49.94067],[37.613866,49.940814],[37.613863,49.940947],[37.615606427397395,49.94057628219627],[37.615769,49.940542]]]}},{"type":"Feature","properties":{"cadnum":"6321885000:03:000:0229"},"geometry":{"type":"Polygon","coordinates":[[[37.615769,49.940542],[37.61568364062501,49.94056],[37.615683,49.94056],[37.615606427397395,49.94057628219627],[37.615162,49.94067],[37.61516568733851,49.94067],[37.613863,49.940947],[37.613858,49.941237],[37.613858,49.941238],[37.615763,49.940834],[37.61576539416058,49.94067],[37.615766,49.94067],[37.615769,49.940542]]]}},{"type":"Feature","properties":{"cadnum":"6321885000:03:000:0271"},"geometry":{"type":"Polygon","coordinates":[[[37.627042,49.956842],[37.628096,49.956207],[37.627342,49.955631],[37.622595,49.957495],[37.622595,49.957495175355454],[37.620867,49.958174],[37.621082,49.958344],[37.621083958828905,49.958344],[37.622331,49.959326],[37.622525,49.959235],[37.622595,49.959201887966806],[37.622595,49.959202],[37.622673702124075,49.95916465957617],[37.622766,49.959121],[37.622766,49.959120868613134],[37.623417,49.958812],[37.624317435233166,49.958344],[37.624318,49.958344],[37.625992,49.957475],[37.627042,49.956842]]]}},{"type":"Feature","properties":{"cadnum":"6321885000:03:000:0064"},"geometry":{"type":"Polygon","coordinates":[[[37.627342,49.955631],[37.626747,49.955175],[37.626052,49.954885],[37.62269111984444,49.956104133270195],[37.619642,49.957209],[37.620867,49.958174],[37.622766,49.957428],[37.622766,49.957427853591746],[37.627342,49.955631]]]}},{"type":"Feature","properties":{"cadnum":"6321885000:03:000:0065"},"geometry":{"type":"Polygon","coordinates":[[[37.625419,49.954481],[37.624774,49.953715],[37.624731,49.953941],[37.624405,49.954424],[37.62400714497042,49.954699],[37.624006,49.954699],[37.623916,49.954762],[37.62376,49.95481],[37.62376012040134,49.95481],[37.622945,49.955061],[37.622766,49.955098334285715],[37.622766,49.955098],[37.618173,49.956052],[37.619642,49.957209],[37.622595,49.95613896286812],[37.622595,49.956139],[37.62269111984444,49.956104133270195],[37.622766,49.956077],[37.622766,49.95607697107319],[37.626052,49.954885],[37.625937,49.954837],[37.625736,49.954699],[37.62573572948328,49.954699],[37.625419,49.954481]]]}},{"type":"Feature","properties":{"cadnum":"6321885000:02:000:0091"},"geometry":{"type":"Polygon","coordinates":[[[37.569499,49.912062],[37.569265290322576,49.912269],[37.569264,49.912269],[37.569149,49.912372],[37.569142,49.91238],[37.569142710052915,49.91238],[37.567663,49.914262],[37.567663,49.914262800922366],[37.566534,49.915699],[37.567663,49.915671230591855],[37.567663,49.915672],[37.569264,49.915632],[37.571487,49.912804],[37.570054,49.912269],[37.570052301886804,49.912269],[37.569499,49.912062]]]}},{"type":"Feature","properties":{"cadnum":"6321885000:04:000:0318"},"geometry":{"type":"Polygon","coordinates":[[[37.643488443037974,49.908842],[37.64331,49.908969],[37.64402,49.909328],[37.644567,49.9095235201669],[37.644567,49.909524],[37.64466930806107,49.909560089251315],[37.644739,49.909585],[37.644739,49.90958467313916],[37.644876,49.909633],[37.645534,49.90918],[37.645989,49.908911],[37.646098,49.908885],[37.646365,49.908911],[37.646766,49.909069],[37.64688,49.909],[37.64650740298507,49.908842],[37.646508,49.908842],[37.644621,49.908038],[37.643643012437806,49.908732],[37.643643,49.908732],[37.6436387794678,49.90873500380219],[37.643488,49.908842],[37.643488443037974,49.908842]]]}},{"type":"Feature","properties":{"cadnum":"6321885000:04:000:0310"},"geometry":{"type":"Polygon","coordinates":[[[37.644271,49.905467],[37.644189,49.905433],[37.643438,49.905967],[37.644567,49.9064000292083],[37.644567,49.906401],[37.646052,49.90697],[37.647035,49.906273],[37.646099,49.905977],[37.645037,49.905673],[37.644567,49.905547],[37.644567,49.905547324786326],[37.644271,49.905467]]]}},{"type":"Feature","properties":{"cadnum":"6321885000:04:000:0315"},"geometry":{"type":"Polygon","coordinates":[[[37.644739,49.906466],[37.643438,49.905967],[37.643157,49.906167],[37.642563,49.906588],[37.644567,49.90735699816177],[37.644567,49.907358],[37.645176,49.907591],[37.646052,49.90697],[37.644739,49.906466904377105],[37.644739,49.906466]]]}},{"type":"Feature","properties":{"cadnum":"6321885000:04:000:0317"},"geometry":{"type":"Polygon","coordinates":[[[37.644739,49.90808827662957],[37.64624982835821,49.908732],[37.646248,49.908732],[37.64688,49.909],[37.647313308989894,49.90873726966224],[37.647931,49.908364],[37.645577,49.90736],[37.644621,49.908038],[37.644739,49.908089],[37.644739,49.90808827662957]]]}},{"type":"Feature","properties":{"cadnum":"6321885000:04:000:0320"},"geometry":{"type":"Polygon","coordinates":[[[37.643595,49.908714],[37.640613,49.907569],[37.640444,49.907668],[37.640006,49.908015],[37.640387,49.908178],[37.641574,49.908492],[37.642068,49.908574],[37.642654,49.908663],[37.64280394972067,49.908732],[37.642801,49.908732],[37.643194,49.908911],[37.643265,49.908948],[37.64346470454548,49.90880563636362],[37.643595,49.908714]]]}},{"type":"Feature","properties":{"cadnum":"6321885000:04:000:0316"},"geometry":{"type":"Polygon","coordinates":[[[37.644567,49.90802397229917],[37.644567,49.908024],[37.644581889974106,49.90801341320396],[37.644739,49.907902],[37.644739,49.90790170771756],[37.645176,49.907591],[37.644739,49.90742380623974],[37.644739,49.907423],[37.642563,49.906588],[37.642131,49.906423],[37.642188,49.906467],[37.642123,49.906625],[37.641676,49.90698],[37.641522,49.907062],[37.644378,49.908158],[37.644567,49.90802397229917]]]}},{"type":"Feature","properties":{"cadnum":"6321885000:04:000:0308"},"geometry":{"type":"Polygon","coordinates":[[[37.641106,49.904754],[37.64101,49.904755],[37.640759,49.904711],[37.639794,49.904412],[37.639284,49.90437],[37.639812,49.904811],[37.640303,49.905127],[37.640568,49.905305],[37.64056964566929,49.905305],[37.640975,49.905575],[37.641983,49.906307],[37.642131,49.906423],[37.642563,49.906588],[37.643157,49.906167],[37.641744,49.905194],[37.64174324137931,49.905194],[37.641106,49.904754]]]}},{"type":"Feature","properties":{"cadnum":"6321885000:04:000:0306"},"geometry":{"type":"Polygon","coordinates":[[[37.641389,49.906277],[37.640712,49.90585],[37.640279,49.905571],[37.639246,49.90623109128631],[37.639246,49.906231],[37.638514,49.906699],[37.639054,49.907051],[37.639074,49.90706339583333],[37.639074,49.907064],[37.63923207253798,49.907161367875105],[37.639246,49.90717],[37.639246,49.90716994676806],[37.6396,49.907388],[37.639627,49.907405],[37.641389,49.906277]]]}},{"type":"Feature","properties":{"cadnum":"6321885000:04:000:0305"},"geometry":{"type":"Polygon","coordinates":[[[37.639332,49.904962],[37.639147,49.904861],[37.638626499999994,49.905194],[37.638626,49.905194],[37.637421,49.905965],[37.637836,49.90623],[37.638478,49.906676],[37.638514,49.906699],[37.639074,49.90634096721311],[37.639074,49.906341],[37.640279,49.905571],[37.639984,49.905379],[37.639694,49.905194],[37.63969386588922,49.905194],[37.639332,49.904962]]]}},{"type":"Feature","properties":{"cadnum":"6321885000:04:000:0307"},"geometry":{"type":"Polygon","coordinates":[[[37.640086,49.907698],[37.640591,49.907357],[37.641065,49.907037],[37.641557,49.906689],[37.64174,49.906498],[37.641389,49.906277],[37.639627,49.907405],[37.640086,49.907698]]]}},{"type":"Feature","properties":{"cadnum":"6321885000:04:000:0319"},"geometry":{"type":"Polygon","coordinates":[[[37.643595,49.908714],[37.644378,49.908158],[37.641522,49.907062],[37.641061,49.907309],[37.640613,49.907569],[37.643595,49.908714]]]}},{"type":"Feature","properties":{"cadnum":"6321885000:04:000:0309"},"geometry":{"type":"Polygon","coordinates":[[[37.643257,49.904799],[37.64295,49.904567],[37.642733,49.904551],[37.642422,49.904591],[37.642128,49.904564],[37.64163,49.904472],[37.641264,49.904706],[37.641157,49.904753],[37.641106,49.904754],[37.641904,49.905305],[37.64190519527235,49.905305],[37.643157,49.906167],[37.643438,49.905967],[37.644189,49.905433],[37.643855,49.905295],[37.643257,49.904799]]]}},{"type":"Feature","properties":{"cadnum":"6321885000:03:000:0004"},"geometry":{"type":"Polygon","coordinates":[[[37.596104,49.962787],[37.595774,49.962681],[37.595454,49.962578],[37.595378,49.962568],[37.595306,49.962558],[37.595236906024574,49.96256658795175],[37.594904,49.962606],[37.59448,49.962658],[37.594307,49.962657],[37.594129,49.962655],[37.593887,49.962594],[37.589636,49.965077],[37.589636,49.9650772804428],[37.589537,49.965135],[37.589613,49.965139],[37.589636,49.965148553846156],[37.589636,49.965149],[37.589755596897916,49.9651982325576],[37.589808,49.96522],[37.589808,49.96521980451128],[37.59000524200913,49.965301],[37.590005,49.965301],[37.590168,49.965368],[37.59023,49.965411],[37.59023064900663,49.965411],[37.590388,49.965519],[37.590624,49.965615],[37.591267,49.965301],[37.59126611111112,49.965301],[37.591373,49.965249],[37.591558,49.965209],[37.591708,49.965208],[37.59198178504673,49.965301],[37.591981,49.965301],[37.592023,49.965315],[37.595301,49.963401],[37.595301,49.96340061672474],[37.596277,49.962831],[37.596104,49.962787]]]}},{"type":"Feature","properties":{"cadnum":"6321885000:03:000:0003"},"geometry":{"type":"Polygon","coordinates":[[[37.5979,49.963609],[37.597902,49.963605],[37.597878,49.963513],[37.597853,49.963419],[37.597768,49.963336],[37.597684,49.963252],[37.597587,49.963203],[37.597485,49.963153],[37.597323,49.963098],[37.59715,49.96304],[37.597084,49.96301],[37.597043,49.962991],[37.596997,49.962991],[37.596915,49.962993],[37.596505,49.962889],[37.596277,49.962831],[37.595129,49.963501],[37.595129,49.9635014295302],[37.59204697701149,49.965301],[37.592046,49.965301],[37.592023,49.965315],[37.592931,49.965622],[37.593525,49.965953],[37.593635,49.9661],[37.59499875296663,49.96530289786369],[37.595301,49.965127],[37.595301,49.965126568386864],[37.5979,49.963609]]]}},{"type":"Feature","properties":{"cadnum":"6321885000:03:000:0001"},"geometry":{"type":"Polygon","coordinates":[[[37.600489,49.965206],[37.600296,49.96508],[37.600134,49.965007],[37.599974,49.964937],[37.599894,49.96492],[37.599819,49.964904],[37.599351,49.964923],[37.598851,49.964943],[37.598763,49.964917],[37.597916,49.965411],[37.597916645569605,49.965411],[37.595129,49.967039],[37.595129,49.96703930528376],[37.594279,49.967535],[37.594383,49.967643],[37.594728,49.96784],[37.595301,49.968072],[37.595301,49.968071913669064],[37.595407,49.968115],[37.595589,49.968134],[37.596593,49.967723],[37.598028,49.966869],[37.600685,49.965333],[37.600489,49.965206]]]}},{"type":"Feature","properties":{"cadnum":"6321885000:03:000:0277"},"geometry":{"type":"Polygon","coordinates":[[[37.598718,49.964903],[37.59859,49.964865],[37.598467,49.96479],[37.598345,49.964716],[37.598236,49.964587],[37.598136,49.964469],[37.598012,49.964374],[37.597881,49.964274],[37.597814,49.964209],[37.597736,49.964136],[37.597729,49.964033],[37.597721,49.963935],[37.597817,49.963761],[37.5979,49.963609],[37.595129,49.965227],[37.595129,49.96522709836066],[37.595002014084514,49.965301],[37.595002,49.965301],[37.594998752966994,49.965302897863474],[37.594813,49.965411],[37.59481380225281,49.965411],[37.593635,49.9661],[37.593809,49.966333],[37.594253,49.967508],[37.594279,49.967535],[37.595301,49.966939],[37.595301,49.966938551075266],[37.598105,49.965301],[37.59810460323887,49.965301],[37.598763,49.964917],[37.598718,49.964903]]]}},{"type":"Feature","properties":{"cadnum":"6321885000:03:000:0285"},"geometry":{"type":"Polygon","coordinates":[[[37.61321,49.964754],[37.612724,49.964993],[37.61205,49.965411],[37.61205114285713,49.965411],[37.61178,49.965579642972536],[37.61178,49.965579],[37.611528,49.965735],[37.611175,49.96587],[37.610289,49.966097],[37.610946,49.966769],[37.611609,49.96648122302158],[37.611609,49.966482],[37.611701221662805,49.96644119395451],[37.61178,49.966407],[37.61178,49.966406336283185],[37.611835,49.966382],[37.612172,49.966218],[37.612798,49.965842],[37.613249,49.965689],[37.613249,49.965688],[37.613819,49.965376],[37.61321,49.964754]]]}},{"type":"Feature","properties":{"cadnum":"6321885000:03:000:0286"},"geometry":{"type":"Polygon","coordinates":[[[37.613855,49.965356],[37.613988,49.965301],[37.61398777264326,49.965301],[37.615161,49.964815],[37.616336,49.964182],[37.615573,49.963403],[37.615496,49.963467],[37.614803,49.963991],[37.614076,49.964328],[37.61321,49.964754],[37.61374556752411,49.965301],[37.613745,49.965301],[37.613819,49.965376],[37.613855,49.965356]]]}},{"type":"Feature","properties":{"cadnum":"6321885000:04:000:0080"},"geometry":{"type":"Polygon","coordinates":[[[37.63924286440984,49.90021796126205],[37.639074,49.900054],[37.639074,49.90005431274132],[37.638987,49.89997],[37.635349480801324,49.901656],[37.635349,49.901656],[37.63485,49.901887],[37.636819,49.902883],[37.637533,49.902445],[37.638237,49.902181],[37.639246,49.901829],[37.639246,49.90182868831169],[37.639305,49.901808],[37.63946063815791,49.901767],[37.639462,49.901767],[37.640546,49.901481],[37.639935,49.90089],[37.639246,49.9002210058072],[37.639246,49.900221],[37.63924286440984,49.90021796126205]]]}},{"type":"Feature","properties":{"cadnum":"6321885000:03:000:0152"},"geometry":{"type":"Polygon","coordinates":[[[37.635036,49.931071],[37.634084,49.931661],[37.633981,49.931725],[37.63660158484525,49.933489],[37.6366,49.933489],[37.638876,49.93502],[37.639074,49.93489584864865],[37.639074,49.934896],[37.6392408251806,49.93479124475162],[37.639246,49.934788],[37.639246,49.934787995305165],[37.639926,49.934361],[37.639074,49.933788],[37.639074,49.93378831118314],[37.63879254216867,49.933599],[37.638794,49.933599],[37.635036,49.931071]]]}},{"type":"Feature","properties":{"cadnum":"6321885000:03:000:0148"},"geometry":{"type":"Polygon","coordinates":[[[37.629358,49.932885],[37.629323,49.933389],[37.62932,49.933599],[37.62932113385827,49.933599],[37.62932,49.933743],[37.629354,49.933815],[37.633753,49.936776],[37.633753,49.93677572237961],[37.634123505263155,49.937025],[37.634122,49.937025],[37.63491,49.937554],[37.635542856332705,49.937135],[37.635543,49.937135],[37.635746,49.937001],[37.633581,49.935545],[37.633581,49.93554514051842],[37.630821,49.933686],[37.63065281199656,49.933573302596336],[37.629358,49.932702],[37.629358,49.932885]]]}},{"type":"Feature","properties":{"cadnum":"6321885000:03:000:0147"},"geometry":{"type":"Polygon","coordinates":[[[37.629451,49.934026],[37.629398,49.934523],[37.629306,49.935124],[37.63213055892591,49.937025],[37.63213,49.937025],[37.633581,49.93800037954406],[37.633581,49.938001],[37.633906,49.938219],[37.63491,49.937554],[37.6342858563327,49.937135],[37.634287,49.937135],[37.633581,49.93666],[37.633581,49.9366602255058],[37.629354,49.933815],[37.629451,49.934026]]]}},{"type":"Feature","properties":{"cadnum":"6321885000:03:000:0149"},"geometry":{"type":"Polygon","coordinates":[[[37.631873,49.933034],[37.630961,49.933599],[37.63096143654822,49.933599],[37.630821,49.933686],[37.633753,49.935661],[37.633753,49.93566067297921],[37.635746,49.937001],[37.636131,49.936747],[37.636781,49.936337],[37.633753,49.93430067],[37.633753,49.934299],[37.632549,49.933489],[37.63254865486726,49.933489],[37.631873,49.933034]]]}},{"type":"Feature","properties":{"cadnum":"6321885000:03:000:0150"},"geometry":{"type":"Polygon","coordinates":[[[37.632873,49.932413],[37.631873,49.933034],[37.632712,49.933599],[37.63271250617284,49.933599],[37.633581,49.93418328571429],[37.633581,49.934185],[37.636781,49.936337],[37.637828,49.93568],[37.634735468735734,49.933599],[37.634736,49.933599],[37.633581,49.932822],[37.633581,49.93282208695652],[37.632925,49.93238],[37.632873,49.932413]]]}},{"type":"Feature","properties":{"cadnum":"6321885000:03:000:0151"},"geometry":{"type":"Polygon","coordinates":[[[37.633753,49.93293770909091],[37.63457248648648,49.933489],[37.634572,49.933489],[37.637828,49.93568],[37.638876,49.93502],[37.63676352710647,49.933599],[37.636765,49.933599],[37.633981,49.931725],[37.63372914814857,49.93188177777751],[37.632925,49.93238],[37.633753,49.932938],[37.633753,49.93293770909091]]]}},{"type":"Feature","properties":{"cadnum":"6321885000:02:000:0041"},"geometry":{"type":"Polygon","coordinates":[[[37.60159,49.928845],[37.604129,49.927349],[37.603807,49.927163],[37.600794,49.92891309419152],[37.600794,49.928913],[37.600025,49.929359],[37.600298,49.929518],[37.600794,49.92926],[37.600794,49.929259446280994],[37.60159,49.928845]]]}},{"type":"Feature","properties":{"cadnum":"6321885000:02:000:0045"},"geometry":{"type":"Polygon","coordinates":[[[37.599193,49.92367],[37.595129,49.926029],[37.595129,49.926029688581316],[37.594723,49.926265],[37.594866,49.926348],[37.59498434078213,49.926417],[37.594984,49.926417],[37.595059831373824,49.92646101568702],[37.595173,49.926527],[37.59517351086957,49.926527],[37.595175624718735,49.92652822696608],[37.595927,49.926967],[37.595981,49.926999],[37.596982,49.926417],[37.596981638231355,49.926417],[37.600652,49.924288],[37.599193,49.92367]]]}},{"type":"Feature","properties":{"cadnum":"6321885000:02:000:0072"},"geometry":{"type":"Polygon","coordinates":[[[37.600511,49.907352],[37.600393,49.907364],[37.599934,49.907408],[37.599164,49.907507],[37.599028,49.907524],[37.60002427921093,49.908732],[37.600024,49.908732],[37.600622,49.90945581298701],[37.600622,49.909456],[37.601333,49.910317],[37.603035,49.912378],[37.603322,49.912236],[37.604278,49.911915],[37.601739854539744,49.908842],[37.601741,49.908842],[37.600794,49.907696121537086],[37.600794,49.907695],[37.600511,49.907352]]]}},{"type":"Feature","properties":{"cadnum":"6321885000:02:000:0073"},"geometry":{"type":"Polygon","coordinates":[[[37.600275,49.9063],[37.600113,49.906405],[37.600103,49.906502],[37.600092,49.906603],[37.600208,49.906716],[37.60033,49.906834],[37.600591,49.906952],[37.6007906166657,49.90704049999957],[37.60089,49.907085],[37.600902,49.907189],[37.600917,49.907313],[37.600794,49.90732509152542],[37.600794,49.907325],[37.600511,49.907352],[37.600622,49.90748653356891],[37.600622,49.907488],[37.6016500915805,49.908732],[37.601649,49.908732],[37.604278,49.911915],[37.60486,49.91172],[37.605392,49.911446],[37.603242788504055,49.908842],[37.603243,49.908842],[37.600936,49.906047],[37.600693,49.906118],[37.600449,49.90619],[37.600275,49.9063]]]}},{"type":"Feature","properties":{"cadnum":"6321885000:02:000:0071"},"geometry":{"type":"Polygon","coordinates":[[[37.599028,49.907524],[37.598399,49.907605],[37.598012,49.907691],[37.597629,49.907776],[37.597383,49.907871],[37.59713,49.907966],[37.596909,49.908037],[37.59748226708074,49.908732],[37.597481,49.908732],[37.599352,49.910998],[37.600622,49.91056116227462],[37.600622,49.910562],[37.601333,49.910317],[37.600794,49.90966428691983],[37.600794,49.909664],[37.600114879828325,49.908842],[37.600115,49.908842],[37.599028,49.907524]]]}},{"type":"Feature","properties":{"cadnum":"6321885000:02:000:0068"},"geometry":{"type":"Polygon","coordinates":[[[37.596909,49.908037],[37.596374,49.908208],[37.595628,49.908447],[37.595298,49.908659],[37.595357836065574,49.908732],[37.595357,49.908732],[37.597699,49.911567],[37.599163,49.911063],[37.599352,49.910998],[37.59757182524272,49.908842],[37.597573,49.908842],[37.596909,49.908037]]]}},{"type":"Feature","properties":{"cadnum":"6321885000:04:000:0078"},"geometry":{"type":"Polygon","coordinates":[[[37.637678,49.909956],[37.636992,49.909669],[37.636274,49.909576],[37.63400742368045,49.912269],[37.634006,49.912269],[37.633581,49.912776],[37.633581,49.912776445739254],[37.63238,49.914204],[37.632414,49.914211],[37.63262,49.914249],[37.632809,49.914236],[37.632996,49.914225],[37.633743,49.913957],[37.633753,49.913954],[37.633753,49.91395342007927],[37.6345,49.913686],[37.63457,49.913652],[37.635732,49.912269],[37.63573141584158,49.912269],[37.637678,49.909956]]]}},{"type":"Feature","properties":{"cadnum":"6321885000:04:000:0079"},"geometry":{"type":"Polygon","coordinates":[[[37.636907,49.912328],[37.637338,49.912244],[37.638415,49.912154],[37.639074,49.91209848856799],[37.639074,49.912099],[37.639485,49.912065],[37.640634,49.911944],[37.641707,49.911831],[37.640147,49.911185],[37.63958,49.910885],[37.639074,49.910636],[37.639074,49.91063618131869],[37.63779,49.910003],[37.637678,49.909956],[37.635638,49.91238],[37.63563873752712,49.91238],[37.63457,49.913652],[37.634771,49.913553],[37.63504,49.913422],[37.635386,49.913177],[37.635736,49.912928],[37.636094,49.912676],[37.636465,49.912415],[37.63664281609197,49.91238],[37.636643,49.91238],[37.636907,49.912328]]]}},{"type":"Feature","properties":{"cadnum":"6321885000:02:000:0025"},"geometry":{"type":"Polygon","coordinates":[[[37.581473,49.927689],[37.58055,49.928654],[37.584143,49.92997512433582],[37.584143,49.929976],[37.587208,49.931103],[37.588208,49.930056],[37.587793,49.930014],[37.584143,49.928672],[37.584143,49.928672041182686],[37.581473,49.927689]]]}},{"type":"Feature","properties":{"cadnum":"6321885000:02:000:0030"},"geometry":{"type":"Polygon","coordinates":[[[37.585401,49.933083],[37.584965,49.933538],[37.584906,49.933599],[37.58490692112675,49.933599],[37.584627,49.933893],[37.589636,49.93642892105771],[37.589636,49.93643],[37.590379,49.936805],[37.59069,49.936016],[37.590796,49.935815],[37.589808,49.93531503793103],[37.589808,49.935315],[37.586418289156626,49.933599],[37.58642,49.933599],[37.585401,49.933083]]]}},{"type":"Feature","properties":{"cadnum":"6321885000:02:000:0029"},"geometry":{"type":"Polygon","coordinates":[[[37.586217,49.932228],[37.585709,49.932758],[37.585401,49.933083],[37.58620277131783,49.933489],[37.586201,49.933489],[37.589636,49.935227927086224],[37.589636,49.935228],[37.590796,49.935815],[37.591102,49.935231],[37.591403,49.934854],[37.589808,49.934046119411434],[37.589808,49.934046],[37.588708,49.933489],[37.58870772793582,49.933489],[37.586217,49.932228]]]}},{"type":"Feature","properties":{"cadnum":"6321885000:02:000:0022"},"geometry":{"type":"Polygon","coordinates":[[[37.578821,49.9312788871822],[37.584314,49.933299],[37.584314,49.933298917214195],[37.584904,49.933516],[37.585649,49.932736],[37.584143,49.932183],[37.584143,49.93218308793686],[37.578992,49.930288],[37.578821,49.93046700000001],[37.578821,49.930467],[37.578247,49.931067],[37.57865,49.93121584320558],[37.57865,49.931216],[37.5787494459581,49.931252572374774],[37.578821,49.931279],[37.578821,49.9312788871822]]]}},{"type":"Feature","properties":{"cadnum":"6321885000:02:000:0024"},"geometry":{"type":"Polygon","coordinates":[[[37.58055,49.928654],[37.579734,49.929508],[37.58094391891892,49.929953],[37.580943,49.929953],[37.584314,49.931193],[37.584314,49.931192852],[37.586393,49.931957],[37.587208,49.931103],[37.58437960603369,49.930063],[37.584381,49.930063],[37.584314,49.930038508403356],[37.584314,49.930038],[37.58055,49.928654]]]}},{"type":"Feature","properties":{"cadnum":"6321885000:02:000:0023"},"geometry":{"type":"Polygon","coordinates":[[[37.579734,49.929508],[37.579205,49.930063],[37.57920625373134,49.930063],[37.578992,49.930288],[37.584314,49.932246],[37.584314,49.93224579083665],[37.585649,49.932736],[37.586393,49.931957],[37.584143,49.93113],[37.584143,49.93113009878374],[37.58124204032258,49.930063],[37.581243,49.930063],[37.579734,49.929508]]]}},{"type":"Feature","properties":{"cadnum":"6321885000:02:000:0021"},"geometry":{"type":"Polygon","coordinates":[[[37.58186802782071,49.933489],[37.581867,49.933489],[37.584135,49.934323],[37.584143,49.934314597765365],[37.584143,49.934315],[37.584904,49.933516],[37.584831,49.933489],[37.58483061785716,49.933489],[37.584143,49.933236],[37.584143,49.933236112817795],[37.5787494459581,49.931252572374774],[37.578247,49.931067],[37.577476,49.931874],[37.578821,49.932369],[37.578821,49.93236791555302],[37.58186802782071,49.933489]]]}},{"type":"Feature","properties":{"cadnum":"6321885000:02:000:0347"},"geometry":{"type":"Polygon","coordinates":[[[37.588546,49.929703],[37.587595,49.929222],[37.586998,49.929127],[37.585763,49.928392],[37.58514,49.929039],[37.58762701743589,49.929953],[37.587626,49.929953],[37.587793,49.930014],[37.588208,49.930056],[37.588546,49.929703]]]}},{"type":"Feature","properties":{"cadnum":"6321885000:02:000:0278"},"geometry":{"type":"Polygon","coordinates":[[[37.587494,49.919198],[37.587002,49.917834],[37.586569,49.916636],[37.586219,49.916838],[37.586744,49.918295],[37.587163,49.919454],[37.58716306369427,49.919454],[37.587293,49.919814],[37.587689,49.920909],[37.588096,49.922037],[37.588326,49.922674],[37.588729,49.922616],[37.58835,49.921567],[37.58797,49.920514],[37.587546,49.919343],[37.58754554296875,49.919343],[37.587494,49.919198]]]}},{"type":"Feature","properties":{"cadnum":"6321885000:02:000:0277"},"geometry":{"type":"Polygon","coordinates":[[[37.5888,49.918596],[37.587737,49.91872],[37.58796163942307,49.919343],[37.587961,49.919343],[37.587962,49.919344],[37.588001,49.919454],[37.588001691749774,49.919454],[37.58836,49.920447],[37.588826,49.921735],[37.589122,49.922554],[37.58951,49.922492],[37.589808,49.922445],[37.589808,49.922444282560704],[37.590089,49.922399],[37.590061,49.922354],[37.58969941968825,49.92190053575021],[37.588963,49.920975],[37.58894,49.920948],[37.588918,49.920851],[37.588579,49.919414],[37.5888,49.918596]]]}},{"type":"Feature","properties":{"cadnum":"6321885000:02:000:0049"},"geometry":{"type":"Polygon","coordinates":[[[37.588922,49.918143],[37.588598160503544,49.919343],[37.588598,49.919343],[37.588579,49.919414],[37.588587,49.919454],[37.58858841329857,49.919454],[37.58894,49.920948],[37.589636,49.92182120737328],[37.589636,49.921822],[37.590061,49.922354],[37.592177,49.922445],[37.590415,49.920143],[37.5898999725,49.919454],[37.5899,49.919454],[37.589808,49.91933063636363],[37.589808,49.91933],[37.588922,49.918143]]]}},{"type":"Feature","properties":{"cadnum":"6321885000:02:000:0287"},"geometry":{"type":"Polygon","coordinates":[[[37.587737,49.91872],[37.587508,49.918084],[37.587162,49.917125],[37.586932,49.916491],[37.586671,49.916578],[37.586569,49.916636],[37.587002,49.917834],[37.587494,49.919198],[37.587585,49.919454],[37.5875861912895,49.919454],[37.58797,49.920514],[37.58835,49.921567],[37.588729,49.922616],[37.588783,49.922608],[37.589122,49.922554],[37.588826,49.921735],[37.58836,49.920447],[37.587962,49.919344],[37.587737,49.91872]]]}},{"type":"Feature","properties":{"cadnum":"6321885000:02:000:0283"},"geometry":{"type":"Polygon","coordinates":[[[37.586744,49.918295],[37.586219,49.916838],[37.586148,49.916879],[37.586106,49.91733],[37.58626,49.918059],[37.586256,49.91824],[37.586695,49.919454],[37.586695213983056,49.919454],[37.586826,49.919815],[37.58723,49.920934],[37.587646,49.922086],[37.587882,49.922738],[37.588326,49.922674],[37.588096,49.922037],[37.587689,49.920909],[37.587293,49.919814],[37.587123,49.919343],[37.58712287144089,49.919343],[37.586744,49.918295]]]}},{"type":"Feature","properties":{"cadnum":"6321885000:02:000:0282"},"geometry":{"type":"Polygon","coordinates":[[[37.586256,49.91824],[37.586254,49.918442],[37.586043,49.918813],[37.58622871429041,49.91938532144304],[37.586343,49.919738],[37.586156,49.919781],[37.586538,49.92084],[37.587021,49.922178],[37.587255,49.922828],[37.587882,49.922738],[37.587646,49.922086],[37.58723,49.920934],[37.586826,49.919815],[37.586655,49.919343],[37.58665486079077,49.919343],[37.586256,49.91824]]]}},{"type":"Feature","properties":{"cadnum":"6321885000:02:000:0280"},"geometry":{"type":"Polygon","coordinates":[[[37.584353,49.919255],[37.58438439698492,49.919343],[37.584384,49.919343],[37.58440859433947,49.919410820754294],[37.584424,49.919454],[37.584424252747255,49.919454],[37.584648,49.920071],[37.585018,49.921097],[37.585371,49.922074],[37.585666,49.922891],[37.586433,49.92287],[37.586203,49.922231],[37.585712,49.920872],[37.585382,49.919959],[37.585303,49.919977],[37.584646,49.919459],[37.58448479190631,49.91934702312055],[37.584353,49.919255]]]}},{"type":"Feature","properties":{"cadnum":"6321885000:02:000:0284"},"geometry":{"type":"Polygon","coordinates":[[[37.583705,49.919454],[37.58370659635812,49.919454],[37.58394,49.920103],[37.584314,49.921139],[37.584314,49.92113826556017],[37.584384,49.921332],[37.58486,49.922651],[37.585543,49.922893],[37.585666,49.922891],[37.585371,49.922074],[37.585018,49.921097],[37.584648,49.920071],[37.58440859433947,49.919410820754294],[37.584353,49.919255],[37.584274,49.919199],[37.58393839183674,49.919343],[37.583937,49.919343],[37.583703,49.919444],[37.583705,49.919454]]]}},{"type":"Feature","properties":{"cadnum":"6321885000:02:000:0276"},"geometry":{"type":"Polygon","coordinates":[[[37.584314,49.92258069740634],[37.584837,49.922644],[37.58486,49.922651],[37.584384,49.921332],[37.584143,49.920665],[37.584143,49.920665320855605],[37.58394,49.920103],[37.583703,49.919444],[37.583571,49.919501],[37.582925,49.919537],[37.583153,49.920169],[37.583711,49.921714],[37.584019,49.922567],[37.584121,49.922557],[37.584143,49.92255973575129],[37.584143,49.92256],[37.5842227162157,49.92256964864858],[37.584314,49.922581],[37.584314,49.92258069740634]]]}},{"type":"Feature","properties":{"cadnum":"6321885000:02:000:0286"},"geometry":{"type":"Polygon","coordinates":[[[37.586433,49.92287],[37.587086,49.922853],[37.587255,49.922828],[37.587021,49.922178],[37.586538,49.92084],[37.586156,49.919781],[37.585382,49.919959],[37.585712,49.920872],[37.586203,49.922231],[37.586433,49.92287]]]}},{"type":"Feature","properties":{"cadnum":"6321885000:02:000:0289"},"geometry":{"type":"Polygon","coordinates":[[[37.58622871429041,49.91938532144304],[37.586215,49.919343],[37.58621498127925,49.919343],[37.586043,49.918813],[37.586254,49.918442],[37.586256,49.91824],[37.58626,49.918059],[37.586106,49.91733],[37.585849,49.917944],[37.58565,49.918266],[37.585693,49.918354],[37.585627,49.918494],[37.584896,49.918693],[37.584509,49.919098],[37.584274,49.919199],[37.584353,49.919255],[37.584479030150746,49.919343],[37.584479,49.919343],[37.58448479190631,49.91934702312055],[37.584638,49.919454],[37.58463880172413,49.919454],[37.584646,49.919459],[37.585303,49.919977],[37.585382,49.919959],[37.586156,49.919781],[37.586343,49.919738],[37.58625096962026,49.919454],[37.586251,49.919454],[37.58622871429041,49.91938532144304]]]}},{"type":"Feature","properties":{"cadnum":"6321885000:03:000:0115"},"geometry":{"type":"Polygon","coordinates":[[[37.617928,49.942501],[37.617273,49.942640564164655],[37.617273,49.94264],[37.611609,49.943842],[37.611609,49.94384218539326],[37.61041428318585,49.944095],[37.610412,49.944095],[37.610178,49.944145],[37.61021,49.944206],[37.610210467741936,49.944206],[37.610211,49.944207],[37.610638,49.944992],[37.61178,49.94475],[37.61178,49.94474965217391],[37.612023,49.944698],[37.614343477611925,49.944206],[37.614346,49.944206],[37.617102,49.943621279808674],[37.617102,49.943622],[37.618388,49.943349],[37.617928,49.942501]]]}},{"type":"Feature","properties":{"cadnum":"6321885000:03:000:0108"},"geometry":{"type":"Polygon","coordinates":[[[37.621738,49.946682],[37.621716,49.946668],[37.620598,49.946905],[37.62064,49.946959],[37.620571,49.947085],[37.620348,49.947102],[37.62018,49.947069],[37.620158,49.946998],[37.61718204930666,49.94763],[37.617181,49.94763],[37.617179,49.94763],[37.61682341567375,49.947705456641835],[37.616659,49.94774],[37.616660632432406,49.94774],[37.61282,49.948555],[37.613187,49.949201],[37.614265,49.948986],[37.615078,49.948765],[37.615531,49.948704],[37.615893,49.948807],[37.617102,49.948741293478264],[37.617102,49.948742],[37.617661,49.94871],[37.619225,49.948486],[37.620417,49.94763],[37.62041654639176,49.94763],[37.62094,49.947255],[37.621738,49.946682]]]}},{"type":"Feature","properties":{"cadnum":"6321885000:03:000:0112"},"geometry":{"type":"Polygon","coordinates":[[[37.617102,49.943763],[37.617102,49.94376327502214],[37.61553825260962,49.944095],[37.615535,49.944095],[37.61166700609799,49.94491667776727],[37.611403,49.944972],[37.611609,49.94495178249337],[37.611609,49.944952],[37.611655670212684,49.94494720212767],[37.61178,49.944935],[37.61178,49.94493442056075],[37.61193,49.944919],[37.612875,49.944825],[37.6139,49.944782],[37.614928,49.944738],[37.6156,49.944762],[37.616274,49.944786],[37.61691,49.944881],[37.617102,49.944910619834715],[37.617102,49.944911],[37.617154719100284,49.94491875280886],[37.617273,49.944937],[37.617273,49.94493614705882],[37.617544,49.944976],[37.618078,49.945108],[37.618093137216185,49.944206],[37.618094,49.944206],[37.618106,49.94355],[37.617102,49.943763]]]}},{"type":"Feature","properties":{"cadnum":"6321885000:03:000:0111"},"geometry":{"type":"Polygon","coordinates":[[[37.619107,49.945479],[37.619022,49.945448],[37.617499,49.945071],[37.617102,49.945012],[37.617102,49.945012083897154],[37.616534,49.944926],[37.611609,49.945971],[37.611609,49.94597131111111],[37.611375,49.946021],[37.61178,49.946732],[37.61178,49.94673083333334],[37.611933,49.947],[37.617273,49.945868],[37.617273,49.945867753117206],[37.619107,49.945479]]]}},{"type":"Feature","properties":{"cadnum":"6321885000:03:000:0110"},"geometry":{"type":"Polygon","coordinates":[[[37.620575,49.946072],[37.620083,49.945831],[37.619107,49.945479],[37.617102,49.945904],[37.617102,49.94590419708029],[37.615629,49.946216],[37.616089,49.947023],[37.617273,49.946773],[37.617273,49.946772712352434],[37.620575,49.946072]]]}},{"type":"Feature","properties":{"cadnum":"6321885000:03:000:0113"},"geometry":{"type":"Polygon","coordinates":[[[37.616534,49.944926],[37.616253,49.944884],[37.614929,49.944837],[37.612891,49.944924],[37.61163306484421,49.94504959726984],[37.610864,49.945126],[37.611375,49.946021],[37.61178,49.945935],[37.61178,49.94593471675127],[37.616534,49.944926]]]}},{"type":"Feature","properties":{"cadnum":"6321885000:03:000:0251"},"geometry":{"type":"Polygon","coordinates":[[[37.616089,49.947023],[37.615629,49.946216],[37.611933,49.947],[37.61229141891892,49.94763],[37.612291,49.94763],[37.61234933948386,49.9477318081189],[37.612354,49.94774],[37.61235403370787,49.94774],[37.612393,49.947808],[37.61323,49.94763],[37.61322839609487,49.94763],[37.616089,49.947023]]]}},{"type":"Feature","properties":{"cadnum":"6321885000:03:000:0109"},"geometry":{"type":"Polygon","coordinates":[[[37.61713426654304,49.94764014758298],[37.617273,49.947611],[37.617273,49.9476106848822],[37.620158,49.946998],[37.620158,49.946997],[37.620269,49.94691],[37.620516,49.946858],[37.620594,49.946899],[37.620598,49.946905],[37.621716,49.946668],[37.621416,49.946483],[37.620575,49.946072],[37.617102,49.946809],[37.617102,49.94680923865878],[37.61271,49.94774],[37.612712752808974,49.94774],[37.612393,49.947808],[37.61282,49.948555],[37.61682341567388,49.947705456641806],[37.617102,49.9476469267101],[37.617102,49.947647],[37.61713426654304,49.94764014758298]]]}},{"type":"Feature","properties":{"cadnum":"6321885000:03:000:0102"},"geometry":{"type":"Polygon","coordinates":[[[37.611865,49.947015],[37.611763,49.946838],[37.607505,49.94774],[37.60750751231525,49.94774],[37.606287,49.94799943874346],[37.606287,49.947999],[37.603903,49.948504],[37.604409,49.949251],[37.606287,49.948853],[37.606287,49.948852565754635],[37.61178,49.947689],[37.61178,49.94768849438202],[37.61199379411635,49.94764285294145],[37.612197,49.9476],[37.611865,49.947015]]]}},{"type":"Feature","properties":{"cadnum":"6321885000:03:000:0101"},"geometry":{"type":"Polygon","coordinates":[[[37.61205474193551,49.94763],[37.612054,49.94763],[37.611993794115904,49.94764285294155],[37.611609,49.947724],[37.611609,49.947725],[37.611609,49.947725222418356],[37.606115,49.948889],[37.606115,49.9488894515442],[37.604409,49.949251],[37.604923,49.950005],[37.606115,49.94975244281525],[37.606115,49.949753],[37.61178,49.948552],[37.61178,49.94855173735409],[37.612637,49.94837],[37.612325,49.947822],[37.612277166666665,49.94774],[37.612278,49.94774],[37.612197,49.9476],[37.61205474193551,49.94763]]]}},{"type":"Feature","properties":{"cadnum":"6321885000:03:000:0145"},"geometry":{"type":"Polygon","coordinates":[[[37.62820642622981,49.936924345523],[37.62811400371748,49.937025],[37.628113,49.937025],[37.6274,49.937805],[37.628088,49.938216999999995],[37.628088,49.938217],[37.629248,49.938912],[37.629747,49.939223],[37.631465,49.939834],[37.632586,49.939093],[37.62967551063829,49.937135],[37.629676,49.937135],[37.628647,49.936442],[37.62820642622981,49.936924345523]]]}},{"type":"Feature","properties":{"cadnum":"6321885000:03:000:0158"},"geometry":{"type":"Polygon","coordinates":[[[37.629267,49.930063],[37.629267626021374,49.930063],[37.629355,49.931574],[37.629358,49.932702],[37.630527532887406,49.933489],[37.630527,49.933489],[37.63065281199656,49.933573302596336],[37.630691,49.933599],[37.63069116243655,49.933599],[37.630821,49.933686],[37.631139,49.933489],[37.63113855752212,49.933489],[37.631873,49.933034],[37.632873,49.932413],[37.629263,49.929983],[37.629267,49.930063]]]}},{"type":"Feature","properties":{"cadnum":"6321885000:03:000:0146"},"geometry":{"type":"Polygon","coordinates":[[[37.629306,49.935124],[37.62928,49.935289],[37.629311,49.935718],[37.628647,49.936442],[37.62951266666667,49.937025],[37.629512,49.937025],[37.632586,49.939093],[37.633753,49.938321],[37.633753,49.938320215384614],[37.633906,49.938219],[37.633753,49.93811637230769],[37.633753,49.938116],[37.63229363886342,49.937135],[37.632294,49.937135],[37.629306,49.935124]]]}},{"type":"Feature","properties":{"cadnum":"6321885000:01:001:0003"},"geometry":{"type":"Polygon","coordinates":[[[37.572661,49.982334],[37.572661,49.982965],[37.572661,49.983075],[37.57266107292011,49.983075],[37.572663,49.985982],[37.573156,49.98609246165414],[37.573156,49.986093],[37.574389,49.986368],[37.574387,49.982965],[37.574387,49.982392],[37.573328,49.98235758895207],[37.573328,49.982357],[37.572661,49.982334]]]}},{"type":"Feature","properties":{"cadnum":"6321885000:01:001:0004"},"geometry":{"type":"Polygon","coordinates":[[[37.576025,49.982965],[37.576025,49.982447],[37.574387,49.982392],[37.574387,49.982965],[37.574387,49.983075],[37.57438706464884,49.983075],[37.574389,49.986368],[37.57496653138076,49.986497],[37.574966,49.986497],[37.576026,49.986734],[37.576025,49.986497],[37.576025,49.983075],[37.576025,49.982965]]]}},{"type":"Feature","properties":{"cadnum":"6321885000:01:001:0005"},"geometry":{"type":"Polygon","coordinates":[[[37.577213,49.982486],[37.576025,49.982447],[37.576025,49.982965],[37.576025,49.983075],[37.576025,49.986497],[37.576025,49.986607],[37.57602546413502,49.986607],[37.576026,49.986734],[37.576364,49.986809],[37.576567,49.986804],[37.577204,49.986502],[37.577327,49.986128],[37.577519,49.983961],[37.577593,49.983823],[37.577149,49.982999],[37.577213,49.982486]]]}},{"type":"Feature","properties":{"cadnum":"6321885000:02:000:0060"},"geometry":{"type":"Polygon","coordinates":[[[37.595301,49.912936],[37.595105,49.912673],[37.59439,49.913037],[37.593929,49.913272],[37.595129,49.9148804548105],[37.595129,49.914882],[37.5958182057971,49.915806],[37.595818,49.915806],[37.597,49.917388],[37.598176,49.916789],[37.597442,49.915806],[37.59744120803488,49.915806],[37.595301,49.91293660208768],[37.595301,49.912936]]]}},{"type":"Feature","properties":{"cadnum":"6321885000:02:000:0061"},"geometry":{"type":"Polygon","coordinates":[[[37.595899647058815,49.912269],[37.595899,49.912269],[37.595531,49.912457],[37.59518087096906,49.91263467741869],[37.595105,49.912673],[37.595129,49.91270520408163],[37.595129,49.912706],[37.597524,49.915917],[37.59752488301119,49.915917],[37.598176,49.916789],[37.599353,49.916191],[37.599066,49.915806],[37.59906520641447,49.915806],[37.596509793585525,49.91238],[37.59651,49.91238],[37.596282,49.912074],[37.595899647058815,49.912269]]]}},{"type":"Feature","properties":{"cadnum":"6321885000:02:000:0058"},"geometry":{"type":"Polygon","coordinates":[[[37.592753,49.913871],[37.59147,49.914522],[37.591728,49.914838],[37.592605,49.915917],[37.59260533510638,49.915917],[37.594045,49.917686],[37.594079,49.917727],[37.59474,49.918539],[37.595301,49.918254],[37.595301,49.9182533913669],[37.595824,49.917987],[37.595129,49.917056],[37.595129,49.91705647330317],[37.594278819041186,49.915917],[37.594279,49.915917],[37.592753,49.913871]]]}},{"type":"Feature","properties":{"cadnum":"6321885000:02:000:0059"},"geometry":{"type":"Polygon","coordinates":[[[37.593929,49.913272],[37.592919,49.913786],[37.592753,49.913871],[37.5941962111437,49.915806],[37.594196,49.915806],[37.595301,49.917287],[37.595301,49.9172864057554],[37.595824,49.917987],[37.597,49.917388],[37.59590093426043,49.915917],[37.595901,49.915917],[37.595301,49.91511259585492],[37.595301,49.915111],[37.593929,49.913272]]]}},{"type":"Feature","properties":{"cadnum":"6321885000:02:000:0062"},"geometry":{"type":"Polygon","coordinates":[[[37.597375,49.911518],[37.596282,49.912074],[37.59642729411765,49.912269],[37.596427,49.912269],[37.599148,49.915917],[37.59914874545454,49.915917],[37.599353,49.916191],[37.59988961298702,49.915917],[37.59989,49.915917],[37.600676,49.915517],[37.597995,49.912269],[37.597994444315546,49.912269],[37.597375,49.911518]]]}},{"type":"Feature","properties":{"cadnum":"6321885000:04:000:0324"},"geometry":{"type":"Polygon","coordinates":[[[37.633483,49.917863],[37.633059,49.918185],[37.633581,49.91848962536023],[37.633581,49.91849],[37.635044549792525,49.919343],[37.635044,49.919343],[37.635448,49.919578],[37.635538,49.919489],[37.635692,49.919343],[37.63569188965518,49.919343],[37.635882,49.919164],[37.636149,49.918917],[37.633861,49.917582],[37.633581,49.91779],[37.633581,49.9177904074074],[37.633483,49.917863]]]}},{"type":"Feature","properties":{"cadnum":"6321885000:04:000:0326"},"geometry":{"type":"Polygon","coordinates":[[[37.632327,49.918793],[37.632302,49.918815],[37.631929,49.919123],[37.631651380952384,49.919343],[37.63165,49.919343],[37.631611,49.919375],[37.631553,49.919418],[37.633581,49.920601614545454],[37.633581,49.920602],[37.63367352023198,49.92065561271721],[37.633753,49.920702],[37.633753,49.92070166887417],[37.633883,49.920777],[37.633937,49.920718],[37.634179,49.920476],[37.63432,49.920389],[37.634769,49.920219],[37.633753,49.91962633333333],[37.633753,49.919626],[37.633269,49.919343],[37.63326807413009,49.919343],[37.632327,49.918793]]]}},{"type":"Feature","properties":{"cadnum":"6321885000:04:000:0325"},"geometry":{"type":"Polygon","coordinates":[[[37.633059,49.918185],[37.632868,49.918331],[37.632327,49.918793],[37.633458,49.919454],[37.633458837455834,49.919454],[37.633581,49.91952542975206],[37.633581,49.919526],[37.634769,49.920219],[37.634779,49.920216],[37.635046,49.919937],[37.635292,49.91973],[37.635448,49.919578],[37.63523482553192,49.919454],[37.635235,49.919454],[37.633753,49.918590246674725],[37.633753,49.91859],[37.633059,49.918185]]]}},{"type":"Feature","properties":{"cadnum":"6321885000:02:000:0070"},"geometry":{"type":"Polygon","coordinates":[[[37.601333,49.910317],[37.600794,49.910502731364275],[37.600794,49.910502],[37.599352,49.910998],[37.599163,49.911063],[37.600249,49.91238],[37.60024968311688,49.91238],[37.600622,49.91283076100629],[37.600622,49.912831],[37.602189,49.914728],[37.602474,49.914548],[37.602513,49.914445],[37.602304,49.914108],[37.602241,49.91391],[37.602268,49.913029],[37.602662,49.912565],[37.603035,49.912378],[37.602945,49.912269],[37.602944986414364,49.912269],[37.601333,49.910317]]]}},{"type":"Feature","properties":{"cadnum":"6321885000:03:000:0127"},"geometry":{"type":"MultiPolygon","coordinates":[[[[37.616561,49.926461],[37.616509,49.926527],[37.616510035971224,49.926527],[37.616239,49.926878],[37.616793,49.926999],[37.617273,49.927075],[37.617273,49.926648],[37.616812294117636,49.926527],[37.616813,49.926527],[37.616561,49.926461]]],[[[37.622595,49.928045],[37.622595,49.929036],[37.623091,49.928174],[37.622595,49.928045]]]]}},{"type":"Feature","properties":{"cadnum":"6321885000:03:000:0119"},"geometry":{"type":"Polygon","coordinates":[[[37.61178,49.92567097887324],[37.612461,49.925874],[37.612586,49.92578],[37.613139,49.925783],[37.614143,49.92596],[37.614833,49.926154],[37.615066,49.926344],[37.615087939890714,49.926417],[37.615087,49.926417],[37.615133,49.926566],[37.615111,49.926632],[37.615958,49.926816],[37.616174,49.926864],[37.616517,49.926417],[37.61651665686275,49.926417],[37.616903,49.925915],[37.611609,49.924525],[37.611609,49.924525958652374],[37.610474,49.924227],[37.609279,49.92504],[37.610489,49.925284],[37.611609,49.92561973973664],[37.611609,49.92562],[37.611767161326554,49.92566715138139],[37.61178,49.925671],[37.61178,49.92567097887324]]]}},{"type":"Feature","properties":{"cadnum":"6321885000:03:000:0128"},"geometry":{"type":"MultiPolygon","coordinates":[[[[37.616561,49.926461],[37.617273,49.926648],[37.617273,49.926527],[37.620756,49.926527],[37.617224,49.9256],[37.616968,49.925932],[37.616561,49.926461]]],[[[37.623609,49.927276],[37.622595,49.92701],[37.622595,49.928045],[37.623091,49.928174],[37.623096,49.928165],[37.623609,49.927276]]]]}},{"type":"Feature","properties":{"cadnum":"6321885000:03:000:0120"},"geometry":{"type":"Polygon","coordinates":[[[37.61178,49.924569897997735],[37.616903,49.925915],[37.617102,49.925656837837835],[37.617102,49.925658],[37.61758,49.925036],[37.617102,49.924911],[37.617102,49.92491110646187],[37.61171557746213,49.92349698034713],[37.611269,49.923379],[37.611202,49.923466],[37.61078,49.924018],[37.610739,49.924046],[37.610474,49.924227],[37.61178,49.924571],[37.61178,49.924569897997735]],[[37.611232,49.923492],[37.611244,49.923476],[37.611269,49.923485],[37.611257,49.9235],[37.611232,49.923492]],[[37.610786,49.92408],[37.610798,49.924064],[37.610824,49.924073],[37.610812,49.924088],[37.610786,49.92408]]]}},{"type":"Feature","properties":{"cadnum":"6321885000:04:000:0116"},"geometry":{"type":"Polygon","coordinates":[[[37.672409,49.900935],[37.672033,49.90084],[37.671485,49.901767],[37.67148542013129,49.901767],[37.671281,49.902113],[37.671643,49.902229],[37.671915523560216,49.901767],[37.671917,49.901767],[37.672205,49.90128],[37.672205,49.9012795212766],[37.672409,49.900935]]]}},{"type":"Feature","properties":{"cadnum":"6321885000:04:000:0102"},"geometry":{"type":"Polygon","coordinates":[[[37.667378,49.899242],[37.666983,49.899123],[37.66663912673281,49.89970517821759],[37.666289,49.900297],[37.66654,49.90039567810027],[37.66654,49.900396],[37.666668,49.900446],[37.667378,49.899242]]]}},{"type":"Feature","properties":{"cadnum":"6321885000:04:000:0115"},"geometry":{"type":"Polygon","coordinates":[[[37.672033,49.90084],[37.671652,49.900744],[37.67111353665689,49.901656],[37.671113,49.901656],[37.670913,49.901995],[37.671281,49.902113],[37.671551,49.901656],[37.67155061812297,49.901656],[37.672033,49.90084]]]}},{"type":"Feature","properties":{"cadnum":"6321885000:04:000:0113"},"geometry":{"type":"Polygon","coordinates":[[[37.671276,49.900629],[37.670919,49.900487],[37.670227556782336,49.901656],[37.670227,49.901656],[37.670169,49.901755],[37.670204,49.901767],[37.670206310924364,49.901767],[37.670539,49.901874],[37.670668,49.901656],[37.67066774165202,49.901656],[37.671276,49.900629]]]}},{"type":"Feature","properties":{"cadnum":"6321885000:04:000:0107"},"geometry":{"type":"Polygon","coordinates":[[[37.668434,49.901138],[37.66922,49.89981],[37.669008,49.899733],[37.668871,49.899692],[37.668094,49.901005],[37.668434,49.901138]]]}},{"type":"Feature","properties":{"cadnum":"6321885000:04:000:0105"},"geometry":{"type":"Polygon","coordinates":[[[37.66775,49.900869],[37.668509,49.899583],[37.66814,49.899472],[37.667765,49.900108],[37.667396,49.900731],[37.66775,49.900869]]]}},{"type":"Feature","properties":{"cadnum":"6321885000:04:000:0109"},"geometry":{"type":"Polygon","coordinates":[[[37.669107,49.901401],[37.669898,49.900062],[37.669802,49.90002],[37.669562,49.899933],[37.668772,49.90127],[37.669107,49.901401]]]}},{"type":"Feature","properties":{"cadnum":"6321885000:04:000:0101"},"geometry":{"type":"Polygon","coordinates":[[[37.66663912673281,49.89970517821759],[37.666712,49.899582],[37.666712,49.899581803611746],[37.666983,49.899123],[37.666761,49.899057],[37.666575,49.899005],[37.66654,49.899064],[37.66654,49.89906428677564],[37.665902,49.900145],[37.666289,49.900297],[37.66654,49.89987273286052],[37.66654,49.899873],[37.66663912673281,49.89970517821759]]]}},{"type":"Feature","properties":{"cadnum":"6321885000:04:000:0103"},"geometry":{"type":"Polygon","coordinates":[[[37.667036,49.90059],[37.667404,49.899967],[37.667763,49.899358],[37.667378,49.899242],[37.666668,49.900446],[37.667036,49.90059]]]}},{"type":"Feature","properties":{"cadnum":"6321885000:04:000:0274"},"geometry":{"type":"Polygon","coordinates":[[[37.667765,49.900108],[37.66814,49.899472],[37.667763,49.899358],[37.667404,49.899967],[37.667765,49.900108]]]}},{"type":"Feature","properties":{"cadnum":"6321885000:04:000:0112"},"geometry":{"type":"Polygon","coordinates":[[[37.670919,49.900487],[37.670569,49.900348],[37.669806,49.901639],[37.669859198275866,49.901656],[37.669859,49.901656],[37.670169,49.901755],[37.670919,49.900487]]]}},{"type":"Feature","properties":{"cadnum":"6321885000:04:000:0114"},"geometry":{"type":"Polygon","coordinates":[[[37.671652,49.900744],[37.671412,49.900683],[37.671276,49.900629],[37.670602,49.901767],[37.67060231651376,49.901767],[37.670539,49.901874],[37.670913,49.901995],[37.67104751327434,49.901767],[37.671048,49.901767],[37.671652,49.900744]]]}},{"type":"Feature","properties":{"cadnum":"6321885000:04:000:0104"},"geometry":{"type":"Polygon","coordinates":[[[37.667396,49.900731],[37.667765,49.900108],[37.667404,49.899967],[37.667036,49.90059],[37.667396,49.900731]]]}},{"type":"Feature","properties":{"cadnum":"6321885000:04:000:0110"},"geometry":{"type":"Polygon","coordinates":[[[37.669449,49.901524],[37.670228,49.900206],[37.669898,49.900062],[37.669107,49.901401],[37.669291,49.901473],[37.669449,49.901524]]]}},{"type":"Feature","properties":{"cadnum":"6321885000:04:000:0106"},"geometry":{"type":"Polygon","coordinates":[[[37.668094,49.901005],[37.668871,49.899692],[37.668509,49.899583],[37.66775,49.900869],[37.668094,49.901005]]]}},{"type":"Feature","properties":{"cadnum":"6321885000:04:000:0108"},"geometry":{"type":"Polygon","coordinates":[[[37.668772,49.90127],[37.669562,49.899933],[37.66922,49.89981],[37.668434,49.901138],[37.668772,49.90127]]]}},{"type":"Feature","properties":{"cadnum":"6321885000:04:000:0111"},"geometry":{"type":"Polygon","coordinates":[[[37.669806,49.901639],[37.670569,49.900348],[37.670453,49.900302],[37.670228,49.900206],[37.669449,49.901524],[37.669806,49.901639]]]}},{"type":"Feature","properties":{"cadnum":"6321885000:02:000:0226"},"geometry":{"type":"Polygon","coordinates":[[[37.585006,49.924091],[37.584762,49.923742],[37.584573,49.923523],[37.584322,49.923341],[37.584143,49.923264],[37.584143,49.92326440506329],[37.584077,49.923236],[37.5839,49.923216],[37.583664,49.923252],[37.583121,49.923391],[37.582882,49.923453],[37.582726,49.923543],[37.582655,49.923614],[37.58267,49.923766],[37.582678,49.923965],[37.582908,49.924154],[37.583625,49.924587],[37.583832,49.924715],[37.584143,49.92454917634855],[37.584143,49.92455],[37.585006,49.924091]]]}},{"type":"Feature","properties":{"cadnum":"6321885000:02:000:0227"},"geometry":{"type":"Polygon","coordinates":[[[37.584314,49.9250152],[37.584333,49.925027],[37.584768,49.925341],[37.585104,49.925637],[37.585304,49.925856],[37.587352,49.924769],[37.586704,49.9248],[37.586275,49.924773],[37.585867,49.924644],[37.585465,49.92449],[37.585245,49.924351],[37.585154,49.924287],[37.585052,49.924157],[37.585006,49.924091],[37.584314,49.924459050984936],[37.584314,49.924458],[37.583832,49.924715],[37.584314,49.925016],[37.584314,49.9250152]]]}},{"type":"Feature","properties":{"cadnum":"6321885000:02:000:0233"},"geometry":{"type":"Polygon","coordinates":[[[37.584314,49.92617754918033],[37.584509,49.926258],[37.584514,49.926224],[37.584447,49.926152],[37.584175,49.925986],[37.583967,49.925802],[37.58379,49.925625],[37.583783,49.925564],[37.583971,49.925349],[37.583695,49.925065],[37.583322,49.924825],[37.581519,49.924078],[37.581482,49.924089],[37.581278,49.924286],[37.581173,49.924648],[37.58116,49.924869],[37.584314,49.926178],[37.584314,49.92617754918033]]]}},{"type":"Feature","properties":{"cadnum":"6321885000:02:000:0234"},"geometry":{"type":"Polygon","coordinates":[[[37.581152,49.925008],[37.581086,49.925417],[37.581089,49.925614],[37.58302569879518,49.926417],[37.583024,49.926417],[37.584239,49.92692],[37.584241,49.926747],[37.584334,49.926569],[37.58440897833926,49.92648065342971],[37.584482,49.926396],[37.584509,49.926258],[37.584143,49.926107],[37.584143,49.926107030120484],[37.58116,49.924869],[37.581152,49.925008]]]}},{"type":"Feature","properties":{"cadnum":"6321885000:02:000:0231"},"geometry":{"type":"Polygon","coordinates":[[[37.588814,49.926046],[37.588947,49.925982],[37.588661,49.925663],[37.588335,49.925298],[37.586019,49.926527],[37.586020059360735,49.926527],[37.585815,49.926636],[37.58583,49.926677],[37.586073,49.926877],[37.586337,49.927079],[37.586625,49.927372],[37.586846,49.927583],[37.586877,49.927109],[37.587049,49.926933],[37.587879,49.926492],[37.588814,49.926046]]]}},{"type":"Feature","properties":{"cadnum":"6321885000:02:000:0228"},"geometry":{"type":"Polygon","coordinates":[[[37.588335,49.925298],[37.587836,49.924739],[37.587435,49.924765],[37.587352,49.924769],[37.585304,49.925856],[37.585566,49.926146],[37.58571,49.926355],[37.585773,49.926527],[37.58577418721461,49.926527],[37.585815,49.926636],[37.586227,49.926417],[37.58622629048006,49.926417],[37.588335,49.925298]]]}},{"type":"Feature","properties":{"cadnum":"6321885000:02:000:0040"},"geometry":{"type":"Polygon","coordinates":[[[37.593341,49.925459],[37.591846,49.924586],[37.589636,49.925861],[37.589636,49.92586193622142],[37.588977,49.926241],[37.588768,49.926527],[37.5887686969697,49.926527],[37.588584,49.92678],[37.58834,49.927232],[37.588196,49.927964],[37.588154,49.928748],[37.588095,49.928914],[37.589808,49.927936],[37.589808,49.92793565346535],[37.592464,49.926417],[37.592463664277176,49.926417],[37.593737,49.92569],[37.593341,49.925459]]]}},{"type":"Feature","properties":{"cadnum":"6321885000:02:000:0343"},"geometry":{"type":"Polygon","coordinates":[[[37.591846,49.924586],[37.592086,49.924447],[37.59227,49.924427],[37.592762,49.924256],[37.593048,49.924097],[37.593246,49.923891],[37.593222,49.923793],[37.592479,49.924199],[37.589808,49.925604492789304],[37.589808,49.925604],[37.589004,49.926026],[37.587994874999765,49.92650026981718],[37.587927,49.926532],[37.587117,49.926972],[37.587031,49.927058],[37.586962,49.927124],[37.586955,49.927511],[37.588179,49.928262],[37.588196,49.927964],[37.58834,49.927232],[37.588584,49.92678],[37.588849,49.926417],[37.58884838461538,49.926417],[37.588977,49.926241],[37.589808,49.925763],[37.589808,49.92576176923077],[37.591846,49.924586]]]}},{"type":"Feature","properties":{"cadnum":"6321885000:02:000:0230"},"geometry":{"type":"Polygon","coordinates":[[[37.58966019584546,49.925628181009024],[37.589808,49.925551],[37.589808,49.925549874172184],[37.590089,49.925401],[37.59242,49.92416],[37.592365,49.924112],[37.591964,49.924329],[37.591583,49.924426],[37.591421,49.924288],[37.591473,49.924205],[37.59161,49.924131],[37.591694,49.924052],[37.589808,49.9250545675413],[37.589808,49.925054],[37.588661,49.925663],[37.588947,49.925982],[37.589515,49.925704],[37.589636,49.92564081569966],[37.589636,49.925641],[37.58966019584546,49.925628181009024]]]}},{"type":"Feature","properties":{"cadnum":"6321885000:02:000:0229"},"geometry":{"type":"Polygon","coordinates":[[[37.591694,49.924052],[37.591709,49.924037],[37.591324,49.92405],[37.591082,49.924154],[37.590914,49.92419],[37.590852,49.924174],[37.590846,49.92414],[37.590906,49.92409],[37.591001,49.923988],[37.590536,49.92395],[37.590214,49.92392],[37.589966,49.923921],[37.58967492307676,49.92400038461543],[37.589635,49.924011],[37.589353,49.924126],[37.589286,49.92425],[37.589335,49.924457],[37.589054,49.924701],[37.588799,49.924808],[37.588491,49.924732],[37.58824,49.924714],[37.587836,49.924739],[37.588335,49.925298],[37.588661,49.925663],[37.589636,49.92514532345249],[37.589636,49.925146],[37.591694,49.924052]]]}},{"type":"Feature","properties":{"cadnum":"6321885000:03:000:0287"},"geometry":{"type":"Polygon","coordinates":[[[37.617861,49.963347],[37.617822,49.96318],[37.617831,49.962223],[37.61734,49.96236],[37.617136940425596,49.96239754042552],[37.616835,49.962452],[37.616325,49.962777],[37.615573,49.963403],[37.616336,49.964182],[37.616498,49.964096],[37.617068,49.963739],[37.617102,49.963722248780485],[37.617102,49.963723],[37.617861,49.963347]]]}},{"type":"Feature","properties":{"cadnum":"6321885000:04:000:0005"},"geometry":{"type":"Polygon","coordinates":[[[37.638464,49.92616],[37.638258,49.926271],[37.637828,49.926527],[37.63782997156398,49.926527],[37.636955,49.92705],[37.635555,49.92835],[37.634769,49.929079],[37.635739,49.929731],[37.639074,49.927495304248644],[37.639074,49.927496],[37.639762,49.927034],[37.639074,49.926571],[37.639074,49.926571189526186],[37.63900837037037,49.926527],[37.639009,49.926527],[37.638464,49.92616]]]}},{"type":"Feature","properties":{"cadnum":"6321885000:04:000:0008"},"geometry":{"type":"Polygon","coordinates":[[[37.631603,49.925277],[37.630192,49.924509],[37.630101,49.924678],[37.63268457652786,49.926417],[37.632683,49.926417],[37.633753,49.927137],[37.633753,49.9271367993921],[37.635555,49.92835],[37.636955,49.92705],[37.63574540758294,49.926527],[37.635747,49.926527],[37.633945,49.925747],[37.633581,49.925697],[37.633581,49.92569754545455],[37.632213,49.925511],[37.631603,49.925277]]]}},{"type":"Feature","properties":{"cadnum":"6321885000:04:000:0010"},"geometry":{"type":"Polygon","coordinates":[[[37.64201,49.923656],[37.641056,49.923016],[37.639074,49.924288],[37.639074,49.924288304347826],[37.63575,49.92642],[37.635996,49.926527],[37.635997410204084,49.926527],[37.636883,49.92691],[37.63752236916836,49.926527],[37.637523,49.926527],[37.638119,49.92617],[37.638828,49.92579],[37.639074,49.92562462679425],[37.639074,49.925625],[37.64201,49.923656]]]}},{"type":"Feature","properties":{"cadnum":"6321885000:04:000:0016"},"geometry":{"type":"Polygon","coordinates":[[[37.642769,49.923341],[37.642711,49.92338],[37.639074,49.925818],[37.639074,49.92581828985507],[37.63897,49.925888],[37.638518,49.926131],[37.639105,49.926527],[37.63910512195122,49.926527],[37.639246,49.926622],[37.639246,49.926621813333334],[37.639824,49.927011],[37.640709,49.926417],[37.64070808215661,49.926417],[37.64403,49.92419],[37.642769,49.923341]]]}},{"type":"Feature","properties":{"cadnum":"6321885000:02:000:0053"},"geometry":{"type":"Polygon","coordinates":[[[37.589808,49.918719],[37.588319,49.916724],[37.588069,49.916863],[37.588139,49.91699],[37.589636,49.91899467046135],[37.589636,49.918995],[37.589895294117646,49.919343],[37.589895,49.919343],[37.590141,49.919672],[37.590415,49.919533],[37.590273,49.919343],[37.59027229637306,49.919343],[37.589808,49.918719848400556],[37.589808,49.918719]]]}},{"type":"Feature","properties":{"cadnum":"6321885000:02:000:0050"},"geometry":{"type":"Polygon","coordinates":[[[37.591513,49.919032],[37.590901317535554,49.919343],[37.590901,49.919343],[37.59079014545364,49.91939952363683],[37.590683,49.919454],[37.59068330603448,49.919454],[37.590446,49.919575],[37.590172,49.919714],[37.590478,49.920123],[37.592588047071125,49.92288],[37.592588,49.92288],[37.593235,49.923725],[37.593661,49.923479],[37.593642,49.923465],[37.593624,49.923451],[37.593646,49.92344],[37.593663,49.923453],[37.593682,49.923466],[37.594202,49.923167],[37.594193,49.92316],[37.594175,49.923146],[37.594197,49.923134],[37.594214,49.923148],[37.594224,49.923155],[37.594271,49.923127],[37.594483,49.923011],[37.594435202482416,49.92294838525197],[37.591745,49.919343],[37.59174440758294,49.919343],[37.591513,49.919032]]]}},{"type":"Feature","properties":{"cadnum":"6321885000:02:000:0066"},"geometry":{"type":"Polygon","coordinates":[[[37.593304,49.9096],[37.595129,49.9119404231347],[37.595129,49.911941],[37.595471,49.91238],[37.59547167123287,49.91238],[37.595499,49.912415],[37.59556780136987,49.91238],[37.595568,49.91238],[37.597342,49.911478],[37.595301,49.909005],[37.595129,49.909056],[37.595129,49.90905624687031],[37.593304,49.9096]]]}},{"type":"Feature","properties":{"cadnum":"6321885000:02:000:0065"},"geometry":{"type":"Polygon","coordinates":[[[37.593304,49.9096],[37.593089,49.909325],[37.592129,49.909612],[37.591912,49.909715],[37.59381623939963,49.912269],[37.593816,49.912269],[37.594359,49.912996],[37.595301,49.912517],[37.595301,49.91251614054054],[37.595499,49.912415],[37.595385,49.912269],[37.59538452619591,49.912269],[37.595301,49.91216178362573],[37.595301,49.912161],[37.593304,49.9096]]]}},{"type":"Feature","properties":{"cadnum":"6321885000:02:000:0069"},"geometry":{"type":"Polygon","coordinates":[[[37.599163,49.911063],[37.597699,49.911567],[37.598369,49.91238],[37.598369656055134,49.91238],[37.600622,49.91510769952305],[37.600622,49.915109],[37.600951,49.915506],[37.602189,49.914728],[37.600794,49.91303922208041],[37.600794,49.913039],[37.600158,49.912269],[37.600157469248295,49.912269],[37.599163,49.911063]]]}},{"type":"Feature","properties":{"cadnum":"6321885000:03:000:0129"},"geometry":{"type":"Polygon","coordinates":[[[37.617901,49.924718],[37.617645,49.925052],[37.617224,49.9256],[37.620756,49.926527],[37.622595,49.926527],[37.622595,49.92701],[37.623609,49.927276],[37.623716,49.927091],[37.624105,49.926417],[37.62410468421052,49.926417],[37.62414,49.926356],[37.622595,49.925951],[37.622595,49.92595107954779],[37.617901,49.924718]]]}},{"type":"Feature","properties":{"cadnum":"6321885000:04:000:0135"},"geometry":{"type":"Polygon","coordinates":[[[37.624416,49.925876],[37.62414,49.926356],[37.624041,49.926527],[37.62404151335311,49.926527],[37.623716,49.927091],[37.628088,49.92804352640845],[37.628088,49.928044],[37.629092,49.928262],[37.629016,49.926936],[37.628088,49.926723],[37.628088,49.926723325333334],[37.62723687861271,49.926527],[37.62724,49.926527],[37.624416,49.925876]]]}},{"type":"Feature","properties":{"cadnum":"6321885000:04:000:0126"},"geometry":{"type":"Polygon","coordinates":[[[37.62826,49.928081],[37.623716,49.927091],[37.623609,49.927276],[37.623096,49.928165],[37.628088,49.929189694035635],[37.628088,49.92919],[37.62916,49.929409],[37.629092,49.928262],[37.62826,49.928081346613546],[37.62826,49.928081]]]}},{"type":"Feature","properties":{"cadnum":"6321885000:03:000:0134"},"geometry":{"type":"Polygon","coordinates":[[[37.624962,49.924928],[37.624683,49.925413],[37.624416,49.925876],[37.626762826420894,49.926417],[37.62676,49.926417],[37.62826,49.926763],[37.62826,49.926762478448275],[37.629016,49.926936],[37.62899157032755,49.926527],[37.628992,49.926527],[37.628956,49.925899],[37.62826,49.92573061290322],[37.62826,49.92573],[37.624962,49.924928]]]}},{"type":"Feature","properties":{"cadnum":"6321885000:04:000:0137"},"geometry":{"type":"Polygon","coordinates":[[[37.623096,49.928165],[37.623091,49.928174],[37.622595,49.929036],[37.622595,49.929112],[37.62669211146162,49.929953],[37.626691,49.929953],[37.62826,49.930276],[37.62826,49.930275371579874],[37.629221,49.930473],[37.62919655769231,49.930063],[37.629197,49.930063],[37.62916,49.929409],[37.62826,49.9292251380597],[37.62826,49.929225],[37.623096,49.928165]]]}},{"type":"Feature","properties":{"cadnum":"6321885000:04:000:0138"},"geometry":{"type":"Polygon","coordinates":[[[37.622595,49.929112],[37.622595,49.929703],[37.622686,49.929821],[37.622871,49.930063],[37.622871545454544,49.930063],[37.622973,49.930195],[37.62826,49.931281],[37.62826,49.931280208053685],[37.62928,49.931489],[37.629221,49.930473],[37.628088,49.93024],[37.628088,49.93024059145953],[37.62722533436531,49.930063],[37.627228,49.930063],[37.622595,49.929112]]]}},{"type":"Feature","properties":{"cadnum":"6321885000:02:000:0340"},"geometry":{"type":"Polygon","coordinates":[[[37.617102,49.91473692499999],[37.617102,49.914738],[37.617379,49.914411],[37.617102,49.914342],[37.617102,49.914342044046805],[37.61582,49.91402],[37.614331,49.913647],[37.61331,49.91339],[37.613013,49.913732],[37.613477,49.91386],[37.613976,49.913974],[37.615014,49.914249],[37.616027,49.914527],[37.616993,49.914865],[37.617102,49.91473692499999]]]}},{"type":"Feature","properties":{"cadnum":"6321885000:02:000:0106"},"geometry":{"type":"Polygon","coordinates":[[[37.620854,49.910292],[37.619293,49.909901],[37.61729562686567,49.912269],[37.617295,49.912269],[37.61722942894649,49.91234748141638],[37.617202,49.91238],[37.61720225974026,49.91238],[37.61712226997467,49.91247573904586],[37.61582,49.91402],[37.617273,49.914385],[37.617273,49.91438459566787],[37.617379,49.914411],[37.619186,49.912269],[37.61918566954023,49.912269],[37.620854,49.910292]]]}},{"type":"Feature","properties":{"cadnum":"6321885000:04:000:0065"},"geometry":{"type":"Polygon","coordinates":[[[37.624176,49.913281],[37.623872,49.913197],[37.622766,49.91289126938136],[37.622766,49.912891],[37.622556,49.912832],[37.622234,49.912743],[37.61965351417769,49.915806],[37.619652,49.915806],[37.61888,49.916724],[37.619642,49.916935],[37.620869,49.917275],[37.622011605854325,49.915917],[37.622013,49.915917],[37.622595,49.91522601992032],[37.622595,49.915227],[37.62318,49.914533],[37.623028,49.914544],[37.622683,49.914466],[37.622595,49.914446],[37.622595,49.9144460229885],[37.622335,49.914387],[37.622188,49.914263],[37.622017,49.914117],[37.622563,49.913812],[37.622595,49.91379418719212],[37.622595,49.913795],[37.62307,49.91353],[37.624176,49.913281]]]}},{"type":"Feature","properties":{"cadnum":"6321885000:02:000:0107"},"geometry":{"type":"Polygon","coordinates":[[[37.619276,49.909897],[37.617804,49.909528],[37.617273,49.9101580897436],[37.617273,49.910158],[37.615398,49.91238],[37.6153984796807,49.91238],[37.614331,49.913647],[37.61582,49.91402],[37.617102,49.91249977563661],[37.617102,49.9125],[37.61712226997467,49.91247573904586],[37.617273,49.912297],[37.617273,49.91229582544237],[37.619293,49.909901],[37.619276,49.909897]]]}},{"type":"Feature","properties":{"cadnum":"6321885000:01:000:0616"},"geometry":{"type":"Polygon","coordinates":[[[37.552224,49.978875],[37.552328,49.978279],[37.552502,49.977277],[37.551334,49.977295],[37.551673,49.977913],[37.551612,49.979132],[37.551528510948906,49.979433],[37.551527,49.979433],[37.551343494999806,49.9800974700007],[37.551178,49.980694],[37.551051,49.981258],[37.551184,49.9812654375],[37.551184,49.981266],[37.5513171433968,49.981272883018896],[37.551355,49.981275],[37.551355,49.98127484006462],[37.551803,49.981298],[37.551814,49.981242],[37.552019,49.98006],[37.552128,49.979433],[37.55212710179641,49.979433],[37.552224,49.978875]]]}},{"type":"Feature","properties":{"cadnum":"6321885000:02:000:0016"},"geometry":{"type":"Polygon","coordinates":[[[37.58167,49.926374],[37.580473,49.926051],[37.580186,49.925899],[37.579568,49.926527],[37.57956879118774,49.926527],[37.578821,49.92728716942552],[37.578821,49.927287],[37.577074,49.929062],[37.578821,49.929734],[37.578821,49.92973248214285],[37.579154,49.92986],[37.58213,49.926744],[37.582232,49.926637],[37.581995999999485,49.92652699999976],[37.58167,49.926374]]]}},{"type":"Feature","properties":{"cadnum":"6321885000:02:000:0015"},"geometry":{"type":"Polygon","coordinates":[[[37.576769,49.92937],[37.57619525396825,49.929953],[37.576195,49.929953],[37.574534,49.931641],[37.57667,49.932462],[37.57865,49.9303881087866],[37.57865,49.930389],[37.579065,49.929953],[37.57906466502463,49.929953],[37.579154,49.92986],[37.57865,49.929667],[37.57865,49.929668223239844],[37.577074,49.929062],[37.576769,49.92937]]]}},{"type":"Feature","properties":{"cadnum":"6321885000:02:000:0213"},"geometry":{"type":"Polygon","coordinates":[[[37.577758,49.928283],[37.576965,49.927959],[37.57500037927756,49.929953],[37.575,49.929953],[37.574748,49.930209],[37.575541,49.930535],[37.57600489003436,49.930063],[37.576005,49.930063],[37.577758,49.928283]]]}},{"type":"Feature","properties":{"cadnum":"6321885000:02:000:0272"},"geometry":{"type":"Polygon","coordinates":[[[37.573064,49.943742],[37.572967,49.943692],[37.572691,49.943551],[37.57184800763359,49.944095],[37.571847,49.944095],[37.571543,49.944292],[37.571748,49.944396],[37.571927,49.944477],[37.57251634298212,49.94409542539123],[37.573064,49.943742]]]}},{"type":"Feature","properties":{"cadnum":"6321885000:02:000:0254"},"geometry":{"type":"Polygon","coordinates":[[[37.57448,49.944469],[37.574295,49.944374],[37.573156,49.945109],[37.573156,49.94510970212767],[37.57314,49.94512],[37.573325,49.945214],[37.573328,49.945213],[37.573328,49.94521206493506],[37.57448,49.944469]]]}},{"type":"Feature","properties":{"cadnum":"6321885000:04:000:0414"},"geometry":{"type":"Polygon","coordinates":[[[37.644739,49.91210597916666],[37.644759,49.912099],[37.645517,49.911926],[37.644923,49.911204],[37.644567,49.911279],[37.644567,49.91127918122977],[37.643812,49.911438],[37.643001,49.910766],[37.64239,49.911071],[37.643233,49.911775],[37.64204576694214,49.912269],[37.642045,49.912269],[37.641191,49.912625],[37.640037,49.912763],[37.63917574201593,49.91294365847641],[37.637741,49.913243],[37.63647,49.913904],[37.637036,49.914295],[37.638219,49.913603],[37.639074,49.913436495618306],[37.639074,49.913437],[37.63923027258768,49.91340606278721],[37.639246,49.913403],[37.639246,49.91340294923858],[37.639271,49.913398],[37.639796,49.913705],[37.63999,49.91372],[37.639902,49.915294],[37.640596,49.915257],[37.640834,49.913465],[37.641889,49.913102],[37.643953590636265,49.91238],[37.643955,49.91238],[37.644739,49.912107],[37.644739,49.91210597916666]]]}},{"type":"Feature","properties":{"cadnum":"6321885000:03:000:0062"},"geometry":{"type":"Polygon","coordinates":[[[37.602465,49.954548],[37.601738,49.954366],[37.60211581206496,49.954699],[37.602115,49.954699],[37.602227,49.954797],[37.602465,49.954548]]]}},{"type":"Feature","properties":{"cadnum":"6321885000:04:000:0275"},"geometry":{"type":"Polygon","coordinates":[[[37.666712,49.919452],[37.666712,49.919451],[37.661687,49.918641],[37.66139394133697,49.919343],[37.661393,49.919343],[37.661381,49.919374],[37.66654,49.920271091164885],[37.66654,49.920272],[37.667805,49.920491],[37.667974,49.920516],[37.66831,49.91971],[37.666712,49.91945269491525],[37.666712,49.919452]]]}},{"type":"Feature","properties":{"cadnum":"6321885000:04:000:0035"},"geometry":{"type":"Polygon","coordinates":[[[37.665147,49.920075],[37.664511,49.919964],[37.66363244301288,49.92288],[37.663631,49.92288],[37.663276,49.924064],[37.66395,49.924048],[37.664302,49.92288],[37.66430145987655,49.92288],[37.665147,49.920075]]]}},{"type":"Feature","properties":{"cadnum":"6321885000:04:000:0036"},"geometry":{"type":"Polygon","coordinates":[[[37.666649,49.921411],[37.666712,49.921372],[37.666712,49.92137156751825],[37.667197,49.921068],[37.667787,49.920534],[37.66654,49.920317],[37.66654,49.92031799616613],[37.665147,49.920075],[37.664268,49.922991],[37.664268547945206,49.922991],[37.66395,49.924048],[37.666027,49.924002],[37.666301,49.923868],[37.666477,49.923711],[37.666488,49.923423],[37.666106,49.922992],[37.666012,49.92288],[37.66601114649681,49.92288],[37.66571,49.92252],[37.665507,49.922053],[37.665627,49.92193],[37.666249,49.921649],[37.66654,49.921475855000004],[37.66654,49.921476],[37.666649,49.921411]]]}},{"type":"Feature","properties":{"cadnum":"6321885000:04:000:0034"},"geometry":{"type":"Polygon","coordinates":[[[37.664511,49.919964],[37.662887,49.919682],[37.661889,49.922991],[37.661889536764704,49.922991],[37.661677,49.923696],[37.663216,49.924065],[37.663276,49.924064],[37.663597718750005,49.922991],[37.663599,49.922991],[37.664511,49.919964]]]}},{"type":"Feature","properties":{"cadnum":"6321885000:04:000:0040"},"geometry":{"type":"Polygon","coordinates":[[[37.664993,49.9186],[37.664004,49.918825],[37.663272,49.918747],[37.662706,49.918548],[37.661974,49.917953],[37.661687,49.918641],[37.66604199999998,49.919343],[37.66604,49.919343],[37.66654,49.91942410119047],[37.66654,49.919425],[37.66831,49.91971],[37.668406,49.919481],[37.66844834953994,49.91937663863369],[37.668789,49.918562],[37.667846,49.918426],[37.667743,49.918458],[37.667419,49.918719],[37.667111,49.918795],[37.666792,49.918795],[37.666712,49.91878642857143],[37.666712,49.918786],[37.664993,49.9186]]]}},{"type":"Feature","properties":{"cadnum":"6321885000:04:000:0327"},"geometry":{"type":"Polygon","coordinates":[[[37.632827,49.921103],[37.633251,49.921057],[37.633426,49.921074],[37.633581,49.92110539240507],[37.633581,49.921106],[37.633584,49.921106],[37.633883,49.920777],[37.63367352023198,49.92065561271721],[37.631553,49.919418],[37.631237,49.919653],[37.630863,49.919963],[37.630731,49.920076],[37.632595,49.921163],[37.632827,49.921103]]]}},{"type":"Feature","properties":{"cadnum":"6321885000:04:000:0328"},"geometry":{"type":"Polygon","coordinates":[[[37.632089,49.921305],[37.632444,49.921201],[37.632595,49.921163],[37.630731,49.920076],[37.630426,49.920336],[37.630772,49.920542],[37.631195,49.920763],[37.631753,49.921085],[37.632089,49.921305]]]}},{"type":"Feature","properties":{"cadnum":"6321885000:04:000:0056"},"geometry":{"type":"Polygon","coordinates":[[[37.623685,49.92168],[37.623107,49.922572],[37.623189,49.922594],[37.624657,49.922991],[37.624658500538224,49.922991],[37.627691,49.923809],[37.628088,49.92389481898067],[37.628088,49.923895],[37.62812709489072,49.92390327007304],[37.62826,49.923932],[37.62826,49.923931384615386],[37.6284,49.923961],[37.629464,49.924189],[37.629805,49.92424],[37.630092,49.923552],[37.630145,49.923423],[37.628134,49.92288],[37.628132,49.92288],[37.62813034412954,49.92288],[37.623685,49.92168]],[[37.624259,49.922785],[37.624286,49.922792],[37.624274,49.922809],[37.624248,49.922802],[37.624259,49.922785]],[[37.623218,49.92251],[37.623247,49.922517],[37.623235,49.922533],[37.623209,49.922526],[37.623218,49.92251]],[[37.627379,49.923611],[37.627404,49.923618],[37.627393,49.923635],[37.627368,49.923628],[37.627379,49.923611]],[[37.626338,49.923336],[37.626366,49.923344],[37.626354,49.923359],[37.626327,49.923352],[37.626338,49.923336]],[[37.625299,49.923061],[37.625325,49.923068],[37.625313,49.923084],[37.625288,49.923077],[37.625299,49.923061]],[[37.629797,49.923471],[37.629823,49.923476],[37.629815,49.923493],[37.629789,49.923488],[37.629797,49.923471]],[[37.628418,49.923887],[37.628443,49.923894],[37.628433,49.923911],[37.628407,49.923904],[37.628418,49.923887]]]}},{"type":"Feature","properties":{"cadnum":"6321885000:04:000:0057"},"geometry":{"type":"Polygon","coordinates":[[[37.622595,49.92138539411765],[37.622595,49.921386],[37.623685,49.92168],[37.628088,49.92286856939891],[37.628088,49.922869],[37.628541,49.922991],[37.62854508839781,49.922991],[37.630145,49.923423],[37.63032480110497,49.922991],[37.630325,49.922991],[37.63034638613914,49.92293913861259],[37.630371,49.92288],[37.63037077319588,49.92288],[37.630405,49.922797],[37.630165,49.92272],[37.629789,49.922598],[37.629693,49.922443],[37.62977,49.922205],[37.62826,49.92170226516052],[37.62826,49.921702],[37.627981,49.921609],[37.625643,49.921101],[37.624403,49.920881],[37.623232,49.920523],[37.622895,49.920304],[37.62274899999977,49.92053030000036],[37.622256,49.921293],[37.622595,49.92138539411765]],[[37.630143,49.922772],[37.630167,49.922777],[37.630136,49.922838],[37.630113,49.922834],[37.630143,49.922772]]]}},{"type":"Feature","properties":{"cadnum":"6321885000:04:000:0023"},"geometry":{"type":"Polygon","coordinates":[[[37.654673,49.918769],[37.65293675474453,49.919343],[37.652935,49.919343],[37.650232,49.92023741649269],[37.650232,49.920237],[37.649059,49.920625],[37.645815,49.921696],[37.646607,49.922238],[37.650232,49.92104],[37.650232,49.92103945935989],[37.654404,49.91966],[37.6545,49.919343],[37.6544995430657,49.919343],[37.654673,49.918769]]]}},{"type":"Feature","properties":{"cadnum":"6321885000:04:000:0022"},"geometry":{"type":"Polygon","coordinates":[[[37.654092,49.920694],[37.654404,49.91966],[37.650061,49.921096],[37.650061,49.92109651255172],[37.646607,49.922238],[37.647525,49.922865],[37.650061,49.92202653675656],[37.650061,49.922027],[37.654092,49.920694]]]}},{"type":"Feature","properties":{"cadnum":"6321885000:04:000:0406"},"geometry":{"type":"Polygon","coordinates":[[[37.654044,49.91978],[37.654404,49.91966],[37.654497,49.91935],[37.652019,49.92017],[37.650232,49.92076049489275],[37.650232,49.92076],[37.649539,49.920989],[37.647061,49.921809],[37.646331,49.92205],[37.646607,49.922238],[37.649086,49.921418],[37.650232,49.92104],[37.650232,49.92103949268617],[37.651565,49.920599],[37.654044,49.91978]]]}},{"type":"Feature","properties":{"cadnum":"6321885000:04:000:0407"},"geometry":{"type":"Polygon","coordinates":[[[37.654587,49.919054],[37.654673,49.918769],[37.65293675474453,49.919343],[37.652936,49.919343],[37.65266997087174,49.91943119833632],[37.652601,49.919454],[37.652601195121946,49.919454],[37.652194,49.919589],[37.650232,49.920237481012656],[37.650232,49.920237],[37.649715,49.920408],[37.649059,49.920625],[37.647236,49.921227],[37.645815,49.921696],[37.646068,49.921869],[37.64715,49.921512],[37.649629,49.920692],[37.650232,49.920494],[37.650232,49.92049355664062],[37.652109,49.919874],[37.65337611864406,49.919454],[37.653377,49.919454],[37.654587,49.919054]]]}},{"type":"Feature","properties":{"cadnum":"6321885000:04:000:0401"},"geometry":{"type":"Polygon","coordinates":[[[37.651724,49.921149],[37.654202,49.92033],[37.654305,49.919986],[37.650232,49.921333429783225],[37.650232,49.921333],[37.649349,49.921625],[37.646896,49.922435],[37.647201,49.922644],[37.649244,49.921968],[37.650061,49.921698423076926],[37.650061,49.921699],[37.651724,49.921149]]]}},{"type":"Feature","properties":{"cadnum":"6321885000:04:000:0405"},"geometry":{"type":"Polygon","coordinates":[[[37.654497,49.91935],[37.654587,49.919054],[37.65371277500001,49.919343],[37.653711,49.919343],[37.652109,49.919874],[37.650061,49.92055],[37.650061,49.92055014925373],[37.649629,49.920692],[37.64715,49.921512],[37.646068,49.921869],[37.646331,49.92205],[37.647061,49.921809],[37.649539,49.920989],[37.650061,49.92081650649351],[37.650061,49.920817],[37.652019,49.92017],[37.65418271707317,49.919454],[37.654183,49.919454],[37.654497,49.91935]]]}},{"type":"Feature","properties":{"cadnum":"6321885000:04:000:0399"},"geometry":{"type":"Polygon","coordinates":[[[37.651614,49.921513],[37.654092,49.920694],[37.654202,49.92033],[37.651724,49.921149],[37.650232,49.921642445580275],[37.650232,49.921642],[37.649244,49.921968],[37.647201,49.922644],[37.647525,49.922865],[37.649134,49.922333],[37.650061,49.92202653278689],[37.650061,49.922027],[37.651614,49.921513]]]}},{"type":"Feature","properties":{"cadnum":"6321885000:04:000:0400"},"geometry":{"type":"Polygon","coordinates":[[[37.654305,49.919986],[37.654404,49.91966],[37.651925,49.92048],[37.650061,49.921096],[37.650061,49.921096347328245],[37.649446,49.921299],[37.646967,49.922119],[37.646607,49.922238],[37.646896,49.922435],[37.649349,49.921625],[37.650061,49.921389548131366],[37.650061,49.92139],[37.654305,49.919986]]]}},{"type":"Feature","properties":{"cadnum":"6321885000:04:000:0375"},"geometry":{"type":"Polygon","coordinates":[[[37.666173,49.906654],[37.665844,49.906744],[37.66654,49.90715935483871],[37.66654,49.90716],[37.668038,49.908052],[37.669137,49.908706],[37.66918058823529,49.908732],[37.669179,49.908732],[37.670234,49.90936],[37.671332,49.910013],[37.672033,49.910430548682704],[37.672033,49.910431],[37.673526,49.91132],[37.674624,49.911974],[37.674867,49.911832],[37.673781,49.911184],[37.672693,49.910538],[37.672205,49.91024741818182],[37.672205,49.910247],[37.671607,49.90989],[37.670521,49.909243],[37.669845342465756,49.908842],[37.669846,49.908842],[37.669433,49.908596],[37.668347,49.907948],[37.66726,49.907301],[37.666712,49.90697524444444],[37.666712,49.906975],[37.666173,49.906654]]]}},{"type":"Feature","properties":{"cadnum":"6321885000:04:000:0386"},"geometry":{"type":"Polygon","coordinates":[[[37.670342,49.90826],[37.669289,49.907632],[37.668235,49.907005],[37.667183,49.906377],[37.666842,49.906471],[37.668972,49.907738],[37.670036,49.908373],[37.67063918123668,49.908732],[37.670637,49.908732],[37.671101,49.909007],[37.672033,49.909562345864664],[37.672033,49.909563],[37.672165,49.909641],[37.672205,49.909665],[37.672205,49.90966481220657],[37.67323,49.910275],[37.674294,49.91091],[37.675359,49.911544],[37.67561,49.911397],[37.674556,49.91077],[37.673503,49.910142],[37.672449,49.909515],[37.672205,49.909370124999995],[37.672205,49.90937],[37.671395,49.908887],[37.67131893548387,49.908842],[37.671319,49.908842],[37.670342,49.90826]]]}},{"type":"Feature","properties":{"cadnum":"6321885000:04:000:0361"},"geometry":{"type":"Polygon","coordinates":[[[37.667734,49.908154],[37.66870521515152,49.908732],[37.668705,49.908732],[37.668843,49.908814],[37.66889,49.908842],[37.66889000606061,49.908842],[37.669951,49.909474],[37.671058,49.910134],[37.672033,49.910714252479714],[37.672033,49.910715],[37.672167,49.910794],[37.672205,49.910817],[37.672205,49.91081666967509],[37.673275,49.911455],[37.674384,49.912115],[37.674624,49.911974],[37.673526,49.91132],[37.672205,49.91053341661085],[37.672205,49.910533],[37.671332,49.910013],[37.670234,49.90936],[37.66936379299363,49.908842],[37.669365,49.908842],[37.669137,49.908706],[37.668038,49.908052],[37.666712,49.90726241922563],[37.666712,49.907262],[37.665844,49.906744],[37.665518,49.906833],[37.66654,49.907441772563175],[37.66654,49.907442],[37.666626,49.907493],[37.666712,49.907545],[37.666712,49.90754430505415],[37.667734,49.908154]]]}},{"type":"Feature","properties":{"cadnum":"6321885000:04:000:0354"},"geometry":{"type":"Polygon","coordinates":[[[37.671695,49.908767],[37.670653,49.908147],[37.669611,49.907526],[37.668569,49.906906],[37.667527,49.906285],[37.667445,49.906306],[37.667183,49.906377],[37.668235,49.907005],[37.669289,49.907632],[37.670342,49.90826],[37.67113434364261,49.908732],[37.671133,49.908732],[37.671395,49.908887],[37.672033,49.90926743703704],[37.672033,49.909268],[37.672449,49.909515],[37.673503,49.910142],[37.674556,49.91077],[37.67561,49.911397],[37.675862,49.911249],[37.67482,49.910629],[37.673778,49.910008],[37.672737,49.909388],[37.672205,49.909071369318184],[37.672205,49.909071],[37.671820822368424,49.908842],[37.671821,49.908842],[37.671695,49.908767]]]}},{"type":"Feature","properties":{"cadnum":"6321885000:04:000:0390"},"geometry":{"type":"Polygon","coordinates":[[[37.66654,49.906582799999995],[37.66654,49.906584],[37.667582,49.907203],[37.67014836912752,49.908732],[37.670148,49.908732],[37.672205,49.909958],[37.672205,49.9099574443335],[37.674036,49.911048],[37.675112,49.911689],[37.675359,49.911544],[37.674294,49.91091],[37.67323,49.910275],[37.672165,49.909641],[37.671101,49.909007],[37.670822599999994,49.908842],[37.670824,49.908842],[37.670036,49.908373],[37.668972,49.907738],[37.666842,49.906471],[37.66654879611688,49.906551582524166],[37.666507,49.906563],[37.66654,49.906582799999995]]]}},{"type":"Feature","properties":{"cadnum":"6321885000:04:000:0364"},"geometry":{"type":"Polygon","coordinates":[[[37.666507,49.906563],[37.666173,49.906654],[37.66654,49.90687256586271],[37.66654,49.906873],[37.66726,49.907301],[37.668347,49.907948],[37.669433,49.908596],[37.66966132520325,49.908732],[37.66966,49.908732],[37.670521,49.909243],[37.671607,49.90989],[37.672033,49.91014431772575],[37.672033,49.910145],[37.672693,49.910538],[37.673781,49.911184],[37.674867,49.911832],[37.675112,49.911689],[37.674036,49.911048],[37.672033,49.909855],[37.672033,49.90985548565873],[37.670332559543226,49.908842],[37.670333,49.908842],[37.667582,49.907203],[37.666712,49.90668617658349],[37.666712,49.906686],[37.666507,49.906563]]]}},{"type":"Feature","properties":{"cadnum":"6321885000:04:000:0378"},"geometry":{"type":"Polygon","coordinates":[[[37.665195,49.906922],[37.666312,49.907587],[37.66654,49.90772323],[37.66654,49.907724],[37.66823142039356,49.908732],[37.668231,49.908732],[37.66834002061872,49.90879672017683],[37.668416,49.908842],[37.66841629411765,49.908842],[37.668546,49.908919],[37.669665,49.909585],[37.670782,49.91025],[37.671899,49.910916],[37.672033,49.91099569934641],[37.672033,49.910996],[37.673018,49.911582],[37.674135,49.912248],[37.67428,49.912176],[37.674384,49.912115],[37.673275,49.911455],[37.672167,49.910794],[37.671058,49.910134],[37.669951,49.909474],[37.668843,49.908814],[37.667734,49.908154],[37.666626,49.907493],[37.665518,49.906833],[37.665195,49.906922]]]}},{"type":"Feature","properties":{"cadnum":"6321885000:04:000:0360"},"geometry":{"type":"Polygon","coordinates":[[[37.667125,49.908351],[37.667763621181265,49.908732],[37.667763,49.908732],[37.66825,49.909022],[37.669377,49.909692],[37.670502,49.910362],[37.671628,49.911033],[37.672033,49.911274455805895],[37.672033,49.911275],[37.672753,49.911704],[37.67388,49.912374],[37.674135,49.912248],[37.673018,49.911582],[37.672205,49.91109832690355],[37.672205,49.911098],[37.671899,49.910916],[37.670782,49.91025],[37.669665,49.909585],[37.668546,49.908919],[37.66834002061875,49.908796720176845],[37.666712,49.907826503198294],[37.666712,49.907826],[37.666312,49.907587],[37.665195,49.906922],[37.664873,49.907009],[37.666,49.907681],[37.666712,49.908106],[37.666712,49.90810531794872],[37.667125,49.908351]]]}},{"type":"Feature","properties":{"cadnum":"6321885000:04:000:0355"},"geometry":{"type":"Polygon","coordinates":[[[37.661936,49.907894],[37.66334239029536,49.908732],[37.663342,49.908732],[37.666712,49.91074],[37.666712,49.91073946294345],[37.669387,49.912333],[37.66998,49.912356],[37.668057,49.91121],[37.666712,49.910409383651945],[37.666712,49.910409],[37.664213,49.90892],[37.664081893617016,49.908842],[37.664082,49.908842],[37.66229,49.907775],[37.661936,49.907894]]]}},{"type":"Feature","properties":{"cadnum":"6321885000:04:000:0352"},"geometry":{"type":"Polygon","coordinates":[[[37.66438,49.908091],[37.663292,49.907443],[37.663209,49.907466],[37.662969,49.907547],[37.663995,49.908158],[37.66495823202615,49.908732],[37.664958,49.908732],[37.665022,49.90877],[37.666048,49.909381],[37.66654,49.909674421686745],[37.66654,49.909675],[37.667075,49.909993],[37.668101,49.910604],[37.669128,49.911216],[37.670154,49.911827],[37.671082,49.91238],[37.67108384615384,49.91238],[37.671182,49.912438],[37.671994,49.912627],[37.67157865363128,49.91238],[37.671579,49.91238],[37.670905,49.911979],[37.669818,49.911331],[37.66873,49.910683],[37.666712,49.909481414611875],[37.666712,49.909481],[37.66563837651822,49.908842],[37.665639,49.908842],[37.665467,49.908739],[37.66438,49.908091]]]}},{"type":"Feature","properties":{"cadnum":"6321885000:04:000:0382"},"geometry":{"type":"Polygon","coordinates":[[[37.664555,49.907097],[37.664239,49.907184],[37.66538,49.907864],[37.666523,49.908544],[37.66654,49.90855416402116],[37.66654,49.908556],[37.66683723076923,49.908732],[37.666837,49.908732],[37.667664,49.909224],[37.668805,49.909905],[37.669948,49.910584],[37.671089,49.911265],[37.672033,49.91182666308244],[37.672033,49.911827],[37.67208084143226,49.91185512787726],[37.672205,49.911929],[37.672205,49.91192812562814],[37.672232,49.911944],[37.672961,49.91238],[37.672962143258424,49.91238],[37.673373,49.912625],[37.673625,49.9125],[37.673238,49.912269],[37.67323713489209,49.912269],[37.672492,49.911824],[37.67217968656789,49.911638925373566],[37.671357,49.911149],[37.670224,49.910474],[37.66909,49.909798],[37.667483812382734,49.908842],[37.667484,49.908842],[37.666823,49.908448],[37.66654,49.908279],[37.66654,49.90827943890518],[37.665689,49.907772],[37.664555,49.907097]]]}},{"type":"Feature","properties":{"cadnum":"6321885000:04:000:0388"},"geometry":{"type":"Polygon","coordinates":[[[37.664779,49.908049],[37.663614,49.907355],[37.663292,49.907443],[37.66438,49.908091],[37.665455257716054,49.908732],[37.665454,49.908732],[37.665467,49.90874],[37.66654,49.90937862891566],[37.66654,49.909379],[37.66873,49.910683],[37.669818,49.911331],[37.670905,49.911979],[37.67139243142145,49.912269],[37.671392,49.912269],[37.671994,49.912627],[37.672205,49.912676],[37.672205,49.9126754828496],[37.672412,49.912723],[37.67268,49.912754],[37.672682,49.912754],[37.672205,49.9124710338983],[37.672205,49.912471],[37.6721648823522,49.912447235293676],[37.672033,49.912369],[37.672033,49.91236911143695],[37.67198398148306,49.91234007407501],[37.671769,49.912212],[37.670605,49.911519],[37.66944,49.910824],[37.668274,49.910131],[37.667109,49.909436],[37.66654,49.909098],[37.66654,49.909098293350716],[37.66611079257642,49.908842],[37.666111,49.908842],[37.665945,49.908743],[37.664779,49.908049]]]}},{"type":"Feature","properties":{"cadnum":"6321885000:04:000:0349"},"geometry":{"type":"Polygon","coordinates":[[[37.666523,49.908544],[37.66538,49.907864],[37.664239,49.907184],[37.663925,49.907269],[37.665077,49.907956],[37.666229,49.908642],[37.666379750000004,49.908732],[37.666379,49.908732],[37.66654,49.90882772972973],[37.66654,49.908828],[37.667381,49.909329],[37.668533,49.910014],[37.669685,49.910701],[37.670837,49.911387],[37.672205,49.912203],[37.672205,49.912202468085106],[37.672503,49.91238],[37.67250405498981,49.91238],[37.673141,49.91276],[37.673232,49.912695],[37.673373,49.912625],[37.672776,49.912269],[37.67277540596331,49.912269],[37.672232,49.911944],[37.67208084143226,49.91185512787726],[37.671089,49.911265],[37.669948,49.910584],[37.668805,49.909905],[37.667664,49.909224],[37.66702189837398,49.908842],[37.667023,49.908842],[37.666712,49.90865784679089],[37.666712,49.908657],[37.666523,49.908544]]]}},{"type":"Feature","properties":{"cadnum":"6321885000:04:000:0351"},"geometry":{"type":"Polygon","coordinates":[[[37.664435,49.908732],[37.66443454830509,49.908732],[37.662635,49.907659],[37.66229,49.907775],[37.66389725773196,49.908732],[37.663897,49.908732],[37.664213,49.90892],[37.66654,49.910306515806326],[37.66654,49.910307],[37.668057,49.91121],[37.66983401308901,49.912269],[37.669834,49.912269],[37.66998,49.912356],[37.670554,49.912376],[37.668575,49.911197],[37.666594,49.910018],[37.66461903816794,49.908842],[37.66462,49.908842],[37.664614,49.908839],[37.664435,49.908732]]]}},{"type":"Feature","properties":{"cadnum":"6321885000:04:000:0371"},"geometry":{"type":"Polygon","coordinates":[[[37.663995,49.908158],[37.662969,49.907547],[37.662635,49.907659],[37.664614,49.908839],[37.66654,49.90998584545454],[37.66654,49.909987],[37.666594,49.910018],[37.666712,49.910089],[37.666712,49.91008822816759],[37.668575,49.911197],[37.67037439609839,49.912269],[37.670373,49.912269],[37.670554,49.912376],[37.670643,49.91238],[37.67065447058816,49.91238],[37.670981,49.912393],[37.671182,49.912438],[37.670896,49.912269],[37.670895728752264,49.912269],[37.670154,49.911827],[37.669128,49.911216],[37.668101,49.910604],[37.667075,49.909993],[37.666712,49.90977723551402],[37.666712,49.909777],[37.666048,49.909381],[37.665142903436994,49.908842],[37.665143,49.908842],[37.665022,49.90877],[37.663995,49.908158]]]}},{"type":"Feature","properties":{"cadnum":"6321885000:04:000:0381"},"geometry":{"type":"Polygon","coordinates":[[[37.665077,49.907956],[37.663925,49.907269],[37.663614,49.907355],[37.664779,49.908049],[37.665926518731986,49.908732],[37.665925,49.908732],[37.665945,49.908743],[37.666712,49.909201],[37.666712,49.909200172231984],[37.667109,49.909436],[37.668274,49.910131],[37.66944,49.910824],[37.670605,49.911519],[37.671769,49.912212],[37.67186467857144,49.912269],[37.671864,49.912269],[37.671983981482555,49.91234007407471],[37.672051,49.91238],[37.67205138118812,49.91238],[37.6721648823522,49.912447235293676],[37.672682,49.912754],[37.67268,49.912754],[37.672928,49.912911],[37.673141,49.91276],[37.672318,49.912269],[37.67231667857143,49.912269],[37.672033,49.9121],[37.672033,49.912100403508774],[37.670837,49.911387],[37.669685,49.910701],[37.668533,49.910014],[37.667381,49.909329],[37.666712,49.90893046373365],[37.666712,49.90893],[37.666564,49.908842],[37.666229,49.908642],[37.665077,49.907956]]]}},{"type":"Feature","properties":{"cadnum":"6321885000:04:000:0385"},"geometry":{"type":"Polygon","coordinates":[[[37.666823,49.908448],[37.667299456852795,49.908732],[37.667299,49.908732],[37.66909,49.909798],[37.670224,49.910474],[37.671357,49.911149],[37.672033,49.91155157075472],[37.672033,49.911552],[37.67217968656789,49.911638925373566],[37.672205,49.911654],[37.672205,49.911653925925926],[37.672492,49.911824],[37.673423,49.91238],[37.67342396103896,49.91238],[37.673625,49.9125],[37.67388,49.912374],[37.673704,49.912269],[37.67370338059702,49.912269],[37.672753,49.911704],[37.672205,49.91137748333333],[37.672205,49.911377],[37.671628,49.911033],[37.670502,49.910362],[37.669377,49.909692],[37.66825,49.909022],[37.66794772413793,49.908842],[37.667948,49.908842],[37.667125,49.908351],[37.66654,49.908003],[37.66654,49.90800333146067],[37.666,49.907681],[37.664873,49.907009],[37.664555,49.907097],[37.665689,49.907772],[37.666712,49.908382],[37.666712,49.90838171378092],[37.666823,49.908448]]]}},{"type":"Feature","properties":{"cadnum":"6321885000:04:000:0393"},"geometry":{"type":"Polygon","coordinates":[[[37.661203,49.908141],[37.66219530670471,49.908732],[37.662194,49.908732],[37.663014,49.90922],[37.66654,49.91132053488372],[37.66654,49.911321],[37.668317,49.91238],[37.66831876190476,49.91238],[37.66845,49.912458],[37.668896,49.91238],[37.66871,49.912269],[37.66870971127406,49.912269],[37.667065,49.911289],[37.666712,49.911079217142856],[37.666712,49.911079],[37.665234,49.910198],[37.663402,49.909107],[37.66295538666667,49.908842],[37.662957,49.908842],[37.661571,49.908017],[37.661203,49.908141]]]}},{"type":"Feature","properties":{"cadnum":"6321885000:04:000:0397"},"geometry":{"type":"Polygon","coordinates":[[[37.661571,49.908017],[37.6627722,49.908732],[37.66277,49.908732],[37.663402,49.909107],[37.665234,49.910198],[37.66654,49.91097647496617],[37.66654,49.910977],[37.667065,49.911289],[37.668896,49.91238],[37.669202,49.912326],[37.669387,49.912333],[37.66928,49.912269],[37.669279566037744,49.912269],[37.66654,49.910637],[37.66654,49.910637514540056],[37.663526611553785,49.908842],[37.663527,49.908842],[37.661936,49.907894],[37.661571,49.908017]]]}},{"type":"Feature","properties":{"cadnum":"6321885000:04:000:0346"},"geometry":{"type":"Polygon","coordinates":[[[37.660816,49.908257],[37.661047,49.908394568238215],[37.661047,49.908395],[37.6616131901566,49.908732],[37.661613,49.908732],[37.666204,49.911467],[37.66654,49.91166740944882],[37.66654,49.911668],[37.667736,49.91238],[37.66773679477611,49.91238],[37.668001,49.912537],[37.66845,49.912458],[37.668132,49.912269],[37.66813074220964,49.912269],[37.666712,49.9114235030951],[37.666712,49.911423],[37.663014,49.90922],[37.66237883606557,49.908842],[37.66238,49.908842],[37.661203,49.908141],[37.66105,49.908192],[37.660816,49.908257]]]}},{"type":"Feature","properties":{"cadnum":"6321885000:04:000:0359"},"geometry":{"type":"Polygon","coordinates":[[[37.670975,49.908036],[37.668915,49.90681],[37.667885,49.906196],[37.667527,49.906285],[37.668569,49.906906],[37.669611,49.907526],[37.670653,49.908147],[37.67163617741936,49.908732],[37.671635,49.908732],[37.671695,49.908767],[37.672033,49.9089684745098],[37.672033,49.908969],[37.672737,49.909388],[37.673778,49.910008],[37.67482,49.910629],[37.675862,49.911249],[37.675872,49.911244],[37.676126,49.911105],[37.675096,49.910491],[37.674066,49.909878],[37.673036,49.909264],[37.672326056390986,49.908842],[37.672327,49.908842],[37.67214048387106,49.90873161290328],[37.672005,49.908651],[37.670975,49.908036]]]}},{"type":"Feature","properties":{"cadnum":"6321885000:04:000:0129"},"geometry":{"type":"Polygon","coordinates":[[[37.688049,49.900922],[37.687846,49.901261],[37.688513,49.90126577565632],[37.688513,49.901266],[37.690134,49.901278],[37.69017,49.901156],[37.690236,49.900937],[37.688513,49.900925],[37.688513,49.90092565354331],[37.688049,49.900922]]]}},{"type":"Feature","properties":{"cadnum":"6321885000:04:000:0140"},"geometry":{"type":"Polygon","coordinates":[[[37.693075,49.899411],[37.693121,49.899186],[37.693161,49.899001],[37.690829,49.898985],[37.690707,49.899389],[37.690706,49.899394],[37.693075,49.899411]]]}},{"type":"Feature","properties":{"cadnum":"6321885000:04:000:0144"},"geometry":{"type":"Polygon","coordinates":[[[37.692812,49.900827],[37.692866,49.90048],[37.690381,49.900463],[37.690345,49.90058],[37.690275,49.900809],[37.692812,49.900827]]]}},{"type":"Feature","properties":{"cadnum":"6321885000:04:000:0145"},"geometry":{"type":"Polygon","coordinates":[[[37.692759,49.901174],[37.692812,49.900827],[37.690275,49.900809],[37.690237,49.900937],[37.69017,49.901156],[37.692759,49.901174]]]}},{"type":"Feature","properties":{"cadnum":"6321885000:04:000:0411"},"geometry":{"type":"Polygon","coordinates":[[[37.688684,49.901155137931035],[37.690166,49.901165],[37.690169,49.901156],[37.690201,49.901052],[37.688684,49.90104211433649],[37.688684,49.901042],[37.68798,49.901037],[37.687913,49.90115],[37.688684,49.901156],[37.688684,49.901155137931035]]]}},{"type":"Feature","properties":{"cadnum":"6321885000:04:000:0143"},"geometry":{"type":"Polygon","coordinates":[[[37.692866,49.90048],[37.692885,49.900361],[37.69293,49.900131],[37.690487,49.900114],[37.690475,49.90015],[37.690381,49.900463],[37.692866,49.90048]]]}},{"type":"Feature","properties":{"cadnum":"6321885000:04:000:0142"},"geometry":{"type":"Polygon","coordinates":[[[37.69293,49.900131],[37.693001,49.89978],[37.690593,49.899763],[37.690487,49.900114],[37.69293,49.900131]]]}},{"type":"Feature","properties":{"cadnum":"6321885000:04:000:0141"},"geometry":{"type":"Polygon","coordinates":[[[37.693001,49.899781],[37.693075,49.899411],[37.690706,49.899394],[37.690593,49.899763],[37.693001,49.899781]]]}},{"type":"Feature","properties":{"cadnum":"6321885000:04:000:0410"},"geometry":{"type":"Polygon","coordinates":[[[37.688049,49.900922],[37.68798,49.901037],[37.688513,49.90104078551136],[37.688513,49.901041],[37.690201,49.901052],[37.690236,49.900937],[37.688513,49.900925],[37.688513,49.90092565354331],[37.688049,49.900922]]]}},{"type":"Feature","properties":{"cadnum":"6321885000:04:000:0125"},"geometry":{"type":"Polygon","coordinates":[[[37.688684,49.898423],[37.686393,49.898407],[37.686527,49.899054],[37.687153,49.89904],[37.68764,49.898993],[37.687857,49.898959],[37.688025,49.898989],[37.687921,49.899064],[37.688513,49.899094259501965],[37.688513,49.899095],[37.689898,49.899164],[37.689803,49.899383],[37.690707,49.899389],[37.690829,49.898985],[37.690995,49.898439],[37.688684,49.898424102336826],[37.688684,49.898423]]]}},{"type":"Feature","properties":{"cadnum":"6321885000:04:000:0128"},"geometry":{"type":"Polygon","coordinates":[[[37.688684,49.900926190946024],[37.690236,49.900937],[37.690275,49.900809],[37.690345,49.90058],[37.688684,49.90056912008733],[37.688684,49.900569],[37.688262,49.900566],[37.688049,49.900922],[37.688684,49.900927],[37.688684,49.900926190946024]]]}},{"type":"Feature","properties":{"cadnum":"6321885000:04:000:0281"},"geometry":{"type":"Polygon","coordinates":[[[37.690475,49.90015],[37.690487,49.900114],[37.690593,49.899763],[37.690706,49.899394],[37.690707,49.899389],[37.689803,49.899383],[37.68956,49.899945],[37.689115,49.900141],[37.690475,49.90015]]]}},{"type":"Feature","properties":{"cadnum":"6321885000:04:000:0127"},"geometry":{"type":"Polygon","coordinates":[[[37.690381,49.900463],[37.690475,49.90015],[37.689115,49.900141],[37.68859343965372,49.90037059051788],[37.688302,49.900498],[37.688262,49.900566],[37.688513,49.900567784360184],[37.688513,49.900568],[37.690345,49.90058],[37.690381,49.900463]]]}},{"type":"Feature","properties":{"cadnum":"6321885000:04:000:0276"},"geometry":{"type":"Polygon","coordinates":[[[37.687652,49.901586],[37.68760984530387,49.901656],[37.687609,49.901656],[37.687464,49.901899],[37.688513,49.901905878688524],[37.688513,49.901906],[37.68994,49.901916],[37.689959,49.901855],[37.690019,49.901656],[37.69001851829268,49.901656],[37.690035,49.901603],[37.688684,49.90159412352168],[37.688684,49.901594],[37.687652,49.901586]]]}},{"type":"Feature","properties":{"cadnum":"6321885000:04:000:0409"},"geometry":{"type":"Polygon","coordinates":[[[37.687913,49.90115],[37.687846,49.901261],[37.688513,49.90126577565632],[37.688513,49.901266],[37.690134,49.901278],[37.690166,49.901165],[37.688513,49.901154],[37.688513,49.9011546692607],[37.687913,49.90115]]]}},{"type":"Feature","properties":{"cadnum":"6321885000:04:000:0146"},"geometry":{"type":"Polygon","coordinates":[[[37.692681,49.901523],[37.692756,49.901187],[37.692759,49.901174],[37.69017,49.901156],[37.690134,49.901278],[37.690064,49.901505],[37.692681,49.901523]]]}},{"type":"Feature","properties":{"cadnum":"6321885000:04:000:0147"},"geometry":{"type":"Polygon","coordinates":[[[37.692681,49.901523],[37.690064,49.901505],[37.690035,49.901603],[37.689984,49.901767],[37.689985532663314,49.901767],[37.689959,49.901855],[37.692603,49.901873],[37.69262595852535,49.901767],[37.692626,49.901767],[37.692681,49.901523]]]}},{"type":"Feature","properties":{"cadnum":"6321885000:04:000:0282"},"geometry":{"type":"Polygon","coordinates":[[[37.688684,49.901267],[37.687846,49.901261],[37.687661,49.901571],[37.687652,49.901586],[37.688513,49.90159267441861],[37.688513,49.901593],[37.690035,49.901603],[37.690064,49.901505],[37.690134,49.901278],[37.688684,49.90126726588525],[37.688684,49.901267]]]}},{"type":"Feature","properties":{"cadnum":"6321885000:02:000:0212"},"geometry":{"type":"Polygon","coordinates":[[[37.575541,49.930535],[37.574748,49.930209],[37.573156,49.931827],[37.573156,49.931827560216504],[37.572589,49.932403],[37.572617,49.932445],[37.573156,49.932754500749624],[37.573156,49.932755],[37.573284,49.932828],[37.575541,49.930535]]]}},{"type":"Feature","properties":{"cadnum":"6321885000:03:000:0250"},"geometry":{"type":"Polygon","coordinates":[[[37.570776,49.982272],[37.568707,49.982203],[37.568707,49.982965],[37.568707,49.983075],[37.568707,49.984715],[37.568754,49.985042],[37.569047,49.98527],[37.569427,49.985401],[37.570777,49.985619],[37.570776,49.982965],[37.570776,49.982272]]]}},{"type":"Feature","properties":{"cadnum":"6321885000:01:000:0002"},"geometry":{"type":"Polygon","coordinates":[[[37.572661,49.982334],[37.570776,49.982272],[37.570776,49.982965],[37.570776,49.983075],[37.57077604144688,49.983075],[37.570777,49.985619],[37.570838,49.985629],[37.572034,49.985841],[37.572663,49.985982],[37.572661,49.982965],[37.572661,49.982334]]]}},{"type":"Feature","properties":{"cadnum":"6321885000:04:000:0265"},"geometry":{"type":"Polygon","coordinates":[[[37.643213,49.915793],[37.64318825806451,49.915806],[37.643186,49.915806],[37.641868,49.916504],[37.642327,49.916866],[37.643391,49.917869],[37.643519,49.916972],[37.643886,49.916752],[37.64329991120508,49.915917],[37.6433,49.915917],[37.643213,49.915793]]]}},{"type":"Feature","properties":{"cadnum":"6321885000:04:000:0264"},"geometry":{"type":"Polygon","coordinates":[[[37.643213,49.915793],[37.643106,49.915638],[37.642415,49.915537],[37.641875,49.915611],[37.641515,49.915788],[37.64149965116279,49.915806],[37.641499,49.915806],[37.641315,49.916023],[37.641539,49.916245],[37.641868,49.916504],[37.64297640401147,49.915917],[37.642977,49.915917],[37.643213,49.915793]]]}},{"type":"Feature","properties":{"cadnum":"6321885000:02:000:0078"},"geometry":{"type":"Polygon","coordinates":[[[37.568664,49.92063],[37.569075,49.920591],[37.569577,49.920469],[37.569923,49.920248],[37.570011,49.920066],[37.570807,49.91953],[37.567663,49.919607],[37.567663,49.919607162522205],[37.563331,49.919712],[37.562985,49.920146],[37.563173,49.920203],[37.563934,49.920388],[37.566478,49.921133],[37.567835,49.920822],[37.567835,49.92082130769231],[37.568664,49.92063]]]}},{"type":"Feature","properties":{"cadnum":"6321885000:02:000:0345"},"geometry":{"type":"Polygon","coordinates":[[[37.563333,49.922247],[37.5653,49.921634],[37.566478,49.921133],[37.563934,49.920388],[37.563173,49.920203],[37.562985,49.920146],[37.56217,49.921177],[37.56217,49.92117703080082],[37.561368,49.922189],[37.561758,49.922254],[37.56217,49.92226246575343],[37.56217,49.922263],[37.562606,49.922271],[37.563333,49.922247]]]}},{"type":"Feature","properties":{"cadnum":"6321885000:02:000:0312"},"geometry":{"type":"Polygon","coordinates":[[[37.567699,49.922512],[37.56700909603341,49.92288],[37.567009,49.92288],[37.566145,49.92334],[37.563361,49.926167],[37.5634,49.92623],[37.563826,49.926444],[37.564795,49.925461],[37.565763,49.924478],[37.566731,49.923495],[37.56722680487804,49.922991],[37.567227,49.922991],[37.567699,49.922512]]]}},{"type":"Feature","properties":{"cadnum":"6321885000:02:000:0313"},"geometry":{"type":"Polygon","coordinates":[[[37.568386,49.922347],[37.567792,49.922462],[37.567699,49.922512],[37.56733637787057,49.92288],[37.567336,49.92288],[37.566731,49.923495],[37.565763,49.924478],[37.564795,49.925461],[37.563826,49.926444],[37.56399,49.926527],[37.56399077941177,49.926527],[37.564231,49.926648],[37.564458,49.926417],[37.56445737894737,49.926417],[37.565285,49.925577],[37.56634,49.924506],[37.567395,49.923434],[37.567663,49.92316234545454],[37.567663,49.923163],[37.567718820225245,49.92310576404441],[37.567835,49.922988],[37.567835,49.922987],[37.567835,49.922986941747574],[37.568449,49.922364],[37.568386,49.922347]]]}},{"type":"Feature","properties":{"cadnum":"6321885000:02:000:0279"},"geometry":{"type":"Polygon","coordinates":[[[37.582709,49.920968],[37.583028,49.920937],[37.58298,49.920731],[37.582662,49.920761],[37.582709,49.920968]]]}},{"type":"Feature","properties":{"cadnum":"6321885000:02:000:0275"},"geometry":{"type":"Polygon","coordinates":[[[37.580268,49.922],[37.580398,49.922023],[37.580093,49.921177],[37.579751,49.920229],[37.578827,49.920808],[37.578821,49.9208113559322],[37.578821,49.920811],[37.577807,49.921377],[37.578035,49.921631],[37.578592,49.921808],[37.578821,49.921852],[37.578821,49.92185171441774],[37.579732,49.922026],[37.580268,49.922]]]}},{"type":"Feature","properties":{"cadnum":"6321885000:02:000:0290"},"geometry":{"type":"Polygon","coordinates":[[[37.582148,49.922761],[37.582422,49.922731],[37.582073,49.921766],[37.581568,49.920365],[37.581302,49.919628],[37.581159,49.919636],[37.580574,49.919711],[37.580531,49.919739],[37.580751,49.92035],[37.581285,49.921828],[37.581621,49.922761],[37.582148,49.922761]]]}},{"type":"Feature","properties":{"cadnum":"6321885000:02:000:0285"},"geometry":{"type":"Polygon","coordinates":[[[37.581621,49.922761],[37.581285,49.921828],[37.580751,49.92035],[37.580531,49.919739],[37.579751,49.920229],[37.580093,49.921177],[37.580398,49.922023],[37.580645,49.922065],[37.580747,49.92221],[37.58054,49.922395],[37.580731,49.922591],[37.581379,49.92276],[37.581621,49.922761]]]}},{"type":"Feature","properties":{"cadnum":"6321885000:02:000:0288"},"geometry":{"type":"Polygon","coordinates":[[[37.582422,49.922731],[37.583134,49.922653],[37.583204,49.922646],[37.582867,49.921715],[37.582328,49.920222],[37.582098,49.919584],[37.581302,49.919628],[37.581568,49.920365],[37.582073,49.921766],[37.582422,49.922731]]]}},{"type":"Feature","properties":{"cadnum":"6321885000:02:000:0291"},"geometry":{"type":"Polygon","coordinates":[[[37.583204,49.922646],[37.584019,49.922567],[37.583711,49.921714],[37.583153,49.920169],[37.582925,49.919537],[37.582098,49.919584],[37.582328,49.920222],[37.582867,49.921715],[37.583204,49.922646]],[[37.582709,49.920968],[37.582662,49.920761],[37.58298,49.920731],[37.583028,49.920937],[37.582709,49.920968]]]}},{"type":"Feature","properties":{"cadnum":"6321885000:04:000:0321"},"geometry":{"type":"Polygon","coordinates":[[[37.639238,49.913858],[37.639246,49.913843],[37.639246,49.913842099378876],[37.639399,49.913538],[37.639262,49.913457],[37.639246,49.91347223404256],[37.639246,49.913472],[37.639177724137504,49.91353724137972],[37.639074,49.913636],[37.639074,49.91363635555555],[37.638976,49.91373],[37.638921,49.913782],[37.638604,49.914308],[37.63848,49.91473],[37.638415,49.915278],[37.638317,49.915694],[37.63828184304933,49.915806],[37.63828,49.915806],[37.638161,49.916194],[37.638087,49.916419],[37.637997,49.916531],[37.63757,49.916549],[37.637328,49.916623],[37.63675,49.9167],[37.636509,49.916714],[37.637862,49.917504],[37.637886,49.917483],[37.638105,49.917072],[37.638279,49.916682],[37.638537,49.916178],[37.63860635839172,49.9159120069926],[37.638642,49.915781],[37.638789,49.915377],[37.638909,49.91491],[37.639039,49.914488],[37.639072,49.914259],[37.639105,49.914147],[37.639238,49.913858]]]}},{"type":"Feature","properties":{"cadnum":"6321885000:04:000:0050"},"geometry":{"type":"Polygon","coordinates":[[[37.662773,49.911898],[37.6618932219917,49.912269],[37.661892,49.912269],[37.66163060031595,49.91237974684839],[37.66163,49.91238],[37.6616300027933,49.91238],[37.661219,49.91255412899408],[37.661219,49.912554],[37.65763,49.914068],[37.658204,49.914416],[37.659038,49.914924],[37.661047,49.91407655387437],[37.661047,49.914077],[37.664197,49.912747],[37.663395,49.912269],[37.663394155601665,49.912269],[37.662773,49.911898]]]}},{"type":"Feature","properties":{"cadnum":"6321885000:02:000:0341"},"geometry":{"type":"Polygon","coordinates":[[[37.616584,49.915374],[37.616993,49.914865],[37.616027,49.914527],[37.615014,49.914249],[37.613976,49.913974],[37.613477,49.91386],[37.613403,49.91384],[37.612952,49.914441],[37.614098,49.914702],[37.616584,49.915374]]]}},{"type":"Feature","properties":{"cadnum":"6321885000:02:000:0342"},"geometry":{"type":"Polygon","coordinates":[[[37.612952,49.914441],[37.613403,49.91384],[37.613013,49.913732],[37.612766,49.913912],[37.612427,49.914224],[37.612365,49.914308],[37.612952,49.914441]]]}},{"type":"Feature","properties":{"cadnum":"6321885000:02:000:0108"},"geometry":{"type":"Polygon","coordinates":[[[37.617804,49.909528],[37.617681,49.909497],[37.617102,49.909352],[37.617102,49.90935217213115],[37.616175,49.90912],[37.614018,49.912181],[37.614115670329674,49.912269],[37.614115,49.912269],[37.614119,49.912272],[37.614041,49.91238],[37.614041828729285,49.91238],[37.613731,49.912815],[37.613336,49.913335],[37.61331,49.91339],[37.614331,49.913647],[37.615492,49.912269],[37.61549166561656,49.912269],[37.617102,49.910360646399994],[37.617102,49.910361],[37.617804,49.909528]]]}},{"type":"Feature","properties":{"cadnum":"6321885000:02:000:0252"},"geometry":{"type":"Polygon","coordinates":[[[37.616584,49.915374],[37.616993,49.914865],[37.616027,49.914527],[37.615014,49.914249],[37.613976,49.913974],[37.613477,49.91386],[37.613013,49.913732],[37.612766,49.913912],[37.612427,49.914224],[37.612365,49.914308],[37.614098,49.914702],[37.616584,49.915374]]]}},{"type":"Feature","properties":{"cadnum":"6321885000:04:000:0333"},"geometry":{"type":"Polygon","coordinates":[[[37.648584,49.90095],[37.64715,49.901645],[37.64715126229508,49.901656],[37.64715,49.901656],[37.647226,49.902293],[37.647647,49.902692],[37.649406,49.901966],[37.64920699065469,49.90172118691648],[37.648584,49.90095]]]}},{"type":"Feature","properties":{"cadnum":"6321885000:04:000:0004"},"geometry":{"type":"Polygon","coordinates":[[[37.641063,49.927909],[37.640142,49.927289],[37.639776,49.927043],[37.639762,49.927034],[37.639246,49.9273805],[37.639246,49.92738],[37.635739,49.929731],[37.636231,49.930063],[37.63623148623853,49.930063],[37.63704,49.930607],[37.638015,49.929953],[37.638014235294115,49.929953],[37.639246,49.929128],[37.639246,49.9291276415284],[37.641063,49.927909]]]}},{"type":"Feature","properties":{"cadnum":"6321885000:02:000:0169"},"geometry":{"type":"Polygon","coordinates":[[[37.568371,49.940102],[37.568053,49.939938],[37.56782,49.939919],[37.566845,49.94055],[37.567045,49.940651],[37.567081,49.94067],[37.567081613138676,49.94067],[37.567309,49.940788],[37.567662,49.94056],[37.567661719457014,49.94056],[37.567835,49.940449],[37.567835,49.94044797740113],[37.568371,49.940102]]]}},{"type":"Feature","properties":{"cadnum":"6321885000:02:000:0265"},"geometry":{"type":"Polygon","coordinates":[[[37.569201,49.940528],[37.568798,49.94032],[37.568255,49.94067],[37.568255820627805,49.94067],[37.567835,49.94094200869565],[37.567835,49.940942],[37.567736,49.941006],[37.567835,49.941058],[37.567835,49.9410572238806],[37.567937,49.94111],[37.568139,49.941214],[37.569152,49.94056],[37.5691511971831,49.94056],[37.569201,49.940528]]]}},{"type":"Feature","properties":{"cadnum":"6321885000:02:000:0147"},"geometry":{"type":"Polygon","coordinates":[[[37.56653,49.941513],[37.567501,49.940886],[37.567309,49.940788],[37.567045,49.940651],[37.566144,49.941234],[37.566514,49.941503],[37.56653,49.941513]]]}},{"type":"Feature","properties":{"cadnum":"6321885000:02:000:0144"},"geometry":{"type":"Polygon","coordinates":[[[37.568783,49.941544],[37.568542,49.94142],[37.568363,49.941329],[37.56775765081842,49.94172074739894],[37.567353,49.941981],[37.567663,49.942157699999996],[37.567663,49.942158],[37.567753,49.942209],[37.567835,49.942157],[37.567835,49.94215605825243],[37.568783,49.941544]]]}},{"type":"Feature","properties":{"cadnum":"6321885000:02:000:0146"},"geometry":{"type":"Polygon","coordinates":[[[37.56775901709642,49.941224974357425],[37.567835,49.941176],[37.567835,49.94117589051095],[37.567937,49.94111],[37.567736,49.941006],[37.567501,49.940886],[37.56653,49.941513],[37.566946,49.941749],[37.567663,49.94128686164229],[37.567663,49.941287],[37.56775901709642,49.941224974357425]]]}},{"type":"Feature","properties":{"cadnum":"6321885000:02:000:0145"},"geometry":{"type":"Polygon","coordinates":[[[37.56775765081842,49.94172074739894],[37.567835,49.941671],[37.567835,49.94167069142858],[37.568363,49.941329],[37.568139,49.941214],[37.567937,49.94111],[37.56775901709642,49.941224974357425],[37.566946,49.941749],[37.567353,49.941981],[37.567663,49.94178162240664],[37.567663,49.941782],[37.56775765081842,49.94172074739894]]]}},{"type":"Feature","properties":{"cadnum":"6321885000:02:000:0149"},"geometry":{"type":"Polygon","coordinates":[[[37.566549,49.940398],[37.566162,49.940199],[37.565406,49.93981],[37.565407,49.939919],[37.56564342743009,49.94056],[37.565643,49.94056],[37.565694,49.940697],[37.565618,49.940851],[37.565725,49.940929],[37.5662765308146,49.940573204771695],[37.566549,49.940398]]]}},{"type":"Feature","properties":{"cadnum":"6321885000:02:000:0055"},"geometry":{"type":"Polygon","coordinates":[[[37.591728,49.914838],[37.590234,49.915664],[37.590115,49.91573],[37.590171085561494,49.915806],[37.590171,49.915806],[37.59017888828404,49.91581657325447],[37.590253,49.915917],[37.59025381267908,49.915917],[37.592254,49.918598],[37.594045,49.917686],[37.592515,49.915806],[37.59251478035218,49.915806],[37.591728,49.914838]]]}},{"type":"Feature","properties":{"cadnum":"6321885000:02:000:0170"},"geometry":{"type":"Polygon","coordinates":[[[37.56782,49.93992],[37.566727,49.939835],[37.566162,49.940199],[37.566549,49.940398],[37.566845,49.94055],[37.567663,49.94002144615384],[37.567663,49.940022],[37.56782,49.93992]]]}},{"type":"Feature","properties":{"cadnum":"6321885000:02:000:0258"},"geometry":{"type":"Polygon","coordinates":[[[37.566162,49.940199],[37.566727,49.939835],[37.56668,49.939831],[37.565398,49.939361],[37.565406,49.93981],[37.566162,49.940199]]]}},{"type":"Feature","properties":{"cadnum":"6321885000:03:000:0221"},"geometry":{"type":"Polygon","coordinates":[[[37.61163031779771,49.942408461864176],[37.61178,49.942377],[37.61178,49.94237659749553],[37.613845,49.941937],[37.613848,49.941822],[37.613849,49.941704],[37.61178,49.942144586160715],[37.61178,49.942144],[37.61147,49.942209],[37.611466,49.942385],[37.611466,49.942443],[37.611609,49.942412942675155],[37.611609,49.942413],[37.61163031779771,49.942408461864176]]]}},{"type":"Feature","properties":{"cadnum":"6321885000:03:000:0224"},"geometry":{"type":"Polygon","coordinates":[[[37.613858,49.941237],[37.613863,49.940947],[37.613866,49.940814],[37.612905,49.9412],[37.61178,49.94155329861111],[37.61178,49.941553],[37.611481,49.941647],[37.611478,49.941742],[37.611609,49.9417142384106],[37.611609,49.941715],[37.613858,49.941237]]]}},{"type":"Feature","properties":{"cadnum":"6321885000:03:000:0215"},"geometry":{"type":"Polygon","coordinates":[[[37.609271,49.943113],[37.611393,49.942662],[37.611397,49.942401],[37.60927,49.942852],[37.60927,49.942888],[37.609271,49.943113]]]}},{"type":"Feature","properties":{"cadnum":"6321885000:03:000:0214"},"geometry":{"type":"Polygon","coordinates":[[[37.609272,49.943374],[37.611387,49.942925],[37.611393,49.942662],[37.609271,49.943113],[37.609271,49.943131],[37.609272,49.943374]]]}},{"type":"Feature","properties":{"cadnum":"6321885000:03:000:0217"},"geometry":{"type":"Polygon","coordinates":[[[37.609268,49.942592],[37.611402,49.942139],[37.611406,49.94188],[37.609267,49.942334],[37.609267,49.942398],[37.609268,49.942592]]]}},{"type":"Feature","properties":{"cadnum":"6321885000:03:000:0218"},"geometry":{"type":"Polygon","coordinates":[[[37.609267,49.942334],[37.611406,49.94188],[37.61141,49.941668],[37.611233,49.941723],[37.610583,49.941853],[37.609264,49.941944],[37.609266,49.942153],[37.609267,49.942334]]]}},{"type":"Feature","properties":{"cadnum":"6321885000:03:000:0209"},"geometry":{"type":"Polygon","coordinates":[[[37.606998,49.943614],[37.609271,49.943131],[37.609271,49.943113],[37.60927,49.942888],[37.607003,49.943368],[37.606998,49.943614]]]}},{"type":"Feature","properties":{"cadnum":"6321885000:03:000:0213"},"geometry":{"type":"Polygon","coordinates":[[[37.607017,49.94263],[37.609266,49.942153],[37.609264,49.941944],[37.609196,49.941949],[37.607022,49.942353],[37.607017,49.94263]]]}},{"type":"Feature","properties":{"cadnum":"6321885000:03:000:0222"},"geometry":{"type":"Polygon","coordinates":[[[37.613849,49.941704],[37.613852,49.94153],[37.613854,49.94147],[37.61178,49.94191159109131],[37.61178,49.941911],[37.611474,49.941975],[37.611472,49.942125],[37.61147,49.942209],[37.611609,49.942179854838706],[37.611609,49.942181],[37.613849,49.941704]]]}},{"type":"Feature","properties":{"cadnum":"6321885000:03:000:0220"},"geometry":{"type":"Polygon","coordinates":[[[37.61164525992823,49.942637299638896],[37.61178,49.942609],[37.61178,49.94260868548387],[37.613841,49.942171],[37.613841,49.942113],[37.613845,49.941937],[37.61163031779771,49.942408461864176],[37.611466,49.942443],[37.611462,49.942648],[37.611461,49.942676],[37.611609,49.942644915360496],[37.611609,49.942645],[37.61164525992823,49.942637299638896]]]}},{"type":"Feature","properties":{"cadnum":"6321885000:03:000:0207"},"geometry":{"type":"Polygon","coordinates":[[[37.606945,49.942649],[37.606951,49.942366],[37.606144991033396,49.94251736771263],[37.605156,49.942701],[37.605135,49.942709],[37.60513,49.943034],[37.606115,49.94282542178046],[37.606115,49.942826],[37.606945,49.942649]]]}},{"type":"Feature","properties":{"cadnum":"6321885000:03:000:0216"},"geometry":{"type":"Polygon","coordinates":[[[37.60927,49.942852],[37.611397,49.942401],[37.611402,49.942139],[37.609268,49.942592],[37.609268,49.942643],[37.60927,49.942852]]]}},{"type":"Feature","properties":{"cadnum":"6321885000:03:000:0211"},"geometry":{"type":"Polygon","coordinates":[[[37.607007,49.943123],[37.609268,49.942643],[37.609268,49.942592],[37.609267,49.942398],[37.607011,49.942877],[37.60701,49.94294],[37.607007,49.943123]]]}},{"type":"Feature","properties":{"cadnum":"6321885000:03:000:0205"},"geometry":{"type":"Polygon","coordinates":[[[37.606935,49.943261],[37.60694,49.942955],[37.606287,49.943094306666666],[37.606287,49.943094],[37.605124,49.943341],[37.605122,49.943478],[37.605118,49.943646],[37.606287,49.943399],[37.606287,49.943398502439024],[37.606935,49.943261]]]}},{"type":"Feature","properties":{"cadnum":"6321885000:03:000:0210"},"geometry":{"type":"Polygon","coordinates":[[[37.607003,49.943368],[37.60927,49.942888],[37.60927,49.942852],[37.609268,49.942643],[37.607007,49.943123],[37.607004,49.943246],[37.607003,49.943368]]]}},{"type":"Feature","properties":{"cadnum":"6321885000:03:000:0204"},"geometry":{"type":"Polygon","coordinates":[[[37.606929,49.943567],[37.606935,49.943261],[37.606115,49.943435],[37.606115,49.9434353421728],[37.605118,49.943646],[37.605116,49.94379],[37.605112,49.943953],[37.606287,49.943704],[37.606287,49.94370344471744],[37.606929,49.943567]]]}},{"type":"Feature","properties":{"cadnum":"6321885000:03:000:0208"},"geometry":{"type":"Polygon","coordinates":[[[37.606994,49.943858],[37.609272,49.943374],[37.609271,49.943131],[37.606998,49.943614],[37.606994,49.943858]]]}},{"type":"Feature","properties":{"cadnum":"6321885000:03:000:0206"},"geometry":{"type":"Polygon","coordinates":[[[37.60694,49.942955],[37.606945,49.942649],[37.606287,49.94278932048193],[37.606287,49.942789],[37.60513,49.943034],[37.605128,49.943122],[37.605124,49.943341],[37.606115,49.943130529664664],[37.606115,49.943131],[37.60694,49.942955]]]}},{"type":"Feature","properties":{"cadnum":"6321885000:03:000:0212"},"geometry":{"type":"Polygon","coordinates":[[[37.607011,49.942877],[37.609267,49.942398],[37.609267,49.942334],[37.609266,49.942153],[37.607017,49.94263],[37.607017,49.942634],[37.607011,49.942877]]]}},{"type":"Feature","properties":{"cadnum":"6321885000:03:000:0219"},"geometry":{"type":"Polygon","coordinates":[[[37.611609000000826,49.94287799999982],[37.61178,49.942842],[37.61178,49.94284160395151],[37.613836,49.942404],[37.613841,49.942171],[37.61164525992823,49.942637299638896],[37.611461,49.942676],[37.611457,49.94291],[37.611609,49.942878],[37.611609000000826,49.94287799999982]]]}},{"type":"Feature","properties":{"cadnum":"6321885000:03:000:0116"},"geometry":{"type":"Polygon","coordinates":[[[37.617928,49.942501],[37.617457,49.941635],[37.617102,49.941711],[37.617102,49.94171131938559],[37.611609,49.942878],[37.611609,49.94287823021235],[37.609708,49.943281],[37.610178,49.944145],[37.61178,49.943806],[37.61178,49.94380571080508],[37.617102,49.942676289194914],[37.617102,49.942677],[37.617928,49.942501]]]}},{"type":"Feature","properties":{"cadnum":"6321885000:03:000:0223"},"geometry":{"type":"Polygon","coordinates":[[[37.613854,49.94147],[37.613858,49.941238],[37.613858,49.941237],[37.61178,49.94167865584704],[37.61178,49.941678],[37.611478,49.941742],[37.611477,49.941865],[37.611474,49.941975],[37.611609,49.94194676470588],[37.611609,49.941948],[37.613854,49.94147]]]}},{"type":"Feature","properties":{"cadnum":"6321885000:02:000:0126"},"geometry":{"type":"Polygon","coordinates":[[[37.628512,49.900429],[37.62826,49.9003790754717],[37.62826,49.900379],[37.62747,49.90022],[37.625855,49.899943],[37.624624720394735,49.901656],[37.624624,49.901656],[37.624279,49.902137],[37.624518,49.902185],[37.625999,49.902482],[37.626908,49.902663],[37.62755130486594,49.901767],[37.627552,49.901767],[37.62826,49.900781],[37.62826,49.900780254716985],[37.628512,49.900429]]]}},{"type":"Feature","properties":{"cadnum":"6321885000:02:000:0249"},"geometry":{"type":"Polygon","coordinates":[[[37.598931,49.900886],[37.598816,49.900488],[37.596948,49.900737],[37.596875,49.900677],[37.595927,49.900821],[37.595354,49.900865],[37.595129,49.90091],[37.595129,49.90091057286432],[37.594704,49.900996],[37.593985,49.901117],[37.592818,49.901087],[37.59258,49.901315],[37.592144,49.901614],[37.59211901960784,49.901656],[37.592118,49.901656],[37.591664,49.902419],[37.591468,49.902854],[37.592059,49.902841],[37.592883,49.902951],[37.593294,49.902969],[37.593829,49.90318],[37.594426,49.903416],[37.595129,49.90367149028572],[37.595129,49.903672],[37.59528695004476,49.90372889384484],[37.595301,49.903734],[37.595301,49.90373395465995],[37.595526,49.903815],[37.596197,49.904087],[37.596859,49.903618],[37.597328,49.902976],[37.597727,49.902545],[37.598034,49.902044],[37.59827673195876,49.901767],[37.598278,49.901767],[37.598499,49.901516],[37.598931,49.900886]]]}},{"type":"Feature","properties":{"cadnum":"6321885000:04:000:0373"},"geometry":{"type":"Polygon","coordinates":[[[37.672205,49.908464],[37.671302,49.907926],[37.670283,49.907319],[37.668247,49.906106],[37.667885,49.906196],[37.668915,49.90681],[37.670975,49.908036],[37.672005,49.908651],[37.672033,49.90866766],[37.672033,49.908668],[37.67214048387141,49.90873161290349],[37.67214113445378,49.908732],[37.672141,49.908732],[37.673036,49.909264],[37.674066,49.909878],[37.675096,49.910491],[37.676126,49.911105],[37.676395,49.910958],[37.675375,49.910352],[37.674357,49.909746],[37.673338,49.909139],[37.672838864864865,49.908842],[37.672841,49.908842],[37.672205,49.90846417821782],[37.672205,49.908464]]]}},{"type":"Feature","properties":{"cadnum":"6321885000:04:000:0398"},"geometry":{"type":"Polygon","coordinates":[[[37.670626,49.907214],[37.669619,49.906615],[37.668613,49.906014],[37.668247,49.906106],[37.670283,49.907319],[37.671302,49.907926],[37.672033,49.908361523809525],[37.672033,49.908362],[37.67265583333334,49.908732],[37.672654,49.908732],[37.673338,49.909139],[37.674357,49.909746],[37.675375,49.910352],[37.676395,49.910958],[37.676664,49.910811],[37.675658,49.910211],[37.674651,49.909612],[37.673645,49.909012],[37.673260702702834,49.9087840270271],[37.672638,49.908413],[37.672033,49.908053],[37.672033,49.908053388220395],[37.670626,49.907214]]]}},{"type":"Feature","properties":{"cadnum":"6321885000:04:000:0347"},"geometry":{"type":"Polygon","coordinates":[[[37.672205,49.90815534710744],[37.672638,49.908413],[37.67317338461538,49.908732],[37.673173,49.908732],[37.673260702702834,49.9087840270271],[37.673358,49.908842],[37.673358428571426,49.908842],[37.673645,49.909012],[37.674651,49.909612],[37.675658,49.910211],[37.676664,49.910811],[37.676806,49.910734],[37.676918,49.910648],[37.675927,49.910057],[37.674934,49.909467],[37.673943,49.908877],[37.67384707387788,49.908819994722506],[37.672951,49.908286],[37.672081315789335,49.9077677894736],[37.67196,49.907695],[37.670967,49.907104],[37.669976,49.906514],[37.668984,49.905923],[37.668613,49.906014],[37.669619,49.906615],[37.670626,49.907214],[37.672205,49.908156],[37.672205,49.90815534710744]]]}},{"type":"Feature","properties":{"cadnum":"6321885000:04:000:0391"},"geometry":{"type":"Polygon","coordinates":[[[37.672205,49.907194],[37.671626,49.906849],[37.670687,49.906291],[37.669749,49.905732],[37.669362,49.905829],[37.672033,49.907420513893776],[37.672033,49.907421],[37.673235,49.908137],[37.674205,49.908714],[37.674235234375,49.908732],[37.674234,49.908732],[37.676141,49.909867],[37.677111,49.910444],[37.67725,49.9102],[37.676321,49.909645],[37.675375,49.909082],[37.67497042857143,49.908842],[37.674972,49.908842],[37.674438,49.908524],[37.6735,49.907966],[37.672563,49.907408],[37.672205,49.907194550943395],[37.672205,49.907194]]]}},{"type":"Feature","properties":{"cadnum":"6321885000:04:000:0394"},"geometry":{"type":"Polygon","coordinates":[[[37.672205,49.907841488017425],[37.672951,49.908286],[37.67369941366907,49.908732],[37.673699,49.908732],[37.67384707387788,49.908819994722506],[37.673884,49.908842],[37.67388410344828,49.908842],[37.673943,49.908877],[37.674934,49.909467],[37.675927,49.910057],[37.676918,49.910648],[37.67705,49.910548],[37.677111,49.910444],[37.676141,49.909867],[37.674418819383256,49.908842],[37.67442,49.908842],[37.674205,49.908714],[37.673235,49.908137],[37.672205,49.90752345590682],[37.672205,49.907523],[37.669362,49.905829],[37.668984,49.905923],[37.669976,49.906514],[37.670967,49.907104],[37.67196,49.907695],[37.672033,49.9077388],[37.672033,49.907739],[37.672081315789335,49.9077677894736],[37.672205,49.907842],[37.672205,49.907841488017425]]]}},{"type":"Feature","properties":{"cadnum":"6321885000:04:000:0387"},"geometry":{"type":"Polygon","coordinates":[[[37.671973,49.906717],[37.670152,49.905632],[37.669749,49.905732],[37.670687,49.906291],[37.671626,49.906849],[37.672033,49.907091512953365],[37.672033,49.907092],[37.672563,49.907408],[37.6735,49.907966],[37.674438,49.908524],[37.674787283018865,49.908732],[37.674785,49.908732],[37.675375,49.909082],[37.676321,49.909645],[37.67725,49.9102],[37.677345,49.910034],[37.677435,49.90997],[37.675614,49.908885],[37.675371872963645,49.9087419674264],[37.674703,49.908344],[37.672882,49.907259],[37.672049458805525,49.90676280937055],[37.671973,49.906717]]]}},{"type":"Feature","properties":{"cadnum":"6321885000:01:001:0012"},"geometry":{"type":"Polygon","coordinates":[[[37.561513,49.978699],[37.562106,49.978835],[37.56217,49.97884964406779],[37.56217,49.97885],[37.562731,49.978978],[37.563368,49.979246],[37.56381386940298,49.979433],[37.563812,49.979433],[37.564007,49.979514],[37.564045,49.979543],[37.56404555681818,49.979543],[37.564475,49.979866],[37.564852,49.98015],[37.567663,49.98025648441167],[37.567663,49.980257],[37.569305,49.980318],[37.56931911031799,49.979537523036115],[37.569336,49.978699],[37.569205,49.97871],[37.568621,49.978974],[37.567992,49.97904],[37.567828,49.978953],[37.56223078061958,49.97872843852963],[37.561513,49.978699]]]}},{"type":"Feature","properties":{"cadnum":"6321885000:01:001:0010"},"geometry":{"type":"Polygon","coordinates":[[[37.571475,49.979009],[37.569973,49.978703],[37.569568,49.978681],[37.569336,49.978699],[37.56932121563981,49.979433],[37.569321,49.979433],[37.56931911031799,49.979537523036115],[37.569319,49.979543],[37.569319011299434,49.979543],[37.569305,49.980318],[37.569297,49.980714],[37.573156,49.98085951426445],[37.573156,49.98086],[37.574294,49.980902],[37.574316,49.979764],[37.57348366233766,49.979543],[37.573485,49.979543],[37.573328,49.979501483282675],[37.573328,49.979501],[37.571475,49.979009]]]}},{"type":"Feature","properties":{"cadnum":"6321885000:01:000:0619"},"geometry":{"type":"Polygon","coordinates":[[[37.573328,49.97864215352697],[37.573638,49.978774],[37.57421,49.978914],[37.573297,49.977985],[37.571739,49.977347],[37.571366,49.977195],[37.570042,49.976752],[37.569991,49.976869],[37.569796,49.977329],[37.570765,49.977659],[37.572061,49.978101],[37.572773,49.978405],[37.573328,49.978643],[37.573328,49.97864215352697]]]}},{"type":"Feature","properties":{"cadnum":"6321885000:01:001:0033"},"geometry":{"type":"Polygon","coordinates":[[[37.562342,49.978732900671616],[37.567663,49.97894638016967],[37.567663,49.978947],[37.567828,49.978953],[37.567796,49.978833],[37.567835,49.978786],[37.567835,49.97878456451613],[37.567982,49.978602],[37.568538,49.978207],[37.568854,49.977904],[37.567663,49.977859],[37.567663,49.977859502559575],[37.56217,49.977652],[37.56217,49.977652469570074],[37.560551,49.977591],[37.560732,49.978655],[37.561479,49.978692],[37.561513,49.978699],[37.56217,49.978725945717734],[37.56217,49.978726],[37.56223078061956,49.97872843852963],[37.562342,49.978733],[37.562342,49.978732900671616]]]}},{"type":"Feature","properties":{"cadnum":"6321885000:01:001:0034"},"geometry":{"type":"Polygon","coordinates":[[[37.56248,49.977327],[37.562484,49.977414],[37.562305,49.977474],[37.561502,49.977515],[37.560523,49.977422],[37.560551,49.977591],[37.562342,49.977659],[37.562342,49.97765849744042],[37.567835,49.977866],[37.567835,49.977865498740556],[37.568854,49.977904],[37.568897,49.977863],[37.568904,49.977698],[37.568255,49.977338],[37.567663,49.977094],[37.567663,49.97709429105323],[37.566952,49.976802],[37.566419,49.976591],[37.565926,49.976499],[37.563747,49.976351],[37.562866,49.976258],[37.562342,49.97626929310345],[37.562342,49.976269],[37.561689,49.976282],[37.561029,49.97643],[37.560722,49.976709],[37.560685,49.976994],[37.560883,49.977074],[37.561626,49.977146],[37.562342,49.977299],[37.562342,49.977298064516134],[37.56248,49.977327]]]}},{"type":"Feature","properties":{"cadnum":"6321885000:02:000:0322"},"geometry":{"type":"Polygon","coordinates":[[[37.569266,49.922708],[37.56909643109541,49.92288],[37.569095,49.92288],[37.568201,49.92379],[37.567835,49.92416212267658],[37.567835,49.924162],[37.567135,49.924872],[37.56607,49.925955],[37.565505,49.926527],[37.56550577419355,49.926527],[37.565004,49.927037],[37.565157,49.927113],[37.565141,49.927321],[37.564339,49.927735],[37.564172,49.928054],[37.564238,49.928328],[37.565574,49.926973],[37.56612,49.926417],[37.56611930954995,49.926417],[37.566908,49.925616],[37.567835,49.924676],[37.567835,49.92467563166954],[37.568244,49.924261],[37.56949339528023,49.922991],[37.569494,49.922991],[37.569578,49.922905],[37.569266,49.922708]]]}},{"type":"Feature","properties":{"cadnum":"6321885000:02:000:0304"},"geometry":{"type":"Polygon","coordinates":[[[37.568449,49.922364],[37.56794040669857,49.92288],[37.567939,49.92288],[37.567718820225245,49.92310576404441],[37.567395,49.923434],[37.56634,49.924506],[37.565285,49.925577],[37.564349,49.926527],[37.564349904761904,49.926527],[37.564231,49.926648],[37.564619,49.926842],[37.5649288117647,49.926527],[37.564929,49.926527],[37.56569,49.925754],[37.566763,49.924665],[37.567663,49.92375072761194],[37.567663,49.923751],[37.567835,49.923576],[37.56841075431034,49.922991],[37.568412,49.922991],[37.568908,49.922487],[37.568449,49.922364]]]}},{"type":"Feature","properties":{"cadnum":"6321885000:02:000:0303"},"geometry":{"type":"Polygon","coordinates":[[[37.568922,49.922492],[37.568908,49.922487],[37.568521238095244,49.92288],[37.56852,49.92288],[37.567835,49.923576],[37.566763,49.924665],[37.56569,49.925754],[37.5650372923674,49.926417],[37.565037,49.926417],[37.564619,49.926842],[37.565004,49.927037],[37.565614,49.926417],[37.56561365384616,49.926417],[37.56607,49.925955],[37.567135,49.924872],[37.567663,49.92433645714286],[37.567663,49.924337],[37.568201,49.92379],[37.568985951648344,49.922991],[37.568987,49.922991],[37.569266,49.922708],[37.568922,49.922492]]]}},{"type":"Feature","properties":{"cadnum":"6321885000:02:000:0318"},"geometry":{"type":"Polygon","coordinates":[[[37.5687,49.924703],[37.570129,49.923251],[37.569859,49.923081],[37.568476,49.924485],[37.567835,49.92513703813038],[37.567835,49.925137],[37.567093,49.92589],[37.56657427315542,49.926417],[37.566574,49.926417],[37.564328,49.928698],[37.564414,49.929056],[37.565843,49.927605],[37.56690285185185,49.926527],[37.566903,49.926527],[37.567272,49.926153],[37.567835,49.925582],[37.567835,49.92558134619094],[37.5687,49.924703]]]}},{"type":"Feature","properties":{"cadnum":"6321885000:02:000:0299"},"geometry":{"type":"Polygon","coordinates":[[[37.569859,49.923081],[37.569578,49.922905],[37.568244,49.924261],[37.567663,49.92485],[37.567663,49.92485041208198],[37.566908,49.925616],[37.566011,49.926527],[37.566011978417265,49.926527],[37.565574,49.926973],[37.564238,49.928328],[37.564328,49.928698],[37.56646568785621,49.926527],[37.566466,49.926527],[37.567093,49.92589],[37.567663,49.92531154986523],[37.567663,49.925312],[37.568476,49.924485],[37.569859,49.923081]]]}},{"type":"Feature","properties":{"cadnum":"6321885000:02:000:0319"},"geometry":{"type":"Polygon","coordinates":[[[37.568918,49.924913],[37.570391,49.923416],[37.570129,49.923251],[37.5687,49.924703],[37.567663,49.925756],[37.567663,49.92575644404973],[37.567272,49.926153],[37.567011529411765,49.926417],[37.567011,49.926417],[37.565843,49.927605],[37.564414,49.929056],[37.564497,49.929402],[37.567437,49.926417],[37.5674367134503,49.926417],[37.567835,49.926014],[37.567835,49.92601325896415],[37.568918,49.924913]]]}},{"type":"Feature","properties":{"cadnum":"6321885000:03:000:0231"},"geometry":{"type":"Polygon","coordinates":[[[37.617583,49.941609],[37.618231,49.941699],[37.618234,49.941553],[37.617273,49.941534323321555],[37.617273,49.941534],[37.615821,49.941505],[37.615817,49.941693],[37.615812,49.941985],[37.617273,49.941676],[37.617273,49.94167538253639],[37.617583,49.941609]]]}},{"type":"Feature","properties":{"cadnum":"6321885000:03:000:0233"},"geometry":{"type":"Polygon","coordinates":[[[37.617273,49.94130446214789],[37.618238,49.941324],[37.618242,49.941146],[37.618243,49.941094],[37.617273,49.9410752971078],[37.617273,49.941075],[37.615829,49.941046],[37.615828,49.94111],[37.615825,49.941275],[37.617273,49.941305],[37.617273,49.94130446214789]]]}},{"type":"Feature","properties":{"cadnum":"6321885000:03:000:0117"},"geometry":{"type":"Polygon","coordinates":[[[37.618388,49.943349],[37.621357,49.942719],[37.621081,49.942279],[37.619744,49.941909],[37.617583,49.941609],[37.617457,49.941635],[37.617928,49.942501],[37.618388,49.943349]]]}},{"type":"Feature","properties":{"cadnum":"6321885000:03:000:0234"},"geometry":{"type":"Polygon","coordinates":[[[37.617273,49.940829],[37.615834,49.9408],[37.615833,49.940819],[37.615829,49.941046],[37.617102,49.94107156578947],[37.617102,49.941072],[37.618243,49.941094],[37.618247,49.940848],[37.617273,49.94082928558952],[37.617273,49.940829]]]}},{"type":"Feature","properties":{"cadnum":"6321885000:03:000:0239"},"geometry":{"type":"Polygon","coordinates":[[[37.620842,49.941868],[37.6208,49.941501],[37.618242,49.941146],[37.618238,49.941324],[37.618235,49.941506],[37.620673,49.941843],[37.620842,49.941868]]]}},{"type":"Feature","properties":{"cadnum":"6321885000:03:000:0232"},"geometry":{"type":"Polygon","coordinates":[[[37.615825,49.941275],[37.615822,49.941401],[37.615821,49.941505],[37.617102,49.94153058471074],[37.617102,49.941531],[37.618234,49.941553],[37.618235,49.941506],[37.618238,49.941324],[37.617102,49.941301],[37.617102,49.94130145718232],[37.615825,49.941275]]]}},{"type":"Feature","properties":{"cadnum":"6321885000:03:000:0238"},"geometry":{"type":"Polygon","coordinates":[[[37.621081,49.942279],[37.620847,49.941909],[37.620842,49.941868],[37.620673,49.941843],[37.620668,49.942164],[37.621081,49.942279]]]}},{"type":"Feature","properties":{"cadnum":"6321885000:03:000:0240"},"geometry":{"type":"Polygon","coordinates":[[[37.6208,49.941501],[37.620752,49.941066],[37.61825,49.940719],[37.618247,49.940848],[37.618243,49.941094],[37.618242,49.941146],[37.6208,49.941501]]]}},{"type":"Feature","properties":{"cadnum":"6321885000:03:000:0237"},"geometry":{"type":"Polygon","coordinates":[[[37.620668,49.942164],[37.620673,49.941843],[37.618235,49.941506],[37.618234,49.941553],[37.618231,49.941699],[37.619744,49.941909],[37.620668,49.942164]]]}},{"type":"Feature","properties":{"cadnum":"6321885000:02:000:0093"},"geometry":{"type":"Polygon","coordinates":[[[37.57794902228826,49.912269],[37.577948,49.912269],[37.577712,49.912552],[37.57865,49.912900472497746],[37.57865,49.912901],[37.58366,49.914756],[37.584143,49.91443252293578],[37.584143,49.914433],[37.5842511003584,49.91436012544804],[37.584314,49.914318],[37.584314,49.91431772241379],[37.584723,49.914042],[37.584143,49.913827],[37.584143,49.91382763193968],[37.579937,49.912269],[37.579936602040824,49.912269],[37.57865,49.911792],[37.57865,49.911792461346636],[37.57842,49.911707],[37.57794902228826,49.912269]]]}},{"type":"Feature","properties":{"cadnum":"6321885000:02:000:0094"},"geometry":{"type":"Polygon","coordinates":[[[37.580236,49.91238],[37.58023653575832,49.91238],[37.584314,49.913891],[37.584314,49.91389038793103],[37.584723,49.914042],[37.585727,49.913369],[37.584314,49.91284626136363],[37.584314,49.912846],[37.582757,49.912269],[37.58275565465671,49.912269],[37.579088,49.910909],[37.578688036843815,49.9113874947348],[37.57842,49.911707],[37.578821,49.911856],[37.578821,49.91185539722572],[37.580236,49.91238]]]}},{"type":"Feature","properties":{"cadnum":"6321885000:02:000:0225"},"geometry":{"type":"Polygon","coordinates":[[[37.58681,49.91587],[37.587321,49.915825],[37.587596,49.915783],[37.58809,49.915661],[37.587522,49.914875],[37.58613622168905,49.915806],[37.586134,49.915806],[37.585696,49.916102],[37.585779,49.916102],[37.586436,49.91596],[37.58661468888888,49.915917],[37.586616,49.915917],[37.58681,49.91587]]]}},{"type":"Feature","properties":{"cadnum":"6321885000:02:000:0220"},"geometry":{"type":"Polygon","coordinates":[[[37.588851,49.91389],[37.589636,49.91489647335423],[37.589636,49.914897],[37.590234,49.915664],[37.591728,49.914838],[37.59147,49.914522],[37.591438,49.914482],[37.590308,49.913092],[37.58963680143012,49.913460559929],[37.588851,49.91389]]]}},{"type":"Feature","properties":{"cadnum":"6321885000:02:000:0222"},"geometry":{"type":"Polygon","coordinates":[[[37.586487,49.913439],[37.586236,49.913091],[37.585241,49.91376],[37.584773,49.914073],[37.584314,49.91438228710937],[37.584314,49.914382],[37.584261,49.914418],[37.584143,49.914497],[37.584143,49.91449702359346],[37.58371,49.914787],[37.58298,49.915278],[37.582559,49.915561],[37.583384,49.915523],[37.584143,49.915013735483875],[37.584143,49.915014],[37.586487,49.913439]]]}},{"type":"Feature","properties":{"cadnum":"6321885000:02:000:0224"},"geometry":{"type":"Polygon","coordinates":[[[37.587522,49.914875],[37.586947,49.914076],[37.584707,49.91558],[37.584752,49.915587],[37.584952031496066,49.915806],[37.584951,49.915806],[37.584984,49.915841],[37.58509,49.915917],[37.58509015873016,49.915917],[37.585248,49.91603],[37.585496,49.916103],[37.585696,49.916102],[37.585969750000004,49.915917],[37.585971,49.915917],[37.587522,49.914875]]]}},{"type":"Feature","properties":{"cadnum":"6321885000:02:000:0223"},"geometry":{"type":"Polygon","coordinates":[[[37.586947,49.914076],[37.586487,49.913439],[37.584314,49.91489910025597],[37.584314,49.914899],[37.583384,49.915523],[37.583484,49.915519],[37.583958,49.915523],[37.584143,49.91553287359551],[37.584143,49.915534],[37.584525,49.915553],[37.584707,49.91558],[37.586947,49.914076]]]}},{"type":"Feature","properties":{"cadnum":"6321885000:02:000:0004"},"geometry":{"type":"Polygon","coordinates":[[[37.581061,49.945393],[37.580074,49.944899],[37.579022,49.944372],[37.578821,49.94450275806452],[37.578821,49.944502],[37.575773,49.946471],[37.57779,49.947507],[37.57865,49.94695062754607],[37.57865,49.946952],[37.581061,49.945393]]]}},{"type":"Feature","properties":{"cadnum":"6321885000:02:000:0005"},"geometry":{"type":"Polygon","coordinates":[[[37.583082,49.946405],[37.581664,49.945695],[37.581061,49.945393],[37.578821,49.94684142803816],[37.578821,49.94684],[37.57779,49.947507],[37.57803072103003,49.94763],[37.57803,49.94763],[37.578821,49.948036],[37.578821,49.948035701716734],[37.579116,49.948187],[37.579741,49.948559],[37.579745,49.94856],[37.581186,49.94763],[37.58118511111112,49.94763],[37.581336,49.947533],[37.583082,49.946405]]]}},{"type":"Feature","properties":{"cadnum":"6321885000:02:000:0263"},"geometry":{"type":"Polygon","coordinates":[[[37.575236,49.943626],[37.574834,49.943419],[37.573787481049564,49.944095],[37.573787,49.944095],[37.573772,49.944105],[37.573901,49.944172],[37.573966,49.944206],[37.5739673,49.944206],[37.574174,49.944312],[37.57451,49.944095],[37.574509858620694,49.944095],[37.575236,49.943626]]]}},{"type":"Feature","properties":{"cadnum":"6321885000:02:000:0274"},"geometry":{"type":"Polygon","coordinates":[[[37.576041,49.944039],[37.575639,49.943833],[37.57523300536194,49.944095],[37.575232,49.944095],[37.574577,49.944519],[37.574665,49.944564],[37.574979,49.944725],[37.57588334782745,49.94414065217303],[37.576041,49.944039]]]}},{"type":"Feature","properties":{"cadnum":"6321885000:02:000:0255"},"geometry":{"type":"Polygon","coordinates":[[[37.573824,49.945471],[37.574979,49.944725],[37.574665,49.944564],[37.57351,49.945309],[37.573824,49.945471]]]}},{"type":"Feature","properties":{"cadnum":"6321885000:02:000:0003"},"geometry":{"type":"Polygon","coordinates":[[[37.57844,49.94408],[37.577109,49.943413],[37.576052889029015,49.944095],[37.576052,49.944095],[37.573879,49.945499],[37.575773,49.946471],[37.57865,49.94461246555118],[37.57865,49.944614],[37.579022,49.944372],[37.57869,49.944206],[37.57844,49.94408]]]}},{"type":"Feature","properties":{"cadnum":"6321885000:02:000:0253"},"geometry":{"type":"Polygon","coordinates":[[[37.57351,49.945309],[37.574665,49.944564],[37.574577,49.944519],[37.57448,49.944469],[37.573325,49.945214],[37.57351,49.945309]]]}},{"type":"Feature","properties":{"cadnum":"6321885000:01:001:0015"},"geometry":{"type":"Polygon","coordinates":[[[37.562342,49.981687831692604],[37.565319,49.981858],[37.565696,49.98188],[37.565574,49.981478],[37.565434,49.981022],[37.565425,49.98101],[37.562342,49.980881186482335],[37.562342,49.980881],[37.557547,49.98068],[37.557409,49.981476],[37.561965,49.981666],[37.562342,49.981689],[37.562342,49.981687831692604]]]}},{"type":"Feature","properties":{"cadnum":"6321885000:01:000:0614"},"geometry":{"type":"Polygon","coordinates":[[[37.556849,49.981452371428574],[37.556887,49.981454],[37.557339,49.981473],[37.557545,49.980292],[37.556677,49.980255],[37.556677,49.980255760522496],[37.554782,49.980176],[37.554577,49.981357],[37.556849,49.981453],[37.556849,49.981452371428574]]]}},{"type":"Feature","properties":{"cadnum":"6321885000:01:001:0014"},"geometry":{"type":"Polygon","coordinates":[[[37.562342,49.979994],[37.5577,49.9798],[37.557614,49.980294],[37.557547,49.98068],[37.56217,49.980873789989566],[37.56217,49.980874],[37.565425,49.98101],[37.565126,49.980649],[37.564815,49.980273],[37.564565,49.980086],[37.562342,49.97999410981211],[37.562342,49.979994]]]}},{"type":"Feature","properties":{"cadnum":"6321885000:01:001:0016"},"geometry":{"type":"Polygon","coordinates":[[[37.556849,49.981452371428574],[37.556887,49.981454],[37.557339,49.981473],[37.557545,49.980292],[37.556677,49.980255],[37.556677,49.98025577101449],[37.552019,49.98006],[37.551814,49.981242],[37.556849,49.981453],[37.556849,49.981452371428574]]]}},{"type":"Feature","properties":{"cadnum":"6321885000:01:001:0017"},"geometry":{"type":"Polygon","coordinates":[[[37.552224,49.978875],[37.552108,49.979543],[37.552108877192985,49.979543],[37.552019,49.98006],[37.556849,49.980263],[37.556849,49.980262331797235],[37.557545,49.980292],[37.55767866894203,49.97951090053604],[37.55775,49.979107],[37.556849,49.97906921342032],[37.556849,49.979069],[37.552224,49.978875]]]}},{"type":"Feature","properties":{"cadnum":"6321885000:01:001:0013"},"geometry":{"type":"Polygon","coordinates":[[[37.562055,49.978928],[37.561447,49.97879],[37.557907,49.978612],[37.557819,49.97911],[37.55776305311778,49.979433],[37.557763,49.979433],[37.55775710975621,49.979467313007476],[37.557744,49.979543],[37.557744117166216,49.979543],[37.5577,49.9798],[37.56217,49.97998681171909],[37.56217,49.979987],[37.564565,49.980086],[37.564359,49.979931],[37.563905,49.97959],[37.5637927388535,49.979543],[37.563794,49.979543],[37.563284,49.979329],[37.562662,49.979067],[37.562342,49.97899415447154],[37.562342,49.978994],[37.562055,49.978928]]]}},{"type":"Feature","properties":{"cadnum":"6321885000:04:000:0214"},"geometry":{"type":"Polygon","coordinates":[[[37.683191,49.91333190086207],[37.683252,49.913339],[37.683344,49.912724],[37.68302,49.912685],[37.68302,49.91268526597132],[37.682424,49.912613],[37.68231,49.913046],[37.682222,49.913214],[37.68302,49.913311176470586],[37.68302,49.913312],[37.6831726265462,49.91332976257219],[37.683191,49.913332],[37.683191,49.91333190086207]]]}},{"type":"Feature","properties":{"cadnum":"6321885000:04:000:0215"},"geometry":{"type":"Polygon","coordinates":[[[37.683178,49.913822],[37.683252,49.913339],[37.6831726265462,49.91332976257219],[37.682222,49.913214],[37.68196,49.913711],[37.683135,49.913854],[37.683178,49.913822]]]}},{"type":"Feature","properties":{"cadnum":"6321885000:04:000:0217"},"geometry":{"type":"Polygon","coordinates":[[[37.682167,49.914587],[37.682212,49.914551],[37.682515,49.914322],[37.681692,49.914223],[37.681633,49.914335],[37.681512,49.914508],[37.682167,49.914587]]]}},{"type":"Feature","properties":{"cadnum":"6321885000:04:000:0218"},"geometry":{"type":"Polygon","coordinates":[[[37.680576,49.915857],[37.682167,49.914587],[37.681512,49.914508],[37.680576,49.915857]]]}},{"type":"Feature","properties":{"cadnum":"6321885000:04:000:0339"},"geometry":{"type":"Polygon","coordinates":[[[37.677698,49.915639],[37.677698,49.915638889240505],[37.677901,49.915583],[37.677974,49.915518],[37.677526,49.915251],[37.677526,49.91525129752066],[37.67673,49.914776],[37.674804,49.91363],[37.673306,49.912737],[37.673299,49.912741],[37.673,49.912953],[37.672925,49.912957],[37.672967,49.913082],[37.674551,49.914026],[37.675933,49.914849],[37.677278,49.91565],[37.677477,49.915624],[37.677526,49.91564487037037],[37.677526,49.915646],[37.677585,49.91567],[37.677698,49.915639]]]}},{"type":"Feature","properties":{"cadnum":"6321885000:04:000:0341"},"geometry":{"type":"Polygon","coordinates":[[[37.674344,49.912223],[37.674341,49.912224],[37.674250711538456,49.912269],[37.67425,49.912269],[37.673808,49.912489],[37.675408,49.913442],[37.677007,49.914395],[37.677526,49.914703696092616],[37.677526,49.914705],[37.678244,49.915131],[37.678243,49.915034],[37.678422,49.914759],[37.678526,49.914712],[37.677698,49.914220168],[37.677698,49.91422],[37.677348,49.914011],[37.675861,49.913125],[37.674422,49.912269],[37.67442105732485,49.912269],[37.674344,49.912223]]]}},{"type":"Feature","properties":{"cadnum":"6321885000:04:000:0343"},"geometry":{"type":"Polygon","coordinates":[[[37.675359,49.911629],[37.674851,49.911926],[37.675425185022036,49.912269],[37.675425,49.912269],[37.67547821591178,49.91230067897888],[37.675611,49.91238],[37.67561146327683,49.91238],[37.676317,49.9128],[37.677526,49.913520497465605],[37.677526,49.913521],[37.67769563121841,49.91362158833654],[37.677698,49.913623],[37.677698,49.91362299298246],[37.677811,49.91369],[37.679042,49.914423],[37.679265,49.914271],[37.679487,49.914108],[37.679486,49.914086],[37.678201,49.913322],[37.677698,49.913022435555554],[37.677698,49.913022],[37.676918,49.912557],[37.67661992708333,49.91238],[37.67662,49.91238],[37.675359,49.911629]]]}},{"type":"Feature","properties":{"cadnum":"6321885000:04:000:0345"},"geometry":{"type":"Polygon","coordinates":[[[37.674851,49.911926],[37.674344,49.912223],[37.674607,49.91238],[37.67460859929906,49.91238],[37.675861,49.913125],[37.677348,49.914011],[37.677526,49.914117291428575],[37.677526,49.914118],[37.678526,49.914712],[37.678591,49.914682],[37.678978,49.914468],[37.679042,49.914423],[37.677811,49.91369],[37.67769563121841,49.91362158833654],[37.676317,49.9128],[37.67547821591178,49.91230067897888],[37.674851,49.911926]]]}},{"type":"Feature","properties":{"cadnum":"6321885000:04:000:0337"},"geometry":{"type":"Polygon","coordinates":[[[37.677698,49.91535350892857],[37.677974,49.915518],[37.678113,49.915397],[37.678245,49.915149],[37.678244,49.915131],[37.677698,49.914807050139274],[37.677698,49.914806],[37.677007,49.914395],[37.675408,49.913442],[37.673808,49.912489],[37.673306,49.912737],[37.674804,49.91363],[37.67673,49.914776],[37.677698,49.915354],[37.677698,49.91535350892857]]]}},{"type":"Feature","properties":{"cadnum":"6321885000:04:000:0216"},"geometry":{"type":"Polygon","coordinates":[[[37.683135,49.913854],[37.68302,49.91384],[37.68302,49.91384000425532],[37.68196,49.913711],[37.681692,49.914223],[37.682515,49.914322],[37.68302,49.91394080645161],[37.68302,49.913941],[37.683135,49.913854]]]}},{"type":"Feature","properties":{"cadnum":"6321885000:02:000:0323"},"geometry":{"type":"Polygon","coordinates":[[[37.563361,49.926167],[37.566145,49.92334],[37.566071,49.92338],[37.564851,49.92422],[37.56311,49.925752],[37.563361,49.926167]]]}},{"type":"Feature","properties":{"cadnum":"6321885000:01:000:0622"},"geometry":{"type":"Polygon","coordinates":[[[37.576696,49.979107],[37.574433,49.97845],[37.57408,49.978305],[37.573297,49.977985],[37.57421,49.978914],[37.574784,49.979055],[37.576330081967214,49.979433],[37.576328,49.979433],[37.57676846242925,49.97954017919112],[37.57678,49.979543],[37.57678005479451,49.979543],[37.577228,49.979652],[37.57865,49.980110824858755],[37.57865,49.980111],[37.579539,49.980398],[37.57899,49.979766],[37.57865,49.979672],[37.57865,49.97967238414634],[37.578329,49.979583],[37.5781914,49.979543],[37.578192,49.979543],[37.576696,49.979107]]]}},{"type":"Feature","properties":{"cadnum":"6321885000:04:000:0038"},"geometry":{"type":"Polygon","coordinates":[[[37.668789,49.918562],[37.66846241591929,49.919343],[37.668462,49.919343],[37.66844834953994,49.91937663863369],[37.668416,49.919454],[37.66841695652173,49.919454],[37.668406,49.919481],[37.672205,49.920094],[37.672205,49.920093708096736],[37.676788,49.920832],[37.677152,49.919764],[37.676061,49.919554],[37.674265,49.919343],[37.67426185465113,49.919343],[37.673743,49.919282],[37.672033,49.919033],[37.672033,49.919033724584104],[37.671123,49.9189],[37.668789,49.918562]]]}},{"type":"Feature","properties":{"cadnum":"6321885000:03:000:0132"},"geometry":{"type":"Polygon","coordinates":[[[37.619677,49.922411],[37.61931645625,49.92288],[37.619316,49.92288],[37.619308,49.922891],[37.619686,49.922991],[37.61968883700441,49.922991],[37.622766,49.923799],[37.622766,49.92379881959153],[37.625239,49.924447],[37.6258,49.923474],[37.623599,49.92288],[37.62359741623035,49.92288],[37.622595,49.922609],[37.622595,49.92260979911537],[37.620053,49.921923],[37.619677,49.922411]]]}},{"type":"Feature","properties":{"cadnum":"6321885000:04:000:0130"},"geometry":{"type":"Polygon","coordinates":[[[37.622766,49.925995825242715],[37.62414,49.926356],[37.624416,49.925876],[37.624683,49.925413],[37.622595,49.924866],[37.622595,49.924866097122305],[37.618596,49.923816],[37.618322,49.924172],[37.617901,49.924718],[37.622766,49.925996],[37.622766,49.925995825242715]]]}},{"type":"Feature","properties":{"cadnum":"6321885000:04:000:0131"},"geometry":{"type":"Polygon","coordinates":[[[37.61923,49.922991],[37.61923074999999,49.922991],[37.618999,49.923291],[37.618596,49.923816],[37.622766,49.924911],[37.622766,49.924910797413794],[37.624683,49.925413],[37.624962,49.924928],[37.625239,49.924447],[37.622595,49.923754],[37.622595,49.9237540989011],[37.619308,49.922891],[37.61923,49.922991]]]}},{"type":"Feature","properties":{"cadnum":"6321885000:01:001:0011"},"geometry":{"type":"Polygon","coordinates":[[[37.567835,49.980263],[37.564852,49.98015],[37.564942,49.980217],[37.56526,49.980602],[37.56558,49.980988],[37.565724,49.981459],[37.565855,49.981889],[37.567663,49.981993096969696],[37.567663,49.981994],[37.56867,49.982051],[37.569271,49.98207],[37.569297,49.980714],[37.569305,49.980318],[37.567835,49.980263389768574],[37.567835,49.980263]]]}},{"type":"Feature","properties":{"cadnum":"6321885000:01:001:0009"},"geometry":{"type":"Polygon","coordinates":[[[37.573328,49.982196413669065],[37.574268,49.982226],[37.57428,49.981596],[37.574294,49.980902],[37.573328,49.98086634797891],[37.573328,49.980866],[37.569297,49.980714],[37.569271,49.98207],[37.572743,49.982178],[37.573328,49.982197],[37.573328,49.982196413669065]]]}},{"type":"Feature","properties":{"cadnum":"6321885000:02:000:0099"},"geometry":{"type":"Polygon","coordinates":[[[37.584143,49.90861951824818],[37.584143,49.90862],[37.584575,49.90822],[37.584416,49.908162],[37.584143,49.908061],[37.584143,49.90806149212598],[37.58279,49.907559],[37.582781,49.907567],[37.580823,49.908837],[37.580818,49.908842],[37.58081881576893,49.908842],[37.579751,49.910118],[37.581731,49.910852],[37.584022,49.908732],[37.584021661417324,49.908732],[37.584143,49.90861951824818]]]}},{"type":"Feature","properties":{"cadnum":"6321885000:01:001:0019"},"geometry":{"type":"Polygon","coordinates":[[[37.551016,49.974589],[37.5510916523575,49.9759],[37.551091,49.9759],[37.551153,49.976964],[37.551184,49.97696369306931],[37.551184,49.976964],[37.55125023602506,49.97696303726708],[37.551355,49.976962],[37.551355,49.976961514534885],[37.55256,49.976944],[37.552328,49.978279],[37.553183,49.978322],[37.553237,49.9759],[37.553236532894736,49.9759],[37.553269,49.97449],[37.551184,49.974299],[37.551184,49.97429916666667],[37.551031,49.974285],[37.551016,49.974589]]]}},{"type":"Feature","properties":{"cadnum":"6321885000:02:000:0191"},"geometry":{"type":"Polygon","coordinates":[[[37.57038,49.940058],[37.569307,49.940036],[37.568185,49.939949],[37.568421,49.94007],[37.568847,49.940288],[37.569251,49.940496],[37.569375527131776,49.94056],[37.569374,49.94056],[37.569502,49.940625],[37.57038,49.940058]]]}},{"type":"Feature","properties":{"cadnum":"6321885000:02:000:0188"},"geometry":{"type":"Polygon","coordinates":[[[37.572171,49.940228],[37.57185,49.940046],[37.57105511217949,49.94056],[37.571055,49.94056],[37.57095742026671,49.94062317072909],[37.570885,49.94067],[37.570885083160086,49.94067],[37.570312,49.941041],[37.570458,49.941116],[37.570647,49.941212],[37.571657,49.94056],[37.5716557239819,49.94056],[37.572171,49.940228]]]}},{"type":"Feature","properties":{"cadnum":"6321885000:02:000:0186"},"geometry":{"type":"Polygon","coordinates":[[[37.572723,49.940542],[37.572488,49.940409],[37.572083,49.94067],[37.57208372053463,49.94067],[37.57098,49.941383],[37.571263,49.941528],[37.571311,49.941553],[37.572792,49.940597],[37.572723,49.940542]]]}},{"type":"Feature","properties":{"cadnum":"6321885000:02:000:0185"},"geometry":{"type":"Polygon","coordinates":[[[37.572678,49.94067],[37.57267891108786,49.94067],[37.571311,49.941553],[37.571648,49.941726],[37.573056,49.940817],[37.573037,49.940793],[37.572792,49.940597],[37.572678,49.94067]]]}},{"type":"Feature","properties":{"cadnum":"6321885000:02:000:0273"},"geometry":{"type":"Polygon","coordinates":[[[37.572488,49.940409],[37.572171,49.940228],[37.571485,49.94067],[37.571486601226994,49.94067],[37.570647,49.941212],[37.57086,49.941322],[37.57098,49.941383],[37.572254,49.94056],[37.57225368965518,49.94056],[37.572488,49.940409]]]}},{"type":"Feature","properties":{"cadnum":"6321885000:02:000:0262"},"geometry":{"type":"Polygon","coordinates":[[[37.57132,49.939979],[37.571306,49.939978],[37.57083,49.939988],[37.570433,49.940059],[37.57038,49.940058],[37.56960265255732,49.94056],[37.569601,49.94056],[37.569502,49.940625],[37.56959,49.94067],[37.56959024675324,49.94067],[37.569653,49.940702],[37.569958,49.940859],[37.5703255911811,49.940620584027876],[37.57132,49.939979]]]}},{"type":"Feature","properties":{"cadnum":"6321885000:02:000:0189"},"geometry":{"type":"Polygon","coordinates":[[[37.57185,49.940046],[37.571779,49.940007],[37.57132,49.939979],[37.57041949204052,49.94056],[37.570419,49.94056],[37.5703255911811,49.940620584027876],[37.570249,49.94067],[37.5702494013378,49.94067],[37.569958,49.940859],[37.570056,49.940909],[37.570312,49.941041],[37.57095742026671,49.94062317072909],[37.57185,49.940046]]]}},{"type":"Feature","properties":{"cadnum":"6321885000:02:000:0166"},"geometry":{"type":"Polygon","coordinates":[[[37.569201,49.940528],[37.56898,49.94067],[37.56898161773701,49.94067],[37.568139,49.941214],[37.568363,49.941329],[37.568542,49.94142],[37.569604,49.940734],[37.56947857471264,49.94067],[37.569479,49.94067],[37.569201,49.940528]]]}},{"type":"Feature","properties":{"cadnum":"6321885000:02:000:0256"},"geometry":{"type":"Polygon","coordinates":[[[37.587917,49.943869],[37.587404,49.943619],[37.587284,49.94356],[37.58656431733747,49.944095],[37.586562,49.944095],[37.586197,49.944367],[37.587465,49.945002],[37.587789,49.944194],[37.587917,49.943869]],[[37.587622,49.944035],[37.587628,49.944028],[37.587636,49.944021],[37.587734,49.944061],[37.587721,49.944075],[37.587622,49.944035]],[[37.587183,49.94381],[37.5872,49.943796],[37.587223,49.943808],[37.587206,49.943822],[37.587183,49.94381]]]}},{"type":"Feature","properties":{"cadnum":"6321885000:04:000:0245"},"geometry":{"type":"Polygon","coordinates":[[[37.688684,49.91416882080925],[37.688686,49.91417],[37.68891,49.914012],[37.688513,49.91373],[37.688513,49.91373073821989],[37.686965,49.912633],[37.686566,49.912914],[37.688684,49.91417],[37.688684,49.91416882080925]]]}},{"type":"Feature","properties":{"cadnum":"6321885000:04:000:0239"},"geometry":{"type":"Polygon","coordinates":[[[37.687027,49.915334],[37.687224,49.915195],[37.684723,49.914205],[37.684526,49.914344],[37.687027,49.915334]]]}},{"type":"Feature","properties":{"cadnum":"6321885000:04:000:0237"},"geometry":{"type":"Polygon","coordinates":[[[37.68451,49.912229],[37.683803,49.912172],[37.683781,49.912277],[37.68404,49.91238],[37.68404114668093,49.91238],[37.68614,49.913211],[37.686205,49.913166],[37.686448,49.912996],[37.684612,49.912269],[37.68461066225166,49.912269],[37.68451,49.912229]]]}},{"type":"Feature","properties":{"cadnum":"6321885000:04:000:0234"},"geometry":{"type":"Polygon","coordinates":[[[37.685062,49.913968],[37.685106,49.913937],[37.685473,49.91368],[37.685478,49.913676],[37.683642,49.912949],[37.683555,49.913371],[37.685062,49.913968]]]}},{"type":"Feature","properties":{"cadnum":"6321885000:04:000:0244"},"geometry":{"type":"Polygon","coordinates":[[[37.688513,49.91429128865979],[37.688513,49.914292],[37.68860650130531,49.91422606266331],[37.688684,49.914172],[37.688684,49.91417141040462],[37.688686,49.91417],[37.688513,49.914068],[37.688513,49.91406859490085],[37.686566,49.912914],[37.686448,49.912996],[37.686205,49.913166],[37.688393,49.914375],[37.688513,49.91429128865979]]]}},{"type":"Feature","properties":{"cadnum":"6321885000:04:000:0241"},"geometry":{"type":"Polygon","coordinates":[[[37.687536,49.914976],[37.687833,49.914768],[37.685473,49.91368],[37.685106,49.913937],[37.687536,49.914976]]]}},{"type":"Feature","properties":{"cadnum":"6321885000:04:000:0243"},"geometry":{"type":"Polygon","coordinates":[[[37.688102,49.914579],[37.688393,49.914375],[37.686205,49.913166],[37.68614,49.913211],[37.685845,49.913419],[37.688102,49.914579]]]}},{"type":"Feature","properties":{"cadnum":"6321885000:04:000:0242"},"geometry":{"type":"Polygon","coordinates":[[[37.687833,49.914768],[37.688102,49.914579],[37.685845,49.913419],[37.685831,49.913429],[37.685478,49.913676],[37.685473,49.91368],[37.687833,49.914768]]]}},{"type":"Feature","properties":{"cadnum":"6321885000:04:000:0240"},"geometry":{"type":"Polygon","coordinates":[[[37.687224,49.915195],[37.687536,49.914976],[37.685106,49.913937],[37.685062,49.913968],[37.684723,49.914205],[37.687224,49.915195]]]}},{"type":"Feature","properties":{"cadnum":"6321885000:04:000:0233"},"geometry":{"type":"Polygon","coordinates":[[[37.684526,49.914344],[37.684723,49.914205],[37.685062,49.913968],[37.683555,49.913371],[37.683443,49.913915],[37.684526,49.914344]]]}},{"type":"Feature","properties":{"cadnum":"6321885000:04:000:0238"},"geometry":{"type":"Polygon","coordinates":[[[37.68635675148249,49.9123775665817],[37.685014,49.912269],[37.68500721854305,49.912269],[37.68451,49.912229],[37.68489,49.91238],[37.68489232462173,49.91238],[37.686448,49.912996],[37.686566,49.912914],[37.686965,49.912633],[37.686941,49.912616],[37.68656,49.912394],[37.68638684799999,49.91238],[37.686387,49.91238],[37.68635675148249,49.9123775665817]]]}},{"type":"Feature","properties":{"cadnum":"6321885000:04:000:0236"},"geometry":{"type":"Polygon","coordinates":[[[37.683759,49.91238],[37.68375907301587,49.91238],[37.683716,49.912592],[37.685831,49.913429],[37.68614,49.913211],[37.68378,49.912277],[37.683759,49.91238]]]}},{"type":"Feature","properties":{"cadnum":"6321885000:04:000:0235"},"geometry":{"type":"Polygon","coordinates":[[[37.685478,49.913676],[37.685831,49.913429],[37.683716,49.912592],[37.683642,49.912949],[37.685478,49.913676]]]}},{"type":"Feature","properties":{"cadnum":"6321885000:04:000:0229"},"geometry":{"type":"Polygon","coordinates":[[[37.688011,49.912134],[37.687701,49.912132],[37.687204,49.912128],[37.686708,49.912125],[37.686232,49.912122],[37.68622,49.912198],[37.68652,49.912214],[37.686659,49.912264],[37.686666241379314,49.912269],[37.686666,49.912269],[37.686688262295014,49.91228420491799],[37.686827,49.91238],[37.686828520754716,49.91238],[37.687054,49.912534],[37.687842,49.913079],[37.68796626666667,49.91238],[37.687967,49.91238],[37.688011,49.912134]]]}},{"type":"Feature","properties":{"cadnum":"6321885000:04:000:0084"},"geometry":{"type":"Polygon","coordinates":[[[37.642593,49.897891],[37.64207875000686,49.89812970833015],[37.639074,49.899523],[37.639074,49.899523335793354],[37.638704,49.899694],[37.638987,49.89997],[37.63924286440984,49.90021796126205],[37.639935,49.90089],[37.643827,49.899085],[37.643111,49.898425],[37.64289937298031,49.898207710718914],[37.642593,49.897891]]]}},{"type":"Feature","properties":{"cadnum":"6321885000:04:000:0081"},"geometry":{"type":"Polygon","coordinates":[[[37.638987,49.89997],[37.638704,49.899694],[37.637918,49.898932],[37.633581,49.900943],[37.633581,49.900943603305784],[37.633269,49.901088],[37.633581,49.9012459338843],[37.633581,49.901246],[37.63461,49.901767],[37.634611063953486,49.901767],[37.634732,49.901828],[37.63485,49.901887],[37.63510922077923,49.901767],[37.63511,49.901767],[37.638987,49.89997]]]}},{"type":"Feature","properties":{"cadnum":"6321885000:04:000:0082"},"geometry":{"type":"Polygon","coordinates":[[[37.637918,49.898932],[37.637513,49.898539],[37.633753,49.9002822553408],[37.633753,49.900282],[37.632668,49.900784],[37.633269,49.901088],[37.633753,49.900864],[37.633753,49.90086324625317],[37.637918,49.898932]]]}},{"type":"Feature","properties":{"cadnum":"6321885000:04:000:0083"},"geometry":{"type":"Polygon","coordinates":[[[37.64228,49.897567],[37.641451,49.896714],[37.639074,49.897816],[37.639074,49.89781652165725],[37.638184,49.898228],[37.63818523277909,49.898228],[37.637513,49.898539],[37.637918,49.898932],[37.638704,49.899694],[37.639246,49.899444],[37.639246,49.89944324422442],[37.6418667758007,49.898228],[37.641867,49.898228],[37.64207875000691,49.89812970833013],[37.642104,49.898118],[37.64210397329378,49.898118],[37.642593,49.897891],[37.64228,49.897567]]]}},{"type":"Feature","properties":{"cadnum":"6321885000:03:000:0274"},"geometry":{"type":"Polygon","coordinates":[[[37.578975,49.957251],[37.57865,49.956974],[37.57865,49.95697436947219],[37.57812,49.956523],[37.57807,49.956553],[37.575419,49.958032],[37.574830817307685,49.958233],[37.57483,49.958233],[37.574307,49.958412],[37.575405,49.959372],[37.57723855277808,49.95828258079592],[37.578821,49.957344],[37.578821,49.95734292615385],[37.578975,49.957251]]]}},{"type":"Feature","properties":{"cadnum":"6321885000:04:000:0280"},"geometry":{"type":"Polygon","coordinates":[[[37.663749,49.899632],[37.664506,49.89835],[37.66411,49.89828],[37.663372,49.899527],[37.663749,49.899632]]]}},{"type":"Feature","properties":{"cadnum":"6321885000:04:000:0097"},"geometry":{"type":"Polygon","coordinates":[[[37.66415,49.899743],[37.664655,49.899618],[37.665263,49.898588],[37.664884,49.898433],[37.664115,49.899733],[37.66415,49.899743]]]}},{"type":"Feature","properties":{"cadnum":"6321885000:04:000:0098"},"geometry":{"type":"Polygon","coordinates":[[[37.665096,49.899804],[37.665709,49.898766],[37.665666,49.898754],[37.665263,49.898588],[37.664655,49.899618],[37.664758,49.899592],[37.665096,49.899804]]]}},{"type":"Feature","properties":{"cadnum":"6321885000:04:000:0099"},"geometry":{"type":"Polygon","coordinates":[[[37.665501,49.899989],[37.666151,49.898888],[37.665709,49.898766],[37.665096,49.899804],[37.665208,49.899874],[37.665501,49.899989]]]}},{"type":"Feature","properties":{"cadnum":"6321885000:04:000:0100"},"geometry":{"type":"Polygon","coordinates":[[[37.665902,49.900145],[37.666575,49.899005],[37.666151,49.898888],[37.665501,49.899989],[37.665902,49.900145]]]}},{"type":"Feature","properties":{"cadnum":"6321885000:04:000:0096"},"geometry":{"type":"Polygon","coordinates":[[[37.664115,49.899733],[37.664884,49.898433],[37.66482,49.898406],[37.664506,49.89835],[37.663749,49.899632],[37.664115,49.899733]]]}},{"type":"Feature","properties":{"cadnum":"6321885000:03:000:0183"},"geometry":{"type":"Polygon","coordinates":[[[37.62444,49.952926],[37.624589,49.952915],[37.624444,49.952674],[37.62444,49.952926]]]}},{"type":"Feature","properties":{"cadnum":"6321885000:03:000:0182"},"geometry":{"type":"Polygon","coordinates":[[[37.623425,49.953],[37.62444,49.952926],[37.624444,49.952674],[37.624293,49.952422],[37.623437,49.952363],[37.623432,49.95263],[37.623425,49.953]]]}},{"type":"Feature","properties":{"cadnum":"6321885000:03:000:0180"},"geometry":{"type":"Polygon","coordinates":[[[37.623425,49.953],[37.623432,49.95263],[37.622766,49.95267853763441],[37.622766,49.952678],[37.621934,49.952739],[37.621932,49.952747],[37.621927,49.953109],[37.622766,49.953048],[37.622766,49.95304763855422],[37.623425,49.953]]]}},{"type":"Feature","properties":{"cadnum":"6321885000:03:000:0181"},"geometry":{"type":"Polygon","coordinates":[[[37.623432,49.95263],[37.623437,49.952363],[37.623349,49.952357],[37.622595,49.952309],[37.622595,49.95230900121359],[37.621942,49.952267],[37.621934,49.952739],[37.622595,49.95269053725961],[37.622595,49.952691],[37.623432,49.95263]]]}},{"type":"Feature","properties":{"cadnum":"6321885000:03:000:0087"},"geometry":{"type":"Polygon","coordinates":[[[37.606562,49.929345],[37.606414,49.929176],[37.606115,49.928984],[37.606115,49.928984155555554],[37.606107,49.928979],[37.604017,49.930063],[37.604017878140034,49.930063],[37.600622,49.931824],[37.600622,49.93182497090909],[37.599694,49.932305],[37.600189,49.932695],[37.600496,49.932937],[37.600794,49.932784],[37.600794,49.93278275933168],[37.60610898047586,49.930025129042114],[37.606287,49.929934],[37.606287,49.9299328361204],[37.606713,49.929712],[37.606562,49.929345]]]}},{"type":"Feature","properties":{"cadnum":"6321885000:03:000:0089"},"geometry":{"type":"Polygon","coordinates":[[[37.605265,49.928367],[37.605131,49.92823],[37.605399,49.927187],[37.602148,49.929172],[37.602262,49.929264],[37.60072,49.930063],[37.6007218271605,49.930063],[37.600622,49.930115],[37.600622,49.93011525135022],[37.598387,49.931275],[37.598891,49.931673],[37.600794,49.930686],[37.600794,49.93068574242424],[37.602206,49.929953],[37.60220521698113,49.929953],[37.605265,49.928367]]]}},{"type":"Feature","properties":{"cadnum":"6321885000:03:000:0088"},"geometry":{"type":"Polygon","coordinates":[[[37.606107,49.928979],[37.60545,49.928557],[37.605265,49.928367],[37.601993,49.930063],[37.60199402919709,49.930063],[37.600622,49.930775],[37.600622,49.93077520861797],[37.598891,49.931673],[37.599297,49.931993],[37.599694,49.932305],[37.600794,49.931736],[37.600794,49.93173480598669],[37.60423,49.929953],[37.604229084870845,49.929953],[37.606107,49.928979]]]}},{"type":"Feature","properties":{"cadnum":"6321885000:02:000:0100"},"geometry":{"type":"Polygon","coordinates":[[[37.585232,49.904256],[37.584314,49.90505514049586],[37.584314,49.905055],[37.584154428,49.905194],[37.584153,49.905194],[37.583342,49.905901],[37.583423,49.906972],[37.58279,49.907559],[37.584314,49.908125],[37.584314,49.90812426373626],[37.584416,49.908162],[37.587622,49.905194],[37.587662,49.905157],[37.585232,49.904256]]]}},{"type":"Feature","properties":{"cadnum":"6321885000:01:001:0018"},"geometry":{"type":"Polygon","coordinates":[[[37.556025,49.978518],[37.556032,49.978464],[37.555879,49.978456],[37.554154,49.97837],[37.553183,49.978322],[37.552328,49.978279],[37.552224,49.978875],[37.556677,49.9790617852973],[37.556677,49.979062],[37.55775,49.979107],[37.557837,49.978609],[37.55689,49.978561],[37.556677,49.978551],[37.556677,49.97855123300971],[37.556025,49.978518]]]}},{"type":"Feature","properties":{"cadnum":"6321885000:01:001:0031"},"geometry":{"type":"Polygon","coordinates":[[[37.556152,49.974837],[37.556112,49.97601],[37.55611237554585,49.97601],[37.556033,49.978419],[37.556677,49.978451357843134],[37.556677,49.978452],[37.55678770422537,49.978456920187796],[37.556849,49.97846],[37.556849,49.97845964444444],[37.556902,49.978462],[37.558238,49.97853],[37.558325,49.9759],[37.558324831347385,49.9759],[37.558359,49.974919],[37.557062,49.97487],[37.556849,49.97486225454546],[37.556849,49.974862],[37.556152,49.974837]]]}},{"type":"Feature","properties":{"cadnum":"6321885000:01:001:0032"},"geometry":{"type":"Polygon","coordinates":[[[37.560785,49.975884],[37.561567,49.975529],[37.561966,49.975258],[37.562073,49.97506],[37.558359,49.974919],[37.558321,49.97601],[37.558321361216734,49.97601],[37.558238,49.97853],[37.560732,49.978655],[37.560551,49.977591],[37.560523,49.977422],[37.560402,49.977375],[37.560372,49.977033],[37.560181,49.976705],[37.560111,49.976299],[37.560262,49.976033],[37.56073,49.9759],[37.56072836507936,49.9759],[37.560785,49.975884]]]}},{"type":"Feature","properties":{"cadnum":"6321885000:03:000:0275"},"geometry":{"type":"Polygon","coordinates":[[[37.62826,49.924102],[37.627604,49.923961],[37.6258,49.923474],[37.625239,49.924447],[37.624962,49.924928],[37.628088,49.92568817343845],[37.628088,49.925689],[37.628956,49.925899],[37.628925,49.925379],[37.629035,49.925175],[37.629245,49.924786],[37.629232,49.924782],[37.629251,49.924749],[37.629263,49.924751],[37.629476,49.924357],[37.629397,49.924345],[37.629105,49.924282],[37.62826,49.92410253097346],[37.62826,49.924102]]]}},{"type":"Feature","properties":{"cadnum":"6321885000:04:000:0172"},"geometry":{"type":"Polygon","coordinates":[[[37.688367,49.905042],[37.687771,49.905041],[37.68774781818182,49.905194],[37.687747,49.905194],[37.687577,49.90632],[37.688113,49.906324],[37.688171,49.906325],[37.68832521750663,49.905305],[37.688326,49.905305],[37.688367,49.905042]]]}},{"type":"Feature","properties":{"cadnum":"6321885000:04:000:0193"},"geometry":{"type":"Polygon","coordinates":[[[37.686254,49.907622],[37.685692,49.907618],[37.685505,49.908842],[37.68550563636364,49.908842],[37.685486,49.908974],[37.685919,49.908977],[37.686048,49.908978],[37.68606790243903,49.908842],[37.686068,49.908842],[37.686254,49.907622]]]}},{"type":"Feature","properties":{"cadnum":"6321885000:04:000:0167"},"geometry":{"type":"Polygon","coordinates":[[[37.685356,49.905039],[37.684752,49.905038],[37.68473271910113,49.905194],[37.684732,49.905194],[37.684594,49.9063],[37.68512,49.906303],[37.685198,49.906304],[37.68532931395351,49.9052477790696],[37.685356,49.905039]]]}},{"type":"Feature","properties":{"cadnum":"6321885000:04:000:0170"},"geometry":{"type":"Polygon","coordinates":[[[37.687174,49.905041],[37.686575,49.90504],[37.68655175471698,49.905194],[37.686551,49.905194],[37.686382,49.906312],[37.686909,49.906315],[37.68698,49.906316],[37.68713318181818,49.905305],[37.687134,49.905305],[37.687174,49.905041]]]}},{"type":"Feature","properties":{"cadnum":"6321885000:04:000:0182"},"geometry":{"type":"Polygon","coordinates":[[[37.686716,49.90758],[37.686909,49.906315],[37.686382,49.906312],[37.686307,49.906312],[37.686114,49.907576],[37.686261,49.907577],[37.686716,49.90758]]]}},{"type":"Feature","properties":{"cadnum":"6321885000:04:000:0197"},"geometry":{"type":"Polygon","coordinates":[[[37.688502,49.907638],[37.68794,49.907634],[37.687755,49.908842],[37.687756307392995,49.908842],[37.687734,49.908989],[37.687892,49.908991],[37.688296,49.908993],[37.68831798467433,49.908842],[37.688318,49.908842],[37.688502,49.907638]]]}},{"type":"Feature","properties":{"cadnum":"6321885000:04:000:0190"},"geometry":{"type":"Polygon","coordinates":[[[37.684587,49.907611],[37.684042,49.907606],[37.683819,49.908842],[37.6838197860262,49.908842],[37.683799,49.908961],[37.683988,49.908963],[37.684343,49.908966],[37.684385,49.908732],[37.684384837530466,49.908732],[37.684587,49.907611]]]}},{"type":"Feature","properties":{"cadnum":"6321885000:04:000:0166"},"geometry":{"type":"Polygon","coordinates":[[[37.684752,49.905038],[37.684131,49.905038],[37.684103,49.905305],[37.68410380926431,49.905305],[37.684004,49.906295],[37.684518,49.906299],[37.684594,49.9063],[37.68471815009041,49.905305],[37.684719,49.905305],[37.684752,49.905038]]]}},{"type":"Feature","properties":{"cadnum":"6321885000:04:000:0179"},"geometry":{"type":"Polygon","coordinates":[[[37.684892,49.907567],[37.68512,49.906303],[37.684594,49.9063],[37.684518,49.906299],[37.68429,49.907564],[37.684595,49.907566],[37.684892,49.907567]]]}},{"type":"Feature","properties":{"cadnum":"6321885000:04:000:0169"},"geometry":{"type":"Polygon","coordinates":[[[37.686575,49.90504],[37.685975,49.905039],[37.68595110902256,49.905194],[37.685951,49.905194],[37.68593906295403,49.90527215254217],[37.685934,49.905305],[37.68593404582211,49.905305],[37.685781,49.906307],[37.686307,49.906312],[37.686382,49.906312],[37.686534220930234,49.905305],[37.686535,49.905305],[37.686575,49.90504]]]}},{"type":"Feature","properties":{"cadnum":"6321885000:04:000:0171"},"geometry":{"type":"Polygon","coordinates":[[[37.687771,49.905041],[37.687174,49.905041],[37.68715081818182,49.905194],[37.68715,49.905194],[37.68698,49.906316],[37.687511,49.906319],[37.687577,49.90632],[37.68773024156306,49.905305],[37.687731,49.905305],[37.687771,49.905041]]]}},{"type":"Feature","properties":{"cadnum":"6321885000:04:000:0180"},"geometry":{"type":"Polygon","coordinates":[[[37.685511,49.907572],[37.685705,49.906307],[37.685198,49.906304],[37.68512,49.906303],[37.684892,49.907567],[37.685137,49.907569],[37.685511,49.907572]]]}},{"type":"Feature","properties":{"cadnum":"6321885000:04:000:0184"},"geometry":{"type":"Polygon","coordinates":[[[37.68792,49.907589],[37.688113,49.906324],[37.687577,49.90632],[37.687511,49.906319],[37.687318,49.907585],[37.687385,49.907586],[37.68792,49.907589]]]}},{"type":"Feature","properties":{"cadnum":"6321885000:04:000:0168"},"geometry":{"type":"Polygon","coordinates":[[[37.685975,49.905039],[37.685356,49.905039],[37.685336187969924,49.905194],[37.685336,49.905194],[37.68532931395351,49.9052477790696],[37.685322,49.905305],[37.6853222,49.905305],[37.685198,49.906304],[37.685705,49.906307],[37.685781,49.906307],[37.68593906295403,49.90527215254217],[37.685975,49.905039]]]}},{"type":"Feature","properties":{"cadnum":"6321885000:04:000:0178"},"geometry":{"type":"Polygon","coordinates":[[[37.68429,49.907564],[37.684518,49.906299],[37.684004,49.906295],[37.68395,49.906826],[37.683757,49.90756],[37.68405,49.907562],[37.68429,49.907564]]]}},{"type":"Feature","properties":{"cadnum":"6321885000:04:000:0192"},"geometry":{"type":"Polygon","coordinates":[[[37.685692,49.907618],[37.685131,49.907614],[37.684943,49.908842],[37.68494336134454,49.908842],[37.684924,49.90897],[37.684943,49.90897],[37.685431,49.908974],[37.685486,49.908974],[37.685522,49.908732],[37.68552180555555,49.908732],[37.685692,49.907618]]]}},{"type":"Feature","properties":{"cadnum":"6321885000:04:000:0191"},"geometry":{"type":"Polygon","coordinates":[[[37.685131,49.907614],[37.684587,49.907611],[37.684365,49.908842],[37.68436525641025,49.908842],[37.684343,49.908966],[37.684455,49.908967],[37.684924,49.90897],[37.68496,49.908732],[37.684959840390874,49.908732],[37.685131,49.907614]]]}},{"type":"Feature","properties":{"cadnum":"6321885000:04:000:0189"},"geometry":{"type":"Polygon","coordinates":[[[37.684042,49.907606],[37.683745,49.907605],[37.683447078415526,49.908732],[37.683447,49.908732],[37.68344240690198,49.90874967175001],[37.683418,49.908842],[37.68341840969163,49.908842],[37.683388,49.908959],[37.683799,49.908961],[37.683839,49.908732],[37.68383884627832,49.908732],[37.684042,49.907606]]]}},{"type":"Feature","properties":{"cadnum":"6321885000:04:000:0181"},"geometry":{"type":"Polygon","coordinates":[[[37.686114,49.907576],[37.686307,49.906312],[37.685782,49.906307],[37.685705,49.906307],[37.685511,49.907572],[37.685699,49.907573],[37.686114,49.907576]]]}},{"type":"Feature","properties":{"cadnum":"6321885000:04:000:0248"},"geometry":{"type":"Polygon","coordinates":[[[37.682982,49.906872],[37.682877,49.907179],[37.682623,49.907666],[37.682541,49.907842],[37.68302,49.907899882661994],[37.68302,49.907901],[37.683112,49.907911],[37.683374,49.90692],[37.683189,49.906897],[37.682982,49.906872]]]}},{"type":"Feature","properties":{"cadnum":"6321885000:04:000:0246"},"geometry":{"type":"Polygon","coordinates":[[[37.683291,49.906512],[37.683037,49.906712],[37.682982,49.906872],[37.68302,49.90687658937198],[37.68302,49.906877],[37.683189,49.906897],[37.683291,49.906512]]]}},{"type":"Feature","properties":{"cadnum":"6321885000:04:000:0186"},"geometry":{"type":"Polygon","coordinates":[[[37.689317,49.906332],[37.688765,49.906329],[37.688715,49.906328],[37.688684,49.9065311865285],[37.688684,49.90653],[37.688522,49.907593],[37.688684,49.907595],[37.688684,49.90759434551495],[37.689124,49.907598],[37.689317,49.906332]]]}},{"type":"Feature","properties":{"cadnum":"6321885000:04:000:0173"},"geometry":{"type":"Polygon","coordinates":[[[37.68834330418251,49.905194],[37.688342,49.905194],[37.688171,49.906325],[37.688684,49.906328],[37.688684,49.90632784653465],[37.688715,49.906328],[37.688765,49.906329],[37.68892565805576,49.90526884364372],[37.688961,49.905043],[37.688684,49.905043],[37.688367,49.905042],[37.68834330418251,49.905194]]]}},{"type":"Feature","properties":{"cadnum":"6321885000:04:000:0185"},"geometry":{"type":"Polygon","coordinates":[[[37.688171,49.906325],[37.688113,49.906324],[37.68792,49.907589],[37.687947,49.907589],[37.688509,49.907593],[37.688513,49.907593],[37.688522,49.907593],[37.688715,49.906328],[37.688513,49.906327],[37.688513,49.906327000000005],[37.688171,49.906325]]]}},{"type":"Feature","properties":{"cadnum":"6321885000:04:000:0194"},"geometry":{"type":"Polygon","coordinates":[[[37.686816,49.907626],[37.686254,49.907622],[37.6860847704918,49.908732],[37.686084,49.908732],[37.686048,49.908978],[37.686407,49.90898],[37.68661,49.908981],[37.686647,49.908732],[37.686646825657895,49.908732],[37.686816,49.907626]]]}},{"type":"Feature","properties":{"cadnum":"6321885000:04:000:0196"},"geometry":{"type":"Polygon","coordinates":[[[37.68794,49.907634],[37.687378,49.90763],[37.687209790429044,49.908732],[37.687209,49.908732],[37.687172,49.908986],[37.687384,49.908987],[37.687734,49.908989],[37.687773,49.908732],[37.68777184602649,49.908732],[37.68794,49.907634]]]}},{"type":"Feature","properties":{"cadnum":"6321885000:04:000:0195"},"geometry":{"type":"Polygon","coordinates":[[[37.687378,49.90763],[37.686816,49.907626],[37.68663,49.908842],[37.686630654618476,49.908842],[37.68661,49.908981],[37.686895,49.908984],[37.687172,49.908986],[37.68719297637795,49.908842],[37.687193,49.908842],[37.687378,49.90763]]]}},{"type":"Feature","properties":{"cadnum":"6321885000:04:000:0183"},"geometry":{"type":"Polygon","coordinates":[[[37.687318,49.907585],[37.687511,49.906319],[37.68698,49.906316],[37.686909,49.906315],[37.686716,49.90758],[37.686823,49.907581],[37.687318,49.907585]]]}},{"type":"Feature","properties":{"cadnum":"6321885000:04:000:0249"},"geometry":{"type":"Polygon","coordinates":[[[37.683579,49.907968],[37.68384,49.906977],[37.683374,49.90692],[37.683112,49.907911],[37.683579,49.907968]]]}},{"type":"Feature","properties":{"cadnum":"6321885000:04:000:0395"},"geometry":{"type":"Polygon","coordinates":[[[37.680223,49.903889],[37.679607,49.903882],[37.679116,49.903935],[37.680065,49.904499],[37.681015,49.905065],[37.681416,49.905305],[37.68141761238531,49.905305],[37.681964,49.90563],[37.682914,49.906196],[37.683017,49.906128],[37.68302,49.90612603448276],[37.68302,49.906127],[37.683469,49.905831],[37.683472,49.905824],[37.68302,49.905555],[37.68302,49.90555523521851],[37.68259951835852,49.905305],[37.6826,49.905305],[37.680223,49.903889]]]}},{"type":"Feature","properties":{"cadnum":"6321885000:04:000:0247"},"geometry":{"type":"Polygon","coordinates":[[[37.68384,49.906977],[37.683882,49.90682],[37.683966,49.905978],[37.683291,49.906512],[37.683189,49.906897],[37.683374,49.90692],[37.68384,49.906977]]]}},{"type":"Feature","properties":{"cadnum":"6321885000:04:000:0374"},"geometry":{"type":"Polygon","coordinates":[[[37.683044,49.904368],[37.682279,49.903914],[37.680223,49.903889],[37.682413667372884,49.905194],[37.682413,49.905194],[37.683191,49.905657],[37.683191,49.905656767699114],[37.683472,49.905824],[37.683517,49.905722],[37.683474,49.905534],[37.68341714107887,49.905261717842485],[37.683391,49.905134],[37.683147,49.90467],[37.683045,49.904373],[37.683044,49.904368]]]}},{"type":"Feature","properties":{"cadnum":"6321885000:02:000:0007"},"geometry":{"type":"Polygon","coordinates":[[[37.58325,49.946489],[37.583082,49.946405],[37.581336,49.947533],[37.58152953140096,49.94763],[37.581528,49.94763],[37.584314,49.949025],[37.584314,49.94902461648502],[37.585611,49.949674],[37.586274,49.948004],[37.585746705882364,49.94774],[37.585748,49.94774],[37.584143,49.946937],[37.584143,49.94693733069307],[37.583304,49.946517],[37.58325,49.946489]]]}},{"type":"Feature","properties":{"cadnum":"6321885000:02:000:0006"},"geometry":{"type":"Polygon","coordinates":[[[37.581336,49.947533],[37.581014,49.94774],[37.58101555913978,49.94774],[37.579745,49.94856],[37.581306,49.949219],[37.581782,49.949389],[37.581894,49.949501],[37.582194,49.949666],[37.58408,49.950235],[37.584143,49.950254384615384],[37.584143,49.950255],[37.584240142856856,49.950284274725185],[37.584314,49.950307],[37.584314,49.950306532126696],[37.585248,49.950588],[37.585611,49.949674],[37.584143,49.948939],[37.584143,49.948939377243356],[37.581747684587825,49.94774],[37.581749,49.94774],[37.581336,49.947533]]]}},{"type":"Feature","properties":{"cadnum":"6321885000:02:000:0002"},"geometry":{"type":"Polygon","coordinates":[[[37.58408,49.950235],[37.582194,49.949666],[37.582207,49.949768],[37.582001,49.9502],[37.581774,49.950568],[37.581629,49.950701],[37.58123128571428,49.951165],[37.581231,49.951165],[37.581161000001195,49.9512469999986],[37.581137,49.951275],[37.581137097560976,49.951275],[37.580986,49.951452],[37.580456,49.952084],[37.580196,49.95263],[37.580042,49.953098],[37.58084,49.953884],[37.583254,49.951165],[37.58325373076923,49.951165],[37.58408,49.950235]]]}},{"type":"Feature","properties":{"cadnum":"6321885000:02:000:0012"},"geometry":{"type":"Polygon","coordinates":[[[37.587465,49.945002],[37.586197,49.944367],[37.584314,49.94576779065238],[37.584314,49.945767],[37.583304,49.946517],[37.584314,49.947023],[37.584314,49.947022553271026],[37.58552813698629,49.94763],[37.585527,49.94763],[37.586274,49.948004],[37.586421,49.94763],[37.58642071073777,49.94763],[37.587465,49.945002]]]}},{"type":"Feature","properties":{"cadnum":"6321885000:03:000:0077"},"geometry":{"type":"Polygon","coordinates":[[[37.594216,49.935451],[37.592604,49.934833],[37.592073,49.935497],[37.5917,49.936209],[37.59137923974082,49.937025],[37.591379,49.937025],[37.590422,49.939473],[37.591061,49.939593],[37.593017,49.937025],[37.59301587173396,49.937025],[37.594216,49.935451]]]}},{"type":"Feature","properties":{"cadnum":"6321885000:03:000:0159"},"geometry":{"type":"Polygon","coordinates":[[[37.590204,49.940543],[37.590605,49.939554],[37.590406,49.939516],[37.590352,49.939651],[37.590009,49.940497],[37.590204,49.940543]]]}},{"type":"Feature","properties":{"cadnum":"6321885000:03:000:0078"},"geometry":{"type":"Polygon","coordinates":[[[37.595534,49.935956],[37.595129,49.935801],[37.595129,49.935801053456224],[37.594216,49.935451],[37.592932,49.937135],[37.59293321495328,49.937135],[37.591061,49.939593],[37.592551,49.939874],[37.59472,49.937025],[37.59471901376146,49.937025],[37.595301,49.936263],[37.595301,49.93626206419753],[37.595534,49.935956]]]}},{"type":"Feature","properties":{"cadnum":"6321885000:03:000:0079"},"geometry":{"type":"Polygon","coordinates":[[[37.595534,49.935956],[37.595129,49.936488],[37.595129,49.93648820120119],[37.594635,49.937135],[37.594636254826256,49.937135],[37.592551,49.939874],[37.594009,49.940148],[37.593713,49.939604],[37.593761,49.939383],[37.594145,49.939169],[37.595129,49.93873232871972],[37.595129,49.938733],[37.595651,49.9385],[37.597031,49.937025],[37.59702982105264,49.937025],[37.597371,49.93666],[37.595534,49.935956]]]}},{"type":"Feature","properties":{"cadnum":"6321885000:02:000:0116"},"geometry":{"type":"Polygon","coordinates":[[[37.623814,49.906781],[37.622766,49.906546296144384],[37.622766,49.906546],[37.622207,49.90642],[37.620163,49.908842],[37.62016437339056,49.908842],[37.619276,49.909897],[37.619293,49.909901],[37.620854,49.910292],[37.62217,49.908732],[37.622168787286064,49.908732],[37.622595,49.90822672173913],[37.622595,49.908228],[37.623814,49.906781]]]}},{"type":"Feature","properties":{"cadnum":"6321885000:04:000:0070"},"geometry":{"type":"Polygon","coordinates":[[[37.626267,49.906817],[37.626491,49.906551],[37.62628,49.90649],[37.625457,49.9063],[37.625278,49.906512],[37.626267,49.906817]]]}},{"type":"Feature","properties":{"cadnum":"6321885000:02:000:0120"},"geometry":{"type":"Polygon","coordinates":[[[37.624518,49.902185],[37.622766,49.90432511856474],[37.622766,49.904324],[37.62205385932722,49.905194],[37.622053,49.905194],[37.621263,49.90616],[37.622241,49.90638],[37.622595,49.906459762025314],[37.622595,49.90646],[37.622636,49.906469],[37.622766,49.906315],[37.622766,49.90631481395349],[37.623617411764705,49.905305],[37.623618,49.905305],[37.625999,49.902482],[37.624518,49.902185]]]}},{"type":"Feature","properties":{"cadnum":"6321885000:02:000:0119"},"geometry":{"type":"Polygon","coordinates":[[[37.626434,49.903738],[37.626569,49.903787],[37.626716,49.90384],[37.626731,49.903824],[37.626794,49.903846],[37.626779,49.903863],[37.626813,49.903876],[37.627189,49.903381],[37.62722,49.90334],[37.627625,49.902932],[37.627729,49.902828],[37.626908,49.902663],[37.625999,49.902482],[37.62371162061636,49.905194],[37.623711,49.905194],[37.622636,49.906469],[37.623847,49.906742],[37.624373,49.906119],[37.625174,49.905194],[37.6251731244416,49.905194],[37.626434,49.903738]],[[37.627541,49.902921],[37.627556,49.902905],[37.62758,49.902914],[37.627565,49.902929],[37.627541,49.902921]],[[37.62713,49.903379],[37.627144,49.903364],[37.627168,49.903373],[37.627155,49.903389],[37.62713,49.903379]]]}},{"type":"Feature","properties":{"cadnum":"6321885000:02:000:0112"},"geometry":{"type":"Polygon","coordinates":[[[37.617273,49.90298],[37.615691,49.902707],[37.615051,49.903647],[37.61522,49.903709],[37.616133,49.90395],[37.616585,49.904018],[37.616837,49.904084],[37.617023,49.904181],[37.616981,49.904349],[37.616825,49.904609],[37.6165,49.904937],[37.616312138586956,49.905194],[37.616312,49.905194],[37.616293076923554,49.90522007692242],[37.616231,49.905305],[37.61623145132744,49.905305],[37.61623,49.905307],[37.61614,49.905521],[37.613825,49.907627],[37.615035,49.907974],[37.61711451582734,49.905305],[37.617115,49.905305],[37.617116,49.905305],[37.6184,49.903657],[37.618322,49.903554],[37.618053,49.903199],[37.61801,49.903107],[37.617273,49.90298037885463],[37.617273,49.90298]]]}},{"type":"Feature","properties":{"cadnum":"6321885000:02:000:0121"},"geometry":{"type":"Polygon","coordinates":[[[37.624518,49.902185],[37.624279,49.902137],[37.623011,49.901884],[37.622766,49.902196139423076],[37.622766,49.902195],[37.620324,49.905305],[37.62032478571429,49.905305],[37.619895,49.905852],[37.620618,49.906014],[37.621263,49.90616],[37.62196222360249,49.905305],[37.621963,49.905305],[37.622595,49.90453290535493],[37.622595,49.904534],[37.624518,49.902185]]]}},{"type":"Feature","properties":{"cadnum":"6321885000:02:000:0111"},"geometry":{"type":"Polygon","coordinates":[[[37.618833,49.90462],[37.618708,49.90426],[37.618585,49.903901],[37.6184,49.903657],[37.617273,49.90510349221184],[37.617273,49.905103],[37.617201821782174,49.905194],[37.617201,49.905194],[37.615035,49.907974],[37.61645,49.90838],[37.617001,49.907597],[37.617102,49.90748411764706],[37.617102,49.907485],[37.6172113750003,49.907361874999665],[37.617273,49.907293],[37.617273,49.907292502857146],[37.617277,49.907288],[37.617552,49.906979],[37.617851,49.906674],[37.618146,49.906371],[37.61839,49.906063],[37.618632,49.905758],[37.618736,49.905486],[37.618841,49.905215],[37.618833,49.90462]]]}},{"type":"Feature","properties":{"cadnum":"6321885000:02:000:0118"},"geometry":{"type":"Polygon","coordinates":[[[37.618893,49.905674],[37.618842,49.905808],[37.618341,49.906443],[37.617744,49.907054],[37.617273,49.907580411764705],[37.617273,49.90758],[37.6172,49.907662],[37.616369,49.908842],[37.61636988659794,49.908842],[37.616175,49.90912],[37.617273,49.909395],[37.617273,49.9093948238342],[37.617681,49.909497],[37.618326,49.908732],[37.61832483715925,49.908732],[37.620585,49.906054],[37.618893,49.905674]]]}},{"type":"Feature","properties":{"cadnum":"6321885000:02:000:0117"},"geometry":{"type":"Polygon","coordinates":[[[37.622207,49.90642],[37.620585,49.906054],[37.618232,49.908842],[37.618233254901966,49.908842],[37.617681,49.909497],[37.617804,49.909528],[37.619276,49.909897],[37.620257,49.908732],[37.62025583236994,49.908732],[37.622207,49.90642]]]}},{"type":"Feature","properties":{"cadnum":"6321885000:03:000:0100"},"geometry":{"type":"Polygon","coordinates":[[[37.613117,49.949214],[37.61275,49.94857],[37.612637,49.94837],[37.611609,49.948588],[37.611609,49.948588252603706],[37.606287,49.94971653539277],[37.606287,49.949716],[37.604923,49.950005],[37.605038,49.950174],[37.605555,49.950947],[37.606287,49.950757],[37.606287,49.95075612318138],[37.609208,49.949994],[37.611609,49.949515106920686],[37.611609,49.949516],[37.613117,49.949214]]]}},{"type":"Feature","properties":{"cadnum":"6321885000:03:000:0023"},"geometry":{"type":"Polygon","coordinates":[[[37.58709,49.946745],[37.58673866834171,49.94763],[37.586738,49.94763],[37.586409,49.94846],[37.588857,49.950614],[37.589636,49.95020688853838],[37.589636,49.950207],[37.589749440886926,49.95014760344815],[37.589808,49.950117],[37.589808,49.9501169424626],[37.590505,49.949752],[37.589808,49.94913841542002],[37.589808,49.949138],[37.58821995358091,49.94774],[37.588221,49.94774],[37.58709,49.946745]]]}},{"type":"Feature","properties":{"cadnum":"6321885000:02:000:0017"},"geometry":{"type":"Polygon","coordinates":[[[37.57842111016867,49.933503728813264],[37.57838,49.933489],[37.57837984931508,49.933489],[37.578279,49.933453],[37.577267,49.932963],[37.576776,49.932608],[37.576217,49.933193],[37.576852014778325,49.933489],[37.576851,49.933489],[37.578821,49.934406],[37.578821,49.9344056770715],[37.580412,49.935147],[37.581585,49.935674],[37.582808,49.934394],[37.582147,49.934351],[37.581647,49.934315],[37.580535,49.934133],[37.579788,49.933993],[37.579032,49.933722],[37.57876761578854,49.93362787368388],[37.57868702531645,49.933599],[37.578688,49.933599],[37.57842111016867,49.933503728813264]]]}},{"type":"Feature","properties":{"cadnum":"6321885000:02:000:0019"},"geometry":{"type":"Polygon","coordinates":[[[37.578821,49.93299776616915],[37.58015931626506,49.933489],[37.580158,49.933489],[37.582252,49.934259],[37.582599,49.934281],[37.583043,49.93431],[37.583486,49.934408],[37.583929,49.934507],[37.58395,49.934517],[37.584135,49.934323],[37.58216613669065,49.933599],[37.582167,49.933599],[37.57865,49.932305],[37.57865,49.9323060669145],[37.577476,49.931874],[37.577032,49.932339],[37.578821,49.932998],[37.578821,49.93299776616915]]]}},{"type":"Feature","properties":{"cadnum":"6321885000:02:000:0018"},"geometry":{"type":"Polygon","coordinates":[[[37.578821,49.93353352941176],[37.579107,49.933636],[37.57948,49.933769],[37.579847,49.933901],[37.580208,49.933969],[37.580575,49.934037],[37.581127,49.934128],[37.581675,49.934217],[37.581916,49.934235],[37.582165,49.934254],[37.582252,49.934259],[37.58045714285714,49.933599],[37.580459,49.933599],[37.57865,49.932935],[37.57865,49.932935010061485],[37.577032,49.932339],[37.576859,49.93252],[37.577125,49.932712],[37.577371,49.93289],[37.577866,49.933129],[37.578363,49.933369],[37.578733,49.933502],[37.578821,49.933534],[37.578821,49.93353352941176]]]}},{"type":"Feature","properties":{"cadnum":"6321885000:03:000:0226"},"geometry":{"type":"Polygon","coordinates":[[[37.613841,49.942113],[37.615747,49.941709],[37.615753,49.941417],[37.613848,49.941822],[37.613845,49.941937],[37.613841,49.942113]]]}},{"type":"Feature","properties":{"cadnum":"6321885000:03:000:0225"},"geometry":{"type":"Polygon","coordinates":[[[37.613837,49.942404],[37.615742,49.942],[37.615747,49.941709],[37.613841,49.942113],[37.613841,49.942171],[37.613837,49.942404]]]}},{"type":"Feature","properties":{"cadnum":"6321885000:03:000:0228"},"geometry":{"type":"Polygon","coordinates":[[[37.613852,49.94153],[37.615758,49.941125],[37.615763,49.940834],[37.613858,49.941238],[37.613854,49.94147],[37.613852,49.94153]]]}},{"type":"Feature","properties":{"cadnum":"6321885000:03:000:0227"},"geometry":{"type":"Polygon","coordinates":[[[37.613848,49.941822],[37.615753,49.941417],[37.615758,49.941125],[37.613852,49.94153],[37.613849,49.941704],[37.613848,49.941822]]]}},{"type":"Feature","properties":{"cadnum":"6321885000:03:000:0140"},"geometry":{"type":"Polygon","coordinates":[[[37.625728,49.930808],[37.622644,49.930175],[37.622595,49.930202],[37.622595,49.93020222669404],[37.620209,49.931528],[37.6201,49.931589],[37.620177,49.931587],[37.620039,49.931826],[37.620949,49.932782],[37.621374,49.933227],[37.622595,49.93254895905172],[37.622595,49.93255],[37.625728,49.930808]]]}},{"type":"Feature","properties":{"cadnum":"6321885000:03:000:0126"},"geometry":{"type":"Polygon","coordinates":[[[37.622766,49.93015200568181],[37.622771,49.930153],[37.622618,49.929953],[37.622616,49.929953],[37.622595,49.929953],[37.621794,49.929953],[37.622595,49.930117814814814],[37.622595,49.930118],[37.62262184745804,49.93012333898314],[37.622766,49.930153],[37.622766,49.93015200568181]]]}},{"type":"Feature","properties":{"cadnum":"6321885000:02:000:0334"},"geometry":{"type":"Polygon","coordinates":[[[37.610241,49.901208],[37.609144,49.901259],[37.60921824212598,49.901656],[37.609217,49.901656],[37.609557,49.903451],[37.610693,49.903494],[37.6103500429815,49.901767],[37.610351,49.901767],[37.610241,49.901208]]]}},{"type":"Feature","properties":{"cadnum":"6321885000:02:000:0335"},"geometry":{"type":"Polygon","coordinates":[[[37.609144,49.901259],[37.610241,49.901208],[37.610186,49.900925],[37.608138,49.898575],[37.607388,49.89875],[37.609051,49.90077],[37.609144,49.901259]]]}},{"type":"Feature","properties":{"cadnum":"6321885000:02:000:0089"},"geometry":{"type":"Polygon","coordinates":[[[37.578821,49.9154],[37.578821,49.915398788177335],[37.579462,49.915383],[37.578821,49.9151461773399],[37.578821,49.915146],[37.576317,49.914217],[37.575943,49.914664],[37.575203,49.914344],[37.573685,49.913683],[37.573328,49.914137179584124],[37.573328,49.914137],[37.57221,49.91556],[37.573328,49.915534],[37.573328,49.91553381006178],[37.578821,49.9154]]]}},{"type":"Feature","properties":{"cadnum":"6321885000:02:000:0090"},"geometry":{"type":"Polygon","coordinates":[[[37.573685,49.913683],[37.573328,49.91352845746692],[37.573328,49.913528],[37.572723,49.913265],[37.571487,49.912804],[37.569264,49.915632],[37.57221,49.91556],[37.573156,49.91435592307692],[37.573156,49.914356],[37.573685,49.913683]]]}},{"type":"Feature","properties":{"cadnum":"6321885000:04:000:0314"},"geometry":{"type":"Polygon","coordinates":[[[37.647931,49.908364],[37.648942,49.907751],[37.646496,49.906709],[37.645577,49.90736],[37.647931,49.908364]]]}},{"type":"Feature","properties":{"cadnum":"6321885000:04:000:0311"},"geometry":{"type":"Polygon","coordinates":[[[37.648942,49.907751],[37.649485,49.907422],[37.649988,49.907117],[37.649646,49.906826],[37.649162,49.906595],[37.648041,49.90654],[37.647235,49.906336],[37.647087,49.906289],[37.646496,49.906709],[37.648942,49.907751]]]}},{"type":"Feature","properties":{"cadnum":"6321885000:02:000:0338"},"geometry":{"type":"Polygon","coordinates":[[[37.614702,49.905093],[37.613227,49.904612],[37.612228,49.904453],[37.61178,49.904848890145395],[37.61178,49.904848],[37.611535,49.905064],[37.611609,49.90509450612245],[37.611609,49.905095],[37.61174303879454,49.90514976293163],[37.61178,49.905165],[37.61178,49.90516486381323],[37.612123,49.905305],[37.61212570193548,49.905305],[37.613757,49.905969],[37.61447240645162,49.905305],[37.614473,49.905305],[37.614702,49.905093]]]}},{"type":"Feature","properties":{"cadnum":"6321885000:02:000:0246"},"geometry":{"type":"Polygon","coordinates":[[[37.613227,49.904612],[37.612228,49.904453],[37.61178,49.904848890145395],[37.61178,49.904848],[37.61138705908096,49.905194],[37.611387,49.905194],[37.61137760352482,49.905202325990665],[37.611261,49.905305],[37.611261728571435,49.905305],[37.611229,49.905334],[37.611111,49.905654],[37.611609,49.90617288387097],[37.611609,49.906173],[37.611731,49.9063],[37.61178,49.906331],[37.61178,49.90632984668509],[37.612455,49.906741],[37.612339,49.907573],[37.612451,49.908514],[37.612597,49.908695],[37.612707,49.908771],[37.612836,49.90878],[37.612908,49.908537],[37.61365,49.907787],[37.613825,49.907627],[37.61614,49.905521],[37.61522233693022,49.90525017344421],[37.614794,49.905123],[37.613227,49.904612]]]}},{"type":"Feature","properties":{"cadnum":"6321885000:02:000:0110"},"geometry":{"type":"Polygon","coordinates":[[[37.61645,49.90838],[37.615035,49.907974],[37.613825,49.907627],[37.61365,49.907787],[37.612908,49.908537],[37.61285022222222,49.908732],[37.612849,49.908732],[37.612836,49.90878],[37.612952,49.908842],[37.61295256504065,49.908842],[37.613761,49.909272],[37.613923,49.90941],[37.613982,49.909579],[37.614201,49.909743],[37.614229,49.909886],[37.613658,49.910452],[37.613453,49.910713],[37.61325,49.91102],[37.613241,49.911074],[37.614334,49.911387],[37.615411,49.909857],[37.616202,49.908732],[37.616201619047615,49.908732],[37.61645,49.90838]]]}},{"type":"Feature","properties":{"cadnum":"6321885000:02:000:0337"},"geometry":{"type":"Polygon","coordinates":[[[37.611387199170125,49.905194],[37.611387,49.905194],[37.61136010638328,49.90521782978697],[37.611261,49.905305],[37.611261728571435,49.905305],[37.611229,49.905334],[37.611111,49.905654],[37.611609,49.90617288387097],[37.611609,49.906173],[37.611731,49.9063],[37.61178,49.906331],[37.61178,49.90632984668509],[37.612455,49.906741],[37.612386,49.907239],[37.613757,49.905969],[37.611853,49.905194],[37.61185131428571,49.905194],[37.61174303879454,49.90514976293163],[37.611535,49.905064],[37.611387199170125,49.905194]]]}},{"type":"Feature","properties":{"cadnum":"6321885000:02:000:0339"},"geometry":{"type":"Polygon","coordinates":[[[37.614794,49.905123],[37.614702,49.905093],[37.61459290094339,49.905194],[37.614592,49.905194],[37.613757,49.905969],[37.612386,49.907239],[37.612339,49.907573],[37.612451,49.908514],[37.612597,49.908695],[37.612707,49.908771],[37.612836,49.90878],[37.612908,49.908537],[37.61365,49.907787],[37.613825,49.907627],[37.61614,49.905521],[37.61522233693022,49.90525017344421],[37.614794,49.905123]]]}},{"type":"Feature","properties":{"cadnum":"6321885000:03:000:0053"},"geometry":{"type":"Polygon","coordinates":[[[37.620807,49.958197],[37.620582,49.95802],[37.619994935185176,49.958233],[37.619993,49.958233],[37.617102,49.959282],[37.617102,49.959282002040815],[37.615803,49.959753],[37.61667,49.960047],[37.617102,49.96019386567164],[37.617102,49.960194],[37.61836,49.960621],[37.619461,49.960014],[37.620649,49.959359],[37.62103,49.959631],[37.621319,49.959837],[37.621448,49.959763],[37.621631,49.959658],[37.622276,49.959353],[37.620853,49.958233],[37.62085230612245,49.958233],[37.620807,49.958197]]]}},{"type":"Feature","properties":{"cadnum":"6321885000:03:000:0175"},"geometry":{"type":"Polygon","coordinates":[[[37.618039,49.960881],[37.618369,49.960676],[37.617875,49.960507],[37.617492,49.960746],[37.618039,49.960881]]]}},{"type":"Feature","properties":{"cadnum":"6321885000:03:000:0174"},"geometry":{"type":"Polygon","coordinates":[[[37.617273,49.96069265384615],[37.617492,49.960746],[37.617875,49.960507],[37.617102,49.960244],[37.617102,49.96024455373135],[37.616603,49.960074],[37.616089,49.960395],[37.616113,49.960407],[37.617102,49.96065083965517],[37.617102,49.960651],[37.617156134327956,49.960664186567065],[37.617273,49.960693],[37.617273,49.96069265384615]]]}},{"type":"Feature","properties":{"cadnum":"6321885000:03:000:0082"},"geometry":{"type":"Polygon","coordinates":[[[37.600189,49.932695],[37.599694,49.932305],[37.599297,49.931993],[37.596199,49.933599],[37.596200093093096,49.933599],[37.595301,49.93406571551052],[37.595301,49.934065],[37.593361,49.935071],[37.594247,49.93541],[37.594653,49.935567],[37.595301,49.935231],[37.595301,49.935230784135975],[37.598659,49.933489],[37.598658090707964,49.933489],[37.600189,49.932695]]]}},{"type":"Feature","properties":{"cadnum":"6321885000:02:000:0235"},"geometry":{"type":"Polygon","coordinates":[[[37.581089,49.925614],[37.58109,49.925668],[37.581157,49.925789],[37.581294,49.925876],[37.581765,49.92607],[37.582181,49.926295],[37.58230379220779,49.926417],[37.582303,49.926417],[37.582336,49.926449],[37.582346,49.926527],[37.582346491228066,49.926527],[37.582359,49.92662],[37.582315,49.926813],[37.58353,49.927219],[37.584143,49.92751611734694],[37.584143,49.927517],[37.584937,49.927901],[37.584981,49.927855],[37.584486,49.927432],[37.584348,49.92726],[37.584238,49.927062],[37.584239,49.92692],[37.584143,49.92688],[37.584143,49.92688025679013],[37.5832897057654,49.926527],[37.583291,49.926527],[37.581089,49.925614]]]}},{"type":"Feature","properties":{"cadnum":"6321885000:02:000:0348"},"geometry":{"type":"Polygon","coordinates":[[[37.583177,49.928316],[37.584007,49.927451],[37.58353,49.927219],[37.582315,49.926813],[37.581473,49.927689],[37.583177,49.928316]]]}},{"type":"Feature","properties":{"cadnum":"6321885000:02:000:0346"},"geometry":{"type":"Polygon","coordinates":[[[37.584314,49.92873494583751],[37.58514,49.929039],[37.585763,49.928392],[37.584937,49.927901],[37.584143,49.927517],[37.584143,49.927517006514655],[37.584007,49.927451],[37.583177,49.928316],[37.584143,49.928671984168865],[37.584143,49.928672],[37.58418167671546,49.92868623706577],[37.584314,49.928735],[37.584314,49.92873494583751]]]}},{"type":"Feature","properties":{"cadnum":"6321885000:02:000:0014"},"geometry":{"type":"Polygon","coordinates":[[[37.57667,49.932462],[37.574534,49.931641],[37.573341,49.932852],[37.573497,49.932941],[37.574986927051675,49.933489],[37.574986,49.933489],[37.575314,49.93361],[37.575605,49.933576],[37.57667,49.932462]]]}},{"type":"Feature","properties":{"cadnum":"6321885000:03:000:0156"},"geometry":{"type":"Polygon","coordinates":[[[37.63016,49.927788],[37.629094,49.92707],[37.629168,49.928351],[37.631546670560745,49.929953],[37.631545,49.929953],[37.633753,49.931439],[37.633753,49.93143857852883],[37.634084,49.931661],[37.635036,49.931071],[37.63359913084269,49.93010419937801],[37.633538058823525,49.930063],[37.63354,49.930063],[37.63016,49.927788]]]}},{"type":"Feature","properties":{"cadnum":"6321885000:03:000:0154"},"geometry":{"type":"Polygon","coordinates":[[[37.631218,49.927131],[37.63021,49.927757],[37.63016,49.927788],[37.63337657142858,49.929953],[37.633375,49.929953],[37.633581,49.93009196825397],[37.633581,49.930092],[37.63359913084269,49.93010419937801],[37.633753,49.930208],[37.633753,49.93020773058419],[37.635036,49.931071],[37.636094,49.930414],[37.63557244902386,49.930063],[37.635573,49.930063],[37.634967,49.929654],[37.633753,49.92883765945166],[37.633753,49.928837],[37.631218,49.927131]]]}},{"type":"Feature","properties":{"cadnum":"6321885000:03:000:0157"},"geometry":{"type":"Polygon","coordinates":[[[37.629168,49.928351],[37.629261253676475,49.929953],[37.62926,49.929953],[37.629263,49.929983],[37.629381,49.930063],[37.629381847736624,49.930063],[37.632873,49.932413],[37.632925,49.93238],[37.633581,49.93197356521739],[37.633581,49.931974],[37.63372914814857,49.93188177777751],[37.633753,49.931867],[37.633753,49.93186693],[37.633981,49.931725],[37.634084,49.931661],[37.633581,49.931323],[37.633581,49.93132324275362],[37.631708445491256,49.930063],[37.63171,49.930063],[37.629168,49.928351]]]}},{"type":"Feature","properties":{"cadnum":"6321885000:04:000:0302"},"geometry":{"type":"Polygon","coordinates":[[[37.635062,49.904476],[37.636802,49.903363],[37.636638,49.903212],[37.63629,49.903455],[37.635773,49.903798],[37.63535,49.904059],[37.634855,49.904352],[37.635062,49.904476]]]}},{"type":"Feature","properties":{"cadnum":"6321885000:04:000:0304"},"geometry":{"type":"Polygon","coordinates":[[[37.639147,49.904861],[37.638581,49.904551],[37.63794,49.904169],[37.637914,49.904152],[37.63628531943127,49.905194],[37.636285,49.905194],[37.636265,49.905207],[37.636424,49.905305],[37.63642497058824,49.905305],[37.636487,49.905343],[37.637014,49.905672],[37.637407,49.905957],[37.637421,49.905965],[37.638452517509734,49.905305],[37.638453,49.905305],[37.639147,49.904861]]]}},{"type":"Feature","properties":{"cadnum":"6321885000:04:000:0303"},"geometry":{"type":"Polygon","coordinates":[[[37.636265,49.905207],[37.637914,49.904152],[37.637457,49.90387],[37.637147,49.903675],[37.636802,49.903363],[37.635062,49.904476],[37.635605,49.904804],[37.636265,49.905207]]]}},{"type":"Feature","properties":{"cadnum":"6321885000:04:000:0136"},"geometry":{"type":"Polygon","coordinates":[[[37.688684,49.90332820180723],[37.689509,49.903334],[37.689549,49.903201],[37.689591,49.903067],[37.688684,49.903061110389615],[37.688684,49.903061],[37.686777,49.903047],[37.686618,49.903314],[37.688684,49.903329],[37.688684,49.90332820180723]]]}},{"type":"Feature","properties":{"cadnum":"6321885000:04:000:0279"},"geometry":{"type":"Polygon","coordinates":[[[37.688684,49.90384226199262],[37.689055,49.903845],[37.689354,49.903847],[37.68943,49.903593],[37.688684,49.90358811886587],[37.688684,49.903588],[37.686464,49.903573],[37.686312,49.903826],[37.686415,49.903827],[37.687085,49.903831],[37.687739,49.903835],[37.688396,49.90384],[37.688684,49.903843],[37.688684,49.90384226199262]]]}},{"type":"Feature","properties":{"cadnum":"6321885000:04:000:0413"},"geometry":{"type":"Polygon","coordinates":[[[37.687613,49.901576],[37.688174,49.90064],[37.686382,49.901461],[37.68603214705882,49.901656],[37.686032,49.901656],[37.685962625000684,49.90169474999962],[37.685833,49.901767],[37.68583327419355,49.901767],[37.685477,49.901966],[37.685251,49.902217],[37.684949,49.902678],[37.684704,49.903277],[37.684264,49.903794],[37.686206,49.903927],[37.686973,49.902647],[37.68749869122099,49.901767],[37.687499,49.901767],[37.687613,49.901576]]]}},{"type":"Feature","properties":{"cadnum":"6321885000:04:000:0277"},"geometry":{"type":"Polygon","coordinates":[[[37.686941,49.902774],[37.686777,49.903047],[37.688513,49.90305974462507],[37.688513,49.90306],[37.689591,49.903067],[37.68965,49.902872],[37.689674,49.902793],[37.688513,49.902785],[37.688513,49.902785724612734],[37.686941,49.902774]]]}},{"type":"Feature","properties":{"cadnum":"6321885000:04:000:0154"},"geometry":{"type":"Polygon","coordinates":[[[37.684966,49.903945],[37.684974,49.903871],[37.684253,49.903822],[37.684247,49.903897],[37.684966,49.903945]]]}},{"type":"Feature","properties":{"cadnum":"6321885000:04:000:0134"},"geometry":{"type":"Polygon","coordinates":[[[37.688684,49.902786178294576],[37.689674,49.902793],[37.689751,49.902538],[37.68976,49.90251],[37.688684,49.90250309703288],[37.688684,49.902503],[37.68711,49.902491],[37.686941,49.902774],[37.688684,49.902787],[37.688684,49.902786178294576]]]}},{"type":"Feature","properties":{"cadnum":"6321885000:04:000:0278"},"geometry":{"type":"Polygon","coordinates":[[[37.686618,49.903314],[37.686464,49.903573],[37.688513,49.90358684459459],[37.688513,49.903587],[37.68943,49.903593],[37.689452,49.903526],[37.689509,49.903334],[37.688513,49.903327],[37.688513,49.903327758470475],[37.686618,49.903314]]]}},{"type":"Feature","properties":{"cadnum":"6321885000:04:000:0133"},"geometry":{"type":"Polygon","coordinates":[[[37.688684,49.90221],[37.687284,49.9022],[37.68711,49.902491],[37.688513,49.90250169631512],[37.688513,49.902502],[37.68976,49.90251],[37.689849,49.902218],[37.688684,49.90221102395209],[37.688684,49.90221]]]}},{"type":"Feature","properties":{"cadnum":"6321885000:04:000:0132"},"geometry":{"type":"Polygon","coordinates":[[[37.688684,49.901907],[37.687464,49.901899],[37.687284,49.9022],[37.688513,49.90220877857143],[37.688513,49.90221],[37.689849,49.902218],[37.689854,49.902198],[37.68994,49.901916],[37.688684,49.90190719831815],[37.688684,49.901907]]]}},{"type":"Feature","properties":{"cadnum":"6321885000:04:000:0161"},"geometry":{"type":"Polygon","coordinates":[[[37.688396,49.90384],[37.688156,49.904997],[37.688373,49.904997],[37.688513,49.90499745016077],[37.688513,49.904998],[37.688684,49.904998],[37.688816,49.904998],[37.689055,49.903845],[37.688513,49.903841],[37.688513,49.90384121875],[37.688396,49.90384]]]}},{"type":"Feature","properties":{"cadnum":"6321885000:04:000:0159"},"geometry":{"type":"Polygon","coordinates":[[[37.687499,49.904996],[37.687739,49.903835],[37.687085,49.903831],[37.686843,49.904996],[37.687499,49.904996]]]}},{"type":"Feature","properties":{"cadnum":"6321885000:04:000:0160"},"geometry":{"type":"Polygon","coordinates":[[[37.688156,49.904997],[37.688396,49.90384],[37.687739,49.903835],[37.687499,49.904996],[37.687778,49.904997],[37.688156,49.904997]]]}},{"type":"Feature","properties":{"cadnum":"6321885000:04:000:0158"},"geometry":{"type":"Polygon","coordinates":[[[37.686843,49.904996],[37.687085,49.903831],[37.686415,49.903827],[37.686205,49.904995],[37.686582,49.904995],[37.686843,49.904996]]]}},{"type":"Feature","properties":{"cadnum":"6321885000:04:000:0157"},"geometry":{"type":"Polygon","coordinates":[[[37.686205,49.904995],[37.686415,49.903827],[37.686312,49.903826],[37.686234,49.903956],[37.685676,49.903918],[37.685513,49.904994],[37.685982,49.904995],[37.686205,49.904995]]]}},{"type":"Feature","properties":{"cadnum":"6321885000:04:000:0155"},"geometry":{"type":"Polygon","coordinates":[[[37.684834,49.904994],[37.684966,49.903945],[37.684247,49.903897],[37.684135,49.904993],[37.684758,49.904994],[37.684834,49.904994]]]}},{"type":"Feature","properties":{"cadnum":"6321885000:04:000:0156"},"geometry":{"type":"Polygon","coordinates":[[[37.685513,49.904994],[37.685676,49.903918],[37.684974,49.903871],[37.684966,49.903945],[37.684834,49.904994],[37.685361,49.904994],[37.685513,49.904994]]]}},{"type":"Feature","properties":{"cadnum":"6321885000:03:000:0242"},"geometry":{"type":"Polygon","coordinates":[[[37.631359,49.939904],[37.631465,49.939834],[37.629809,49.939245],[37.629762,49.939336],[37.631359,49.939904]]]}},{"type":"Feature","properties":{"cadnum":"6321885000:03:000:0192"},"geometry":{"type":"Polygon","coordinates":[[[37.630985,49.940152],[37.631359,49.939904],[37.629762,49.939336],[37.629606,49.93964],[37.630985,49.940152]]]}},{"type":"Feature","properties":{"cadnum":"6321885000:03:000:0191"},"geometry":{"type":"Polygon","coordinates":[[[37.63059,49.940443],[37.630915,49.940198],[37.630985,49.940152],[37.629606,49.93964],[37.629558,49.939733],[37.629318,49.939932],[37.63059,49.940443]]]}},{"type":"Feature","properties":{"cadnum":"6321885000:03:000:0125"},"geometry":{"type":"Polygon","coordinates":[[[37.617273,49.928445],[37.617273,49.927177],[37.61675,49.927094],[37.615079,49.92673],[37.615027,49.926894],[37.614655,49.926995],[37.615136,49.927234],[37.6161,49.927967],[37.616615,49.928247],[37.617273,49.928445]]]}},{"type":"Feature","properties":{"cadnum":"6321885000:04:000:0037"},"geometry":{"type":"Polygon","coordinates":[[[37.672205,49.92114043865546],[37.673818,49.921379],[37.676168,49.921755],[37.676568,49.921707],[37.676619,49.921329],[37.676788,49.920832],[37.672033,49.920066],[37.672033,49.92006624638063],[37.668406,49.919481],[37.66831,49.91971],[37.667974,49.920516],[37.672205,49.921141],[37.672205,49.92114043865546]]]}},{"type":"Feature","properties":{"cadnum":"6321885000:02:000:0092"},"geometry":{"type":"Polygon","coordinates":[[[37.578821,49.91416134866828],[37.581954,49.915322],[37.58285,49.9153],[37.58366,49.914756],[37.578821,49.91296431437125],[37.578821,49.912964],[37.577712,49.912552],[37.576946,49.913467],[37.578821,49.914162],[37.578821,49.91416134866828]]]}},{"type":"Feature","properties":{"cadnum":"6321885000:02:000:0088"},"geometry":{"type":"Polygon","coordinates":[[[37.576946,49.913467],[37.576317,49.914217],[37.57865,49.91508255790735],[37.57865,49.915083],[37.579462,49.915383],[37.581954,49.915322],[37.57865,49.914098],[37.57865,49.914098616],[37.576946,49.913467]]]}},{"type":"Feature","properties":{"cadnum":"6321885000:03:000:0080"},"geometry":{"type":"Polygon","coordinates":[[[37.59819282835862,49.93706141791005],[37.598231,49.937025],[37.59823085294118,49.937025],[37.598258,49.936999],[37.597371,49.93666],[37.596927,49.937135],[37.59692808474576,49.937135],[37.595651,49.9385],[37.595669,49.938493],[37.596801,49.938088],[37.597208,49.938001],[37.59811570286885,49.937135],[37.598116,49.937135],[37.59819282835862,49.93706141791005]]]}},{"type":"Feature","properties":{"cadnum":"6321885000:03:000:0177"},"geometry":{"type":"Polygon","coordinates":[[[37.618455,49.953361],[37.620324,49.953225],[37.620331,49.952864],[37.620332,49.952754],[37.619349,49.953102],[37.618459,49.953041],[37.618455,49.953361]]]}},{"type":"Feature","properties":{"cadnum":"6321885000:03:000:0178"},"geometry":{"type":"Polygon","coordinates":[[[37.620324,49.953225],[37.621857,49.953114],[37.621863,49.952752],[37.620331,49.952864],[37.620324,49.953225]]]}},{"type":"Feature","properties":{"cadnum":"6321885000:03:000:0179"},"geometry":{"type":"Polygon","coordinates":[[[37.620331,49.952864],[37.621863,49.952752],[37.621872,49.952261],[37.621471,49.952236],[37.620753,49.952605],[37.620332,49.952754],[37.620331,49.952864]]]}},{"type":"Feature","properties":{"cadnum":"6321885000:04:000:0335"},"geometry":{"type":"Polygon","coordinates":[[[37.622766,49.921432],[37.622256,49.921293],[37.621678,49.922186],[37.622147,49.922313],[37.622595,49.922433865912765],[37.622595,49.922434],[37.623107,49.922572],[37.623685,49.92168],[37.622766,49.92143212293578],[37.622766,49.921432]],[[37.622168,49.922251],[37.622179,49.922234],[37.622205,49.922241],[37.622194,49.922258],[37.622168,49.922251]]]}},{"type":"Feature","properties":{"cadnum":"6321885000:04:000:0266"},"geometry":{"type":"Polygon","coordinates":[[[37.68719,49.894536],[37.687394,49.89447],[37.686891,49.894119],[37.686718,49.894206],[37.686957,49.894357],[37.68719,49.894536]]]}},{"type":"Feature","properties":{"cadnum":"6321885000:04:000:0268"},"geometry":{"type":"Polygon","coordinates":[[[37.687477,49.892708],[37.687972,49.893348],[37.688513,49.893412585674156],[37.688513,49.893413],[37.689112,49.893484],[37.68911,49.893468],[37.689617,49.892965],[37.688513,49.892833],[37.688513,49.892833315658656],[37.687477,49.892708]]]}},{"type":"Feature","properties":{"cadnum":"6321885000:04:000:0267"},"geometry":{"type":"Polygon","coordinates":[[[37.689089,49.894164],[37.689147,49.893866],[37.689119,49.893567],[37.689112,49.893484],[37.688684,49.8934332687813],[37.688684,49.893433],[37.687972,49.893348],[37.688132,49.893553],[37.687452,49.893838],[37.686891,49.894119],[37.687394,49.89447],[37.688046,49.894262],[37.688513,49.894218081504704],[37.688513,49.894219],[37.689089,49.894164]]]}},{"type":"Feature","properties":{"cadnum":"6321885000:04:000:0269"},"geometry":{"type":"Polygon","coordinates":[[[37.688684,49.89285344565218],[37.689617,49.892965],[37.689932,49.892653],[37.690027,49.892557],[37.688684,49.89239644319683],[37.688684,49.892396],[37.687464,49.892249],[37.687363,49.892561],[37.687477,49.892708],[37.688684,49.892854],[37.688684,49.89285344565218]]]}},{"type":"Feature","properties":{"cadnum":"6321885000:04:000:0270"},"geometry":{"type":"Polygon","coordinates":[[[37.687632,49.891779],[37.687587,49.891865],[37.687464,49.892249],[37.688513,49.89237539590164],[37.688513,49.892376],[37.690027,49.892557],[37.690335,49.892248],[37.690459,49.892119],[37.688513,49.891885],[37.688513,49.891885356463874],[37.687632,49.891779]]]}},{"type":"Feature","properties":{"cadnum":"6321885000:04:000:0271"},"geometry":{"type":"Polygon","coordinates":[[[37.688684,49.89190556217883],[37.690459,49.892119],[37.690765,49.891799],[37.690997,49.891566],[37.688684,49.89128851449275],[37.688684,49.891288],[37.688011,49.891207],[37.687872,49.891318],[37.687632,49.891779],[37.688684,49.891906],[37.688684,49.89190556217883]]]}},{"type":"Feature","properties":{"cadnum":"6321885000:04:000:0272"},"geometry":{"type":"Polygon","coordinates":[[[37.688766,49.890389],[37.688583,49.890748],[37.688513,49.890804],[37.688513,49.890804195219125],[37.68821926799008,49.89104],[37.688218,49.89104],[37.688011,49.891207],[37.688513,49.89126741901932],[37.688513,49.891268],[37.690997,49.891566],[37.69140963307984,49.891151],[37.69141,49.891151],[37.691805,49.890754],[37.688766,49.890389]]]}},{"type":"Feature","properties":{"cadnum":"6321885000:02:000:0240"},"geometry":{"type":"Polygon","coordinates":[[[37.575625,49.954206],[37.576508,49.953681],[37.576406,49.953623],[37.576029,49.953521],[37.574763,49.953354],[37.575625,49.954206]]]}},{"type":"Feature","properties":{"cadnum":"6321885000:02:000:0241"},"geometry":{"type":"Polygon","coordinates":[[[37.577748,49.954436],[37.577412,49.954199],[37.576508,49.953681],[37.575625,49.954206],[37.57612452980132,49.954699],[37.576124,49.954699],[37.576697,49.955263],[37.577039,49.9556],[37.578407,49.954788],[37.577748,49.954436]]]}},{"type":"Feature","properties":{"cadnum":"6321885000:02:000:0039"},"geometry":{"type":"Polygon","coordinates":[[[37.594866,49.926348],[37.594723,49.926265],[37.593737,49.92569],[37.592271,49.926527],[37.59227161904762,49.926527],[37.589636,49.928034],[37.589636,49.92803419964974],[37.588095,49.928914],[37.588047,49.92905],[37.587646,49.929191],[37.588886,49.929818],[37.589636,49.92938361822126],[37.589636,49.929384],[37.594747,49.926417],[37.59474650279329,49.926417],[37.594866,49.926348]]]}},{"type":"Feature","properties":{"cadnum":"6321885000:01:001:0021"},"geometry":{"type":"Polygon","coordinates":[[[37.555986,49.975512],[37.556004,49.974741],[37.554239,49.974579],[37.55420945981831,49.9759],[37.554209,49.9759],[37.554154,49.97837],[37.555879,49.978456],[37.55596771906836,49.97599115283975],[37.555986,49.975512]]]}},{"type":"Feature","properties":{"cadnum":"6321885000:01:001:0020"},"geometry":{"type":"Polygon","coordinates":[[[37.554239,49.974579],[37.553269,49.97449],[37.553234,49.97601],[37.55323454748142,49.97601],[37.553183,49.978322],[37.554154,49.97837],[37.55420655060729,49.97601],[37.554207,49.97601],[37.554239,49.974579]]]}},{"type":"Feature","properties":{"cadnum":"6321885000:03:000:0017"},"geometry":{"type":"Polygon","coordinates":[[[37.582895,49.953679],[37.582701,49.953801],[37.58169,49.954401],[37.582039002444986,49.954699],[37.582038,49.954699],[37.584294,49.95662],[37.584314,49.956609],[37.584314,49.95660832904885],[37.585461,49.955939],[37.584143,49.954778],[37.584143,49.95477831034483],[37.584053,49.954699],[37.58405208222811,49.954699],[37.582895,49.953679]]]}},{"type":"Feature","properties":{"cadnum":"6321885000:03:000:0016"},"geometry":{"type":"Polygon","coordinates":[[[37.58169,49.954401],[37.58118871882641,49.954699],[37.581188,49.954699],[37.579909,49.955459],[37.5825,49.957667],[37.583156,49.957284],[37.584143,49.956707668727915],[37.584143,49.956709],[37.584288,49.956623],[37.584294,49.95662],[37.584143,49.956491],[37.584143,49.956491422429075],[37.58216835710568,49.95481],[37.582169,49.95481],[37.58169,49.954401]]]}},{"type":"Feature","properties":{"cadnum":"6321885000:02:000:0242"},"geometry":{"type":"Polygon","coordinates":[[[37.580974,49.954081],[37.580373,49.953489],[37.580025,49.953147],[37.579942,49.953397],[37.579694,49.953893],[37.579685,49.953912],[37.579678,49.954038],[37.579863,49.954326],[37.579993,49.954447],[37.580007,49.95453],[37.579724,49.954572],[37.579354739495805,49.954699],[37.579354,49.954699],[37.578717,49.954918],[37.578584,49.954883],[37.578407,49.954788],[37.577039,49.9556],[37.577559,49.956111],[37.57865,49.955462624405705],[37.57865,49.955463],[37.57974659554973,49.95481],[37.579748,49.95481],[37.580974,49.954081]]]}},{"type":"Feature","properties":{"cadnum":"6321885000:02:000:0243"},"geometry":{"type":"Polygon","coordinates":[[[37.581275,49.954379],[37.580974,49.954081],[37.579934674897125,49.954699],[37.579933,49.954699],[37.578821,49.95536117303196],[37.578821,49.955361],[37.577559,49.956111],[37.577861,49.956407],[37.57865,49.95593853125],[37.57865,49.95594],[37.58054941982272,49.95481],[37.58055,49.95481],[37.581275,49.954379]]]}},{"type":"Feature","properties":{"cadnum":"6321885000:02:000:0183"},"geometry":{"type":"Polygon","coordinates":[[[37.573598,49.941337],[37.573328,49.94116356934307],[37.573328,49.941163],[37.573324,49.941161],[37.57327,49.941092],[37.572006,49.94191],[37.572067,49.941942],[37.572399,49.942112],[37.57328350969084,49.94153978221292],[37.573598,49.941337]]]}},{"type":"Feature","properties":{"cadnum":"6321885000:02:000:0135"},"geometry":{"type":"Polygon","coordinates":[[[37.571169,49.944102],[37.57232,49.94336],[37.572163,49.94328],[37.571877,49.943133],[37.571707,49.943243],[37.571717,49.943244],[37.571851,49.94332],[37.571984,49.94346],[37.571886,49.943548],[37.571665,49.943518],[37.571484,49.943456],[37.57146,49.943403],[37.570725,49.943877],[37.571169,49.944102]]]}},{"type":"Feature","properties":{"cadnum":"6321885000:02:000:0163"},"geometry":{"type":"Polygon","coordinates":[[[37.569749,49.94204],[37.570811,49.941354],[37.570408,49.941148],[37.569346,49.941834],[37.569598,49.941962],[37.569749,49.94204]]]}},{"type":"Feature","properties":{"cadnum":"6321885000:02:000:0266"},"geometry":{"type":"Polygon","coordinates":[[[37.573627,49.9428],[37.573225,49.942593],[37.572163,49.94328],[37.57232,49.94336],[37.572565,49.943486],[37.573328,49.942993],[37.573328,49.942992985138005],[37.573627,49.9428]]]}},{"type":"Feature","properties":{"cadnum":"6321885000:02:000:0162"},"geometry":{"type":"Polygon","coordinates":[[[37.570151,49.942246],[37.571213,49.94156],[37.570811,49.941354],[37.569749,49.94204],[37.569995,49.942166],[37.570151,49.942246]]]}},{"type":"Feature","properties":{"cadnum":"6321885000:02:000:0184"},"geometry":{"type":"Polygon","coordinates":[[[37.57327,49.941092],[37.573056,49.940817],[37.571648,49.941726],[37.571665,49.941735],[37.572006,49.94191],[37.573156,49.941165775316456],[37.573156,49.941167],[37.57327,49.941092]]]}},{"type":"Feature","properties":{"cadnum":"6321885000:02:000:0161"},"geometry":{"type":"Polygon","coordinates":[[[37.570553,49.942454],[37.571615,49.941767],[37.571213,49.94156],[37.570151,49.942246],[37.570553,49.942454]]]}},{"type":"Feature","properties":{"cadnum":"6321885000:02:000:0159"},"geometry":{"type":"Polygon","coordinates":[[[37.571358,49.942866],[37.57242,49.94218],[37.572018,49.941974],[37.570956,49.94266],[37.571147,49.942758],[37.571358,49.942866]]]}},{"type":"Feature","properties":{"cadnum":"6321885000:02:000:0165"},"geometry":{"type":"Polygon","coordinates":[[[37.568944,49.941627],[37.570006,49.940941],[37.569604,49.940734],[37.568542,49.94142],[37.568783,49.941544],[37.568944,49.941627]]]}},{"type":"Feature","properties":{"cadnum":"6321885000:02:000:0182"},"geometry":{"type":"Polygon","coordinates":[[[37.573278296945254,49.941994004365505],[37.573328,49.941962],[37.573328,49.94196189952153],[37.573992,49.941533],[37.573602,49.941339],[37.573598,49.941337],[37.573328,49.941511095022626],[37.573328,49.941511],[37.57328350969084,49.94153978221292],[37.573156,49.941622],[37.573156,49.94162227233584],[37.572399,49.942112],[37.57247,49.942148],[37.572786,49.942311],[37.573156,49.94207275276752],[37.573156,49.942073],[37.573278296945254,49.941994004365505]]]}},{"type":"Feature","properties":{"cadnum":"6321885000:02:000:0181"},"geometry":{"type":"Polygon","coordinates":[[[37.574383,49.941726],[37.573992,49.941533],[37.573278296945254,49.941994004365505],[37.572786,49.942311],[37.572872,49.942355],[37.573156,49.94250078666666],[37.573156,49.942501],[37.573172,49.942509],[37.573328,49.942409],[37.573328,49.94240813459951],[37.574383,49.941726]]]}},{"type":"Feature","properties":{"cadnum":"6321885000:02:000:0160"},"geometry":{"type":"Polygon","coordinates":[[[37.570956,49.94266],[37.572018,49.941974],[37.571615,49.941767],[37.570553,49.942454],[37.570769,49.942564],[37.570956,49.94266]]]}},{"type":"Feature","properties":{"cadnum":"6321885000:02:000:0157"},"geometry":{"type":"Polygon","coordinates":[[[37.572163,49.94328],[37.573225,49.942593],[37.572822,49.942387],[37.57176,49.943072],[37.571877,49.943133],[37.572163,49.94328]]]}},{"type":"Feature","properties":{"cadnum":"6321885000:02:000:0270"},"geometry":{"type":"Polygon","coordinates":[[[37.574772,49.941918],[37.574383,49.941726],[37.573172,49.942509],[37.573274,49.942561],[37.573328,49.942589],[37.573328,49.94258886476868],[37.573555,49.942706],[37.574772,49.941918]]]}},{"type":"Feature","properties":{"cadnum":"6321885000:02:000:0259"},"geometry":{"type":"Polygon","coordinates":[[[37.57176,49.943072],[37.572822,49.942387],[37.57242,49.94218],[37.571358,49.942866],[37.57152,49.942949],[37.57176,49.943072]]]}},{"type":"Feature","properties":{"cadnum":"6321885000:02:000:0164"},"geometry":{"type":"Polygon","coordinates":[[[37.569346,49.941834],[37.570408,49.941148],[37.570006,49.940941],[37.568944,49.941627],[37.569193,49.941755],[37.569346,49.941834]]]}},{"type":"Feature","properties":{"cadnum":"6321885000:02:000:0139"},"geometry":{"type":"Polygon","coordinates":[[[37.569648,49.943288],[37.570769,49.942564],[37.570553,49.942454],[37.570386,49.942367],[37.569282,49.943079],[37.569648,49.943288]]]}},{"type":"Feature","properties":{"cadnum":"6321885000:02:000:0140"},"geometry":{"type":"Polygon","coordinates":[[[37.569282,49.943079],[37.570386,49.942367],[37.570151,49.942246],[37.569995,49.942166],[37.568909,49.942868],[37.569282,49.943079]]]}},{"type":"Feature","properties":{"cadnum":"6321885000:02:000:0143"},"geometry":{"type":"Polygon","coordinates":[[[37.568146,49.942433],[37.569193,49.941755],[37.568944,49.941627],[37.568783,49.941544],[37.567753,49.942209],[37.568146,49.942433]]]}},{"type":"Feature","properties":{"cadnum":"6321885000:02:000:0141"},"geometry":{"type":"Polygon","coordinates":[[[37.568909,49.942868],[37.569995,49.942166],[37.569749,49.94204],[37.569598,49.941962],[37.568531,49.942652],[37.568909,49.942868]]]}},{"type":"Feature","properties":{"cadnum":"6321885000:02:000:0138"},"geometry":{"type":"Polygon","coordinates":[[[37.570009,49.943494],[37.571147,49.942758],[37.570956,49.94266],[37.570769,49.942564],[37.569648,49.943288],[37.570009,49.943494]]]}},{"type":"Feature","properties":{"cadnum":"6321885000:02:000:0142"},"geometry":{"type":"Polygon","coordinates":[[[37.568531,49.942652],[37.569598,49.941962],[37.569346,49.941834],[37.569193,49.941755],[37.568146,49.942433],[37.568531,49.942652]]]}},{"type":"Feature","properties":{"cadnum":"6321885000:02:000:0137"},"geometry":{"type":"Polygon","coordinates":[[[37.570367,49.943695],[37.570477,49.943623],[37.57152,49.942949],[37.571358,49.942866],[37.571147,49.942758],[37.570009,49.943494],[37.570317,49.94367],[37.570367,49.943695]]]}},{"type":"Feature","properties":{"cadnum":"6321885000:02:000:0064"},"geometry":{"type":"Polygon","coordinates":[[[37.591912,49.909715],[37.59065,49.910324],[37.590436,49.910457],[37.59178722620905,49.912269],[37.591787,49.912269],[37.592888,49.913744],[37.594359,49.912996],[37.59389890646492,49.91238],[37.593899,49.91238],[37.591912,49.909715]]]}},{"type":"Feature","properties":{"cadnum":"6321885000:03:000:0283"},"geometry":{"type":"Polygon","coordinates":[[[37.605128,49.96858],[37.60496192307692,49.968834],[37.604961,49.968834],[37.60477,49.969127],[37.603422,49.970062],[37.602988,49.970363],[37.603451,49.970836],[37.603656,49.970664],[37.604051,49.970476],[37.604776,49.970187],[37.605303,49.969977],[37.605911,49.969642],[37.60606,49.969533],[37.60548363948498,49.968944],[37.605485,49.968944],[37.605128,49.96858]]]}},{"type":"Feature","properties":{"cadnum":"6321885000:03:000:0281"},"geometry":{"type":"Polygon","coordinates":[[[37.605128,49.96858],[37.60537711538462,49.968834],[37.605376,49.968834],[37.60606,49.969533],[37.606115,49.969491657718116],[37.606115,49.969492],[37.606209,49.969421],[37.606287,49.969383],[37.606287,49.96938191648822],[37.606676,49.969187],[37.607078,49.968873],[37.607392,49.968629],[37.606209,49.967418],[37.60541,49.968149],[37.605128,49.96858]]]}},{"type":"Feature","properties":{"cadnum":"6321885000:04:000:0006"},"geometry":{"type":"Polygon","coordinates":[[[37.630101,49.924678],[37.629603,49.925601],[37.63081466306696,49.926417],[37.630814,49.926417],[37.633581,49.92827924089827],[37.633581,49.92828],[37.634769,49.929079],[37.635555,49.92835],[37.633581,49.927021],[37.633581,49.92702126168224],[37.63284647222222,49.926527],[37.632848,49.926527],[37.630101,49.924678]]]}},{"type":"Feature","properties":{"cadnum":"6321885000:03:000:0155"},"geometry":{"type":"Polygon","coordinates":[[[37.629011,49.925644],[37.62905564665911,49.926417],[37.629055,49.926417],[37.62909,49.927003],[37.63021,49.927757],[37.631218,49.927131],[37.630320459383746,49.926527],[37.630321,49.926527],[37.629011,49.925644]]]}},{"type":"Feature","properties":{"cadnum":"6321885000:04:000:0273"},"geometry":{"type":"Polygon","coordinates":[[[37.691805,49.890754],[37.692166,49.890391],[37.691117,49.890266],[37.688962,49.890007],[37.688766,49.890389],[37.691805,49.890754]]]}},{"type":"Feature","properties":{"cadnum":"6321885000:02:000:0109"},"geometry":{"type":"Polygon","coordinates":[[[37.613837,49.912092],[37.614334,49.911387],[37.613241,49.911074],[37.613203,49.911317],[37.613353,49.911431],[37.613715,49.911982],[37.613837,49.912092]]]}},{"type":"Feature","properties":{"cadnum":"6321885000:04:000:0153"},"geometry":{"type":"Polygon","coordinates":[[[37.692115,49.903866],[37.692199,49.903546],[37.689452,49.903526],[37.68943,49.903593],[37.689354,49.903847],[37.689717,49.90385],[37.690365,49.903854],[37.691015,49.903859],[37.692115,49.903866]]]}},{"type":"Feature","properties":{"cadnum":"6321885000:04:000:0149"},"geometry":{"type":"Polygon","coordinates":[[[37.692446,49.902557],[37.692484,49.902405],[37.692525,49.902217],[37.689854,49.902198],[37.689849,49.902218],[37.68976,49.90251],[37.689751,49.902538],[37.692446,49.902557]]]}},{"type":"Feature","properties":{"cadnum":"6321885000:04:000:0150"},"geometry":{"type":"Polygon","coordinates":[[[37.692363,49.902891],[37.692446,49.902557],[37.689751,49.902538],[37.689674,49.902793],[37.68965,49.902872],[37.692363,49.902891]]]}},{"type":"Feature","properties":{"cadnum":"6321885000:04:000:0148"},"geometry":{"type":"Polygon","coordinates":[[[37.692525,49.902217],[37.692603,49.901873],[37.689959,49.901855],[37.68994,49.901916],[37.689854,49.902198],[37.692525,49.902217]]]}},{"type":"Feature","properties":{"cadnum":"6321885000:04:000:0152"},"geometry":{"type":"Polygon","coordinates":[[[37.692199,49.903546],[37.692252,49.903343],[37.692283,49.90322],[37.689549,49.903201],[37.689509,49.903334],[37.689452,49.903526],[37.692199,49.903546]]]}},{"type":"Feature","properties":{"cadnum":"6321885000:04:000:0151"},"geometry":{"type":"Polygon","coordinates":[[[37.692283,49.90322],[37.692363,49.902891],[37.68965,49.902872],[37.689591,49.903067],[37.689549,49.903201],[37.692283,49.90322]]]}},{"type":"Feature","properties":{"cadnum":"6321885000:04:000:0163"},"geometry":{"type":"Polygon","coordinates":[[[37.69016,49.905],[37.690365,49.903854],[37.689717,49.90385],[37.689478,49.904999],[37.689559,49.904999],[37.69015,49.905],[37.69016,49.905]]]}},{"type":"Feature","properties":{"cadnum":"6321885000:04:000:0165"},"geometry":{"type":"Polygon","coordinates":[[[37.691815,49.905],[37.692115,49.903866],[37.691015,49.903859],[37.690841,49.905],[37.691815,49.905]]]}},{"type":"Feature","properties":{"cadnum":"6321885000:04:000:0164"},"geometry":{"type":"Polygon","coordinates":[[[37.690841,49.905],[37.691015,49.903859],[37.690365,49.903854],[37.69016,49.905],[37.690841,49.905]]]}},{"type":"Feature","properties":{"cadnum":"6321885000:04:000:0162"},"geometry":{"type":"Polygon","coordinates":[[[37.689478,49.904999],[37.689717,49.90385],[37.689354,49.903847],[37.689055,49.903845],[37.688816,49.904998],[37.688967,49.904998],[37.689478,49.904999]]]}},{"type":"Feature","properties":{"cadnum":"6321885000:04:000:0176"},"geometry":{"type":"Polygon","coordinates":[[[37.690732,49.905045],[37.690142,49.905044],[37.690119011494254,49.905194],[37.690119,49.905194],[37.690118084656156,49.90520004761858],[37.690102,49.905305],[37.69010219947507,49.905305],[37.689946,49.906337],[37.690534,49.906341],[37.690691161290324,49.905305],[37.690692,49.905305],[37.690732,49.905045]]]}},{"type":"Feature","properties":{"cadnum":"6321885000:04:000:0175"},"geometry":{"type":"Polygon","coordinates":[[[37.690142,49.905044],[37.689552,49.905044],[37.68952901149425,49.905194],[37.689528,49.905194],[37.689356,49.906332],[37.689929,49.906337],[37.689946,49.906337],[37.690118084656156,49.90520004761858],[37.690142,49.905044]]]}},{"type":"Feature","properties":{"cadnum":"6321885000:04:000:0177"},"geometry":{"type":"Polygon","coordinates":[[[37.691762,49.905203],[37.691804,49.905045],[37.690732,49.905045],[37.69070907692308,49.905194],[37.690708,49.905194],[37.690534,49.906341],[37.691554,49.906348],[37.691579,49.90623],[37.69174382473223,49.905305],[37.691744,49.905305],[37.691762,49.905203]]]}},{"type":"Feature","properties":{"cadnum":"6321885000:04:000:0174"},"geometry":{"type":"Polygon","coordinates":[[[37.689552,49.905044],[37.688961,49.905043],[37.688937370229006,49.905194],[37.688937,49.905194],[37.68892565805576,49.90526884364372],[37.68892,49.905305],[37.68892017885463,49.905305],[37.688765,49.906329],[37.689317,49.906332],[37.689356,49.906332],[37.68951122319859,49.905305],[37.689512,49.905305],[37.689552,49.905044]]]}},{"type":"Feature","properties":{"cadnum":"6321885000:03:000:0049"},"geometry":{"type":"Polygon","coordinates":[[[37.613461,49.960004],[37.61342,49.96004],[37.613086,49.959887],[37.61178,49.960868489505756],[37.61178,49.960868],[37.61058192673267,49.961767],[37.610581,49.961767],[37.609681,49.962443],[37.60979,49.962528],[37.610891,49.963395],[37.611609,49.962856298087736],[37.611609,49.962857],[37.61291044128441,49.961878],[37.612912,49.961878],[37.614866,49.960411],[37.613461,49.960004]]]}},{"type":"Feature","properties":{"cadnum":"6321885000:03:000:0050"},"geometry":{"type":"Polygon","coordinates":[[[37.613086,49.959887],[37.611808,49.959301],[37.611609,49.959127],[37.611609,49.95912705597015],[37.611512,49.959042],[37.611414,49.958994],[37.608285,49.961343],[37.60882312336449,49.961767],[37.608823,49.961767],[37.609681,49.962443],[37.610433218934915,49.961878],[37.610434,49.961878],[37.611609,49.96099631352154],[37.611609,49.960997],[37.613086,49.959887]]]}},{"type":"Feature","properties":{"cadnum":"6321885000:03:000:0279"},"geometry":{"type":"Polygon","coordinates":[[[37.609545,49.958062],[37.60951286170213,49.958233],[37.609512,49.958233],[37.609414,49.95877],[37.609278,49.959512],[37.609221,49.95967],[37.609162,49.959831],[37.609035,49.959985],[37.60891,49.960134],[37.608275,49.960757],[37.607947,49.961076],[37.608285,49.961343],[37.611414,49.958994],[37.609888,49.958233],[37.60988700000001,49.958233],[37.609545,49.958062]]]}},{"type":"Feature","properties":{"cadnum":"6321885000:03:000:0052"},"geometry":{"type":"Polygon","coordinates":[[[37.61003,49.957743],[37.609317,49.957892],[37.610223,49.958344],[37.61022355639097,49.958344],[37.610801,49.958632],[37.611473,49.958463],[37.611012,49.958233],[37.61101081530782,49.958233],[37.61003,49.957743]]]}},{"type":"Feature","properties":{"cadnum":"6321885000:04:000:0054"},"geometry":{"type":"Polygon","coordinates":[[[37.651811,49.912179],[37.653505,49.911558],[37.652673,49.911054],[37.651567,49.911459],[37.651852,49.911918],[37.651811,49.912179]]]}},{"type":"Feature","properties":{"cadnum":"6321885000:03:000:0171"},"geometry":{"type":"Polygon","coordinates":[[[37.611706461532584,49.963669230771565],[37.61178,49.96364],[37.61178,49.96363997790055],[37.612514,49.963348],[37.612405,49.963193],[37.611609,49.963362],[37.611609,49.963362114503816],[37.610994,49.963492],[37.610848,49.963618],[37.611063,49.963925],[37.611609,49.9637079707113],[37.611609,49.963708],[37.611706461532584,49.963669230771565]]]}},{"type":"Feature","properties":{"cadnum":"6321885000:03:000:0170"},"geometry":{"type":"Polygon","coordinates":[[[37.612659,49.963555],[37.612514,49.963348],[37.611706461532584,49.963669230771565],[37.611063,49.963925],[37.611292,49.964252],[37.611609,49.96409025204918],[37.611609,49.964091],[37.612659,49.963555]]]}},{"type":"Feature","properties":{"cadnum":"6321885000:03:000:0172"},"geometry":{"type":"Polygon","coordinates":[[[37.61266,49.963555],[37.614059,49.962843],[37.612405,49.963193],[37.612514,49.963348],[37.61266,49.963555]]]}},{"type":"Feature","properties":{"cadnum":"6321885000:03:000:0048"},"geometry":{"type":"Polygon","coordinates":[[[37.617157,49.96101],[37.616241,49.960809],[37.614866,49.960411],[37.61305984867075,49.961767],[37.613058,49.961767],[37.61178,49.96272836645963],[37.61178,49.962728],[37.610891,49.963395],[37.610962,49.963451],[37.611609,49.96331495599022],[37.611609,49.963315],[37.611635046589804,49.963309479201165],[37.61178,49.963279],[37.61178,49.963278755078576],[37.614218,49.962762],[37.616015,49.961807],[37.617157,49.96101]]]}},{"type":"Feature","properties":{"cadnum":"6321885000:03:000:0260"},"geometry":{"type":"Polygon","coordinates":[[[37.597129,49.968171],[37.598435,49.967253],[37.598054,49.967065],[37.597951,49.966964],[37.596627,49.967751],[37.597129,49.968171]]]}},{"type":"Feature","properties":{"cadnum":"6321885000:04:000:0187"},"geometry":{"type":"Polygon","coordinates":[[[37.689736,49.907602],[37.689929,49.906337],[37.689356,49.906332],[37.689317,49.906332],[37.689124,49.907598],[37.689736,49.907602]]]}},{"type":"Feature","properties":{"cadnum":"6321885000:04:000:0188"},"geometry":{"type":"Polygon","coordinates":[[[37.691301,49.907612],[37.691344,49.907336],[37.691554,49.906348],[37.690534,49.906341],[37.689946,49.906337],[37.689929,49.906337],[37.689736,49.907602],[37.691301,49.907612]]]}},{"type":"Feature","properties":{"cadnum":"6321885000:04:000:0348"},"geometry":{"type":"Polygon","coordinates":[[[37.681015,49.905065],[37.680065,49.904499],[37.679116,49.903935],[37.678223,49.90403],[37.67927,49.904652],[37.680178544871794,49.905194],[37.680178,49.905194],[37.680316,49.905276],[37.680363,49.905305],[37.68036469020866,49.905305],[37.681362,49.905899],[37.682408,49.906522],[37.682914,49.906196],[37.681964,49.90563],[37.681231,49.905194],[37.68123053750001,49.905194],[37.681015,49.905065]]]}},{"type":"Feature","properties":{"cadnum":"6321885000:04:000:0007"},"geometry":{"type":"Polygon","coordinates":[[[37.629603,49.925601],[37.630101,49.924678],[37.630192,49.924509],[37.62978,49.924285],[37.629212,49.925338],[37.629603,49.925601]]]}},{"type":"Feature","properties":{"cadnum":"6321885000:03:000:0141"},"geometry":{"type":"Polygon","coordinates":[[[37.619817,49.931596],[37.6201,49.931589],[37.620209,49.931528],[37.622644,49.930175],[37.621565,49.929953],[37.621273,49.929953],[37.621274,49.93007],[37.621277,49.930265],[37.621242,49.93052],[37.621205,49.930795],[37.620811,49.930964],[37.620428,49.931128],[37.619919,49.931144],[37.619449,49.931161],[37.619416,49.931174],[37.619817,49.931596]]]}},{"type":"Feature","properties":{"cadnum":"6321885000:01:001:0006"},"geometry":{"type":"Polygon","coordinates":[[[37.578821,49.982355],[37.578821,49.98235430555555],[37.579191,49.98201],[37.579401,49.981789],[37.578821,49.98176814780293],[37.578821,49.981768],[37.57428,49.981596],[37.574268,49.982226],[37.577464,49.982326],[37.577539,49.982373],[37.57865,49.982408515573766],[37.57865,49.982409],[37.578759,49.982412],[37.578821,49.982355]]]}},{"type":"Feature","properties":{"cadnum":"6321885000:01:000:0624"},"geometry":{"type":"Polygon","coordinates":[[[37.58184,49.98189],[37.582119,49.981618],[37.582851,49.981246],[37.582041,49.980417],[37.58193,49.980471],[37.580718,49.980247],[37.579513,49.979912],[37.57899,49.979766],[37.579539,49.980398],[37.580194,49.980609],[37.581234,49.980943],[37.581196,49.98114],[37.581169,49.981174],[37.58184,49.98189]]]}},{"type":"Feature","properties":{"cadnum":"6321885000:01:001:0007"},"geometry":{"type":"Polygon","coordinates":[[[37.578173,49.980901],[37.577731,49.980657],[37.574471,49.979805],[37.574316,49.979764],[37.574294,49.980902],[37.57428,49.981596],[37.57865,49.98176152301256],[37.57865,49.981762],[37.579401,49.981789],[37.579792,49.981376],[37.579936,49.981207],[37.579612,49.981087],[37.579177,49.981017],[37.57865,49.980956],[37.57865,49.98095620833333],[37.578173,49.980901]]]}},{"type":"Feature","properties":{"cadnum":"6321885000:04:000:0046"},"geometry":{"type":"Polygon","coordinates":[[[37.664133,49.914609],[37.664091,49.914585],[37.664003,49.9143],[37.664366,49.913637],[37.665104,49.913287],[37.664197,49.912747],[37.661219,49.91400437777778],[37.661219,49.914004],[37.659038,49.914924],[37.659478,49.915192],[37.660383,49.915741],[37.661219,49.915489],[37.661219,49.915488110174984],[37.664133,49.914609]]]}},{"type":"Feature","properties":{"cadnum":"6321885000:04:000:0340"},"geometry":{"type":"Polygon","coordinates":[[[37.676692,49.915732],[37.676951,49.91573],[37.677231,49.915656],[37.677278,49.91565],[37.675933,49.914849],[37.674551,49.914026],[37.672967,49.913082],[37.672992,49.913159],[37.672941,49.913447],[37.672937,49.913717],[37.676191,49.915654],[37.676248,49.915654],[37.676596,49.915663],[37.676692,49.915732]]]}},{"type":"Feature","properties":{"cadnum":"6321885000:04:000:0344"},"geometry":{"type":"Polygon","coordinates":[[[37.67588,49.915655],[37.676191,49.915654],[37.672937,49.913717],[37.672933,49.914032],[37.673065,49.914603],[37.673152,49.914726],[37.673133,49.914879],[37.673205,49.915137],[37.673511,49.915341],[37.673926,49.91546],[37.674454,49.915566],[37.674673,49.915581],[37.675053,49.915614],[37.67588,49.915655]]]}},{"type":"Feature","properties":{"cadnum":"6321885000:04:000:0085"},"geometry":{"type":"Polygon","coordinates":[[[37.64457184747047,49.90043999931575],[37.644739,49.900406],[37.644739,49.90040549329759],[37.64494,49.900364],[37.645154,49.900307],[37.64472692185856,49.89991484477302],[37.644137,49.89937],[37.643827,49.899085],[37.639935,49.90089],[37.640546,49.901481],[37.641553,49.901215],[37.643446,49.900669],[37.644567,49.90044098530549],[37.644567,49.900441],[37.64457184747047,49.90043999931575]]]}},{"type":"Feature","properties":{"cadnum":"6321885000:03:000:0173"},"geometry":{"type":"Polygon","coordinates":[[[37.616089,49.960395],[37.616603,49.960074],[37.614908,49.959498],[37.615376,49.960049],[37.616089,49.960395]]]}},{"type":"Feature","properties":{"cadnum":"6321885000:02:000:0281"},"geometry":{"type":"Polygon","coordinates":[[[37.587737,49.91872],[37.5888,49.918596],[37.588922,49.918143],[37.588076,49.917007],[37.588004,49.916877],[37.587766,49.91645],[37.587333,49.916357],[37.587298,49.916369],[37.586932,49.916491],[37.587162,49.917125],[37.587508,49.918084],[37.587737,49.91872]]]}},{"type":"Feature","properties":{"cadnum":"6321885000:03:000:0168"},"geometry":{"type":"Polygon","coordinates":[[[37.609968,49.964925],[37.611234,49.96428],[37.611033,49.963992],[37.609764,49.964638],[37.609769,49.964645],[37.609968,49.964925]]]}},{"type":"Feature","properties":{"cadnum":"6321885000:02:000:0194"},"geometry":{"type":"Polygon","coordinates":[[[37.608572,49.965191],[37.608366,49.964865],[37.607097,49.965254],[37.607108,49.965273],[37.607125043478256,49.965301],[37.607124,49.965301],[37.6071769230767,49.96538623076888],[37.607192,49.965411],[37.6071923032491,49.965411],[37.607296,49.965578],[37.607298,49.965583],[37.608216,49.965301],[37.60821400000001,49.965301],[37.608572,49.965191]]]}},{"type":"Feature","properties":{"cadnum":"6321885000:03:000:0163"},"geometry":{"type":"Polygon","coordinates":[[[37.608572,49.965191],[37.607856,49.965411],[37.6078579148936,49.965411],[37.607298,49.965583],[37.607501,49.965911],[37.608524,49.965597],[37.608768,49.9655],[37.60864100000008,49.96530100000012],[37.608572,49.965191]]]}},{"type":"Feature","properties":{"cadnum":"6321885000:03:000:0165"},"geometry":{"type":"Polygon","coordinates":[[[37.607097,49.965254],[37.608366,49.964865],[37.608237,49.964664],[37.60786,49.964711],[37.606807,49.964784],[37.606923,49.96497],[37.607097,49.965254]]]}},{"type":"Feature","properties":{"cadnum":"6321885000:03:000:0160"},"geometry":{"type":"Polygon","coordinates":[[[37.607108,49.965273],[37.606657,49.965411],[37.60665880505414,49.965411],[37.606115,49.965578],[37.606115,49.96557863250366],[37.605604,49.965735],[37.605721,49.965906],[37.605862,49.966019],[37.606115,49.965941611764705],[37.606115,49.965942],[37.606281551282706,49.96589066666647],[37.606287,49.965889],[37.606287,49.9658889872989],[37.607296,49.965578],[37.6071769230767,49.96538623076888],[37.607108,49.965273]]]}},{"type":"Feature","properties":{"cadnum":"6321885000:03:000:0169"},"geometry":{"type":"Polygon","coordinates":[[[37.609764,49.964638],[37.611033,49.963992],[37.611002,49.963949],[37.610798,49.963656],[37.610251,49.964036],[37.609555,49.964344],[37.609764,49.964638]]]}},{"type":"Feature","properties":{"cadnum":"6321885000:03:000:0167"},"geometry":{"type":"Polygon","coordinates":[[[37.608596,49.965111],[37.609769,49.964645],[37.609764,49.964638],[37.609555,49.964344],[37.609064,49.964562],[37.608307,49.964655],[37.608429,49.964846],[37.608596,49.965111]]]}},{"type":"Feature","properties":{"cadnum":"6321885000:02:000:0232"},"geometry":{"type":"Polygon","coordinates":[[[37.583322,49.924825],[37.583075,49.924667],[37.582398,49.924225],[37.582102,49.924063],[37.581918,49.92395],[37.581608,49.924025],[37.581572,49.924062],[37.581519,49.924078],[37.583322,49.924825]]]}},{"type":"Feature","properties":{"cadnum":"6321885000:02:000:0260"},"geometry":{"type":"Polygon","coordinates":[[[37.574974,49.943434],[37.576417,49.942501],[37.576038,49.942359],[37.57464,49.943262],[37.574884,49.943387],[37.574974,49.943434]]]}},{"type":"Feature","properties":{"cadnum":"6321885000:02:000:0177"},"geometry":{"type":"Polygon","coordinates":[[[37.575298,49.943601],[37.576784,49.94264],[37.576417,49.942501],[37.574974,49.943434],[37.575286,49.943594],[37.575298,49.943601]]]}},{"type":"Feature","properties":{"cadnum":"6321885000:02:000:0261"},"geometry":{"type":"Polygon","coordinates":[[[37.573934,49.9429],[37.575177,49.942097],[37.575081,49.942071],[37.574772,49.941918],[37.573555,49.942706],[37.573677,49.942768],[37.573934,49.9429]]]}},{"type":"Feature","properties":{"cadnum":"6321885000:02:000:0271"},"geometry":{"type":"Polygon","coordinates":[[[37.573772,49.944105],[37.574834,49.943419],[37.574432,49.943213],[37.57337,49.943899],[37.573443,49.943937],[37.573772,49.944105]]]}},{"type":"Feature","properties":{"cadnum":"6321885000:02:000:0046"},"geometry":{"type":"Polygon","coordinates":[[[37.599193,49.92367],[37.597593,49.922992],[37.595301,49.92432217857143],[37.595301,49.924322],[37.593341,49.925459],[37.593737,49.92569],[37.594723,49.926265],[37.595301,49.92593],[37.595301,49.92592916043307],[37.599193,49.92367]]]}},{"type":"Feature","properties":{"cadnum":"6321885000:03:000:0280"},"geometry":{"type":"Polygon","coordinates":[[[37.608659,49.967628],[37.60904,49.967435],[37.609381,49.967263],[37.609837,49.967215],[37.60999,49.967184],[37.610946,49.966769],[37.610289,49.966097],[37.609475,49.966306],[37.607717,49.966665],[37.608659,49.967628]]]}},{"type":"Feature","properties":{"cadnum":"6321885000:03:000:0282"},"geometry":{"type":"Polygon","coordinates":[[[37.607392,49.968629],[37.607435,49.968595],[37.607493,49.968534],[37.607623,49.968448],[37.607659,49.968421],[37.608415,49.967751],[37.608659,49.967628],[37.607717,49.966665],[37.607506,49.966708],[37.606435,49.967212],[37.606209,49.967418],[37.607392,49.968629]]]}},{"type":"Feature","properties":{"cadnum":"6321885000:03:000:0243"},"geometry":{"type":"Polygon","coordinates":[[[37.607501,49.965911],[37.607298,49.965583],[37.607296,49.965578],[37.606281551282706,49.96589066666647],[37.605862,49.966019],[37.606115,49.96622097478992],[37.606115,49.966222],[37.606219,49.966304],[37.607501,49.965911]]]}},{"type":"Feature","properties":{"cadnum":"6321885000:04:000:0206"},"geometry":{"type":"Polygon","coordinates":[[[37.687145,49.910548],[37.687384,49.908987],[37.687172,49.908986],[37.686895,49.908984],[37.686657,49.910545],[37.686991,49.910547],[37.687145,49.910548]]]}},{"type":"Feature","properties":{"cadnum":"6321885000:04:000:0283"},"geometry":{"type":"Polygon","coordinates":[[[37.685682,49.910538],[37.685919,49.908977],[37.685486,49.908974],[37.685431,49.908974],[37.685194,49.910534],[37.685511,49.910537],[37.685682,49.910538]]]}},{"type":"Feature","properties":{"cadnum":"6321885000:04:000:0202"},"geometry":{"type":"Polygon","coordinates":[[[37.685194,49.910534],[37.685431,49.908974],[37.684943,49.90897],[37.684705,49.910531],[37.685021,49.910533],[37.685194,49.910534]]]}},{"type":"Feature","properties":{"cadnum":"6321885000:04:000:0204"},"geometry":{"type":"Polygon","coordinates":[[[37.686169,49.910541],[37.686407,49.90898],[37.686048,49.908978],[37.685919,49.908977],[37.685682,49.910538],[37.685996,49.91054],[37.686169,49.910541]]]}},{"type":"Feature","properties":{"cadnum":"6321885000:04:000:0205"},"geometry":{"type":"Polygon","coordinates":[[[37.686657,49.910545],[37.686895,49.908984],[37.68661,49.908981],[37.686407,49.90898],[37.686169,49.910541],[37.686472,49.910543],[37.686657,49.910545]]]}},{"type":"Feature","properties":{"cadnum":"6321885000:04:000:0200"},"geometry":{"type":"Polygon","coordinates":[[[37.684217,49.910527],[37.684455,49.908967],[37.684343,49.908966],[37.683988,49.908963],[37.683831,49.909837],[37.683708,49.910524],[37.684217,49.910527]]]}},{"type":"Feature","properties":{"cadnum":"6321885000:04:000:0201"},"geometry":{"type":"Polygon","coordinates":[[[37.684705,49.910531],[37.684943,49.90897],[37.684924,49.90897],[37.684455,49.908967],[37.684217,49.910527],[37.684522,49.91053],[37.684705,49.910531]]]}},{"type":"Feature","properties":{"cadnum":"6321885000:04:000:0207"},"geometry":{"type":"Polygon","coordinates":[[[37.687612,49.910551],[37.687892,49.908991],[37.687734,49.908989],[37.687384,49.908987],[37.687145,49.910548],[37.687488,49.910551],[37.687612,49.910551]]]}},{"type":"Feature","properties":{"cadnum":"6321885000:04:000:0208"},"geometry":{"type":"Polygon","coordinates":[[[37.6881,49.910555],[37.68838,49.908994],[37.688296,49.908993],[37.687892,49.908991],[37.687612,49.910551],[37.687984,49.910554],[37.6881,49.910555]]]}},{"type":"Feature","properties":{"cadnum":"6321885000:04:000:0199"},"geometry":{"type":"Polygon","coordinates":[[[37.683831,49.909837],[37.683988,49.908963],[37.683799,49.908961],[37.683388,49.908959],[37.683158,49.909832],[37.683831,49.909837]]]}},{"type":"Feature","properties":{"cadnum":"6321885000:04:000:0225"},"geometry":{"type":"Polygon","coordinates":[[[37.687204,49.912128],[37.68748,49.910595],[37.686983,49.910591],[37.686708,49.912125],[37.687204,49.912128]]]}},{"type":"Feature","properties":{"cadnum":"6321885000:04:000:0222"},"geometry":{"type":"Polygon","coordinates":[[[37.685747,49.912171],[37.685989,49.910584],[37.685505,49.910581],[37.685266,49.912145],[37.685747,49.912171]]]}},{"type":"Feature","properties":{"cadnum":"6321885000:04:000:0226"},"geometry":{"type":"Polygon","coordinates":[[[37.687701,49.912132],[37.687976,49.910599],[37.68748,49.910595],[37.687204,49.912128],[37.687701,49.912132]]]}},{"type":"Feature","properties":{"cadnum":"6321885000:04:000:0227"},"geometry":{"type":"Polygon","coordinates":[[[37.688198,49.912135],[37.688474,49.910602],[37.687976,49.910599],[37.687701,49.912132],[37.688011,49.912134],[37.688198,49.912135]]]}},{"type":"Feature","properties":{"cadnum":"6321885000:04:000:0219"},"geometry":{"type":"Polygon","coordinates":[[[37.684284,49.91209],[37.684515,49.910574],[37.6837,49.910569],[37.683686,49.910644],[37.683803,49.910646],[37.68407,49.910656],[37.683769,49.911908],[37.683818,49.912064],[37.684284,49.91209]]]}},{"type":"Feature","properties":{"cadnum":"6321885000:04:000:0220"},"geometry":{"type":"Polygon","coordinates":[[[37.684779,49.912117],[37.685014,49.910577],[37.684515,49.910574],[37.684284,49.91209],[37.684779,49.912117]]]}},{"type":"Feature","properties":{"cadnum":"6321885000:04:000:0221"},"geometry":{"type":"Polygon","coordinates":[[[37.685266,49.912145],[37.685505,49.910581],[37.685014,49.910577],[37.684779,49.912117],[37.685266,49.912145]]]}},{"type":"Feature","properties":{"cadnum":"6321885000:04:000:0223"},"geometry":{"type":"Polygon","coordinates":[[[37.68622,49.912198],[37.686232,49.912122],[37.686465,49.910588],[37.685989,49.910584],[37.685747,49.912171],[37.68622,49.912198]]]}},{"type":"Feature","properties":{"cadnum":"6321885000:04:000:0224"},"geometry":{"type":"Polygon","coordinates":[[[37.686708,49.912125],[37.686983,49.910591],[37.686465,49.910588],[37.686232,49.912122],[37.686708,49.912125]]]}},{"type":"Feature","properties":{"cadnum":"6321885000:03:000:0202"},"geometry":{"type":"Polygon","coordinates":[[[37.603723,49.94342],[37.605128,49.943122],[37.60513,49.943034],[37.605135,49.942709],[37.604026,49.943125],[37.603723,49.94342]]]}},{"type":"Feature","properties":{"cadnum":"6321885000:03:000:0201"},"geometry":{"type":"Polygon","coordinates":[[[37.603422,49.943839],[37.605122,49.943478],[37.605124,49.943341],[37.605128,49.943122],[37.603723,49.94342],[37.603685,49.943456],[37.603422,49.943839]]]}},{"type":"Feature","properties":{"cadnum":"6321885000:03:000:0196"},"geometry":{"type":"Polygon","coordinates":[[[37.601776,49.943356],[37.602341,49.942833],[37.602194,49.942751],[37.601506,49.94321],[37.601776,49.943356]]]}},{"type":"Feature","properties":{"cadnum":"6321885000:04:000:0384"},"geometry":{"type":"Polygon","coordinates":[[[37.683044,49.904368],[37.682845,49.903921],[37.682279,49.903914],[37.683044,49.904368]]]}},{"type":"Feature","properties":{"cadnum":"6321885000:04:000:0322"},"geometry":{"type":"Polygon","coordinates":[[[37.636935,49.918274],[37.637539,49.917792],[37.637862,49.917504],[37.636509,49.916714],[37.635826,49.916754],[37.635093,49.916768],[37.634804,49.916837],[37.634663,49.916948],[37.636935,49.918274]]]}},{"type":"Feature","properties":{"cadnum":"6321885000:04:000:0323"},"geometry":{"type":"Polygon","coordinates":[[[37.636149,49.918917],[37.636298,49.91878],[37.636635,49.918514],[37.636933,49.918277],[37.636935,49.918274],[37.634663,49.916948],[37.633943,49.917521],[37.633861,49.917582],[37.636149,49.918917]]]}},{"type":"Feature","properties":{"cadnum":"6321885000:02:000:0257"},"geometry":{"type":"Polygon","coordinates":[[[37.574194,49.9202],[37.574464,49.919941],[37.573568,49.91997],[37.574194,49.9202]]]}},{"type":"Feature","properties":{"cadnum":"6321885000:02:000:0264"},"geometry":{"type":"Polygon","coordinates":[[[37.577492,49.920412],[37.578108,49.919821],[37.576523,49.919873],[37.576384,49.920005],[37.577492,49.920412]]]}},{"type":"Feature","properties":{"cadnum":"6321885000:02:000:0269"},"geometry":{"type":"Polygon","coordinates":[[[37.577117,49.920773],[37.577492,49.920412],[37.576384,49.920005],[37.576009,49.920367],[37.577117,49.920773]]]}}]}